DATE,COMPOUND,BLOCK,DESCRIPTION,NAME,ALARM TYPE Type,ALARM DESC,ALM_RTN,PRIORITY,VALUE,ALARM VALUE,UNITS,LOCATION,GRP
2026-07-15 06:00:09.5,1SCRA_IDSAV,SLPDI5416A,A IDMPR SCR SA PSG TO FG DUCT DP,,LOABS,SCR A IN DMPR SEAL DP LOW (SERV),ALM,5,1.99844,2,INH2O,!hist14!CP1016,2
2026-07-15 06:01:15.0,1SCRA_IDSAV,SLPDI5416A,A IDMPR SCR SA PSG TO FG DUCT DP,,LOABS,SCR A IN DMPR SEAL DP LOW (SERV),RTN,5,2.21973,2,INH2O,!hist14!CP1016,2
2026-07-15 06:01:37.0,1SCRA_IDSAV,SLPDI5416A,A IDMPR SCR SA PSG TO FG DUCT DP,,LOABS,SCR A IN DMPR SEAL DP LOW (SERV),ALM,5,1.99883,2,INH2O,!hist14!CP1016,2
2026-07-15 06:01:49.8,1SBRS,B13,R.H. SOOT BLOWING REG FBK,,HIABS,R.H. SOOTBLOWER FB @ 90%,ALM,5,90.9531,90,PCT,!WP1002!WP1006!WP1007!WP1001!WP1003!WP1014!hist14!CP1009,1
2026-07-15 06:01:52.0,1SCRA_IDSAV,SLPDI5416A,A IDMPR SCR SA PSG TO FG DUCT DP,,LOABS,SCR A IN DMPR SEAL DP LOW (SERV),RTN,5,2.21699,2,INH2O,!hist14!CP1016,2
2026-07-15 06:02:07.0,1SCRA_IDSAV,SLPDI5416A,A IDMPR SCR SA PSG TO FG DUCT DP,,LOABS,SCR A IN DMPR SEAL DP LOW (SERV),ALM,5,1.99824,2,INH2O,!hist14!CP1016,2
2026-07-15 06:02:13.0,1SCRA_IDSAV,SLPDI5416A,A IDMPR SCR SA PSG TO FG DUCT DP,,LOABS,SCR A IN DMPR SEAL DP LOW (SERV),RTN,5,2.22324,2,INH2O,!hist14!CP1016,2
2026-07-15 06:02:19.8,PAC_PLC,ACI_FDR_A_TR,ACI FDR A AC-WIC-5007 TRBLE ALM,,CHANGE,PAC FEEDER A TROUBLE,ALM,1,,,,!WP1001!WP1002!WP1003!WP1006!WP1007!WP1014!hist14!CP1003,1
2026-07-15 06:02:26.8,PAC_PLC,ACI_FDR_A_TR,ACI FDR A AC-WIC-5007 TRBLE ALM,,CHANGE,PAC FEEDER A TROUBLE,ALM,1,,,,!WP1001!WP1002!WP1003!WP1006!WP1007!WP1014!hist14!CP1003,1
2026-07-15 06:02:29.8,PAC_PLC,ACI_FDR_A_TR,ACI FDR A AC-WIC-5007 TRBLE ALM,,CHANGE,PAC FEEDER A TROUBLE,ALM,1,,,,!WP1001!WP1002!WP1003!WP1006!WP1007!WP1014!hist14!CP1003,1
2026-07-15 06:02:39.0,1SCRA_IDSAV,SLPDI5416A,A IDMPR SCR SA PSG TO FG DUCT DP,,LOABS,SCR A IN DMPR SEAL DP LOW (SERV),ALM,5,1.9623,2,INH2O,!hist14!CP1016,2
2026-07-15 06:02:42.8,PAC_PLC,ACI_FDR_A_TR,ACI FDR A AC-WIC-5007 TRBLE ALM,,CHANGE,PAC FEEDER A TROUBLE,ALM,1,,,,!WP1001!WP1002!WP1003!WP1006!WP1007!WP1014!hist14!CP1003,1
2026-07-15 06:05:48.8,1STM_GSM_ALM,STM_ALM2,MARK VIE STEAM SEAL ALARM,,STA_5,STM SEAL DIV VLV TO CNDR OK,RTN,3,0,0,,!WP1001!WP1002!WP1003!WP1006!WP1007!WP1014!hist14!CP1011,1
2026-07-15 06:06:24.0,1MELIM,ZDS5504,WET/DRY INTFC VLV  DM DEV,,HIDEV,HIGH DEVIATION ALARM,RTN,3,54.3027,57.5,%,!hist14!CP1017,2
2026-07-15 06:06:47.6,1BCS_7,IKTE3751,REHEAT TEMP RIGHT (REDUNDANT),,HIABS,HIGH,ALM,1,1012.19,1012.18,DEG.F,!WP1002!WP1006!WP1007!WP1001!WP1003!WP1014!hist14!CP1007,1
2026-07-15 06:07:00.3,1SBRS,B13,R.H. SOOT BLOWING REG FBK,,HIABS,R.H. SOOTBLOWER FB @ 90%,RTN,5,85.957,90,PCT,!WP1002!WP1006!WP1007!WP1001!WP1003!WP1014!hist14!CP1009,1
2026-07-15 06:07:11.5,1SCR_B_NH3,NOX_ERR_HIGH,SCR B NOX ERROR   HIGH,,STATE,ALARM,ALM,1,,,,!WP1001!WP1002!WP1003!WP1006!WP1007!WP1014!hist14!CP1016,1
2026-07-15 06:07:25.0,1SCR_B_NH3,NOX_ERR_HIGH,SCR B NOX ERROR   HIGH,,STATE,NORMAL,RTN,1,,,,!WP1001!WP1002!WP1003!WP1006!WP1007!WP1014!hist14!CP1016,1
2026-07-15 06:07:55.0,1MELIM,ZDS5504,WET/DRY INTFC VLV  DM DEV,,HIDEV,HIGH DEVIATION ALARM,ALM,3,99.1563,5,%,!hist14!CP1017,2
2026-07-15 06:08:36.3,1MSPULV,PUMAC011,PULV MILL C AMPS,,HHABS,,ALM,5,188.25,140,AMPS,!WP1001!WP1002!WP1003!WP1006!WP1007!WP1014!hist14!CP1003,1
2026-07-15 06:08:37.3,1MSPULV,PUMAC011,PULV MILL C AMPS,,HHABS,,RTN,5,78.3711,140,AMPS,!WP1001!WP1002!WP1003!WP1006!WP1007!WP1014!hist14!CP1003,1
2026-07-15 06:08:45.4,1MISC,B143,AUX ATM VLV DEV ALM,,STATE,NORMAL,RTN,5,,,,!WP1001!WP1002!WP1003!WP1006!WP1007!WP1014!hist14!CP1002,1
2026-07-15 06:10:28.0,1DAS11,ISPT0201,CONDENSATE PUMP   DISCH PRS,1191,LOABS,LOW,ALM,1,419.988,420,PG,!WP1002!WP1006!WP1007!WP1001!WP1003!WP1014!hist14!CP1008,1
2026-07-15 06:10:38.8,1WB_DEV,SOFA_ANY_DEV,SOFA ANY DEVIATION,,STATE,NORMAL,RTN,5,,,,,0
2026-07-15 06:10:38.8,IDFAN_PEEC,OPCY_ALM,PRECIP OUT > 50%,PRECIP OUTLET,STATE,ALARM,ALM,3,,,,!WP1001!WP1002!WP1003!WP1006!WP1007!WP1014!hist14!CP1003,1
2026-07-15 06:10:41.0,1DAS11,ISPT0201,CONDENSATE PUMP   DISCH PRS,1191,LOABS,LOW,RTN,1,529.699,420,PG,!WP1002!WP1006!WP1007!WP1001!WP1003!WP1014!hist14!CP1008,1
2026-07-15 06:10:42.8,IDFAN_PEEC,OPCY_ALM,PRECIP OUT > 50%,PRECIP OUTLET,STATE,NORMAL,RTN,3,,,,!WP1001!WP1002!WP1003!WP1006!WP1007!WP1014!hist14!CP1003,1
2026-07-15 06:11:58.5,1SCRA_IDSAV,SLPDI5416A,A IDMPR SCR SA PSG TO FG DUCT DP,,LOABS,SCR A IN DMPR SEAL DP LOW (SERV),RTN,5,2.2043,2,INH2O,!hist14!CP1016,2
2026-07-15 06:11:59.6,1BCS_7,IKTE3751,REHEAT TEMP RIGHT (REDUNDANT),,HIABS,HIGH,RTN,1,1007.17,1012.18,DEG.F,!WP1002!WP1006!WP1007!WP1001!WP1003!WP1014!hist14!CP1007,1
2026-07-15 06:12:14.2,1BWCP_PURGE,OUTLET_TEMP,BWCP PURGE COOLER OUTLET TEMP,,HIABS,,ALM,2,105.006,105,DEGF,!WP1001!WP1002!WP1003!WP1006!WP1007!WP1014!hist14!CP1005,1
2026-07-15 06:12:17.3,1MSPULV,PUMAH011,PULV MILL H AMPS,,HHABS,,ALM,5,187.535,140,AMPS,!WP1001!WP1002!WP1003!WP1006!WP1007!WP1014!hist14!CP1003,1
2026-07-15 06:12:18.3,1MSPULV,PUMAH011,PULV MILL H AMPS,,HHABS,,RTN,5,81.4258,140,AMPS,!WP1001!WP1002!WP1003!WP1006!WP1007!WP1014!hist14!CP1003,1
2026-07-15 06:12:39.0,1SCRA_IDSAV,SLPDI5416A,A IDMPR SCR SA PSG TO FG DUCT DP,,LOABS,SCR A IN DMPR SEAL DP LOW (SERV),ALM,5,1.99844,2,INH2O,!hist14!CP1016,2
2026-07-15 06:13:17.0,1MISC,B143,AUX ATM VLV DEV ALM,,STATE,DEVIATION,ALM,5,,,,!WP1001!WP1002!WP1003!WP1006!WP1007!WP1014!hist14!CP1002,1
2026-07-15 06:14:04.3,IDFAN_PEEC,OPCY_ALM,PRECIP OUT > 50%,PRECIP OUTLET,STATE,ALARM,ALM,3,,,,!WP1001!WP1002!WP1003!WP1006!WP1007!WP1014!hist14!CP1003,1
2026-07-15 06:14:06.8,1WB_DEV,SOFA_ANY_DEV,SOFA ANY DEVIATION,,STATE,DEVIATION,ALM,5,,,,,0
2026-07-15 06:14:07.8,IDFAN_PEEC,OPCY_ALM,PRECIP OUT > 50%,PRECIP OUTLET,STATE,NORMAL,RTN,3,,,,!WP1001!WP1002!WP1003!WP1006!WP1007!WP1014!hist14!CP1003,1
2026-07-15 06:17:01.3,IDFAN_PEEC,OPCY_ALM,PRECIP OUT > 50%,PRECIP OUTLET,STATE,ALARM,ALM,3,,,,!WP1001!WP1002!WP1003!WP1006!WP1007!WP1014!hist14!CP1003,1
2026-07-15 06:17:09.3,IDFAN_PEEC,OPCY_ALM,PRECIP OUT > 50%,PRECIP OUTLET,STATE,NORMAL,RTN,3,,,,!WP1001!WP1002!WP1003!WP1006!WP1007!WP1014!hist14!CP1003,1
2026-07-15 06:18:16.0,1DAS11,IAAH3281,COND PUMP DISCH   SILICA,1233,HIABS,HIGH,ALM,1,10.7031,10,ppb,!WP1002!WP1006!WP1007!WP1001!WP1003!WP1014!hist14!CP1008,1
2026-07-15 06:19:21.1,1DAS9,ISFS9221,BWCP C COOL WATER FLOW,2090,STATE,NML,RTN,3,,,,!WP1002!WP1006!WP1007!WP1001!WP1003!WP1014!hist14!CP1007,1
2026-07-15 06:19:27.3,1MSBWC,BWCSC011,BWCP C AMPS,,LOABS,LOW,ALM,5,-0.00585938,0,AMPS,!WP1001!WP1002!WP1003!WP1006!WP1007!WP1014!hist14!CP1003,1
2026-07-15 06:19:40.5,1SCRA_IDSAV,SLPDI5416A,A IDMPR SCR SA PSG TO FG DUCT DP,,LOABS,SCR A IN DMPR SEAL DP LOW (SERV),RTN,5,2.21699,2,INH2O,!hist14!CP1016,2
2026-07-15 06:19:54.5,1SCRA_IDSAV,SLPDI5416A,A IDMPR SCR SA PSG TO FG DUCT DP,,LOABS,SCR A IN DMPR SEAL DP LOW (SERV),ALM,5,1.96563,2,INH2O,!hist14!CP1016,2
2026-07-15 06:21:23.9,1MELIM,ZDS5504,WET/DRY INTFC VLV  DM DEV,,HIDEV,HIGH DEVIATION ALARM,RTN,3,54.2051,57.5,%,!hist14!CP1017,2
2026-07-15 06:22:54.9,1MELIM,ZDS5504,WET/DRY INTFC VLV  DM DEV,,HIDEV,HIGH DEVIATION ALARM,ALM,3,99.0879,5,%,!hist14!CP1017,2
2026-07-15 06:24:34.0,1DAS11,IVVH0031,BFP A INB BRG  X  VIB,1725,HIABS,HIGH,ALM,1,2.33269,2,MILS,!WP1002!WP1006!WP1007!WP1001!WP1003!WP1014!hist14!CP1008,1
2026-07-15 06:24:38.0,1DAS11,IVVH0031,BFP A INB BRG  X  VIB,1725,HIABS,HIGH,RTN,1,1.67275,2,MILS,!WP1002!WP1006!WP1007!WP1001!WP1003!WP1014!hist14!CP1008,1
2026-07-15 06:24:58.0,1DAS11,IVVH0031,BFP A INB BRG  X  VIB,1725,HIABS,HIGH,ALM,1,2.0752,2,MILS,!WP1002!WP1006!WP1007!WP1001!WP1003!WP1014!hist14!CP1008,1
2026-07-15 06:25:00.3,1SBRS,B13,R.H. SOOT BLOWING REG FBK,,HIABS,R.H. SOOTBLOWER FB @ 90%,ALM,5,90.0176,90,PCT,!WP1002!WP1006!WP1007!WP1001!WP1003!WP1014!hist14!CP1009,1
2026-07-15 06:25:02.0,1DAS11,IVVH0031,BFP A INB BRG  X  VIB,1725,HIABS,HIGH,RTN,1,1.6861,2,MILS,!WP1002!WP1006!WP1007!WP1001!WP1003!WP1014!hist14!CP1008,1
2026-07-15 06:25:14.9,1DAS10,IACE3211,COND MAKE-UP SPEC CNDCT,,HIABS,HIGH,ALM,1,0.300059,0.3,US/CM,!WP1002!WP1006!WP1007!WP1001!WP1003!WP1014!hist14!CP1008,1
2026-07-15 06:25:54.0,1DAS11,IVVH0021,BFP A OUTB BRG     Y  VIB,1724,HIABS,HIGH,ALM,1,2.10571,2,MILS,!WP1002!WP1006!WP1007!WP1001!WP1003!WP1014!hist14!CP1008,1
2026-07-15 06:25:58.0,1DAS11,IVVH0021,BFP A OUTB BRG     Y  VIB,1724,HIABS,HIGH,RTN,1,1.61934,2,MILS,!WP1002!WP1006!WP1007!WP1001!WP1003!WP1014!hist14!CP1008,1
2026-07-15 06:26:10.8,1SBRS,B13,R.H. SOOT BLOWING REG FBK,,HIABS,R.H. SOOTBLOWER FB @ 90%,RTN,5,89.9531,90,PCT,!WP1002!WP1006!WP1007!WP1001!WP1003!WP1014!hist14!CP1009,1
2026-07-15 06:26:12.0,1DAS11,IVVH0031,BFP A INB BRG  X  VIB,1725,HIABS,HIGH,ALM,1,2.00272,2,MILS,!WP1002!WP1006!WP1007!WP1001!WP1003!WP1014!hist14!CP1008,1
2026-07-15 06:26:20.0,1DAS11,IVVH0031,BFP A INB BRG  X  VIB,1725,HIABS,HIGH,RTN,1,1.60599,2,MILS,!WP1002!WP1006!WP1007!WP1001!WP1003!WP1014!hist14!CP1008,1
2026-07-15 06:26:26.0,1DAS11,IVVH0021,BFP A OUTB BRG     Y  VIB,1724,HIABS,HIGH,ALM,1,2.0752,2,MILS,!WP1002!WP1006!WP1007!WP1001!WP1003!WP1014!hist14!CP1008,1
2026-07-15 06:26:32.0,1DAS11,IVVH0021,BFP A OUTB BRG     Y  VIB,1724,HIABS,HIGH,RTN,1,1.6613,2,MILS,!WP1002!WP1006!WP1007!WP1001!WP1003!WP1014!hist14!CP1008,1
2026-07-15 06:26:34.0,1DAS11,IVVH0021,BFP A OUTB BRG     Y  VIB,1724,HIABS,HIGH,ALM,1,2.17629,2,MILS,!WP1002!WP1006!WP1007!WP1001!WP1003!WP1014!hist14!CP1008,1
2026-07-15 06:26:40.4,1MELIM,SEQ3_ALMS,MIST ELIM VALVE FAIL ALARMS,ARXV5622J,STA_3,ARXV5622J FAILURE,ALM,1,16.1374,0,,!WP1001!WP1002!WP1003!WP1006!WP1007!WP1014!hist14!CP1017,1
2026-07-15 06:26:40.0,1DAS11,IVVH0031,BFP A INB BRG  X  VIB,1725,HIABS,HIGH,ALM,1,2.14577,2,MILS,!WP1002!WP1006!WP1007!WP1001!WP1003!WP1014!hist14!CP1008,1
2026-07-15 06:26:44.0,1DAS11,IVVH0031,BFP A INB BRG  X  VIB,1725,HIABS,HIGH,RTN,1,1.59645,2,MILS,!WP1002!WP1006!WP1007!WP1001!WP1003!WP1014!hist14!CP1008,1
2026-07-15 06:26:56.0,1DAS11,IVVH0021,BFP A OUTB BRG     Y  VIB,1724,HIABS,HIGH,RTN,1,1.6613,2,MILS,!WP1002!WP1006!WP1007!WP1001!WP1003!WP1014!hist14!CP1008,1
2026-07-15 06:27:06.0,1DAS11,IVVH0021,BFP A OUTB BRG     Y  VIB,1724,HIABS,HIGH,ALM,1,2.09999,2,MILS,!WP1002!WP1006!WP1007!WP1001!WP1003!WP1014!hist14!CP1008,1
2026-07-15 06:27:12.0,1DAS11,IVVH0021,BFP A OUTB BRG     Y  VIB,1724,HIABS,HIGH,RTN,1,1.72043,2,MILS,!WP1002!WP1006!WP1007!WP1001!WP1003!WP1014!hist14!CP1008,1
2026-07-15 06:27:14.0,1DAS11,IVVH0021,BFP A OUTB BRG     Y  VIB,1724,HIABS,HIGH,ALM,1,2.01607,2,MILS,!WP1002!WP1006!WP1007!WP1001!WP1003!WP1014!hist14!CP1008,1
2026-07-15 06:27:25.4,1MELIM,SEQ3_ALMS,MIST ELIM VALVE FAIL ALARMS,ARXV5622J,STA_3,VLV FAILURE CLEAR,RTN,1,16.7371,0,,!WP1001!WP1002!WP1003!WP1006!WP1007!WP1014!hist14!CP1017,1
2026-07-15 06:27:28.0,1MKVIE_ALM2,B1A,MARK VIE A BFPT GENERAL ALARM,,STATE,ALARM,ALM,1,,,,!WP1001!WP1002!WP1003!WP1006!WP1007!WP1014!hist14!CP1002,1
2026-07-15 06:27:28.0,1MKVIE_ALM2,B2A,MARK VIE B BFPT GENERAL ALARM,,STATE,ALARM,ALM,1,,,,!WP1001!WP1002!WP1003!WP1006!WP1007!WP1014!hist14!CP1002,1
2026-07-15 06:27:30.3,1BFA_GSM_ALM,BFA_ALM12,MARK VIE A BFPT ALARM,,STA_4,BENTLY VIBRATION ALARM,ALM,1,0,0,,!WP1001!WP1002!WP1003!WP1006!WP1007!WP1014!hist14!CP1011,1
2026-07-15 06:27:30.3,1BFB_GSM_ALM,BFB_ALM12,MARK VIE B BFPT ALARM,,STA_4,BENTLY VIBRATION ALARM,ALM,1,0,0,,!WP1001!WP1002!WP1003!WP1006!WP1007!WP1014!hist14!CP1011,1
2026-07-15 06:27:34.3,1BFA_GSM_ALM,BFA_ALM12,MARK VIE A BFPT ALARM,,STA_4,BENTLY VIBRATION OK,RTN,1,0,0,,!WP1001!WP1002!WP1003!WP1006!WP1007!WP1014!hist14!CP1011,1
2026-07-15 06:27:34.3,1BFB_GSM_ALM,BFB_ALM12,MARK VIE B BFPT ALARM,,STA_4,BENTLY VIBRATION OK,RTN,1,0,0,,!WP1001!WP1002!WP1003!WP1006!WP1007!WP1014!hist14!CP1011,1
2026-07-15 06:27:38.8,1BFA_GSM_ALM,BFA_ALM12,MARK VIE A BFPT ALARM,,STA_4,BENTLY VIBRATION ALARM,ALM,1,0,0,,!WP1001!WP1002!WP1003!WP1006!WP1007!WP1014!hist14!CP1011,1
2026-07-15 06:27:38.8,1BFB_GSM_ALM,BFB_ALM12,MARK VIE B BFPT ALARM,,STA_4,BENTLY VIBRATION ALARM,ALM,1,0,0,,!WP1001!WP1002!WP1003!WP1006!WP1007!WP1014!hist14!CP1011,1
2026-07-15 06:27:50.8,1BFA_GSM_ALM,BFA_ALM12,MARK VIE A BFPT ALARM,,STA_4,BENTLY VIBRATION OK,RTN,1,0,0,,!WP1001!WP1002!WP1003!WP1006!WP1007!WP1014!hist14!CP1011,1
2026-07-15 06:27:50.8,1BFB_GSM_ALM,BFB_ALM12,MARK VIE B BFPT ALARM,,STA_4,BENTLY VIBRATION OK,RTN,1,0,0,,!WP1001!WP1002!WP1003!WP1006!WP1007!WP1014!hist14!CP1011,1
2026-07-15 06:27:50.0,1DAS11,IVVH0021,BFP A OUTB BRG     Y  VIB,1724,HIABS,HIGH,RTN,1,1.43242,2,MILS,!WP1002!WP1006!WP1007!WP1001!WP1003!WP1014!hist14!CP1008,1
2026-07-15 06:27:54.0,1DAS11,IVVH0021,BFP A OUTB BRG     Y  VIB,1724,HIABS,HIGH,ALM,1,2.0504,2,MILS,!WP1002!WP1006!WP1007!WP1001!WP1003!WP1014!hist14!CP1008,1
2026-07-15 06:27:56.0,1DAS11,IVVH0031,BFP A INB BRG  X  VIB,1725,HIABS,HIGH,ALM,1,2.07901,2,MILS,!WP1002!WP1006!WP1007!WP1001!WP1003!WP1014!hist14!CP1008,1
2026-07-15 06:28:00.0,1DAS11,IVVH0021,BFP A OUTB BRG     Y  VIB,1724,HIABS,HIGH,RTN,1,1.40572,2,MILS,!WP1002!WP1006!WP1007!WP1001!WP1003!WP1014!hist14!CP1008,1
2026-07-15 06:28:02.0,1DAS11,IVVH0031,BFP A INB BRG  X  VIB,1725,HIABS,HIGH,RTN,1,1.5831,2,MILS,!WP1002!WP1006!WP1007!WP1001!WP1003!WP1014!hist14!CP1008,1
2026-07-15 06:28:10.0,1DAS11,IVVH0021,BFP A OUTB BRG     Y  VIB,1724,HIABS,HIGH,ALM,1,2.17247,2,MILS,!WP1002!WP1006!WP1007!WP1001!WP1003!WP1014!hist14!CP1008,1
2026-07-15 06:28:11.0,1DAS11,IAAH3281,COND PUMP DISCH   SILICA,1233,HIABS,HIGH,RTN,1,6.57227,10,ppb,!WP1002!WP1006!WP1007!WP1001!WP1003!WP1014!hist14!CP1008,1
2026-07-15 06:28:16.8,1BFA_GSM_ALM,BFA_ALM12,MARK VIE A BFPT ALARM,,STA_4,BENTLY VIBRATION ALARM,ALM,1,0,0,,!WP1001!WP1002!WP1003!WP1006!WP1007!WP1014!hist14!CP1011,1
2026-07-15 06:28:16.8,1BFB_GSM_ALM,BFB_ALM12,MARK VIE B BFPT ALARM,,STA_4,BENTLY VIBRATION ALARM,ALM,1,0,0,,!WP1001!WP1002!WP1003!WP1006!WP1007!WP1014!hist14!CP1011,1
2026-07-15 06:28:24.3,1BFA_GSM_ALM,BFA_ALM12,MARK VIE A BFPT ALARM,,STA_4,BENTLY VIBRATION OK,RTN,1,0,0,,!WP1001!WP1002!WP1003!WP1006!WP1007!WP1014!hist14!CP1011,1
2026-07-15 06:28:24.3,1BFB_GSM_ALM,BFB_ALM12,MARK VIE B BFPT ALARM,,STA_4,BENTLY VIBRATION OK,RTN,1,0,0,,!WP1001!WP1002!WP1003!WP1006!WP1007!WP1014!hist14!CP1011,1
2026-07-15 06:28:26.0,1DAS11,IVVH0021,BFP A OUTB BRG     Y  VIB,1724,HIABS,HIGH,RTN,1,1.41525,2,MILS,!WP1002!WP1006!WP1007!WP1001!WP1003!WP1014!hist14!CP1008,1
2026-07-15 06:28:28.0,1MKVIE_ALM2,B1A,MARK VIE A BFPT GENERAL ALARM,,STATE,NORMAL,RTN,1,,,,!WP1001!WP1002!WP1003!WP1006!WP1007!WP1014!hist14!CP1002,1
2026-07-15 06:28:28.0,1MKVIE_ALM2,B2A,MARK VIE B BFPT GENERAL ALARM,,STATE,NORMAL,RTN,1,,,,!WP1001!WP1002!WP1003!WP1006!WP1007!WP1014!hist14!CP1002,1
2026-07-15 06:28:32.0,1DAS11,IVVH0021,BFP A OUTB BRG     Y  VIB,1724,HIABS,HIGH,ALM,1,2.06375,2,MILS,!WP1002!WP1006!WP1007!WP1001!WP1003!WP1014!hist14!CP1008,1
2026-07-15 06:28:34.0,1DAS11,IVVH0021,BFP A OUTB BRG     Y  VIB,1724,HIABS,HIGH,RTN,1,1.66321,2,MILS,!WP1002!WP1006!WP1007!WP1001!WP1003!WP1014!hist14!CP1008,1
2026-07-15 06:28:38.0,1DAS11,IVVH0021,BFP A OUTB BRG     Y  VIB,1724,HIABS,HIGH,ALM,1,2.15149,2,MILS,!WP1002!WP1006!WP1007!WP1001!WP1003!WP1014!hist14!CP1008,1
2026-07-15 06:28:48.0,1DAS11,IVVH0031,BFP A INB BRG  X  VIB,1725,HIABS,HIGH,ALM,1,2.11716,2,MILS,!WP1002!WP1006!WP1007!WP1001!WP1003!WP1014!hist14!CP1008,1
2026-07-15 06:28:57.0,1MKVIE_ALM2,B1A,MARK VIE A BFPT GENERAL ALARM,,STATE,ALARM,ALM,1,,,,!WP1001!WP1002!WP1003!WP1006!WP1007!WP1014!hist14!CP1002,1
2026-07-15 06:28:57.0,1MKVIE_ALM2,B2A,MARK VIE B BFPT GENERAL ALARM,,STATE,ALARM,ALM,1,,,,!WP1001!WP1002!WP1003!WP1006!WP1007!WP1014!hist14!CP1002,1
2026-07-15 06:28:58.8,1BFA_GSM_ALM,BFA_ALM12,MARK VIE A BFPT ALARM,,STA_4,BENTLY VIBRATION ALARM,ALM,1,0,0,,!WP1001!WP1002!WP1003!WP1006!WP1007!WP1014!hist14!CP1011,1
2026-07-15 06:28:58.8,1BFB_GSM_ALM,BFB_ALM12,MARK VIE B BFPT ALARM,,STA_4,BENTLY VIBRATION ALARM,ALM,1,0,0,,!WP1001!WP1002!WP1003!WP1006!WP1007!WP1014!hist14!CP1011,1
2026-07-15 06:29:04.8,1BFA_GSM_ALM,BFA_ALM12,MARK VIE A BFPT ALARM,,STA_4,BENTLY VIBRATION OK,RTN,1,0,0,,!WP1001!WP1002!WP1003!WP1006!WP1007!WP1014!hist14!CP1011,1
2026-07-15 06:29:04.8,1BFB_GSM_ALM,BFB_ALM12,MARK VIE B BFPT ALARM,,STA_4,BENTLY VIBRATION OK,RTN,1,0,0,,!WP1001!WP1002!WP1003!WP1006!WP1007!WP1014!hist14!CP1011,1
2026-07-15 06:29:08.0,1DAS11,IVVH0031,BFP A INB BRG  X  VIB,1725,HIABS,HIGH,RTN,1,1.61171,2,MILS,!WP1002!WP1006!WP1007!WP1001!WP1003!WP1014!hist14!CP1008,1
2026-07-15 06:29:22.8,1BFA_GSM_ALM,BFA_ALM12,MARK VIE A BFPT ALARM,,STA_4,BENTLY VIBRATION ALARM,ALM,1,0,0,,!WP1001!WP1002!WP1003!WP1006!WP1007!WP1014!hist14!CP1011,1
2026-07-15 06:29:22.8,1BFB_GSM_ALM,BFB_ALM12,MARK VIE B BFPT ALARM,,STA_4,BENTLY VIBRATION ALARM,ALM,1,0,0,,!WP1001!WP1002!WP1003!WP1006!WP1007!WP1014!hist14!CP1011,1
2026-07-15 06:29:24.0,1DAS11,IVVH0031,BFP A INB BRG  X  VIB,1725,HIABS,HIGH,ALM,1,2.13432,2,MILS,!WP1002!WP1006!WP1007!WP1001!WP1003!WP1014!hist14!CP1008,1
2026-07-15 06:29:26.8,1BFA_GSM_ALM,BFA_ALM12,MARK VIE A BFPT ALARM,,STA_4,BENTLY VIBRATION OK,RTN,1,0,0,,!WP1001!WP1002!WP1003!WP1006!WP1007!WP1014!hist14!CP1011,1
2026-07-15 06:29:26.8,1BFB_GSM_ALM,BFB_ALM12,MARK VIE B BFPT ALARM,,STA_4,BENTLY VIBRATION OK,RTN,1,0,0,,!WP1001!WP1002!WP1003!WP1006!WP1007!WP1014!hist14!CP1011,1
2026-07-15 06:29:28.0,1DAS11,IVVH0021,BFP A OUTB BRG     Y  VIB,1724,HIABS,HIGH,RTN,1,1.48201,2,MILS,!WP1002!WP1006!WP1007!WP1001!WP1003!WP1014!hist14!CP1008,1
2026-07-15 06:29:28.0,1DAS11,IVVH0031,BFP A INB BRG  X  VIB,1725,HIABS,HIGH,RTN,1,1.70708,2,MILS,!WP1002!WP1006!WP1007!WP1001!WP1003!WP1014!hist14!CP1008,1
2026-07-15 06:29:30.0,1DAS11,IVVH0021,BFP A OUTB BRG     Y  VIB,1724,HIABS,HIGH,ALM,1,2.29263,2,MILS,!WP1002!WP1006!WP1007!WP1001!WP1003!WP1014!hist14!CP1008,1
2026-07-15 06:29:30.0,1DAS11,IVVH0031,BFP A INB BRG  X  VIB,1725,HIABS,HIGH,ALM,1,2.11716,2,MILS,!WP1002!WP1006!WP1007!WP1001!WP1003!WP1014!hist14!CP1008,1
2026-07-15 06:29:32.8,1BFA_GSM_ALM,BFA_ALM12,MARK VIE A BFPT ALARM,,STA_4,BENTLY VIBRATION ALARM,ALM,1,0,0,,!WP1001!WP1002!WP1003!WP1006!WP1007!WP1014!hist14!CP1011,1
2026-07-15 06:29:32.8,1BFB_GSM_ALM,BFB_ALM12,MARK VIE B BFPT ALARM,,STA_4,BENTLY VIBRATION ALARM,ALM,1,0,0,,!WP1001!WP1002!WP1003!WP1006!WP1007!WP1014!hist14!CP1011,1
2026-07-15 06:29:40.0,1DAS11,IVVH0031,BFP A INB BRG  X  VIB,1725,HIABS,HIGH,RTN,1,1.64032,2,MILS,!WP1002!WP1006!WP1007!WP1001!WP1003!WP1014!hist14!CP1008,1
2026-07-15 06:29:52.0,1DAS11,IVVH0031,BFP A INB BRG  X  VIB,1725,HIABS,HIGH,ALM,1,2.05612,2,MILS,!WP1002!WP1006!WP1007!WP1001!WP1003!WP1014!hist14!CP1008,1
2026-07-15 06:29:57.0,1MKVIE_ALM2,B1A,MARK VIE A BFPT GENERAL ALARM,,STATE,NORMAL,RTN,1,,,,!WP1001!WP1002!WP1003!WP1006!WP1007!WP1014!hist14!CP1002,1
2026-07-15 06:29:57.0,1MKVIE_ALM2,B2A,MARK VIE B BFPT GENERAL ALARM,,STATE,NORMAL,RTN,1,,,,!WP1001!WP1002!WP1003!WP1006!WP1007!WP1014!hist14!CP1002,1
2026-07-15 06:30:08.8,1BFA_GSM_ALM,BFA_ALM12,MARK VIE A BFPT ALARM,,STA_4,BENTLY VIBRATION OK,RTN,1,0,0,,!WP1001!WP1002!WP1003!WP1006!WP1007!WP1014!hist14!CP1011,1
2026-07-15 06:30:08.8,1BFB_GSM_ALM,BFB_ALM12,MARK VIE B BFPT ALARM,,STA_4,BENTLY VIBRATION OK,RTN,1,0,0,,!WP1001!WP1002!WP1003!WP1006!WP1007!WP1014!hist14!CP1011,1
2026-07-15 06:30:11.4,1MKVIE_ALM2,B1A,MARK VIE A BFPT GENERAL ALARM,,STATE,ALARM,ALM,1,,,,!WP1001!WP1002!WP1003!WP1006!WP1007!WP1014!hist14!CP1002,1
2026-07-15 06:30:11.4,1MKVIE_ALM2,B2A,MARK VIE B BFPT GENERAL ALARM,,STATE,ALARM,ALM,1,,,,!WP1001!WP1002!WP1003!WP1006!WP1007!WP1014!hist14!CP1002,1
2026-07-15 06:30:12.8,1BFA_GSM_ALM,BFA_ALM12,MARK VIE A BFPT ALARM,,STA_4,BENTLY VIBRATION ALARM,ALM,1,0,0,,!WP1001!WP1002!WP1003!WP1006!WP1007!WP1014!hist14!CP1011,1
2026-07-15 06:30:12.8,1BFB_GSM_ALM,BFB_ALM12,MARK VIE B BFPT ALARM,,STA_4,BENTLY VIBRATION ALARM,ALM,1,0,0,,!WP1001!WP1002!WP1003!WP1006!WP1007!WP1014!hist14!CP1011,1
2026-07-15 06:30:12.0,1DAS11,IVVH0031,BFP A INB BRG  X  VIB,1725,HIABS,HIGH,RTN,1,1.67084,2,MILS,!WP1002!WP1006!WP1007!WP1001!WP1003!WP1014!hist14!CP1008,1
2026-07-15 06:30:14.8,1BFA_GSM_ALM,BFA_ALM12,MARK VIE A BFPT ALARM,,STA_4,BENTLY VIBRATION OK,RTN,1,0,0,,!WP1001!WP1002!WP1003!WP1006!WP1007!WP1014!hist14!CP1011,1
2026-07-15 06:30:14.8,1BFB_GSM_ALM,BFB_ALM12,MARK VIE B BFPT ALARM,,STA_4,BENTLY VIBRATION OK,RTN,1,0,0,,!WP1001!WP1002!WP1003!WP1006!WP1007!WP1014!hist14!CP1011,1
2026-07-15 06:30:14.0,1DAS11,IVVH0021,BFP A OUTB BRG     Y  VIB,1724,HIABS,HIGH,RTN,1,1.37138,2,MILS,!WP1002!WP1006!WP1007!WP1001!WP1003!WP1014!hist14!CP1008,1
2026-07-15 06:30:16.0,1DAS11,IVVH0021,BFP A OUTB BRG     Y  VIB,1724,HIABS,HIGH,ALM,1,2.08855,2,MILS,!WP1002!WP1006!WP1007!WP1001!WP1003!WP1014!hist14!CP1008,1
2026-07-15 06:30:26.8,1BFA_GSM_ALM,BFA_ALM12,MARK VIE A BFPT ALARM,,STA_4,BENTLY VIBRATION ALARM,ALM,1,0,0,,!WP1001!WP1002!WP1003!WP1006!WP1007!WP1014!hist14!CP1011,1
2026-07-15 06:30:26.8,1BFB_GSM_ALM,BFB_ALM12,MARK VIE B BFPT ALARM,,STA_4,BENTLY VIBRATION ALARM,ALM,1,0,0,,!WP1001!WP1002!WP1003!WP1006!WP1007!WP1014!hist14!CP1011,1
2026-07-15 06:30:30.0,1DAS11,IVVH0031,BFP A INB BRG  X  VIB,1725,HIABS,HIGH,ALM,1,2.01035,2,MILS,!WP1002!WP1006!WP1007!WP1001!WP1003!WP1014!hist14!CP1008,1
2026-07-15 06:30:54.0,1DAS11,IVVH0031,BFP A INB BRG  X  VIB,1725,HIABS,HIGH,RTN,1,1.63269,2,MILS,!WP1002!WP1006!WP1007!WP1001!WP1003!WP1014!hist14!CP1008,1
2026-07-15 06:31:04.0,1DAS11,IVVH0031,BFP A INB BRG  X  VIB,1725,HIABS,HIGH,ALM,1,2.04468,2,MILS,!WP1002!WP1006!WP1007!WP1001!WP1003!WP1014!hist14!CP1008,1
2026-07-15 06:31:11.4,1MKVIE_ALM2,B1A,MARK VIE A BFPT GENERAL ALARM,,STATE,NORMAL,RTN,1,,,,!WP1001!WP1002!WP1003!WP1006!WP1007!WP1014!hist14!CP1002,1
2026-07-15 06:31:11.4,1MKVIE_ALM2,B2A,MARK VIE B BFPT GENERAL ALARM,,STATE,NORMAL,RTN,1,,,,!WP1001!WP1002!WP1003!WP1006!WP1007!WP1014!hist14!CP1002,1
2026-07-15 06:31:12.8,1BFA_GSM_ALM,BFA_ALM12,MARK VIE A BFPT ALARM,,STA_4,BENTLY VIBRATION OK,RTN,1,0,0,,!WP1001!WP1002!WP1003!WP1006!WP1007!WP1014!hist14!CP1011,1
2026-07-15 06:31:12.8,1BFB_GSM_ALM,BFB_ALM12,MARK VIE B BFPT ALARM,,STA_4,BENTLY VIBRATION OK,RTN,1,0,0,,!WP1001!WP1002!WP1003!WP1006!WP1007!WP1014!hist14!CP1011,1
2026-07-15 06:31:14.0,1DAS11,IVVH0031,BFP A INB BRG  X  VIB,1725,HIABS,HIGH,RTN,1,1.74141,2,MILS,!WP1002!WP1006!WP1007!WP1001!WP1003!WP1014!hist14!CP1008,1
2026-07-15 06:31:15.4,1MKVIE_ALM2,B1A,MARK VIE A BFPT GENERAL ALARM,,STATE,ALARM,ALM,1,,,,!WP1001!WP1002!WP1003!WP1006!WP1007!WP1014!hist14!CP1002,1
2026-07-15 06:31:15.4,1MKVIE_ALM2,B2A,MARK VIE B BFPT GENERAL ALARM,,STATE,ALARM,ALM,1,,,,!WP1001!WP1002!WP1003!WP1006!WP1007!WP1014!hist14!CP1002,1
2026-07-15 06:31:16.8,1BFA_GSM_ALM,BFA_ALM12,MARK VIE A BFPT ALARM,,STA_4,BENTLY VIBRATION ALARM,ALM,1,0,0,,!WP1001!WP1002!WP1003!WP1006!WP1007!WP1014!hist14!CP1011,1
2026-07-15 06:31:16.8,1BFB_GSM_ALM,BFB_ALM12,MARK VIE B BFPT ALARM,,STA_4,BENTLY VIBRATION ALARM,ALM,1,0,0,,!WP1001!WP1002!WP1003!WP1006!WP1007!WP1014!hist14!CP1011,1
2026-07-15 06:31:18.0,1DAS11,IVVH0031,BFP A INB BRG  X  VIB,1725,HIABS,HIGH,ALM,1,2.2831,2,MILS,!WP1002!WP1006!WP1007!WP1001!WP1003!WP1014!hist14!CP1008,1
2026-07-15 06:31:20.8,1BFA_GSM_ALM,BFA_ALM12,MARK VIE A BFPT ALARM,,STA_4,BENTLY VIBRATION OK,RTN,1,0,0,,!WP1001!WP1002!WP1003!WP1006!WP1007!WP1014!hist14!CP1011,1
2026-07-15 06:31:20.8,1BFB_GSM_ALM,BFB_ALM12,MARK VIE B BFPT ALARM,,STA_4,BENTLY VIBRATION OK,RTN,1,0,0,,!WP1001!WP1002!WP1003!WP1006!WP1007!WP1014!hist14!CP1011,1
2026-07-15 06:31:24.3,1BFA_GSM_ALM,BFA_ALM12,MARK VIE A BFPT ALARM,,STA_4,BENTLY VIBRATION ALARM,ALM,1,0,0,,!WP1001!WP1002!WP1003!WP1006!WP1007!WP1014!hist14!CP1011,1
2026-07-15 06:31:24.3,1BFB_GSM_ALM,BFB_ALM12,MARK VIE B BFPT ALARM,,STA_4,BENTLY VIBRATION ALARM,ALM,1,0,0,,!WP1001!WP1002!WP1003!WP1006!WP1007!WP1014!hist14!CP1011,1
2026-07-15 06:31:38.8,1BFA_GSM_ALM,BFA_ALM12,MARK VIE A BFPT ALARM,,STA_4,BENTLY VIBRATION OK,RTN,1,0,0,,!WP1001!WP1002!WP1003!WP1006!WP1007!WP1014!hist14!CP1011,1
2026-07-15 06:31:38.8,1BFB_GSM_ALM,BFB_ALM12,MARK VIE B BFPT ALARM,,STA_4,BENTLY VIBRATION OK,RTN,1,0,0,,!WP1001!WP1002!WP1003!WP1006!WP1007!WP1014!hist14!CP1011,1
2026-07-15 06:31:40.0,1DAS11,IVVH0021,BFP A OUTB BRG     Y  VIB,1724,HIABS,HIGH,RTN,1,1.33896,2,MILS,!WP1002!WP1006!WP1007!WP1001!WP1003!WP1014!hist14!CP1008,1
2026-07-15 06:31:42.0,1DAS11,IVVH0441,BFP A INB BRG      Y  VIB,1726,HIABS,HIGH,ALM,1,2.01798,2,MILS,!WP1002!WP1006!WP1007!WP1001!WP1003!WP1014!hist14!CP1008,1
2026-07-15 06:31:44.0,1DAS11,IVVH0441,BFP A INB BRG      Y  VIB,1726,HIABS,HIGH,RTN,1,1.67465,2,MILS,!WP1002!WP1006!WP1007!WP1001!WP1003!WP1014!hist14!CP1008,1
2026-07-15 06:31:46.0,1DAS11,IVVH0021,BFP A OUTB BRG     Y  VIB,1724,HIABS,HIGH,ALM,1,2.23732,2,MILS,!WP1002!WP1006!WP1007!WP1001!WP1003!WP1014!hist14!CP1008,1
2026-07-15 06:31:52.0,1DAS11,IVVH0021,BFP A OUTB BRG     Y  VIB,1724,HIABS,HIGH,RTN,1,1.6613,2,MILS,!WP1002!WP1006!WP1007!WP1001!WP1003!WP1014!hist14!CP1008,1
2026-07-15 06:31:54.8,1WB_DEV,SOFA_ANY_DEV,SOFA ANY DEVIATION,,STATE,NORMAL,RTN,5,,,MILS,,0
2026-07-15 06:31:54.8,1BFA_GSM_ALM,BFA_ALM20,MARK VIE A BFPT ALARM,,STA_7,A BFPT MANUAL/DCS OK,RTN,5,0,0,,!WP1001!WP1002!WP1003!WP1006!WP1007!WP1014!hist14!CP1011,1
2026-07-15 06:31:54.0,1DAS11,IVVH0021,BFP A OUTB BRG     Y  VIB,1724,HIABS,HIGH,ALM,1,2.14386,2,MILS,!WP1002!WP1006!WP1007!WP1001!WP1003!WP1014!hist14!CP1008,1
2026-07-15 06:32:02.0,1DAS11,IVVH0011,BFP A OUTB BRG     X  VIB,1723,HIABS,HIGH,ALM,1,2.08283,2,MILS,!WP1002!WP1006!WP1007!WP1001!WP1003!WP1014!hist14!CP1008,1
2026-07-15 06:32:04.8,1BFA_GSM_ALM,BFA_ALM20,MARK VIE A BFPT ALARM,,STA_7,A BFPT MANUAL/DCS ERROR,ALM,5,0,0,,!WP1001!WP1002!WP1003!WP1006!WP1007!WP1014!hist14!CP1011,1
2026-07-15 06:32:04.0,1DAS11,IVVH0011,BFP A OUTB BRG     X  VIB,1723,HIABS,HIGH,RTN,1,1.64795,2,MILS,!WP1002!WP1006!WP1007!WP1001!WP1003!WP1014!hist14!CP1008,1
2026-07-15 06:32:08.0,1DAS11,IVVH0021,BFP A OUTB BRG     Y  VIB,1724,HIABS,HIGH,RTN,1,1.67275,2,MILS,!WP1002!WP1006!WP1007!WP1001!WP1003!WP1014!hist14!CP1008,1
2026-07-15 06:32:12.3,1BFA_GSM_ALM,BFA_ALM12,MARK VIE A BFPT ALARM,,STA_4,BENTLY VIBRATION ALARM,ALM,1,0,0,,!WP1001!WP1002!WP1003!WP1006!WP1007!WP1014!hist14!CP1011,1
2026-07-15 06:32:12.3,1BFB_GSM_ALM,BFB_ALM12,MARK VIE B BFPT ALARM,,STA_4,BENTLY VIBRATION ALARM,ALM,1,0,0,,!WP1001!WP1002!WP1003!WP1006!WP1007!WP1014!hist14!CP1011,1
2026-07-15 06:32:12.0,1DAS11,IVVH0021,BFP A OUTB BRG     Y  VIB,1724,HIABS,HIGH,ALM,1,2.72179,2,MILS,!WP1002!WP1006!WP1007!WP1001!WP1003!WP1014!hist14!CP1008,1
2026-07-15 06:32:14.0,1DAS11,IVVH0011,BFP A OUTB BRG     X  VIB,1723,HIABS,HIGH,ALM,1,2.14577,2,MILS,!WP1002!WP1006!WP1007!WP1001!WP1003!WP1014!hist14!CP1008,1
2026-07-15 06:32:15.4,1MKVIE_ALM2,B1A,MARK VIE A BFPT GENERAL ALARM,,STATE,NORMAL,RTN,1,,,,!WP1001!WP1002!WP1003!WP1006!WP1007!WP1014!hist14!CP1002,1
2026-07-15 06:32:15.4,1MKVIE_ALM2,B2A,MARK VIE B BFPT GENERAL ALARM,,STATE,NORMAL,RTN,1,,,,!WP1001!WP1002!WP1003!WP1006!WP1007!WP1014!hist14!CP1002,1
2026-07-15 06:32:20.0,1DAS11,IVVH0011,BFP A OUTB BRG     X  VIB,1723,HIABS,HIGH,RTN,1,1.43814,2,MILS,!WP1002!WP1006!WP1007!WP1001!WP1003!WP1014!hist14!CP1008,1
2026-07-15 06:32:22.0,1DAS11,IVVH0011,BFP A OUTB BRG     X  VIB,1723,HIABS,HIGH,ALM,1,2.10762,2,MILS,!WP1002!WP1006!WP1007!WP1001!WP1003!WP1014!hist14!CP1008,1
2026-07-15 06:32:54.0,1DAS11,IVVH0011,BFP A OUTB BRG     X  VIB,1723,HIABS,HIGH,RTN,1,1.64414,2,MILS,!WP1002!WP1006!WP1007!WP1001!WP1003!WP1014!hist14!CP1008,1
2026-07-15 06:32:56.0,1DAS11,IVVH0011,BFP A OUTB BRG     X  VIB,1723,HIABS,HIGH,ALM,1,2.34795,2,MILS,!WP1002!WP1006!WP1007!WP1001!WP1003!WP1014!hist14!CP1008,1
2026-07-15 06:33:04.3,1BFA_GSM_ALM,BFA_ALM20,MARK VIE A BFPT ALARM,,STA_7,A BFPT MANUAL/DCS OK,RTN,5,0,0,,!WP1001!WP1002!WP1003!WP1006!WP1007!WP1014!hist14!CP1011,1
2026-07-15 06:33:26.8,1BFA_GSM_ALM,BFA_ALM12,MARK VIE A BFPT ALARM,,STA_4,BENTLY VIBRATION OK,RTN,1,0,0,,!WP1001!WP1002!WP1003!WP1006!WP1007!WP1014!hist14!CP1011,1
2026-07-15 06:33:26.8,1BFB_GSM_ALM,BFB_ALM12,MARK VIE B BFPT ALARM,,STA_4,BENTLY VIBRATION OK,RTN,1,0,0,,!WP1001!WP1002!WP1003!WP1006!WP1007!WP1014!hist14!CP1011,1
2026-07-15 06:33:26.0,1DAS11,IVVH0011,BFP A OUTB BRG     X  VIB,1723,HIABS,HIGH,RTN,1,1.28174,2,MILS,!WP1002!WP1006!WP1007!WP1001!WP1003!WP1014!hist14!CP1008,1
2026-07-15 06:33:26.0,1DAS11,IVVH0031,BFP A INB BRG  X  VIB,1725,HIABS,HIGH,RTN,1,1.28365,2,MILS,!WP1002!WP1006!WP1007!WP1001!WP1003!WP1014!hist14!CP1008,1
2026-07-15 06:33:28.0,1DAS11,IVVH0021,BFP A OUTB BRG     Y  VIB,1724,HIABS,HIGH,RTN,1,1.48773,2,MILS,!WP1002!WP1006!WP1007!WP1001!WP1003!WP1014!hist14!CP1008,1
2026-07-15 06:36:23.0,1MELIM,ZDS5504,WET/DRY INTFC VLV  DM DEV,,HIDEV,HIGH DEVIATION ALARM,RTN,3,54.1348,57.5,%,!hist14!CP1017,2
2026-07-15 06:36:47.8,1WB_DEV,SOFA_ANY_DEV,SOFA ANY DEVIATION,,STATE,DEVIATION,ALM,5,,,%,,0
2026-07-15 06:37:54.0,1MELIM,ZDS5504,WET/DRY INTFC VLV  DM DEV,,HIDEV,HIGH DEVIATION ALARM,ALM,3,99.0586,5,%,!hist14!CP1017,2
2026-07-15 06:38:06.0,1DAS11,IAAH3281,COND PUMP DISCH   SILICA,1233,HIABS,HIGH,ALM,1,10.2656,10,ppb,!WP1002!WP1006!WP1007!WP1001!WP1003!WP1014!hist14!CP1008,1
2026-07-15 06:39:36.1,1SCRA_IDSAV,SLPDI5416A,A IDMPR SCR SA PSG TO FG DUCT DP,,LOABS,SCR A IN DMPR SEAL DP LOW (SERV),RTN,5,2.2043,2,INH2O,!hist14!CP1016,2
2026-07-15 06:39:38.6,1SCRA_IDSAV,SLPDI5416A,A IDMPR SCR SA PSG TO FG DUCT DP,,LOABS,SCR A IN DMPR SEAL DP LOW (SERV),ALM,5,1.99902,2,INH2O,!hist14!CP1016,2
2026-07-15 06:39:58.6,1SCRA_IDSAV,SLPDI5416A,A IDMPR SCR SA PSG TO FG DUCT DP,,LOABS,SCR A IN DMPR SEAL DP LOW (SERV),RTN,5,2.20566,2,INH2O,!hist14!CP1016,2
2026-07-15 06:40:03.6,1SCRA_IDSAV,SLPDI5416A,A IDMPR SCR SA PSG TO FG DUCT DP,,LOABS,SCR A IN DMPR SEAL DP LOW (SERV),ALM,5,1.95508,2,INH2O,!hist14!CP1016,2
2026-07-15 06:41:49.9,1MELIM,ZDS5504,WET/DRY INTFC VLV  DM DEV,,HIDEV,HIGH DEVIATION ALARM,RTN,3,54.459,57.5,%,!hist14!CP1017,2
2026-07-15 06:42:54.0,1MELIM,SEQ4_ALMS,MIST ELIM VALVE FAIL ALARMS,ARXV5621E,STA_1,ARXV5621E FAILURE,ALM,1,95.168,0,,!WP1001!WP1002!WP1003!WP1006!WP1007!WP1014!hist14!CP1017,1
2026-07-15 06:43:20.0,1MELIM,ZDS5504,WET/DRY INTFC VLV  DM DEV,,HIDEV,HIGH DEVIATION ALARM,ALM,3,99.127,5,%,!hist14!CP1017,2
2026-07-15 06:43:39.0,1MELIM,SEQ4_ALMS,MIST ELIM VALVE FAIL ALARMS,ARXV5621E,STA_1,VLV FAILURE CLEAR,RTN,1,99.127,0,,!WP1001!WP1002!WP1003!WP1006!WP1007!WP1014!hist14!CP1017,1
2026-07-15 06:45:16.0,1MELIM,ME_FLOW,MIST ELIMINATOR WASH FLOW,,STATE,ME WASH LOW FLOW,ALM,3,,,,!hist14!CP1017,2
2026-07-15 06:45:47.4,1MELIM,ME_FLOW,MIST ELIMINATOR WASH FLOW,,STATE,ME WASH FLOW OK,RTN,3,,,,!hist14!CP1017,2
2026-07-15 06:47:30.8,IDFAN_PEEC,OPCY_ALM,PRECIP OUT > 50%,PRECIP OUTLET,STATE,ALARM,ALM,3,,,,!WP1001!WP1002!WP1003!WP1006!WP1007!WP1014!hist14!CP1003,1
2026-07-15 06:47:35.8,IDFAN_PEEC,OPCY_ALM,PRECIP OUT > 50%,PRECIP OUTLET,STATE,NORMAL,RTN,3,,,,!WP1001!WP1002!WP1003!WP1006!WP1007!WP1014!hist14!CP1003,1
2026-07-15 06:48:02.0,1DAS11,IAAH3281,COND PUMP DISCH   SILICA,1233,HIABS,HIGH,RTN,1,8.29492,10,ppb,!WP1002!WP1006!WP1007!WP1001!WP1003!WP1014!hist14!CP1008,1
2026-07-15 06:49:50.3,PAC_PLC,ACI_FDR_A_TR,ACI FDR A AC-WIC-5007 TRBLE ALM,,CHANGE,PAC FEEDER A TROUBLE,ALM,1,,,,!WP1001!WP1002!WP1003!WP1006!WP1007!WP1014!hist14!CP1003,1
2026-07-15 06:49:57.8,PAC_PLC,ACI_FDR_A_TR,ACI FDR A AC-WIC-5007 TRBLE ALM,,CHANGE,PAC FEEDER A TROUBLE,ALM,1,,,,!WP1001!WP1002!WP1003!WP1006!WP1007!WP1014!hist14!CP1003,1
2026-07-15 06:50:08.6,1SCRA_IDSAV,SLPDI5416A,A IDMPR SCR SA PSG TO FG DUCT DP,,LOABS,SCR A IN DMPR SEAL DP LOW (SERV),RTN,5,2.21016,2,INH2O,!hist14!CP1016,2
2026-07-15 06:50:18.6,1SCRA_IDSAV,SLPDI5416A,A IDMPR SCR SA PSG TO FG DUCT DP,,LOABS,SCR A IN DMPR SEAL DP LOW (SERV),ALM,5,1.99199,2,INH2O,!hist14!CP1016,2
2026-07-15 06:51:16.0,1MELIM,SEQ4_ALMS,MIST ELIM VALVE FAIL ALARMS,ARXV5621J,STA_5,ARXV5621J FAILURE,ALM,1,19.4517,0,,!WP1001!WP1002!WP1003!WP1006!WP1007!WP1014!hist14!CP1017,1
2026-07-15 06:52:01.0,1MELIM,SEQ4_ALMS,MIST ELIM VALVE FAIL ALARMS,ARXV5621J,STA_5,VLV FAILURE CLEAR,RTN,1,19.8715,0,,!WP1001!WP1002!WP1003!WP1006!WP1007!WP1014!hist14!CP1017,1
2026-07-15 06:56:50.0,1MELIM,ZDS5504,WET/DRY INTFC VLV  DM DEV,,HIDEV,HIGH DEVIATION ALARM,RTN,3,54.1484,57.5,%,!hist14!CP1017,2
2026-07-15 06:58:21.0,1MELIM,ZDS5504,WET/DRY INTFC VLV  DM DEV,,HIDEV,HIGH DEVIATION ALARM,ALM,3,99.2305,5,%,!hist14!CP1017,2
2026-07-15 06:58:48.4,1AR_LS,DEV_5803,LS SYS B,,STATE,VALVE 5803 DEVIATION,ALM,3,,,,!WP1001!WP1002!WP1003!WP1006!WP1007!WP1014!hist14!CP1017,1
2026-07-15 06:59:23.0,1AR_LS,DEV_5803,LS SYS B,,STATE,,RTN,3,,,,!WP1001!WP1002!WP1003!WP1006!WP1007!WP1014!hist14!CP1017,1
2026-07-15 07:05:15.6,1SCRA_IDSAV,SLPDI5416A,A IDMPR SCR SA PSG TO FG DUCT DP,,LOABS,SCR A IN DMPR SEAL DP LOW (SERV),RTN,5,2.20078,2,INH2O,!hist14!CP1016,2
2026-07-15 07:05:19.6,1SCRA_IDSAV,SLPDI5416A,A IDMPR SCR SA PSG TO FG DUCT DP,,LOABS,SCR A IN DMPR SEAL DP LOW (SERV),ALM,5,1.98906,2,INH2O,!hist14!CP1016,2
2026-07-15 07:08:21.0,1MISC,B8,POTABLE WATER,,HIABS,HIGH LEVEL POTABLE WATER,ALM,5,125.164,125,%,!WP1001!WP1002!WP1003!WP1006!WP1007!WP1014!hist14!CP1002,1
2026-07-15 07:08:23.4,1MELIM,SEQ1_ALMS,MIST ELIM VALVE FAIL ALARMS,ARXV5631F,STA_6,ARXV5631F FAILURE,ALM,1,787.781,0,,!WP1001!WP1002!WP1003!WP1006!WP1007!WP1014!hist14!CP1017,1
2026-07-15 07:09:09.1,1MELIM,SEQ1_ALMS,MIST ELIM VALVE FAIL ALARMS,ARXV5631F,STA_6,VLV FAILURE CLEAR,RTN,1,779.406,0,,!WP1001!WP1002!WP1003!WP1006!WP1007!WP1014!hist14!CP1017,1
2026-07-15 07:11:50.0,1MELIM,ZDS5504,WET/DRY INTFC VLV  DM DEV,,HIDEV,HIGH DEVIATION ALARM,RTN,3,54.2383,57.5,%,!hist14!CP1017,2
2026-07-15 07:12:17.0,1DAS11,IAAH3101,LP HTR OUTLT HYDRAZINE,1234,LOABS,LOW,ALM,1,0.984375,1,ppb,!WP1002!WP1006!WP1007!WP1001!WP1003!WP1014!hist14!CP1008,1
2026-07-15 07:12:46.0,1DAS11,IAAH3101,LP HTR OUTLT HYDRAZINE,1234,LOABS,LOW,RTN,1,1.6875,1,ppb,!WP1002!WP1006!WP1007!WP1001!WP1003!WP1014!hist14!CP1008,1
2026-07-15 07:12:51.0,1MELIM,ME_FLOW,MIST ELIMINATOR WASH FLOW,,STATE,ME WASH LOW FLOW,ALM,3,,,,!hist14!CP1017,2
2026-07-15 07:12:59.1,1SCRA_IDSAV,SLPDI5416A,A IDMPR SCR SA PSG TO FG DUCT DP,,LOABS,SCR A IN DMPR SEAL DP LOW (SERV),RTN,5,2.20078,2,INH2O,!hist14!CP1016,2
2026-07-15 07:13:08.6,1SCRA_IDSAV,SLPDI5416A,A IDMPR SCR SA PSG TO FG DUCT DP,,LOABS,SCR A IN DMPR SEAL DP LOW (SERV),ALM,5,1.99336,2,INH2O,!hist14!CP1016,2
2026-07-15 07:13:21.0,1MELIM,ME_FLOW,MIST ELIMINATOR WASH FLOW,,STATE,ME WASH FLOW OK,RTN,3,,,,!hist14!CP1017,2
2026-07-15 07:13:21.9,1MELIM,ZDS5504,WET/DRY INTFC VLV  DM DEV,,HIDEV,HIGH DEVIATION ALARM,ALM,3,99.1074,5,%,!hist14!CP1017,2
2026-07-15 07:13:36.6,1SCRA_IDSAV,SLPDI5416A,A IDMPR SCR SA PSG TO FG DUCT DP,,LOABS,SCR A IN DMPR SEAL DP LOW (SERV),RTN,5,2.20371,2,INH2O,!hist14!CP1016,2
2026-07-15 07:13:41.6,1SCRA_IDSAV,SLPDI5416A,A IDMPR SCR SA PSG TO FG DUCT DP,,LOABS,SCR A IN DMPR SEAL DP LOW (SERV),ALM,5,1.98594,2,INH2O,!hist14!CP1016,2
2026-07-15 07:13:52.0,1MISC,B143,AUX ATM VLV DEV ALM,,STATE,NORMAL,RTN,5,,,,!WP1001!WP1002!WP1003!WP1006!WP1007!WP1014!hist14!CP1002,1
2026-07-15 07:13:54.1,1SCRA_IDSAV,SLPDI5416A,A IDMPR SCR SA PSG TO FG DUCT DP,,LOABS,SCR A IN DMPR SEAL DP LOW (SERV),RTN,5,2.2457,2,INH2O,!hist14!CP1016,2
2026-07-15 07:13:57.6,1SCRA_IDSAV,SLPDI5416A,A IDMPR SCR SA PSG TO FG DUCT DP,,LOABS,SCR A IN DMPR SEAL DP LOW (SERV),ALM,5,1.97148,2,INH2O,!hist14!CP1016,2
2026-07-15 07:16:48.6,1SCRA_IDSAV,SLPDI5416A,A IDMPR SCR SA PSG TO FG DUCT DP,,LOABS,SCR A IN DMPR SEAL DP LOW (SERV),RTN,5,2.21328,2,INH2O,!hist14!CP1016,2
2026-07-15 07:17:02.6,1SCRA_IDSAV,SLPDI5416A,A IDMPR SCR SA PSG TO FG DUCT DP,,LOABS,SCR A IN DMPR SEAL DP LOW (SERV),ALM,5,1.99414,2,INH2O,!hist14!CP1016,2
2026-07-15 07:20:36.4,1MELIM,ZDS5504,WET/DRY INTFC VLV  DM DEV,,HIDEV,HIGH DEVIATION ALARM,RTN,3,54.1484,57.5,%,!hist14!CP1017,2
2026-07-15 07:21:20.6,1SCRA_IDSAV,SLPDI5416A,A IDMPR SCR SA PSG TO FG DUCT DP,,LOABS,SCR A IN DMPR SEAL DP LOW (SERV),RTN,5,2.20664,2,INH2O,!hist14!CP1016,2
2026-07-15 07:21:27.6,1SCRA_IDSAV,SLPDI5416A,A IDMPR SCR SA PSG TO FG DUCT DP,,LOABS,SCR A IN DMPR SEAL DP LOW (SERV),ALM,5,1.96934,2,INH2O,!hist14!CP1016,2
2026-07-15 07:21:37.4,1MELIM,ZDS5504,WET/DRY INTFC VLV  DM DEV,,LODEV,LOW DEVIATION ALARM,ALM,3,-1.23438,95,%,!hist14!CP1017,2
2026-07-15 07:26:47.1,1SCRA_IDSAV,SLPDI5416A,A IDMPR SCR SA PSG TO FG DUCT DP,,LOABS,SCR A IN DMPR SEAL DP LOW (SERV),RTN,5,2.21563,2,INH2O,!hist14!CP1016,2
2026-07-15 07:26:50.6,1SCRA_IDSAV,SLPDI5416A,A IDMPR SCR SA PSG TO FG DUCT DP,,LOABS,SCR A IN DMPR SEAL DP LOW (SERV),ALM,5,1.99941,2,INH2O,!hist14!CP1016,2
2026-07-15 07:28:32.4,1MISC,B10,COOLING TOWER LEVEL CONTROL,,LOOUT,,ALM,5,0,0.001,%,!WP1001!WP1002!WP1003!WP1006!WP1007!WP1014!hist14!CP1002,1
2026-07-15 07:30:44.6,1SCRA_IDSAV,SLPDI5416A,A IDMPR SCR SA PSG TO FG DUCT DP,,LOABS,SCR A IN DMPR SEAL DP LOW (SERV),RTN,5,2.20391,2,INH2O,!hist14!CP1016,2
2026-07-15 07:31:03.6,1SCRA_IDSAV,SLPDI5416A,A IDMPR SCR SA PSG TO FG DUCT DP,,LOABS,SCR A IN DMPR SEAL DP LOW (SERV),ALM,5,1.99434,2,INH2O,!hist14!CP1016,2
2026-07-15 07:31:48.6,1SCRA_IDSAV,SLPDI5416A,A IDMPR SCR SA PSG TO FG DUCT DP,,LOABS,SCR A IN DMPR SEAL DP LOW (SERV),RTN,5,2.20859,2,INH2O,!hist14!CP1016,2
2026-07-15 07:31:53.1,1SCRA_IDSAV,SLPDI5416A,A IDMPR SCR SA PSG TO FG DUCT DP,,LOABS,SCR A IN DMPR SEAL DP LOW (SERV),ALM,5,1.97656,2,INH2O,!hist14!CP1016,2
2026-07-15 07:32:01.6,1SCRA_IDSAV,SLPDI5416A,A IDMPR SCR SA PSG TO FG DUCT DP,,LOABS,SCR A IN DMPR SEAL DP LOW (SERV),RTN,5,2.21484,2,INH2O,!hist14!CP1016,2
2026-07-15 07:32:15.6,1SCRA_IDSAV,SLPDI5416A,A IDMPR SCR SA PSG TO FG DUCT DP,,LOABS,SCR A IN DMPR SEAL DP LOW (SERV),ALM,5,1.9959,2,INH2O,!hist14!CP1016,2
2026-07-15 07:35:09.2,1AB_SURGEA,FCVA153AL,LINE A TO SILO    B,TRANSPORT LIN,STATE,FAIL,ALM,3,,,,!WP1002!WP1011!WP1001!hist14!CP1020,1
2026-07-15 07:35:11.7,1AB_SURGEA,FCVA153AL,LINE A TO SILO    B,TRANSPORT LIN,STATE,OK,RTN,3,,,,!WP1002!WP1011!WP1001!hist14!CP1020,1
2026-07-15 07:35:47.1,1SCRA_IDSAV,SLPDI5416A,A IDMPR SCR SA PSG TO FG DUCT DP,,LOABS,SCR A IN DMPR SEAL DP LOW (SERV),RTN,5,2.20449,2,INH2O,!hist14!CP1016,2
2026-07-15 07:35:54.6,1SCRA_IDSAV,SLPDI5416A,A IDMPR SCR SA PSG TO FG DUCT DP,,LOABS,SCR A IN DMPR SEAL DP LOW (SERV),ALM,5,1.99512,2,INH2O,!hist14!CP1016,2
2026-07-15 07:37:08.1,1SCRA_IDSAV,SLPDI5416A,A IDMPR SCR SA PSG TO FG DUCT DP,,LOABS,SCR A IN DMPR SEAL DP LOW (SERV),RTN,5,2.2082,2,INH2O,!hist14!CP1016,2
2026-07-15 07:37:37.6,1SCRA_IDSAV,SLPDI5416A,A IDMPR SCR SA PSG TO FG DUCT DP,,LOABS,SCR A IN DMPR SEAL DP LOW (SERV),ALM,5,1.99023,2,INH2O,!hist14!CP1016,2
2026-07-15 07:37:41.1,1SCRA_IDSAV,SLPDI5416A,A IDMPR SCR SA PSG TO FG DUCT DP,,LOABS,SCR A IN DMPR SEAL DP LOW (SERV),RTN,5,2.21934,2,INH2O,!hist14!CP1016,2
2026-07-15 07:37:56.6,1SCRA_IDSAV,SLPDI5416A,A IDMPR SCR SA PSG TO FG DUCT DP,,LOABS,SCR A IN DMPR SEAL DP LOW (SERV),ALM,5,1.95215,2,INH2O,!hist14!CP1016,2
2026-07-15 07:38:08.1,1SCRA_IDSAV,SLPDI5416A,A IDMPR SCR SA PSG TO FG DUCT DP,,LOABS,SCR A IN DMPR SEAL DP LOW (SERV),RTN,5,2.20195,2,INH2O,!hist14!CP1016,2
2026-07-15 07:38:26.1,1SCRA_IDSAV,SLPDI5416A,A IDMPR SCR SA PSG TO FG DUCT DP,,LOABS,SCR A IN DMPR SEAL DP LOW (SERV),ALM,5,1.9709,2,INH2O,!hist14!CP1016,2
2026-07-15 07:38:33.1,1SCRA_IDSAV,SLPDI5416A,A IDMPR SCR SA PSG TO FG DUCT DP,,LOABS,SCR A IN DMPR SEAL DP LOW (SERV),RTN,5,2.20684,2,INH2O,!hist14!CP1016,2
2026-07-15 07:38:56.6,1SCRA_IDSAV,SLPDI5416A,A IDMPR SCR SA PSG TO FG DUCT DP,,LOABS,SCR A IN DMPR SEAL DP LOW (SERV),ALM,5,1.99063,2,INH2O,!hist14!CP1016,2
2026-07-15 07:39:51.3,PAC_PLC,ACI_FDR_A_TR,ACI FDR A AC-WIC-5007 TRBLE ALM,,CHANGE,PAC FEEDER A TROUBLE,ALM,1,,,,!WP1001!WP1002!WP1003!WP1006!WP1007!WP1014!hist14!CP1003,1
2026-07-15 07:39:54.3,PAC_PLC,ACI_FDR_A_TR,ACI FDR A AC-WIC-5007 TRBLE ALM,,CHANGE,PAC FEEDER A TROUBLE,ALM,1,,,,!WP1001!WP1002!WP1003!WP1006!WP1007!WP1014!hist14!CP1003,1
2026-07-15 07:40:01.8,PAC_PLC,ACI_FDR_A_TR,ACI FDR A AC-WIC-5007 TRBLE ALM,,CHANGE,PAC FEEDER A TROUBLE,ALM,1,,,,!WP1001!WP1002!WP1003!WP1006!WP1007!WP1014!hist14!CP1003,1
2026-07-15 07:40:02.8,PAC_PLC,ACI_FDR_A_TR,ACI FDR A AC-WIC-5007 TRBLE ALM,,CHANGE,PAC FEEDER A TROUBLE,ALM,1,,,,!WP1001!WP1002!WP1003!WP1006!WP1007!WP1014!hist14!CP1003,1
2026-07-15 07:40:19.1,1TC,B21,DROOP ACTIVE,DROOP,STATE,ACTIVE,ALM,5,,,,!hist14!CP1001,2
2026-07-15 07:40:20.9,1AR_LS,DEV_5803,LS SYS B,,STATE,VALVE 5803 DEVIATION,ALM,3,,,,!WP1001!WP1002!WP1003!WP1006!WP1007!WP1014!hist14!CP1017,1
2026-07-15 07:40:23.1,1TC,B21,DROOP ACTIVE,DROOP,STATE,NORMAL,RTN,5,,,,!hist14!CP1001,2
2026-07-15 07:40:34.6,1SCRA_IDSAV,SLPDI5416A,A IDMPR SCR SA PSG TO FG DUCT DP,,LOABS,SCR A IN DMPR SEAL DP LOW (SERV),RTN,5,2.20508,2,INH2O,!hist14!CP1016,2
2026-07-15 07:40:41.8,1WB_DEV,SOFA_ANY_DEV,SOFA ANY DEVIATION,,STATE,NORMAL,RTN,5,,,INH2O,,0
2026-07-15 07:41:21.6,1SCRA_IDSAV,SLPDI5416A,A IDMPR SCR SA PSG TO FG DUCT DP,,LOABS,SCR A IN DMPR SEAL DP LOW (SERV),ALM,5,1.99707,2,INH2O,!hist14!CP1016,2
2026-07-15 07:41:42.8,1WB_DEV,SOFA_ANY_DEV,SOFA ANY DEVIATION,,STATE,DEVIATION,ALM,5,,,INH2O,,0
2026-07-15 07:42:07.1,1SCRA_IDSAV,SLPDI5416A,A IDMPR SCR SA PSG TO FG DUCT DP,,LOABS,SCR A IN DMPR SEAL DP LOW (SERV),RTN,5,2.21191,2,INH2O,!hist14!CP1016,2
2026-07-15 07:42:18.6,1SCRA_IDSAV,SLPDI5416A,A IDMPR SCR SA PSG TO FG DUCT DP,,LOABS,SCR A IN DMPR SEAL DP LOW (SERV),ALM,5,1.99727,2,INH2O,!hist14!CP1016,2
2026-07-15 07:42:31.1,1SCRA_IDSAV,SLPDI5416A,A IDMPR SCR SA PSG TO FG DUCT DP,,LOABS,SCR A IN DMPR SEAL DP LOW (SERV),RTN,5,2.20488,2,INH2O,!hist14!CP1016,2
2026-07-15 07:43:24.1,1STM_GSM_ALM,STM_ALM2,MARK VIE STEAM SEAL ALARM,,STA_5,STM SEAL DIV VLV TO CNDR ALM,ALM,3,0,0,,!WP1001!WP1002!WP1003!WP1006!WP1007!WP1014!hist14!CP1011,1
2026-07-15 07:43:46.6,1SCRA_IDSAV,SLPDI5416A,A IDMPR SCR SA PSG TO FG DUCT DP,,LOABS,SCR A IN DMPR SEAL DP LOW (SERV),ALM,5,1.99004,2,INH2O,!hist14!CP1016,2
2026-07-15 07:43:54.1,1SCRA_IDSAV,SLPDI5416A,A IDMPR SCR SA PSG TO FG DUCT DP,,LOABS,SCR A IN DMPR SEAL DP LOW (SERV),RTN,5,2.20039,2,INH2O,!hist14!CP1016,2
2026-07-15 07:45:03.6,1SCRA_IDSAV,SLPDI5416A,A IDMPR SCR SA PSG TO FG DUCT DP,,LOABS,SCR A IN DMPR SEAL DP LOW (SERV),ALM,5,1.99629,2,INH2O,!hist14!CP1016,2
2026-07-15 07:45:13.6,1SCRA_IDSAV,SLPDI5416A,A IDMPR SCR SA PSG TO FG DUCT DP,,LOABS,SCR A IN DMPR SEAL DP LOW (SERV),RTN,5,2.21367,2,INH2O,!hist14!CP1016,2
2026-07-15 07:45:59.7,1BWCP_PURGE,OUTLET_TEMP,BWCP PURGE COOLER OUTLET TEMP,,HIABS,,RTN,2,101.985,105,DEGF,!WP1001!WP1002!WP1003!WP1006!WP1007!WP1014!hist14!CP1005,1
2026-07-15 07:46:07.4,1MKVIE_ALM2,B1A,MARK VIE A BFPT GENERAL ALARM,,STATE,ALARM,ALM,1,,,,!WP1001!WP1002!WP1003!WP1006!WP1007!WP1014!hist14!CP1002,1
2026-07-15 07:46:07.4,1MKVIE_ALM2,B2A,MARK VIE B BFPT GENERAL ALARM,,STATE,ALARM,ALM,1,,,,!WP1001!WP1002!WP1003!WP1006!WP1007!WP1014!hist14!CP1002,1
2026-07-15 07:46:07.0,1DAS11,IVVH0031,BFP A INB BRG  X  VIB,1725,HIABS,HIGH,ALM,1,2.08283,2,MILS,!WP1002!WP1006!WP1007!WP1001!WP1003!WP1014!hist14!CP1008,1
2026-07-15 07:46:11.0,1DAS11,IVVH0031,BFP A INB BRG  X  VIB,1725,HIABS,HIGH,RTN,1,1.04523,2,MILS,!WP1002!WP1006!WP1007!WP1001!WP1003!WP1014!hist14!CP1008,1
2026-07-15 07:46:17.0,1DAS11,IVVH0031,BFP A INB BRG  X  VIB,1725,HIABS,HIGH,ALM,1,2.01416,2,MILS,!WP1002!WP1006!WP1007!WP1001!WP1003!WP1014!hist14!CP1008,1
2026-07-15 07:46:21.0,1DAS11,IVVH0031,BFP A INB BRG  X  VIB,1725,HIABS,HIGH,RTN,1,1.4019,2,MILS,!WP1002!WP1006!WP1007!WP1001!WP1003!WP1014!hist14!CP1008,1
2026-07-15 07:46:29.0,1DAS11,IVVH0031,BFP A INB BRG  X  VIB,1725,HIABS,HIGH,ALM,1,2.64359,2,MILS,!WP1002!WP1006!WP1007!WP1001!WP1003!WP1014!hist14!CP1008,1
2026-07-15 07:46:29.0,1DAS11,IVVH0441,BFP A INB BRG      Y  VIB,1726,HIABS,HIGH,ALM,1,2.09236,2,MILS,!WP1002!WP1006!WP1007!WP1001!WP1003!WP1014!hist14!CP1008,1
2026-07-15 07:46:30.0,1BFA_GSM_ALM,BFA_ALM12,MARK VIE A BFPT ALARM,,STA_4,BENTLY VIBRATION ALARM,ALM,1,0,0,,!WP1001!WP1002!WP1003!WP1006!WP1007!WP1014!hist14!CP1011,1
2026-07-15 07:46:30.0,1BFB_GSM_ALM,BFB_ALM12,MARK VIE B BFPT ALARM,,STA_4,BENTLY VIBRATION ALARM,ALM,1,0,0,,!WP1001!WP1002!WP1003!WP1006!WP1007!WP1014!hist14!CP1011,1
2026-07-15 07:46:31.4,1AR_LS,DEV_5803,LS SYS B,,STATE,,RTN,3,,,,!WP1001!WP1002!WP1003!WP1006!WP1007!WP1014!hist14!CP1017,1
2026-07-15 07:46:32.0,1BFA_GSM_ALM,BFA_ALM12,MARK VIE A BFPT ALARM,,STA_4,BENTLY VIBRATION OK,RTN,1,0,0,,!WP1001!WP1002!WP1003!WP1006!WP1007!WP1014!hist14!CP1011,1
2026-07-15 07:46:32.0,1BFB_GSM_ALM,BFB_ALM12,MARK VIE B BFPT ALARM,,STA_4,BENTLY VIBRATION OK,RTN,1,0,0,,!WP1001!WP1002!WP1003!WP1006!WP1007!WP1014!hist14!CP1011,1
2026-07-15 07:46:33.0,1DAS11,IVVH0031,BFP A INB BRG  X  VIB,1725,HIABS,HIGH,RTN,1,1.15013,2,MILS,!WP1002!WP1006!WP1007!WP1001!WP1003!WP1014!hist14!CP1008,1
2026-07-15 07:46:33.0,1DAS11,IVVH0441,BFP A INB BRG      Y  VIB,1726,HIABS,HIGH,RTN,1,0.843049,2,MILS,!WP1002!WP1006!WP1007!WP1001!WP1003!WP1014!hist14!CP1008,1
2026-07-15 07:46:34.0,1BFA_GSM_ALM,BFA_ALM20,MARK VIE A BFPT ALARM,,STA_7,A BFPT MANUAL/DCS ERROR,ALM,5,0,0,,!WP1001!WP1002!WP1003!WP1006!WP1007!WP1014!hist14!CP1011,1
2026-07-15 07:46:39.0,1DAS11,IVVH0031,BFP A INB BRG  X  VIB,1725,HIABS,HIGH,ALM,1,2.78092,2,MILS,!WP1002!WP1006!WP1007!WP1001!WP1003!WP1014!hist14!CP1008,1
2026-07-15 07:46:40.0,1BFA_GSM_ALM,BFA_ALM12,MARK VIE A BFPT ALARM,,STA_4,BENTLY VIBRATION ALARM,ALM,1,0,0,,!WP1001!WP1002!WP1003!WP1006!WP1007!WP1014!hist14!CP1011,1
2026-07-15 07:46:40.0,1BFB_GSM_ALM,BFB_ALM12,MARK VIE B BFPT ALARM,,STA_4,BENTLY VIBRATION ALARM,ALM,1,0,0,,!WP1001!WP1002!WP1003!WP1006!WP1007!WP1014!hist14!CP1011,1
2026-07-15 07:46:41.0,1DAS11,IVVH0441,BFP A INB BRG      Y  VIB,1726,HIABS,HIGH,ALM,1,2.10762,2,MILS,!WP1002!WP1006!WP1007!WP1001!WP1003!WP1014!hist14!CP1008,1
2026-07-15 07:46:44.4,1BFA_GSM_ALM,BFA_ALM12,MARK VIE A BFPT ALARM,,STA_4,BENTLY VIBRATION OK,RTN,1,0,0,,!WP1001!WP1002!WP1003!WP1006!WP1007!WP1014!hist14!CP1011,1
2026-07-15 07:46:44.4,1BFB_GSM_ALM,BFB_ALM12,MARK VIE B BFPT ALARM,,STA_4,BENTLY VIBRATION OK,RTN,1,0,0,,!WP1001!WP1002!WP1003!WP1006!WP1007!WP1014!hist14!CP1011,1
2026-07-15 07:46:45.0,1DAS11,IVVH0031,BFP A INB BRG  X  VIB,1725,HIABS,HIGH,RTN,1,0.9861,2,MILS,!WP1002!WP1006!WP1007!WP1001!WP1003!WP1014!hist14!CP1008,1
2026-07-15 07:46:45.0,1DAS11,IVVH0441,BFP A INB BRG      Y  VIB,1726,HIABS,HIGH,RTN,1,0.749589,2,MILS,!WP1002!WP1006!WP1007!WP1001!WP1003!WP1014!hist14!CP1008,1
2026-07-15 07:46:46.0,1BFB_GSM_ALM,BFB_ALM20,MARK VIE B BFPT ALARM,,STA_7,B BFPT MANUAL/DCS ERROR,ALM,5,0,0,,!WP1001!WP1002!WP1003!WP1006!WP1007!WP1014!hist14!CP1011,1
2026-07-15 07:46:51.0,1DAS11,IVVH0031,BFP A INB BRG  X  VIB,1725,HIABS,HIGH,ALM,1,3.36266,2,MILS,!WP1002!WP1006!WP1007!WP1001!WP1003!WP1014!hist14!CP1008,1
2026-07-15 07:46:51.0,1DAS11,IVVH0441,BFP A INB BRG      Y  VIB,1726,HIABS,HIGH,ALM,1,2.19345,2,MILS,!WP1002!WP1006!WP1007!WP1001!WP1003!WP1014!hist14!CP1008,1
2026-07-15 07:46:52.0,1BFA_GSM_ALM,BFA_ALM12,MARK VIE A BFPT ALARM,,STA_4,BENTLY VIBRATION ALARM,ALM,1,0,0,,!WP1001!WP1002!WP1003!WP1006!WP1007!WP1014!hist14!CP1011,1
2026-07-15 07:46:52.0,1BFB_GSM_ALM,BFB_ALM12,MARK VIE B BFPT ALARM,,STA_4,BENTLY VIBRATION ALARM,ALM,1,0,0,,!WP1001!WP1002!WP1003!WP1006!WP1007!WP1014!hist14!CP1011,1
2026-07-15 07:46:56.0,1BFA_GSM_ALM,BFA_ALM12,MARK VIE A BFPT ALARM,,STA_4,BENTLY VIBRATION OK,RTN,1,0,0,,!WP1001!WP1002!WP1003!WP1006!WP1007!WP1014!hist14!CP1011,1
2026-07-15 07:46:56.0,1BFB_GSM_ALM,BFB_ALM12,MARK VIE B BFPT ALARM,,STA_4,BENTLY VIBRATION OK,RTN,1,0,0,,!WP1001!WP1002!WP1003!WP1006!WP1007!WP1014!hist14!CP1011,1
2026-07-15 07:46:57.0,1DAS11,IVVH0031,BFP A INB BRG  X  VIB,1725,HIABS,HIGH,RTN,1,0.988007,2,MILS,!WP1002!WP1006!WP1007!WP1001!WP1003!WP1014!hist14!CP1008,1
2026-07-15 07:46:57.0,1DAS11,IVVH0441,BFP A INB BRG      Y  VIB,1726,HIABS,HIGH,RTN,1,0.722886,2,MILS,!WP1002!WP1006!WP1007!WP1001!WP1003!WP1014!hist14!CP1008,1
2026-07-15 07:46:58.1,1PDF,SLPSL0001,PULV LOW SEAL AIR HDR DIFF PRESS,,LOABS,PULV LOW SEAL AIR HDR DIFF PRESS,ALM,1,3.96416,4,INH2O,!WP1001!WP1002!WP1003!WP1006!WP1007!WP1014!hist14!CP1004,1
2026-07-15 07:46:59.1,1PDF,SLPSL0001,PULV LOW SEAL AIR HDR DIFF PRESS,,LOABS,PULV LOW SEAL AIR HDR DIFF PRESS,RTN,1,4.0002,4,INH2O,!WP1001!WP1002!WP1003!WP1006!WP1007!WP1014!hist14!CP1004,1
2026-07-15 07:47:00.1,1PDF,SLPSL0001,PULV LOW SEAL AIR HDR DIFF PRESS,,LOABS,PULV LOW SEAL AIR HDR DIFF PRESS,ALM,1,3.97324,4,INH2O,!WP1001!WP1002!WP1003!WP1006!WP1007!WP1014!hist14!CP1004,1
2026-07-15 07:47:01.1,1PDF,SLPSL0001,PULV LOW SEAL AIR HDR DIFF PRESS,,LOABS,PULV LOW SEAL AIR HDR DIFF PRESS,RTN,1,4.13848,4,INH2O,!WP1001!WP1002!WP1003!WP1006!WP1007!WP1014!hist14!CP1004,1
2026-07-15 07:47:01.0,1DAS11,IVVH0031,BFP A INB BRG  X  VIB,1725,HIABS,HIGH,ALM,1,2.0752,2,MILS,!WP1002!WP1006!WP1007!WP1001!WP1003!WP1014!hist14!CP1008,1
2026-07-15 07:47:03.0,1DAS11,IVVH0011,BFP A OUTB BRG     X  VIB,1723,HIABS,HIGH,ALM,1,2.16866,2,MILS,!WP1002!WP1006!WP1007!WP1001!WP1003!WP1014!hist14!CP1008,1
2026-07-15 07:47:03.0,1DAS11,IVVH0441,BFP A INB BRG      Y  VIB,1726,HIABS,HIGH,ALM,1,2.00653,2,MILS,!WP1002!WP1006!WP1007!WP1001!WP1003!WP1014!hist14!CP1008,1
2026-07-15 07:47:04.0,1BFA_GSM_ALM,BFA_ALM12,MARK VIE A BFPT ALARM,,STA_4,BENTLY VIBRATION ALARM,ALM,1,0,0,,!WP1001!WP1002!WP1003!WP1006!WP1007!WP1014!hist14!CP1011,1
2026-07-15 07:47:04.0,1BFB_GSM_ALM,BFB_ALM12,MARK VIE B BFPT ALARM,,STA_4,BENTLY VIBRATION ALARM,ALM,1,0,0,,!WP1001!WP1002!WP1003!WP1006!WP1007!WP1014!hist14!CP1011,1
2026-07-15 07:47:05.0,1DAS11,IVVH0011,BFP A OUTB BRG     X  VIB,1723,HIABS,HIGH,RTN,1,1.72043,2,MILS,!WP1002!WP1006!WP1007!WP1001!WP1003!WP1014!hist14!CP1008,1
2026-07-15 07:47:07.4,1MKVIE_ALM2,B1A,MARK VIE A BFPT GENERAL ALARM,,STATE,NORMAL,RTN,1,,,,!WP1001!WP1002!WP1003!WP1006!WP1007!WP1014!hist14!CP1002,1
2026-07-15 07:47:07.4,1MKVIE_ALM2,B2A,MARK VIE B BFPT GENERAL ALARM,,STATE,NORMAL,RTN,1,,,,!WP1001!WP1002!WP1003!WP1006!WP1007!WP1014!hist14!CP1002,1
2026-07-15 07:47:08.4,1BFA_GSM_ALM,BFA_ALM12,MARK VIE A BFPT ALARM,,STA_4,BENTLY VIBRATION OK,RTN,1,0,0,,!WP1001!WP1002!WP1003!WP1006!WP1007!WP1014!hist14!CP1011,1
2026-07-15 07:47:08.4,1BFB_GSM_ALM,BFB_ALM12,MARK VIE B BFPT ALARM,,STA_4,BENTLY VIBRATION OK,RTN,1,0,0,,!WP1001!WP1002!WP1003!WP1006!WP1007!WP1014!hist14!CP1011,1
2026-07-15 07:47:09.0,1DAS11,IVVH0031,BFP A INB BRG  X  VIB,1725,HIABS,HIGH,RTN,1,1.0376,2,MILS,!WP1002!WP1006!WP1007!WP1001!WP1003!WP1014!hist14!CP1008,1
2026-07-15 07:47:09.0,1DAS11,IVVH0441,BFP A INB BRG      Y  VIB,1726,HIABS,HIGH,RTN,1,0.70572,2,MILS,!WP1002!WP1006!WP1007!WP1001!WP1003!WP1014!hist14!CP1008,1
2026-07-15 07:47:12.0,1BFA_GSM_ALM,BFA_ALM20,MARK VIE A BFPT ALARM,,STA_7,A BFPT MANUAL/DCS OK,RTN,5,0,0,,!WP1001!WP1002!WP1003!WP1006!WP1007!WP1014!hist14!CP1011,1
2026-07-15 07:47:15.4,1MKVIE_ALM2,B1A,MARK VIE A BFPT GENERAL ALARM,,STATE,ALARM,ALM,1,,,,!WP1001!WP1002!WP1003!WP1006!WP1007!WP1014!hist14!CP1002,1
2026-07-15 07:47:15.4,1MKVIE_ALM2,B2A,MARK VIE B BFPT GENERAL ALARM,,STATE,ALARM,ALM,1,,,,!WP1001!WP1002!WP1003!WP1006!WP1007!WP1014!hist14!CP1002,1
2026-07-15 07:47:15.0,1DAS11,IVVH0031,BFP A INB BRG  X  VIB,1725,HIABS,HIGH,ALM,1,2.83051,2,MILS,!WP1002!WP1006!WP1007!WP1001!WP1003!WP1014!hist14!CP1008,1
2026-07-15 07:47:16.0,1BFA_GSM_ALM,BFA_ALM12,MARK VIE A BFPT ALARM,,STA_4,BENTLY VIBRATION ALARM,ALM,1,0,0,,!WP1001!WP1002!WP1003!WP1006!WP1007!WP1014!hist14!CP1011,1
2026-07-15 07:47:16.0,1BFB_GSM_ALM,BFB_ALM12,MARK VIE B BFPT ALARM,,STA_4,BENTLY VIBRATION ALARM,ALM,1,0,0,,!WP1001!WP1002!WP1003!WP1006!WP1007!WP1014!hist14!CP1011,1
2026-07-15 07:47:17.0,1DAS11,IVVH0441,BFP A INB BRG      Y  VIB,1726,HIABS,HIGH,ALM,1,2.36321,2,MILS,!WP1002!WP1006!WP1007!WP1001!WP1003!WP1014!hist14!CP1008,1
2026-07-15 07:47:18.0,1BFA_GSM_ALM,BFA_ALM20,MARK VIE A BFPT ALARM,,STA_7,A BFPT MANUAL/DCS ERROR,ALM,5,0,0,,!WP1001!WP1002!WP1003!WP1006!WP1007!WP1014!hist14!CP1011,1
2026-07-15 07:47:20.0,1BFA_GSM_ALM,BFA_ALM12,MARK VIE A BFPT ALARM,,STA_4,BENTLY VIBRATION OK,RTN,1,0,0,,!WP1001!WP1002!WP1003!WP1006!WP1007!WP1014!hist14!CP1011,1
2026-07-15 07:47:20.0,1BFB_GSM_ALM,BFB_ALM12,MARK VIE B BFPT ALARM,,STA_4,BENTLY VIBRATION OK,RTN,1,0,0,,!WP1001!WP1002!WP1003!WP1006!WP1007!WP1014!hist14!CP1011,1
2026-07-15 07:47:21.0,1DAS11,IVVH0031,BFP A INB BRG  X  VIB,1725,HIABS,HIGH,RTN,1,1.18065,2,MILS,!WP1002!WP1006!WP1007!WP1001!WP1003!WP1014!hist14!CP1008,1
2026-07-15 07:47:21.0,1DAS11,IVVH0441,BFP A INB BRG      Y  VIB,1726,HIABS,HIGH,RTN,1,0.854493,2,MILS,!WP1002!WP1006!WP1007!WP1001!WP1003!WP1014!hist14!CP1008,1
2026-07-15 07:47:27.0,1DAS11,IVVH0031,BFP A INB BRG  X  VIB,1725,HIABS,HIGH,ALM,1,2.84577,2,MILS,!WP1002!WP1006!WP1007!WP1001!WP1003!WP1014!hist14!CP1008,1
2026-07-15 07:47:28.0,1BFA_GSM_ALM,BFA_ALM12,MARK VIE A BFPT ALARM,,STA_4,BENTLY VIBRATION ALARM,ALM,1,0,0,,!WP1001!WP1002!WP1003!WP1006!WP1007!WP1014!hist14!CP1011,1
2026-07-15 07:47:28.0,1BFB_GSM_ALM,BFB_ALM12,MARK VIE B BFPT ALARM,,STA_4,BENTLY VIBRATION ALARM,ALM,1,0,0,,!WP1001!WP1002!WP1003!WP1006!WP1007!WP1014!hist14!CP1011,1
2026-07-15 07:47:31.0,1DAS11,IVVH0441,BFP A INB BRG      Y  VIB,1726,HIABS,HIGH,ALM,1,2.18773,2,MILS,!WP1002!WP1006!WP1007!WP1001!WP1003!WP1014!hist14!CP1008,1
2026-07-15 07:47:32.4,1BFA_GSM_ALM,BFA_ALM14,MARK VIE A BFPT ALARM,,STA_7,SPD DEV FROM SETPOINT,ALM,5,0,0,,!WP1001!WP1002!WP1003!WP1006!WP1007!WP1014!hist14!CP1011,1
2026-07-15 07:47:34.4,1BFA_GSM_ALM,BFA_ALM14,MARK VIE A BFPT ALARM,,STA_7,SPD DEV OK,RTN,5,0,0,,!WP1001!WP1002!WP1003!WP1006!WP1007!WP1014!hist14!CP1011,1
2026-07-15 07:47:44.0,1BFA_GSM_ALM,BFA_ALM12,MARK VIE A BFPT ALARM,,STA_4,BENTLY VIBRATION OK,RTN,1,0,0,,!WP1001!WP1002!WP1003!WP1006!WP1007!WP1014!hist14!CP1011,1
2026-07-15 07:47:44.0,1BFB_GSM_ALM,BFB_ALM12,MARK VIE B BFPT ALARM,,STA_4,BENTLY VIBRATION OK,RTN,1,0,0,,!WP1001!WP1002!WP1003!WP1006!WP1007!WP1014!hist14!CP1011,1
2026-07-15 07:47:45.0,1DAS11,IVVH0031,BFP A INB BRG  X  VIB,1725,HIABS,HIGH,RTN,1,1.67656,2,MILS,!WP1002!WP1006!WP1007!WP1001!WP1003!WP1014!hist14!CP1008,1
2026-07-15 07:47:45.0,1DAS11,IVVH0441,BFP A INB BRG      Y  VIB,1726,HIABS,HIGH,RTN,1,1.57547,2,MILS,!WP1002!WP1006!WP1007!WP1001!WP1003!WP1014!hist14!CP1008,1
2026-07-15 07:47:48.0,1MISC,B143,AUX ATM VLV DEV ALM,,STATE,DEVIATION,ALM,5,,,,!WP1001!WP1002!WP1003!WP1006!WP1007!WP1014!hist14!CP1002,1
2026-07-15 07:48:06.0,1BFA_GSM_ALM,BFA_ALM14,MARK VIE A BFPT ALARM,,STA_7,SPD DEV FROM SETPOINT,ALM,5,0,0,,!WP1001!WP1002!WP1003!WP1006!WP1007!WP1014!hist14!CP1011,1
2026-07-15 07:48:15.4,1MKVIE_ALM2,B1A,MARK VIE A BFPT GENERAL ALARM,,STATE,NORMAL,RTN,1,,,,!WP1001!WP1002!WP1003!WP1006!WP1007!WP1014!hist14!CP1002,1
2026-07-15 07:48:15.4,1MKVIE_ALM2,B2A,MARK VIE B BFPT GENERAL ALARM,,STATE,NORMAL,RTN,1,,,,!WP1001!WP1002!WP1003!WP1006!WP1007!WP1014!hist14!CP1002,1
2026-07-15 07:48:24.0,1BFA_GSM_ALM,BFA_ALM14,MARK VIE A BFPT ALARM,,STA_7,SPD DEV OK,RTN,5,0,0,,!WP1001!WP1002!WP1003!WP1006!WP1007!WP1014!hist14!CP1011,1
2026-07-15 07:48:42.1,1BFA_GSM_ALM,BFA_ALM14,MARK VIE A BFPT ALARM,,STA_7,SPD DEV FROM SETPOINT,ALM,5,0,0,,!WP1001!WP1002!WP1003!WP1006!WP1007!WP1014!hist14!CP1011,1
2026-07-15 07:48:46.1,1BFA_GSM_ALM,BFA_ALM14,MARK VIE A BFPT ALARM,,STA_7,SPD DEV OK,RTN,5,0,0,,!WP1001!WP1002!WP1003!WP1006!WP1007!WP1014!hist14!CP1011,1
2026-07-15 07:50:06.7,1MISC,B10,COOLING TOWER LEVEL CONTROL,,LOOUT,,RTN,5,3.00664,0.001,%,!WP1001!WP1002!WP1003!WP1006!WP1007!WP1014!hist14!CP1002,1
2026-07-15 07:51:59.1,1SCRA_IDSAV,SLPDI5416A,A IDMPR SCR SA PSG TO FG DUCT DP,,LOABS,SCR A IN DMPR SEAL DP LOW (SERV),ALM,5,1.95762,2,INH2O,!hist14!CP1016,2
2026-07-15 07:52:06.1,1SCRA_IDSAV,SLPDI5416A,A IDMPR SCR SA PSG TO FG DUCT DP,,LOABS,SCR A IN DMPR SEAL DP LOW (SERV),RTN,5,2.2168,2,INH2O,!hist14!CP1016,2
2026-07-15 07:56:59.1,1SCRA_IDSAV,SLPDI5416A,A IDMPR SCR SA PSG TO FG DUCT DP,,LOABS,SCR A IN DMPR SEAL DP LOW (SERV),ALM,5,1.99609,2,INH2O,!hist14!CP1016,2
2026-07-15 07:57:02.1,1SCRA_IDSAV,SLPDI5416A,A IDMPR SCR SA PSG TO FG DUCT DP,,LOABS,SCR A IN DMPR SEAL DP LOW (SERV),RTN,5,2.21973,2,INH2O,!hist14!CP1016,2
2026-07-15 07:58:49.4,1AR_LS,DEV_5803,LS SYS B,,STATE,VALVE 5803 DEVIATION,ALM,3,,,,!WP1001!WP1002!WP1003!WP1006!WP1007!WP1014!hist14!CP1017,1
2026-07-15 07:59:24.4,1AR_LS,DEV_5803,LS SYS B,,STATE,,RTN,3,,,,!WP1001!WP1002!WP1003!WP1006!WP1007!WP1014!hist14!CP1017,1
2026-07-15 08:02:19.6,1TC,B21,DROOP ACTIVE,DROOP,STATE,ACTIVE,ALM,5,,,,!hist14!CP1001,2
2026-07-15 08:02:22.1,1TC,B21,DROOP ACTIVE,DROOP,STATE,NORMAL,RTN,5,,,,!hist14!CP1001,2
2026-07-15 08:03:28.9,1MELIM,ZDS5504,WET/DRY INTFC VLV  DM DEV,,LODEV,LOW DEVIATION ALARM,RTN,3,46.6934,42.5,%,!hist14!CP1017,2
2026-07-15 08:04:29.9,1MELIM,ZDS5504,WET/DRY INTFC VLV  DM DEV,,HIDEV,HIGH DEVIATION ALARM,ALM,3,98.7598,5,%,!hist14!CP1017,2
2026-07-15 08:11:49.0,1MELIM,ZDS5504,WET/DRY INTFC VLV  DM DEV,,HIDEV,HIGH DEVIATION ALARM,RTN,3,54.2188,57.5,%,!hist14!CP1017,2
2026-07-15 08:12:46.1,1SCRA_IDSAV,SLPDI5416A,A IDMPR SCR SA PSG TO FG DUCT DP,,LOABS,SCR A IN DMPR SEAL DP LOW (SERV),ALM,5,1.99707,2,INH2O,!hist14!CP1016,2
2026-07-15 08:12:49.6,1SCRA_IDSAV,SLPDI5416A,A IDMPR SCR SA PSG TO FG DUCT DP,,LOABS,SCR A IN DMPR SEAL DP LOW (SERV),RTN,5,2.20781,2,INH2O,!hist14!CP1016,2
2026-07-15 08:13:21.0,1MELIM,ZDS5504,WET/DRY INTFC VLV  DM DEV,,HIDEV,HIGH DEVIATION ALARM,ALM,3,98.5645,5,%,!hist14!CP1017,2
2026-07-15 08:26:50.0,1MELIM,ZDS5504,WET/DRY INTFC VLV  DM DEV,,HIDEV,HIGH DEVIATION ALARM,RTN,3,54.0566,57.5,%,!hist14!CP1017,2
2026-07-15 08:28:21.0,1MELIM,ZDS5504,WET/DRY INTFC VLV  DM DEV,,HIDEV,HIGH DEVIATION ALARM,ALM,3,99.0371,5,%,!hist14!CP1017,2
2026-07-15 08:29:47.3,PAC_PLC,ACI_FDR_A_TR,ACI FDR A AC-WIC-5007 TRBLE ALM,,CHANGE,PAC FEEDER A TROUBLE,ALM,1,,,,!WP1001!WP1002!WP1003!WP1006!WP1007!WP1014!hist14!CP1003,1
2026-07-15 08:29:51.3,PAC_PLC,ACI_FDR_A_TR,ACI FDR A AC-WIC-5007 TRBLE ALM,,CHANGE,PAC FEEDER A TROUBLE,ALM,1,,,,!WP1001!WP1002!WP1003!WP1006!WP1007!WP1014!hist14!CP1003,1
2026-07-15 08:34:04.1,1DAS11,IAAH3281,COND PUMP DISCH   SILICA,1233,HIABS,HIGH,ALM,1,10.123,10,ppb,!WP1002!WP1006!WP1007!WP1001!WP1003!WP1014!hist14!CP1008,1
2026-07-15 08:41:50.0,1MELIM,ZDS5504,WET/DRY INTFC VLV  DM DEV,,HIDEV,HIGH DEVIATION ALARM,RTN,3,54.1172,57.5,%,!hist14!CP1017,2
2026-07-15 08:43:21.0,1MELIM,ZDS5504,WET/DRY INTFC VLV  DM DEV,,HIDEV,HIGH DEVIATION ALARM,ALM,3,98.9746,5,%,!hist14!CP1017,2
2026-07-15 08:44:00.1,1DAS11,IAAH3281,COND PUMP DISCH   SILICA,1233,HIABS,HIGH,RTN,1,7.99805,10,ppb,!WP1002!WP1006!WP1007!WP1001!WP1003!WP1014!hist14!CP1008,1
2026-07-15 08:44:55.1,1DAS11,DRUMCC01,DRUM WATER CC    CALL LAB,1651,HIABS,DRUM WATER CC HI. CALL LAB,RTN,1,1.23838,1.4,PPB,!WP1002!WP1006!WP1007!WP1001!WP1003!WP1014!hist14!CP1008,1
2026-07-15 08:45:20.6,1DAS11,IACE3091,DRUM WATER CATION COND-SEC,1459,HIABS,HIGH,RTN,2,1.14922,1.4,US/CM,!WP1002!WP1006!WP1007!WP1001!WP1003!WP1014!hist14!CP1008,1
2026-07-15 08:45:26.1,1DAS10,IACE3261,DRUM WTR SC H/L CALL LAB ASAP,1458,LOABS,LOW,ALM,1,2.19734,2.2,US/CM,!WP1002!WP1006!WP1007!WP1001!WP1003!WP1014!hist14!CP1008,1
2026-07-15 08:45:43.1,1DAS10,IDSCW1458,DRUM WATER        SPECIFIC COND,1458,LOABS,LOW,ALM,1,1.99625,2,UMHO/C,!WP1002!WP1006!WP1007!WP1001!WP1003!WP1014!hist14!CP1008,1
2026-07-15 08:45:49.5,1MELIM,ZDS5504,WET/DRY INTFC VLV  DM DEV,,HIDEV,HIGH DEVIATION ALARM,RTN,3,54.1172,57.5,%,!hist14!CP1017,2
2026-07-15 08:46:50.5,1MELIM,ZDS5504,WET/DRY INTFC VLV  DM DEV,,LODEV,LOW DEVIATION ALARM,ALM,3,-1.23242,95,%,!hist14!CP1017,2
2026-07-15 08:51:56.8,1SBRS,B13,R.H. SOOT BLOWING REG FBK,,HIABS,R.H. SOOTBLOWER FB @ 90%,ALM,5,90.0137,90,PCT,!WP1002!WP1006!WP1007!WP1001!WP1003!WP1014!hist14!CP1009,1
2026-07-15 08:57:08.3,1SBRS,B13,R.H. SOOT BLOWING REG FBK,,HIABS,R.H. SOOTBLOWER FB @ 90%,RTN,5,86.6934,90,PCT,!WP1002!WP1006!WP1007!WP1001!WP1003!WP1014!hist14!CP1009,1
2026-07-15 08:58:50.5,1AR_LS,DEV_5803,LS SYS B,,STATE,VALVE 5803 DEVIATION,ALM,3,,,,!WP1001!WP1002!WP1003!WP1006!WP1007!WP1014!hist14!CP1017,1
2026-07-15 08:59:46.0,1AR_LS,DEV_5803,LS SYS B,,STATE,,RTN,3,,,,!WP1001!WP1002!WP1003!WP1006!WP1007!WP1014!hist14!CP1017,1
2026-07-15 09:05:43.8,1MSMISC,SGJB020A,1B AIR COMPRESSOR,,STATE,,RTN,3,,,,!WP1001!WP1002!WP1003!WP1006!WP1007!WP1014!hist14!CP1003,1
2026-07-15 09:05:43.3,1MSMISC,SGJB020A,1B AIR COMPRESSOR,,STATE,MALFUNCTION OR TAGGED OUT,ALM,3,,,,!WP1001!WP1002!WP1003!WP1006!WP1007!WP1014!hist14!CP1003,1
2026-07-15 09:06:45.0,1MISC,B10,COOLING TOWER LEVEL CONTROL,,LOOUT,,ALM,5,0,0.001,%,!WP1001!WP1002!WP1003!WP1006!WP1007!WP1014!hist14!CP1002,1
2026-07-15 09:16:08.1,1DAS11,ISPT0241,SERVICE AIR PRS,1646,LOABS,LOW,ALM,3,89.9854,90,PG,!WP1002!WP1006!WP1007!WP1001!WP1003!WP1014!hist14!CP1008,1
2026-07-15 09:17:04.1,1DAS11,ISPT0241,SERVICE AIR PRS,1646,LOABS,LOW,RTN,3,90.0322,90,PG,!WP1002!WP1006!WP1007!WP1001!WP1003!WP1014!hist14!CP1008,1
2026-07-15 09:18:51.1,1DAS11,ISPT0241,SERVICE AIR PRS,1646,LOABS,LOW,ALM,3,89.9707,90,PG,!WP1002!WP1006!WP1007!WP1001!WP1003!WP1014!hist14!CP1008,1
2026-07-15 09:19:14.1,1DAS11,ISPT0241,SERVICE AIR PRS,1646,LOABS,LOW,RTN,3,90.0234,90,PG,!WP1002!WP1006!WP1007!WP1001!WP1003!WP1014!hist14!CP1008,1
2026-07-15 09:21:30.1,1DAS11,ISPT0241,SERVICE AIR PRS,1646,LOABS,LOW,ALM,3,89.9941,90,PG,!WP1002!WP1006!WP1007!WP1001!WP1003!WP1014!hist14!CP1008,1
2026-07-15 09:21:46.1,1DAS11,ISPT0241,SERVICE AIR PRS,1646,LOABS,LOW,RTN,3,90.0322,90,PG,!WP1002!WP1006!WP1007!WP1001!WP1003!WP1014!hist14!CP1008,1
2026-07-15 09:23:03.5,1MELIM,ZDS5504,WET/DRY INTFC VLV  DM DEV,,LODEV,LOW DEVIATION ALARM,RTN,3,46.6367,42.5,%,!hist14!CP1017,2
2026-07-15 09:25:17.0,1MELIM,ZDS5504,WET/DRY INTFC VLV  DM DEV,,HIDEV,HIGH DEVIATION ALARM,ALM,3,98.709,5,%,!hist14!CP1017,2
2026-07-15 09:38:46.0,1MELIM,ZDS5504,WET/DRY INTFC VLV  DM DEV,,HIDEV,HIGH DEVIATION ALARM,RTN,3,54.0566,57.5,%,!hist14!CP1017,2
2026-07-15 09:40:17.0,1MELIM,ZDS5504,WET/DRY INTFC VLV  DM DEV,,HIDEV,HIGH DEVIATION ALARM,ALM,3,98.8965,5,%,!hist14!CP1017,2
2026-07-15 09:46:17.6,ASH_DCS,PLC_TRB,ASH PLC TROUBLE ALARM,ASH PLC,STATE,NORMAL,RTN,3,,,,!WP1002!WP1006!WP1007!WP1001!WP1003!WP1014!hist14!CP1006,1
2026-07-15 09:47:14.2,1DAS10,IDSCW1458,DRUM WATER        SPECIFIC COND,1458,LOABS,LOW,RTN,1,2.29969,2,UMHO/C,!WP1002!WP1006!WP1007!WP1001!WP1003!WP1014!hist14!CP1008,1
2026-07-15 09:47:26.2,1DAS10,IACE3261,DRUM WTR SC H/L CALL LAB ASAP,1458,LOABS,LOW,RTN,1,2.40687,2.2,US/CM,!WP1002!WP1006!WP1007!WP1001!WP1003!WP1014!hist14!CP1008,1
2026-07-15 09:47:27.2,1DAS11,IACE3091,DRUM WATER CATION COND-SEC,1459,HIABS,HIGH,ALM,2,1.41172,1.4,US/CM,!WP1002!WP1006!WP1007!WP1001!WP1003!WP1014!hist14!CP1008,1
2026-07-15 09:47:42.2,1DAS11,DRUMCC01,DRUM WATER CC    CALL LAB,1651,HIABS,DRUM WATER CC HI. CALL LAB,ALM,1,1.46143,1.4,PPB,!WP1002!WP1006!WP1007!WP1001!WP1003!WP1014!hist14!CP1008,1
2026-07-15 09:52:34.4,IDFAN_PEEC,OPCY_ALM,PRECIP OUT > 50%,PRECIP OUTLET,STATE,ALARM,ALM,3,,,,!WP1001!WP1002!WP1003!WP1006!WP1007!WP1014!hist14!CP1003,1
2026-07-15 09:52:37.0,IDFAN_PEEC,OPCY_ALM,PRECIP OUT > 50%,PRECIP OUTLET,STATE,NORMAL,RTN,3,,,,!WP1001!WP1002!WP1003!WP1006!WP1007!WP1014!hist14!CP1003,1
2026-07-15 09:53:46.0,1MELIM,ZDS5504,WET/DRY INTFC VLV  DM DEV,,HIDEV,HIGH DEVIATION ALARM,RTN,3,54.0195,57.5,%,!hist14!CP1017,2
2026-07-15 09:54:30.7,1DAS11,IACE3091,DRUM WATER CATION COND-SEC,1459,IOBAD,,ALM,5,,,,!WP1002!WP1006!WP1007!WP1001!WP1003!WP1014!hist14!CP1008,1
2026-07-15 09:55:17.0,1MELIM,ZDS5504,WET/DRY INTFC VLV  DM DEV,,HIDEV,HIGH DEVIATION ALARM,ALM,3,98.7852,5,%,!hist14!CP1017,2
2026-07-15 09:58:51.5,1AR_LS,DEV_5803,LS SYS B,,STATE,VALVE 5803 DEVIATION,ALM,3,,,,!WP1001!WP1002!WP1003!WP1006!WP1007!WP1014!hist14!CP1017,1
2026-07-15 09:59:45.0,1AR_LS,DEV_5803,LS SYS B,,STATE,,RTN,3,,,,!WP1001!WP1002!WP1003!WP1006!WP1007!WP1014!hist14!CP1017,1
2026-07-15 10:08:46.0,1MELIM,ZDS5504,WET/DRY INTFC VLV  DM DEV,,HIDEV,HIGH DEVIATION ALARM,RTN,3,53.9434,57.5,%,!hist14!CP1017,2
2026-07-15 10:09:06.8,1SBRS,B13,R.H. SOOT BLOWING REG FBK,,HIABS,R.H. SOOTBLOWER FB @ 90%,ALM,5,90.1992,90,PCT,!WP1002!WP1006!WP1007!WP1001!WP1003!WP1014!hist14!CP1009,1
2026-07-15 10:10:17.0,1MELIM,ZDS5504,WET/DRY INTFC VLV  DM DEV,,HIDEV,HIGH DEVIATION ALARM,ALM,3,98.7129,5,%,!hist14!CP1017,2
2026-07-15 10:10:56.5,1MELIM,ZDS5504,WET/DRY INTFC VLV  DM DEV,,HIDEV,HIGH DEVIATION ALARM,RTN,3,53.9492,57.5,%,!hist14!CP1017,2
2026-07-15 10:11:09.7,1BCS_7,IKTE3751,REHEAT TEMP RIGHT (REDUNDANT),,HIABS,HIGH,ALM,1,1012.18,1012.18,DEG.F,!WP1002!WP1006!WP1007!WP1001!WP1003!WP1014!hist14!CP1007,1
2026-07-15 10:11:27.7,1BCS_7,IKTE3451,REHEAT TEMP RIGHT (NORM),,HIABS,HIGH,ALM,1,1012.2,1012.18,DEG.F,!WP1002!WP1006!WP1007!WP1001!WP1003!WP1014!hist14!CP1007,1
2026-07-15 10:11:37.1,IDFAN_PEEC,OPCY_ALM,PRECIP OUT > 50%,PRECIP OUTLET,STATE,ALARM,ALM,3,,,,!WP1001!WP1002!WP1003!WP1006!WP1007!WP1014!hist14!CP1003,1
2026-07-15 10:11:43.4,IDFAN_PEEC,OPCY_ALM,PRECIP OUT > 50%,PRECIP OUTLET,STATE,NORMAL,RTN,3,,,,!WP1001!WP1002!WP1003!WP1006!WP1007!WP1014!hist14!CP1003,1
2026-07-15 10:11:51.2,1BCS_7,IKTE3741,REHEAT TEMP LEFT (REDUNDANT),,HIABS,HIGH,ALM,1,1012.2,1012.18,DEG.F,!WP1002!WP1006!WP1007!WP1001!WP1003!WP1014!hist14!CP1007,1
2026-07-15 10:11:57.5,1MELIM,ZDS5504,WET/DRY INTFC VLV  DM DEV,,LODEV,LOW DEVIATION ALARM,ALM,3,-1.23438,95,%,!hist14!CP1017,2
2026-07-15 10:11:58.7,1BCS_7,IKTE3441,REHEAT TEMP LEFT (NORM),,HIABS,HIGH,ALM,1,1012.19,1012.18,DEG.F,!WP1002!WP1006!WP1007!WP1001!WP1003!WP1014!hist14!CP1007,1
2026-07-15 10:13:25.6,1SCR_B_NH3,NOX_ERR_HIGH,SCR B NOX ERROR   HIGH,,STATE,ALARM,ALM,1,,,,!WP1001!WP1002!WP1003!WP1006!WP1007!WP1014!hist14!CP1016,1
2026-07-15 10:15:58.7,1BCS_7,IKTE3441,REHEAT TEMP LEFT (NORM),,HIABS,HIGH,RTN,1,1007.18,1012.18,DEG.F,!WP1002!WP1006!WP1007!WP1001!WP1003!WP1014!hist14!CP1007,1
2026-07-15 10:16:04.0,1STM_GSM_ALM,STM_ALM2,MARK VIE STEAM SEAL ALARM,,STA_5,STM SEAL DIV VLV TO CNDR OK,RTN,3,0,0,,!WP1001!WP1002!WP1003!WP1006!WP1007!WP1014!hist14!CP1011,1
2026-07-15 10:16:09.6,1SCRA_IDSAV,SLPDI5416A,A IDMPR SCR SA PSG TO FG DUCT DP,,LOABS,SCR A IN DMPR SEAL DP LOW (SERV),ALM,5,1.99863,2,INH2O,!hist14!CP1016,2
2026-07-15 10:16:15.2,1BCS_7,IKTE3741,REHEAT TEMP LEFT (REDUNDANT),,HIABS,HIGH,RTN,1,1007.17,1012.18,DEG.F,!WP1002!WP1006!WP1007!WP1001!WP1003!WP1014!hist14!CP1007,1
2026-07-15 10:16:21.6,1SCRA_IDSAV,SLPDI5416A,A IDMPR SCR SA PSG TO FG DUCT DP,,LOABS,SCR A IN DMPR SEAL DP LOW (SERV),RTN,5,2.22422,2,INH2O,!hist14!CP1016,2
2026-07-15 10:16:35.3,1SBRS,B13,R.H. SOOT BLOWING REG FBK,,HIABS,R.H. SOOTBLOWER FB @ 90%,RTN,5,89.9512,90,PCT,!WP1002!WP1006!WP1007!WP1001!WP1003!WP1014!hist14!CP1009,1
2026-07-15 10:16:39.6,1SCRA_IDSAV,SLPDI5416A,A IDMPR SCR SA PSG TO FG DUCT DP,,LOABS,SCR A IN DMPR SEAL DP LOW (SERV),ALM,5,1.97539,2,INH2O,!hist14!CP1016,2
2026-07-15 10:16:46.6,1SCRA_IDSAV,SLPDI5416A,A IDMPR SCR SA PSG TO FG DUCT DP,,LOABS,SCR A IN DMPR SEAL DP LOW (SERV),RTN,5,2.22129,2,INH2O,!hist14!CP1016,2
2026-07-15 10:17:32.6,1SCRA_IDSAV,SLPDI5416A,A IDMPR SCR SA PSG TO FG DUCT DP,,LOABS,SCR A IN DMPR SEAL DP LOW (SERV),ALM,5,1.99824,2,INH2O,!hist14!CP1016,2
2026-07-15 10:17:56.1,1SCRA_IDSAV,SLPDI5416A,A IDMPR SCR SA PSG TO FG DUCT DP,,LOABS,SCR A IN DMPR SEAL DP LOW (SERV),RTN,5,2.20332,2,INH2O,!hist14!CP1016,2
2026-07-15 10:20:33.1,1SCRA_IDSAV,SLPDI5416A,A IDMPR SCR SA PSG TO FG DUCT DP,,LOABS,SCR A IN DMPR SEAL DP LOW (SERV),ALM,5,1.96719,2,INH2O,!hist14!CP1016,2
2026-07-15 10:20:39.6,1SCRA_IDSAV,SLPDI5416A,A IDMPR SCR SA PSG TO FG DUCT DP,,LOABS,SCR A IN DMPR SEAL DP LOW (SERV),RTN,5,2.23223,2,INH2O,!hist14!CP1016,2
2026-07-15 10:20:58.2,1BCS_7,IKTE3451,REHEAT TEMP RIGHT (NORM),,HIABS,HIGH,RTN,1,1007.17,1012.18,DEG.F,!WP1002!WP1006!WP1007!WP1001!WP1003!WP1014!hist14!CP1007,1
2026-07-15 10:21:31.2,1BCS_7,IKTE3751,REHEAT TEMP RIGHT (REDUNDANT),,HIABS,HIGH,RTN,1,1007.12,1012.18,DEG.F,!WP1002!WP1006!WP1007!WP1001!WP1003!WP1014!hist14!CP1007,1
2026-07-15 10:23:17.1,1SCR_B_NH3,NOX_ERR_HIGH,SCR B NOX ERROR   HIGH,,STATE,NORMAL,RTN,1,,,,!WP1001!WP1002!WP1003!WP1006!WP1007!WP1014!hist14!CP1016,1
2026-07-15 10:24:17.1,1SCRA_IDSAV,SLPDI5416A,A IDMPR SCR SA PSG TO FG DUCT DP,,LOABS,SCR A IN DMPR SEAL DP LOW (SERV),ALM,5,1.99434,2,INH2O,!hist14!CP1016,2
2026-07-15 10:24:24.6,1SCRA_IDSAV,SLPDI5416A,A IDMPR SCR SA PSG TO FG DUCT DP,,LOABS,SCR A IN DMPR SEAL DP LOW (SERV),RTN,5,2.2125,2,INH2O,!hist14!CP1016,2
2026-07-15 10:25:57.6,1SCRA_IDSAV,SLPDI5416A,A IDMPR SCR SA PSG TO FG DUCT DP,,LOABS,SCR A IN DMPR SEAL DP LOW (SERV),ALM,5,1.98848,2,INH2O,!hist14!CP1016,2
2026-07-15 10:26:00.6,1SCRA_IDSAV,SLPDI5416A,A IDMPR SCR SA PSG TO FG DUCT DP,,LOABS,SCR A IN DMPR SEAL DP LOW (SERV),RTN,5,2.22402,2,INH2O,!hist14!CP1016,2
2026-07-15 10:28:16.0,1MISC,B10,COOLING TOWER LEVEL CONTROL,,LOOUT,,RTN,5,3.01379,0.001,%,!WP1001!WP1002!WP1003!WP1006!WP1007!WP1014!hist14!CP1002,1
2026-07-15 10:29:47.6,1SCRA_IDSAV,SLPDI5416A,A IDMPR SCR SA PSG TO FG DUCT DP,,LOABS,SCR A IN DMPR SEAL DP LOW (SERV),ALM,5,1.99961,2,INH2O,!hist14!CP1016,2
2026-07-15 10:29:59.6,1SCRA_IDSAV,SLPDI5416A,A IDMPR SCR SA PSG TO FG DUCT DP,,LOABS,SCR A IN DMPR SEAL DP LOW (SERV),RTN,5,2.23184,2,INH2O,!hist14!CP1016,2
2026-07-15 10:30:32.1,1SCRA_IDSAV,SLPDI5416A,A IDMPR SCR SA PSG TO FG DUCT DP,,LOABS,SCR A IN DMPR SEAL DP LOW (SERV),ALM,5,1.98828,2,INH2O,!hist14!CP1016,2
2026-07-15 10:30:38.6,1SCRA_IDSAV,SLPDI5416A,A IDMPR SCR SA PSG TO FG DUCT DP,,LOABS,SCR A IN DMPR SEAL DP LOW (SERV),RTN,5,2.23809,2,INH2O,!hist14!CP1016,2
2026-07-15 10:31:22.1,1SCRA_IDSAV,SLPDI5416A,A IDMPR SCR SA PSG TO FG DUCT DP,,LOABS,SCR A IN DMPR SEAL DP LOW (SERV),ALM,5,1.9957,2,INH2O,!hist14!CP1016,2
2026-07-15 10:31:42.1,1SCRA_IDSAV,SLPDI5416A,A IDMPR SCR SA PSG TO FG DUCT DP,,LOABS,SCR A IN DMPR SEAL DP LOW (SERV),RTN,5,2.20039,2,INH2O,!hist14!CP1016,2
2026-07-15 10:31:58.9,1MSPULV,PUMAC011,PULV MILL C AMPS,,HHABS,,ALM,5,182.465,140,AMPS,!WP1001!WP1002!WP1003!WP1006!WP1007!WP1014!hist14!CP1003,1
2026-07-15 10:31:59.9,1MSPULV,PUMAC011,PULV MILL C AMPS,,HHABS,,RTN,5,80.5742,140,AMPS,!WP1001!WP1002!WP1003!WP1006!WP1007!WP1014!hist14!CP1003,1
2026-07-15 10:32:09.6,1SCRA_IDSAV,SLPDI5416A,A IDMPR SCR SA PSG TO FG DUCT DP,,LOABS,SCR A IN DMPR SEAL DP LOW (SERV),ALM,5,1.98398,2,INH2O,!hist14!CP1016,2
2026-07-15 10:32:27.7,1DAS11,IACE3091,DRUM WATER CATION COND-SEC,1459,IOBAD,,RTN,5,,,,!WP1002!WP1006!WP1007!WP1001!WP1003!WP1014!hist14!CP1008,1
2026-07-15 10:32:39.3,1BWCP_PURGE,OUTLET_TEMP,BWCP PURGE COOLER OUTLET TEMP,,HIABS,,ALM,2,105.039,105,DEGF,!WP1001!WP1002!WP1003!WP1006!WP1007!WP1014!hist14!CP1005,1
2026-07-15 10:32:49.6,1SCRA_IDSAV,SLPDI5416A,A IDMPR SCR SA PSG TO FG DUCT DP,,LOABS,SCR A IN DMPR SEAL DP LOW (SERV),RTN,5,2.21973,2,INH2O,!hist14!CP1016,2
2026-07-15 10:33:02.6,1SCRA_IDSAV,SLPDI5416A,A IDMPR SCR SA PSG TO FG DUCT DP,,LOABS,SCR A IN DMPR SEAL DP LOW (SERV),ALM,5,1.99453,2,INH2O,!hist14!CP1016,2
2026-07-15 10:33:22.1,1SCRA_IDSAV,SLPDI5416A,A IDMPR SCR SA PSG TO FG DUCT DP,,LOABS,SCR A IN DMPR SEAL DP LOW (SERV),RTN,5,2.21602,2,INH2O,!hist14!CP1016,2
2026-07-15 10:34:35.9,1MSBWC,BWCSC011,BWCP C AMPS,,DISABL,ALARM DETECTION DISABLED,,1,,,AMPS,!WP1001!WP1002!WP1003!WP1006!WP1007!WP1014!hist14!CP1003,1
2026-07-15 10:34:36.2,1DAS9,ISFS9221,BWCP C COOL WATER FLOW,2090,STATE,ALM,ALM,3,,,,!WP1002!WP1006!WP1007!WP1001!WP1003!WP1014!hist14!CP1007,1
2026-07-15 10:34:45.6,1SCRA_IDSAV,SLPDI5416A,A IDMPR SCR SA PSG TO FG DUCT DP,,LOABS,SCR A IN DMPR SEAL DP LOW (SERV),ALM,5,1.98418,2,INH2O,!hist14!CP1016,2
2026-07-15 10:34:52.6,1SCRA_IDSAV,SLPDI5416A,A IDMPR SCR SA PSG TO FG DUCT DP,,LOABS,SCR A IN DMPR SEAL DP LOW (SERV),RTN,5,2.2207,2,INH2O,!hist14!CP1016,2
2026-07-15 10:35:08.9,1MSBWC,BWCSC011,BWCP C AMPS,,ENABLE,ALARM DETECTION ENABLED,,1,,,AMPS,!WP1001!WP1002!WP1003!WP1006!WP1007!WP1014!hist14!CP1003,1
2026-07-15 10:35:22.8,1AB_SURGEA,FCVA153AL,LINE A TO SILO    B,TRANSPORT LIN,STATE,FAIL,ALM,3,,,,!WP1002!WP1011!WP1001!hist14!CP1020,1
2026-07-15 10:35:25.3,1AB_SURGEA,FCVA153AL,LINE A TO SILO    B,TRANSPORT LIN,STATE,OK,RTN,3,,,,!WP1002!WP1011!WP1001!hist14!CP1020,1
2026-07-15 10:35:37.0,1MISC,B143,AUX ATM VLV DEV ALM,,STATE,NORMAL,RTN,5,,,,!WP1001!WP1002!WP1003!WP1006!WP1007!WP1014!hist14!CP1002,1
2026-07-15 10:35:43.6,1SCRA_IDSAV,SLPDI5416A,A IDMPR SCR SA PSG TO FG DUCT DP,,LOABS,SCR A IN DMPR SEAL DP LOW (SERV),ALM,5,1.98711,2,INH2O,!hist14!CP1016,2
2026-07-15 10:35:55.6,1SCRA_IDSAV,SLPDI5416A,A IDMPR SCR SA PSG TO FG DUCT DP,,LOABS,SCR A IN DMPR SEAL DP LOW (SERV),RTN,5,2.21328,2,INH2O,!hist14!CP1016,2
2026-07-15 10:36:46.1,1SCRA_IDSAV,SLPDI5416A,A IDMPR SCR SA PSG TO FG DUCT DP,,LOABS,SCR A IN DMPR SEAL DP LOW (SERV),ALM,5,1.99629,2,INH2O,!hist14!CP1016,2
2026-07-15 10:36:59.6,1SCRA_IDSAV,SLPDI5416A,A IDMPR SCR SA PSG TO FG DUCT DP,,LOABS,SCR A IN DMPR SEAL DP LOW (SERV),RTN,5,2.21719,2,INH2O,!hist14!CP1016,2
2026-07-15 10:37:33.6,1SCRA_IDSAV,SLPDI5416A,A IDMPR SCR SA PSG TO FG DUCT DP,,LOABS,SCR A IN DMPR SEAL DP LOW (SERV),ALM,5,1.9875,2,INH2O,!hist14!CP1016,2
2026-07-15 10:37:43.1,1SCRA_IDSAV,SLPDI5416A,A IDMPR SCR SA PSG TO FG DUCT DP,,LOABS,SCR A IN DMPR SEAL DP LOW (SERV),RTN,5,2.22227,2,INH2O,!hist14!CP1016,2
2026-07-15 10:38:20.1,1SCRA_IDSAV,SLPDI5416A,A IDMPR SCR SA PSG TO FG DUCT DP,,LOABS,SCR A IN DMPR SEAL DP LOW (SERV),ALM,5,1.99375,2,INH2O,!hist14!CP1016,2
2026-07-15 10:38:27.6,1SCRA_IDSAV,SLPDI5416A,A IDMPR SCR SA PSG TO FG DUCT DP,,LOABS,SCR A IN DMPR SEAL DP LOW (SERV),RTN,5,2.21191,2,INH2O,!hist14!CP1016,2
2026-07-15 10:39:15.6,1SCRA_IDSAV,SLPDI5416A,A IDMPR SCR SA PSG TO FG DUCT DP,,LOABS,SCR A IN DMPR SEAL DP LOW (SERV),ALM,5,1.95684,2,INH2O,!hist14!CP1016,2
2026-07-15 10:39:46.6,1SCRA_IDSAV,SLPDI5416A,A IDMPR SCR SA PSG TO FG DUCT DP,,LOABS,SCR A IN DMPR SEAL DP LOW (SERV),RTN,5,2.21152,2,INH2O,!hist14!CP1016,2
2026-07-15 10:39:49.4,1MSPULV,PUMAH011,PULV MILL H AMPS,,HHABS,,ALM,5,175.031,140,AMPS,!WP1001!WP1002!WP1003!WP1006!WP1007!WP1014!hist14!CP1003,1
2026-07-15 10:39:50.4,1MSPULV,PUMAH011,PULV MILL H AMPS,,HHABS,,RTN,5,83.2813,140,AMPS,!WP1001!WP1002!WP1003!WP1006!WP1007!WP1014!hist14!CP1003,1
2026-07-15 10:39:53.6,1SCRA_IDSAV,SLPDI5416A,A IDMPR SCR SA PSG TO FG DUCT DP,,LOABS,SCR A IN DMPR SEAL DP LOW (SERV),ALM,5,1.98594,2,INH2O,!hist14!CP1016,2
2026-07-15 10:40:06.6,1SCRA_IDSAV,SLPDI5416A,A IDMPR SCR SA PSG TO FG DUCT DP,,LOABS,SCR A IN DMPR SEAL DP LOW (SERV),RTN,5,2.20449,2,INH2O,!hist14!CP1016,2
2026-07-15 10:40:11.6,1SCRA_IDSAV,SLPDI5416A,A IDMPR SCR SA PSG TO FG DUCT DP,,LOABS,SCR A IN DMPR SEAL DP LOW (SERV),ALM,5,1.9623,2,INH2O,!hist14!CP1016,2
2026-07-15 10:41:02.1,1SCRA_IDSAV,SLPDI5416A,A IDMPR SCR SA PSG TO FG DUCT DP,,LOABS,SCR A IN DMPR SEAL DP LOW (SERV),RTN,5,2.21035,2,INH2O,!hist14!CP1016,2
2026-07-15 10:42:02.6,1SCRA_IDSAV,SLPDI5416A,A IDMPR SCR SA PSG TO FG DUCT DP,,LOABS,SCR A IN DMPR SEAL DP LOW (SERV),ALM,5,1.99922,2,INH2O,!hist14!CP1016,2
2026-07-15 10:45:46.1,1SCRA_IDSAV,SLPDI5416A,A IDMPR SCR SA PSG TO FG DUCT DP,,LOABS,SCR A IN DMPR SEAL DP LOW (SERV),RTN,5,2.20098,2,INH2O,!hist14!CP1016,2
2026-07-15 10:45:50.6,1SCRA_IDSAV,SLPDI5416A,A IDMPR SCR SA PSG TO FG DUCT DP,,LOABS,SCR A IN DMPR SEAL DP LOW (SERV),ALM,5,1.99805,2,INH2O,!hist14!CP1016,2
2026-07-15 10:46:26.6,1SCRA_IDSAV,SLPDI5416A,A IDMPR SCR SA PSG TO FG DUCT DP,,LOABS,SCR A IN DMPR SEAL DP LOW (SERV),RTN,5,2.20645,2,INH2O,!hist14!CP1016,2
2026-07-15 10:46:36.1,1SCRA_IDSAV,SLPDI5416A,A IDMPR SCR SA PSG TO FG DUCT DP,,LOABS,SCR A IN DMPR SEAL DP LOW (SERV),ALM,5,1.98555,2,INH2O,!hist14!CP1016,2
2026-07-15 10:47:19.1,1SCRA_IDSAV,SLPDI5416A,A IDMPR SCR SA PSG TO FG DUCT DP,,LOABS,SCR A IN DMPR SEAL DP LOW (SERV),RTN,5,2.20195,2,INH2O,!hist14!CP1016,2
2026-07-15 10:47:43.6,1SCRA_IDSAV,SLPDI5416A,A IDMPR SCR SA PSG TO FG DUCT DP,,LOABS,SCR A IN DMPR SEAL DP LOW (SERV),ALM,5,1.98887,2,INH2O,!hist14!CP1016,2
2026-07-15 10:47:44.0,1MELIM,ZDS5504,WET/DRY INTFC VLV  DM DEV,,LODEV,LOW DEVIATION ALARM,RTN,3,46.5059,42.5,%,!hist14!CP1017,2
2026-07-15 10:48:26.6,1SCRA_IDSAV,SLPDI5416A,A IDMPR SCR SA PSG TO FG DUCT DP,,LOABS,SCR A IN DMPR SEAL DP LOW (SERV),RTN,5,2.23594,2,INH2O,!hist14!CP1016,2
2026-07-15 10:48:33.6,1SCRA_IDSAV,SLPDI5416A,A IDMPR SCR SA PSG TO FG DUCT DP,,LOABS,SCR A IN DMPR SEAL DP LOW (SERV),ALM,5,1.99492,2,INH2O,!hist14!CP1016,2
2026-07-15 10:48:45.0,1MELIM,ZDS5504,WET/DRY INTFC VLV  DM DEV,,HIDEV,HIGH DEVIATION ALARM,ALM,3,98.5449,5,%,!hist14!CP1017,2
2026-07-15 10:48:48.6,1MISC,B143,AUX ATM VLV DEV ALM,,STATE,DEVIATION,ALM,5,,,,!WP1001!WP1002!WP1003!WP1006!WP1007!WP1014!hist14!CP1002,1
2026-07-15 10:49:22.1,1SCRA_IDSAV,SLPDI5416A,A IDMPR SCR SA PSG TO FG DUCT DP,,LOABS,SCR A IN DMPR SEAL DP LOW (SERV),RTN,5,2.20625,2,INH2O,!hist14!CP1016,2
2026-07-15 10:49:29.1,1SCRA_IDSAV,SLPDI5416A,A IDMPR SCR SA PSG TO FG DUCT DP,,LOABS,SCR A IN DMPR SEAL DP LOW (SERV),ALM,5,1.97988,2,INH2O,!hist14!CP1016,2
2026-07-15 10:49:35.6,1SCRA_IDSAV,SLPDI5416A,A IDMPR SCR SA PSG TO FG DUCT DP,,LOABS,SCR A IN DMPR SEAL DP LOW (SERV),RTN,5,2.23828,2,INH2O,!hist14!CP1016,2
2026-07-15 10:50:07.2,1DAS11,DRUMCC01,DRUM WATER CC    CALL LAB,1651,HIABS,DRUM WATER CC HI. CALL LAB,RTN,1,1.29951,1.4,PPB,!WP1002!WP1006!WP1007!WP1001!WP1003!WP1014!hist14!CP1008,1
2026-07-15 10:50:27.1,1SCRA_IDSAV,SLPDI5416A,A IDMPR SCR SA PSG TO FG DUCT DP,,LOABS,SCR A IN DMPR SEAL DP LOW (SERV),ALM,5,1.99961,2,INH2O,!hist14!CP1016,2
2026-07-15 10:50:31.6,1SCRA_IDSAV,SLPDI5416A,A IDMPR SCR SA PSG TO FG DUCT DP,,LOABS,SCR A IN DMPR SEAL DP LOW (SERV),RTN,5,2.21133,2,INH2O,!hist14!CP1016,2
2026-07-15 10:50:59.6,1SCRA_IDSAV,SLPDI5416A,A IDMPR SCR SA PSG TO FG DUCT DP,,LOABS,SCR A IN DMPR SEAL DP LOW (SERV),ALM,5,1.99668,2,INH2O,!hist14!CP1016,2
2026-07-15 10:51:03.6,1SCRA_IDSAV,SLPDI5416A,A IDMPR SCR SA PSG TO FG DUCT DP,,LOABS,SCR A IN DMPR SEAL DP LOW (SERV),RTN,5,2.20137,2,INH2O,!hist14!CP1016,2
2026-07-15 10:51:39.6,1SCRA_IDSAV,SLPDI5416A,A IDMPR SCR SA PSG TO FG DUCT DP,,LOABS,SCR A IN DMPR SEAL DP LOW (SERV),ALM,5,1.9834,2,INH2O,!hist14!CP1016,2
2026-07-15 10:51:49.6,1SCRA_IDSAV,SLPDI5416A,A IDMPR SCR SA PSG TO FG DUCT DP,,LOABS,SCR A IN DMPR SEAL DP LOW (SERV),RTN,5,2.20469,2,INH2O,!hist14!CP1016,2
2026-07-15 10:52:40.6,1SCRA_IDSAV,SLPDI5416A,A IDMPR SCR SA PSG TO FG DUCT DP,,LOABS,SCR A IN DMPR SEAL DP LOW (SERV),ALM,5,1.98867,2,INH2O,!hist14!CP1016,2
2026-07-15 10:52:45.1,1SCRA_IDSAV,SLPDI5416A,A IDMPR SCR SA PSG TO FG DUCT DP,,LOABS,SCR A IN DMPR SEAL DP LOW (SERV),RTN,5,2.23066,2,INH2O,!hist14!CP1016,2
2026-07-15 10:53:04.6,1SCRA_IDSAV,SLPDI5416A,A IDMPR SCR SA PSG TO FG DUCT DP,,LOABS,SCR A IN DMPR SEAL DP LOW (SERV),ALM,5,1.98672,2,INH2O,!hist14!CP1016,2
2026-07-15 10:53:31.1,1SCRA_IDSAV,SLPDI5416A,A IDMPR SCR SA PSG TO FG DUCT DP,,LOABS,SCR A IN DMPR SEAL DP LOW (SERV),RTN,5,2.2002,2,INH2O,!hist14!CP1016,2
2026-07-15 10:53:39.1,1SCRA_IDSAV,SLPDI5416A,A IDMPR SCR SA PSG TO FG DUCT DP,,LOABS,SCR A IN DMPR SEAL DP LOW (SERV),ALM,5,1.9957,2,INH2O,!hist14!CP1016,2
2026-07-15 10:55:11.6,1SCRA_IDSAV,SLPDI5416A,A IDMPR SCR SA PSG TO FG DUCT DP,,LOABS,SCR A IN DMPR SEAL DP LOW (SERV),RTN,5,2.21055,2,INH2O,!hist14!CP1016,2
2026-07-15 10:55:22.6,1SCRA_IDSAV,SLPDI5416A,A IDMPR SCR SA PSG TO FG DUCT DP,,LOABS,SCR A IN DMPR SEAL DP LOW (SERV),ALM,5,1.98926,2,INH2O,!hist14!CP1016,2
2026-07-15 10:55:28.0,1MELIM,ZDS5504,WET/DRY INTFC VLV  DM DEV,,HIDEV,HIGH DEVIATION ALARM,RTN,3,54,57.5,%,!hist14!CP1017,2
2026-07-15 10:55:30.6,1SCRA_IDSAV,SLPDI5416A,A IDMPR SCR SA PSG TO FG DUCT DP,,LOABS,SCR A IN DMPR SEAL DP LOW (SERV),RTN,5,2.23652,2,INH2O,!hist14!CP1016,2
2026-07-15 10:56:00.6,1SCRA_IDSAV,SLPDI5416A,A IDMPR SCR SA PSG TO FG DUCT DP,,LOABS,SCR A IN DMPR SEAL DP LOW (SERV),ALM,5,1.97891,2,INH2O,!hist14!CP1016,2
2026-07-15 10:56:21.6,1SCRA_IDSAV,SLPDI5416A,A IDMPR SCR SA PSG TO FG DUCT DP,,LOABS,SCR A IN DMPR SEAL DP LOW (SERV),RTN,5,2.20508,2,INH2O,!hist14!CP1016,2
2026-07-15 10:56:49.1,1SCRA_IDSAV,SLPDI5416A,A IDMPR SCR SA PSG TO FG DUCT DP,,LOABS,SCR A IN DMPR SEAL DP LOW (SERV),ALM,5,1.99609,2,INH2O,!hist14!CP1016,2
2026-07-15 10:56:53.6,1SCRA_IDSAV,SLPDI5416A,A IDMPR SCR SA PSG TO FG DUCT DP,,LOABS,SCR A IN DMPR SEAL DP LOW (SERV),RTN,5,2.22422,2,INH2O,!hist14!CP1016,2
2026-07-15 10:56:58.6,1SCRA_IDSAV,SLPDI5416A,A IDMPR SCR SA PSG TO FG DUCT DP,,LOABS,SCR A IN DMPR SEAL DP LOW (SERV),ALM,5,1.9998,2,INH2O,!hist14!CP1016,2
2026-07-15 10:56:59.0,1MELIM,ZDS5504,WET/DRY INTFC VLV  DM DEV,,HIDEV,HIGH DEVIATION ALARM,ALM,3,98.5723,5,%,!hist14!CP1017,2
2026-07-15 10:57:51.1,1SCRA_IDSAV,SLPDI5416A,A IDMPR SCR SA PSG TO FG DUCT DP,,LOABS,SCR A IN DMPR SEAL DP LOW (SERV),RTN,5,2.23906,2,INH2O,!hist14!CP1016,2
2026-07-15 10:58:24.6,1SCRA_IDSAV,SLPDI5416A,A IDMPR SCR SA PSG TO FG DUCT DP,,LOABS,SCR A IN DMPR SEAL DP LOW (SERV),ALM,5,1.95898,2,INH2O,!hist14!CP1016,2
2026-07-15 10:58:50.6,1SCRA_IDSAV,SLPDI5416A,A IDMPR SCR SA PSG TO FG DUCT DP,,LOABS,SCR A IN DMPR SEAL DP LOW (SERV),RTN,5,2.21113,2,INH2O,!hist14!CP1016,2
2026-07-15 10:58:52.5,1AR_LS,DEV_5803,LS SYS B,,STATE,VALVE 5803 DEVIATION,ALM,3,,,,!WP1001!WP1002!WP1003!WP1006!WP1007!WP1014!hist14!CP1017,1
2026-07-15 10:58:59.6,1SCRA_IDSAV,SLPDI5416A,A IDMPR SCR SA PSG TO FG DUCT DP,,LOABS,SCR A IN DMPR SEAL DP LOW (SERV),ALM,5,1.98066,2,INH2O,!hist14!CP1016,2
2026-07-15 10:59:17.0,PAC_PLC,ACI_FDR_A_TR,ACI FDR A AC-WIC-5007 TRBLE ALM,,CHANGE,PAC FEEDER A TROUBLE,ALM,1,,,,!WP1001!WP1002!WP1003!WP1006!WP1007!WP1014!hist14!CP1003,1
2026-07-15 10:59:27.6,1SCRA_IDSAV,SLPDI5416A,A IDMPR SCR SA PSG TO FG DUCT DP,,LOABS,SCR A IN DMPR SEAL DP LOW (SERV),RTN,5,2.20039,2,INH2O,!hist14!CP1016,2
2026-07-15 10:59:40.0,PAC_PLC,ACI_FDR_A_TR,ACI FDR A AC-WIC-5007 TRBLE ALM,,CHANGE,PAC FEEDER A TROUBLE,ALM,1,,,,!WP1001!WP1002!WP1003!WP1006!WP1007!WP1014!hist14!CP1003,1
2026-07-15 10:59:47.0,1AR_LS,DEV_5803,LS SYS B,,STATE,,RTN,3,,,,!WP1001!WP1002!WP1003!WP1006!WP1007!WP1014!hist14!CP1017,1
2026-07-15 10:59:48.6,1SCRA_IDSAV,SLPDI5416A,A IDMPR SCR SA PSG TO FG DUCT DP,,LOABS,SCR A IN DMPR SEAL DP LOW (SERV),ALM,5,1.98691,2,INH2O,!hist14!CP1016,2
2026-07-15 11:00:00.4,PAC_PLC,ACI_FDR_A_TR,ACI FDR A AC-WIC-5007 TRBLE ALM,,CHANGE,PAC FEEDER A TROUBLE,ALM,1,,,,!WP1001!WP1002!WP1003!WP1006!WP1007!WP1014!hist14!CP1003,1
2026-07-15 11:00:01.4,PAC_PLC,ACI_FDR_A_TR,ACI FDR A AC-WIC-5007 TRBLE ALM,,CHANGE,PAC FEEDER A TROUBLE,ALM,1,,,,!WP1001!WP1002!WP1003!WP1006!WP1007!WP1014!hist14!CP1003,1
2026-07-15 11:00:17.4,PAC_PLC,ACI_FDR_A_TR,ACI FDR A AC-WIC-5007 TRBLE ALM,,CHANGE,PAC FEEDER A TROUBLE,ALM,1,,,,!WP1001!WP1002!WP1003!WP1006!WP1007!WP1014!hist14!CP1003,1
2026-07-15 11:00:18.8,1WB_DEV,SOFA_ANY_DEV,SOFA ANY DEVIATION,,STATE,NORMAL,RTN,5,,,,,0
2026-07-15 11:00:18.4,PAC_PLC,ACI_FDR_A_TR,ACI FDR A AC-WIC-5007 TRBLE ALM,,CHANGE,PAC FEEDER A TROUBLE,ALM,1,,,,!WP1001!WP1002!WP1003!WP1006!WP1007!WP1014!hist14!CP1003,1
2026-07-15 11:00:56.6,1SCRA_IDSAV,SLPDI5416A,A IDMPR SCR SA PSG TO FG DUCT DP,,LOABS,SCR A IN DMPR SEAL DP LOW (SERV),RTN,5,2.20859,2,INH2O,!hist14!CP1016,2
2026-07-15 11:01:24.1,1SCRA_IDSAV,SLPDI5416A,A IDMPR SCR SA PSG TO FG DUCT DP,,LOABS,SCR A IN DMPR SEAL DP LOW (SERV),ALM,5,1.98848,2,INH2O,!hist14!CP1016,2
2026-07-15 11:01:28.1,1SCRA_IDSAV,SLPDI5416A,A IDMPR SCR SA PSG TO FG DUCT DP,,LOABS,SCR A IN DMPR SEAL DP LOW (SERV),RTN,5,2.20078,2,INH2O,!hist14!CP1016,2
2026-07-15 11:01:45.1,1SCRA_IDSAV,SLPDI5416A,A IDMPR SCR SA PSG TO FG DUCT DP,,LOABS,SCR A IN DMPR SEAL DP LOW (SERV),ALM,5,1.99551,2,INH2O,!hist14!CP1016,2
2026-07-15 11:01:51.6,1SCRA_IDSAV,SLPDI5416A,A IDMPR SCR SA PSG TO FG DUCT DP,,LOABS,SCR A IN DMPR SEAL DP LOW (SERV),RTN,5,2.2043,2,INH2O,!hist14!CP1016,2
2026-07-15 11:02:10.1,1SCRA_IDSAV,SLPDI5416A,A IDMPR SCR SA PSG TO FG DUCT DP,,LOABS,SCR A IN DMPR SEAL DP LOW (SERV),ALM,5,1.98105,2,INH2O,!hist14!CP1016,2
2026-07-15 11:02:29.1,1SCRA_IDSAV,SLPDI5416A,A IDMPR SCR SA PSG TO FG DUCT DP,,LOABS,SCR A IN DMPR SEAL DP LOW (SERV),RTN,5,2.23105,2,INH2O,!hist14!CP1016,2
2026-07-15 11:02:34.1,1SCRA_IDSAV,SLPDI5416A,A IDMPR SCR SA PSG TO FG DUCT DP,,LOABS,SCR A IN DMPR SEAL DP LOW (SERV),ALM,5,1.97578,2,INH2O,!hist14!CP1016,2
2026-07-15 11:02:51.8,1WB_DEV,SOFA_ANY_DEV,SOFA ANY DEVIATION,,STATE,DEVIATION,ALM,5,,,INH2O,,0
2026-07-15 11:02:59.1,1SCRA_IDSAV,SLPDI5416A,A IDMPR SCR SA PSG TO FG DUCT DP,,LOABS,SCR A IN DMPR SEAL DP LOW (SERV),RTN,5,2.23418,2,INH2O,!hist14!CP1016,2
2026-07-15 11:03:20.1,1SCRA_IDSAV,SLPDI5416A,A IDMPR SCR SA PSG TO FG DUCT DP,,LOABS,SCR A IN DMPR SEAL DP LOW (SERV),ALM,5,1.98418,2,INH2O,!hist14!CP1016,2
2026-07-15 11:04:00.1,1SCRA_IDSAV,SLPDI5416A,A IDMPR SCR SA PSG TO FG DUCT DP,,LOABS,SCR A IN DMPR SEAL DP LOW (SERV),RTN,5,2.20938,2,INH2O,!hist14!CP1016,2
2026-07-15 11:04:04.1,1SCRA_IDSAV,SLPDI5416A,A IDMPR SCR SA PSG TO FG DUCT DP,,LOABS,SCR A IN DMPR SEAL DP LOW (SERV),ALM,5,1.98613,2,INH2O,!hist14!CP1016,2
2026-07-15 11:04:19.1,1SCRA_IDSAV,SLPDI5416A,A IDMPR SCR SA PSG TO FG DUCT DP,,LOABS,SCR A IN DMPR SEAL DP LOW (SERV),RTN,5,2.2043,2,INH2O,!hist14!CP1016,2
2026-07-15 11:04:27.1,1SCRA_IDSAV,SLPDI5416A,A IDMPR SCR SA PSG TO FG DUCT DP,,LOABS,SCR A IN DMPR SEAL DP LOW (SERV),ALM,5,1.9998,2,INH2O,!hist14!CP1016,2
2026-07-15 11:05:13.6,1SCRA_IDSAV,SLPDI5416A,A IDMPR SCR SA PSG TO FG DUCT DP,,LOABS,SCR A IN DMPR SEAL DP LOW (SERV),RTN,5,2.20117,2,INH2O,!hist14!CP1016,2
2026-07-15 11:05:20.6,1SCRA_IDSAV,SLPDI5416A,A IDMPR SCR SA PSG TO FG DUCT DP,,LOABS,SCR A IN DMPR SEAL DP LOW (SERV),ALM,5,1.99648,2,INH2O,!hist14!CP1016,2
2026-07-15 11:05:32.6,1SCRA_IDSAV,SLPDI5416A,A IDMPR SCR SA PSG TO FG DUCT DP,,LOABS,SCR A IN DMPR SEAL DP LOW (SERV),RTN,5,2.20742,2,INH2O,!hist14!CP1016,2
2026-07-15 11:05:36.6,1SCRA_IDSAV,SLPDI5416A,A IDMPR SCR SA PSG TO FG DUCT DP,,LOABS,SCR A IN DMPR SEAL DP LOW (SERV),ALM,5,1.97305,2,INH2O,!hist14!CP1016,2
2026-07-15 11:06:21.6,1SCRA_IDSAV,SLPDI5416A,A IDMPR SCR SA PSG TO FG DUCT DP,,LOABS,SCR A IN DMPR SEAL DP LOW (SERV),RTN,5,2.20996,2,INH2O,!hist14!CP1016,2
2026-07-15 11:06:29.6,1SCRA_IDSAV,SLPDI5416A,A IDMPR SCR SA PSG TO FG DUCT DP,,LOABS,SCR A IN DMPR SEAL DP LOW (SERV),ALM,5,1.96211,2,INH2O,!hist14!CP1016,2
2026-07-15 11:06:31.8,1WB_DEV,SOFA_ANY_DEV,SOFA ANY DEVIATION,,STATE,NORMAL,RTN,5,,,INH2O,,0
2026-07-15 11:08:20.6,1SCRA_IDSAV,SLPDI5416A,A IDMPR SCR SA PSG TO FG DUCT DP,,LOABS,SCR A IN DMPR SEAL DP LOW (SERV),RTN,5,2.22813,2,INH2O,!hist14!CP1016,2
2026-07-15 11:09:09.6,1SCRA_IDSAV,SLPDI5416A,A IDMPR SCR SA PSG TO FG DUCT DP,,LOABS,SCR A IN DMPR SEAL DP LOW (SERV),ALM,5,1.9875,2,INH2O,!hist14!CP1016,2
2026-07-15 11:09:54.0,1BFA_GSM_ALM,BFA_ALM1,MARK VIE A BFPT ALARM,,STA_3,DCS SPD INPUTS DIFFER,ALM,5,0,0,,!WP1001!WP1002!WP1003!WP1006!WP1007!WP1014!hist14!CP1011,1
2026-07-15 11:09:56.4,1BFA_GSM_ALM,BFA_ALM1,MARK VIE A BFPT ALARM,,STA_3,DCS SPD INPUTS DIFF OK,RTN,5,0,0,,!WP1001!WP1002!WP1003!WP1006!WP1007!WP1014!hist14!CP1011,1
2026-07-15 11:10:04.0,1BFA_GSM_ALM,BFA_ALM1,MARK VIE A BFPT ALARM,,STA_3,DCS SPD INPUTS DIFFER,ALM,5,0,0,,!WP1001!WP1002!WP1003!WP1006!WP1007!WP1014!hist14!CP1011,1
2026-07-15 11:10:06.0,1BFA_GSM_ALM,BFA_ALM1,MARK VIE A BFPT ALARM,,STA_3,DCS SPD INPUTS DIFF OK,RTN,5,0,0,,!WP1001!WP1002!WP1003!WP1006!WP1007!WP1014!hist14!CP1011,1
2026-07-15 11:10:09.3,1DAS11,IVVH0031,BFP A INB BRG  X  VIB,1725,HIABS,HIGH,ALM,1,2.2583,2,MILS,!WP1002!WP1006!WP1007!WP1001!WP1003!WP1014!hist14!CP1008,1
2026-07-15 11:10:11.1,1MKVIE_ALM2,B1A,MARK VIE A BFPT GENERAL ALARM,,STATE,ALARM,ALM,1,,,,!WP1001!WP1002!WP1003!WP1006!WP1007!WP1014!hist14!CP1002,1
2026-07-15 11:10:11.1,1MKVIE_ALM2,B2A,MARK VIE B BFPT GENERAL ALARM,,STATE,ALARM,ALM,1,,,,!WP1001!WP1002!WP1003!WP1006!WP1007!WP1014!hist14!CP1002,1
2026-07-15 11:10:12.0,1BFA_GSM_ALM,BFA_ALM12,MARK VIE A BFPT ALARM,,STA_4,BENTLY VIBRATION ALARM,ALM,1,0,0,,!WP1001!WP1002!WP1003!WP1006!WP1007!WP1014!hist14!CP1011,1
2026-07-15 11:10:12.0,1BFB_GSM_ALM,BFB_ALM12,MARK VIE B BFPT ALARM,,STA_4,BENTLY VIBRATION ALARM,ALM,1,0,0,,!WP1001!WP1002!WP1003!WP1006!WP1007!WP1014!hist14!CP1011,1
2026-07-15 11:10:13.3,1DAS11,IVVH0021,BFP A OUTB BRG     Y  VIB,1724,HIABS,HIGH,ALM,1,2.13242,2,MILS,!WP1002!WP1006!WP1007!WP1001!WP1003!WP1014!hist14!CP1008,1
2026-07-15 11:10:14.0,1BFA_GSM_ALM,BFA_ALM12,MARK VIE A BFPT ALARM,,STA_4,BENTLY VIBRATION OK,RTN,1,0,0,,!WP1001!WP1002!WP1003!WP1006!WP1007!WP1014!hist14!CP1011,1
2026-07-15 11:10:14.0,1BFB_GSM_ALM,BFB_ALM12,MARK VIE B BFPT ALARM,,STA_4,BENTLY VIBRATION OK,RTN,1,0,0,,!WP1001!WP1002!WP1003!WP1006!WP1007!WP1014!hist14!CP1011,1
2026-07-15 11:10:22.8,1WB_DEV,SOFA_ANY_DEV,SOFA ANY DEVIATION,,STATE,DEVIATION,ALM,5,,,,,0
2026-07-15 11:10:22.4,1BFA_GSM_ALM,BFA_ALM12,MARK VIE A BFPT ALARM,,STA_4,BENTLY VIBRATION ALARM,ALM,1,0,0,,!WP1001!WP1002!WP1003!WP1006!WP1007!WP1014!hist14!CP1011,1
2026-07-15 11:10:22.4,1BFB_GSM_ALM,BFB_ALM12,MARK VIE B BFPT ALARM,,STA_4,BENTLY VIBRATION ALARM,ALM,1,0,0,,!WP1001!WP1002!WP1003!WP1006!WP1007!WP1014!hist14!CP1011,1
2026-07-15 11:10:26.4,1BFA_GSM_ALM,BFA_ALM1,MARK VIE A BFPT ALARM,,STA_3,DCS SPD INPUTS DIFFER,ALM,5,0,0,,!WP1001!WP1002!WP1003!WP1006!WP1007!WP1014!hist14!CP1011,1
2026-07-15 11:10:26.4,1BFA_GSM_ALM,BFA_ALM12,MARK VIE A BFPT ALARM,,STA_4,BENTLY VIBRATION OK,RTN,1,0,0,,!WP1001!WP1002!WP1003!WP1006!WP1007!WP1014!hist14!CP1011,1
2026-07-15 11:10:26.4,1BFB_GSM_ALM,BFB_ALM12,MARK VIE B BFPT ALARM,,STA_4,BENTLY VIBRATION OK,RTN,1,0,0,,!WP1001!WP1002!WP1003!WP1006!WP1007!WP1014!hist14!CP1011,1
2026-07-15 11:10:28.0,1MELIM,ZDS5504,WET/DRY INTFC VLV  DM DEV,,HIDEV,HIGH DEVIATION ALARM,RTN,3,54.0156,57.5,%,!hist14!CP1017,2
2026-07-15 11:10:30.0,1BFA_GSM_ALM,BFA_ALM1,MARK VIE A BFPT ALARM,,STA_3,DCS SPD INPUTS DIFF OK,RTN,5,0,0,,!WP1001!WP1002!WP1003!WP1006!WP1007!WP1014!hist14!CP1011,1
2026-07-15 11:10:31.3,1DAS11,IVVH0021,BFP A OUTB BRG     Y  VIB,1724,HIABS,HIGH,RTN,1,1.56593,2,MILS,!WP1002!WP1006!WP1007!WP1001!WP1003!WP1014!hist14!CP1008,1
2026-07-15 11:10:33.3,1DAS11,IVVH0021,BFP A OUTB BRG     Y  VIB,1724,HIABS,HIGH,ALM,1,2.35367,2,MILS,!WP1002!WP1006!WP1007!WP1001!WP1003!WP1014!hist14!CP1008,1
2026-07-15 11:10:37.3,1DAS11,IVVH0021,BFP A OUTB BRG     Y  VIB,1724,HIABS,HIGH,RTN,1,1.61553,2,MILS,!WP1002!WP1006!WP1007!WP1001!WP1003!WP1014!hist14!CP1008,1
2026-07-15 11:10:39.3,1DAS11,IVVH0031,BFP A INB BRG  X  VIB,1725,HIABS,HIGH,RTN,1,1.64414,2,MILS,!WP1002!WP1006!WP1007!WP1001!WP1003!WP1014!hist14!CP1008,1
2026-07-15 11:10:46.0,1BFA_GSM_ALM,BFA_ALM14,MARK VIE A BFPT ALARM,,STA_7,SPD DEV FROM SETPOINT,ALM,5,0,0,,!WP1001!WP1002!WP1003!WP1006!WP1007!WP1014!hist14!CP1011,1
2026-07-15 11:10:58.0,1BFA_GSM_ALM,BFA_ALM14,MARK VIE A BFPT ALARM,,STA_7,SPD DEV OK,RTN,5,0,0,,!WP1001!WP1002!WP1003!WP1006!WP1007!WP1014!hist14!CP1011,1
2026-07-15 11:11:11.1,1MKVIE_ALM2,B1A,MARK VIE A BFPT GENERAL ALARM,,STATE,NORMAL,RTN,1,,,,!WP1001!WP1002!WP1003!WP1006!WP1007!WP1014!hist14!CP1002,1
2026-07-15 11:11:11.1,1MKVIE_ALM2,B2A,MARK VIE B BFPT GENERAL ALARM,,STATE,NORMAL,RTN,1,,,,!WP1001!WP1002!WP1003!WP1006!WP1007!WP1014!hist14!CP1002,1
2026-07-15 11:11:59.0,1MELIM,ZDS5504,WET/DRY INTFC VLV  DM DEV,,HIDEV,HIGH DEVIATION ALARM,ALM,3,98.8223,5,%,!hist14!CP1017,2
2026-07-15 11:12:49.6,1SCRA_IDSAV,SLPDI5416A,A IDMPR SCR SA PSG TO FG DUCT DP,,LOABS,SCR A IN DMPR SEAL DP LOW (SERV),RTN,5,2.22109,2,INH2O,!hist14!CP1016,2
2026-07-15 11:12:57.1,1SCRA_IDSAV,SLPDI5416A,A IDMPR SCR SA PSG TO FG DUCT DP,,LOABS,SCR A IN DMPR SEAL DP LOW (SERV),ALM,5,1.99805,2,INH2O,!hist14!CP1016,2
2026-07-15 11:13:24.4,1BFA_GSM_ALM,BFA_ALM1,MARK VIE A BFPT ALARM,,STA_3,DCS SPD INPUTS DIFFER,ALM,5,0,0,,!WP1001!WP1002!WP1003!WP1006!WP1007!WP1014!hist14!CP1011,1
2026-07-15 11:13:26.4,1BFA_GSM_ALM,BFA_ALM1,MARK VIE A BFPT ALARM,,STA_3,DCS SPD INPUTS DIFF OK,RTN,5,0,0,,!WP1001!WP1002!WP1003!WP1006!WP1007!WP1014!hist14!CP1011,1
2026-07-15 11:13:32.0,1BFA_GSM_ALM,BFA_ALM1,MARK VIE A BFPT ALARM,,STA_3,DCS SPD INPUTS DIFFER,ALM,5,0,0,,!WP1001!WP1002!WP1003!WP1006!WP1007!WP1014!hist14!CP1011,1
2026-07-15 11:13:34.0,1BFA_GSM_ALM,BFA_ALM1,MARK VIE A BFPT ALARM,,STA_3,DCS SPD INPUTS DIFF OK,RTN,5,0,0,,!WP1001!WP1002!WP1003!WP1006!WP1007!WP1014!hist14!CP1011,1
2026-07-15 11:13:41.3,1DAS11,IVVH0021,BFP A OUTB BRG     Y  VIB,1724,HIABS,HIGH,ALM,1,2.03324,2,MILS,!WP1002!WP1006!WP1007!WP1001!WP1003!WP1014!hist14!CP1008,1
2026-07-15 11:13:41.3,1DAS11,IVVH0031,BFP A INB BRG  X  VIB,1725,HIABS,HIGH,ALM,1,2.47765,2,MILS,!WP1002!WP1006!WP1007!WP1001!WP1003!WP1014!hist14!CP1008,1
2026-07-15 11:13:45.6,1MKVIE_ALM2,B1A,MARK VIE A BFPT GENERAL ALARM,,STATE,ALARM,ALM,1,,,,!WP1001!WP1002!WP1003!WP1006!WP1007!WP1014!hist14!CP1002,1
2026-07-15 11:13:45.1,1MKVIE_ALM2,B2A,MARK VIE B BFPT GENERAL ALARM,,STATE,ALARM,ALM,1,,,,!WP1001!WP1002!WP1003!WP1006!WP1007!WP1014!hist14!CP1002,1
2026-07-15 11:13:46.4,1BFA_GSM_ALM,BFA_ALM1,MARK VIE A BFPT ALARM,,STA_3,DCS SPD INPUTS DIFFER,ALM,5,0,0,,!WP1001!WP1002!WP1003!WP1006!WP1007!WP1014!hist14!CP1011,1
2026-07-15 11:13:46.0,1BFA_GSM_ALM,BFA_ALM12,MARK VIE A BFPT ALARM,,STA_4,BENTLY VIBRATION ALARM,ALM,1,0,0,,!WP1001!WP1002!WP1003!WP1006!WP1007!WP1014!hist14!CP1011,1
2026-07-15 11:13:46.0,1BFB_GSM_ALM,BFB_ALM12,MARK VIE B BFPT ALARM,,STA_4,BENTLY VIBRATION ALARM,ALM,1,0,0,,!WP1001!WP1002!WP1003!WP1006!WP1007!WP1014!hist14!CP1011,1
2026-07-15 11:13:47.3,1DAS11,IVVH0011,BFP A OUTB BRG     X  VIB,1723,HIABS,HIGH,ALM,1,2.1267,2,MILS,!WP1002!WP1006!WP1007!WP1001!WP1003!WP1014!hist14!CP1008,1
2026-07-15 11:13:48.4,1BFA_GSM_ALM,BFA_ALM1,MARK VIE A BFPT ALARM,,STA_3,DCS SPD INPUTS DIFF OK,RTN,5,0,0,,!WP1001!WP1002!WP1003!WP1006!WP1007!WP1014!hist14!CP1011,1
2026-07-15 11:13:49.3,1DAS11,IVVH0441,BFP A INB BRG      Y  VIB,1726,HIABS,HIGH,ALM,1,2.01416,2,MILS,!WP1002!WP1006!WP1007!WP1001!WP1003!WP1014!hist14!CP1008,1
2026-07-15 11:13:54.0,1BFA_GSM_ALM,BFA_ALM12,MARK VIE A BFPT ALARM,,STA_4,BENTLY VIBRATION OK,RTN,1,0,0,,!WP1001!WP1002!WP1003!WP1006!WP1007!WP1014!hist14!CP1011,1
2026-07-15 11:13:54.0,1BFB_GSM_ALM,BFB_ALM12,MARK VIE B BFPT ALARM,,STA_4,BENTLY VIBRATION OK,RTN,1,0,0,,!WP1001!WP1002!WP1003!WP1006!WP1007!WP1014!hist14!CP1011,1
2026-07-15 11:13:55.3,1DAS11,IVVH0011,BFP A OUTB BRG     X  VIB,1723,HIABS,HIGH,RTN,1,1.10054,2,MILS,!WP1002!WP1006!WP1007!WP1001!WP1003!WP1014!hist14!CP1008,1
2026-07-15 11:13:55.3,1DAS11,IVVH0021,BFP A OUTB BRG     Y  VIB,1724,HIABS,HIGH,RTN,1,1.41335,2,MILS,!WP1002!WP1006!WP1007!WP1001!WP1003!WP1014!hist14!CP1008,1
2026-07-15 11:13:55.3,1DAS11,IVVH0031,BFP A INB BRG  X  VIB,1725,HIABS,HIGH,RTN,1,0.984193,2,MILS,!WP1002!WP1006!WP1007!WP1001!WP1003!WP1014!hist14!CP1008,1
2026-07-15 11:13:55.3,1DAS11,IVVH0441,BFP A INB BRG      Y  VIB,1726,HIABS,HIGH,RTN,1,0.797272,2,MILS,!WP1002!WP1006!WP1007!WP1001!WP1003!WP1014!hist14!CP1008,1
2026-07-15 11:13:56.0,1BFB_GSM_ALM,BFB_ALM1,MARK VIE B BFPT ALARM,,STA_3,DCS SPD INPUTS DIFFER,ALM,5,0,0,,!WP1001!WP1002!WP1003!WP1006!WP1007!WP1014!hist14!CP1011,1
2026-07-15 11:13:58.0,1BFB_GSM_ALM,BFB_ALM1,MARK VIE B BFPT ALARM,,STA_3,DCS SPD INPUTS DIFF OK,RTN,5,0,0,,!WP1001!WP1002!WP1003!WP1006!WP1007!WP1014!hist14!CP1011,1
2026-07-15 11:14:00.0,1BFB_GSM_ALM,BFB_ALM1,MARK VIE B BFPT ALARM,,STA_3,DCS SPD INPUTS DIFFER,ALM,5,0,0,,!WP1001!WP1002!WP1003!WP1006!WP1007!WP1014!hist14!CP1011,1
2026-07-15 11:14:02.0,1BFB_GSM_ALM,BFB_ALM1,MARK VIE B BFPT ALARM,,STA_3,DCS SPD INPUTS DIFF OK,RTN,5,0,0,,!WP1001!WP1002!WP1003!WP1006!WP1007!WP1014!hist14!CP1011,1
2026-07-15 11:14:19.2,1ULD,B3_ALM,BLOCK LOAD INC/DEC ALM,,STATE,BLOCK LOAD INCREASE/DECREASE,ALM,3,,,,!WP1001!WP1002!WP1003!WP1006!WP1007!WP1014!hist14!CP1001,1
2026-07-15 11:14:21.2,1ULD,B3_ALM,BLOCK LOAD INC/DEC ALM,,STATE,LOAD BLOCK NOT IN SERVICE,RTN,3,,,,!WP1001!WP1002!WP1003!WP1006!WP1007!WP1014!hist14!CP1001,1
2026-07-15 11:14:31.8,1WB_DEV,SOFA_ANY_DEV,SOFA ANY DEVIATION,,STATE,NORMAL,RTN,5,,,,,0
2026-07-15 11:14:45.6,1MKVIE_ALM2,B1A,MARK VIE A BFPT GENERAL ALARM,,STATE,NORMAL,RTN,1,,,,!WP1001!WP1002!WP1003!WP1006!WP1007!WP1014!hist14!CP1002,1
2026-07-15 11:14:45.1,1MKVIE_ALM2,B2A,MARK VIE B BFPT GENERAL ALARM,,STATE,NORMAL,RTN,1,,,,!WP1001!WP1002!WP1003!WP1006!WP1007!WP1014!hist14!CP1002,1
2026-07-15 11:14:58.4,IDFAN_PEEC,OPCY_ALM,PRECIP OUT > 50%,PRECIP OUTLET,STATE,ALARM,ALM,3,,,,!WP1001!WP1002!WP1003!WP1006!WP1007!WP1014!hist14!CP1003,1
2026-07-15 11:15:16.4,IDFAN_PEEC,OPCY_ALM,PRECIP OUT > 50%,PRECIP OUTLET,STATE,NORMAL,RTN,3,,,,!WP1001!WP1002!WP1003!WP1006!WP1007!WP1014!hist14!CP1003,1
2026-07-15 11:16:08.1,1SCRA_IDSAV,SLPDI5416A,A IDMPR SCR SA PSG TO FG DUCT DP,,LOABS,SCR A IN DMPR SEAL DP LOW (SERV),RTN,5,2.20527,2,INH2O,!hist14!CP1016,2
2026-07-15 11:16:24.6,1SCRA_IDSAV,SLPDI5416A,A IDMPR SCR SA PSG TO FG DUCT DP,,LOABS,SCR A IN DMPR SEAL DP LOW (SERV),ALM,5,1.99727,2,INH2O,!hist14!CP1016,2
2026-07-15 11:16:41.1,1SCRA_IDSAV,SLPDI5416A,A IDMPR SCR SA PSG TO FG DUCT DP,,LOABS,SCR A IN DMPR SEAL DP LOW (SERV),RTN,5,2.20371,2,INH2O,!hist14!CP1016,2
2026-07-15 11:16:56.1,1SCRA_IDSAV,SLPDI5416A,A IDMPR SCR SA PSG TO FG DUCT DP,,LOABS,SCR A IN DMPR SEAL DP LOW (SERV),ALM,5,1.95859,2,INH2O,!hist14!CP1016,2
2026-07-15 11:17:41.6,1SCRA_IDSAV,SLPDI5416A,A IDMPR SCR SA PSG TO FG DUCT DP,,LOABS,SCR A IN DMPR SEAL DP LOW (SERV),RTN,5,2.20586,2,INH2O,!hist14!CP1016,2
2026-07-15 11:17:45.1,1SCRA_IDSAV,SLPDI5416A,A IDMPR SCR SA PSG TO FG DUCT DP,,LOABS,SCR A IN DMPR SEAL DP LOW (SERV),ALM,5,1.95332,2,INH2O,!hist14!CP1016,2
2026-07-15 11:20:32.4,1MSPULV,PUMAC011,PULV MILL C AMPS,,HHABS,,ALM,5,180.305,140,AMPS,!WP1001!WP1002!WP1003!WP1006!WP1007!WP1014!hist14!CP1003,1
2026-07-15 11:20:33.4,1MSPULV,PUMAC011,PULV MILL C AMPS,,HHABS,,RTN,5,80.2188,140,AMPS,!WP1001!WP1002!WP1003!WP1006!WP1007!WP1014!hist14!CP1003,1
2026-07-15 11:21:25.8,1NW_ESP_SMP,NWAI6702B,PRECIP SUMP PMP B DSCH PH,,IOBAD,BAD CHANNEL,RTN,3,,,,!WP1002!WP1011!WP1001!hist14!CP1020,1
2026-07-15 11:21:48.8,1WB_DEV,SOFA_ANY_DEV,SOFA ANY DEVIATION,,STATE,DEVIATION,ALM,5,,,,,0
2026-07-15 11:22:58.4,IDFAN_PEEC,OPCY_ALM,PRECIP OUT > 50%,PRECIP OUTLET,STATE,ALARM,ALM,3,,,,!WP1001!WP1002!WP1003!WP1006!WP1007!WP1014!hist14!CP1003,1
2026-07-15 11:22:59.0,IDFAN_PEEC,OPCY_ALM,PRECIP OUT > 50%,PRECIP OUTLET,STATE,NORMAL,RTN,3,,,,!WP1001!WP1002!WP1003!WP1006!WP1007!WP1014!hist14!CP1003,1
2026-07-15 11:23:01.3,1SBRS,B13,R.H. SOOT BLOWING REG FBK,,HIABS,R.H. SOOTBLOWER FB @ 90%,ALM,5,90.8262,90,PCT,!WP1002!WP1006!WP1007!WP1001!WP1003!WP1014!hist14!CP1009,1
2026-07-15 11:24:38.8,1NW_ESP_SMP,NWAI6702B,PRECIP SUMP PMP B DSCH PH,,IOBAD,BAD CHANNEL,ALM,3,,,,!WP1002!WP1011!WP1001!hist14!CP1020,1
2026-07-15 11:24:56.7,1CMILL,FDR_LOCAL,C FEEDER SW       IN LOCAL,,STATE,FEEDER SW IN LOCAL,ALM,5,,,,!WP1001!WP1002!WP1003!WP1006!WP1007!WP1014!hist14!CP1004,1
2026-07-15 11:25:01.7,1CMILL,FEEDER_TRIP,FEEDER TRIP FOR ANNUN,,STATE,1C FEEDER TRIP,ALM,3,,,,!WP1001!WP1002!WP1003!WP1006!WP1007!WP1014!hist14!CP1004,1
2026-07-15 11:25:05.7,1TC,B21,DROOP ACTIVE,DROOP,STATE,NORMAL,RTN,5,,,,!hist14!CP1001,2
2026-07-15 11:25:05.2,1TC,B21,DROOP ACTIVE,DROOP,STATE,ACTIVE,ALM,5,,,,!hist14!CP1001,2
2026-07-15 11:25:08.7,1CMILL,FDR_LOCAL,C FEEDER SW       IN LOCAL,,STATE,FEEDER SW NOT IN LOCAL,RTN,5,,,,!WP1001!WP1002!WP1003!WP1006!WP1007!WP1014!hist14!CP1004,1
2026-07-15 11:25:10.2,1TC,B21,DROOP ACTIVE,DROOP,STATE,ACTIVE,ALM,5,,,,!hist14!CP1001,2
2026-07-15 11:25:10.3,1SBRS,B13,R.H. SOOT BLOWING REG FBK,,HIABS,R.H. SOOTBLOWER FB @ 90%,RTN,5,89.1465,90,PCT,!WP1002!WP1006!WP1007!WP1001!WP1003!WP1014!hist14!CP1009,1
2026-07-15 11:25:11.7,1TC,B21,DROOP ACTIVE,DROOP,STATE,NORMAL,RTN,5,,,,!hist14!CP1001,2
2026-07-15 11:25:20.2,1CMILL,FEEDER_TRIP,FEEDER TRIP FOR ANNUN,,STATE,1C FEEDER RETURN,RTN,3,,,,!WP1001!WP1002!WP1003!WP1006!WP1007!WP1014!hist14!CP1004,1
2026-07-15 11:25:28.0,1MELIM,ZDS5504,WET/DRY INTFC VLV  DM DEV,,HIDEV,HIGH DEVIATION ALARM,RTN,3,53.9766,57.5,%,!hist14!CP1017,2
2026-07-15 11:26:59.0,1MELIM,ZDS5504,WET/DRY INTFC VLV  DM DEV,,HIDEV,HIGH DEVIATION ALARM,ALM,3,98.7637,5,%,!hist14!CP1017,2
2026-07-15 11:27:38.7,1BCS_7,IKTE3741,REHEAT TEMP LEFT (REDUNDANT),,HIABS,HIGH,ALM,1,1012.19,1012.18,DEG.F,!WP1002!WP1006!WP1007!WP1001!WP1003!WP1014!hist14!CP1007,1
2026-07-15 11:27:48.2,1BCS_7,IKTE3441,REHEAT TEMP LEFT (NORM),,HIABS,HIGH,ALM,1,1012.2,1012.18,DEG.F,!WP1002!WP1006!WP1007!WP1001!WP1003!WP1014!hist14!CP1007,1
2026-07-15 11:29:27.7,1BCS_7,IKTE3441,REHEAT TEMP LEFT (NORM),,HIABS,HIGH,RTN,1,1007.18,1012.18,DEG.F,!WP1002!WP1006!WP1007!WP1001!WP1003!WP1014!hist14!CP1007,1
2026-07-15 11:29:32.2,1BCS_7,IKTE3741,REHEAT TEMP LEFT (REDUNDANT),,HIABS,HIGH,RTN,1,1007.14,1012.18,DEG.F,!WP1002!WP1006!WP1007!WP1001!WP1003!WP1014!hist14!CP1007,1
2026-07-15 11:30:44.7,1TC,B21,DROOP ACTIVE,DROOP,STATE,ACTIVE,ALM,5,,,,!hist14!CP1001,2
2026-07-15 11:31:06.0,1MELIM,ZDS5504,WET/DRY INTFC VLV  DM DEV,,HIDEV,HIGH DEVIATION ALARM,RTN,3,53.9063,57.5,%,!hist14!CP1017,2
2026-07-15 11:32:07.0,1MELIM,ZDS5504,WET/DRY INTFC VLV  DM DEV,,LODEV,LOW DEVIATION ALARM,ALM,3,-1.23438,95,%,!hist14!CP1017,2
2026-07-15 11:32:18.7,1BCS_7,IKTE3741,REHEAT TEMP LEFT (REDUNDANT),,HIABS,HIGH,ALM,1,1012.21,1012.18,DEG.F,!WP1002!WP1006!WP1007!WP1001!WP1003!WP1014!hist14!CP1007,1
2026-07-15 11:32:23.2,1BCS_7,IKTE3441,REHEAT TEMP LEFT (NORM),,HIABS,HIGH,ALM,1,1012.2,1012.18,DEG.F,!WP1002!WP1006!WP1007!WP1001!WP1003!WP1014!hist14!CP1007,1
2026-07-15 11:32:30.3,1SBRS,B13,R.H. SOOT BLOWING REG FBK,,HIABS,R.H. SOOTBLOWER FB @ 90%,ALM,5,93.6035,90,PCT,!WP1002!WP1006!WP1007!WP1001!WP1003!WP1014!hist14!CP1009,1
2026-07-15 11:32:42.2,1TC,B21,DROOP ACTIVE,DROOP,STATE,NORMAL,RTN,5,,,,!hist14!CP1001,2
2026-07-15 11:32:43.7,1TC,B21,DROOP ACTIVE,DROOP,STATE,ACTIVE,ALM,5,,,,!hist14!CP1001,2
2026-07-15 11:32:44.7,1TC,B21,DROOP ACTIVE,DROOP,STATE,NORMAL,RTN,5,,,,!hist14!CP1001,2
2026-07-15 11:32:45.7,1TC,B21,DROOP ACTIVE,DROOP,STATE,ACTIVE,ALM,5,,,,!hist14!CP1001,2
2026-07-15 11:33:12.7,1TC,B21,DROOP ACTIVE,DROOP,STATE,NORMAL,RTN,5,,,,!hist14!CP1001,2
2026-07-15 11:33:12.3,1SBRS,B13,R.H. SOOT BLOWING REG FBK,,HIABS,R.H. SOOTBLOWER FB @ 90%,RTN,5,89.8926,90,PCT,!WP1002!WP1006!WP1007!WP1001!WP1003!WP1014!hist14!CP1009,1
2026-07-15 11:36:28.7,1BCS_7,IKTE3441,REHEAT TEMP LEFT (NORM),,HIABS,HIGH,RTN,1,1007.17,1012.18,DEG.F,!WP1002!WP1006!WP1007!WP1001!WP1003!WP1014!hist14!CP1007,1
2026-07-15 11:36:33.7,1BCS_7,IKTE3741,REHEAT TEMP LEFT (REDUNDANT),,HIABS,HIGH,RTN,1,1007.17,1012.18,DEG.F,!WP1002!WP1006!WP1007!WP1001!WP1003!WP1014!hist14!CP1007,1
2026-07-15 11:39:47.4,1LP_HTRLVL1,LDA048,LP HTR 1 EMERG VALVE DMD POS DEV,,LODEV,LOW DEV,ALM,1,1.90039,2.42085,%,!WP1001!WP1002!WP1003!WP1006!WP1007!WP1014!hist14!CP1013,1
2026-07-15 11:39:48.4,1LP_HTRLVL1,LDA048,LP HTR 1 EMERG VALVE DMD POS DEV,,LODEV,LOW DEV,RTN,1,4.47461,3.56676,%,!WP1001!WP1002!WP1003!WP1006!WP1007!WP1014!hist14!CP1013,1
2026-07-15 11:48:37.8,1DAS11,IACE3091,DRUM WATER CATION COND-SEC,1459,HIABS,HIGH,RTN,2,1.1498,1.4,US/CM,!WP1002!WP1006!WP1007!WP1001!WP1003!WP1014!hist14!CP1008,1
2026-07-15 11:50:09.3,1SBRS,B13,R.H. SOOT BLOWING REG FBK,,HIABS,R.H. SOOTBLOWER FB @ 90%,ALM,5,90.0762,90,PCT,!WP1002!WP1006!WP1007!WP1001!WP1003!WP1014!hist14!CP1009,1
2026-07-15 11:50:19.3,1SBRS,B13,R.H. SOOT BLOWING REG FBK,,HIABS,R.H. SOOTBLOWER FB @ 90%,RTN,5,89.6445,90,PCT,!WP1002!WP1006!WP1007!WP1001!WP1003!WP1014!hist14!CP1009,1
2026-07-15 11:50:39.0,PAC_PLC,ACI_FDR_A_TR,ACI FDR A AC-WIC-5007 TRBLE ALM,,CHANGE,PAC FEEDER A TROUBLE,ALM,1,,,,!WP1001!WP1002!WP1003!WP1006!WP1007!WP1014!hist14!CP1003,1
2026-07-15 11:51:06.4,PAC_PLC,ACI_FDR_A_TR,ACI FDR A AC-WIC-5007 TRBLE ALM,,CHANGE,PAC FEEDER A TROUBLE,ALM,1,,,,!WP1001!WP1002!WP1003!WP1006!WP1007!WP1014!hist14!CP1003,1
2026-07-15 11:51:10.4,PAC_PLC,ACI_FDR_A_TR,ACI FDR A AC-WIC-5007 TRBLE ALM,,CHANGE,PAC FEEDER A TROUBLE,ALM,1,,,,!WP1001!WP1002!WP1003!WP1006!WP1007!WP1014!hist14!CP1003,1
2026-07-15 11:51:11.4,PAC_PLC,ACI_FDR_A_TR,ACI FDR A AC-WIC-5007 TRBLE ALM,,CHANGE,PAC FEEDER A TROUBLE,ALM,1,,,,!WP1001!WP1002!WP1003!WP1006!WP1007!WP1014!hist14!CP1003,1
2026-07-15 11:54:53.0,IDFAN_PEEC,OPCY_ALM,PRECIP OUT > 50%,PRECIP OUTLET,STATE,ALARM,ALM,3,,,,!WP1001!WP1002!WP1003!WP1006!WP1007!WP1014!hist14!CP1003,1
2026-07-15 11:54:55.4,IDFAN_PEEC,OPCY_ALM,PRECIP OUT > 50%,PRECIP OUTLET,STATE,NORMAL,RTN,3,,,,!WP1001!WP1002!WP1003!WP1006!WP1007!WP1014!hist14!CP1003,1
2026-07-15 11:58:53.6,1AR_LS,DEV_5803,LS SYS B,,STATE,VALVE 5803 DEVIATION,ALM,3,,,,!WP1001!WP1002!WP1003!WP1006!WP1007!WP1014!hist14!CP1017,1
2026-07-15 11:59:52.1,1AR_LS,DEV_5803,LS SYS B,,STATE,,RTN,3,,,,!WP1001!WP1002!WP1003!WP1006!WP1007!WP1014!hist14!CP1017,1
2026-07-15 12:02:18.1,1AR17,JAS_TIMER,JAS AUTO FLUSH TIMER,,PTARG,RESET FLUSH TIMER,ALM,5,28801,28800,SEC,!hist14!CP1017,2
2026-07-15 12:02:19.1,1AR17,JAS_TIMER,JAS AUTO FLUSH TIMER,,PTARG,RESET FLUSH TIMER,RTN,5,0,28800,SEC,!hist14!CP1017,2
2026-07-15 12:02:55.8,1DAS10,IAAH3231,MAIN STEAM SODIUM,,IOBAD,,ALM,5,,,,!WP1002!WP1006!WP1007!WP1001!WP1003!WP1014!hist14!CP1008,1
2026-07-15 12:03:01.3,1DAS10,IAAH3231,MAIN STEAM SODIUM,,IOBAD,,RTN,5,,,,!WP1002!WP1006!WP1007!WP1001!WP1003!WP1014!hist14!CP1008,1
2026-07-15 12:05:50.8,1DAS10,IAAH335PH,DRUM WATER PH-PRI,,LOABS,LOW,RTN,1,8.56328,8.5,pH,!WP1002!WP1006!WP1007!WP1001!WP1003!WP1014!hist14!CP1008,1
2026-07-15 12:07:12.3,1DAS10,IAAH3231,MAIN STEAM SODIUM,,IOBAD,,ALM,5,,,,!WP1002!WP1006!WP1007!WP1001!WP1003!WP1014!hist14!CP1008,1
2026-07-15 12:07:23.3,1DAS10,IAAH3231,MAIN STEAM SODIUM,,IOBAD,,RTN,5,,,,!WP1002!WP1006!WP1007!WP1001!WP1003!WP1014!hist14!CP1008,1
2026-07-15 12:07:23.8,1DAS10,IAAH3231,MAIN STEAM SODIUM,,HIABS,HIGH,ALM,1,3.60156,3,ppb,!WP1002!WP1006!WP1007!WP1001!WP1003!WP1014!hist14!CP1008,1
2026-07-15 12:07:33.3,1DAS10,IAAH3231,MAIN STEAM SODIUM,,HIABS,HIGH,RTN,1,2.99023,3,ppb,!WP1002!WP1006!WP1007!WP1001!WP1003!WP1014!hist14!CP1008,1
2026-07-15 12:08:08.3,1DAS10,IAAH3231,MAIN STEAM SODIUM,,IOBAD,,ALM,5,,,,!WP1002!WP1006!WP1007!WP1001!WP1003!WP1014!hist14!CP1008,1
2026-07-15 12:08:17.8,1DAS10,IAAH3231,MAIN STEAM SODIUM,,IOBAD,,RTN,5,,,,!WP1002!WP1006!WP1007!WP1001!WP1003!WP1014!hist14!CP1008,1
2026-07-15 12:08:39.6,1MISC,B8,POTABLE WATER,,HIABS,HIGH LEVEL POTABLE WATER,RTN,5,124.703,125,%,!WP1001!WP1002!WP1003!WP1006!WP1007!WP1014!hist14!CP1002,1
2026-07-15 12:08:44.1,1MELIM,ZDS5504,WET/DRY INTFC VLV  DM DEV,,LODEV,LOW DEVIATION ALARM,RTN,3,46.5547,42.5,%,!hist14!CP1017,2
2026-07-15 12:08:44.1,ASH_DCS,PLC_TRB,ASH PLC TROUBLE ALARM,ASH PLC,STATE,TROUBLE ALARM,ALM,3,,,,!WP1002!WP1006!WP1007!WP1001!WP1003!WP1014!hist14!CP1006,1
2026-07-15 12:09:02.1,1MISC,B8,POTABLE WATER,,HIABS,HIGH LEVEL POTABLE WATER,ALM,5,125.889,125,%,!WP1001!WP1002!WP1003!WP1006!WP1007!WP1014!hist14!CP1002,1
2026-07-15 12:09:17.1,1MISC,B8,POTABLE WATER,,HIABS,HIGH LEVEL POTABLE WATER,RTN,5,124.703,125,%,!WP1001!WP1002!WP1003!WP1006!WP1007!WP1014!hist14!CP1002,1
2026-07-15 12:10:52.1,1MELIM,ZDS5504,WET/DRY INTFC VLV  DM DEV,,HIDEV,HIGH DEVIATION ALARM,ALM,3,98.627,5,%,!hist14!CP1017,2
2026-07-15 12:10:52.8,1DAS10,IAAH3231,MAIN STEAM SODIUM,,IOBAD,,ALM,5,,,,!WP1002!WP1006!WP1007!WP1001!WP1003!WP1014!hist14!CP1008,1
2026-07-15 12:11:04.3,1DAS10,IAAH3231,MAIN STEAM SODIUM,,IOBAD,,RTN,5,,,,!WP1002!WP1006!WP1007!WP1001!WP1003!WP1014!hist14!CP1008,1
2026-07-15 12:11:05.3,1DAS10,IAAH3231,MAIN STEAM SODIUM,,IOBAD,,ALM,5,,,,!WP1002!WP1006!WP1007!WP1001!WP1003!WP1014!hist14!CP1008,1
2026-07-15 12:11:16.3,1DAS11,IACE3091,DRUM WATER CATION COND-SEC,1459,HIABS,HIGH,ALM,2,1.42813,1.4,US/CM,!WP1002!WP1006!WP1007!WP1001!WP1003!WP1014!hist14!CP1008,1
2026-07-15 12:11:20.3,1DAS10,IAAH3231,MAIN STEAM SODIUM,,IOBAD,,RTN,5,,,,!WP1002!WP1006!WP1007!WP1001!WP1003!WP1014!hist14!CP1008,1
2026-07-15 12:11:20.3,1DAS10,IAAH3231,MAIN STEAM SODIUM,,HIABS,HIGH,ALM,1,3.60156,3,ppb,!WP1002!WP1006!WP1007!WP1001!WP1003!WP1014!hist14!CP1008,1
2026-07-15 12:11:30.3,1DAS10,IAAH3231,MAIN STEAM SODIUM,,IOBAD,,ALM,5,,,,!WP1002!WP1006!WP1007!WP1001!WP1003!WP1014!hist14!CP1008,1
2026-07-15 12:11:30.3,1DAS10,IAAH3231,MAIN STEAM SODIUM,,HIABS,HIGH,RTN,1,-2,3,ppb,!WP1002!WP1006!WP1007!WP1001!WP1003!WP1014!hist14!CP1008,1
2026-07-15 12:11:30.3,1DAS11,DRUMCC01,DRUM WATER CC    CALL LAB,1651,HIABS,DRUM WATER CC HI. CALL LAB,ALM,1,1.42295,1.4,PPB,!WP1002!WP1006!WP1007!WP1001!WP1003!WP1014!hist14!CP1008,1
2026-07-15 12:11:37.4,IDFAN_PEEC,OPCY_ALM,PRECIP OUT > 50%,PRECIP OUTLET,STATE,ALARM,ALM,3,,,,!WP1001!WP1002!WP1003!WP1006!WP1007!WP1014!hist14!CP1003,1
2026-07-15 12:11:38.1,IDFAN_PEEC,OPCY_ALM,PRECIP OUT > 50%,PRECIP OUTLET,STATE,NORMAL,RTN,3,,,,!WP1001!WP1002!WP1003!WP1006!WP1007!WP1014!hist14!CP1003,1
2026-07-15 12:11:38.8,1DAS10,IAAH3231,MAIN STEAM SODIUM,,IOBAD,,RTN,5,,,,!WP1002!WP1006!WP1007!WP1001!WP1003!WP1014!hist14!CP1008,1
2026-07-15 12:11:52.3,1DAS11,DRUMCC01,DRUM WATER CC    CALL LAB,1651,HIABS,DRUM WATER CC HI. CALL LAB,RTN,1,1.29688,1.4,PPB,!WP1002!WP1006!WP1007!WP1001!WP1003!WP1014!hist14!CP1008,1
2026-07-15 12:11:55.8,1DAS10,IAAH3231,MAIN STEAM SODIUM,,IOBAD,,ALM,5,,,,!WP1002!WP1006!WP1007!WP1001!WP1003!WP1014!hist14!CP1008,1
2026-07-15 12:12:09.3,1DAS11,IACE3091,DRUM WATER CATION COND-SEC,1459,HIABS,HIGH,RTN,2,1.13457,1.4,US/CM,!WP1002!WP1006!WP1007!WP1001!WP1003!WP1014!hist14!CP1008,1
2026-07-15 12:12:33.8,1DAS10,IAAH3231,MAIN STEAM SODIUM,,IOBAD,,RTN,5,,,,!WP1002!WP1006!WP1007!WP1001!WP1003!WP1014!hist14!CP1008,1
2026-07-15 12:12:33.8,1DAS10,IAAH3231,MAIN STEAM SODIUM,,HIABS,HIGH,ALM,1,4.39063,3,ppb,!WP1002!WP1006!WP1007!WP1001!WP1003!WP1014!hist14!CP1008,1
2026-07-15 12:12:51.3,1DAS10,IAAH3231,MAIN STEAM SODIUM,,HIABS,HIGH,RTN,1,2.99805,3,ppb,!WP1002!WP1006!WP1007!WP1001!WP1003!WP1014!hist14!CP1008,1
2026-07-15 12:13:16.8,1DAS10,IAAH3231,MAIN STEAM SODIUM,,IOBAD,,ALM,5,,,,!WP1002!WP1006!WP1007!WP1001!WP1003!WP1014!hist14!CP1008,1
2026-07-15 12:14:07.3,1DAS10,IAAH3231,MAIN STEAM SODIUM,,IOBAD,,RTN,5,,,,!WP1002!WP1006!WP1007!WP1001!WP1003!WP1014!hist14!CP1008,1
2026-07-15 12:14:07.3,1DAS10,IAAH3231,MAIN STEAM SODIUM,,HIABS,HIGH,ALM,1,4.3457,3,ppb,!WP1002!WP1006!WP1007!WP1001!WP1003!WP1014!hist14!CP1008,1
2026-07-15 12:14:25.3,1DAS10,IAAH3231,MAIN STEAM SODIUM,,HIABS,HIGH,RTN,1,2.97852,3,ppb,!WP1002!WP1006!WP1007!WP1001!WP1003!WP1014!hist14!CP1008,1
2026-07-15 12:14:50.8,1DAS10,IAAH3231,MAIN STEAM SODIUM,,IOBAD,,ALM,5,,,,!WP1002!WP1006!WP1007!WP1001!WP1003!WP1014!hist14!CP1008,1
2026-07-15 12:15:05.3,1DAS10,IAAH3231,MAIN STEAM SODIUM,,IOBAD,,RTN,5,,,,!WP1002!WP1006!WP1007!WP1001!WP1003!WP1014!hist14!CP1008,1
2026-07-15 12:15:05.8,1DAS10,IAAH3231,MAIN STEAM SODIUM,,IOBAD,,ALM,5,,,,!WP1002!WP1006!WP1007!WP1001!WP1003!WP1014!hist14!CP1008,1
2026-07-15 12:15:43.3,1DAS10,IAAH3231,MAIN STEAM SODIUM,,IOBAD,,RTN,5,,,,!WP1002!WP1006!WP1007!WP1001!WP1003!WP1014!hist14!CP1008,1
2026-07-15 12:16:13.7,1AAIR,B16,WINDBOX/FURN DIFF PRESS,,LLABS,WINDBIX/FURN PRESS LOW,RTN,5,2.50443,2,INWC,!WP1001!WP1002!WP1003!WP1006!WP1007!WP1014!hist14!CP1001,1
2026-07-15 12:16:22.2,1BCS_7,IKTE3751,REHEAT TEMP RIGHT (REDUNDANT),,HIABS,HIGH,ALM,1,1012.19,1012.18,DEG.F,!WP1002!WP1006!WP1007!WP1001!WP1003!WP1014!hist14!CP1007,1
2026-07-15 12:16:38.7,1BCS_7,IKTE3451,REHEAT TEMP RIGHT (NORM),,HIABS,HIGH,ALM,1,1012.2,1012.18,DEG.F,!WP1002!WP1006!WP1007!WP1001!WP1003!WP1014!hist14!CP1007,1
2026-07-15 12:17:51.7,1BCS_7,IKTE3451,REHEAT TEMP RIGHT (NORM),,HIABS,HIGH,RTN,1,1007.12,1012.18,DEG.F,!WP1002!WP1006!WP1007!WP1001!WP1003!WP1014!hist14!CP1007,1
2026-07-15 12:17:57.2,1BCS_7,IKTE3751,REHEAT TEMP RIGHT (REDUNDANT),,HIABS,HIGH,RTN,1,1007.15,1012.18,DEG.F,!WP1002!WP1006!WP1007!WP1001!WP1003!WP1014!hist14!CP1007,1
2026-07-15 12:18:23.3,1DAS10,IAAH3231,MAIN STEAM SODIUM,,IOBAD,,ALM,5,,,,!WP1002!WP1006!WP1007!WP1001!WP1003!WP1014!hist14!CP1008,1
2026-07-15 12:18:28.8,1DAS10,IAAH3231,MAIN STEAM SODIUM,,IOBAD,,RTN,5,,,,!WP1002!WP1006!WP1007!WP1001!WP1003!WP1014!hist14!CP1008,1
2026-07-15 12:22:32.4,IDFAN_PEEC,OPCY_ALM,PRECIP OUT > 50%,PRECIP OUTLET,STATE,ALARM,ALM,3,,,,!WP1001!WP1002!WP1003!WP1006!WP1007!WP1014!hist14!CP1003,1
2026-07-15 12:22:37.1,IDFAN_PEEC,OPCY_ALM,PRECIP OUT > 50%,PRECIP OUTLET,STATE,NORMAL,RTN,3,,,,!WP1001!WP1002!WP1003!WP1006!WP1007!WP1014!hist14!CP1003,1
2026-07-15 12:22:46.2,1BCS_7,IKTE3751,REHEAT TEMP RIGHT (REDUNDANT),,HIABS,HIGH,ALM,1,1012.2,1012.18,DEG.F,!WP1002!WP1006!WP1007!WP1001!WP1003!WP1014!hist14!CP1007,1
2026-07-15 12:22:55.7,1BCS_7,IKTE3451,REHEAT TEMP RIGHT (NORM),,HIABS,HIGH,ALM,1,1012.22,1012.18,DEG.F,!WP1002!WP1006!WP1007!WP1001!WP1003!WP1014!hist14!CP1007,1
2026-07-15 12:24:22.1,1MELIM,ZDS5504,WET/DRY INTFC VLV  DM DEV,,HIDEV,HIGH DEVIATION ALARM,RTN,3,53.9199,57.5,%,!hist14!CP1017,2
2026-07-15 12:24:41.2,1BCS_7,IKTE3741,REHEAT TEMP LEFT (REDUNDANT),,HIABS,HIGH,ALM,1,1012.2,1012.18,DEG.F,!WP1002!WP1006!WP1007!WP1001!WP1003!WP1014!hist14!CP1007,1
2026-07-15 12:24:46.7,1BCS_7,IKTE3441,REHEAT TEMP LEFT (NORM),,HIABS,HIGH,ALM,1,1012.21,1012.18,DEG.F,!WP1002!WP1006!WP1007!WP1001!WP1003!WP1014!hist14!CP1007,1
2026-07-15 12:25:00.2,1BCS_7,IKTE3451,REHEAT TEMP RIGHT (NORM),,HIABS,HIGH,RTN,1,1007.12,1012.18,DEG.F,!WP1002!WP1006!WP1007!WP1001!WP1003!WP1014!hist14!CP1007,1
2026-07-15 12:25:06.7,1BCS_7,IKTE3751,REHEAT TEMP RIGHT (REDUNDANT),,HIABS,HIGH,RTN,1,1007.15,1012.18,DEG.F,!WP1002!WP1006!WP1007!WP1001!WP1003!WP1014!hist14!CP1007,1
2026-07-15 12:25:36.4,IDFAN_PEEC,OPCY_ALM,PRECIP OUT > 50%,PRECIP OUTLET,STATE,ALARM,ALM,3,,,,!WP1001!WP1002!WP1003!WP1006!WP1007!WP1014!hist14!CP1003,1
2026-07-15 12:25:53.1,1MELIM,ZDS5504,WET/DRY INTFC VLV  DM DEV,,HIDEV,HIGH DEVIATION ALARM,ALM,3,98.7461,5,%,!hist14!CP1017,2
2026-07-15 12:26:02.8,1SBRS,B13,R.H. SOOT BLOWING REG FBK,,HIABS,R.H. SOOTBLOWER FB @ 90%,ALM,5,90.5957,90,PCT,!WP1002!WP1006!WP1007!WP1001!WP1003!WP1014!hist14!CP1009,1
2026-07-15 12:26:33.3,1JMILL,UBOWL_LO,JPULV SEAL AIR UND BOWL DP < 5,,STATE,PULV SEAL AIR UND BOWL DP NOT<5,RTN,5,,,,!WP1001!WP1002!WP1003!WP1006!WP1007!WP1014!hist14!CP1004,1
2026-07-15 12:26:41.3,1PDF,SLPSL0001,PULV LOW SEAL AIR HDR DIFF PRESS,,LOABS,PULV LOW SEAL AIR HDR DIFF PRESS,ALM,1,3.94951,4,INH2O,!WP1001!WP1002!WP1003!WP1006!WP1007!WP1014!hist14!CP1004,1
2026-07-15 12:27:29.3,1PDF,SLPSL0001,PULV LOW SEAL AIR HDR DIFF PRESS,,LOABS,PULV LOW SEAL AIR HDR DIFF PRESS,RTN,1,4.03652,4,INH2O,!WP1001!WP1002!WP1003!WP1006!WP1007!WP1014!hist14!CP1004,1
2026-07-15 12:27:30.3,1PDF,SLPSL0001,PULV LOW SEAL AIR HDR DIFF PRESS,,LOABS,PULV LOW SEAL AIR HDR DIFF PRESS,ALM,1,3.97734,4,INH2O,!WP1001!WP1002!WP1003!WP1006!WP1007!WP1014!hist14!CP1004,1
2026-07-15 12:27:43.4,1MSPULV,PUMAJ011,PULV MILL J AMPS,,HHABS,,ALM,5,174.824,140,AMPS,!WP1001!WP1002!WP1003!WP1006!WP1007!WP1014!hist14!CP1003,1
2026-07-15 12:27:44.4,1MSPULV,PUMAJ011,PULV MILL J AMPS,,HHABS,,RTN,5,76.7383,140,AMPS,!WP1001!WP1002!WP1003!WP1006!WP1007!WP1014!hist14!CP1003,1
2026-07-15 12:27:53.3,1PDF,SLPSL0001,PULV LOW SEAL AIR HDR DIFF PRESS,,LOABS,PULV LOW SEAL AIR HDR DIFF PRESS,RTN,1,4.20996,4,INH2O,!WP1001!WP1002!WP1003!WP1006!WP1007!WP1014!hist14!CP1004,1
2026-07-15 12:28:16.4,1DAS11,IAAH3301,DRUM WATER SILICA #1,1233,HIABS,HIGH,RTN,1,74.4141,100,ppb,!WP1002!WP1006!WP1007!WP1001!WP1003!WP1014!hist14!CP1008,1
2026-07-15 12:28:26.3,1PDF,SLPSL0001,PULV LOW SEAL AIR HDR DIFF PRESS,,LOABS,PULV LOW SEAL AIR HDR DIFF PRESS,ALM,1,3.95977,4,INH2O,!WP1001!WP1002!WP1003!WP1006!WP1007!WP1014!hist14!CP1004,1
2026-07-15 12:28:27.3,1PDF,SLPSL0001,PULV LOW SEAL AIR HDR DIFF PRESS,,LOABS,PULV LOW SEAL AIR HDR DIFF PRESS,RTN,1,4.01836,4,INH2O,!WP1001!WP1002!WP1003!WP1006!WP1007!WP1014!hist14!CP1004,1
2026-07-15 12:28:29.3,1PDF,SLPSL0001,PULV LOW SEAL AIR HDR DIFF PRESS,,LOABS,PULV LOW SEAL AIR HDR DIFF PRESS,ALM,1,3.95273,4,INH2O,!WP1001!WP1002!WP1003!WP1006!WP1007!WP1014!hist14!CP1004,1
2026-07-15 12:28:32.7,1BCS_7,IKTE3441,REHEAT TEMP LEFT (NORM),,HIABS,HIGH,RTN,1,1007.15,1012.18,DEG.F,!WP1002!WP1006!WP1007!WP1001!WP1003!WP1014!hist14!CP1007,1
2026-07-15 12:28:34.7,1BCS_7,IKTE3751,REHEAT TEMP RIGHT (REDUNDANT),,HIABS,HIGH,ALM,1,1012.2,1012.18,DEG.F,!WP1002!WP1006!WP1007!WP1001!WP1003!WP1014!hist14!CP1007,1
2026-07-15 12:28:36.8,1JMILL,LOFL_ALM,J PULV LUBE OIL LOW FLOW,,STATE,LOW FLOW,ALM,3,,,,!WP1001!WP1002!WP1003!WP1006!WP1007!WP1014!hist14!CP1004,1
2026-07-15 12:28:36.3,1PDF,SLPSL0001,PULV LOW SEAL AIR HDR DIFF PRESS,,LOABS,PULV LOW SEAL AIR HDR DIFF PRESS,RTN,1,4.0166,4,INH2O,!WP1001!WP1002!WP1003!WP1006!WP1007!WP1014!hist14!CP1004,1
2026-07-15 12:28:36.2,1BCS_7,IKTE3741,REHEAT TEMP LEFT (REDUNDANT),,HIABS,HIGH,RTN,1,1007.18,1012.18,DEG.F,!WP1002!WP1006!WP1007!WP1001!WP1003!WP1014!hist14!CP1007,1
2026-07-15 12:28:39.3,1PDF,SLPSL0001,PULV LOW SEAL AIR HDR DIFF PRESS,,LOABS,PULV LOW SEAL AIR HDR DIFF PRESS,ALM,1,3.98848,4,INH2O,!WP1001!WP1002!WP1003!WP1006!WP1007!WP1014!hist14!CP1004,1
2026-07-15 12:28:40.3,1PDF,SLPSL0001,PULV LOW SEAL AIR HDR DIFF PRESS,,LOABS,PULV LOW SEAL AIR HDR DIFF PRESS,RTN,1,4.01602,4,INH2O,!WP1001!WP1002!WP1003!WP1006!WP1007!WP1014!hist14!CP1004,1
2026-07-15 12:28:41.3,1PDF,SLPSL0001,PULV LOW SEAL AIR HDR DIFF PRESS,,LOABS,PULV LOW SEAL AIR HDR DIFF PRESS,ALM,1,3.99023,4,INH2O,!WP1001!WP1002!WP1003!WP1006!WP1007!WP1014!hist14!CP1004,1
2026-07-15 12:28:42.3,1PDF,SLPSL0001,PULV LOW SEAL AIR HDR DIFF PRESS,,LOABS,PULV LOW SEAL AIR HDR DIFF PRESS,RTN,1,4.03916,4,INH2O,!WP1001!WP1002!WP1003!WP1006!WP1007!WP1014!hist14!CP1004,1
2026-07-15 12:28:46.3,1PDF,SLPSL0001,PULV LOW SEAL AIR HDR DIFF PRESS,,LOABS,PULV LOW SEAL AIR HDR DIFF PRESS,ALM,1,3.96064,4,INH2O,!WP1001!WP1002!WP1003!WP1006!WP1007!WP1014!hist14!CP1004,1
2026-07-15 12:28:55.7,1BCS_7,IKTE3451,REHEAT TEMP RIGHT (NORM),,HIABS,HIGH,ALM,1,1012.2,1012.18,DEG.F,!WP1002!WP1006!WP1007!WP1001!WP1003!WP1014!hist14!CP1007,1
2026-07-15 12:29:03.3,1PDF,SLPSL0001,PULV LOW SEAL AIR HDR DIFF PRESS,,LOABS,PULV LOW SEAL AIR HDR DIFF PRESS,RTN,1,4.04092,4,INH2O,!WP1001!WP1002!WP1003!WP1006!WP1007!WP1014!hist14!CP1004,1
2026-07-15 12:29:04.3,1PDF,SLPSL0001,PULV LOW SEAL AIR HDR DIFF PRESS,,LOABS,PULV LOW SEAL AIR HDR DIFF PRESS,ALM,1,3.96035,4,INH2O,!WP1001!WP1002!WP1003!WP1006!WP1007!WP1014!hist14!CP1004,1
2026-07-15 12:29:10.3,1PDF,SLPSL0001,PULV LOW SEAL AIR HDR DIFF PRESS,,LOABS,PULV LOW SEAL AIR HDR DIFF PRESS,RTN,1,4.04502,4,INH2O,!WP1001!WP1002!WP1003!WP1006!WP1007!WP1014!hist14!CP1004,1
2026-07-15 12:29:15.3,1PDF,SLPSL0001,PULV LOW SEAL AIR HDR DIFF PRESS,,LOABS,PULV LOW SEAL AIR HDR DIFF PRESS,ALM,1,3.90029,4,INH2O,!WP1001!WP1002!WP1003!WP1006!WP1007!WP1014!hist14!CP1004,1
2026-07-15 12:29:29.8,1WB_DEV,AA_JJ_DEV,AUX AIR JJ ANY DEV,,STATE,DEVIATION,ALM,5,,,KPH,,0
2026-07-15 12:31:05.4,1DAS11,ISPSH1131,LIGHTER OIL SUPPLY PRESS ALM,,HIABS,HI LIGHTER OIL SUPPLY PRESS,ALM,1,264.971,175,KPH,!WP1002!WP1006!WP1007!WP1001!WP1003!WP1014!hist14!CP1008,1
2026-07-15 12:31:17.3,1SBRS,B13,R.H. SOOT BLOWING REG FBK,,HIABS,R.H. SOOTBLOWER FB @ 90%,RTN,5,83.4023,90,PCT,!WP1002!WP1006!WP1007!WP1001!WP1003!WP1014!hist14!CP1009,1
2026-07-15 12:31:22.7,1BCS_7,IKTE3741,REHEAT TEMP LEFT (REDUNDANT),,HIABS,HIGH,ALM,1,1012.2,1012.18,DEG.F,!WP1002!WP1006!WP1007!WP1001!WP1003!WP1014!hist14!CP1007,1
2026-07-15 12:31:24.2,1BCS_7,IKTE3441,REHEAT TEMP LEFT (NORM),,HIABS,HIGH,ALM,1,1012.19,1012.18,DEG.F,!WP1002!WP1006!WP1007!WP1001!WP1003!WP1014!hist14!CP1007,1
2026-07-15 12:31:27.2,1BCS_7,IKTE3451,REHEAT TEMP RIGHT (NORM),,HIABS,HIGH,RTN,1,1007.15,1012.18,DEG.F,!WP1002!WP1006!WP1007!WP1001!WP1003!WP1014!hist14!CP1007,1
2026-07-15 12:31:40.2,1BCS_7,IKTE3751,REHEAT TEMP RIGHT (REDUNDANT),,HIABS,HIGH,RTN,1,1007.15,1012.18,DEG.F,!WP1002!WP1006!WP1007!WP1001!WP1003!WP1014!hist14!CP1007,1
2026-07-15 12:31:44.4,1DAS11,ISPSH1131,LIGHTER OIL SUPPLY PRESS ALM,,HIABS,HI LIGHTER OIL SUPPLY PRESS,RTN,1,153.477,175,KPH,!WP1002!WP1006!WP1007!WP1001!WP1003!WP1014!hist14!CP1008,1
2026-07-15 12:31:45.4,1DAS11,ISPSH1131,LIGHTER OIL SUPPLY PRESS ALM,,HIABS,HI LIGHTER OIL SUPPLY PRESS,ALM,1,213.047,175,KPH,!WP1002!WP1006!WP1007!WP1001!WP1003!WP1014!hist14!CP1008,1
2026-07-15 12:32:57.4,1DAS11,IAAH3301,DRUM WATER SILICA #1,1233,HIABS,HIGH,ALM,1,306.348,100,ppb,!WP1002!WP1006!WP1007!WP1001!WP1003!WP1014!hist14!CP1008,1
2026-07-15 12:33:35.4,IDFAN_PEEC,OPCY_ALM,PRECIP OUT > 50%,PRECIP OUTLET,STATE,NORMAL,RTN,3,,,,!WP1001!WP1002!WP1003!WP1006!WP1007!WP1014!hist14!CP1003,1
2026-07-15 12:34:10.7,1BCS_7,IKTE3441,REHEAT TEMP LEFT (NORM),,HIABS,HIGH,RTN,1,1007.15,1012.18,DEG.F,!WP1002!WP1006!WP1007!WP1001!WP1003!WP1014!hist14!CP1007,1
2026-07-15 12:34:13.7,1BCS_7,IKTE3741,REHEAT TEMP LEFT (REDUNDANT),,HIABS,HIGH,RTN,1,1007.15,1012.18,DEG.F,!WP1002!WP1006!WP1007!WP1001!WP1003!WP1014!hist14!CP1007,1
2026-07-15 12:34:14.3,1PDF,SLPSL0001,PULV LOW SEAL AIR HDR DIFF PRESS,,LOABS,PULV LOW SEAL AIR HDR DIFF PRESS,RTN,1,4.01865,4,INH2O,!WP1001!WP1002!WP1003!WP1006!WP1007!WP1014!hist14!CP1004,1
2026-07-15 12:34:55.3,1JMILL,LOFL_ALM,J PULV LUBE OIL LOW FLOW,,STATE,ALARM CLEAR,RTN,3,,,,!WP1001!WP1002!WP1003!WP1006!WP1007!WP1014!hist14!CP1004,1
2026-07-15 12:35:06.3,1PDF,SLPSL0001,PULV LOW SEAL AIR HDR DIFF PRESS,,LOABS,PULV LOW SEAL AIR HDR DIFF PRESS,ALM,1,3.9835,4,INH2O,!WP1001!WP1002!WP1003!WP1006!WP1007!WP1014!hist14!CP1004,1
2026-07-15 12:38:57.4,PAC_PLC,ACI_FDR_A_TR,ACI FDR A AC-WIC-5007 TRBLE ALM,,CHANGE,PAC FEEDER A TROUBLE,ALM,1,,,,!WP1001!WP1002!WP1003!WP1006!WP1007!WP1014!hist14!CP1003,1
2026-07-15 12:39:16.0,PAC_PLC,ACI_FDR_A_TR,ACI FDR A AC-WIC-5007 TRBLE ALM,,CHANGE,PAC FEEDER A TROUBLE,ALM,1,,,,!WP1001!WP1002!WP1003!WP1006!WP1007!WP1014!hist14!CP1003,1
2026-07-15 12:39:18.0,PAC_PLC,ACI_FDR_A_TR,ACI FDR A AC-WIC-5007 TRBLE ALM,,CHANGE,PAC FEEDER A TROUBLE,ALM,1,,,,!WP1001!WP1002!WP1003!WP1006!WP1007!WP1014!hist14!CP1003,1
2026-07-15 12:39:22.1,1MELIM,ZDS5504,WET/DRY INTFC VLV  DM DEV,,HIDEV,HIGH DEVIATION ALARM,RTN,3,53.9297,57.5,%,!hist14!CP1017,2
2026-07-15 12:39:22.0,PAC_PLC,ACI_FDR_A_TR,ACI FDR A AC-WIC-5007 TRBLE ALM,,CHANGE,PAC FEEDER A TROUBLE,ALM,1,,,,!WP1001!WP1002!WP1003!WP1006!WP1007!WP1014!hist14!CP1003,1
2026-07-15 12:40:08.4,1DAS11,ISPSH1131,LIGHTER OIL SUPPLY PRESS ALM,,HIABS,HI LIGHTER OIL SUPPLY PRESS,RTN,1,122.91,175,KPH,!WP1002!WP1006!WP1007!WP1001!WP1003!WP1014!hist14!CP1008,1
2026-07-15 12:40:12.4,1DAS11,ISPSH1131,LIGHTER OIL SUPPLY PRESS ALM,,HIABS,HI LIGHTER OIL SUPPLY PRESS,ALM,1,178.574,175,KPH,!WP1002!WP1006!WP1007!WP1001!WP1003!WP1014!hist14!CP1008,1
2026-07-15 12:40:14.4,1DAS11,ISPSH1131,LIGHTER OIL SUPPLY PRESS ALM,,HIABS,HI LIGHTER OIL SUPPLY PRESS,RTN,1,148.643,175,KPH,!WP1002!WP1006!WP1007!WP1001!WP1003!WP1014!hist14!CP1008,1
2026-07-15 12:40:53.1,1MELIM,ZDS5504,WET/DRY INTFC VLV  DM DEV,,HIDEV,HIGH DEVIATION ALARM,ALM,3,98.7539,5,%,!hist14!CP1017,2
2026-07-15 12:41:39.3,1PDF,SLPSL0001,PULV LOW SEAL AIR HDR DIFF PRESS,,LOABS,PULV LOW SEAL AIR HDR DIFF PRESS,RTN,1,4.02305,4,INH2O,!WP1001!WP1002!WP1003!WP1006!WP1007!WP1014!hist14!CP1004,1
2026-07-15 12:41:43.3,1PDF,SLPSL0001,PULV LOW SEAL AIR HDR DIFF PRESS,,LOABS,PULV LOW SEAL AIR HDR DIFF PRESS,ALM,1,3.94365,4,INH2O,!WP1001!WP1002!WP1003!WP1006!WP1007!WP1014!hist14!CP1004,1
2026-07-15 12:41:44.3,1PDF,SLPSL0001,PULV LOW SEAL AIR HDR DIFF PRESS,,LOABS,PULV LOW SEAL AIR HDR DIFF PRESS,RTN,1,4.03477,4,INH2O,!WP1001!WP1002!WP1003!WP1006!WP1007!WP1014!hist14!CP1004,1
2026-07-15 12:41:49.3,1PDF,SLPSL0001,PULV LOW SEAL AIR HDR DIFF PRESS,,LOABS,PULV LOW SEAL AIR HDR DIFF PRESS,ALM,1,3.97119,4,INH2O,!WP1001!WP1002!WP1003!WP1006!WP1007!WP1014!hist14!CP1004,1
2026-07-15 12:42:22.3,1PDF,SLPSL0001,PULV LOW SEAL AIR HDR DIFF PRESS,,LOABS,PULV LOW SEAL AIR HDR DIFF PRESS,RTN,1,4.02188,4,INH2O,!WP1001!WP1002!WP1003!WP1006!WP1007!WP1014!hist14!CP1004,1
2026-07-15 12:43:30.3,1PDF,SLPSL0001,PULV LOW SEAL AIR HDR DIFF PRESS,,LOABS,PULV LOW SEAL AIR HDR DIFF PRESS,ALM,1,3.99873,4,INH2O,!WP1001!WP1002!WP1003!WP1006!WP1007!WP1014!hist14!CP1004,1
2026-07-15 12:44:32.2,1BCS_7,IKTE3741,REHEAT TEMP LEFT (REDUNDANT),,HIABS,HIGH,ALM,1,1012.2,1012.18,DEG.F,!WP1002!WP1006!WP1007!WP1001!WP1003!WP1014!hist14!CP1007,1
2026-07-15 12:45:19.2,1BCS_7,IKTE3741,REHEAT TEMP LEFT (REDUNDANT),,HIABS,HIGH,RTN,1,1007.18,1012.18,DEG.F,!WP1002!WP1006!WP1007!WP1001!WP1003!WP1014!hist14!CP1007,1
2026-07-15 12:46:05.4,IDFAN_PEEC,OPCY_ALM,PRECIP OUT > 50%,PRECIP OUTLET,STATE,ALARM,ALM,3,,,,!WP1001!WP1002!WP1003!WP1006!WP1007!WP1014!hist14!CP1003,1
2026-07-15 12:46:15.4,IDFAN_PEEC,OPCY_ALM,PRECIP OUT > 50%,PRECIP OUTLET,STATE,NORMAL,RTN,3,,,,!WP1001!WP1002!WP1003!WP1006!WP1007!WP1014!hist14!CP1003,1
2026-07-15 12:46:17.1,IDFAN_PEEC,OPCY_ALM,PRECIP OUT > 50%,PRECIP OUTLET,STATE,ALARM,ALM,3,,,,!WP1001!WP1002!WP1003!WP1006!WP1007!WP1014!hist14!CP1003,1
2026-07-15 12:46:49.3,1PDF,SLPSL0001,PULV LOW SEAL AIR HDR DIFF PRESS,,LOABS,PULV LOW SEAL AIR HDR DIFF PRESS,RTN,1,4.03125,4,INH2O,!WP1001!WP1002!WP1003!WP1006!WP1007!WP1014!hist14!CP1004,1
2026-07-15 12:46:52.3,1PDF,SLPSL0001,PULV LOW SEAL AIR HDR DIFF PRESS,,LOABS,PULV LOW SEAL AIR HDR DIFF PRESS,ALM,1,3.90469,4,INH2O,!WP1001!WP1002!WP1003!WP1006!WP1007!WP1014!hist14!CP1004,1
2026-07-15 12:47:16.6,1SEAL_AIR,PDI5735_ALM,BF B OUT DMPR SEAL CAV D/P LOW,,STATE,DP ALARM ACTIVE,ALM,3,,,,!WP1001!WP1002!WP1003!WP1006!WP1007!WP1014!hist14!CP1015,1
2026-07-15 12:48:17.3,1PDF,SLPSL0001,PULV LOW SEAL AIR HDR DIFF PRESS,,LOABS,PULV LOW SEAL AIR HDR DIFF PRESS,RTN,1,4.01953,4,INH2O,!WP1001!WP1002!WP1003!WP1006!WP1007!WP1014!hist14!CP1004,1
2026-07-15 12:48:18.3,1PDF,SLPSL0001,PULV LOW SEAL AIR HDR DIFF PRESS,,LOABS,PULV LOW SEAL AIR HDR DIFF PRESS,ALM,1,3.97441,4,INH2O,!WP1001!WP1002!WP1003!WP1006!WP1007!WP1014!hist14!CP1004,1
2026-07-15 12:48:19.3,1PDF,SLPSL0001,PULV LOW SEAL AIR HDR DIFF PRESS,,LOABS,PULV LOW SEAL AIR HDR DIFF PRESS,RTN,1,4.09482,4,INH2O,!WP1001!WP1002!WP1003!WP1006!WP1007!WP1014!hist14!CP1004,1
2026-07-15 12:48:25.4,IDFAN_PEEC,OPCY_ALM,PRECIP OUT > 50%,PRECIP OUTLET,STATE,NORMAL,RTN,3,,,,!WP1001!WP1002!WP1003!WP1006!WP1007!WP1014!hist14!CP1003,1
2026-07-15 12:48:28.3,1PDF,SLPSL0001,PULV LOW SEAL AIR HDR DIFF PRESS,,LOABS,PULV LOW SEAL AIR HDR DIFF PRESS,ALM,1,3.99639,4,INH2O,!WP1001!WP1002!WP1003!WP1006!WP1007!WP1014!hist14!CP1004,1
2026-07-15 12:48:29.3,1PDF,SLPSL0001,PULV LOW SEAL AIR HDR DIFF PRESS,,LOABS,PULV LOW SEAL AIR HDR DIFF PRESS,RTN,1,4.0998,4,INH2O,!WP1001!WP1002!WP1003!WP1006!WP1007!WP1014!hist14!CP1004,1
2026-07-15 12:48:32.4,IDFAN_PEEC,OPCY_ALM,PRECIP OUT > 50%,PRECIP OUTLET,STATE,ALARM,ALM,3,,,,!WP1001!WP1002!WP1003!WP1006!WP1007!WP1014!hist14!CP1003,1
2026-07-15 12:48:34.3,1PDF,SLPSL0001,PULV LOW SEAL AIR HDR DIFF PRESS,,LOABS,PULV LOW SEAL AIR HDR DIFF PRESS,ALM,1,3.97529,4,INH2O,!WP1001!WP1002!WP1003!WP1006!WP1007!WP1014!hist14!CP1004,1
2026-07-15 12:48:37.1,1FG_A,ZSH5601A,BF A BLADE PITCH,,HIABS,BLADE PITCH ALARM,ALM,3,70.0371,70,%,!WP1001!WP1002!WP1003!WP1006!WP1007!WP1014!hist14!CP1015,1
2026-07-15 12:48:38.3,1PDF,SLPSL0001,PULV LOW SEAL AIR HDR DIFF PRESS,,LOABS,PULV LOW SEAL AIR HDR DIFF PRESS,RTN,1,4.0585,4,INH2O,!WP1001!WP1002!WP1003!WP1006!WP1007!WP1014!hist14!CP1004,1
2026-07-15 12:48:39.3,1PDF,SLPSL0001,PULV LOW SEAL AIR HDR DIFF PRESS,,LOABS,PULV LOW SEAL AIR HDR DIFF PRESS,ALM,1,3.93486,4,INH2O,!WP1001!WP1002!WP1003!WP1006!WP1007!WP1014!hist14!CP1004,1
2026-07-15 12:48:39.1,1FG_B,ZSH5701A,BF B BLADE PITCH,,HIABS,BLADE PITCH ALARM,ALM,3,70.1172,70,%,!WP1001!WP1002!WP1003!WP1006!WP1007!WP1014!hist14!CP1015,1
2026-07-15 12:48:40.3,1PDF,SLPSL0001,PULV LOW SEAL AIR HDR DIFF PRESS,,LOABS,PULV LOW SEAL AIR HDR DIFF PRESS,RTN,1,4.02627,4,INH2O,!WP1001!WP1002!WP1003!WP1006!WP1007!WP1014!hist14!CP1004,1
2026-07-15 12:48:41.3,1PDF,SLPSL0001,PULV LOW SEAL AIR HDR DIFF PRESS,,LOABS,PULV LOW SEAL AIR HDR DIFF PRESS,ALM,1,3.94248,4,INH2O,!WP1001!WP1002!WP1003!WP1006!WP1007!WP1014!hist14!CP1004,1
2026-07-15 12:48:44.3,1PDF,SLPSL0001,PULV LOW SEAL AIR HDR DIFF PRESS,,LOABS,PULV LOW SEAL AIR HDR DIFF PRESS,RTN,1,4.02188,4,INH2O,!WP1001!WP1002!WP1003!WP1006!WP1007!WP1014!hist14!CP1004,1
2026-07-15 12:50:20.4,IDFAN_PEEC,BHAIT5000,PRECIP OUTLET DUCT OPACITY,PREC OUTLET O,HIABS,PREC OUTLET OPACITY HIGH,ALM,5,73.6738,70,%,!WP1001!WP1002!WP1003!WP1006!WP1007!WP1014!hist14!CP1003,1
2026-07-15 12:50:24.3,1PDF,SLPSL0001,PULV LOW SEAL AIR HDR DIFF PRESS,,LOABS,PULV LOW SEAL AIR HDR DIFF PRESS,ALM,1,3.93076,4,INH2O,!WP1001!WP1002!WP1003!WP1006!WP1007!WP1014!hist14!CP1004,1
2026-07-15 12:51:01.3,1PDF,SLPSL0001,PULV LOW SEAL AIR HDR DIFF PRESS,,LOABS,PULV LOW SEAL AIR HDR DIFF PRESS,RTN,1,4.00928,4,INH2O,!WP1001!WP1002!WP1003!WP1006!WP1007!WP1014!hist14!CP1004,1
2026-07-15 12:51:02.3,1PDF,SLPSL0001,PULV LOW SEAL AIR HDR DIFF PRESS,,LOABS,PULV LOW SEAL AIR HDR DIFF PRESS,ALM,1,3.96563,4,INH2O,!WP1001!WP1002!WP1003!WP1006!WP1007!WP1014!hist14!CP1004,1
2026-07-15 12:51:03.3,1PDF,SLPSL0001,PULV LOW SEAL AIR HDR DIFF PRESS,,LOABS,PULV LOW SEAL AIR HDR DIFF PRESS,RTN,1,4.0292,4,INH2O,!WP1001!WP1002!WP1003!WP1006!WP1007!WP1014!hist14!CP1004,1
2026-07-15 12:51:04.3,1PDF,SLPSL0001,PULV LOW SEAL AIR HDR DIFF PRESS,,LOABS,PULV LOW SEAL AIR HDR DIFF PRESS,ALM,1,3.8502,4,INH2O,!WP1001!WP1002!WP1003!WP1006!WP1007!WP1014!hist14!CP1004,1
2026-07-15 12:51:18.4,IDFAN_PEEC,BHAIT5000,PRECIP OUTLET DUCT OPACITY,PREC OUTLET O,HIABS,PREC OUTLET OPACITY HIGH,RTN,5,69.959,70,%,!WP1001!WP1002!WP1003!WP1006!WP1007!WP1014!hist14!CP1003,1
2026-07-15 12:53:04.6,1FG_B,ZSH5701A,BF B BLADE PITCH,,HIABS,BLADE PITCH ALARM,RTN,3,69.8945,70,%,!WP1001!WP1002!WP1003!WP1006!WP1007!WP1014!hist14!CP1015,1
2026-07-15 12:53:07.6,1FG_A,ZSH5601A,BF A BLADE PITCH,,HIABS,BLADE PITCH ALARM,RTN,3,69.8242,70,%,!WP1001!WP1002!WP1003!WP1006!WP1007!WP1014!hist14!CP1015,1
2026-07-15 12:54:14.3,1PDF,SLPSL0001,PULV LOW SEAL AIR HDR DIFF PRESS,,LOABS,PULV LOW SEAL AIR HDR DIFF PRESS,RTN,1,4.02949,4,INH2O,!WP1001!WP1002!WP1003!WP1006!WP1007!WP1014!hist14!CP1004,1
2026-07-15 12:54:15.3,1PDF,SLPSL0001,PULV LOW SEAL AIR HDR DIFF PRESS,,LOABS,PULV LOW SEAL AIR HDR DIFF PRESS,ALM,1,3.98555,4,INH2O,!WP1001!WP1002!WP1003!WP1006!WP1007!WP1014!hist14!CP1004,1
2026-07-15 12:54:16.3,1PDF,SLPSL0001,PULV LOW SEAL AIR HDR DIFF PRESS,,LOABS,PULV LOW SEAL AIR HDR DIFF PRESS,RTN,1,4.1376,4,INH2O,!WP1001!WP1002!WP1003!WP1006!WP1007!WP1014!hist14!CP1004,1
2026-07-15 12:54:19.3,1PDF,SLPSL0001,PULV LOW SEAL AIR HDR DIFF PRESS,,LOABS,PULV LOW SEAL AIR HDR DIFF PRESS,ALM,1,3.96592,4,INH2O,!WP1001!WP1002!WP1003!WP1006!WP1007!WP1014!hist14!CP1004,1
2026-07-15 12:54:20.3,1PDF,SLPSL0001,PULV LOW SEAL AIR HDR DIFF PRESS,,LOABS,PULV LOW SEAL AIR HDR DIFF PRESS,RTN,1,4.00049,4,INH2O,!WP1001!WP1002!WP1003!WP1006!WP1007!WP1014!hist14!CP1004,1
2026-07-15 12:54:22.1,1MELIM,ZDS5504,WET/DRY INTFC VLV  DM DEV,,HIDEV,HIGH DEVIATION ALARM,RTN,3,53.9199,57.5,%,!hist14!CP1017,2
2026-07-15 12:54:28.3,1PDF,SLPSL0001,PULV LOW SEAL AIR HDR DIFF PRESS,,LOABS,PULV LOW SEAL AIR HDR DIFF PRESS,ALM,1,3.8959,4,INH2O,!WP1001!WP1002!WP1003!WP1006!WP1007!WP1014!hist14!CP1004,1
2026-07-15 12:54:31.3,1PDF,SLPSL0001,PULV LOW SEAL AIR HDR DIFF PRESS,,LOABS,PULV LOW SEAL AIR HDR DIFF PRESS,RTN,1,4.0207,4,INH2O,!WP1001!WP1002!WP1003!WP1006!WP1007!WP1014!hist14!CP1004,1
2026-07-15 12:54:32.3,1PDF,SLPSL0001,PULV LOW SEAL AIR HDR DIFF PRESS,,LOABS,PULV LOW SEAL AIR HDR DIFF PRESS,ALM,1,3.93867,4,INH2O,!WP1001!WP1002!WP1003!WP1006!WP1007!WP1014!hist14!CP1004,1
2026-07-15 12:54:33.3,1PDF,SLPSL0001,PULV LOW SEAL AIR HDR DIFF PRESS,,LOABS,PULV LOW SEAL AIR HDR DIFF PRESS,RTN,1,4.04561,4,INH2O,!WP1001!WP1002!WP1003!WP1006!WP1007!WP1014!hist14!CP1004,1
2026-07-15 12:54:34.3,1PDF,SLPSL0001,PULV LOW SEAL AIR HDR DIFF PRESS,,LOABS,PULV LOW SEAL AIR HDR DIFF PRESS,ALM,1,3.87539,4,INH2O,!WP1001!WP1002!WP1003!WP1006!WP1007!WP1014!hist14!CP1004,1
2026-07-15 12:54:42.3,1PDF,SLPSL0001,PULV LOW SEAL AIR HDR DIFF PRESS,,LOABS,PULV LOW SEAL AIR HDR DIFF PRESS,RTN,1,4.01426,4,INH2O,!WP1001!WP1002!WP1003!WP1006!WP1007!WP1014!hist14!CP1004,1
2026-07-15 12:54:43.3,1PDF,SLPSL0001,PULV LOW SEAL AIR HDR DIFF PRESS,,LOABS,PULV LOW SEAL AIR HDR DIFF PRESS,ALM,1,3.95566,4,INH2O,!WP1001!WP1002!WP1003!WP1006!WP1007!WP1014!hist14!CP1004,1
2026-07-15 12:54:44.0,IDFAN_PEEC,OPCY_ALM,PRECIP OUT > 50%,PRECIP OUTLET,STATE,NORMAL,RTN,3,,,,!WP1001!WP1002!WP1003!WP1006!WP1007!WP1014!hist14!CP1003,1
2026-07-15 12:54:47.0,IDFAN_PEEC,OPCY_ALM,PRECIP OUT > 50%,PRECIP OUTLET,STATE,ALARM,ALM,3,,,,!WP1001!WP1002!WP1003!WP1006!WP1007!WP1014!hist14!CP1003,1
2026-07-15 12:54:48.3,1PDF,SLPSL0001,PULV LOW SEAL AIR HDR DIFF PRESS,,LOABS,PULV LOW SEAL AIR HDR DIFF PRESS,RTN,1,4.04355,4,INH2O,!WP1001!WP1002!WP1003!WP1006!WP1007!WP1014!hist14!CP1004,1
2026-07-15 12:54:49.3,1PDF,SLPSL0001,PULV LOW SEAL AIR HDR DIFF PRESS,,LOABS,PULV LOW SEAL AIR HDR DIFF PRESS,ALM,1,3.94014,4,INH2O,!WP1001!WP1002!WP1003!WP1006!WP1007!WP1014!hist14!CP1004,1
2026-07-15 12:54:56.3,1PDF,SLPSL0001,PULV LOW SEAL AIR HDR DIFF PRESS,,LOABS,PULV LOW SEAL AIR HDR DIFF PRESS,RTN,1,4.04619,4,INH2O,!WP1001!WP1002!WP1003!WP1006!WP1007!WP1014!hist14!CP1004,1
2026-07-15 12:54:57.3,1PDF,SLPSL0001,PULV LOW SEAL AIR HDR DIFF PRESS,,LOABS,PULV LOW SEAL AIR HDR DIFF PRESS,ALM,1,3.92021,4,INH2O,!WP1001!WP1002!WP1003!WP1006!WP1007!WP1014!hist14!CP1004,1
2026-07-15 12:54:58.3,1PDF,SLPSL0001,PULV LOW SEAL AIR HDR DIFF PRESS,,LOABS,PULV LOW SEAL AIR HDR DIFF PRESS,RTN,1,4.02393,4,INH2O,!WP1001!WP1002!WP1003!WP1006!WP1007!WP1014!hist14!CP1004,1
2026-07-15 12:54:59.3,1PDF,SLPSL0001,PULV LOW SEAL AIR HDR DIFF PRESS,,LOABS,PULV LOW SEAL AIR HDR DIFF PRESS,ALM,1,3.99053,4,INH2O,!WP1001!WP1002!WP1003!WP1006!WP1007!WP1014!hist14!CP1004,1
2026-07-15 12:55:00.3,1PDF,SLPSL0001,PULV LOW SEAL AIR HDR DIFF PRESS,,LOABS,PULV LOW SEAL AIR HDR DIFF PRESS,RTN,1,4.07959,4,INH2O,!WP1001!WP1002!WP1003!WP1006!WP1007!WP1014!hist14!CP1004,1
2026-07-15 12:55:53.1,1MELIM,ZDS5504,WET/DRY INTFC VLV  DM DEV,,HIDEV,HIGH DEVIATION ALARM,ALM,3,98.6504,5,%,!hist14!CP1017,2
2026-07-15 12:56:11.3,1PDF,SLPSL0001,PULV LOW SEAL AIR HDR DIFF PRESS,,LOABS,PULV LOW SEAL AIR HDR DIFF PRESS,ALM,1,3.97617,4,INH2O,!WP1001!WP1002!WP1003!WP1006!WP1007!WP1014!hist14!CP1004,1
2026-07-15 12:56:12.3,1PDF,SLPSL0001,PULV LOW SEAL AIR HDR DIFF PRESS,,LOABS,PULV LOW SEAL AIR HDR DIFF PRESS,RTN,1,4.10859,4,INH2O,!WP1001!WP1002!WP1003!WP1006!WP1007!WP1014!hist14!CP1004,1
2026-07-15 12:56:17.3,1PDF,SLPSL0001,PULV LOW SEAL AIR HDR DIFF PRESS,,LOABS,PULV LOW SEAL AIR HDR DIFF PRESS,ALM,1,3.9252,4,INH2O,!WP1001!WP1002!WP1003!WP1006!WP1007!WP1014!hist14!CP1004,1
2026-07-15 12:56:18.3,1PDF,SLPSL0001,PULV LOW SEAL AIR HDR DIFF PRESS,,LOABS,PULV LOW SEAL AIR HDR DIFF PRESS,RTN,1,4.01191,4,INH2O,!WP1001!WP1002!WP1003!WP1006!WP1007!WP1014!hist14!CP1004,1
2026-07-15 12:56:19.3,1PDF,SLPSL0001,PULV LOW SEAL AIR HDR DIFF PRESS,,LOABS,PULV LOW SEAL AIR HDR DIFF PRESS,ALM,1,3.9501,4,INH2O,!WP1001!WP1002!WP1003!WP1006!WP1007!WP1014!hist14!CP1004,1
2026-07-15 12:56:20.3,1PDF,SLPSL0001,PULV LOW SEAL AIR HDR DIFF PRESS,,LOABS,PULV LOW SEAL AIR HDR DIFF PRESS,RTN,1,4.00166,4,INH2O,!WP1001!WP1002!WP1003!WP1006!WP1007!WP1014!hist14!CP1004,1
2026-07-15 12:56:21.3,1PDF,SLPSL0001,PULV LOW SEAL AIR HDR DIFF PRESS,,LOABS,PULV LOW SEAL AIR HDR DIFF PRESS,ALM,1,3.94482,4,INH2O,!WP1001!WP1002!WP1003!WP1006!WP1007!WP1014!hist14!CP1004,1
2026-07-15 12:56:22.3,1PDF,SLPSL0001,PULV LOW SEAL AIR HDR DIFF PRESS,,LOABS,PULV LOW SEAL AIR HDR DIFF PRESS,RTN,1,4.02539,4,INH2O,!WP1001!WP1002!WP1003!WP1006!WP1007!WP1014!hist14!CP1004,1
2026-07-15 12:56:23.3,1PDF,SLPSL0001,PULV LOW SEAL AIR HDR DIFF PRESS,,LOABS,PULV LOW SEAL AIR HDR DIFF PRESS,ALM,1,3.93164,4,INH2O,!WP1001!WP1002!WP1003!WP1006!WP1007!WP1014!hist14!CP1004,1
2026-07-15 12:56:28.4,IDFAN_PEEC,OPCY_ALM,PRECIP OUT > 50%,PRECIP OUTLET,STATE,NORMAL,RTN,3,,,,!WP1001!WP1002!WP1003!WP1006!WP1007!WP1014!hist14!CP1003,1
2026-07-15 12:56:28.3,1PDF,SLPSL0001,PULV LOW SEAL AIR HDR DIFF PRESS,,LOABS,PULV LOW SEAL AIR HDR DIFF PRESS,RTN,1,4.02363,4,INH2O,!WP1001!WP1002!WP1003!WP1006!WP1007!WP1014!hist14!CP1004,1
2026-07-15 12:56:30.3,1PDF,SLPSL0001,PULV LOW SEAL AIR HDR DIFF PRESS,,LOABS,PULV LOW SEAL AIR HDR DIFF PRESS,ALM,1,3.946,4,INH2O,!WP1001!WP1002!WP1003!WP1006!WP1007!WP1014!hist14!CP1004,1
2026-07-15 12:56:32.0,IDFAN_PEEC,OPCY_ALM,PRECIP OUT > 50%,PRECIP OUTLET,STATE,ALARM,ALM,3,,,,!WP1001!WP1002!WP1003!WP1006!WP1007!WP1014!hist14!CP1003,1
2026-07-15 12:56:35.3,1PDF,SLPSL0001,PULV LOW SEAL AIR HDR DIFF PRESS,,LOABS,PULV LOW SEAL AIR HDR DIFF PRESS,RTN,1,4.00459,4,INH2O,!WP1001!WP1002!WP1003!WP1006!WP1007!WP1014!hist14!CP1004,1
2026-07-15 12:56:36.3,1PDF,SLPSL0001,PULV LOW SEAL AIR HDR DIFF PRESS,,LOABS,PULV LOW SEAL AIR HDR DIFF PRESS,ALM,1,3.96973,4,INH2O,!WP1001!WP1002!WP1003!WP1006!WP1007!WP1014!hist14!CP1004,1
2026-07-15 12:56:37.3,1PDF,SLPSL0001,PULV LOW SEAL AIR HDR DIFF PRESS,,LOABS,PULV LOW SEAL AIR HDR DIFF PRESS,RTN,1,4.08662,4,INH2O,!WP1001!WP1002!WP1003!WP1006!WP1007!WP1014!hist14!CP1004,1
2026-07-15 12:56:38.3,1PDF,SLPSL0001,PULV LOW SEAL AIR HDR DIFF PRESS,,LOABS,PULV LOW SEAL AIR HDR DIFF PRESS,ALM,1,3.99463,4,INH2O,!WP1001!WP1002!WP1003!WP1006!WP1007!WP1014!hist14!CP1004,1
2026-07-15 12:56:39.3,1PDF,SLPSL0001,PULV LOW SEAL AIR HDR DIFF PRESS,,LOABS,PULV LOW SEAL AIR HDR DIFF PRESS,RTN,1,4.14902,4,INH2O,!WP1001!WP1002!WP1003!WP1006!WP1007!WP1014!hist14!CP1004,1
2026-07-15 12:56:43.4,IDFAN_PEEC,OPCY_ALM,PRECIP OUT > 50%,PRECIP OUTLET,STATE,NORMAL,RTN,3,,,,!WP1001!WP1002!WP1003!WP1006!WP1007!WP1014!hist14!CP1003,1
2026-07-15 12:56:51.0,IDFAN_PEEC,OPCY_ALM,PRECIP OUT > 50%,PRECIP OUTLET,STATE,ALARM,ALM,3,,,,!WP1001!WP1002!WP1003!WP1006!WP1007!WP1014!hist14!CP1003,1
2026-07-15 12:56:59.3,1PDF,SLPSL0001,PULV LOW SEAL AIR HDR DIFF PRESS,,LOABS,PULV LOW SEAL AIR HDR DIFF PRESS,ALM,1,3.98848,4,INH2O,!WP1001!WP1002!WP1003!WP1006!WP1007!WP1014!hist14!CP1004,1
2026-07-15 12:57:00.3,1PDF,SLPSL0001,PULV LOW SEAL AIR HDR DIFF PRESS,,LOABS,PULV LOW SEAL AIR HDR DIFF PRESS,RTN,1,4.13262,4,INH2O,!WP1001!WP1002!WP1003!WP1006!WP1007!WP1014!hist14!CP1004,1
2026-07-15 12:57:05.3,1PDF,SLPSL0001,PULV LOW SEAL AIR HDR DIFF PRESS,,LOABS,PULV LOW SEAL AIR HDR DIFF PRESS,ALM,1,3.975,4,INH2O,!WP1001!WP1002!WP1003!WP1006!WP1007!WP1014!hist14!CP1004,1
2026-07-15 12:57:10.4,IDFAN_PEEC,OPCY_ALM,PRECIP OUT > 50%,PRECIP OUTLET,STATE,NORMAL,RTN,3,,,,!WP1001!WP1002!WP1003!WP1006!WP1007!WP1014!hist14!CP1003,1
2026-07-15 12:57:10.3,1PDF,SLPSL0001,PULV LOW SEAL AIR HDR DIFF PRESS,,LOABS,PULV LOW SEAL AIR HDR DIFF PRESS,RTN,1,4.02334,4,INH2O,!WP1001!WP1002!WP1003!WP1006!WP1007!WP1014!hist14!CP1004,1
2026-07-15 12:57:14.3,1PDF,SLPSL0001,PULV LOW SEAL AIR HDR DIFF PRESS,,LOABS,PULV LOW SEAL AIR HDR DIFF PRESS,ALM,1,3.97559,4,INH2O,!WP1001!WP1002!WP1003!WP1006!WP1007!WP1014!hist14!CP1004,1
2026-07-15 12:57:17.3,1PDF,SLPSL0001,PULV LOW SEAL AIR HDR DIFF PRESS,,LOABS,PULV LOW SEAL AIR HDR DIFF PRESS,RTN,1,4.02481,4,INH2O,!WP1001!WP1002!WP1003!WP1006!WP1007!WP1014!hist14!CP1004,1
2026-07-15 12:57:18.3,1PDF,SLPSL0001,PULV LOW SEAL AIR HDR DIFF PRESS,,LOABS,PULV LOW SEAL AIR HDR DIFF PRESS,ALM,1,3.91729,4,INH2O,!WP1001!WP1002!WP1003!WP1006!WP1007!WP1014!hist14!CP1004,1
2026-07-15 12:57:19.3,1PDF,SLPSL0001,PULV LOW SEAL AIR HDR DIFF PRESS,,LOABS,PULV LOW SEAL AIR HDR DIFF PRESS,RTN,1,4.06787,4,INH2O,!WP1001!WP1002!WP1003!WP1006!WP1007!WP1014!hist14!CP1004,1
2026-07-15 12:57:20.3,1PDF,SLPSL0001,PULV LOW SEAL AIR HDR DIFF PRESS,,LOABS,PULV LOW SEAL AIR HDR DIFF PRESS,ALM,1,3.93809,4,INH2O,!WP1001!WP1002!WP1003!WP1006!WP1007!WP1014!hist14!CP1004,1
2026-07-15 12:57:21.3,1PDF,SLPSL0001,PULV LOW SEAL AIR HDR DIFF PRESS,,LOABS,PULV LOW SEAL AIR HDR DIFF PRESS,RTN,1,4.05176,4,INH2O,!WP1001!WP1002!WP1003!WP1006!WP1007!WP1014!hist14!CP1004,1
2026-07-15 12:57:22.3,1PDF,SLPSL0001,PULV LOW SEAL AIR HDR DIFF PRESS,,LOABS,PULV LOW SEAL AIR HDR DIFF PRESS,ALM,1,3.93926,4,INH2O,!WP1001!WP1002!WP1003!WP1006!WP1007!WP1014!hist14!CP1004,1
2026-07-15 12:57:23.3,1PDF,SLPSL0001,PULV LOW SEAL AIR HDR DIFF PRESS,,LOABS,PULV LOW SEAL AIR HDR DIFF PRESS,RTN,1,4.01895,4,INH2O,!WP1001!WP1002!WP1003!WP1006!WP1007!WP1014!hist14!CP1004,1
2026-07-15 12:57:24.3,1PDF,SLPSL0001,PULV LOW SEAL AIR HDR DIFF PRESS,,LOABS,PULV LOW SEAL AIR HDR DIFF PRESS,ALM,1,3.8748,4,INH2O,!WP1001!WP1002!WP1003!WP1006!WP1007!WP1014!hist14!CP1004,1
2026-07-15 12:57:29.3,1PDF,SLPSL0001,PULV LOW SEAL AIR HDR DIFF PRESS,,LOABS,PULV LOW SEAL AIR HDR DIFF PRESS,RTN,1,4.02041,4,INH2O,!WP1001!WP1002!WP1003!WP1006!WP1007!WP1014!hist14!CP1004,1
2026-07-15 12:57:37.4,IDFAN_PEEC,OPCY_ALM,PRECIP OUT > 50%,PRECIP OUTLET,STATE,ALARM,ALM,3,,,,!WP1001!WP1002!WP1003!WP1006!WP1007!WP1014!hist14!CP1003,1
2026-07-15 12:57:40.0,IDFAN_PEEC,OPCY_ALM,PRECIP OUT > 50%,PRECIP OUTLET,STATE,NORMAL,RTN,3,,,,!WP1001!WP1002!WP1003!WP1006!WP1007!WP1014!hist14!CP1003,1
2026-07-15 12:57:52.3,1PDF,SLPSL0001,PULV LOW SEAL AIR HDR DIFF PRESS,,LOABS,PULV LOW SEAL AIR HDR DIFF PRESS,ALM,1,3.99668,4,INH2O,!WP1001!WP1002!WP1003!WP1006!WP1007!WP1014!hist14!CP1004,1
2026-07-15 12:57:53.3,1PDF,SLPSL0001,PULV LOW SEAL AIR HDR DIFF PRESS,,LOABS,PULV LOW SEAL AIR HDR DIFF PRESS,RTN,1,4.05264,4,INH2O,!WP1001!WP1002!WP1003!WP1006!WP1007!WP1014!hist14!CP1004,1
2026-07-15 12:57:54.3,1PDF,SLPSL0001,PULV LOW SEAL AIR HDR DIFF PRESS,,LOABS,PULV LOW SEAL AIR HDR DIFF PRESS,ALM,1,3.98906,4,INH2O,!WP1001!WP1002!WP1003!WP1006!WP1007!WP1014!hist14!CP1004,1
2026-07-15 12:58:10.0,1MSPULV,C2C,PULV MILL SEAL AIRFAN B CTRL SW,,STATE,STANDBY FAN ON,ALM,1,,,,!WP1001!WP1002!WP1003!WP1006!WP1007!WP1014!hist14!CP1003,1
2026-07-15 12:58:23.4,IDFAN_PEEC,OPCY_ALM,PRECIP OUT > 50%,PRECIP OUTLET,STATE,ALARM,ALM,3,,,,!WP1001!WP1002!WP1003!WP1006!WP1007!WP1014!hist14!CP1003,1
2026-07-15 12:58:33.3,IDFAN_PEEC,OPCY_ALM,PRECIP OUT > 50%,PRECIP OUTLET,STATE,NORMAL,RTN,3,,,,!WP1001!WP1002!WP1003!WP1006!WP1007!WP1014!hist14!CP1003,1
2026-07-15 12:58:45.0,1DAS10,IACE3211,COND MAKE-UP SPEC CNDCT,,HIABS,HIGH,RTN,1,0.279922,0.3,US/CM,!WP1002!WP1006!WP1007!WP1001!WP1003!WP1014!hist14!CP1008,1
2026-07-15 12:58:54.6,1AR_LS,DEV_5803,LS SYS B,,STATE,VALVE 5803 DEVIATION,ALM,3,,,,!WP1001!WP1002!WP1003!WP1006!WP1007!WP1014!hist14!CP1017,1
2026-07-15 12:58:57.1,1FG_A,ZSH5601A,BF A BLADE PITCH,,HIABS,BLADE PITCH ALARM,ALM,3,70.0176,70,%,!WP1001!WP1002!WP1003!WP1006!WP1007!WP1014!hist14!CP1015,1
2026-07-15 12:58:57.6,1FG_B,ZSH5701A,BF B BLADE PITCH,,HIABS,BLADE PITCH ALARM,ALM,3,70.1328,70,%,!WP1001!WP1002!WP1003!WP1006!WP1007!WP1014!hist14!CP1015,1
2026-07-15 12:59:12.4,IDFAN_PEEC,OPCY_ALM,PRECIP OUT > 50%,PRECIP OUTLET,STATE,ALARM,ALM,3,,,,!WP1001!WP1002!WP1003!WP1006!WP1007!WP1014!hist14!CP1003,1
2026-07-15 12:59:35.9,1MSPULV,C2C,PULV MILL SEAL AIRFAN B CTRL SW,,STATE,NORMAL,RTN,1,,,,!WP1001!WP1002!WP1003!WP1006!WP1007!WP1014!hist14!CP1003,1
2026-07-15 12:59:41.3,1PDF,SLPSL0001,PULV LOW SEAL AIR HDR DIFF PRESS,,LOABS,PULV LOW SEAL AIR HDR DIFF PRESS,RTN,1,4.03711,4,INH2O,!WP1001!WP1002!WP1003!WP1006!WP1007!WP1014!hist14!CP1004,1
2026-07-15 12:59:47.1,1AR_LS,DEV_5803,LS SYS B,,STATE,,RTN,3,,,,!WP1001!WP1002!WP1003!WP1006!WP1007!WP1014!hist14!CP1017,1
2026-07-15 13:00:25.7,1TC,B21,DROOP ACTIVE,DROOP,STATE,ACTIVE,ALM,5,,,,!hist14!CP1001,2
2026-07-15 13:00:25.3,1PDF,SLPSL0001,PULV LOW SEAL AIR HDR DIFF PRESS,,LOABS,PULV LOW SEAL AIR HDR DIFF PRESS,ALM,1,3.95186,4,INH2O,!WP1001!WP1002!WP1003!WP1006!WP1007!WP1014!hist14!CP1004,1
2026-07-15 13:00:26.3,1PDF,SLPSL0001,PULV LOW SEAL AIR HDR DIFF PRESS,,LOABS,PULV LOW SEAL AIR HDR DIFF PRESS,RTN,1,4.04473,4,INH2O,!WP1001!WP1002!WP1003!WP1006!WP1007!WP1014!hist14!CP1004,1
2026-07-15 13:00:27.2,1TC,B21,DROOP ACTIVE,DROOP,STATE,NORMAL,RTN,5,,,,!hist14!CP1001,2
2026-07-15 13:00:27.7,1TC,B21,DROOP ACTIVE,DROOP,STATE,ACTIVE,ALM,5,,,,!hist14!CP1001,2
2026-07-15 13:00:27.3,1PDF,SLPSL0001,PULV LOW SEAL AIR HDR DIFF PRESS,,LOABS,PULV LOW SEAL AIR HDR DIFF PRESS,ALM,1,3.96123,4,INH2O,!WP1001!WP1002!WP1003!WP1006!WP1007!WP1014!hist14!CP1004,1
2026-07-15 13:00:30.3,1PDF,SLPSL0001,PULV LOW SEAL AIR HDR DIFF PRESS,,LOABS,PULV LOW SEAL AIR HDR DIFF PRESS,RTN,1,4.04092,4,INH2O,!WP1001!WP1002!WP1003!WP1006!WP1007!WP1014!hist14!CP1004,1
2026-07-15 13:00:31.3,1PDF,SLPSL0001,PULV LOW SEAL AIR HDR DIFF PRESS,,LOABS,PULV LOW SEAL AIR HDR DIFF PRESS,ALM,1,3.98936,4,INH2O,!WP1001!WP1002!WP1003!WP1006!WP1007!WP1014!hist14!CP1004,1
2026-07-15 13:00:32.3,1PDF,SLPSL0001,PULV LOW SEAL AIR HDR DIFF PRESS,,LOABS,PULV LOW SEAL AIR HDR DIFF PRESS,RTN,1,4.09453,4,INH2O,!WP1001!WP1002!WP1003!WP1006!WP1007!WP1014!hist14!CP1004,1
2026-07-15 13:00:35.7,1TC,B21,DROOP ACTIVE,DROOP,STATE,NORMAL,RTN,5,,,,!hist14!CP1001,2
2026-07-15 13:00:42.7,1TC,B21,DROOP ACTIVE,DROOP,STATE,ACTIVE,ALM,5,,,,!hist14!CP1001,2
2026-07-15 13:00:46.3,1PDF,SLPSL0001,PULV LOW SEAL AIR HDR DIFF PRESS,,LOABS,PULV LOW SEAL AIR HDR DIFF PRESS,ALM,1,3.98789,4,INH2O,!WP1001!WP1002!WP1003!WP1006!WP1007!WP1014!hist14!CP1004,1
2026-07-15 13:00:47.3,1PDF,SLPSL0001,PULV LOW SEAL AIR HDR DIFF PRESS,,LOABS,PULV LOW SEAL AIR HDR DIFF PRESS,RTN,1,4.03535,4,INH2O,!WP1001!WP1002!WP1003!WP1006!WP1007!WP1014!hist14!CP1004,1
2026-07-15 13:00:48.3,1PDF,SLPSL0001,PULV LOW SEAL AIR HDR DIFF PRESS,,LOABS,PULV LOW SEAL AIR HDR DIFF PRESS,ALM,1,3.9876,4,INH2O,!WP1001!WP1002!WP1003!WP1006!WP1007!WP1014!hist14!CP1004,1
2026-07-15 13:00:49.3,1PDF,SLPSL0001,PULV LOW SEAL AIR HDR DIFF PRESS,,LOABS,PULV LOW SEAL AIR HDR DIFF PRESS,RTN,1,4.07227,4,INH2O,!WP1001!WP1002!WP1003!WP1006!WP1007!WP1014!hist14!CP1004,1
2026-07-15 13:01:02.2,1TC,B21,DROOP ACTIVE,DROOP,STATE,NORMAL,RTN,5,,,,!hist14!CP1001,2
2026-07-15 13:01:06.2,1TC,B21,DROOP ACTIVE,DROOP,STATE,ACTIVE,ALM,5,,,,!hist14!CP1001,2
2026-07-15 13:01:11.3,1PDF,SLPSL0001,PULV LOW SEAL AIR HDR DIFF PRESS,,LOABS,PULV LOW SEAL AIR HDR DIFF PRESS,ALM,1,3.94775,4,INH2O,!WP1001!WP1002!WP1003!WP1006!WP1007!WP1014!hist14!CP1004,1
2026-07-15 13:01:14.3,1TC,B21,DROOP ACTIVE,DROOP,STATE,NORMAL,RTN,5,,,,!hist14!CP1001,2
2026-07-15 13:01:14.3,1PDF,SLPSL0001,PULV LOW SEAL AIR HDR DIFF PRESS,,LOABS,PULV LOW SEAL AIR HDR DIFF PRESS,RTN,1,4.00664,4,INH2O,!WP1001!WP1002!WP1003!WP1006!WP1007!WP1014!hist14!CP1004,1
2026-07-15 13:01:17.3,1PDF,SLPSL0001,PULV LOW SEAL AIR HDR DIFF PRESS,,LOABS,PULV LOW SEAL AIR HDR DIFF PRESS,ALM,1,3.95859,4,INH2O,!WP1001!WP1002!WP1003!WP1006!WP1007!WP1014!hist14!CP1004,1
2026-07-15 13:01:25.3,1PDF,SLPSL0001,PULV LOW SEAL AIR HDR DIFF PRESS,,LOABS,PULV LOW SEAL AIR HDR DIFF PRESS,RTN,1,4.02393,4,INH2O,!WP1001!WP1002!WP1003!WP1006!WP1007!WP1014!hist14!CP1004,1
2026-07-15 13:01:26.3,1PDF,SLPSL0001,PULV LOW SEAL AIR HDR DIFF PRESS,,LOABS,PULV LOW SEAL AIR HDR DIFF PRESS,ALM,1,3.91465,4,INH2O,!WP1001!WP1002!WP1003!WP1006!WP1007!WP1014!hist14!CP1004,1
2026-07-15 13:01:31.3,1PDF,SLPSL0001,PULV LOW SEAL AIR HDR DIFF PRESS,,LOABS,PULV LOW SEAL AIR HDR DIFF PRESS,RTN,1,4.04238,4,INH2O,!WP1001!WP1002!WP1003!WP1006!WP1007!WP1014!hist14!CP1004,1
2026-07-15 13:01:32.3,1PDF,SLPSL0001,PULV LOW SEAL AIR HDR DIFF PRESS,,LOABS,PULV LOW SEAL AIR HDR DIFF PRESS,ALM,1,3.9041,4,INH2O,!WP1001!WP1002!WP1003!WP1006!WP1007!WP1014!hist14!CP1004,1
2026-07-15 13:01:38.2,1TC,B21,DROOP ACTIVE,DROOP,STATE,ACTIVE,ALM,5,,,,!hist14!CP1001,2
2026-07-15 13:01:39.7,1TC,B21,DROOP ACTIVE,DROOP,STATE,NORMAL,RTN,5,,,,!hist14!CP1001,2
2026-07-15 13:01:42.3,1PDF,SLPSL0001,PULV LOW SEAL AIR HDR DIFF PRESS,,LOABS,PULV LOW SEAL AIR HDR DIFF PRESS,RTN,1,4.01397,4,INH2O,!WP1001!WP1002!WP1003!WP1006!WP1007!WP1014!hist14!CP1004,1
2026-07-15 13:01:44.3,1PDF,SLPSL0001,PULV LOW SEAL AIR HDR DIFF PRESS,,LOABS,PULV LOW SEAL AIR HDR DIFF PRESS,ALM,1,3.98291,4,INH2O,!WP1001!WP1002!WP1003!WP1006!WP1007!WP1014!hist14!CP1004,1
2026-07-15 13:01:46.3,1PDF,SLPSL0001,PULV LOW SEAL AIR HDR DIFF PRESS,,LOABS,PULV LOW SEAL AIR HDR DIFF PRESS,RTN,1,4.05586,4,INH2O,!WP1001!WP1002!WP1003!WP1006!WP1007!WP1014!hist14!CP1004,1
2026-07-15 13:01:47.3,1PDF,SLPSL0001,PULV LOW SEAL AIR HDR DIFF PRESS,,LOABS,PULV LOW SEAL AIR HDR DIFF PRESS,ALM,1,3.96387,4,INH2O,!WP1001!WP1002!WP1003!WP1006!WP1007!WP1014!hist14!CP1004,1
2026-07-15 13:01:48.3,1PDF,SLPSL0001,PULV LOW SEAL AIR HDR DIFF PRESS,,LOABS,PULV LOW SEAL AIR HDR DIFF PRESS,RTN,1,4.07813,4,INH2O,!WP1001!WP1002!WP1003!WP1006!WP1007!WP1014!hist14!CP1004,1
2026-07-15 13:02:01.3,1PDF,SLPSL0001,PULV LOW SEAL AIR HDR DIFF PRESS,,LOABS,PULV LOW SEAL AIR HDR DIFF PRESS,ALM,1,3.99609,4,INH2O,!WP1001!WP1002!WP1003!WP1006!WP1007!WP1014!hist14!CP1004,1
2026-07-15 13:02:05.3,1PDF,SLPSL0001,PULV LOW SEAL AIR HDR DIFF PRESS,,LOABS,PULV LOW SEAL AIR HDR DIFF PRESS,RTN,1,4.01865,4,INH2O,!WP1001!WP1002!WP1003!WP1006!WP1007!WP1014!hist14!CP1004,1
2026-07-15 13:02:06.3,1PDF,SLPSL0001,PULV LOW SEAL AIR HDR DIFF PRESS,,LOABS,PULV LOW SEAL AIR HDR DIFF PRESS,ALM,1,3.94365,4,INH2O,!WP1001!WP1002!WP1003!WP1006!WP1007!WP1014!hist14!CP1004,1
2026-07-15 13:02:07.3,1PDF,SLPSL0001,PULV LOW SEAL AIR HDR DIFF PRESS,,LOABS,PULV LOW SEAL AIR HDR DIFF PRESS,RTN,1,4.02627,4,INH2O,!WP1001!WP1002!WP1003!WP1006!WP1007!WP1014!hist14!CP1004,1
2026-07-15 13:02:08.3,1PDF,SLPSL0001,PULV LOW SEAL AIR HDR DIFF PRESS,,LOABS,PULV LOW SEAL AIR HDR DIFF PRESS,ALM,1,3.89619,4,INH2O,!WP1001!WP1002!WP1003!WP1006!WP1007!WP1014!hist14!CP1004,1
2026-07-15 13:02:31.4,IDFAN_PEEC,OPCY_ALM,PRECIP OUT > 50%,PRECIP OUTLET,STATE,NORMAL,RTN,3,,,,!WP1001!WP1002!WP1003!WP1006!WP1007!WP1014!hist14!CP1003,1
2026-07-15 13:02:36.3,1PDF,SLPSL0001,PULV LOW SEAL AIR HDR DIFF PRESS,,LOABS,PULV LOW SEAL AIR HDR DIFF PRESS,RTN,1,4.01953,4,INH2O,!WP1001!WP1002!WP1003!WP1006!WP1007!WP1014!hist14!CP1004,1
2026-07-15 13:02:37.3,1PDF,SLPSL0001,PULV LOW SEAL AIR HDR DIFF PRESS,,LOABS,PULV LOW SEAL AIR HDR DIFF PRESS,ALM,1,3.91201,4,INH2O,!WP1001!WP1002!WP1003!WP1006!WP1007!WP1014!hist14!CP1004,1
2026-07-15 13:02:40.3,1PDF,SLPSL0001,PULV LOW SEAL AIR HDR DIFF PRESS,,LOABS,PULV LOW SEAL AIR HDR DIFF PRESS,RTN,1,4.04268,4,INH2O,!WP1001!WP1002!WP1003!WP1006!WP1007!WP1014!hist14!CP1004,1
2026-07-15 13:02:41.3,1PDF,SLPSL0001,PULV LOW SEAL AIR HDR DIFF PRESS,,LOABS,PULV LOW SEAL AIR HDR DIFF PRESS,ALM,1,3.98936,4,INH2O,!WP1001!WP1002!WP1003!WP1006!WP1007!WP1014!hist14!CP1004,1
2026-07-15 13:02:45.0,IDFAN_PEEC,OPCY_ALM,PRECIP OUT > 50%,PRECIP OUTLET,STATE,ALARM,ALM,3,,,,!WP1001!WP1002!WP1003!WP1006!WP1007!WP1014!hist14!CP1003,1
2026-07-15 13:02:47.3,1PDF,SLPSL0001,PULV LOW SEAL AIR HDR DIFF PRESS,,LOABS,PULV LOW SEAL AIR HDR DIFF PRESS,RTN,1,4.06201,4,INH2O,!WP1001!WP1002!WP1003!WP1006!WP1007!WP1014!hist14!CP1004,1
2026-07-15 13:02:50.0,IDFAN_PEEC,OPCY_ALM,PRECIP OUT > 50%,PRECIP OUTLET,STATE,NORMAL,RTN,3,,,,!WP1001!WP1002!WP1003!WP1006!WP1007!WP1014!hist14!CP1003,1
2026-07-15 13:02:50.3,1PDF,SLPSL0001,PULV LOW SEAL AIR HDR DIFF PRESS,,LOABS,PULV LOW SEAL AIR HDR DIFF PRESS,ALM,1,3.9498,4,INH2O,!WP1001!WP1002!WP1003!WP1006!WP1007!WP1014!hist14!CP1004,1
2026-07-15 13:02:56.4,IDFAN_PEEC,OPCY_ALM,PRECIP OUT > 50%,PRECIP OUTLET,STATE,ALARM,ALM,3,,,,!WP1001!WP1002!WP1003!WP1006!WP1007!WP1014!hist14!CP1003,1
2026-07-15 13:02:58.4,IDFAN_PEEC,OPCY_ALM,PRECIP OUT > 50%,PRECIP OUTLET,STATE,NORMAL,RTN,3,,,,!WP1001!WP1002!WP1003!WP1006!WP1007!WP1014!hist14!CP1003,1
2026-07-15 13:03:22.6,1FG_B,ZSH5701A,BF B BLADE PITCH,,HIABS,BLADE PITCH ALARM,RTN,3,69.8477,70,%,!WP1001!WP1002!WP1003!WP1006!WP1007!WP1014!hist14!CP1015,1
2026-07-15 13:03:23.6,1FG_A,ZSH5601A,BF A BLADE PITCH,,HIABS,BLADE PITCH ALARM,RTN,3,69.8867,70,%,!WP1001!WP1002!WP1003!WP1006!WP1007!WP1014!hist14!CP1015,1
2026-07-15 13:03:31.3,1PDF,SLPSL0001,PULV LOW SEAL AIR HDR DIFF PRESS,,LOABS,PULV LOW SEAL AIR HDR DIFF PRESS,RTN,1,4.01074,4,INH2O,!WP1001!WP1002!WP1003!WP1006!WP1007!WP1014!hist14!CP1004,1
2026-07-15 13:03:32.3,1PDF,SLPSL0001,PULV LOW SEAL AIR HDR DIFF PRESS,,LOABS,PULV LOW SEAL AIR HDR DIFF PRESS,ALM,1,3.96035,4,INH2O,!WP1001!WP1002!WP1003!WP1006!WP1007!WP1014!hist14!CP1004,1
2026-07-15 13:03:34.0,IDFAN_PEEC,OPCY_ALM,PRECIP OUT > 50%,PRECIP OUTLET,STATE,ALARM,ALM,3,,,,!WP1001!WP1002!WP1003!WP1006!WP1007!WP1014!hist14!CP1003,1
2026-07-15 13:03:37.3,1PDF,SLPSL0001,PULV LOW SEAL AIR HDR DIFF PRESS,,LOABS,PULV LOW SEAL AIR HDR DIFF PRESS,RTN,1,4.01982,4,INH2O,!WP1001!WP1002!WP1003!WP1006!WP1007!WP1014!hist14!CP1004,1
2026-07-15 13:03:40.3,1PDF,SLPSL0001,PULV LOW SEAL AIR HDR DIFF PRESS,,LOABS,PULV LOW SEAL AIR HDR DIFF PRESS,ALM,1,3.92139,4,INH2O,!WP1001!WP1002!WP1003!WP1006!WP1007!WP1014!hist14!CP1004,1
2026-07-15 13:03:43.4,IDFAN_PEEC,OPCY_ALM,PRECIP OUT > 50%,PRECIP OUTLET,STATE,NORMAL,RTN,3,,,,!WP1001!WP1002!WP1003!WP1006!WP1007!WP1014!hist14!CP1003,1
2026-07-15 13:04:19.3,1PDF,SLPSL0001,PULV LOW SEAL AIR HDR DIFF PRESS,,LOABS,PULV LOW SEAL AIR HDR DIFF PRESS,RTN,1,4.03359,4,INH2O,!WP1001!WP1002!WP1003!WP1006!WP1007!WP1014!hist14!CP1004,1
2026-07-15 13:04:24.3,1PDF,SLPSL0001,PULV LOW SEAL AIR HDR DIFF PRESS,,LOABS,PULV LOW SEAL AIR HDR DIFF PRESS,ALM,1,3.8959,4,INH2O,!WP1001!WP1002!WP1003!WP1006!WP1007!WP1014!hist14!CP1004,1
2026-07-15 13:04:27.3,1PDF,SLPSL0001,PULV LOW SEAL AIR HDR DIFF PRESS,,LOABS,PULV LOW SEAL AIR HDR DIFF PRESS,RTN,1,4.04355,4,INH2O,!WP1001!WP1002!WP1003!WP1006!WP1007!WP1014!hist14!CP1004,1
2026-07-15 13:04:33.3,1PDF,SLPSL0001,PULV LOW SEAL AIR HDR DIFF PRESS,,LOABS,PULV LOW SEAL AIR HDR DIFF PRESS,ALM,1,3.92549,4,INH2O,!WP1001!WP1002!WP1003!WP1006!WP1007!WP1014!hist14!CP1004,1
2026-07-15 13:04:36.3,1PDF,SLPSL0001,PULV LOW SEAL AIR HDR DIFF PRESS,,LOABS,PULV LOW SEAL AIR HDR DIFF PRESS,RTN,1,4.01748,4,INH2O,!WP1001!WP1002!WP1003!WP1006!WP1007!WP1014!hist14!CP1004,1
2026-07-15 13:04:37.3,1PDF,SLPSL0001,PULV LOW SEAL AIR HDR DIFF PRESS,,LOABS,PULV LOW SEAL AIR HDR DIFF PRESS,ALM,1,3.91055,4,INH2O,!WP1001!WP1002!WP1003!WP1006!WP1007!WP1014!hist14!CP1004,1
2026-07-15 13:04:38.3,1PDF,SLPSL0001,PULV LOW SEAL AIR HDR DIFF PRESS,,LOABS,PULV LOW SEAL AIR HDR DIFF PRESS,RTN,1,4.01748,4,INH2O,!WP1001!WP1002!WP1003!WP1006!WP1007!WP1014!hist14!CP1004,1
2026-07-15 13:04:39.3,1PDF,SLPSL0001,PULV LOW SEAL AIR HDR DIFF PRESS,,LOABS,PULV LOW SEAL AIR HDR DIFF PRESS,ALM,1,3.9249,4,INH2O,!WP1001!WP1002!WP1003!WP1006!WP1007!WP1014!hist14!CP1004,1
2026-07-15 13:05:07.3,1PDF,SLPSL0001,PULV LOW SEAL AIR HDR DIFF PRESS,,LOABS,PULV LOW SEAL AIR HDR DIFF PRESS,RTN,1,4.00723,4,INH2O,!WP1001!WP1002!WP1003!WP1006!WP1007!WP1014!hist14!CP1004,1
2026-07-15 13:05:27.2,1BCS_7,IKTE3741,REHEAT TEMP LEFT (REDUNDANT),,HIABS,HIGH,ALM,1,1012.22,1012.18,DEG.F,!WP1002!WP1006!WP1007!WP1001!WP1003!WP1014!hist14!CP1007,1
2026-07-15 13:05:28.7,1BCS_7,IKTE3441,REHEAT TEMP LEFT (NORM),,HIABS,HIGH,ALM,1,1012.19,1012.18,DEG.F,!WP1002!WP1006!WP1007!WP1001!WP1003!WP1014!hist14!CP1007,1
2026-07-15 13:06:29.6,1MELIM,ZDS5504,WET/DRY INTFC VLV  DM DEV,,HIDEV,HIGH DEVIATION ALARM,RTN,3,53.9004,57.5,%,!hist14!CP1017,2
2026-07-15 13:07:06.3,1PDF,SLPSL0001,PULV LOW SEAL AIR HDR DIFF PRESS,,LOABS,PULV LOW SEAL AIR HDR DIFF PRESS,ALM,1,3.96328,4,INH2O,!WP1001!WP1002!WP1003!WP1006!WP1007!WP1014!hist14!CP1004,1
2026-07-15 13:07:07.3,1PDF,SLPSL0001,PULV LOW SEAL AIR HDR DIFF PRESS,,LOABS,PULV LOW SEAL AIR HDR DIFF PRESS,RTN,1,4.11563,4,INH2O,!WP1001!WP1002!WP1003!WP1006!WP1007!WP1014!hist14!CP1004,1
2026-07-15 13:07:11.2,1BCS_7,IKTE3441,REHEAT TEMP LEFT (NORM),,HIABS,HIGH,RTN,1,1007.18,1012.18,DEG.F,!WP1002!WP1006!WP1007!WP1001!WP1003!WP1014!hist14!CP1007,1
2026-07-15 13:07:13.3,1PDF,SLPSL0001,PULV LOW SEAL AIR HDR DIFF PRESS,,LOABS,PULV LOW SEAL AIR HDR DIFF PRESS,ALM,1,3.98203,4,INH2O,!WP1001!WP1002!WP1003!WP1006!WP1007!WP1014!hist14!CP1004,1
2026-07-15 13:07:14.2,1BCS_7,IKTE3741,REHEAT TEMP LEFT (REDUNDANT),,HIABS,HIGH,RTN,1,1007.14,1012.18,DEG.F,!WP1002!WP1006!WP1007!WP1001!WP1003!WP1014!hist14!CP1007,1
2026-07-15 13:07:16.3,1PDF,SLPSL0001,PULV LOW SEAL AIR HDR DIFF PRESS,,LOABS,PULV LOW SEAL AIR HDR DIFF PRESS,RTN,1,4.02275,4,INH2O,!WP1001!WP1002!WP1003!WP1006!WP1007!WP1014!hist14!CP1004,1
2026-07-15 13:07:17.3,1PDF,SLPSL0001,PULV LOW SEAL AIR HDR DIFF PRESS,,LOABS,PULV LOW SEAL AIR HDR DIFF PRESS,ALM,1,3.96826,4,INH2O,!WP1001!WP1002!WP1003!WP1006!WP1007!WP1014!hist14!CP1004,1
2026-07-15 13:07:18.3,1PDF,SLPSL0001,PULV LOW SEAL AIR HDR DIFF PRESS,,LOABS,PULV LOW SEAL AIR HDR DIFF PRESS,RTN,1,4.01924,4,INH2O,!WP1001!WP1002!WP1003!WP1006!WP1007!WP1014!hist14!CP1004,1
2026-07-15 13:07:19.3,1PDF,SLPSL0001,PULV LOW SEAL AIR HDR DIFF PRESS,,LOABS,PULV LOW SEAL AIR HDR DIFF PRESS,ALM,1,3.92988,4,INH2O,!WP1001!WP1002!WP1003!WP1006!WP1007!WP1014!hist14!CP1004,1
2026-07-15 13:07:22.3,1PDF,SLPSL0001,PULV LOW SEAL AIR HDR DIFF PRESS,,LOABS,PULV LOW SEAL AIR HDR DIFF PRESS,RTN,1,4.00752,4,INH2O,!WP1001!WP1002!WP1003!WP1006!WP1007!WP1014!hist14!CP1004,1
2026-07-15 13:07:23.3,1PDF,SLPSL0001,PULV LOW SEAL AIR HDR DIFF PRESS,,LOABS,PULV LOW SEAL AIR HDR DIFF PRESS,ALM,1,3.89092,4,INH2O,!WP1001!WP1002!WP1003!WP1006!WP1007!WP1014!hist14!CP1004,1
2026-07-15 13:07:24.3,1PDF,SLPSL0001,PULV LOW SEAL AIR HDR DIFF PRESS,,LOABS,PULV LOW SEAL AIR HDR DIFF PRESS,RTN,1,4.07549,4,INH2O,!WP1001!WP1002!WP1003!WP1006!WP1007!WP1014!hist14!CP1004,1
2026-07-15 13:07:27.3,1PDF,SLPSL0001,PULV LOW SEAL AIR HDR DIFF PRESS,,LOABS,PULV LOW SEAL AIR HDR DIFF PRESS,ALM,1,3.99814,4,INH2O,!WP1001!WP1002!WP1003!WP1006!WP1007!WP1014!hist14!CP1004,1
2026-07-15 13:07:28.3,1PDF,SLPSL0001,PULV LOW SEAL AIR HDR DIFF PRESS,,LOABS,PULV LOW SEAL AIR HDR DIFF PRESS,RTN,1,4.06172,4,INH2O,!WP1001!WP1002!WP1003!WP1006!WP1007!WP1014!hist14!CP1004,1
2026-07-15 13:07:29.3,1PDF,SLPSL0001,PULV LOW SEAL AIR HDR DIFF PRESS,,LOABS,PULV LOW SEAL AIR HDR DIFF PRESS,ALM,1,3.93076,4,INH2O,!WP1001!WP1002!WP1003!WP1006!WP1007!WP1014!hist14!CP1004,1
2026-07-15 13:07:30.6,1MELIM,ZDS5504,WET/DRY INTFC VLV  DM DEV,,LODEV,LOW DEVIATION ALARM,ALM,3,-1.23438,95,%,!hist14!CP1017,2
2026-07-15 13:07:33.3,1PDF,SLPSL0001,PULV LOW SEAL AIR HDR DIFF PRESS,,LOABS,PULV LOW SEAL AIR HDR DIFF PRESS,RTN,1,4.00547,4,INH2O,!WP1001!WP1002!WP1003!WP1006!WP1007!WP1014!hist14!CP1004,1
2026-07-15 13:07:55.3,1PDF,SLPSL0001,PULV LOW SEAL AIR HDR DIFF PRESS,,LOABS,PULV LOW SEAL AIR HDR DIFF PRESS,ALM,1,3.95654,4,INH2O,!WP1001!WP1002!WP1003!WP1006!WP1007!WP1014!hist14!CP1004,1
2026-07-15 13:07:58.3,1PDF,SLPSL0001,PULV LOW SEAL AIR HDR DIFF PRESS,,LOABS,PULV LOW SEAL AIR HDR DIFF PRESS,RTN,1,4.09043,4,INH2O,!WP1001!WP1002!WP1003!WP1006!WP1007!WP1014!hist14!CP1004,1
2026-07-15 13:07:59.3,1PDF,SLPSL0001,PULV LOW SEAL AIR HDR DIFF PRESS,,LOABS,PULV LOW SEAL AIR HDR DIFF PRESS,ALM,1,3.89385,4,INH2O,!WP1001!WP1002!WP1003!WP1006!WP1007!WP1014!hist14!CP1004,1
2026-07-15 13:08:31.3,1PDF,SLPSL0001,PULV LOW SEAL AIR HDR DIFF PRESS,,LOABS,PULV LOW SEAL AIR HDR DIFF PRESS,RTN,1,4.00752,4,INH2O,!WP1001!WP1002!WP1003!WP1006!WP1007!WP1014!hist14!CP1004,1
2026-07-15 13:08:36.2,1BCS_7,IKTE3751,REHEAT TEMP RIGHT (REDUNDANT),,HIABS,HIGH,ALM,1,1012.21,1012.18,DEG.F,!WP1002!WP1006!WP1007!WP1001!WP1003!WP1014!hist14!CP1007,1
2026-07-15 13:08:43.3,1PDF,SLPSL0001,PULV LOW SEAL AIR HDR DIFF PRESS,,LOABS,PULV LOW SEAL AIR HDR DIFF PRESS,ALM,1,3.9668,4,INH2O,!WP1001!WP1002!WP1003!WP1006!WP1007!WP1014!hist14!CP1004,1
2026-07-15 13:09:50.2,1BCS_7,IKTE3751,REHEAT TEMP RIGHT (REDUNDANT),,HIABS,HIGH,RTN,1,1007.12,1012.18,DEG.F,!WP1002!WP1006!WP1007!WP1001!WP1003!WP1014!hist14!CP1007,1
2026-07-15 13:09:59.2,1SEAL_AIR,PDI5735_ALM,BF B OUT DMPR SEAL CAV D/P LOW,,STATE,DP ALARM CLEAR,RTN,3,,,,!WP1001!WP1002!WP1003!WP1006!WP1007!WP1014!hist14!CP1015,1
2026-07-15 13:10:58.3,1PDF,SLPSL0001,PULV LOW SEAL AIR HDR DIFF PRESS,,LOABS,PULV LOW SEAL AIR HDR DIFF PRESS,RTN,1,4.01221,4,INH2O,!WP1001!WP1002!WP1003!WP1006!WP1007!WP1014!hist14!CP1004,1
2026-07-15 13:11:11.7,1BCS_7,IKTE3741,REHEAT TEMP LEFT (REDUNDANT),,HIABS,HIGH,ALM,1,1012.19,1012.18,DEG.F,!WP1002!WP1006!WP1007!WP1001!WP1003!WP1014!hist14!CP1007,1
2026-07-15 13:11:17.2,1BCS_7,IKTE3441,REHEAT TEMP LEFT (NORM),,HIABS,HIGH,ALM,1,1012.21,1012.18,DEG.F,!WP1002!WP1006!WP1007!WP1001!WP1003!WP1014!hist14!CP1007,1
2026-07-15 13:11:23.3,1PDF,SLPSL0001,PULV LOW SEAL AIR HDR DIFF PRESS,,LOABS,PULV LOW SEAL AIR HDR DIFF PRESS,ALM,1,3.98115,4,INH2O,!WP1001!WP1002!WP1003!WP1006!WP1007!WP1014!hist14!CP1004,1
2026-07-15 13:11:30.3,1PDF,SLPSL0001,PULV LOW SEAL AIR HDR DIFF PRESS,,LOABS,PULV LOW SEAL AIR HDR DIFF PRESS,RTN,1,4.04033,4,INH2O,!WP1001!WP1002!WP1003!WP1006!WP1007!WP1014!hist14!CP1004,1
2026-07-15 13:11:31.3,1PDF,SLPSL0001,PULV LOW SEAL AIR HDR DIFF PRESS,,LOABS,PULV LOW SEAL AIR HDR DIFF PRESS,ALM,1,3.89063,4,INH2O,!WP1001!WP1002!WP1003!WP1006!WP1007!WP1014!hist14!CP1004,1
2026-07-15 13:11:36.3,1PDF,SLPSL0001,PULV LOW SEAL AIR HDR DIFF PRESS,,LOABS,PULV LOW SEAL AIR HDR DIFF PRESS,RTN,1,4.07959,4,INH2O,!WP1001!WP1002!WP1003!WP1006!WP1007!WP1014!hist14!CP1004,1
2026-07-15 13:11:39.3,1PDF,SLPSL0001,PULV LOW SEAL AIR HDR DIFF PRESS,,LOABS,PULV LOW SEAL AIR HDR DIFF PRESS,ALM,1,3.98232,4,INH2O,!WP1001!WP1002!WP1003!WP1006!WP1007!WP1014!hist14!CP1004,1
2026-07-15 13:11:47.3,1PDF,SLPSL0001,PULV LOW SEAL AIR HDR DIFF PRESS,,LOABS,PULV LOW SEAL AIR HDR DIFF PRESS,RTN,1,4.12324,4,INH2O,!WP1001!WP1002!WP1003!WP1006!WP1007!WP1014!hist14!CP1004,1
2026-07-15 13:12:09.3,1PDF,SLPSL0001,PULV LOW SEAL AIR HDR DIFF PRESS,,LOABS,PULV LOW SEAL AIR HDR DIFF PRESS,ALM,1,3.9876,4,INH2O,!WP1001!WP1002!WP1003!WP1006!WP1007!WP1014!hist14!CP1004,1
2026-07-15 13:12:10.3,1PDF,SLPSL0001,PULV LOW SEAL AIR HDR DIFF PRESS,,LOABS,PULV LOW SEAL AIR HDR DIFF PRESS,RTN,1,4.10713,4,INH2O,!WP1001!WP1002!WP1003!WP1006!WP1007!WP1014!hist14!CP1004,1
2026-07-15 13:12:15.3,1PDF,SLPSL0001,PULV LOW SEAL AIR HDR DIFF PRESS,,LOABS,PULV LOW SEAL AIR HDR DIFF PRESS,ALM,1,3.91934,4,INH2O,!WP1001!WP1002!WP1003!WP1006!WP1007!WP1014!hist14!CP1004,1
2026-07-15 13:12:16.3,1PDF,SLPSL0001,PULV LOW SEAL AIR HDR DIFF PRESS,,LOABS,PULV LOW SEAL AIR HDR DIFF PRESS,RTN,1,4.01074,4,INH2O,!WP1001!WP1002!WP1003!WP1006!WP1007!WP1014!hist14!CP1004,1
2026-07-15 13:12:17.3,1PDF,SLPSL0001,PULV LOW SEAL AIR HDR DIFF PRESS,,LOABS,PULV LOW SEAL AIR HDR DIFF PRESS,ALM,1,3.88711,4,INH2O,!WP1001!WP1002!WP1003!WP1006!WP1007!WP1014!hist14!CP1004,1
2026-07-15 13:12:20.3,1PDF,SLPSL0001,PULV LOW SEAL AIR HDR DIFF PRESS,,LOABS,PULV LOW SEAL AIR HDR DIFF PRESS,RTN,1,4.01865,4,INH2O,!WP1001!WP1002!WP1003!WP1006!WP1007!WP1014!hist14!CP1004,1
2026-07-15 13:12:21.3,1PDF,SLPSL0001,PULV LOW SEAL AIR HDR DIFF PRESS,,LOABS,PULV LOW SEAL AIR HDR DIFF PRESS,ALM,1,3.95537,4,INH2O,!WP1001!WP1002!WP1003!WP1006!WP1007!WP1014!hist14!CP1004,1
2026-07-15 13:12:27.3,1PDF,SLPSL0001,PULV LOW SEAL AIR HDR DIFF PRESS,,LOABS,PULV LOW SEAL AIR HDR DIFF PRESS,RTN,1,4.02129,4,INH2O,!WP1001!WP1002!WP1003!WP1006!WP1007!WP1014!hist14!CP1004,1
2026-07-15 13:12:28.3,1PDF,SLPSL0001,PULV LOW SEAL AIR HDR DIFF PRESS,,LOABS,PULV LOW SEAL AIR HDR DIFF PRESS,ALM,1,3.97676,4,INH2O,!WP1001!WP1002!WP1003!WP1006!WP1007!WP1014!hist14!CP1004,1
2026-07-15 13:12:29.3,1PDF,SLPSL0001,PULV LOW SEAL AIR HDR DIFF PRESS,,LOABS,PULV LOW SEAL AIR HDR DIFF PRESS,RTN,1,4.00986,4,INH2O,!WP1001!WP1002!WP1003!WP1006!WP1007!WP1014!hist14!CP1004,1
2026-07-15 13:12:30.3,1PDF,SLPSL0001,PULV LOW SEAL AIR HDR DIFF PRESS,,LOABS,PULV LOW SEAL AIR HDR DIFF PRESS,ALM,1,3.92695,4,INH2O,!WP1001!WP1002!WP1003!WP1006!WP1007!WP1014!hist14!CP1004,1
2026-07-15 13:12:31.3,1PDF,SLPSL0001,PULV LOW SEAL AIR HDR DIFF PRESS,,LOABS,PULV LOW SEAL AIR HDR DIFF PRESS,RTN,1,4.02744,4,INH2O,!WP1001!WP1002!WP1003!WP1006!WP1007!WP1014!hist14!CP1004,1
2026-07-15 13:12:32.3,1PDF,SLPSL0001,PULV LOW SEAL AIR HDR DIFF PRESS,,LOABS,PULV LOW SEAL AIR HDR DIFF PRESS,ALM,1,3.89414,4,INH2O,!WP1001!WP1002!WP1003!WP1006!WP1007!WP1014!hist14!CP1004,1
2026-07-15 13:12:35.3,1PDF,SLPSL0001,PULV LOW SEAL AIR HDR DIFF PRESS,,LOABS,PULV LOW SEAL AIR HDR DIFF PRESS,RTN,1,4.03682,4,INH2O,!WP1001!WP1002!WP1003!WP1006!WP1007!WP1014!hist14!CP1004,1
2026-07-15 13:12:36.3,1PDF,SLPSL0001,PULV LOW SEAL AIR HDR DIFF PRESS,,LOABS,PULV LOW SEAL AIR HDR DIFF PRESS,ALM,1,3.97969,4,INH2O,!WP1001!WP1002!WP1003!WP1006!WP1007!WP1014!hist14!CP1004,1
2026-07-15 13:12:37.3,1PDF,SLPSL0001,PULV LOW SEAL AIR HDR DIFF PRESS,,LOABS,PULV LOW SEAL AIR HDR DIFF PRESS,RTN,1,4.19941,4,INH2O,!WP1001!WP1002!WP1003!WP1006!WP1007!WP1014!hist14!CP1004,1
2026-07-15 13:12:42.3,1PDF,SLPSL0001,PULV LOW SEAL AIR HDR DIFF PRESS,,LOABS,PULV LOW SEAL AIR HDR DIFF PRESS,ALM,1,3.99199,4,INH2O,!WP1001!WP1002!WP1003!WP1006!WP1007!WP1014!hist14!CP1004,1
2026-07-15 13:12:43.3,1PDF,SLPSL0001,PULV LOW SEAL AIR HDR DIFF PRESS,,LOABS,PULV LOW SEAL AIR HDR DIFF PRESS,RTN,1,4.0585,4,INH2O,!WP1001!WP1002!WP1003!WP1006!WP1007!WP1014!hist14!CP1004,1
2026-07-15 13:12:57.3,1PDF,SLPSL0001,PULV LOW SEAL AIR HDR DIFF PRESS,,LOABS,PULV LOW SEAL AIR HDR DIFF PRESS,ALM,1,3.89971,4,INH2O,!WP1001!WP1002!WP1003!WP1006!WP1007!WP1014!hist14!CP1004,1
2026-07-15 13:13:01.3,1PDF,SLPSL0001,PULV LOW SEAL AIR HDR DIFF PRESS,,LOABS,PULV LOW SEAL AIR HDR DIFF PRESS,RTN,1,4.02803,4,INH2O,!WP1001!WP1002!WP1003!WP1006!WP1007!WP1014!hist14!CP1004,1
2026-07-15 13:13:03.3,1PDF,SLPSL0001,PULV LOW SEAL AIR HDR DIFF PRESS,,LOABS,PULV LOW SEAL AIR HDR DIFF PRESS,ALM,1,3.97676,4,INH2O,!WP1001!WP1002!WP1003!WP1006!WP1007!WP1014!hist14!CP1004,1
2026-07-15 13:13:11.3,1PDF,SLPSL0001,PULV LOW SEAL AIR HDR DIFF PRESS,,LOABS,PULV LOW SEAL AIR HDR DIFF PRESS,RTN,1,4.00459,4,INH2O,!WP1001!WP1002!WP1003!WP1006!WP1007!WP1014!hist14!CP1004,1
2026-07-15 13:13:12.3,1PDF,SLPSL0001,PULV LOW SEAL AIR HDR DIFF PRESS,,LOABS,PULV LOW SEAL AIR HDR DIFF PRESS,ALM,1,3.87363,4,INH2O,!WP1001!WP1002!WP1003!WP1006!WP1007!WP1014!hist14!CP1004,1
2026-07-15 13:13:25.7,1BCS_7,IKTE3441,REHEAT TEMP LEFT (NORM),,HIABS,HIGH,RTN,1,1007.17,1012.18,DEG.F,!WP1002!WP1006!WP1007!WP1001!WP1003!WP1014!hist14!CP1007,1
2026-07-15 13:13:28.3,1PDF,SLPSL0001,PULV LOW SEAL AIR HDR DIFF PRESS,,LOABS,PULV LOW SEAL AIR HDR DIFF PRESS,RTN,1,4.01719,4,INH2O,!WP1001!WP1002!WP1003!WP1006!WP1007!WP1014!hist14!CP1004,1
2026-07-15 13:13:29.3,1PDF,SLPSL0001,PULV LOW SEAL AIR HDR DIFF PRESS,,LOABS,PULV LOW SEAL AIR HDR DIFF PRESS,ALM,1,3.90674,4,INH2O,!WP1001!WP1002!WP1003!WP1006!WP1007!WP1014!hist14!CP1004,1
2026-07-15 13:13:30.3,1PDF,SLPSL0001,PULV LOW SEAL AIR HDR DIFF PRESS,,LOABS,PULV LOW SEAL AIR HDR DIFF PRESS,RTN,1,4.04385,4,INH2O,!WP1001!WP1002!WP1003!WP1006!WP1007!WP1014!hist14!CP1004,1
2026-07-15 13:13:30.7,1BCS_7,IKTE3741,REHEAT TEMP LEFT (REDUNDANT),,HIABS,HIGH,RTN,1,1007.18,1012.18,DEG.F,!WP1002!WP1006!WP1007!WP1001!WP1003!WP1014!hist14!CP1007,1
2026-07-15 13:13:48.3,1PDF,SLPSL0001,PULV LOW SEAL AIR HDR DIFF PRESS,,LOABS,PULV LOW SEAL AIR HDR DIFF PRESS,ALM,1,3.99199,4,INH2O,!WP1001!WP1002!WP1003!WP1006!WP1007!WP1014!hist14!CP1004,1
2026-07-15 13:13:49.3,1PDF,SLPSL0001,PULV LOW SEAL AIR HDR DIFF PRESS,,LOABS,PULV LOW SEAL AIR HDR DIFF PRESS,RTN,1,4.01367,4,INH2O,!WP1001!WP1002!WP1003!WP1006!WP1007!WP1014!hist14!CP1004,1
2026-07-15 13:13:54.3,1PDF,SLPSL0001,PULV LOW SEAL AIR HDR DIFF PRESS,,LOABS,PULV LOW SEAL AIR HDR DIFF PRESS,ALM,1,3.95625,4,INH2O,!WP1001!WP1002!WP1003!WP1006!WP1007!WP1014!hist14!CP1004,1
2026-07-15 13:13:59.3,1PDF,SLPSL0001,PULV LOW SEAL AIR HDR DIFF PRESS,,LOABS,PULV LOW SEAL AIR HDR DIFF PRESS,RTN,1,4.02393,4,INH2O,!WP1001!WP1002!WP1003!WP1006!WP1007!WP1014!hist14!CP1004,1
2026-07-15 13:14:00.3,1PDF,SLPSL0001,PULV LOW SEAL AIR HDR DIFF PRESS,,LOABS,PULV LOW SEAL AIR HDR DIFF PRESS,ALM,1,3.92666,4,INH2O,!WP1001!WP1002!WP1003!WP1006!WP1007!WP1014!hist14!CP1004,1
2026-07-15 13:14:01.3,1PDF,SLPSL0001,PULV LOW SEAL AIR HDR DIFF PRESS,,LOABS,PULV LOW SEAL AIR HDR DIFF PRESS,RTN,1,4.05938,4,INH2O,!WP1001!WP1002!WP1003!WP1006!WP1007!WP1014!hist14!CP1004,1
2026-07-15 13:14:02.3,1PDF,SLPSL0001,PULV LOW SEAL AIR HDR DIFF PRESS,,LOABS,PULV LOW SEAL AIR HDR DIFF PRESS,ALM,1,3.98145,4,INH2O,!WP1001!WP1002!WP1003!WP1006!WP1007!WP1014!hist14!CP1004,1
2026-07-15 13:14:08.3,1PDF,SLPSL0001,PULV LOW SEAL AIR HDR DIFF PRESS,,LOABS,PULV LOW SEAL AIR HDR DIFF PRESS,RTN,1,4.01836,4,INH2O,!WP1001!WP1002!WP1003!WP1006!WP1007!WP1014!hist14!CP1004,1
2026-07-15 13:14:09.3,1PDF,SLPSL0001,PULV LOW SEAL AIR HDR DIFF PRESS,,LOABS,PULV LOW SEAL AIR HDR DIFF PRESS,ALM,1,3.96738,4,INH2O,!WP1001!WP1002!WP1003!WP1006!WP1007!WP1014!hist14!CP1004,1
2026-07-15 13:14:10.3,1PDF,SLPSL0001,PULV LOW SEAL AIR HDR DIFF PRESS,,LOABS,PULV LOW SEAL AIR HDR DIFF PRESS,RTN,1,4.03916,4,INH2O,!WP1001!WP1002!WP1003!WP1006!WP1007!WP1014!hist14!CP1004,1
2026-07-15 13:14:11.3,1PDF,SLPSL0001,PULV LOW SEAL AIR HDR DIFF PRESS,,LOABS,PULV LOW SEAL AIR HDR DIFF PRESS,ALM,1,3.96094,4,INH2O,!WP1001!WP1002!WP1003!WP1006!WP1007!WP1014!hist14!CP1004,1
2026-07-15 13:14:12.3,1PDF,SLPSL0001,PULV LOW SEAL AIR HDR DIFF PRESS,,LOABS,PULV LOW SEAL AIR HDR DIFF PRESS,RTN,1,4.00371,4,INH2O,!WP1001!WP1002!WP1003!WP1006!WP1007!WP1014!hist14!CP1004,1
2026-07-15 13:14:13.3,1PDF,SLPSL0001,PULV LOW SEAL AIR HDR DIFF PRESS,,LOABS,PULV LOW SEAL AIR HDR DIFF PRESS,ALM,1,3.88037,4,INH2O,!WP1001!WP1002!WP1003!WP1006!WP1007!WP1014!hist14!CP1004,1
2026-07-15 13:14:14.3,1PDF,SLPSL0001,PULV LOW SEAL AIR HDR DIFF PRESS,,LOABS,PULV LOW SEAL AIR HDR DIFF PRESS,RTN,1,4.02627,4,INH2O,!WP1001!WP1002!WP1003!WP1006!WP1007!WP1014!hist14!CP1004,1
2026-07-15 13:14:15.3,1PDF,SLPSL0001,PULV LOW SEAL AIR HDR DIFF PRESS,,LOABS,PULV LOW SEAL AIR HDR DIFF PRESS,ALM,1,3.92549,4,INH2O,!WP1001!WP1002!WP1003!WP1006!WP1007!WP1014!hist14!CP1004,1
2026-07-15 13:14:16.3,1PDF,SLPSL0001,PULV LOW SEAL AIR HDR DIFF PRESS,,LOABS,PULV LOW SEAL AIR HDR DIFF PRESS,RTN,1,4.04326,4,INH2O,!WP1001!WP1002!WP1003!WP1006!WP1007!WP1014!hist14!CP1004,1
2026-07-15 13:14:17.3,1PDF,SLPSL0001,PULV LOW SEAL AIR HDR DIFF PRESS,,LOABS,PULV LOW SEAL AIR HDR DIFF PRESS,ALM,1,3.97793,4,INH2O,!WP1001!WP1002!WP1003!WP1006!WP1007!WP1014!hist14!CP1004,1
2026-07-15 13:14:18.3,1PDF,SLPSL0001,PULV LOW SEAL AIR HDR DIFF PRESS,,LOABS,PULV LOW SEAL AIR HDR DIFF PRESS,RTN,1,4.12207,4,INH2O,!WP1001!WP1002!WP1003!WP1006!WP1007!WP1014!hist14!CP1004,1
2026-07-15 13:14:19.0,1AB_PYR_SEQ,PYR_TIME,PULL PYRITE ALARM,,PTARG,PULL PYRITE ALARM,ALM,3,8.00026,8,HR,!WP1002!WP1011!WP1001!hist14!CP1020,1
2026-07-15 13:14:40.3,1PDF,SLPSL0001,PULV LOW SEAL AIR HDR DIFF PRESS,,LOABS,PULV LOW SEAL AIR HDR DIFF PRESS,ALM,1,3.93867,4,INH2O,!WP1001!WP1002!WP1003!WP1006!WP1007!WP1014!hist14!CP1004,1
2026-07-15 13:14:41.3,1PDF,SLPSL0001,PULV LOW SEAL AIR HDR DIFF PRESS,,LOABS,PULV LOW SEAL AIR HDR DIFF PRESS,RTN,1,4.1083,4,INH2O,!WP1001!WP1002!WP1003!WP1006!WP1007!WP1014!hist14!CP1004,1
2026-07-15 13:14:44.3,1PDF,SLPSL0001,PULV LOW SEAL AIR HDR DIFF PRESS,,LOABS,PULV LOW SEAL AIR HDR DIFF PRESS,ALM,1,3.975,4,INH2O,!WP1001!WP1002!WP1003!WP1006!WP1007!WP1014!hist14!CP1004,1
2026-07-15 13:14:50.3,1PDF,SLPSL0001,PULV LOW SEAL AIR HDR DIFF PRESS,,LOABS,PULV LOW SEAL AIR HDR DIFF PRESS,RTN,1,4.01104,4,INH2O,!WP1001!WP1002!WP1003!WP1006!WP1007!WP1014!hist14!CP1004,1
2026-07-15 13:14:53.3,1PDF,SLPSL0001,PULV LOW SEAL AIR HDR DIFF PRESS,,LOABS,PULV LOW SEAL AIR HDR DIFF PRESS,ALM,1,3.96914,4,INH2O,!WP1001!WP1002!WP1003!WP1006!WP1007!WP1014!hist14!CP1004,1
2026-07-15 13:14:56.3,1PDF,SLPSL0001,PULV LOW SEAL AIR HDR DIFF PRESS,,LOABS,PULV LOW SEAL AIR HDR DIFF PRESS,RTN,1,4.03564,4,INH2O,!WP1001!WP1002!WP1003!WP1006!WP1007!WP1014!hist14!CP1004,1
2026-07-15 13:14:59.3,1PDF,SLPSL0001,PULV LOW SEAL AIR HDR DIFF PRESS,,LOABS,PULV LOW SEAL AIR HDR DIFF PRESS,ALM,1,3.98496,4,INH2O,!WP1001!WP1002!WP1003!WP1006!WP1007!WP1014!hist14!CP1004,1
2026-07-15 13:15:04.3,1PDF,SLPSL0001,PULV LOW SEAL AIR HDR DIFF PRESS,,LOABS,PULV LOW SEAL AIR HDR DIFF PRESS,RTN,1,4.01543,4,INH2O,!WP1001!WP1002!WP1003!WP1006!WP1007!WP1014!hist14!CP1004,1
2026-07-15 13:15:05.3,1PDF,SLPSL0001,PULV LOW SEAL AIR HDR DIFF PRESS,,LOABS,PULV LOW SEAL AIR HDR DIFF PRESS,ALM,1,3.98379,4,INH2O,!WP1001!WP1002!WP1003!WP1006!WP1007!WP1014!hist14!CP1004,1
2026-07-15 13:15:06.3,1PDF,SLPSL0001,PULV LOW SEAL AIR HDR DIFF PRESS,,LOABS,PULV LOW SEAL AIR HDR DIFF PRESS,RTN,1,4.06465,4,INH2O,!WP1001!WP1002!WP1003!WP1006!WP1007!WP1014!hist14!CP1004,1
2026-07-15 13:15:35.3,1PDF,SLPSL0001,PULV LOW SEAL AIR HDR DIFF PRESS,,LOABS,PULV LOW SEAL AIR HDR DIFF PRESS,ALM,1,3.99844,4,INH2O,!WP1001!WP1002!WP1003!WP1006!WP1007!WP1014!hist14!CP1004,1
2026-07-15 13:15:36.3,1PDF,SLPSL0001,PULV LOW SEAL AIR HDR DIFF PRESS,,LOABS,PULV LOW SEAL AIR HDR DIFF PRESS,RTN,1,4.05147,4,INH2O,!WP1001!WP1002!WP1003!WP1006!WP1007!WP1014!hist14!CP1004,1
2026-07-15 13:15:37.3,1PDF,SLPSL0001,PULV LOW SEAL AIR HDR DIFF PRESS,,LOABS,PULV LOW SEAL AIR HDR DIFF PRESS,ALM,1,3.96357,4,INH2O,!WP1001!WP1002!WP1003!WP1006!WP1007!WP1014!hist14!CP1004,1
2026-07-15 13:15:38.3,1PDF,SLPSL0001,PULV LOW SEAL AIR HDR DIFF PRESS,,LOABS,PULV LOW SEAL AIR HDR DIFF PRESS,RTN,1,4.04209,4,INH2O,!WP1001!WP1002!WP1003!WP1006!WP1007!WP1014!hist14!CP1004,1
2026-07-15 13:15:39.3,1PDF,SLPSL0001,PULV LOW SEAL AIR HDR DIFF PRESS,,LOABS,PULV LOW SEAL AIR HDR DIFF PRESS,ALM,1,3.98086,4,INH2O,!WP1001!WP1002!WP1003!WP1006!WP1007!WP1014!hist14!CP1004,1
2026-07-15 13:15:40.3,1PDF,SLPSL0001,PULV LOW SEAL AIR HDR DIFF PRESS,,LOABS,PULV LOW SEAL AIR HDR DIFF PRESS,RTN,1,4.14082,4,INH2O,!WP1001!WP1002!WP1003!WP1006!WP1007!WP1014!hist14!CP1004,1
2026-07-15 13:16:25.3,1PDF,SLPSL0001,PULV LOW SEAL AIR HDR DIFF PRESS,,LOABS,PULV LOW SEAL AIR HDR DIFF PRESS,ALM,1,3.96299,4,INH2O,!WP1001!WP1002!WP1003!WP1006!WP1007!WP1014!hist14!CP1004,1
2026-07-15 13:16:26.3,1PDF,SLPSL0001,PULV LOW SEAL AIR HDR DIFF PRESS,,LOABS,PULV LOW SEAL AIR HDR DIFF PRESS,RTN,1,4.01631,4,INH2O,!WP1001!WP1002!WP1003!WP1006!WP1007!WP1014!hist14!CP1004,1
2026-07-15 13:16:27.3,1PDF,SLPSL0001,PULV LOW SEAL AIR HDR DIFF PRESS,,LOABS,PULV LOW SEAL AIR HDR DIFF PRESS,ALM,1,3.92373,4,INH2O,!WP1001!WP1002!WP1003!WP1006!WP1007!WP1014!hist14!CP1004,1
2026-07-15 13:16:30.3,1PDF,SLPSL0001,PULV LOW SEAL AIR HDR DIFF PRESS,,LOABS,PULV LOW SEAL AIR HDR DIFF PRESS,RTN,1,4.04824,4,INH2O,!WP1001!WP1002!WP1003!WP1006!WP1007!WP1014!hist14!CP1004,1
2026-07-15 13:16:31.3,1PDF,SLPSL0001,PULV LOW SEAL AIR HDR DIFF PRESS,,LOABS,PULV LOW SEAL AIR HDR DIFF PRESS,ALM,1,3.99141,4,INH2O,!WP1001!WP1002!WP1003!WP1006!WP1007!WP1014!hist14!CP1004,1
2026-07-15 13:16:32.3,1PDF,SLPSL0001,PULV LOW SEAL AIR HDR DIFF PRESS,,LOABS,PULV LOW SEAL AIR HDR DIFF PRESS,RTN,1,4.03887,4,INH2O,!WP1001!WP1002!WP1003!WP1006!WP1007!WP1014!hist14!CP1004,1
2026-07-15 13:16:34.3,1PDF,SLPSL0001,PULV LOW SEAL AIR HDR DIFF PRESS,,LOABS,PULV LOW SEAL AIR HDR DIFF PRESS,ALM,1,3.93574,4,INH2O,!WP1001!WP1002!WP1003!WP1006!WP1007!WP1014!hist14!CP1004,1
2026-07-15 13:16:37.3,1PDF,SLPSL0001,PULV LOW SEAL AIR HDR DIFF PRESS,,LOABS,PULV LOW SEAL AIR HDR DIFF PRESS,RTN,1,4.07432,4,INH2O,!WP1001!WP1002!WP1003!WP1006!WP1007!WP1014!hist14!CP1004,1
2026-07-15 13:16:38.3,1PDF,SLPSL0001,PULV LOW SEAL AIR HDR DIFF PRESS,,LOABS,PULV LOW SEAL AIR HDR DIFF PRESS,ALM,1,3.95332,4,INH2O,!WP1001!WP1002!WP1003!WP1006!WP1007!WP1014!hist14!CP1004,1
2026-07-15 13:16:39.3,1PDF,SLPSL0001,PULV LOW SEAL AIR HDR DIFF PRESS,,LOABS,PULV LOW SEAL AIR HDR DIFF PRESS,RTN,1,4.05234,4,INH2O,!WP1001!WP1002!WP1003!WP1006!WP1007!WP1014!hist14!CP1004,1
2026-07-15 13:16:40.3,1PDF,SLPSL0001,PULV LOW SEAL AIR HDR DIFF PRESS,,LOABS,PULV LOW SEAL AIR HDR DIFF PRESS,ALM,1,3.93105,4,INH2O,!WP1001!WP1002!WP1003!WP1006!WP1007!WP1014!hist14!CP1004,1
2026-07-15 13:16:41.3,1PDF,SLPSL0001,PULV LOW SEAL AIR HDR DIFF PRESS,,LOABS,PULV LOW SEAL AIR HDR DIFF PRESS,RTN,1,4.03477,4,INH2O,!WP1001!WP1002!WP1003!WP1006!WP1007!WP1014!hist14!CP1004,1
2026-07-15 13:16:42.3,1PDF,SLPSL0001,PULV LOW SEAL AIR HDR DIFF PRESS,,LOABS,PULV LOW SEAL AIR HDR DIFF PRESS,ALM,1,3.90146,4,INH2O,!WP1001!WP1002!WP1003!WP1006!WP1007!WP1014!hist14!CP1004,1
2026-07-15 13:16:54.3,1PDF,SLPSL0001,PULV LOW SEAL AIR HDR DIFF PRESS,,LOABS,PULV LOW SEAL AIR HDR DIFF PRESS,RTN,1,4.04883,4,INH2O,!WP1001!WP1002!WP1003!WP1006!WP1007!WP1014!hist14!CP1004,1
2026-07-15 13:16:55.3,1PDF,SLPSL0001,PULV LOW SEAL AIR HDR DIFF PRESS,,LOABS,PULV LOW SEAL AIR HDR DIFF PRESS,ALM,1,3.93076,4,INH2O,!WP1001!WP1002!WP1003!WP1006!WP1007!WP1014!hist14!CP1004,1
2026-07-15 13:16:56.3,1PDF,SLPSL0001,PULV LOW SEAL AIR HDR DIFF PRESS,,LOABS,PULV LOW SEAL AIR HDR DIFF PRESS,RTN,1,4.03857,4,INH2O,!WP1001!WP1002!WP1003!WP1006!WP1007!WP1014!hist14!CP1004,1
2026-07-15 13:17:01.3,1PDF,SLPSL0001,PULV LOW SEAL AIR HDR DIFF PRESS,,LOABS,PULV LOW SEAL AIR HDR DIFF PRESS,ALM,1,3.92813,4,INH2O,!WP1001!WP1002!WP1003!WP1006!WP1007!WP1014!hist14!CP1004,1
2026-07-15 13:17:02.3,1PDF,SLPSL0001,PULV LOW SEAL AIR HDR DIFF PRESS,,LOABS,PULV LOW SEAL AIR HDR DIFF PRESS,RTN,1,4.01514,4,INH2O,!WP1001!WP1002!WP1003!WP1006!WP1007!WP1014!hist14!CP1004,1
2026-07-15 13:17:03.3,1PDF,SLPSL0001,PULV LOW SEAL AIR HDR DIFF PRESS,,LOABS,PULV LOW SEAL AIR HDR DIFF PRESS,ALM,1,3.92227,4,INH2O,!WP1001!WP1002!WP1003!WP1006!WP1007!WP1014!hist14!CP1004,1
2026-07-15 13:17:04.3,1PDF,SLPSL0001,PULV LOW SEAL AIR HDR DIFF PRESS,,LOABS,PULV LOW SEAL AIR HDR DIFF PRESS,RTN,1,4.1376,4,INH2O,!WP1001!WP1002!WP1003!WP1006!WP1007!WP1014!hist14!CP1004,1
2026-07-15 13:17:09.3,1PDF,SLPSL0001,PULV LOW SEAL AIR HDR DIFF PRESS,,LOABS,PULV LOW SEAL AIR HDR DIFF PRESS,ALM,1,3.96592,4,INH2O,!WP1001!WP1002!WP1003!WP1006!WP1007!WP1014!hist14!CP1004,1
2026-07-15 13:17:48.3,1PDF,SLPSL0001,PULV LOW SEAL AIR HDR DIFF PRESS,,LOABS,PULV LOW SEAL AIR HDR DIFF PRESS,RTN,1,4.03389,4,INH2O,!WP1001!WP1002!WP1003!WP1006!WP1007!WP1014!hist14!CP1004,1
2026-07-15 13:17:49.3,1PDF,SLPSL0001,PULV LOW SEAL AIR HDR DIFF PRESS,,LOABS,PULV LOW SEAL AIR HDR DIFF PRESS,ALM,1,3.95127,4,INH2O,!WP1001!WP1002!WP1003!WP1006!WP1007!WP1014!hist14!CP1004,1
2026-07-15 13:17:55.3,1PDF,SLPSL0001,PULV LOW SEAL AIR HDR DIFF PRESS,,LOABS,PULV LOW SEAL AIR HDR DIFF PRESS,RTN,1,4.01279,4,INH2O,!WP1001!WP1002!WP1003!WP1006!WP1007!WP1014!hist14!CP1004,1
2026-07-15 13:17:58.3,1PDF,SLPSL0001,PULV LOW SEAL AIR HDR DIFF PRESS,,LOABS,PULV LOW SEAL AIR HDR DIFF PRESS,ALM,1,3.88359,4,INH2O,!WP1001!WP1002!WP1003!WP1006!WP1007!WP1014!hist14!CP1004,1
2026-07-15 13:18:39.3,1PDF,SLPSL0001,PULV LOW SEAL AIR HDR DIFF PRESS,,LOABS,PULV LOW SEAL AIR HDR DIFF PRESS,RTN,1,4.03447,4,INH2O,!WP1001!WP1002!WP1003!WP1006!WP1007!WP1014!hist14!CP1004,1
2026-07-15 13:18:40.3,1PDF,SLPSL0001,PULV LOW SEAL AIR HDR DIFF PRESS,,LOABS,PULV LOW SEAL AIR HDR DIFF PRESS,ALM,1,3.96387,4,INH2O,!WP1001!WP1002!WP1003!WP1006!WP1007!WP1014!hist14!CP1004,1
2026-07-15 13:18:45.3,1PDF,SLPSL0001,PULV LOW SEAL AIR HDR DIFF PRESS,,LOABS,PULV LOW SEAL AIR HDR DIFF PRESS,RTN,1,4.05205,4,INH2O,!WP1001!WP1002!WP1003!WP1006!WP1007!WP1014!hist14!CP1004,1
2026-07-15 13:18:48.3,1PDF,SLPSL0001,PULV LOW SEAL AIR HDR DIFF PRESS,,LOABS,PULV LOW SEAL AIR HDR DIFF PRESS,ALM,1,3.87422,4,INH2O,!WP1001!WP1002!WP1003!WP1006!WP1007!WP1014!hist14!CP1004,1
2026-07-15 13:18:49.4,1DAS11,IAAH3221,DRUM WATER SODIUM,,HIABS,HIGH,RTN,1,44.9863,50,ppb,!WP1002!WP1006!WP1007!WP1001!WP1003!WP1014!hist14!CP1008,1
2026-07-15 13:19:27.3,1PDF,SLPSL0001,PULV LOW SEAL AIR HDR DIFF PRESS,,LOABS,PULV LOW SEAL AIR HDR DIFF PRESS,RTN,1,4.02158,4,INH2O,!WP1001!WP1002!WP1003!WP1006!WP1007!WP1014!hist14!CP1004,1
2026-07-15 13:19:30.3,1PDF,SLPSL0001,PULV LOW SEAL AIR HDR DIFF PRESS,,LOABS,PULV LOW SEAL AIR HDR DIFF PRESS,ALM,1,3.97822,4,INH2O,!WP1001!WP1002!WP1003!WP1006!WP1007!WP1014!hist14!CP1004,1
2026-07-15 13:19:31.3,1PDF,SLPSL0001,PULV LOW SEAL AIR HDR DIFF PRESS,,LOABS,PULV LOW SEAL AIR HDR DIFF PRESS,RTN,1,4.01455,4,INH2O,!WP1001!WP1002!WP1003!WP1006!WP1007!WP1014!hist14!CP1004,1
2026-07-15 13:19:32.3,1PDF,SLPSL0001,PULV LOW SEAL AIR HDR DIFF PRESS,,LOABS,PULV LOW SEAL AIR HDR DIFF PRESS,ALM,1,3.91406,4,INH2O,!WP1001!WP1002!WP1003!WP1006!WP1007!WP1014!hist14!CP1004,1
2026-07-15 13:19:35.3,1PDF,SLPSL0001,PULV LOW SEAL AIR HDR DIFF PRESS,,LOABS,PULV LOW SEAL AIR HDR DIFF PRESS,RTN,1,4.05498,4,INH2O,!WP1001!WP1002!WP1003!WP1006!WP1007!WP1014!hist14!CP1004,1
2026-07-15 13:19:41.3,1PDF,SLPSL0001,PULV LOW SEAL AIR HDR DIFF PRESS,,LOABS,PULV LOW SEAL AIR HDR DIFF PRESS,ALM,1,3.9873,4,INH2O,!WP1001!WP1002!WP1003!WP1006!WP1007!WP1014!hist14!CP1004,1
2026-07-15 13:19:44.3,1PDF,SLPSL0001,PULV LOW SEAL AIR HDR DIFF PRESS,,LOABS,PULV LOW SEAL AIR HDR DIFF PRESS,RTN,1,4.07285,4,INH2O,!WP1001!WP1002!WP1003!WP1006!WP1007!WP1014!hist14!CP1004,1
2026-07-15 13:19:45.3,1PDF,SLPSL0001,PULV LOW SEAL AIR HDR DIFF PRESS,,LOABS,PULV LOW SEAL AIR HDR DIFF PRESS,ALM,1,3.96152,4,INH2O,!WP1001!WP1002!WP1003!WP1006!WP1007!WP1014!hist14!CP1004,1
2026-07-15 13:19:46.3,1PDF,SLPSL0001,PULV LOW SEAL AIR HDR DIFF PRESS,,LOABS,PULV LOW SEAL AIR HDR DIFF PRESS,RTN,1,4.02744,4,INH2O,!WP1001!WP1002!WP1003!WP1006!WP1007!WP1014!hist14!CP1004,1
2026-07-15 13:19:47.3,1PDF,SLPSL0001,PULV LOW SEAL AIR HDR DIFF PRESS,,LOABS,PULV LOW SEAL AIR HDR DIFF PRESS,ALM,1,3.89824,4,INH2O,!WP1001!WP1002!WP1003!WP1006!WP1007!WP1014!hist14!CP1004,1
2026-07-15 13:20:11.3,1PDF,SLPSL0001,PULV LOW SEAL AIR HDR DIFF PRESS,,LOABS,PULV LOW SEAL AIR HDR DIFF PRESS,RTN,1,4.00752,4,INH2O,!WP1001!WP1002!WP1003!WP1006!WP1007!WP1014!hist14!CP1004,1
2026-07-15 13:20:12.3,1PDF,SLPSL0001,PULV LOW SEAL AIR HDR DIFF PRESS,,LOABS,PULV LOW SEAL AIR HDR DIFF PRESS,ALM,1,3.96416,4,INH2O,!WP1001!WP1002!WP1003!WP1006!WP1007!WP1014!hist14!CP1004,1
2026-07-15 13:20:26.3,1PDF,SLPSL0001,PULV LOW SEAL AIR HDR DIFF PRESS,,LOABS,PULV LOW SEAL AIR HDR DIFF PRESS,RTN,1,4.10332,4,INH2O,!WP1001!WP1002!WP1003!WP1006!WP1007!WP1014!hist14!CP1004,1
2026-07-15 13:20:31.3,1PDF,SLPSL0001,PULV LOW SEAL AIR HDR DIFF PRESS,,LOABS,PULV LOW SEAL AIR HDR DIFF PRESS,ALM,1,3.78721,4,INH2O,!WP1001!WP1002!WP1003!WP1006!WP1007!WP1014!hist14!CP1004,1
2026-07-15 13:21:10.3,1PDF,SLPSL0001,PULV LOW SEAL AIR HDR DIFF PRESS,,LOABS,PULV LOW SEAL AIR HDR DIFF PRESS,RTN,1,4.02363,4,INH2O,!WP1001!WP1002!WP1003!WP1006!WP1007!WP1014!hist14!CP1004,1
2026-07-15 13:21:11.3,1PDF,SLPSL0001,PULV LOW SEAL AIR HDR DIFF PRESS,,LOABS,PULV LOW SEAL AIR HDR DIFF PRESS,ALM,1,3.78955,4,INH2O,!WP1001!WP1002!WP1003!WP1006!WP1007!WP1014!hist14!CP1004,1
2026-07-15 13:21:29.8,1TC,B21,DROOP ACTIVE,DROOP,STATE,ACTIVE,ALM,5,,,,!hist14!CP1001,2
2026-07-15 13:21:32.8,1TC,B21,DROOP ACTIVE,DROOP,STATE,NORMAL,RTN,5,,,,!hist14!CP1001,2
2026-07-15 13:21:54.1,1BFA_GSM_ALM,BFA_ALM20,MARK VIE A BFPT ALARM,,STA_7,A BFPT MANUAL/DCS OK,RTN,5,0,0,,!WP1001!WP1002!WP1003!WP1006!WP1007!WP1014!hist14!CP1011,1
2026-07-15 13:22:50.3,1PDF,SLPSL0001,PULV LOW SEAL AIR HDR DIFF PRESS,,LOABS,PULV LOW SEAL AIR HDR DIFF PRESS,RTN,1,4.07607,4,INH2O,!WP1001!WP1002!WP1003!WP1006!WP1007!WP1014!hist14!CP1004,1
2026-07-15 13:22:56.3,1PDF,SLPSL0001,PULV LOW SEAL AIR HDR DIFF PRESS,,LOABS,PULV LOW SEAL AIR HDR DIFF PRESS,ALM,1,3.96211,4,INH2O,!WP1001!WP1002!WP1003!WP1006!WP1007!WP1014!hist14!CP1004,1
2026-07-15 13:22:57.3,1PDF,SLPSL0001,PULV LOW SEAL AIR HDR DIFF PRESS,,LOABS,PULV LOW SEAL AIR HDR DIFF PRESS,RTN,1,4.11006,4,INH2O,!WP1001!WP1002!WP1003!WP1006!WP1007!WP1014!hist14!CP1004,1
2026-07-15 13:23:00.3,1PDF,SLPSL0001,PULV LOW SEAL AIR HDR DIFF PRESS,,LOABS,PULV LOW SEAL AIR HDR DIFF PRESS,ALM,1,3.97061,4,INH2O,!WP1001!WP1002!WP1003!WP1006!WP1007!WP1014!hist14!CP1004,1
2026-07-15 13:23:16.4,1BFA_GSM_ALM,BFA_ALM20,MARK VIE A BFPT ALARM,,STA_7,A BFPT MANUAL/DCS ERROR,ALM,5,0,0,,!WP1001!WP1002!WP1003!WP1006!WP1007!WP1014!hist14!CP1011,1
2026-07-15 13:23:41.3,1PDF,SLPSL0001,PULV LOW SEAL AIR HDR DIFF PRESS,,LOABS,PULV LOW SEAL AIR HDR DIFF PRESS,RTN,1,4.06934,4,INH2O,!WP1001!WP1002!WP1003!WP1006!WP1007!WP1014!hist14!CP1004,1
2026-07-15 13:23:42.3,1PDF,SLPSL0001,PULV LOW SEAL AIR HDR DIFF PRESS,,LOABS,PULV LOW SEAL AIR HDR DIFF PRESS,ALM,1,3.93955,4,INH2O,!WP1001!WP1002!WP1003!WP1006!WP1007!WP1014!hist14!CP1004,1
2026-07-15 13:23:48.3,1PDF,SLPSL0001,PULV LOW SEAL AIR HDR DIFF PRESS,,LOABS,PULV LOW SEAL AIR HDR DIFF PRESS,RTN,1,4.0207,4,INH2O,!WP1001!WP1002!WP1003!WP1006!WP1007!WP1014!hist14!CP1004,1
2026-07-15 13:23:49.3,1PDF,SLPSL0001,PULV LOW SEAL AIR HDR DIFF PRESS,,LOABS,PULV LOW SEAL AIR HDR DIFF PRESS,ALM,1,3.98379,4,INH2O,!WP1001!WP1002!WP1003!WP1006!WP1007!WP1014!hist14!CP1004,1
2026-07-15 13:23:59.0,IDFAN_PEEC,OPCY_ALM,PRECIP OUT > 50%,PRECIP OUTLET,STATE,ALARM,ALM,3,,,,!WP1001!WP1002!WP1003!WP1006!WP1007!WP1014!hist14!CP1003,1
2026-07-15 13:24:05.0,IDFAN_PEEC,OPCY_ALM,PRECIP OUT > 50%,PRECIP OUTLET,STATE,NORMAL,RTN,3,,,,!WP1001!WP1002!WP1003!WP1006!WP1007!WP1014!hist14!CP1003,1
2026-07-15 13:24:06.3,1PDF,SLPSL0001,PULV LOW SEAL AIR HDR DIFF PRESS,,LOABS,PULV LOW SEAL AIR HDR DIFF PRESS,RTN,1,4.00986,4,INH2O,!WP1001!WP1002!WP1003!WP1006!WP1007!WP1014!hist14!CP1004,1
2026-07-15 13:24:47.4,1DAS11,IAAH3281,COND PUMP DISCH   SILICA,1233,HIABS,HIGH,ALM,1,10.834,10,ppb,!WP1002!WP1006!WP1007!WP1001!WP1003!WP1014!hist14!CP1008,1
2026-07-15 13:25:38.3,1PDF,SLPSL0001,PULV LOW SEAL AIR HDR DIFF PRESS,,LOABS,PULV LOW SEAL AIR HDR DIFF PRESS,ALM,1,3.99668,4,INH2O,!WP1001!WP1002!WP1003!WP1006!WP1007!WP1014!hist14!CP1004,1
2026-07-15 13:25:39.3,1PDF,SLPSL0001,PULV LOW SEAL AIR HDR DIFF PRESS,,LOABS,PULV LOW SEAL AIR HDR DIFF PRESS,RTN,1,4.10244,4,INH2O,!WP1001!WP1002!WP1003!WP1006!WP1007!WP1014!hist14!CP1004,1
2026-07-15 13:25:40.3,1PDF,SLPSL0001,PULV LOW SEAL AIR HDR DIFF PRESS,,LOABS,PULV LOW SEAL AIR HDR DIFF PRESS,ALM,1,3.92754,4,INH2O,!WP1001!WP1002!WP1003!WP1006!WP1007!WP1014!hist14!CP1004,1
2026-07-15 13:25:45.3,1PDF,SLPSL0001,PULV LOW SEAL AIR HDR DIFF PRESS,,LOABS,PULV LOW SEAL AIR HDR DIFF PRESS,RTN,1,4.08428,4,INH2O,!WP1001!WP1002!WP1003!WP1006!WP1007!WP1014!hist14!CP1004,1
2026-07-15 13:25:50.3,1PDF,SLPSL0001,PULV LOW SEAL AIR HDR DIFF PRESS,,LOABS,PULV LOW SEAL AIR HDR DIFF PRESS,ALM,1,3.929,4,INH2O,!WP1001!WP1002!WP1003!WP1006!WP1007!WP1014!hist14!CP1004,1
2026-07-15 13:26:11.0,PAC_PLC,ACI_FDR_A_TR,ACI FDR A AC-WIC-5007 TRBLE ALM,,CHANGE,PAC FEEDER A TROUBLE,ALM,1,,,,!WP1001!WP1002!WP1003!WP1006!WP1007!WP1014!hist14!CP1003,1
2026-07-15 13:26:12.3,1PDF,SLPSL0001,PULV LOW SEAL AIR HDR DIFF PRESS,,LOABS,PULV LOW SEAL AIR HDR DIFF PRESS,RTN,1,4.03916,4,INH2O,!WP1001!WP1002!WP1003!WP1006!WP1007!WP1014!hist14!CP1004,1
2026-07-15 13:26:13.3,1PDF,SLPSL0001,PULV LOW SEAL AIR HDR DIFF PRESS,,LOABS,PULV LOW SEAL AIR HDR DIFF PRESS,ALM,1,3.97822,4,INH2O,!WP1001!WP1002!WP1003!WP1006!WP1007!WP1014!hist14!CP1004,1
2026-07-15 13:26:16.4,PAC_PLC,ACI_FDR_A_TR,ACI FDR A AC-WIC-5007 TRBLE ALM,,CHANGE,PAC FEEDER A TROUBLE,ALM,1,,,,!WP1001!WP1002!WP1003!WP1006!WP1007!WP1014!hist14!CP1003,1
2026-07-15 13:26:19.3,1PDF,SLPSL0001,PULV LOW SEAL AIR HDR DIFF PRESS,,LOABS,PULV LOW SEAL AIR HDR DIFF PRESS,RTN,1,4.07344,4,INH2O,!WP1001!WP1002!WP1003!WP1006!WP1007!WP1014!hist14!CP1004,1
2026-07-15 13:26:22.3,1PDF,SLPSL0001,PULV LOW SEAL AIR HDR DIFF PRESS,,LOABS,PULV LOW SEAL AIR HDR DIFF PRESS,ALM,1,3.91377,4,INH2O,!WP1001!WP1002!WP1003!WP1006!WP1007!WP1014!hist14!CP1004,1
2026-07-15 13:27:03.3,1PDF,SLPSL0001,PULV LOW SEAL AIR HDR DIFF PRESS,,LOABS,PULV LOW SEAL AIR HDR DIFF PRESS,RTN,1,4.08018,4,INH2O,!WP1001!WP1002!WP1003!WP1006!WP1007!WP1014!hist14!CP1004,1
2026-07-15 13:27:04.3,1PDF,SLPSL0001,PULV LOW SEAL AIR HDR DIFF PRESS,,LOABS,PULV LOW SEAL AIR HDR DIFF PRESS,ALM,1,3.99346,4,INH2O,!WP1001!WP1002!WP1003!WP1006!WP1007!WP1014!hist14!CP1004,1
2026-07-15 13:27:05.3,1PDF,SLPSL0001,PULV LOW SEAL AIR HDR DIFF PRESS,,LOABS,PULV LOW SEAL AIR HDR DIFF PRESS,RTN,1,4.02979,4,INH2O,!WP1001!WP1002!WP1003!WP1006!WP1007!WP1014!hist14!CP1004,1
2026-07-15 13:27:06.3,1PDF,SLPSL0001,PULV LOW SEAL AIR HDR DIFF PRESS,,LOABS,PULV LOW SEAL AIR HDR DIFF PRESS,ALM,1,3.87334,4,INH2O,!WP1001!WP1002!WP1003!WP1006!WP1007!WP1014!hist14!CP1004,1
2026-07-15 13:27:09.3,1PDF,SLPSL0001,PULV LOW SEAL AIR HDR DIFF PRESS,,LOABS,PULV LOW SEAL AIR HDR DIFF PRESS,RTN,1,4.16895,4,INH2O,!WP1001!WP1002!WP1003!WP1006!WP1007!WP1014!hist14!CP1004,1
2026-07-15 13:27:14.3,1PDF,SLPSL0001,PULV LOW SEAL AIR HDR DIFF PRESS,,LOABS,PULV LOW SEAL AIR HDR DIFF PRESS,ALM,1,3.97705,4,INH2O,!WP1001!WP1002!WP1003!WP1006!WP1007!WP1014!hist14!CP1004,1
2026-07-15 13:27:18.3,1PDF,SLPSL0001,PULV LOW SEAL AIR HDR DIFF PRESS,,LOABS,PULV LOW SEAL AIR HDR DIFF PRESS,RTN,1,4.05234,4,INH2O,!WP1001!WP1002!WP1003!WP1006!WP1007!WP1014!hist14!CP1004,1
2026-07-15 13:27:21.3,1PDF,SLPSL0001,PULV LOW SEAL AIR HDR DIFF PRESS,,LOABS,PULV LOW SEAL AIR HDR DIFF PRESS,ALM,1,3.92695,4,INH2O,!WP1001!WP1002!WP1003!WP1006!WP1007!WP1014!hist14!CP1004,1
2026-07-15 13:27:28.3,1PDF,SLPSL0001,PULV LOW SEAL AIR HDR DIFF PRESS,,LOABS,PULV LOW SEAL AIR HDR DIFF PRESS,RTN,1,4.05762,4,INH2O,!WP1001!WP1002!WP1003!WP1006!WP1007!WP1014!hist14!CP1004,1
2026-07-15 13:27:29.3,1PDF,SLPSL0001,PULV LOW SEAL AIR HDR DIFF PRESS,,LOABS,PULV LOW SEAL AIR HDR DIFF PRESS,ALM,1,3.89385,4,INH2O,!WP1001!WP1002!WP1003!WP1006!WP1007!WP1014!hist14!CP1004,1
2026-07-15 13:27:39.3,1PDF,SLPSL0001,PULV LOW SEAL AIR HDR DIFF PRESS,,LOABS,PULV LOW SEAL AIR HDR DIFF PRESS,RTN,1,4.03037,4,INH2O,!WP1001!WP1002!WP1003!WP1006!WP1007!WP1014!hist14!CP1004,1
2026-07-15 13:27:42.3,1PDF,SLPSL0001,PULV LOW SEAL AIR HDR DIFF PRESS,,LOABS,PULV LOW SEAL AIR HDR DIFF PRESS,ALM,1,3.94219,4,INH2O,!WP1001!WP1002!WP1003!WP1006!WP1007!WP1014!hist14!CP1004,1
2026-07-15 13:27:45.3,1PDF,SLPSL0001,PULV LOW SEAL AIR HDR DIFF PRESS,,LOABS,PULV LOW SEAL AIR HDR DIFF PRESS,RTN,1,4.09248,4,INH2O,!WP1001!WP1002!WP1003!WP1006!WP1007!WP1014!hist14!CP1004,1
2026-07-15 13:27:46.3,1PDF,SLPSL0001,PULV LOW SEAL AIR HDR DIFF PRESS,,LOABS,PULV LOW SEAL AIR HDR DIFF PRESS,ALM,1,3.98057,4,INH2O,!WP1001!WP1002!WP1003!WP1006!WP1007!WP1014!hist14!CP1004,1
2026-07-15 13:27:47.3,1PDF,SLPSL0001,PULV LOW SEAL AIR HDR DIFF PRESS,,LOABS,PULV LOW SEAL AIR HDR DIFF PRESS,RTN,1,4.1165,4,INH2O,!WP1001!WP1002!WP1003!WP1006!WP1007!WP1014!hist14!CP1004,1
2026-07-15 13:27:48.3,1PDF,SLPSL0001,PULV LOW SEAL AIR HDR DIFF PRESS,,LOABS,PULV LOW SEAL AIR HDR DIFF PRESS,ALM,1,3.99141,4,INH2O,!WP1001!WP1002!WP1003!WP1006!WP1007!WP1014!hist14!CP1004,1
2026-07-15 13:27:49.3,1PDF,SLPSL0001,PULV LOW SEAL AIR HDR DIFF PRESS,,LOABS,PULV LOW SEAL AIR HDR DIFF PRESS,RTN,1,4.07344,4,INH2O,!WP1001!WP1002!WP1003!WP1006!WP1007!WP1014!hist14!CP1004,1
2026-07-15 13:28:58.3,1PDF,SLPSL0001,PULV LOW SEAL AIR HDR DIFF PRESS,,LOABS,PULV LOW SEAL AIR HDR DIFF PRESS,ALM,1,3.99932,4,INH2O,!WP1001!WP1002!WP1003!WP1006!WP1007!WP1014!hist14!CP1004,1
2026-07-15 13:29:32.3,1PDF,SLPSL0001,PULV LOW SEAL AIR HDR DIFF PRESS,,LOABS,PULV LOW SEAL AIR HDR DIFF PRESS,RTN,1,4.04033,4,INH2O,!WP1001!WP1002!WP1003!WP1006!WP1007!WP1014!hist14!CP1004,1
2026-07-15 13:29:35.3,1PDF,SLPSL0001,PULV LOW SEAL AIR HDR DIFF PRESS,,LOABS,PULV LOW SEAL AIR HDR DIFF PRESS,ALM,1,3.97705,4,INH2O,!WP1001!WP1002!WP1003!WP1006!WP1007!WP1014!hist14!CP1004,1
2026-07-15 13:29:41.3,1PDF,SLPSL0001,PULV LOW SEAL AIR HDR DIFF PRESS,,LOABS,PULV LOW SEAL AIR HDR DIFF PRESS,RTN,1,4.08398,4,INH2O,!WP1001!WP1002!WP1003!WP1006!WP1007!WP1014!hist14!CP1004,1
2026-07-15 13:29:43.3,1PDF,SLPSL0001,PULV LOW SEAL AIR HDR DIFF PRESS,,LOABS,PULV LOW SEAL AIR HDR DIFF PRESS,ALM,1,3.92607,4,INH2O,!WP1001!WP1002!WP1003!WP1006!WP1007!WP1014!hist14!CP1004,1
2026-07-15 13:31:15.3,1PDF,SLPSL0001,PULV LOW SEAL AIR HDR DIFF PRESS,,LOABS,PULV LOW SEAL AIR HDR DIFF PRESS,RTN,1,4.15195,4,INH2O,!WP1001!WP1002!WP1003!WP1006!WP1007!WP1014!hist14!CP1004,1
2026-07-15 13:31:16.3,1PDF,SLPSL0001,PULV LOW SEAL AIR HDR DIFF PRESS,,LOABS,PULV LOW SEAL AIR HDR DIFF PRESS,ALM,1,3.97266,4,INH2O,!WP1001!WP1002!WP1003!WP1006!WP1007!WP1014!hist14!CP1004,1
2026-07-15 13:31:17.3,1PDF,SLPSL0001,PULV LOW SEAL AIR HDR DIFF PRESS,,LOABS,PULV LOW SEAL AIR HDR DIFF PRESS,RTN,1,4.05967,4,INH2O,!WP1001!WP1002!WP1003!WP1006!WP1007!WP1014!hist14!CP1004,1
2026-07-15 13:31:18.3,1PDF,SLPSL0001,PULV LOW SEAL AIR HDR DIFF PRESS,,LOABS,PULV LOW SEAL AIR HDR DIFF PRESS,ALM,1,3.86016,4,INH2O,!WP1001!WP1002!WP1003!WP1006!WP1007!WP1014!hist14!CP1004,1
2026-07-15 13:31:21.3,1PDF,SLPSL0001,PULV LOW SEAL AIR HDR DIFF PRESS,,LOABS,PULV LOW SEAL AIR HDR DIFF PRESS,RTN,1,4.04736,4,INH2O,!WP1001!WP1002!WP1003!WP1006!WP1007!WP1014!hist14!CP1004,1
2026-07-15 13:31:25.3,1PDF,SLPSL0001,PULV LOW SEAL AIR HDR DIFF PRESS,,LOABS,PULV LOW SEAL AIR HDR DIFF PRESS,ALM,1,3.91992,4,INH2O,!WP1001!WP1002!WP1003!WP1006!WP1007!WP1014!hist14!CP1004,1
2026-07-15 13:32:03.3,1PDF,SLPSL0001,PULV LOW SEAL AIR HDR DIFF PRESS,,LOABS,PULV LOW SEAL AIR HDR DIFF PRESS,RTN,1,4.03506,4,INH2O,!WP1001!WP1002!WP1003!WP1006!WP1007!WP1014!hist14!CP1004,1
2026-07-15 13:32:08.3,1PDF,SLPSL0001,PULV LOW SEAL AIR HDR DIFF PRESS,,LOABS,PULV LOW SEAL AIR HDR DIFF PRESS,ALM,1,3.95566,4,INH2O,!WP1001!WP1002!WP1003!WP1006!WP1007!WP1014!hist14!CP1004,1
2026-07-15 13:32:12.3,1PDF,SLPSL0001,PULV LOW SEAL AIR HDR DIFF PRESS,,LOABS,PULV LOW SEAL AIR HDR DIFF PRESS,RTN,1,4.06787,4,INH2O,!WP1001!WP1002!WP1003!WP1006!WP1007!WP1014!hist14!CP1004,1
2026-07-15 13:32:15.3,1PDF,SLPSL0001,PULV LOW SEAL AIR HDR DIFF PRESS,,LOABS,PULV LOW SEAL AIR HDR DIFF PRESS,ALM,1,3.94395,4,INH2O,!WP1001!WP1002!WP1003!WP1006!WP1007!WP1014!hist14!CP1004,1
2026-07-15 13:32:16.3,1PDF,SLPSL0001,PULV LOW SEAL AIR HDR DIFF PRESS,,LOABS,PULV LOW SEAL AIR HDR DIFF PRESS,RTN,1,4.04766,4,INH2O,!WP1001!WP1002!WP1003!WP1006!WP1007!WP1014!hist14!CP1004,1
2026-07-15 13:32:17.3,1PDF,SLPSL0001,PULV LOW SEAL AIR HDR DIFF PRESS,,LOABS,PULV LOW SEAL AIR HDR DIFF PRESS,ALM,1,3.83496,4,INH2O,!WP1001!WP1002!WP1003!WP1006!WP1007!WP1014!hist14!CP1004,1
2026-07-15 13:32:54.3,1PDF,SLPSL0001,PULV LOW SEAL AIR HDR DIFF PRESS,,LOABS,PULV LOW SEAL AIR HDR DIFF PRESS,RTN,1,4.02832,4,INH2O,!WP1001!WP1002!WP1003!WP1006!WP1007!WP1014!hist14!CP1004,1
2026-07-15 13:32:59.3,1PDF,SLPSL0001,PULV LOW SEAL AIR HDR DIFF PRESS,,LOABS,PULV LOW SEAL AIR HDR DIFF PRESS,ALM,1,3.9252,4,INH2O,!WP1001!WP1002!WP1003!WP1006!WP1007!WP1014!hist14!CP1004,1
2026-07-15 13:33:02.3,1PDF,SLPSL0001,PULV LOW SEAL AIR HDR DIFF PRESS,,LOABS,PULV LOW SEAL AIR HDR DIFF PRESS,RTN,1,4.15752,4,INH2O,!WP1001!WP1002!WP1003!WP1006!WP1007!WP1014!hist14!CP1004,1
2026-07-15 13:33:07.3,1PDF,SLPSL0001,PULV LOW SEAL AIR HDR DIFF PRESS,,LOABS,PULV LOW SEAL AIR HDR DIFF PRESS,ALM,1,3.94746,4,INH2O,!WP1001!WP1002!WP1003!WP1006!WP1007!WP1014!hist14!CP1004,1
2026-07-15 13:33:21.3,1PDF,SLPSL0001,PULV LOW SEAL AIR HDR DIFF PRESS,,LOABS,PULV LOW SEAL AIR HDR DIFF PRESS,RTN,1,4.01807,4,INH2O,!WP1001!WP1002!WP1003!WP1006!WP1007!WP1014!hist14!CP1004,1
2026-07-15 13:33:22.3,1PDF,SLPSL0001,PULV LOW SEAL AIR HDR DIFF PRESS,,LOABS,PULV LOW SEAL AIR HDR DIFF PRESS,ALM,1,3.90352,4,INH2O,!WP1001!WP1002!WP1003!WP1006!WP1007!WP1014!hist14!CP1004,1
2026-07-15 13:33:34.3,1PDF,SLPSL0001,PULV LOW SEAL AIR HDR DIFF PRESS,,LOABS,PULV LOW SEAL AIR HDR DIFF PRESS,RTN,1,4.04033,4,INH2O,!WP1001!WP1002!WP1003!WP1006!WP1007!WP1014!hist14!CP1004,1
2026-07-15 13:34:06.3,1PDF,SLPSL0001,PULV LOW SEAL AIR HDR DIFF PRESS,,LOABS,PULV LOW SEAL AIR HDR DIFF PRESS,ALM,1,3.98613,4,INH2O,!WP1001!WP1002!WP1003!WP1006!WP1007!WP1014!hist14!CP1004,1
2026-07-15 13:34:07.3,1PDF,SLPSL0001,PULV LOW SEAL AIR HDR DIFF PRESS,,LOABS,PULV LOW SEAL AIR HDR DIFF PRESS,RTN,1,4.07783,4,INH2O,!WP1001!WP1002!WP1003!WP1006!WP1007!WP1014!hist14!CP1004,1
2026-07-15 13:34:13.3,1PDF,SLPSL0001,PULV LOW SEAL AIR HDR DIFF PRESS,,LOABS,PULV LOW SEAL AIR HDR DIFF PRESS,ALM,1,3.92402,4,INH2O,!WP1001!WP1002!WP1003!WP1006!WP1007!WP1014!hist14!CP1004,1
2026-07-15 13:34:18.3,1PDF,SLPSL0001,PULV LOW SEAL AIR HDR DIFF PRESS,,LOABS,PULV LOW SEAL AIR HDR DIFF PRESS,RTN,1,4.10508,4,INH2O,!WP1001!WP1002!WP1003!WP1006!WP1007!WP1014!hist14!CP1004,1
2026-07-15 13:34:19.3,1PDF,SLPSL0001,PULV LOW SEAL AIR HDR DIFF PRESS,,LOABS,PULV LOW SEAL AIR HDR DIFF PRESS,ALM,1,3.92813,4,INH2O,!WP1001!WP1002!WP1003!WP1006!WP1007!WP1014!hist14!CP1004,1
2026-07-15 13:34:20.8,1WB_DEV,AA_JJ_DEV,AUX AIR JJ ANY DEV,,STATE,NORMAL,RTN,5,,,INH2O,,0
2026-07-15 13:34:20.3,1PDF,SLPSL0001,PULV LOW SEAL AIR HDR DIFF PRESS,,LOABS,PULV LOW SEAL AIR HDR DIFF PRESS,RTN,1,4.01338,4,INH2O,!WP1001!WP1002!WP1003!WP1006!WP1007!WP1014!hist14!CP1004,1
2026-07-15 13:34:21.3,1PDF,SLPSL0001,PULV LOW SEAL AIR HDR DIFF PRESS,,LOABS,PULV LOW SEAL AIR HDR DIFF PRESS,ALM,1,3.84814,4,INH2O,!WP1001!WP1002!WP1003!WP1006!WP1007!WP1014!hist14!CP1004,1
2026-07-15 13:34:28.3,1PDF,SLPSL0001,PULV LOW SEAL AIR HDR DIFF PRESS,,LOABS,PULV LOW SEAL AIR HDR DIFF PRESS,RTN,1,4.06963,4,INH2O,!WP1001!WP1002!WP1003!WP1006!WP1007!WP1014!hist14!CP1004,1
2026-07-15 13:34:57.3,1PDF,SLPSL0001,PULV LOW SEAL AIR HDR DIFF PRESS,,LOABS,PULV LOW SEAL AIR HDR DIFF PRESS,ALM,1,3.90117,4,INH2O,!WP1001!WP1002!WP1003!WP1006!WP1007!WP1014!hist14!CP1004,1
2026-07-15 13:35:02.3,1PDF,SLPSL0001,PULV LOW SEAL AIR HDR DIFF PRESS,,LOABS,PULV LOW SEAL AIR HDR DIFF PRESS,RTN,1,4.10772,4,INH2O,!WP1001!WP1002!WP1003!WP1006!WP1007!WP1014!hist14!CP1004,1
2026-07-15 13:35:03.3,1PDF,SLPSL0001,PULV LOW SEAL AIR HDR DIFF PRESS,,LOABS,PULV LOW SEAL AIR HDR DIFF PRESS,ALM,1,3.91436,4,INH2O,!WP1001!WP1002!WP1003!WP1006!WP1007!WP1014!hist14!CP1004,1
2026-07-15 13:35:17.3,1PDF,SLPSL0001,PULV LOW SEAL AIR HDR DIFF PRESS,,LOABS,PULV LOW SEAL AIR HDR DIFF PRESS,RTN,1,4.04619,4,INH2O,!WP1001!WP1002!WP1003!WP1006!WP1007!WP1014!hist14!CP1004,1
2026-07-15 13:35:20.3,1PDF,SLPSL0001,PULV LOW SEAL AIR HDR DIFF PRESS,,LOABS,PULV LOW SEAL AIR HDR DIFF PRESS,ALM,1,3.97148,4,INH2O,!WP1001!WP1002!WP1003!WP1006!WP1007!WP1014!hist14!CP1004,1
2026-07-15 13:35:21.3,1PDF,SLPSL0001,PULV LOW SEAL AIR HDR DIFF PRESS,,LOABS,PULV LOW SEAL AIR HDR DIFF PRESS,RTN,1,4.08545,4,INH2O,!WP1001!WP1002!WP1003!WP1006!WP1007!WP1014!hist14!CP1004,1
2026-07-15 13:35:22.3,1PDF,SLPSL0001,PULV LOW SEAL AIR HDR DIFF PRESS,,LOABS,PULV LOW SEAL AIR HDR DIFF PRESS,ALM,1,3.94717,4,INH2O,!WP1001!WP1002!WP1003!WP1006!WP1007!WP1014!hist14!CP1004,1
2026-07-15 13:35:23.3,1PDF,SLPSL0001,PULV LOW SEAL AIR HDR DIFF PRESS,,LOABS,PULV LOW SEAL AIR HDR DIFF PRESS,RTN,1,4.10947,4,INH2O,!WP1001!WP1002!WP1003!WP1006!WP1007!WP1014!hist14!CP1004,1
2026-07-15 13:35:30.3,1PDF,SLPSL0001,PULV LOW SEAL AIR HDR DIFF PRESS,,LOABS,PULV LOW SEAL AIR HDR DIFF PRESS,ALM,1,3.98115,4,INH2O,!WP1001!WP1002!WP1003!WP1006!WP1007!WP1014!hist14!CP1004,1
2026-07-15 13:35:31.3,1PDF,SLPSL0001,PULV LOW SEAL AIR HDR DIFF PRESS,,LOABS,PULV LOW SEAL AIR HDR DIFF PRESS,RTN,1,4.03184,4,INH2O,!WP1001!WP1002!WP1003!WP1006!WP1007!WP1014!hist14!CP1004,1
2026-07-15 13:35:35.0,1AB_SURGEA,FCVA153AL,LINE A TO SILO    B,TRANSPORT LIN,STATE,FAIL,ALM,3,,,,!WP1002!WP1011!WP1001!hist14!CP1020,1
2026-07-15 13:35:37.3,1PDF,SLPSL0001,PULV LOW SEAL AIR HDR DIFF PRESS,,LOABS,PULV LOW SEAL AIR HDR DIFF PRESS,ALM,1,3.96211,4,INH2O,!WP1001!WP1002!WP1003!WP1006!WP1007!WP1014!hist14!CP1004,1
2026-07-15 13:35:37.0,1AB_SURGEA,FCVA153AL,LINE A TO SILO    B,TRANSPORT LIN,STATE,OK,RTN,3,,,,!WP1002!WP1011!WP1001!hist14!CP1020,1
2026-07-15 13:36:16.3,1PDF,SLPSL0001,PULV LOW SEAL AIR HDR DIFF PRESS,,LOABS,PULV LOW SEAL AIR HDR DIFF PRESS,RTN,1,4.00488,4,INH2O,!WP1001!WP1002!WP1003!WP1006!WP1007!WP1014!hist14!CP1004,1
2026-07-15 13:36:19.3,1PDF,SLPSL0001,PULV LOW SEAL AIR HDR DIFF PRESS,,LOABS,PULV LOW SEAL AIR HDR DIFF PRESS,ALM,1,3.93779,4,INH2O,!WP1001!WP1002!WP1003!WP1006!WP1007!WP1014!hist14!CP1004,1
2026-07-15 13:36:24.3,1PDF,SLPSL0001,PULV LOW SEAL AIR HDR DIFF PRESS,,LOABS,PULV LOW SEAL AIR HDR DIFF PRESS,RTN,1,4.07988,4,INH2O,!WP1001!WP1002!WP1003!WP1006!WP1007!WP1014!hist14!CP1004,1
2026-07-15 13:36:27.3,1PDF,SLPSL0001,PULV LOW SEAL AIR HDR DIFF PRESS,,LOABS,PULV LOW SEAL AIR HDR DIFF PRESS,ALM,1,3.86777,4,INH2O,!WP1001!WP1002!WP1003!WP1006!WP1007!WP1014!hist14!CP1004,1
2026-07-15 13:37:08.3,1PDF,SLPSL0001,PULV LOW SEAL AIR HDR DIFF PRESS,,LOABS,PULV LOW SEAL AIR HDR DIFF PRESS,RTN,1,4.04766,4,INH2O,!WP1001!WP1002!WP1003!WP1006!WP1007!WP1014!hist14!CP1004,1
2026-07-15 13:37:09.3,1PDF,SLPSL0001,PULV LOW SEAL AIR HDR DIFF PRESS,,LOABS,PULV LOW SEAL AIR HDR DIFF PRESS,ALM,1,3.77783,4,INH2O,!WP1001!WP1002!WP1003!WP1006!WP1007!WP1014!hist14!CP1004,1
2026-07-15 13:38:42.3,1PDF,SLPSL0001,PULV LOW SEAL AIR HDR DIFF PRESS,,LOABS,PULV LOW SEAL AIR HDR DIFF PRESS,RTN,1,4.01631,4,INH2O,!WP1001!WP1002!WP1003!WP1006!WP1007!WP1014!hist14!CP1004,1
2026-07-15 13:39:45.8,1WB_DEV,AA_JJ_DEV,AUX AIR JJ ANY DEV,,STATE,DEVIATION,ALM,5,,,INH2O,,0
2026-07-15 13:40:33.3,1PDF,SLPSL0001,PULV LOW SEAL AIR HDR DIFF PRESS,,LOABS,PULV LOW SEAL AIR HDR DIFF PRESS,ALM,1,3.99961,4,INH2O,!WP1001!WP1002!WP1003!WP1006!WP1007!WP1014!hist14!CP1004,1
2026-07-15 13:40:34.3,1PDF,SLPSL0001,PULV LOW SEAL AIR HDR DIFF PRESS,,LOABS,PULV LOW SEAL AIR HDR DIFF PRESS,RTN,1,4.04326,4,INH2O,!WP1001!WP1002!WP1003!WP1006!WP1007!WP1014!hist14!CP1004,1
2026-07-15 13:40:41.3,1PDF,SLPSL0001,PULV LOW SEAL AIR HDR DIFF PRESS,,LOABS,PULV LOW SEAL AIR HDR DIFF PRESS,ALM,1,3.99521,4,INH2O,!WP1001!WP1002!WP1003!WP1006!WP1007!WP1014!hist14!CP1004,1
2026-07-15 13:41:18.3,1PDF,SLPSL0001,PULV LOW SEAL AIR HDR DIFF PRESS,,LOABS,PULV LOW SEAL AIR HDR DIFF PRESS,RTN,1,4.09307,4,INH2O,!WP1001!WP1002!WP1003!WP1006!WP1007!WP1014!hist14!CP1004,1
2026-07-15 13:41:19.3,1PDF,SLPSL0001,PULV LOW SEAL AIR HDR DIFF PRESS,,LOABS,PULV LOW SEAL AIR HDR DIFF PRESS,ALM,1,3.94482,4,INH2O,!WP1001!WP1002!WP1003!WP1006!WP1007!WP1014!hist14!CP1004,1
2026-07-15 13:41:20.3,1PDF,SLPSL0001,PULV LOW SEAL AIR HDR DIFF PRESS,,LOABS,PULV LOW SEAL AIR HDR DIFF PRESS,RTN,1,4.11856,4,INH2O,!WP1001!WP1002!WP1003!WP1006!WP1007!WP1014!hist14!CP1004,1
2026-07-15 13:41:21.3,1PDF,SLPSL0001,PULV LOW SEAL AIR HDR DIFF PRESS,,LOABS,PULV LOW SEAL AIR HDR DIFF PRESS,ALM,1,3.90146,4,INH2O,!WP1001!WP1002!WP1003!WP1006!WP1007!WP1014!hist14!CP1004,1
2026-07-15 13:42:11.3,1PDF,SLPSL0001,PULV LOW SEAL AIR HDR DIFF PRESS,,LOABS,PULV LOW SEAL AIR HDR DIFF PRESS,RTN,1,4.06553,4,INH2O,!WP1001!WP1002!WP1003!WP1006!WP1007!WP1014!hist14!CP1004,1
2026-07-15 13:42:12.3,1PDF,SLPSL0001,PULV LOW SEAL AIR HDR DIFF PRESS,,LOABS,PULV LOW SEAL AIR HDR DIFF PRESS,ALM,1,3.93897,4,INH2O,!WP1001!WP1002!WP1003!WP1006!WP1007!WP1014!hist14!CP1004,1
2026-07-15 13:42:15.3,1PDF,SLPSL0001,PULV LOW SEAL AIR HDR DIFF PRESS,,LOABS,PULV LOW SEAL AIR HDR DIFF PRESS,RTN,1,4.00195,4,INH2O,!WP1001!WP1002!WP1003!WP1006!WP1007!WP1014!hist14!CP1004,1
2026-07-15 13:42:16.3,1PDF,SLPSL0001,PULV LOW SEAL AIR HDR DIFF PRESS,,LOABS,PULV LOW SEAL AIR HDR DIFF PRESS,ALM,1,3.96064,4,INH2O,!WP1001!WP1002!WP1003!WP1006!WP1007!WP1014!hist14!CP1004,1
2026-07-15 13:42:17.3,1PDF,SLPSL0001,PULV LOW SEAL AIR HDR DIFF PRESS,,LOABS,PULV LOW SEAL AIR HDR DIFF PRESS,RTN,1,4.18799,4,INH2O,!WP1001!WP1002!WP1003!WP1006!WP1007!WP1014!hist14!CP1004,1
2026-07-15 13:42:20.3,1PDF,SLPSL0001,PULV LOW SEAL AIR HDR DIFF PRESS,,LOABS,PULV LOW SEAL AIR HDR DIFF PRESS,ALM,1,3.99902,4,INH2O,!WP1001!WP1002!WP1003!WP1006!WP1007!WP1014!hist14!CP1004,1
2026-07-15 13:42:21.3,1PDF,SLPSL0001,PULV LOW SEAL AIR HDR DIFF PRESS,,LOABS,PULV LOW SEAL AIR HDR DIFF PRESS,RTN,1,4.02041,4,INH2O,!WP1001!WP1002!WP1003!WP1006!WP1007!WP1014!hist14!CP1004,1
2026-07-15 13:42:22.3,1PDF,SLPSL0001,PULV LOW SEAL AIR HDR DIFF PRESS,,LOABS,PULV LOW SEAL AIR HDR DIFF PRESS,ALM,1,3.86045,4,INH2O,!WP1001!WP1002!WP1003!WP1006!WP1007!WP1014!hist14!CP1004,1
2026-07-15 13:42:53.3,1PDF,SLPSL0001,PULV LOW SEAL AIR HDR DIFF PRESS,,LOABS,PULV LOW SEAL AIR HDR DIFF PRESS,RTN,1,4.07813,4,INH2O,!WP1001!WP1002!WP1003!WP1006!WP1007!WP1014!hist14!CP1004,1
2026-07-15 13:44:20.3,1PDF,SLPSL0001,PULV LOW SEAL AIR HDR DIFF PRESS,,LOABS,PULV LOW SEAL AIR HDR DIFF PRESS,ALM,1,3.99961,4,INH2O,!WP1001!WP1002!WP1003!WP1006!WP1007!WP1014!hist14!CP1004,1
2026-07-15 13:44:21.3,1PDF,SLPSL0001,PULV LOW SEAL AIR HDR DIFF PRESS,,LOABS,PULV LOW SEAL AIR HDR DIFF PRESS,RTN,1,4.16016,4,INH2O,!WP1001!WP1002!WP1003!WP1006!WP1007!WP1014!hist14!CP1004,1
2026-07-15 13:45:10.3,1PDF,SLPSL0001,PULV LOW SEAL AIR HDR DIFF PRESS,,LOABS,PULV LOW SEAL AIR HDR DIFF PRESS,ALM,1,3.97207,4,INH2O,!WP1001!WP1002!WP1003!WP1006!WP1007!WP1014!hist14!CP1004,1
2026-07-15 13:45:11.3,1PDF,SLPSL0001,PULV LOW SEAL AIR HDR DIFF PRESS,,LOABS,PULV LOW SEAL AIR HDR DIFF PRESS,RTN,1,4.02363,4,INH2O,!WP1001!WP1002!WP1003!WP1006!WP1007!WP1014!hist14!CP1004,1
2026-07-15 13:45:12.3,1PDF,SLPSL0001,PULV LOW SEAL AIR HDR DIFF PRESS,,LOABS,PULV LOW SEAL AIR HDR DIFF PRESS,ALM,1,3.9583,4,INH2O,!WP1001!WP1002!WP1003!WP1006!WP1007!WP1014!hist14!CP1004,1
2026-07-15 13:45:13.3,1PDF,SLPSL0001,PULV LOW SEAL AIR HDR DIFF PRESS,,LOABS,PULV LOW SEAL AIR HDR DIFF PRESS,RTN,1,4.03125,4,INH2O,!WP1001!WP1002!WP1003!WP1006!WP1007!WP1014!hist14!CP1004,1
2026-07-15 13:45:17.3,1PDF,SLPSL0001,PULV LOW SEAL AIR HDR DIFF PRESS,,LOABS,PULV LOW SEAL AIR HDR DIFF PRESS,ALM,1,3.98994,4,INH2O,!WP1001!WP1002!WP1003!WP1006!WP1007!WP1014!hist14!CP1004,1
2026-07-15 13:45:18.3,1PDF,SLPSL0001,PULV LOW SEAL AIR HDR DIFF PRESS,,LOABS,PULV LOW SEAL AIR HDR DIFF PRESS,RTN,1,4.01631,4,INH2O,!WP1001!WP1002!WP1003!WP1006!WP1007!WP1014!hist14!CP1004,1
2026-07-15 13:45:19.3,1PDF,SLPSL0001,PULV LOW SEAL AIR HDR DIFF PRESS,,LOABS,PULV LOW SEAL AIR HDR DIFF PRESS,ALM,1,3.83936,4,INH2O,!WP1001!WP1002!WP1003!WP1006!WP1007!WP1014!hist14!CP1004,1
2026-07-15 13:45:28.3,1PDF,SLPSL0001,PULV LOW SEAL AIR HDR DIFF PRESS,,LOABS,PULV LOW SEAL AIR HDR DIFF PRESS,RTN,1,4.01484,4,INH2O,!WP1001!WP1002!WP1003!WP1006!WP1007!WP1014!hist14!CP1004,1
2026-07-15 13:45:29.3,1PDF,SLPSL0001,PULV LOW SEAL AIR HDR DIFF PRESS,,LOABS,PULV LOW SEAL AIR HDR DIFF PRESS,ALM,1,3.96885,4,INH2O,!WP1001!WP1002!WP1003!WP1006!WP1007!WP1014!hist14!CP1004,1
2026-07-15 13:45:30.3,1PDF,SLPSL0001,PULV LOW SEAL AIR HDR DIFF PRESS,,LOABS,PULV LOW SEAL AIR HDR DIFF PRESS,RTN,1,4.0957,4,INH2O,!WP1001!WP1002!WP1003!WP1006!WP1007!WP1014!hist14!CP1004,1
2026-07-15 13:45:44.3,1PDF,SLPSL0001,PULV LOW SEAL AIR HDR DIFF PRESS,,LOABS,PULV LOW SEAL AIR HDR DIFF PRESS,ALM,1,3.97969,4,INH2O,!WP1001!WP1002!WP1003!WP1006!WP1007!WP1014!hist14!CP1004,1
2026-07-15 13:46:23.3,1PDF,SLPSL0001,PULV LOW SEAL AIR HDR DIFF PRESS,,LOABS,PULV LOW SEAL AIR HDR DIFF PRESS,RTN,1,4.0834,4,INH2O,!WP1001!WP1002!WP1003!WP1006!WP1007!WP1014!hist14!CP1004,1
2026-07-15 13:46:24.3,1PDF,SLPSL0001,PULV LOW SEAL AIR HDR DIFF PRESS,,LOABS,PULV LOW SEAL AIR HDR DIFF PRESS,ALM,1,3.96943,4,INH2O,!WP1001!WP1002!WP1003!WP1006!WP1007!WP1014!hist14!CP1004,1
2026-07-15 13:46:25.3,1PDF,SLPSL0001,PULV LOW SEAL AIR HDR DIFF PRESS,,LOABS,PULV LOW SEAL AIR HDR DIFF PRESS,RTN,1,4.0374,4,INH2O,!WP1001!WP1002!WP1003!WP1006!WP1007!WP1014!hist14!CP1004,1
2026-07-15 13:46:26.3,1PDF,SLPSL0001,PULV LOW SEAL AIR HDR DIFF PRESS,,LOABS,PULV LOW SEAL AIR HDR DIFF PRESS,ALM,1,3.86455,4,INH2O,!WP1001!WP1002!WP1003!WP1006!WP1007!WP1014!hist14!CP1004,1
2026-07-15 13:46:27.3,1PDF,SLPSL0001,PULV LOW SEAL AIR HDR DIFF PRESS,,LOABS,PULV LOW SEAL AIR HDR DIFF PRESS,RTN,1,4.0043,4,INH2O,!WP1001!WP1002!WP1003!WP1006!WP1007!WP1014!hist14!CP1004,1
2026-07-15 13:46:28.3,1PDF,SLPSL0001,PULV LOW SEAL AIR HDR DIFF PRESS,,LOABS,PULV LOW SEAL AIR HDR DIFF PRESS,ALM,1,3.94365,4,INH2O,!WP1001!WP1002!WP1003!WP1006!WP1007!WP1014!hist14!CP1004,1
2026-07-15 13:46:29.3,1PDF,SLPSL0001,PULV LOW SEAL AIR HDR DIFF PRESS,,LOABS,PULV LOW SEAL AIR HDR DIFF PRESS,RTN,1,4.08896,4,INH2O,!WP1001!WP1002!WP1003!WP1006!WP1007!WP1014!hist14!CP1004,1
2026-07-15 13:46:32.3,1PDF,SLPSL0001,PULV LOW SEAL AIR HDR DIFF PRESS,,LOABS,PULV LOW SEAL AIR HDR DIFF PRESS,ALM,1,3.94482,4,INH2O,!WP1001!WP1002!WP1003!WP1006!WP1007!WP1014!hist14!CP1004,1
2026-07-15 13:46:33.3,1PDF,SLPSL0001,PULV LOW SEAL AIR HDR DIFF PRESS,,LOABS,PULV LOW SEAL AIR HDR DIFF PRESS,RTN,1,4.00371,4,INH2O,!WP1001!WP1002!WP1003!WP1006!WP1007!WP1014!hist14!CP1004,1
2026-07-15 13:46:34.3,1PDF,SLPSL0001,PULV LOW SEAL AIR HDR DIFF PRESS,,LOABS,PULV LOW SEAL AIR HDR DIFF PRESS,ALM,1,3.90791,4,INH2O,!WP1001!WP1002!WP1003!WP1006!WP1007!WP1014!hist14!CP1004,1
2026-07-15 13:46:38.3,1PDF,SLPSL0001,PULV LOW SEAL AIR HDR DIFF PRESS,,LOABS,PULV LOW SEAL AIR HDR DIFF PRESS,RTN,1,4.06846,4,INH2O,!WP1001!WP1002!WP1003!WP1006!WP1007!WP1014!hist14!CP1004,1
2026-07-15 13:46:39.3,1PDF,SLPSL0001,PULV LOW SEAL AIR HDR DIFF PRESS,,LOABS,PULV LOW SEAL AIR HDR DIFF PRESS,ALM,1,3.99492,4,INH2O,!WP1001!WP1002!WP1003!WP1006!WP1007!WP1014!hist14!CP1004,1
2026-07-15 13:46:48.2,1SEAL_AIR,PDI5735_ALM,BF B OUT DMPR SEAL CAV D/P LOW,,STATE,DP ALARM ACTIVE,ALM,3,,,,!WP1001!WP1002!WP1003!WP1006!WP1007!WP1014!hist14!CP1015,1
2026-07-15 13:47:13.3,1PDF,SLPSL0001,PULV LOW SEAL AIR HDR DIFF PRESS,,LOABS,PULV LOW SEAL AIR HDR DIFF PRESS,RTN,1,4.05645,4,INH2O,!WP1001!WP1002!WP1003!WP1006!WP1007!WP1014!hist14!CP1004,1
2026-07-15 13:47:14.3,1PDF,SLPSL0001,PULV LOW SEAL AIR HDR DIFF PRESS,,LOABS,PULV LOW SEAL AIR HDR DIFF PRESS,ALM,1,3.95039,4,INH2O,!WP1001!WP1002!WP1003!WP1006!WP1007!WP1014!hist14!CP1004,1
2026-07-15 13:47:20.3,1PDF,SLPSL0001,PULV LOW SEAL AIR HDR DIFF PRESS,,LOABS,PULV LOW SEAL AIR HDR DIFF PRESS,RTN,1,4.04238,4,INH2O,!WP1001!WP1002!WP1003!WP1006!WP1007!WP1014!hist14!CP1004,1
2026-07-15 13:47:23.3,1PDF,SLPSL0001,PULV LOW SEAL AIR HDR DIFF PRESS,,LOABS,PULV LOW SEAL AIR HDR DIFF PRESS,ALM,1,3.86807,4,INH2O,!WP1001!WP1002!WP1003!WP1006!WP1007!WP1014!hist14!CP1004,1
2026-07-15 13:47:33.7,1SEAL_AIR,PDI5735_ALM,BF B OUT DMPR SEAL CAV D/P LOW,,STATE,DP ALARM CLEAR,RTN,3,,,,!WP1001!WP1002!WP1003!WP1006!WP1007!WP1014!hist14!CP1015,1
2026-07-15 13:48:10.3,1PDF,SLPSL0001,PULV LOW SEAL AIR HDR DIFF PRESS,,LOABS,PULV LOW SEAL AIR HDR DIFF PRESS,RTN,1,4.01572,4,INH2O,!WP1001!WP1002!WP1003!WP1006!WP1007!WP1014!hist14!CP1004,1
2026-07-15 13:48:13.3,1PDF,SLPSL0001,PULV LOW SEAL AIR HDR DIFF PRESS,,LOABS,PULV LOW SEAL AIR HDR DIFF PRESS,ALM,1,3.86221,4,INH2O,!WP1001!WP1002!WP1003!WP1006!WP1007!WP1014!hist14!CP1004,1
2026-07-15 13:48:53.3,1PDF,SLPSL0001,PULV LOW SEAL AIR HDR DIFF PRESS,,LOABS,PULV LOW SEAL AIR HDR DIFF PRESS,RTN,1,4.0166,4,INH2O,!WP1001!WP1002!WP1003!WP1006!WP1007!WP1014!hist14!CP1004,1
2026-07-15 13:48:57.3,1PDF,SLPSL0001,PULV LOW SEAL AIR HDR DIFF PRESS,,LOABS,PULV LOW SEAL AIR HDR DIFF PRESS,ALM,1,3.88828,4,INH2O,!WP1001!WP1002!WP1003!WP1006!WP1007!WP1014!hist14!CP1004,1
2026-07-15 13:49:01.3,1PDF,SLPSL0001,PULV LOW SEAL AIR HDR DIFF PRESS,,LOABS,PULV LOW SEAL AIR HDR DIFF PRESS,RTN,1,4.0667,4,INH2O,!WP1001!WP1002!WP1003!WP1006!WP1007!WP1014!hist14!CP1004,1
2026-07-15 13:49:04.3,1PDF,SLPSL0001,PULV LOW SEAL AIR HDR DIFF PRESS,,LOABS,PULV LOW SEAL AIR HDR DIFF PRESS,ALM,1,3.97646,4,INH2O,!WP1001!WP1002!WP1003!WP1006!WP1007!WP1014!hist14!CP1004,1
2026-07-15 13:49:11.3,1PDF,SLPSL0001,PULV LOW SEAL AIR HDR DIFF PRESS,,LOABS,PULV LOW SEAL AIR HDR DIFF PRESS,RTN,1,4.0333,4,INH2O,!WP1001!WP1002!WP1003!WP1006!WP1007!WP1014!hist14!CP1004,1
2026-07-15 13:49:12.3,1PDF,SLPSL0001,PULV LOW SEAL AIR HDR DIFF PRESS,,LOABS,PULV LOW SEAL AIR HDR DIFF PRESS,ALM,1,3.91084,4,INH2O,!WP1001!WP1002!WP1003!WP1006!WP1007!WP1014!hist14!CP1004,1
2026-07-15 13:49:26.3,1PDF,SLPSL0001,PULV LOW SEAL AIR HDR DIFF PRESS,,LOABS,PULV LOW SEAL AIR HDR DIFF PRESS,RTN,1,4.14053,4,INH2O,!WP1001!WP1002!WP1003!WP1006!WP1007!WP1014!hist14!CP1004,1
2026-07-15 13:49:29.3,1PDF,SLPSL0001,PULV LOW SEAL AIR HDR DIFF PRESS,,LOABS,PULV LOW SEAL AIR HDR DIFF PRESS,ALM,1,3.93105,4,INH2O,!WP1001!WP1002!WP1003!WP1006!WP1007!WP1014!hist14!CP1004,1
2026-07-15 13:49:30.3,1PDF,SLPSL0001,PULV LOW SEAL AIR HDR DIFF PRESS,,LOABS,PULV LOW SEAL AIR HDR DIFF PRESS,RTN,1,4.01133,4,INH2O,!WP1001!WP1002!WP1003!WP1006!WP1007!WP1014!hist14!CP1004,1
2026-07-15 13:49:31.3,1PDF,SLPSL0001,PULV LOW SEAL AIR HDR DIFF PRESS,,LOABS,PULV LOW SEAL AIR HDR DIFF PRESS,ALM,1,3.88477,4,INH2O,!WP1001!WP1002!WP1003!WP1006!WP1007!WP1014!hist14!CP1004,1
2026-07-15 13:49:36.3,1PDF,SLPSL0001,PULV LOW SEAL AIR HDR DIFF PRESS,,LOABS,PULV LOW SEAL AIR HDR DIFF PRESS,RTN,1,4.05791,4,INH2O,!WP1001!WP1002!WP1003!WP1006!WP1007!WP1014!hist14!CP1004,1
2026-07-15 13:49:37.3,1PDF,SLPSL0001,PULV LOW SEAL AIR HDR DIFF PRESS,,LOABS,PULV LOW SEAL AIR HDR DIFF PRESS,ALM,1,3.99463,4,INH2O,!WP1001!WP1002!WP1003!WP1006!WP1007!WP1014!hist14!CP1004,1
2026-07-15 13:49:38.3,1PDF,SLPSL0001,PULV LOW SEAL AIR HDR DIFF PRESS,,LOABS,PULV LOW SEAL AIR HDR DIFF PRESS,RTN,1,4.09951,4,INH2O,!WP1001!WP1002!WP1003!WP1006!WP1007!WP1014!hist14!CP1004,1
2026-07-15 13:51:12.3,1PDF,SLPSL0001,PULV LOW SEAL AIR HDR DIFF PRESS,,LOABS,PULV LOW SEAL AIR HDR DIFF PRESS,ALM,1,3.95098,4,INH2O,!WP1001!WP1002!WP1003!WP1006!WP1007!WP1014!hist14!CP1004,1
2026-07-15 13:51:13.3,1PDF,SLPSL0001,PULV LOW SEAL AIR HDR DIFF PRESS,,LOABS,PULV LOW SEAL AIR HDR DIFF PRESS,RTN,1,4.00488,4,INH2O,!WP1001!WP1002!WP1003!WP1006!WP1007!WP1014!hist14!CP1004,1
2026-07-15 13:51:14.3,1PDF,SLPSL0001,PULV LOW SEAL AIR HDR DIFF PRESS,,LOABS,PULV LOW SEAL AIR HDR DIFF PRESS,ALM,1,3.93076,4,INH2O,!WP1001!WP1002!WP1003!WP1006!WP1007!WP1014!hist14!CP1004,1
2026-07-15 13:51:17.3,1PDF,SLPSL0001,PULV LOW SEAL AIR HDR DIFF PRESS,,LOABS,PULV LOW SEAL AIR HDR DIFF PRESS,RTN,1,4.15166,4,INH2O,!WP1001!WP1002!WP1003!WP1006!WP1007!WP1014!hist14!CP1004,1
2026-07-15 13:51:37.3,1PDF,SLPSL0001,PULV LOW SEAL AIR HDR DIFF PRESS,,LOABS,PULV LOW SEAL AIR HDR DIFF PRESS,ALM,1,3.94131,4,INH2O,!WP1001!WP1002!WP1003!WP1006!WP1007!WP1014!hist14!CP1004,1
2026-07-15 13:51:40.3,1PDF,SLPSL0001,PULV LOW SEAL AIR HDR DIFF PRESS,,LOABS,PULV LOW SEAL AIR HDR DIFF PRESS,RTN,1,4.01309,4,INH2O,!WP1001!WP1002!WP1003!WP1006!WP1007!WP1014!hist14!CP1004,1
2026-07-15 13:51:41.3,1PDF,SLPSL0001,PULV LOW SEAL AIR HDR DIFF PRESS,,LOABS,PULV LOW SEAL AIR HDR DIFF PRESS,ALM,1,3.99023,4,INH2O,!WP1001!WP1002!WP1003!WP1006!WP1007!WP1014!hist14!CP1004,1
2026-07-15 13:51:42.3,1PDF,SLPSL0001,PULV LOW SEAL AIR HDR DIFF PRESS,,LOABS,PULV LOW SEAL AIR HDR DIFF PRESS,RTN,1,4.0623,4,INH2O,!WP1001!WP1002!WP1003!WP1006!WP1007!WP1014!hist14!CP1004,1
2026-07-15 13:51:43.3,1PDF,SLPSL0001,PULV LOW SEAL AIR HDR DIFF PRESS,,LOABS,PULV LOW SEAL AIR HDR DIFF PRESS,ALM,1,3.96621,4,INH2O,!WP1001!WP1002!WP1003!WP1006!WP1007!WP1014!hist14!CP1004,1
2026-07-15 13:51:44.3,1PDF,SLPSL0001,PULV LOW SEAL AIR HDR DIFF PRESS,,LOABS,PULV LOW SEAL AIR HDR DIFF PRESS,RTN,1,4.004,4,INH2O,!WP1001!WP1002!WP1003!WP1006!WP1007!WP1014!hist14!CP1004,1
2026-07-15 13:51:45.3,1PDF,SLPSL0001,PULV LOW SEAL AIR HDR DIFF PRESS,,LOABS,PULV LOW SEAL AIR HDR DIFF PRESS,ALM,1,3.87568,4,INH2O,!WP1001!WP1002!WP1003!WP1006!WP1007!WP1014!hist14!CP1004,1
2026-07-15 13:51:54.7,1SEAL_AIR,PDI5735_ALM,BF B OUT DMPR SEAL CAV D/P LOW,,STATE,DP ALARM ACTIVE,ALM,3,,,,!WP1001!WP1002!WP1003!WP1006!WP1007!WP1014!hist14!CP1015,1
2026-07-15 13:52:09.3,1PDF,SLPSL0001,PULV LOW SEAL AIR HDR DIFF PRESS,,LOABS,PULV LOW SEAL AIR HDR DIFF PRESS,RTN,1,4.00371,4,INH2O,!WP1001!WP1002!WP1003!WP1006!WP1007!WP1014!hist14!CP1004,1
2026-07-15 13:52:11.3,1PDF,SLPSL0001,PULV LOW SEAL AIR HDR DIFF PRESS,,LOABS,PULV LOW SEAL AIR HDR DIFF PRESS,ALM,1,3.92871,4,INH2O,!WP1001!WP1002!WP1003!WP1006!WP1007!WP1014!hist14!CP1004,1
2026-07-15 13:52:12.3,1PDF,SLPSL0001,PULV LOW SEAL AIR HDR DIFF PRESS,,LOABS,PULV LOW SEAL AIR HDR DIFF PRESS,RTN,1,4.02393,4,INH2O,!WP1001!WP1002!WP1003!WP1006!WP1007!WP1014!hist14!CP1004,1
2026-07-15 13:52:13.3,1PDF,SLPSL0001,PULV LOW SEAL AIR HDR DIFF PRESS,,LOABS,PULV LOW SEAL AIR HDR DIFF PRESS,ALM,1,3.99902,4,INH2O,!WP1001!WP1002!WP1003!WP1006!WP1007!WP1014!hist14!CP1004,1
2026-07-15 13:52:14.3,1PDF,SLPSL0001,PULV LOW SEAL AIR HDR DIFF PRESS,,LOABS,PULV LOW SEAL AIR HDR DIFF PRESS,RTN,1,4.07637,4,INH2O,!WP1001!WP1002!WP1003!WP1006!WP1007!WP1014!hist14!CP1004,1
2026-07-15 13:52:19.3,1PDF,SLPSL0001,PULV LOW SEAL AIR HDR DIFF PRESS,,LOABS,PULV LOW SEAL AIR HDR DIFF PRESS,ALM,1,3.9501,4,INH2O,!WP1001!WP1002!WP1003!WP1006!WP1007!WP1014!hist14!CP1004,1
2026-07-15 13:52:20.3,1PDF,SLPSL0001,PULV LOW SEAL AIR HDR DIFF PRESS,,LOABS,PULV LOW SEAL AIR HDR DIFF PRESS,RTN,1,4.08604,4,INH2O,!WP1001!WP1002!WP1003!WP1006!WP1007!WP1014!hist14!CP1004,1
2026-07-15 13:52:27.2,1FG_A,ZSH5601A,BF A BLADE PITCH,,HIABS,BLADE PITCH ALARM,ALM,3,70.0332,70,%,!WP1001!WP1002!WP1003!WP1006!WP1007!WP1014!hist14!CP1015,1
2026-07-15 13:52:34.3,1PDF,SLPSL0001,PULV LOW SEAL AIR HDR DIFF PRESS,,LOABS,PULV LOW SEAL AIR HDR DIFF PRESS,ALM,1,3.99492,4,INH2O,!WP1001!WP1002!WP1003!WP1006!WP1007!WP1014!hist14!CP1004,1
2026-07-15 13:52:37.7,1FG_B,ZSH5701A,BF B BLADE PITCH,,HIABS,BLADE PITCH ALARM,ALM,3,70.002,70,%,!WP1001!WP1002!WP1003!WP1006!WP1007!WP1014!hist14!CP1015,1
2026-07-15 13:52:43.3,1PDF,SLPSL0001,PULV LOW SEAL AIR HDR DIFF PRESS,,LOABS,PULV LOW SEAL AIR HDR DIFF PRESS,RTN,1,4.03564,4,INH2O,!WP1001!WP1002!WP1003!WP1006!WP1007!WP1014!hist14!CP1004,1
2026-07-15 13:52:44.3,1PDF,SLPSL0001,PULV LOW SEAL AIR HDR DIFF PRESS,,LOABS,PULV LOW SEAL AIR HDR DIFF PRESS,ALM,1,3.89912,4,INH2O,!WP1001!WP1002!WP1003!WP1006!WP1007!WP1014!hist14!CP1004,1
2026-07-15 13:52:47.3,1PDF,SLPSL0001,PULV LOW SEAL AIR HDR DIFF PRESS,,LOABS,PULV LOW SEAL AIR HDR DIFF PRESS,RTN,1,4.07139,4,INH2O,!WP1001!WP1002!WP1003!WP1006!WP1007!WP1014!hist14!CP1004,1
2026-07-15 13:52:50.3,1PDF,SLPSL0001,PULV LOW SEAL AIR HDR DIFF PRESS,,LOABS,PULV LOW SEAL AIR HDR DIFF PRESS,ALM,1,3.91055,4,INH2O,!WP1001!WP1002!WP1003!WP1006!WP1007!WP1014!hist14!CP1004,1
2026-07-15 13:52:56.3,1PDF,SLPSL0001,PULV LOW SEAL AIR HDR DIFF PRESS,,LOABS,PULV LOW SEAL AIR HDR DIFF PRESS,RTN,1,4.05439,4,INH2O,!WP1001!WP1002!WP1003!WP1006!WP1007!WP1014!hist14!CP1004,1
2026-07-15 13:52:57.3,1PDF,SLPSL0001,PULV LOW SEAL AIR HDR DIFF PRESS,,LOABS,PULV LOW SEAL AIR HDR DIFF PRESS,ALM,1,3.96592,4,INH2O,!WP1001!WP1002!WP1003!WP1006!WP1007!WP1014!hist14!CP1004,1
2026-07-15 13:52:58.3,1PDF,SLPSL0001,PULV LOW SEAL AIR HDR DIFF PRESS,,LOABS,PULV LOW SEAL AIR HDR DIFF PRESS,RTN,1,4.04648,4,INH2O,!WP1001!WP1002!WP1003!WP1006!WP1007!WP1014!hist14!CP1004,1
2026-07-15 13:52:59.3,1PDF,SLPSL0001,PULV LOW SEAL AIR HDR DIFF PRESS,,LOABS,PULV LOW SEAL AIR HDR DIFF PRESS,ALM,1,3.97676,4,INH2O,!WP1001!WP1002!WP1003!WP1006!WP1007!WP1014!hist14!CP1004,1
2026-07-15 13:53:00.3,1PDF,SLPSL0001,PULV LOW SEAL AIR HDR DIFF PRESS,,LOABS,PULV LOW SEAL AIR HDR DIFF PRESS,RTN,1,4.06846,4,INH2O,!WP1001!WP1002!WP1003!WP1006!WP1007!WP1014!hist14!CP1004,1
2026-07-15 13:53:01.3,1PDF,SLPSL0001,PULV LOW SEAL AIR HDR DIFF PRESS,,LOABS,PULV LOW SEAL AIR HDR DIFF PRESS,ALM,1,3.97822,4,INH2O,!WP1001!WP1002!WP1003!WP1006!WP1007!WP1014!hist14!CP1004,1
2026-07-15 13:53:02.3,1PDF,SLPSL0001,PULV LOW SEAL AIR HDR DIFF PRESS,,LOABS,PULV LOW SEAL AIR HDR DIFF PRESS,RTN,1,4.15078,4,INH2O,!WP1001!WP1002!WP1003!WP1006!WP1007!WP1014!hist14!CP1004,1
2026-07-15 13:53:18.3,1PDF,SLPSL0001,PULV LOW SEAL AIR HDR DIFF PRESS,,LOABS,PULV LOW SEAL AIR HDR DIFF PRESS,ALM,1,3.91641,4,INH2O,!WP1001!WP1002!WP1003!WP1006!WP1007!WP1014!hist14!CP1004,1
2026-07-15 13:53:21.3,1PDF,SLPSL0001,PULV LOW SEAL AIR HDR DIFF PRESS,,LOABS,PULV LOW SEAL AIR HDR DIFF PRESS,RTN,1,4.03535,4,INH2O,!WP1001!WP1002!WP1003!WP1006!WP1007!WP1014!hist14!CP1004,1
2026-07-15 13:53:22.3,1PDF,SLPSL0001,PULV LOW SEAL AIR HDR DIFF PRESS,,LOABS,PULV LOW SEAL AIR HDR DIFF PRESS,ALM,1,3.95303,4,INH2O,!WP1001!WP1002!WP1003!WP1006!WP1007!WP1014!hist14!CP1004,1
2026-07-15 13:53:23.3,1PDF,SLPSL0001,PULV LOW SEAL AIR HDR DIFF PRESS,,LOABS,PULV LOW SEAL AIR HDR DIFF PRESS,RTN,1,4.00605,4,INH2O,!WP1001!WP1002!WP1003!WP1006!WP1007!WP1014!hist14!CP1004,1
2026-07-15 13:53:24.3,1PDF,SLPSL0001,PULV LOW SEAL AIR HDR DIFF PRESS,,LOABS,PULV LOW SEAL AIR HDR DIFF PRESS,ALM,1,3.92432,4,INH2O,!WP1001!WP1002!WP1003!WP1006!WP1007!WP1014!hist14!CP1004,1
2026-07-15 13:53:25.3,1PDF,SLPSL0001,PULV LOW SEAL AIR HDR DIFF PRESS,,LOABS,PULV LOW SEAL AIR HDR DIFF PRESS,RTN,1,4.0084,4,INH2O,!WP1001!WP1002!WP1003!WP1006!WP1007!WP1014!hist14!CP1004,1
2026-07-15 13:53:26.3,1PDF,SLPSL0001,PULV LOW SEAL AIR HDR DIFF PRESS,,LOABS,PULV LOW SEAL AIR HDR DIFF PRESS,ALM,1,3.84522,4,INH2O,!WP1001!WP1002!WP1003!WP1006!WP1007!WP1014!hist14!CP1004,1
2026-07-15 13:53:53.3,1PDF,SLPSL0001,PULV LOW SEAL AIR HDR DIFF PRESS,,LOABS,PULV LOW SEAL AIR HDR DIFF PRESS,RTN,1,4.02481,4,INH2O,!WP1001!WP1002!WP1003!WP1006!WP1007!WP1014!hist14!CP1004,1
2026-07-15 13:53:54.3,1PDF,SLPSL0001,PULV LOW SEAL AIR HDR DIFF PRESS,,LOABS,PULV LOW SEAL AIR HDR DIFF PRESS,ALM,1,3.98848,4,INH2O,!WP1001!WP1002!WP1003!WP1006!WP1007!WP1014!hist14!CP1004,1
2026-07-15 13:53:55.3,1PDF,SLPSL0001,PULV LOW SEAL AIR HDR DIFF PRESS,,LOABS,PULV LOW SEAL AIR HDR DIFF PRESS,RTN,1,4.04092,4,INH2O,!WP1001!WP1002!WP1003!WP1006!WP1007!WP1014!hist14!CP1004,1
2026-07-15 13:54:00.3,1PDF,SLPSL0001,PULV LOW SEAL AIR HDR DIFF PRESS,,LOABS,PULV LOW SEAL AIR HDR DIFF PRESS,ALM,1,3.87979,4,INH2O,!WP1001!WP1002!WP1003!WP1006!WP1007!WP1014!hist14!CP1004,1
2026-07-15 13:54:03.3,1PDF,SLPSL0001,PULV LOW SEAL AIR HDR DIFF PRESS,,LOABS,PULV LOW SEAL AIR HDR DIFF PRESS,RTN,1,4.04619,4,INH2O,!WP1001!WP1002!WP1003!WP1006!WP1007!WP1014!hist14!CP1004,1
2026-07-15 13:54:06.3,1PDF,SLPSL0001,PULV LOW SEAL AIR HDR DIFF PRESS,,LOABS,PULV LOW SEAL AIR HDR DIFF PRESS,ALM,1,3.91992,4,INH2O,!WP1001!WP1002!WP1003!WP1006!WP1007!WP1014!hist14!CP1004,1
2026-07-15 13:54:27.5,1DAS11,ISPSH1131,LIGHTER OIL SUPPLY PRESS ALM,,HIABS,HI LIGHTER OIL SUPPLY PRESS,ALM,1,256.963,175,KPH,!WP1002!WP1006!WP1007!WP1001!WP1003!WP1014!hist14!CP1008,1
2026-07-15 13:55:37.3,1PDF,SLPSL0001,PULV LOW SEAL AIR HDR DIFF PRESS,,LOABS,PULV LOW SEAL AIR HDR DIFF PRESS,RTN,1,4.03389,4,INH2O,!WP1001!WP1002!WP1003!WP1006!WP1007!WP1014!hist14!CP1004,1
2026-07-15 13:55:39.3,1PDF,SLPSL0001,PULV LOW SEAL AIR HDR DIFF PRESS,,LOABS,PULV LOW SEAL AIR HDR DIFF PRESS,ALM,1,3.87041,4,INH2O,!WP1001!WP1002!WP1003!WP1006!WP1007!WP1014!hist14!CP1004,1
2026-07-15 13:55:44.3,1PDF,SLPSL0001,PULV LOW SEAL AIR HDR DIFF PRESS,,LOABS,PULV LOW SEAL AIR HDR DIFF PRESS,RTN,1,4.10215,4,INH2O,!WP1001!WP1002!WP1003!WP1006!WP1007!WP1014!hist14!CP1004,1
2026-07-15 13:55:47.3,1PDF,SLPSL0001,PULV LOW SEAL AIR HDR DIFF PRESS,,LOABS,PULV LOW SEAL AIR HDR DIFF PRESS,ALM,1,3.98848,4,INH2O,!WP1001!WP1002!WP1003!WP1006!WP1007!WP1014!hist14!CP1004,1
2026-07-15 13:55:48.3,1PDF,SLPSL0001,PULV LOW SEAL AIR HDR DIFF PRESS,,LOABS,PULV LOW SEAL AIR HDR DIFF PRESS,RTN,1,4.08721,4,INH2O,!WP1001!WP1002!WP1003!WP1006!WP1007!WP1014!hist14!CP1004,1
2026-07-15 13:55:49.3,1PDF,SLPSL0001,PULV LOW SEAL AIR HDR DIFF PRESS,,LOABS,PULV LOW SEAL AIR HDR DIFF PRESS,ALM,1,3.92871,4,INH2O,!WP1001!WP1002!WP1003!WP1006!WP1007!WP1014!hist14!CP1004,1
2026-07-15 13:55:52.3,1PDF,SLPSL0001,PULV LOW SEAL AIR HDR DIFF PRESS,,LOABS,PULV LOW SEAL AIR HDR DIFF PRESS,RTN,1,4.05205,4,INH2O,!WP1001!WP1002!WP1003!WP1006!WP1007!WP1014!hist14!CP1004,1
2026-07-15 13:55:53.3,1PDF,SLPSL0001,PULV LOW SEAL AIR HDR DIFF PRESS,,LOABS,PULV LOW SEAL AIR HDR DIFF PRESS,ALM,1,3.975,4,INH2O,!WP1001!WP1002!WP1003!WP1006!WP1007!WP1014!hist14!CP1004,1
2026-07-15 13:55:54.3,1PDF,SLPSL0001,PULV LOW SEAL AIR HDR DIFF PRESS,,LOABS,PULV LOW SEAL AIR HDR DIFF PRESS,RTN,1,4.06494,4,INH2O,!WP1001!WP1002!WP1003!WP1006!WP1007!WP1014!hist14!CP1004,1
2026-07-15 13:55:55.3,1PDF,SLPSL0001,PULV LOW SEAL AIR HDR DIFF PRESS,,LOABS,PULV LOW SEAL AIR HDR DIFF PRESS,ALM,1,3.91758,4,INH2O,!WP1001!WP1002!WP1003!WP1006!WP1007!WP1014!hist14!CP1004,1
2026-07-15 13:56:09.3,1PDF,SLPSL0001,PULV LOW SEAL AIR HDR DIFF PRESS,,LOABS,PULV LOW SEAL AIR HDR DIFF PRESS,RTN,1,4.03564,4,INH2O,!WP1001!WP1002!WP1003!WP1006!WP1007!WP1014!hist14!CP1004,1
2026-07-15 13:56:10.3,1PDF,SLPSL0001,PULV LOW SEAL AIR HDR DIFF PRESS,,LOABS,PULV LOW SEAL AIR HDR DIFF PRESS,ALM,1,3.93018,4,INH2O,!WP1001!WP1002!WP1003!WP1006!WP1007!WP1014!hist14!CP1004,1
2026-07-15 13:56:11.3,1PDF,SLPSL0001,PULV LOW SEAL AIR HDR DIFF PRESS,,LOABS,PULV LOW SEAL AIR HDR DIFF PRESS,RTN,1,4.01514,4,INH2O,!WP1001!WP1002!WP1003!WP1006!WP1007!WP1014!hist14!CP1004,1
2026-07-15 13:56:12.3,1PDF,SLPSL0001,PULV LOW SEAL AIR HDR DIFF PRESS,,LOABS,PULV LOW SEAL AIR HDR DIFF PRESS,ALM,1,3.95156,4,INH2O,!WP1001!WP1002!WP1003!WP1006!WP1007!WP1014!hist14!CP1004,1
2026-07-15 13:56:13.3,1PDF,SLPSL0001,PULV LOW SEAL AIR HDR DIFF PRESS,,LOABS,PULV LOW SEAL AIR HDR DIFF PRESS,RTN,1,4.00313,4,INH2O,!WP1001!WP1002!WP1003!WP1006!WP1007!WP1014!hist14!CP1004,1
2026-07-15 13:56:14.3,1PDF,SLPSL0001,PULV LOW SEAL AIR HDR DIFF PRESS,,LOABS,PULV LOW SEAL AIR HDR DIFF PRESS,ALM,1,3.91934,4,INH2O,!WP1001!WP1002!WP1003!WP1006!WP1007!WP1014!hist14!CP1004,1
2026-07-15 13:56:24.3,1PDF,SLPSL0001,PULV LOW SEAL AIR HDR DIFF PRESS,,LOABS,PULV LOW SEAL AIR HDR DIFF PRESS,RTN,1,4.04531,4,INH2O,!WP1001!WP1002!WP1003!WP1006!WP1007!WP1014!hist14!CP1004,1
2026-07-15 13:58:31.3,1PDF,SLPSL0001,PULV LOW SEAL AIR HDR DIFF PRESS,,LOABS,PULV LOW SEAL AIR HDR DIFF PRESS,ALM,1,3.97207,4,INH2O,!WP1001!WP1002!WP1003!WP1006!WP1007!WP1014!hist14!CP1004,1
2026-07-15 13:58:32.3,1PDF,SLPSL0001,PULV LOW SEAL AIR HDR DIFF PRESS,,LOABS,PULV LOW SEAL AIR HDR DIFF PRESS,RTN,1,4.07637,4,INH2O,!WP1001!WP1002!WP1003!WP1006!WP1007!WP1014!hist14!CP1004,1
2026-07-15 13:58:35.3,1PDF,SLPSL0001,PULV LOW SEAL AIR HDR DIFF PRESS,,LOABS,PULV LOW SEAL AIR HDR DIFF PRESS,ALM,1,3.96563,4,INH2O,!WP1001!WP1002!WP1003!WP1006!WP1007!WP1014!hist14!CP1004,1
2026-07-15 13:58:36.3,1PDF,SLPSL0001,PULV LOW SEAL AIR HDR DIFF PRESS,,LOABS,PULV LOW SEAL AIR HDR DIFF PRESS,RTN,1,4.01953,4,INH2O,!WP1001!WP1002!WP1003!WP1006!WP1007!WP1014!hist14!CP1004,1
2026-07-15 13:58:37.3,1PDF,SLPSL0001,PULV LOW SEAL AIR HDR DIFF PRESS,,LOABS,PULV LOW SEAL AIR HDR DIFF PRESS,ALM,1,3.9123,4,INH2O,!WP1001!WP1002!WP1003!WP1006!WP1007!WP1014!hist14!CP1004,1
2026-07-15 13:58:55.6,1AR_LS,DEV_5803,LS SYS B,,STATE,VALVE 5803 DEVIATION,ALM,3,,,,!WP1001!WP1002!WP1003!WP1006!WP1007!WP1014!hist14!CP1017,1
2026-07-15 13:59:02.2,1BCS_7,IKTE3741,REHEAT TEMP LEFT (REDUNDANT),,HIABS,HIGH,ALM,1,1012.2,1012.18,DEG.F,!WP1002!WP1006!WP1007!WP1001!WP1003!WP1014!hist14!CP1007,1
2026-07-15 13:59:06.2,1BCS_7,IKTE3441,REHEAT TEMP LEFT (NORM),,HIABS,HIGH,ALM,1,1012.2,1012.18,DEG.F,!WP1002!WP1006!WP1007!WP1001!WP1003!WP1014!hist14!CP1007,1
2026-07-15 13:59:10.0,IDFAN_PEEC,OPCY_ALM,PRECIP OUT > 50%,PRECIP OUTLET,STATE,ALARM,ALM,3,,,,!WP1001!WP1002!WP1003!WP1006!WP1007!WP1014!hist14!CP1003,1
2026-07-15 13:59:15.5,IDFAN_PEEC,OPCY_ALM,PRECIP OUT > 50%,PRECIP OUTLET,STATE,NORMAL,RTN,3,,,,!WP1001!WP1002!WP1003!WP1006!WP1007!WP1014!hist14!CP1003,1
2026-07-15 13:59:50.1,1AR_LS,DEV_5803,LS SYS B,,STATE,,RTN,3,,,,!WP1001!WP1002!WP1003!WP1006!WP1007!WP1014!hist14!CP1017,1
2026-07-15 14:00:22.7,1BCS_7,IKTE3441,REHEAT TEMP LEFT (NORM),,HIABS,HIGH,RTN,1,1007.14,1012.18,DEG.F,!WP1002!WP1006!WP1007!WP1001!WP1003!WP1014!hist14!CP1007,1
2026-07-15 14:00:26.2,1BCS_7,IKTE3741,REHEAT TEMP LEFT (REDUNDANT),,HIABS,HIGH,RTN,1,1007.16,1012.18,DEG.F,!WP1002!WP1006!WP1007!WP1001!WP1003!WP1014!hist14!CP1007,1
2026-07-15 14:00:36.3,1MA,B37,MILL A TEMP,,HIABS,>145 DEGF,ALM,1,145.267,145,DEGF,!WP1001!WP1002!WP1003!WP1006!WP1007!WP1014!hist14!CP1001,1
2026-07-15 14:01:26.3,1PDF,SLPSL0001,PULV LOW SEAL AIR HDR DIFF PRESS,,LOABS,PULV LOW SEAL AIR HDR DIFF PRESS,RTN,1,4.0084,4,INH2O,!WP1001!WP1002!WP1003!WP1006!WP1007!WP1014!hist14!CP1004,1
2026-07-15 14:01:27.3,1PDF,SLPSL0001,PULV LOW SEAL AIR HDR DIFF PRESS,,LOABS,PULV LOW SEAL AIR HDR DIFF PRESS,ALM,1,3.97441,4,INH2O,!WP1001!WP1002!WP1003!WP1006!WP1007!WP1014!hist14!CP1004,1
2026-07-15 14:01:28.3,1PDF,SLPSL0001,PULV LOW SEAL AIR HDR DIFF PRESS,,LOABS,PULV LOW SEAL AIR HDR DIFF PRESS,RTN,1,4.02627,4,INH2O,!WP1001!WP1002!WP1003!WP1006!WP1007!WP1014!hist14!CP1004,1
2026-07-15 14:01:44.3,1MA,B37,MILL A TEMP,,HIABS,>145 DEGF,RTN,1,139.643,145,DEGF,!WP1001!WP1002!WP1003!WP1006!WP1007!WP1014!hist14!CP1001,1
2026-07-15 14:02:09.3,1PDF,SLPSL0001,PULV LOW SEAL AIR HDR DIFF PRESS,,LOABS,PULV LOW SEAL AIR HDR DIFF PRESS,ALM,1,3.9917,4,INH2O,!WP1001!WP1002!WP1003!WP1006!WP1007!WP1014!hist14!CP1004,1
2026-07-15 14:02:10.3,1PDF,SLPSL0001,PULV LOW SEAL AIR HDR DIFF PRESS,,LOABS,PULV LOW SEAL AIR HDR DIFF PRESS,RTN,1,4.04502,4,INH2O,!WP1001!WP1002!WP1003!WP1006!WP1007!WP1014!hist14!CP1004,1
2026-07-15 14:02:33.3,1PDF,SLPSL0001,PULV LOW SEAL AIR HDR DIFF PRESS,,LOABS,PULV LOW SEAL AIR HDR DIFF PRESS,ALM,1,3.88418,4,INH2O,!WP1001!WP1002!WP1003!WP1006!WP1007!WP1014!hist14!CP1004,1
2026-07-15 14:02:39.1,FD_FAN_VIB,A_FAN_VEL_AX,A FD FAN VEL AX,,HIABS,A FD FAN VEL AX HI VIB,ALM,1,3.04141,3,MILS,!WP1001!WP1002!WP1003!WP1006!WP1007!WP1014!hist14!CP1005,1
2026-07-15 14:02:55.1,FD_FAN_VIB,A_FAN_VEL_AX,A FD FAN VEL AX,,HHABS,A FD FAN VEL AX HI HI VIB,ALM,1,6.04766,5,MILS,!WP1001!WP1002!WP1003!WP1006!WP1007!WP1014!hist14!CP1005,1
2026-07-15 14:04:48.3,1PDF,SLPSL0001,PULV LOW SEAL AIR HDR DIFF PRESS,,LOABS,PULV LOW SEAL AIR HDR DIFF PRESS,RTN,1,4.00811,4,INH2O,!WP1001!WP1002!WP1003!WP1006!WP1007!WP1014!hist14!CP1004,1
2026-07-15 14:04:49.3,1PDF,SLPSL0001,PULV LOW SEAL AIR HDR DIFF PRESS,,LOABS,PULV LOW SEAL AIR HDR DIFF PRESS,ALM,1,3.89912,4,INH2O,!WP1001!WP1002!WP1003!WP1006!WP1007!WP1014!hist14!CP1004,1
2026-07-15 14:04:50.3,1PDF,SLPSL0001,PULV LOW SEAL AIR HDR DIFF PRESS,,LOABS,PULV LOW SEAL AIR HDR DIFF PRESS,RTN,1,4.03682,4,INH2O,!WP1001!WP1002!WP1003!WP1006!WP1007!WP1014!hist14!CP1004,1
2026-07-15 14:04:55.3,1PDF,SLPSL0001,PULV LOW SEAL AIR HDR DIFF PRESS,,LOABS,PULV LOW SEAL AIR HDR DIFF PRESS,ALM,1,3.97441,4,INH2O,!WP1001!WP1002!WP1003!WP1006!WP1007!WP1014!hist14!CP1004,1
2026-07-15 14:04:57.3,1PDF,SLPSL0001,PULV LOW SEAL AIR HDR DIFF PRESS,,LOABS,PULV LOW SEAL AIR HDR DIFF PRESS,RTN,1,4.03828,4,INH2O,!WP1001!WP1002!WP1003!WP1006!WP1007!WP1014!hist14!CP1004,1
2026-07-15 14:05:04.3,1PDF,SLPSL0001,PULV LOW SEAL AIR HDR DIFF PRESS,,LOABS,PULV LOW SEAL AIR HDR DIFF PRESS,ALM,1,3.8458,4,INH2O,!WP1001!WP1002!WP1003!WP1006!WP1007!WP1014!hist14!CP1004,1
2026-07-15 14:05:07.3,1PDF,SLPSL0001,PULV LOW SEAL AIR HDR DIFF PRESS,,LOABS,PULV LOW SEAL AIR HDR DIFF PRESS,RTN,1,4.00225,4,INH2O,!WP1001!WP1002!WP1003!WP1006!WP1007!WP1014!hist14!CP1004,1
2026-07-15 14:05:08.3,1PDF,SLPSL0001,PULV LOW SEAL AIR HDR DIFF PRESS,,LOABS,PULV LOW SEAL AIR HDR DIFF PRESS,ALM,1,3.90029,4,INH2O,!WP1001!WP1002!WP1003!WP1006!WP1007!WP1014!hist14!CP1004,1
2026-07-15 14:05:09.3,1PDF,SLPSL0001,PULV LOW SEAL AIR HDR DIFF PRESS,,LOABS,PULV LOW SEAL AIR HDR DIFF PRESS,RTN,1,4.04121,4,INH2O,!WP1001!WP1002!WP1003!WP1006!WP1007!WP1014!hist14!CP1004,1
2026-07-15 14:05:10.3,1PDF,SLPSL0001,PULV LOW SEAL AIR HDR DIFF PRESS,,LOABS,PULV LOW SEAL AIR HDR DIFF PRESS,ALM,1,3.87715,4,INH2O,!WP1001!WP1002!WP1003!WP1006!WP1007!WP1014!hist14!CP1004,1
2026-07-15 14:06:56.0,1DAS10,IACE3211,COND MAKE-UP SPEC CNDCT,,HIABS,HIGH,ALM,1,0.300254,0.3,US/CM,!WP1002!WP1006!WP1007!WP1001!WP1003!WP1014!hist14!CP1008,1
2026-07-15 14:07:32.3,1PDF,SLPSL0001,PULV LOW SEAL AIR HDR DIFF PRESS,,LOABS,PULV LOW SEAL AIR HDR DIFF PRESS,RTN,1,4.0084,4,INH2O,!WP1001!WP1002!WP1003!WP1006!WP1007!WP1014!hist14!CP1004,1
2026-07-15 14:07:33.3,1PDF,SLPSL0001,PULV LOW SEAL AIR HDR DIFF PRESS,,LOABS,PULV LOW SEAL AIR HDR DIFF PRESS,ALM,1,3.84404,4,INH2O,!WP1001!WP1002!WP1003!WP1006!WP1007!WP1014!hist14!CP1004,1
2026-07-15 14:08:12.3,1PDF,SLPSL0001,PULV LOW SEAL AIR HDR DIFF PRESS,,LOABS,PULV LOW SEAL AIR HDR DIFF PRESS,RTN,1,4.09424,4,INH2O,!WP1001!WP1002!WP1003!WP1006!WP1007!WP1014!hist14!CP1004,1
2026-07-15 14:08:17.3,1PDF,SLPSL0001,PULV LOW SEAL AIR HDR DIFF PRESS,,LOABS,PULV LOW SEAL AIR HDR DIFF PRESS,ALM,1,3.86719,4,INH2O,!WP1001!WP1002!WP1003!WP1006!WP1007!WP1014!hist14!CP1004,1
2026-07-15 14:08:20.3,1PDF,SLPSL0001,PULV LOW SEAL AIR HDR DIFF PRESS,,LOABS,PULV LOW SEAL AIR HDR DIFF PRESS,RTN,1,4.03271,4,INH2O,!WP1001!WP1002!WP1003!WP1006!WP1007!WP1014!hist14!CP1004,1
2026-07-15 14:08:26.3,1PDF,SLPSL0001,PULV LOW SEAL AIR HDR DIFF PRESS,,LOABS,PULV LOW SEAL AIR HDR DIFF PRESS,ALM,1,3.96123,4,INH2O,!WP1001!WP1002!WP1003!WP1006!WP1007!WP1014!hist14!CP1004,1
2026-07-15 14:08:39.3,1PDF,SLPSL0001,PULV LOW SEAL AIR HDR DIFF PRESS,,LOABS,PULV LOW SEAL AIR HDR DIFF PRESS,RTN,1,4.00254,4,INH2O,!WP1001!WP1002!WP1003!WP1006!WP1007!WP1014!hist14!CP1004,1
2026-07-15 14:08:40.3,1PDF,SLPSL0001,PULV LOW SEAL AIR HDR DIFF PRESS,,LOABS,PULV LOW SEAL AIR HDR DIFF PRESS,ALM,1,3.84814,4,INH2O,!WP1001!WP1002!WP1003!WP1006!WP1007!WP1014!hist14!CP1004,1
2026-07-15 14:08:56.3,1PDF,SLPSL0001,PULV LOW SEAL AIR HDR DIFF PRESS,,LOABS,PULV LOW SEAL AIR HDR DIFF PRESS,RTN,1,4.0333,4,INH2O,!WP1001!WP1002!WP1003!WP1006!WP1007!WP1014!hist14!CP1004,1
2026-07-15 14:08:57.3,1PDF,SLPSL0001,PULV LOW SEAL AIR HDR DIFF PRESS,,LOABS,PULV LOW SEAL AIR HDR DIFF PRESS,ALM,1,3.96094,4,INH2O,!WP1001!WP1002!WP1003!WP1006!WP1007!WP1014!hist14!CP1004,1
2026-07-15 14:08:58.3,1PDF,SLPSL0001,PULV LOW SEAL AIR HDR DIFF PRESS,,LOABS,PULV LOW SEAL AIR HDR DIFF PRESS,RTN,1,4.12764,4,INH2O,!WP1001!WP1002!WP1003!WP1006!WP1007!WP1014!hist14!CP1004,1
2026-07-15 14:08:59.3,1PDF,SLPSL0001,PULV LOW SEAL AIR HDR DIFF PRESS,,LOABS,PULV LOW SEAL AIR HDR DIFF PRESS,ALM,1,3.98496,4,INH2O,!WP1001!WP1002!WP1003!WP1006!WP1007!WP1014!hist14!CP1004,1
2026-07-15 14:09:00.3,1PDF,SLPSL0001,PULV LOW SEAL AIR HDR DIFF PRESS,,LOABS,PULV LOW SEAL AIR HDR DIFF PRESS,RTN,1,4.02715,4,INH2O,!WP1001!WP1002!WP1003!WP1006!WP1007!WP1014!hist14!CP1004,1
2026-07-15 14:09:01.3,1PDF,SLPSL0001,PULV LOW SEAL AIR HDR DIFF PRESS,,LOABS,PULV LOW SEAL AIR HDR DIFF PRESS,ALM,1,3.97412,4,INH2O,!WP1001!WP1002!WP1003!WP1006!WP1007!WP1014!hist14!CP1004,1
2026-07-15 14:09:02.3,1PDF,SLPSL0001,PULV LOW SEAL AIR HDR DIFF PRESS,,LOABS,PULV LOW SEAL AIR HDR DIFF PRESS,RTN,1,4.09629,4,INH2O,!WP1001!WP1002!WP1003!WP1006!WP1007!WP1014!hist14!CP1004,1
2026-07-15 14:09:07.3,1PDF,SLPSL0001,PULV LOW SEAL AIR HDR DIFF PRESS,,LOABS,PULV LOW SEAL AIR HDR DIFF PRESS,ALM,1,3.94629,4,INH2O,!WP1001!WP1002!WP1003!WP1006!WP1007!WP1014!hist14!CP1004,1
2026-07-15 14:09:11.3,1PDF,SLPSL0001,PULV LOW SEAL AIR HDR DIFF PRESS,,LOABS,PULV LOW SEAL AIR HDR DIFF PRESS,RTN,1,4.07461,4,INH2O,!WP1001!WP1002!WP1003!WP1006!WP1007!WP1014!hist14!CP1004,1
2026-07-15 14:09:14.3,1PDF,SLPSL0001,PULV LOW SEAL AIR HDR DIFF PRESS,,LOABS,PULV LOW SEAL AIR HDR DIFF PRESS,ALM,1,3.93047,4,INH2O,!WP1001!WP1002!WP1003!WP1006!WP1007!WP1014!hist14!CP1004,1
2026-07-15 14:09:55.3,1PDF,SLPSL0001,PULV LOW SEAL AIR HDR DIFF PRESS,,LOABS,PULV LOW SEAL AIR HDR DIFF PRESS,RTN,1,4.07988,4,INH2O,!WP1001!WP1002!WP1003!WP1006!WP1007!WP1014!hist14!CP1004,1
2026-07-15 14:09:56.3,1PDF,SLPSL0001,PULV LOW SEAL AIR HDR DIFF PRESS,,LOABS,PULV LOW SEAL AIR HDR DIFF PRESS,ALM,1,3.90879,4,INH2O,!WP1001!WP1002!WP1003!WP1006!WP1007!WP1014!hist14!CP1004,1
2026-07-15 14:10:01.3,1PDF,SLPSL0001,PULV LOW SEAL AIR HDR DIFF PRESS,,LOABS,PULV LOW SEAL AIR HDR DIFF PRESS,RTN,1,4.11357,4,INH2O,!WP1001!WP1002!WP1003!WP1006!WP1007!WP1014!hist14!CP1004,1
2026-07-15 14:10:06.3,1PDF,SLPSL0001,PULV LOW SEAL AIR HDR DIFF PRESS,,LOABS,PULV LOW SEAL AIR HDR DIFF PRESS,ALM,1,3.90029,4,INH2O,!WP1001!WP1002!WP1003!WP1006!WP1007!WP1014!hist14!CP1004,1
2026-07-15 14:10:39.3,1PDF,SLPSL0001,PULV LOW SEAL AIR HDR DIFF PRESS,,LOABS,PULV LOW SEAL AIR HDR DIFF PRESS,RTN,1,4.02334,4,INH2O,!WP1001!WP1002!WP1003!WP1006!WP1007!WP1014!hist14!CP1004,1
2026-07-15 14:10:40.3,1PDF,SLPSL0001,PULV LOW SEAL AIR HDR DIFF PRESS,,LOABS,PULV LOW SEAL AIR HDR DIFF PRESS,ALM,1,3.94395,4,INH2O,!WP1001!WP1002!WP1003!WP1006!WP1007!WP1014!hist14!CP1004,1
2026-07-15 14:10:41.3,1PDF,SLPSL0001,PULV LOW SEAL AIR HDR DIFF PRESS,,LOABS,PULV LOW SEAL AIR HDR DIFF PRESS,RTN,1,4.10947,4,INH2O,!WP1001!WP1002!WP1003!WP1006!WP1007!WP1014!hist14!CP1004,1
2026-07-15 14:10:59.3,1PDF,SLPSL0001,PULV LOW SEAL AIR HDR DIFF PRESS,,LOABS,PULV LOW SEAL AIR HDR DIFF PRESS,ALM,1,3.97822,4,INH2O,!WP1001!WP1002!WP1003!WP1006!WP1007!WP1014!hist14!CP1004,1
2026-07-15 14:11:00.3,1PDF,SLPSL0001,PULV LOW SEAL AIR HDR DIFF PRESS,,LOABS,PULV LOW SEAL AIR HDR DIFF PRESS,RTN,1,4.05439,4,INH2O,!WP1001!WP1002!WP1003!WP1006!WP1007!WP1014!hist14!CP1004,1
2026-07-15 14:11:03.3,1PDF,SLPSL0001,PULV LOW SEAL AIR HDR DIFF PRESS,,LOABS,PULV LOW SEAL AIR HDR DIFF PRESS,ALM,1,3.97354,4,INH2O,!WP1001!WP1002!WP1003!WP1006!WP1007!WP1014!hist14!CP1004,1
2026-07-15 14:11:10.3,1PDF,SLPSL0001,PULV LOW SEAL AIR HDR DIFF PRESS,,LOABS,PULV LOW SEAL AIR HDR DIFF PRESS,RTN,1,4.08867,4,INH2O,!WP1001!WP1002!WP1003!WP1006!WP1007!WP1014!hist14!CP1004,1
2026-07-15 14:11:12.3,1PDF,SLPSL0001,PULV LOW SEAL AIR HDR DIFF PRESS,,LOABS,PULV LOW SEAL AIR HDR DIFF PRESS,ALM,1,3.9835,4,INH2O,!WP1001!WP1002!WP1003!WP1006!WP1007!WP1014!hist14!CP1004,1
2026-07-15 14:11:17.3,1PDF,SLPSL0001,PULV LOW SEAL AIR HDR DIFF PRESS,,LOABS,PULV LOW SEAL AIR HDR DIFF PRESS,RTN,1,4.00811,4,INH2O,!WP1001!WP1002!WP1003!WP1006!WP1007!WP1014!hist14!CP1004,1
2026-07-15 14:11:18.3,1PDF,SLPSL0001,PULV LOW SEAL AIR HDR DIFF PRESS,,LOABS,PULV LOW SEAL AIR HDR DIFF PRESS,ALM,1,3.93691,4,INH2O,!WP1001!WP1002!WP1003!WP1006!WP1007!WP1014!hist14!CP1004,1
2026-07-15 14:11:21.3,1PDF,SLPSL0001,PULV LOW SEAL AIR HDR DIFF PRESS,,LOABS,PULV LOW SEAL AIR HDR DIFF PRESS,RTN,1,4.02891,4,INH2O,!WP1001!WP1002!WP1003!WP1006!WP1007!WP1014!hist14!CP1004,1
2026-07-15 14:11:22.3,1PDF,SLPSL0001,PULV LOW SEAL AIR HDR DIFF PRESS,,LOABS,PULV LOW SEAL AIR HDR DIFF PRESS,ALM,1,3.8833,4,INH2O,!WP1001!WP1002!WP1003!WP1006!WP1007!WP1014!hist14!CP1004,1
2026-07-15 14:11:27.3,1PDF,SLPSL0001,PULV LOW SEAL AIR HDR DIFF PRESS,,LOABS,PULV LOW SEAL AIR HDR DIFF PRESS,RTN,1,4.09072,4,INH2O,!WP1001!WP1002!WP1003!WP1006!WP1007!WP1014!hist14!CP1004,1
2026-07-15 14:12:15.3,1PDF,SLPSL0001,PULV LOW SEAL AIR HDR DIFF PRESS,,LOABS,PULV LOW SEAL AIR HDR DIFF PRESS,ALM,1,3.9791,4,INH2O,!WP1001!WP1002!WP1003!WP1006!WP1007!WP1014!hist14!CP1004,1
2026-07-15 14:12:16.3,1PDF,SLPSL0001,PULV LOW SEAL AIR HDR DIFF PRESS,,LOABS,PULV LOW SEAL AIR HDR DIFF PRESS,RTN,1,4.06348,4,INH2O,!WP1001!WP1002!WP1003!WP1006!WP1007!WP1014!hist14!CP1004,1
2026-07-15 14:12:38.3,1PDF,SLPSL0001,PULV LOW SEAL AIR HDR DIFF PRESS,,LOABS,PULV LOW SEAL AIR HDR DIFF PRESS,ALM,1,3.98262,4,INH2O,!WP1001!WP1002!WP1003!WP1006!WP1007!WP1014!hist14!CP1004,1
2026-07-15 14:12:39.3,1PDF,SLPSL0001,PULV LOW SEAL AIR HDR DIFF PRESS,,LOABS,PULV LOW SEAL AIR HDR DIFF PRESS,RTN,1,4.00693,4,INH2O,!WP1001!WP1002!WP1003!WP1006!WP1007!WP1014!hist14!CP1004,1
2026-07-15 14:12:40.3,1PDF,SLPSL0001,PULV LOW SEAL AIR HDR DIFF PRESS,,LOABS,PULV LOW SEAL AIR HDR DIFF PRESS,ALM,1,3.88066,4,INH2O,!WP1001!WP1002!WP1003!WP1006!WP1007!WP1014!hist14!CP1004,1
2026-07-15 14:12:41.3,1PDF,SLPSL0001,PULV LOW SEAL AIR HDR DIFF PRESS,,LOABS,PULV LOW SEAL AIR HDR DIFF PRESS,RTN,1,4.05732,4,INH2O,!WP1001!WP1002!WP1003!WP1006!WP1007!WP1014!hist14!CP1004,1
2026-07-15 14:12:44.3,1PDF,SLPSL0001,PULV LOW SEAL AIR HDR DIFF PRESS,,LOABS,PULV LOW SEAL AIR HDR DIFF PRESS,ALM,1,3.97002,4,INH2O,!WP1001!WP1002!WP1003!WP1006!WP1007!WP1014!hist14!CP1004,1
2026-07-15 14:12:45.3,1PDF,SLPSL0001,PULV LOW SEAL AIR HDR DIFF PRESS,,LOABS,PULV LOW SEAL AIR HDR DIFF PRESS,RTN,1,4.00723,4,INH2O,!WP1001!WP1002!WP1003!WP1006!WP1007!WP1014!hist14!CP1004,1
2026-07-15 14:12:46.3,1PDF,SLPSL0001,PULV LOW SEAL AIR HDR DIFF PRESS,,LOABS,PULV LOW SEAL AIR HDR DIFF PRESS,ALM,1,3.8543,4,INH2O,!WP1001!WP1002!WP1003!WP1006!WP1007!WP1014!hist14!CP1004,1
2026-07-15 14:13:08.3,1PDF,SLPSL0001,PULV LOW SEAL AIR HDR DIFF PRESS,,LOABS,PULV LOW SEAL AIR HDR DIFF PRESS,RTN,1,4.01777,4,INH2O,!WP1001!WP1002!WP1003!WP1006!WP1007!WP1014!hist14!CP1004,1
2026-07-15 14:13:09.3,1PDF,SLPSL0001,PULV LOW SEAL AIR HDR DIFF PRESS,,LOABS,PULV LOW SEAL AIR HDR DIFF PRESS,ALM,1,3.98525,4,INH2O,!WP1001!WP1002!WP1003!WP1006!WP1007!WP1014!hist14!CP1004,1
2026-07-15 14:13:10.3,1PDF,SLPSL0001,PULV LOW SEAL AIR HDR DIFF PRESS,,LOABS,PULV LOW SEAL AIR HDR DIFF PRESS,RTN,1,4.07549,4,INH2O,!WP1001!WP1002!WP1003!WP1006!WP1007!WP1014!hist14!CP1004,1
2026-07-15 14:13:11.3,1PDF,SLPSL0001,PULV LOW SEAL AIR HDR DIFF PRESS,,LOABS,PULV LOW SEAL AIR HDR DIFF PRESS,ALM,1,3.92871,4,INH2O,!WP1001!WP1002!WP1003!WP1006!WP1007!WP1014!hist14!CP1004,1
2026-07-15 14:13:12.3,1PDF,SLPSL0001,PULV LOW SEAL AIR HDR DIFF PRESS,,LOABS,PULV LOW SEAL AIR HDR DIFF PRESS,RTN,1,4.05908,4,INH2O,!WP1001!WP1002!WP1003!WP1006!WP1007!WP1014!hist14!CP1004,1
2026-07-15 14:13:22.3,1PDF,SLPSL0001,PULV LOW SEAL AIR HDR DIFF PRESS,,LOABS,PULV LOW SEAL AIR HDR DIFF PRESS,ALM,1,3.99346,4,INH2O,!WP1001!WP1002!WP1003!WP1006!WP1007!WP1014!hist14!CP1004,1
2026-07-15 14:13:23.3,1PDF,SLPSL0001,PULV LOW SEAL AIR HDR DIFF PRESS,,LOABS,PULV LOW SEAL AIR HDR DIFF PRESS,RTN,1,4.14229,4,INH2O,!WP1001!WP1002!WP1003!WP1006!WP1007!WP1014!hist14!CP1004,1
2026-07-15 14:13:28.3,1PDF,SLPSL0001,PULV LOW SEAL AIR HDR DIFF PRESS,,LOABS,PULV LOW SEAL AIR HDR DIFF PRESS,ALM,1,3.84961,4,INH2O,!WP1001!WP1002!WP1003!WP1006!WP1007!WP1014!hist14!CP1004,1
2026-07-15 14:14:05.3,1PDF,SLPSL0001,PULV LOW SEAL AIR HDR DIFF PRESS,,LOABS,PULV LOW SEAL AIR HDR DIFF PRESS,RTN,1,4.01074,4,INH2O,!WP1001!WP1002!WP1003!WP1006!WP1007!WP1014!hist14!CP1004,1
2026-07-15 14:14:10.3,1PDF,SLPSL0001,PULV LOW SEAL AIR HDR DIFF PRESS,,LOABS,PULV LOW SEAL AIR HDR DIFF PRESS,ALM,1,3.99111,4,INH2O,!WP1001!WP1002!WP1003!WP1006!WP1007!WP1014!hist14!CP1004,1
2026-07-15 14:14:11.3,1PDF,SLPSL0001,PULV LOW SEAL AIR HDR DIFF PRESS,,LOABS,PULV LOW SEAL AIR HDR DIFF PRESS,RTN,1,4.04355,4,INH2O,!WP1001!WP1002!WP1003!WP1006!WP1007!WP1014!hist14!CP1004,1
2026-07-15 14:14:12.3,1PDF,SLPSL0001,PULV LOW SEAL AIR HDR DIFF PRESS,,LOABS,PULV LOW SEAL AIR HDR DIFF PRESS,ALM,1,3.92373,4,INH2O,!WP1001!WP1002!WP1003!WP1006!WP1007!WP1014!hist14!CP1004,1
2026-07-15 14:14:13.3,1PDF,SLPSL0001,PULV LOW SEAL AIR HDR DIFF PRESS,,LOABS,PULV LOW SEAL AIR HDR DIFF PRESS,RTN,1,4.07168,4,INH2O,!WP1001!WP1002!WP1003!WP1006!WP1007!WP1014!hist14!CP1004,1
2026-07-15 14:14:19.3,1PDF,SLPSL0001,PULV LOW SEAL AIR HDR DIFF PRESS,,LOABS,PULV LOW SEAL AIR HDR DIFF PRESS,ALM,1,3.93457,4,INH2O,!WP1001!WP1002!WP1003!WP1006!WP1007!WP1014!hist14!CP1004,1
2026-07-15 14:14:22.3,1PDF,SLPSL0001,PULV LOW SEAL AIR HDR DIFF PRESS,,LOABS,PULV LOW SEAL AIR HDR DIFF PRESS,RTN,1,4.01279,4,INH2O,!WP1001!WP1002!WP1003!WP1006!WP1007!WP1014!hist14!CP1004,1
2026-07-15 14:14:23.3,1PDF,SLPSL0001,PULV LOW SEAL AIR HDR DIFF PRESS,,LOABS,PULV LOW SEAL AIR HDR DIFF PRESS,ALM,1,3.90762,4,INH2O,!WP1001!WP1002!WP1003!WP1006!WP1007!WP1014!hist14!CP1004,1
2026-07-15 14:14:57.3,1PDF,SLPSL0001,PULV LOW SEAL AIR HDR DIFF PRESS,,LOABS,PULV LOW SEAL AIR HDR DIFF PRESS,RTN,1,4.01953,4,INH2O,!WP1001!WP1002!WP1003!WP1006!WP1007!WP1014!hist14!CP1004,1
2026-07-15 14:15:00.3,1PDF,SLPSL0001,PULV LOW SEAL AIR HDR DIFF PRESS,,LOABS,PULV LOW SEAL AIR HDR DIFF PRESS,ALM,1,3.95068,4,INH2O,!WP1001!WP1002!WP1003!WP1006!WP1007!WP1014!hist14!CP1004,1
2026-07-15 14:15:04.3,1PDF,SLPSL0001,PULV LOW SEAL AIR HDR DIFF PRESS,,LOABS,PULV LOW SEAL AIR HDR DIFF PRESS,RTN,1,4.12471,4,INH2O,!WP1001!WP1002!WP1003!WP1006!WP1007!WP1014!hist14!CP1004,1
2026-07-15 14:15:09.3,1PDF,SLPSL0001,PULV LOW SEAL AIR HDR DIFF PRESS,,LOABS,PULV LOW SEAL AIR HDR DIFF PRESS,ALM,1,3.99082,4,INH2O,!WP1001!WP1002!WP1003!WP1006!WP1007!WP1014!hist14!CP1004,1
2026-07-15 14:15:38.5,PAC_PLC,ACI_FDR_A_TR,ACI FDR A AC-WIC-5007 TRBLE ALM,,CHANGE,PAC FEEDER A TROUBLE,ALM,1,,,,!WP1001!WP1002!WP1003!WP1006!WP1007!WP1014!hist14!CP1003,1
2026-07-15 14:15:42.3,1PDF,SLPSL0001,PULV LOW SEAL AIR HDR DIFF PRESS,,LOABS,PULV LOW SEAL AIR HDR DIFF PRESS,RTN,1,4.03389,4,INH2O,!WP1001!WP1002!WP1003!WP1006!WP1007!WP1014!hist14!CP1004,1
2026-07-15 14:15:43.3,1PDF,SLPSL0001,PULV LOW SEAL AIR HDR DIFF PRESS,,LOABS,PULV LOW SEAL AIR HDR DIFF PRESS,ALM,1,3.99375,4,INH2O,!WP1001!WP1002!WP1003!WP1006!WP1007!WP1014!hist14!CP1004,1
2026-07-15 14:15:44.3,1PDF,SLPSL0001,PULV LOW SEAL AIR HDR DIFF PRESS,,LOABS,PULV LOW SEAL AIR HDR DIFF PRESS,RTN,1,4.0916,4,INH2O,!WP1001!WP1002!WP1003!WP1006!WP1007!WP1014!hist14!CP1004,1
2026-07-15 14:15:52.0,PAC_PLC,ACI_FDR_A_TR,ACI FDR A AC-WIC-5007 TRBLE ALM,,CHANGE,PAC FEEDER A TROUBLE,ALM,1,,,,!WP1001!WP1002!WP1003!WP1006!WP1007!WP1014!hist14!CP1003,1
2026-07-15 14:16:03.0,PAC_PLC,ACI_FDR_A_TR,ACI FDR A AC-WIC-5007 TRBLE ALM,,CHANGE,PAC FEEDER A TROUBLE,ALM,1,,,,!WP1001!WP1002!WP1003!WP1006!WP1007!WP1014!hist14!CP1003,1
2026-07-15 14:16:07.0,PAC_PLC,ACI_FDR_A_TR,ACI FDR A AC-WIC-5007 TRBLE ALM,,CHANGE,PAC FEEDER A TROUBLE,ALM,1,,,,!WP1001!WP1002!WP1003!WP1006!WP1007!WP1014!hist14!CP1003,1
2026-07-15 14:16:08.3,1PDF,SLPSL0001,PULV LOW SEAL AIR HDR DIFF PRESS,,LOABS,PULV LOW SEAL AIR HDR DIFF PRESS,ALM,1,3.99258,4,INH2O,!WP1001!WP1002!WP1003!WP1006!WP1007!WP1014!hist14!CP1004,1
2026-07-15 14:16:09.3,1PDF,SLPSL0001,PULV LOW SEAL AIR HDR DIFF PRESS,,LOABS,PULV LOW SEAL AIR HDR DIFF PRESS,RTN,1,4.10361,4,INH2O,!WP1001!WP1002!WP1003!WP1006!WP1007!WP1014!hist14!CP1004,1
2026-07-15 14:16:18.0,PAC_PLC,ACI_FDR_A_TR,ACI FDR A AC-WIC-5007 TRBLE ALM,,CHANGE,PAC FEEDER A TROUBLE,ALM,1,,,,!WP1001!WP1002!WP1003!WP1006!WP1007!WP1014!hist14!CP1003,1
2026-07-15 14:16:19.5,PAC_PLC,ACI_FDR_A_TR,ACI FDR A AC-WIC-5007 TRBLE ALM,,CHANGE,PAC FEEDER A TROUBLE,ALM,1,,,,!WP1001!WP1002!WP1003!WP1006!WP1007!WP1014!hist14!CP1003,1
2026-07-15 14:16:28.5,PAC_PLC,ACI_FDR_A_TR,ACI FDR A AC-WIC-5007 TRBLE ALM,,CHANGE,PAC FEEDER A TROUBLE,ALM,1,,,,!WP1001!WP1002!WP1003!WP1006!WP1007!WP1014!hist14!CP1003,1
2026-07-15 14:16:31.3,1FP,B86,ID FAN C INLET DAMPER FEEDBACK,,HHABS,ID FAN C DAMPER 80 %,ALM,1,80.0281,80,PCT,!WP1001!WP1002!WP1003!WP1006!WP1007!WP1014!hist14!CP1001,1
2026-07-15 14:16:34.3,1FP,B58,ID FAN B INLET DAMPER FEEDBACK,,HHABS,IDF B DAMPER 80%,ALM,1,80.0073,80,PCT,!WP1001!WP1002!WP1003!WP1006!WP1007!WP1014!hist14!CP1001,1
2026-07-15 14:16:35.5,PAC_PLC,ACI_FDR_A_TR,ACI FDR A AC-WIC-5007 TRBLE ALM,,CHANGE,PAC FEEDER A TROUBLE,ALM,1,,,,!WP1001!WP1002!WP1003!WP1006!WP1007!WP1014!hist14!CP1003,1
2026-07-15 14:16:37.5,PAC_PLC,ACI_FDR_A_TR,ACI FDR A AC-WIC-5007 TRBLE ALM,,CHANGE,PAC FEEDER A TROUBLE,ALM,1,,,,!WP1001!WP1002!WP1003!WP1006!WP1007!WP1014!hist14!CP1003,1
2026-07-15 14:16:43.3,1FP,B56,ID FAN A INLET DAMPER FEEDBACK,,HHABS,ID FAN A DAMPER 80 %,ALM,1,80.0134,80,PCT,!WP1001!WP1002!WP1003!WP1006!WP1007!WP1014!hist14!CP1001,1
2026-07-15 14:16:45.5,PAC_PLC,ACI_FDR_A_TR,ACI FDR A AC-WIC-5007 TRBLE ALM,,CHANGE,PAC FEEDER A TROUBLE,ALM,1,,,,!WP1001!WP1002!WP1003!WP1006!WP1007!WP1014!hist14!CP1003,1
2026-07-15 14:16:47.5,PAC_PLC,ACI_FDR_A_TR,ACI FDR A AC-WIC-5007 TRBLE ALM,,CHANGE,PAC FEEDER A TROUBLE,ALM,1,,,,!WP1001!WP1002!WP1003!WP1006!WP1007!WP1014!hist14!CP1003,1
2026-07-15 14:16:49.5,PAC_PLC,ACI_FDR_A_TR,ACI FDR A AC-WIC-5007 TRBLE ALM,,CHANGE,PAC FEEDER A TROUBLE,ALM,1,,,,!WP1001!WP1002!WP1003!WP1006!WP1007!WP1014!hist14!CP1003,1
2026-07-15 14:16:50.5,PAC_PLC,ACI_FDR_A_TR,ACI FDR A AC-WIC-5007 TRBLE ALM,,CHANGE,PAC FEEDER A TROUBLE,ALM,1,,,,!WP1001!WP1002!WP1003!WP1006!WP1007!WP1014!hist14!CP1003,1
2026-07-15 14:16:51.5,PAC_PLC,ACI_FDR_A_TR,ACI FDR A AC-WIC-5007 TRBLE ALM,,CHANGE,PAC FEEDER A TROUBLE,ALM,1,,,,!WP1001!WP1002!WP1003!WP1006!WP1007!WP1014!hist14!CP1003,1
2026-07-15 14:16:58.0,PAC_PLC,ACI_FDR_A_TR,ACI FDR A AC-WIC-5007 TRBLE ALM,,CHANGE,PAC FEEDER A TROUBLE,ALM,1,,,,!WP1001!WP1002!WP1003!WP1006!WP1007!WP1014!hist14!CP1003,1
2026-07-15 14:17:02.0,PAC_PLC,ACI_FDR_A_TR,ACI FDR A AC-WIC-5007 TRBLE ALM,,CHANGE,PAC FEEDER A TROUBLE,ALM,1,,,,!WP1001!WP1002!WP1003!WP1006!WP1007!WP1014!hist14!CP1003,1
2026-07-15 14:17:09.7,1FG_B,5706TX_ALM,BF B INLET OUTLET PRESS,FGPDIT5706,STATE,BF B INLET/OUTLET PRESS DEV,ALM,3,,,,!WP1001!WP1002!WP1003!WP1006!WP1007!WP1014!hist14!CP1015,1
2026-07-15 14:17:49.3,1PDF,SLPSL0001,PULV LOW SEAL AIR HDR DIFF PRESS,,LOABS,PULV LOW SEAL AIR HDR DIFF PRESS,ALM,1,3.9583,4,INH2O,!WP1001!WP1002!WP1003!WP1006!WP1007!WP1014!hist14!CP1004,1
2026-07-15 14:17:52.3,1PDF,SLPSL0001,PULV LOW SEAL AIR HDR DIFF PRESS,,LOABS,PULV LOW SEAL AIR HDR DIFF PRESS,RTN,1,4.03271,4,INH2O,!WP1001!WP1002!WP1003!WP1006!WP1007!WP1014!hist14!CP1004,1
2026-07-15 14:17:53.3,1PDF,SLPSL0001,PULV LOW SEAL AIR HDR DIFF PRESS,,LOABS,PULV LOW SEAL AIR HDR DIFF PRESS,ALM,1,3.98643,4,INH2O,!WP1001!WP1002!WP1003!WP1006!WP1007!WP1014!hist14!CP1004,1
2026-07-15 14:17:53.8,1BCS_7,IKTE3751,REHEAT TEMP RIGHT (REDUNDANT),,HIABS,HIGH,ALM,1,1012.2,1012.18,DEG.F,!WP1002!WP1006!WP1007!WP1001!WP1003!WP1014!hist14!CP1007,1
2026-07-15 14:17:54.3,1PDF,SLPSL0001,PULV LOW SEAL AIR HDR DIFF PRESS,,LOABS,PULV LOW SEAL AIR HDR DIFF PRESS,RTN,1,4.07285,4,INH2O,!WP1001!WP1002!WP1003!WP1006!WP1007!WP1014!hist14!CP1004,1
2026-07-15 14:17:55.3,1PDF,SLPSL0001,PULV LOW SEAL AIR HDR DIFF PRESS,,LOABS,PULV LOW SEAL AIR HDR DIFF PRESS,ALM,1,3.94746,4,INH2O,!WP1001!WP1002!WP1003!WP1006!WP1007!WP1014!hist14!CP1004,1
2026-07-15 14:17:56.3,1PDF,SLPSL0001,PULV LOW SEAL AIR HDR DIFF PRESS,,LOABS,PULV LOW SEAL AIR HDR DIFF PRESS,RTN,1,4.0084,4,INH2O,!WP1001!WP1002!WP1003!WP1006!WP1007!WP1014!hist14!CP1004,1
2026-07-15 14:17:57.3,1PDF,SLPSL0001,PULV LOW SEAL AIR HDR DIFF PRESS,,LOABS,PULV LOW SEAL AIR HDR DIFF PRESS,ALM,1,3.9208,4,INH2O,!WP1001!WP1002!WP1003!WP1006!WP1007!WP1014!hist14!CP1004,1
2026-07-15 14:17:58.3,1PDF,SLPSL0001,PULV LOW SEAL AIR HDR DIFF PRESS,,LOABS,PULV LOW SEAL AIR HDR DIFF PRESS,RTN,1,4.01016,4,INH2O,!WP1001!WP1002!WP1003!WP1006!WP1007!WP1014!hist14!CP1004,1
2026-07-15 14:17:59.3,1PDF,SLPSL0001,PULV LOW SEAL AIR HDR DIFF PRESS,,LOABS,PULV LOW SEAL AIR HDR DIFF PRESS,ALM,1,3.98643,4,INH2O,!WP1001!WP1002!WP1003!WP1006!WP1007!WP1014!hist14!CP1004,1
2026-07-15 14:18:00.3,1PDF,SLPSL0001,PULV LOW SEAL AIR HDR DIFF PRESS,,LOABS,PULV LOW SEAL AIR HDR DIFF PRESS,RTN,1,4.00078,4,INH2O,!WP1001!WP1002!WP1003!WP1006!WP1007!WP1014!hist14!CP1004,1
2026-07-15 14:18:01.3,1PDF,SLPSL0001,PULV LOW SEAL AIR HDR DIFF PRESS,,LOABS,PULV LOW SEAL AIR HDR DIFF PRESS,ALM,1,3.96182,4,INH2O,!WP1001!WP1002!WP1003!WP1006!WP1007!WP1014!hist14!CP1004,1
2026-07-15 14:18:06.8,1BCS_7,IKTE3451,REHEAT TEMP RIGHT (NORM),,HIABS,HIGH,ALM,1,1012.19,1012.18,DEG.F,!WP1002!WP1006!WP1007!WP1001!WP1003!WP1014!hist14!CP1007,1
2026-07-15 14:18:11.3,1PDF,SLPSL0001,PULV LOW SEAL AIR HDR DIFF PRESS,,LOABS,PULV LOW SEAL AIR HDR DIFF PRESS,RTN,1,4.02656,4,INH2O,!WP1001!WP1002!WP1003!WP1006!WP1007!WP1014!hist14!CP1004,1
2026-07-15 14:18:12.3,1PDF,SLPSL0001,PULV LOW SEAL AIR HDR DIFF PRESS,,LOABS,PULV LOW SEAL AIR HDR DIFF PRESS,ALM,1,3.96914,4,INH2O,!WP1001!WP1002!WP1003!WP1006!WP1007!WP1014!hist14!CP1004,1
2026-07-15 14:18:13.3,1PDF,SLPSL0001,PULV LOW SEAL AIR HDR DIFF PRESS,,LOABS,PULV LOW SEAL AIR HDR DIFF PRESS,RTN,1,4.09365,4,INH2O,!WP1001!WP1002!WP1003!WP1006!WP1007!WP1014!hist14!CP1004,1
2026-07-15 14:18:22.3,1PDF,SLPSL0001,PULV LOW SEAL AIR HDR DIFF PRESS,,LOABS,PULV LOW SEAL AIR HDR DIFF PRESS,ALM,1,3.91406,4,INH2O,!WP1001!WP1002!WP1003!WP1006!WP1007!WP1014!hist14!CP1004,1
2026-07-15 14:18:26.3,1PDF,SLPSL0001,PULV LOW SEAL AIR HDR DIFF PRESS,,LOABS,PULV LOW SEAL AIR HDR DIFF PRESS,RTN,1,4.09072,4,INH2O,!WP1001!WP1002!WP1003!WP1006!WP1007!WP1014!hist14!CP1004,1
2026-07-15 14:18:31.3,1PDF,SLPSL0001,PULV LOW SEAL AIR HDR DIFF PRESS,,LOABS,PULV LOW SEAL AIR HDR DIFF PRESS,ALM,1,3.90996,4,INH2O,!WP1001!WP1002!WP1003!WP1006!WP1007!WP1014!hist14!CP1004,1
2026-07-15 14:18:34.3,1PDF,SLPSL0001,PULV LOW SEAL AIR HDR DIFF PRESS,,LOABS,PULV LOW SEAL AIR HDR DIFF PRESS,RTN,1,4.02627,4,INH2O,!WP1001!WP1002!WP1003!WP1006!WP1007!WP1014!hist14!CP1004,1
2026-07-15 14:18:35.3,1PDF,SLPSL0001,PULV LOW SEAL AIR HDR DIFF PRESS,,LOABS,PULV LOW SEAL AIR HDR DIFF PRESS,ALM,1,3.9665,4,INH2O,!WP1001!WP1002!WP1003!WP1006!WP1007!WP1014!hist14!CP1004,1
2026-07-15 14:18:36.3,1PDF,SLPSL0001,PULV LOW SEAL AIR HDR DIFF PRESS,,LOABS,PULV LOW SEAL AIR HDR DIFF PRESS,RTN,1,4.021,4,INH2O,!WP1001!WP1002!WP1003!WP1006!WP1007!WP1014!hist14!CP1004,1
2026-07-15 14:18:37.3,1PDF,SLPSL0001,PULV LOW SEAL AIR HDR DIFF PRESS,,LOABS,PULV LOW SEAL AIR HDR DIFF PRESS,ALM,1,3.96504,4,INH2O,!WP1001!WP1002!WP1003!WP1006!WP1007!WP1014!hist14!CP1004,1
2026-07-15 14:18:38.3,1PDF,SLPSL0001,PULV LOW SEAL AIR HDR DIFF PRESS,,LOABS,PULV LOW SEAL AIR HDR DIFF PRESS,RTN,1,4.00283,4,INH2O,!WP1001!WP1002!WP1003!WP1006!WP1007!WP1014!hist14!CP1004,1
2026-07-15 14:18:39.3,1PDF,SLPSL0001,PULV LOW SEAL AIR HDR DIFF PRESS,,LOABS,PULV LOW SEAL AIR HDR DIFF PRESS,ALM,1,3.86074,4,INH2O,!WP1001!WP1002!WP1003!WP1006!WP1007!WP1014!hist14!CP1004,1
2026-07-15 14:18:49.3,1PDF,SLPSL0001,PULV LOW SEAL AIR HDR DIFF PRESS,,LOABS,PULV LOW SEAL AIR HDR DIFF PRESS,RTN,1,4.00664,4,INH2O,!WP1001!WP1002!WP1003!WP1006!WP1007!WP1014!hist14!CP1004,1
2026-07-15 14:18:52.3,1PDF,SLPSL0001,PULV LOW SEAL AIR HDR DIFF PRESS,,LOABS,PULV LOW SEAL AIR HDR DIFF PRESS,ALM,1,3.92314,4,INH2O,!WP1001!WP1002!WP1003!WP1006!WP1007!WP1014!hist14!CP1004,1
2026-07-15 14:18:54.7,1FG_B,5706TX_ALM,BF B INLET OUTLET PRESS,FGPDIT5706,STATE,DEVIATION ALARM CLEAR,RTN,3,,,,!WP1001!WP1002!WP1003!WP1006!WP1007!WP1014!hist14!CP1015,1
2026-07-15 14:18:58.3,1BCS_7,IKTE3741,REHEAT TEMP LEFT (REDUNDANT),,HIABS,HIGH,ALM,1,1012.23,1012.18,DEG.F,!WP1002!WP1006!WP1007!WP1001!WP1003!WP1014!hist14!CP1007,1
2026-07-15 14:18:59.3,1PDF,SLPSL0001,PULV LOW SEAL AIR HDR DIFF PRESS,,LOABS,PULV LOW SEAL AIR HDR DIFF PRESS,RTN,1,4.00664,4,INH2O,!WP1001!WP1002!WP1003!WP1006!WP1007!WP1014!hist14!CP1004,1
2026-07-15 14:18:59.3,1BCS_7,IKTE3441,REHEAT TEMP LEFT (NORM),,HIABS,HIGH,ALM,1,1012.24,1012.18,DEG.F,!WP1002!WP1006!WP1007!WP1001!WP1003!WP1014!hist14!CP1007,1
2026-07-15 14:19:00.3,1PDF,SLPSL0001,PULV LOW SEAL AIR HDR DIFF PRESS,,LOABS,PULV LOW SEAL AIR HDR DIFF PRESS,ALM,1,3.93604,4,INH2O,!WP1001!WP1002!WP1003!WP1006!WP1007!WP1014!hist14!CP1004,1
2026-07-15 14:19:01.3,1PDF,SLPSL0001,PULV LOW SEAL AIR HDR DIFF PRESS,,LOABS,PULV LOW SEAL AIR HDR DIFF PRESS,RTN,1,4.02305,4,INH2O,!WP1001!WP1002!WP1003!WP1006!WP1007!WP1014!hist14!CP1004,1
2026-07-15 14:19:02.3,1FP,B56,ID FAN A INLET DAMPER FEEDBACK,,HHABS,ID FAN A DAMPER 80 %,RTN,1,78.9741,80,PCT,!WP1001!WP1002!WP1003!WP1006!WP1007!WP1014!hist14!CP1001,1
2026-07-15 14:19:02.8,1FP,B58,ID FAN B INLET DAMPER FEEDBACK,,HHABS,IDF B DAMPER 80%,RTN,1,78.9976,80,PCT,!WP1001!WP1002!WP1003!WP1006!WP1007!WP1014!hist14!CP1001,1
2026-07-15 14:19:02.3,1PDF,SLPSL0001,PULV LOW SEAL AIR HDR DIFF PRESS,,LOABS,PULV LOW SEAL AIR HDR DIFF PRESS,ALM,1,3.92725,4,INH2O,!WP1001!WP1002!WP1003!WP1006!WP1007!WP1014!hist14!CP1004,1
2026-07-15 14:19:08.3,1FP,B86,ID FAN C INLET DAMPER FEEDBACK,,HHABS,ID FAN C DAMPER 80 %,RTN,1,78.9964,80,PCT,!WP1001!WP1002!WP1003!WP1006!WP1007!WP1014!hist14!CP1001,1
2026-07-15 14:19:09.3,1PDF,SLPSL0001,PULV LOW SEAL AIR HDR DIFF PRESS,,LOABS,PULV LOW SEAL AIR HDR DIFF PRESS,RTN,1,4.05088,4,INH2O,!WP1001!WP1002!WP1003!WP1006!WP1007!WP1014!hist14!CP1004,1
2026-07-15 14:19:11.3,1PDF,SLPSL0001,PULV LOW SEAL AIR HDR DIFF PRESS,,LOABS,PULV LOW SEAL AIR HDR DIFF PRESS,ALM,1,3.97119,4,INH2O,!WP1001!WP1002!WP1003!WP1006!WP1007!WP1014!hist14!CP1004,1
2026-07-15 14:19:18.3,1PDF,SLPSL0001,PULV LOW SEAL AIR HDR DIFF PRESS,,LOABS,PULV LOW SEAL AIR HDR DIFF PRESS,RTN,1,4.04854,4,INH2O,!WP1001!WP1002!WP1003!WP1006!WP1007!WP1014!hist14!CP1004,1
2026-07-15 14:19:19.3,1PDF,SLPSL0001,PULV LOW SEAL AIR HDR DIFF PRESS,,LOABS,PULV LOW SEAL AIR HDR DIFF PRESS,ALM,1,3.97295,4,INH2O,!WP1001!WP1002!WP1003!WP1006!WP1007!WP1014!hist14!CP1004,1
2026-07-15 14:19:32.3,1BCS_7,IKTE3451,REHEAT TEMP RIGHT (NORM),,HIABS,HIGH,RTN,1,1007.12,1012.18,DEG.F,!WP1002!WP1006!WP1007!WP1001!WP1003!WP1014!hist14!CP1007,1
2026-07-15 14:19:39.8,1BCS_7,IKTE3751,REHEAT TEMP RIGHT (REDUNDANT),,HIABS,HIGH,RTN,1,1007.12,1012.18,DEG.F,!WP1002!WP1006!WP1007!WP1001!WP1003!WP1014!hist14!CP1007,1
2026-07-15 14:19:52.3,1PDF,SLPSL0001,PULV LOW SEAL AIR HDR DIFF PRESS,,LOABS,PULV LOW SEAL AIR HDR DIFF PRESS,RTN,1,4.03799,4,INH2O,!WP1001!WP1002!WP1003!WP1006!WP1007!WP1014!hist14!CP1004,1
2026-07-15 14:19:53.3,1PDF,SLPSL0001,PULV LOW SEAL AIR HDR DIFF PRESS,,LOABS,PULV LOW SEAL AIR HDR DIFF PRESS,ALM,1,3.96006,4,INH2O,!WP1001!WP1002!WP1003!WP1006!WP1007!WP1014!hist14!CP1004,1
2026-07-15 14:19:56.3,1PDF,SLPSL0001,PULV LOW SEAL AIR HDR DIFF PRESS,,LOABS,PULV LOW SEAL AIR HDR DIFF PRESS,RTN,1,4.0459,4,INH2O,!WP1001!WP1002!WP1003!WP1006!WP1007!WP1014!hist14!CP1004,1
2026-07-15 14:19:57.3,1PDF,SLPSL0001,PULV LOW SEAL AIR HDR DIFF PRESS,,LOABS,PULV LOW SEAL AIR HDR DIFF PRESS,ALM,1,3.97852,4,INH2O,!WP1001!WP1002!WP1003!WP1006!WP1007!WP1014!hist14!CP1004,1
2026-07-15 14:19:58.3,1PDF,SLPSL0001,PULV LOW SEAL AIR HDR DIFF PRESS,,LOABS,PULV LOW SEAL AIR HDR DIFF PRESS,RTN,1,4.06523,4,INH2O,!WP1001!WP1002!WP1003!WP1006!WP1007!WP1014!hist14!CP1004,1
2026-07-15 14:20:04.3,1PDF,SLPSL0001,PULV LOW SEAL AIR HDR DIFF PRESS,,LOABS,PULV LOW SEAL AIR HDR DIFF PRESS,ALM,1,3.97471,4,INH2O,!WP1001!WP1002!WP1003!WP1006!WP1007!WP1014!hist14!CP1004,1
2026-07-15 14:20:06.3,1PDF,SLPSL0001,PULV LOW SEAL AIR HDR DIFF PRESS,,LOABS,PULV LOW SEAL AIR HDR DIFF PRESS,RTN,1,4.06084,4,INH2O,!WP1001!WP1002!WP1003!WP1006!WP1007!WP1014!hist14!CP1004,1
2026-07-15 14:20:11.3,1PDF,SLPSL0001,PULV LOW SEAL AIR HDR DIFF PRESS,,LOABS,PULV LOW SEAL AIR HDR DIFF PRESS,ALM,1,3.99961,4,INH2O,!WP1001!WP1002!WP1003!WP1006!WP1007!WP1014!hist14!CP1004,1
2026-07-15 14:20:17.3,1PDF,SLPSL0001,PULV LOW SEAL AIR HDR DIFF PRESS,,LOABS,PULV LOW SEAL AIR HDR DIFF PRESS,RTN,1,4.02598,4,INH2O,!WP1001!WP1002!WP1003!WP1006!WP1007!WP1014!hist14!CP1004,1
2026-07-15 14:20:18.3,1PDF,SLPSL0001,PULV LOW SEAL AIR HDR DIFF PRESS,,LOABS,PULV LOW SEAL AIR HDR DIFF PRESS,ALM,1,3.96504,4,INH2O,!WP1001!WP1002!WP1003!WP1006!WP1007!WP1014!hist14!CP1004,1
2026-07-15 14:20:37.3,1FP,B86,ID FAN C INLET DAMPER FEEDBACK,,HHABS,ID FAN C DAMPER 80 %,ALM,1,80.0012,80,PCT,!WP1001!WP1002!WP1003!WP1006!WP1007!WP1014!hist14!CP1001,1
2026-07-15 14:20:38.3,1PDF,SLPSL0001,PULV LOW SEAL AIR HDR DIFF PRESS,,LOABS,PULV LOW SEAL AIR HDR DIFF PRESS,RTN,1,4.02979,4,INH2O,!WP1001!WP1002!WP1003!WP1006!WP1007!WP1014!hist14!CP1004,1
2026-07-15 14:20:39.3,1PDF,SLPSL0001,PULV LOW SEAL AIR HDR DIFF PRESS,,LOABS,PULV LOW SEAL AIR HDR DIFF PRESS,ALM,1,3.92227,4,INH2O,!WP1001!WP1002!WP1003!WP1006!WP1007!WP1014!hist14!CP1004,1
2026-07-15 14:20:40.8,1FP,B58,ID FAN B INLET DAMPER FEEDBACK,,HHABS,IDF B DAMPER 80%,ALM,1,80.0525,80,PCT,!WP1001!WP1002!WP1003!WP1006!WP1007!WP1014!hist14!CP1001,1
2026-07-15 14:20:41.3,1FP,B56,ID FAN A INLET DAMPER FEEDBACK,,HHABS,ID FAN A DAMPER 80 %,ALM,1,80.0122,80,PCT,!WP1001!WP1002!WP1003!WP1006!WP1007!WP1014!hist14!CP1001,1
2026-07-15 14:20:42.3,1PDF,SLPSL0001,PULV LOW SEAL AIR HDR DIFF PRESS,,LOABS,PULV LOW SEAL AIR HDR DIFF PRESS,RTN,1,4.07256,4,INH2O,!WP1001!WP1002!WP1003!WP1006!WP1007!WP1014!hist14!CP1004,1
2026-07-15 14:20:48.3,1BCS_7,IKTE3441,REHEAT TEMP LEFT (NORM),,HIABS,HIGH,RTN,1,1007.07,1012.18,DEG.F,!WP1002!WP1006!WP1007!WP1001!WP1003!WP1014!hist14!CP1007,1
2026-07-15 14:20:50.8,1BCS_7,IKTE3741,REHEAT TEMP LEFT (REDUNDANT),,HIABS,HIGH,RTN,1,1007.12,1012.18,DEG.F,!WP1002!WP1006!WP1007!WP1001!WP1003!WP1014!hist14!CP1007,1
2026-07-15 14:22:09.3,1PDF,SLPSL0001,PULV LOW SEAL AIR HDR DIFF PRESS,,LOABS,PULV LOW SEAL AIR HDR DIFF PRESS,ALM,1,3.97559,4,INH2O,!WP1001!WP1002!WP1003!WP1006!WP1007!WP1014!hist14!CP1004,1
2026-07-15 14:22:10.3,1PDF,SLPSL0001,PULV LOW SEAL AIR HDR DIFF PRESS,,LOABS,PULV LOW SEAL AIR HDR DIFF PRESS,RTN,1,4.01191,4,INH2O,!WP1001!WP1002!WP1003!WP1006!WP1007!WP1014!hist14!CP1004,1
2026-07-15 14:22:16.2,1FG_B,5706TX_ALM,BF B INLET OUTLET PRESS,FGPDIT5706,STATE,BF B INLET/OUTLET PRESS DEV,ALM,3,,,,!WP1001!WP1002!WP1003!WP1006!WP1007!WP1014!hist14!CP1015,1
2026-07-15 14:22:45.3,1PDF,SLPSL0001,PULV LOW SEAL AIR HDR DIFF PRESS,,LOABS,PULV LOW SEAL AIR HDR DIFF PRESS,ALM,1,3.97852,4,INH2O,!WP1001!WP1002!WP1003!WP1006!WP1007!WP1014!hist14!CP1004,1
2026-07-15 14:22:46.3,1PDF,SLPSL0001,PULV LOW SEAL AIR HDR DIFF PRESS,,LOABS,PULV LOW SEAL AIR HDR DIFF PRESS,RTN,1,4.06377,4,INH2O,!WP1001!WP1002!WP1003!WP1006!WP1007!WP1014!hist14!CP1004,1
2026-07-15 14:23:06.0,FD_FAN_VIB,A_FAN_VEL_AX,A FD FAN VEL AX,,HHABS,A FD FAN VEL AX HI HI VIB,RTN,1,4.49109,5,MILS,!WP1001!WP1002!WP1003!WP1006!WP1007!WP1014!hist14!CP1005,1
2026-07-15 14:23:08.3,1PDF,SLPSL0001,PULV LOW SEAL AIR HDR DIFF PRESS,,LOABS,PULV LOW SEAL AIR HDR DIFF PRESS,ALM,1,3.99287,4,INH2O,!WP1001!WP1002!WP1003!WP1006!WP1007!WP1014!hist14!CP1004,1
2026-07-15 14:23:09.3,1PDF,SLPSL0001,PULV LOW SEAL AIR HDR DIFF PRESS,,LOABS,PULV LOW SEAL AIR HDR DIFF PRESS,RTN,1,4.11445,4,INH2O,!WP1001!WP1002!WP1003!WP1006!WP1007!WP1014!hist14!CP1004,1
2026-07-15 14:23:50.3,1PDF,SLPSL0001,PULV LOW SEAL AIR HDR DIFF PRESS,,LOABS,PULV LOW SEAL AIR HDR DIFF PRESS,ALM,1,3.99375,4,INH2O,!WP1001!WP1002!WP1003!WP1006!WP1007!WP1014!hist14!CP1004,1
2026-07-15 14:23:51.3,1PDF,SLPSL0001,PULV LOW SEAL AIR HDR DIFF PRESS,,LOABS,PULV LOW SEAL AIR HDR DIFF PRESS,RTN,1,4.02451,4,INH2O,!WP1001!WP1002!WP1003!WP1006!WP1007!WP1014!hist14!CP1004,1
2026-07-15 14:26:20.0,IDFAN_PEEC,OPCY_ALM,PRECIP OUT > 50%,PRECIP OUTLET,STATE,ALARM,ALM,3,,,,!WP1001!WP1002!WP1003!WP1006!WP1007!WP1014!hist14!CP1003,1
2026-07-15 14:27:27.5,IDFAN_PEEC,OPCY_ALM,PRECIP OUT > 50%,PRECIP OUTLET,STATE,NORMAL,RTN,3,,,,!WP1001!WP1002!WP1003!WP1006!WP1007!WP1014!hist14!CP1003,1
2026-07-15 14:27:35.0,IDFAN_PEEC,OPCY_ALM,PRECIP OUT > 50%,PRECIP OUTLET,STATE,ALARM,ALM,3,,,,!WP1001!WP1002!WP1003!WP1006!WP1007!WP1014!hist14!CP1003,1
2026-07-15 14:27:45.5,IDFAN_PEEC,OPCY_ALM,PRECIP OUT > 50%,PRECIP OUTLET,STATE,NORMAL,RTN,3,,,,!WP1001!WP1002!WP1003!WP1006!WP1007!WP1014!hist14!CP1003,1
2026-07-15 14:27:54.5,IDFAN_PEEC,OPCY_ALM,PRECIP OUT > 50%,PRECIP OUTLET,STATE,ALARM,ALM,3,,,,!WP1001!WP1002!WP1003!WP1006!WP1007!WP1014!hist14!CP1003,1
2026-07-15 14:27:54.3,1PDF,SLPSL0001,PULV LOW SEAL AIR HDR DIFF PRESS,,LOABS,PULV LOW SEAL AIR HDR DIFF PRESS,ALM,1,3.99873,4,INH2O,!WP1001!WP1002!WP1003!WP1006!WP1007!WP1014!hist14!CP1004,1
2026-07-15 14:27:55.3,1PDF,SLPSL0001,PULV LOW SEAL AIR HDR DIFF PRESS,,LOABS,PULV LOW SEAL AIR HDR DIFF PRESS,RTN,1,4.06934,4,INH2O,!WP1001!WP1002!WP1003!WP1006!WP1007!WP1014!hist14!CP1004,1
2026-07-15 14:27:58.5,IDFAN_PEEC,OPCY_ALM,PRECIP OUT > 50%,PRECIP OUTLET,STATE,NORMAL,RTN,3,,,,!WP1001!WP1002!WP1003!WP1006!WP1007!WP1014!hist14!CP1003,1
2026-07-15 14:28:00.3,1PDF,SLPSL0001,PULV LOW SEAL AIR HDR DIFF PRESS,,LOABS,PULV LOW SEAL AIR HDR DIFF PRESS,ALM,1,3.9791,4,INH2O,!WP1001!WP1002!WP1003!WP1006!WP1007!WP1014!hist14!CP1004,1
2026-07-15 14:28:01.3,1PDF,SLPSL0001,PULV LOW SEAL AIR HDR DIFF PRESS,,LOABS,PULV LOW SEAL AIR HDR DIFF PRESS,RTN,1,4.01133,4,INH2O,!WP1001!WP1002!WP1003!WP1006!WP1007!WP1014!hist14!CP1004,1
2026-07-15 14:28:02.3,1PDF,SLPSL0001,PULV LOW SEAL AIR HDR DIFF PRESS,,LOABS,PULV LOW SEAL AIR HDR DIFF PRESS,ALM,1,3.96592,4,INH2O,!WP1001!WP1002!WP1003!WP1006!WP1007!WP1014!hist14!CP1004,1
2026-07-15 14:28:03.3,1PDF,SLPSL0001,PULV LOW SEAL AIR HDR DIFF PRESS,,LOABS,PULV LOW SEAL AIR HDR DIFF PRESS,RTN,1,4.04473,4,INH2O,!WP1001!WP1002!WP1003!WP1006!WP1007!WP1014!hist14!CP1004,1
2026-07-15 14:28:05.5,IDFAN_PEEC,OPCY_ALM,PRECIP OUT > 50%,PRECIP OUTLET,STATE,ALARM,ALM,3,,,,!WP1001!WP1002!WP1003!WP1006!WP1007!WP1014!hist14!CP1003,1
2026-07-15 14:28:06.3,1PDF,SLPSL0001,PULV LOW SEAL AIR HDR DIFF PRESS,,LOABS,PULV LOW SEAL AIR HDR DIFF PRESS,ALM,1,3.99756,4,INH2O,!WP1001!WP1002!WP1003!WP1006!WP1007!WP1014!hist14!CP1004,1
2026-07-15 14:28:10.0,IDFAN_PEEC,OPCY_ALM,PRECIP OUT > 50%,PRECIP OUTLET,STATE,NORMAL,RTN,3,,,,!WP1001!WP1002!WP1003!WP1006!WP1007!WP1014!hist14!CP1003,1
2026-07-15 14:28:24.3,1PDF,SLPSL0001,PULV LOW SEAL AIR HDR DIFF PRESS,,LOABS,PULV LOW SEAL AIR HDR DIFF PRESS,RTN,1,4.00459,4,INH2O,!WP1001!WP1002!WP1003!WP1006!WP1007!WP1014!hist14!CP1004,1
2026-07-15 14:28:26.3,1PDF,SLPSL0001,PULV LOW SEAL AIR HDR DIFF PRESS,,LOABS,PULV LOW SEAL AIR HDR DIFF PRESS,ALM,1,3.96445,4,INH2O,!WP1001!WP1002!WP1003!WP1006!WP1007!WP1014!hist14!CP1004,1
2026-07-15 14:28:31.3,1PDF,SLPSL0001,PULV LOW SEAL AIR HDR DIFF PRESS,,LOABS,PULV LOW SEAL AIR HDR DIFF PRESS,RTN,1,4.0459,4,INH2O,!WP1001!WP1002!WP1003!WP1006!WP1007!WP1014!hist14!CP1004,1
2026-07-15 14:28:36.3,1PDF,SLPSL0001,PULV LOW SEAL AIR HDR DIFF PRESS,,LOABS,PULV LOW SEAL AIR HDR DIFF PRESS,ALM,1,3.98789,4,INH2O,!WP1001!WP1002!WP1003!WP1006!WP1007!WP1014!hist14!CP1004,1
2026-07-15 14:28:49.3,1PDF,SLPSL0001,PULV LOW SEAL AIR HDR DIFF PRESS,,LOABS,PULV LOW SEAL AIR HDR DIFF PRESS,RTN,1,4.03564,4,INH2O,!WP1001!WP1002!WP1003!WP1006!WP1007!WP1014!hist14!CP1004,1
2026-07-15 14:28:53.3,1PDF,SLPSL0001,PULV LOW SEAL AIR HDR DIFF PRESS,,LOABS,PULV LOW SEAL AIR HDR DIFF PRESS,ALM,1,3.95713,4,INH2O,!WP1001!WP1002!WP1003!WP1006!WP1007!WP1014!hist14!CP1004,1
2026-07-15 14:28:56.3,1PDF,SLPSL0001,PULV LOW SEAL AIR HDR DIFF PRESS,,LOABS,PULV LOW SEAL AIR HDR DIFF PRESS,RTN,1,4.14346,4,INH2O,!WP1001!WP1002!WP1003!WP1006!WP1007!WP1014!hist14!CP1004,1
2026-07-15 14:29:32.6,1DAS3,ISTE2311,ALT SLOT NO 5 TMP,1425,HIABS,HIGH,ALM,5,170.008,170,DEG.F,!WP1002!WP1006!WP1007!WP1001!WP1003!WP1014!hist14!CP1006,1
2026-07-15 14:31:16.3,1PDF,SLPSL0001,PULV LOW SEAL AIR HDR DIFF PRESS,,LOABS,PULV LOW SEAL AIR HDR DIFF PRESS,ALM,1,3.92197,4,INH2O,!WP1001!WP1002!WP1003!WP1006!WP1007!WP1014!hist14!CP1004,1
2026-07-15 14:31:17.3,1PDF,SLPSL0001,PULV LOW SEAL AIR HDR DIFF PRESS,,LOABS,PULV LOW SEAL AIR HDR DIFF PRESS,RTN,1,4.01133,4,INH2O,!WP1001!WP1002!WP1003!WP1006!WP1007!WP1014!hist14!CP1004,1
2026-07-15 14:31:18.3,1PDF,SLPSL0001,PULV LOW SEAL AIR HDR DIFF PRESS,,LOABS,PULV LOW SEAL AIR HDR DIFF PRESS,ALM,1,3.97852,4,INH2O,!WP1001!WP1002!WP1003!WP1006!WP1007!WP1014!hist14!CP1004,1
2026-07-15 14:31:19.3,1PDF,SLPSL0001,PULV LOW SEAL AIR HDR DIFF PRESS,,LOABS,PULV LOW SEAL AIR HDR DIFF PRESS,RTN,1,4.1543,4,INH2O,!WP1001!WP1002!WP1003!WP1006!WP1007!WP1014!hist14!CP1004,1
2026-07-15 14:31:32.3,1PDF,SLPSL0001,PULV LOW SEAL AIR HDR DIFF PRESS,,LOABS,PULV LOW SEAL AIR HDR DIFF PRESS,ALM,1,3.95479,4,INH2O,!WP1001!WP1002!WP1003!WP1006!WP1007!WP1014!hist14!CP1004,1
2026-07-15 14:31:33.3,1PDF,SLPSL0001,PULV LOW SEAL AIR HDR DIFF PRESS,,LOABS,PULV LOW SEAL AIR HDR DIFF PRESS,RTN,1,4.00166,4,INH2O,!WP1001!WP1002!WP1003!WP1006!WP1007!WP1014!hist14!CP1004,1
2026-07-15 14:31:35.3,1PDF,SLPSL0001,PULV LOW SEAL AIR HDR DIFF PRESS,,LOABS,PULV LOW SEAL AIR HDR DIFF PRESS,ALM,1,3.98379,4,INH2O,!WP1001!WP1002!WP1003!WP1006!WP1007!WP1014!hist14!CP1004,1
2026-07-15 14:31:37.3,1PDF,SLPSL0001,PULV LOW SEAL AIR HDR DIFF PRESS,,LOABS,PULV LOW SEAL AIR HDR DIFF PRESS,RTN,1,4.0207,4,INH2O,!WP1001!WP1002!WP1003!WP1006!WP1007!WP1014!hist14!CP1004,1
2026-07-15 14:31:53.2,1FG_B,5706TX_ALM,BF B INLET OUTLET PRESS,FGPDIT5706,STATE,DEVIATION ALARM CLEAR,RTN,3,,,,!WP1001!WP1002!WP1003!WP1006!WP1007!WP1014!hist14!CP1015,1
2026-07-15 14:32:00.3,1PDF,SLPSL0001,PULV LOW SEAL AIR HDR DIFF PRESS,,LOABS,PULV LOW SEAL AIR HDR DIFF PRESS,ALM,1,3.99756,4,INH2O,!WP1001!WP1002!WP1003!WP1006!WP1007!WP1014!hist14!CP1004,1
2026-07-15 14:32:01.3,1PDF,SLPSL0001,PULV LOW SEAL AIR HDR DIFF PRESS,,LOABS,PULV LOW SEAL AIR HDR DIFF PRESS,RTN,1,4.1707,4,INH2O,!WP1001!WP1002!WP1003!WP1006!WP1007!WP1014!hist14!CP1004,1
2026-07-15 14:32:06.3,1PDF,SLPSL0001,PULV LOW SEAL AIR HDR DIFF PRESS,,LOABS,PULV LOW SEAL AIR HDR DIFF PRESS,ALM,1,3.95684,4,INH2O,!WP1001!WP1002!WP1003!WP1006!WP1007!WP1014!hist14!CP1004,1
2026-07-15 14:32:09.3,1PDF,SLPSL0001,PULV LOW SEAL AIR HDR DIFF PRESS,,LOABS,PULV LOW SEAL AIR HDR DIFF PRESS,RTN,1,4.0084,4,INH2O,!WP1001!WP1002!WP1003!WP1006!WP1007!WP1014!hist14!CP1004,1
2026-07-15 14:32:13.3,1PDF,SLPSL0001,PULV LOW SEAL AIR HDR DIFF PRESS,,LOABS,PULV LOW SEAL AIR HDR DIFF PRESS,ALM,1,3.98965,4,INH2O,!WP1001!WP1002!WP1003!WP1006!WP1007!WP1014!hist14!CP1004,1
2026-07-15 14:32:18.3,1PDF,SLPSL0001,PULV LOW SEAL AIR HDR DIFF PRESS,,LOABS,PULV LOW SEAL AIR HDR DIFF PRESS,RTN,1,4.05293,4,INH2O,!WP1001!WP1002!WP1003!WP1006!WP1007!WP1014!hist14!CP1004,1
2026-07-15 14:32:18.4,1DIA_GSM_ALM,DIAG_ALM4,MARK VIE DIAGNOSTIC ALARM,,STA_6,UPS A STATUS IN ALARM,ALM,5,0,0,,!WP1001!WP1002!WP1003!WP1006!WP1007!WP1014!hist14!CP1011,1
2026-07-15 14:32:26.5,1DAS11,ISPSH1131,LIGHTER OIL SUPPLY PRESS ALM,,HIABS,HI LIGHTER OIL SUPPLY PRESS,RTN,1,159.854,175,KPH,!WP1002!WP1006!WP1007!WP1001!WP1003!WP1014!hist14!CP1008,1
2026-07-15 14:32:37.3,1FP,B56,ID FAN A INLET DAMPER FEEDBACK,,HHABS,ID FAN A DAMPER 80 %,RTN,1,78.9914,80,PCT,!WP1001!WP1002!WP1003!WP1006!WP1007!WP1014!hist14!CP1001,1
2026-07-15 14:32:38.8,1FP,B58,ID FAN B INLET DAMPER FEEDBACK,,HHABS,IDF B DAMPER 80%,RTN,1,78.9803,80,PCT,!WP1001!WP1002!WP1003!WP1006!WP1007!WP1014!hist14!CP1001,1
2026-07-15 14:32:38.4,1DIA_GSM_ALM,DIAG_ALM4,MARK VIE DIAGNOSTIC ALARM,,STA_6,UPS A STATUS OK,RTN,5,0,0,,!WP1001!WP1002!WP1003!WP1006!WP1007!WP1014!hist14!CP1011,1
2026-07-15 14:32:39.8,1FP,B86,ID FAN C INLET DAMPER FEEDBACK,,HHABS,ID FAN C DAMPER 80 %,RTN,1,78.9914,80,PCT,!WP1001!WP1002!WP1003!WP1006!WP1007!WP1014!hist14!CP1001,1
2026-07-15 14:32:51.7,1FG_B,ZSH5701A,BF B BLADE PITCH,,HIABS,BLADE PITCH ALARM,RTN,3,69.834,70,%,!WP1001!WP1002!WP1003!WP1006!WP1007!WP1014!hist14!CP1015,1
2026-07-15 14:33:00.2,1FG_A,ZSH5601A,BF A BLADE PITCH,,HIABS,BLADE PITCH ALARM,RTN,3,69.8984,70,%,!WP1001!WP1002!WP1003!WP1006!WP1007!WP1014!hist14!CP1015,1
2026-07-15 14:33:24.7,1FG_A,ZSH5601A,BF A BLADE PITCH,,HIABS,BLADE PITCH ALARM,ALM,3,70.0254,70,%,!WP1001!WP1002!WP1003!WP1006!WP1007!WP1014!hist14!CP1015,1
2026-07-15 14:33:30.2,1FG_B,ZSH5701A,BF B BLADE PITCH,,HIABS,BLADE PITCH ALARM,ALM,3,70.1328,70,%,!WP1001!WP1002!WP1003!WP1006!WP1007!WP1014!hist14!CP1015,1
2026-07-15 14:33:57.8,1FP,B86,ID FAN C INLET DAMPER FEEDBACK,,HHABS,ID FAN C DAMPER 80 %,ALM,1,80.0244,80,PCT,!WP1001!WP1002!WP1003!WP1006!WP1007!WP1014!hist14!CP1001,1
2026-07-15 14:34:02.8,1FP,B58,ID FAN B INLET DAMPER FEEDBACK,,HHABS,IDF B DAMPER 80%,ALM,1,80.0171,80,PCT,!WP1001!WP1002!WP1003!WP1006!WP1007!WP1014!hist14!CP1001,1
2026-07-15 14:34:03.3,1FP,B56,ID FAN A INLET DAMPER FEEDBACK,,HHABS,ID FAN A DAMPER 80 %,ALM,1,80.0244,80,PCT,!WP1001!WP1002!WP1003!WP1006!WP1007!WP1014!hist14!CP1001,1
2026-07-15 14:34:07.6,1RPF_VIB,ARVI15554F,AR PMP F MTR IBRD SHAFT VIB-DE4,,HHABS,,ALM,1,4.50672,4.5,MILS,!WP1001!WP1002!WP1003!WP1006!WP1007!WP1014!hist14!CP1017,1
2026-07-15 14:34:48.3,1PDF,SLPSL0001,PULV LOW SEAL AIR HDR DIFF PRESS,,LOABS,PULV LOW SEAL AIR HDR DIFF PRESS,ALM,1,3.95361,4,INH2O,!WP1001!WP1002!WP1003!WP1006!WP1007!WP1014!hist14!CP1004,1
2026-07-15 14:34:49.3,1PDF,SLPSL0001,PULV LOW SEAL AIR HDR DIFF PRESS,,LOABS,PULV LOW SEAL AIR HDR DIFF PRESS,RTN,1,4.0667,4,INH2O,!WP1001!WP1002!WP1003!WP1006!WP1007!WP1014!hist14!CP1004,1
2026-07-15 14:35:17.8,1FP,B56,ID FAN A INLET DAMPER FEEDBACK,,HHABS,ID FAN A DAMPER 80 %,RTN,1,78.9853,80,PCT,!WP1001!WP1002!WP1003!WP1006!WP1007!WP1014!hist14!CP1001,1
2026-07-15 14:35:18.3,1FP,B58,ID FAN B INLET DAMPER FEEDBACK,,HHABS,IDF B DAMPER 80%,RTN,1,78.9914,80,PCT,!WP1001!WP1002!WP1003!WP1006!WP1007!WP1014!hist14!CP1001,1
2026-07-15 14:35:21.3,1FP,B86,ID FAN C INLET DAMPER FEEDBACK,,HHABS,ID FAN C DAMPER 80 %,RTN,1,78.9778,80,PCT,!WP1001!WP1002!WP1003!WP1006!WP1007!WP1014!hist14!CP1001,1
2026-07-15 14:35:42.2,1FG_B,5706TX_ALM,BF B INLET OUTLET PRESS,FGPDIT5706,STATE,BF B INLET/OUTLET PRESS DEV,ALM,3,,,,!WP1001!WP1002!WP1003!WP1006!WP1007!WP1014!hist14!CP1015,1
2026-07-15 14:36:20.7,1FG_B,5706TX_ALM,BF B INLET OUTLET PRESS,FGPDIT5706,STATE,DEVIATION ALARM CLEAR,RTN,3,,,,!WP1001!WP1002!WP1003!WP1006!WP1007!WP1014!hist14!CP1015,1
2026-07-15 14:37:35.8,1FP,B86,ID FAN C INLET DAMPER FEEDBACK,,HHABS,ID FAN C DAMPER 80 %,ALM,1,80.0122,80,PCT,!WP1001!WP1002!WP1003!WP1006!WP1007!WP1014!hist14!CP1001,1
2026-07-15 14:37:48.3,1FP,B58,ID FAN B INLET DAMPER FEEDBACK,,HHABS,IDF B DAMPER 80%,ALM,1,80.0391,80,PCT,!WP1001!WP1002!WP1003!WP1006!WP1007!WP1014!hist14!CP1001,1
2026-07-15 14:37:49.3,1FP,B56,ID FAN A INLET DAMPER FEEDBACK,,HHABS,ID FAN A DAMPER 80 %,ALM,1,80.0061,80,PCT,!WP1001!WP1002!WP1003!WP1006!WP1007!WP1014!hist14!CP1001,1
2026-07-15 14:38:51.7,1FG_B,5706TX_ALM,BF B INLET OUTLET PRESS,FGPDIT5706,STATE,BF B INLET/OUTLET PRESS DEV,ALM,3,,,,!WP1001!WP1002!WP1003!WP1006!WP1007!WP1014!hist14!CP1015,1
2026-07-15 14:38:56.2,1FG_B,5706TX_ALM,BF B INLET OUTLET PRESS,FGPDIT5706,STATE,DEVIATION ALARM CLEAR,RTN,3,,,,!WP1001!WP1002!WP1003!WP1006!WP1007!WP1014!hist14!CP1015,1
2026-07-15 14:39:18.7,1FG_B,5706TX_ALM,BF B INLET OUTLET PRESS,FGPDIT5706,STATE,BF B INLET/OUTLET PRESS DEV,ALM,3,,,,!WP1001!WP1002!WP1003!WP1006!WP1007!WP1014!hist14!CP1015,1
2026-07-15 14:42:31.3,1FP,B56,ID FAN A INLET DAMPER FEEDBACK,,HHABS,ID FAN A DAMPER 80 %,RTN,1,78.9642,80,PCT,!WP1001!WP1002!WP1003!WP1006!WP1007!WP1014!hist14!CP1001,1
2026-07-15 14:42:31.3,1FP,B58,ID FAN B INLET DAMPER FEEDBACK,,HHABS,IDF B DAMPER 80%,RTN,1,78.9877,80,PCT,!WP1001!WP1002!WP1003!WP1006!WP1007!WP1014!hist14!CP1001,1
2026-07-15 14:42:31.8,1FP,B86,ID FAN C INLET DAMPER FEEDBACK,,HHABS,ID FAN C DAMPER 80 %,RTN,1,78.9568,80,PCT,!WP1001!WP1002!WP1003!WP1006!WP1007!WP1014!hist14!CP1001,1
2026-07-15 14:42:51.7,1FG_B,5706TX_ALM,BF B INLET OUTLET PRESS,FGPDIT5706,STATE,DEVIATION ALARM CLEAR,RTN,3,,,,!WP1001!WP1002!WP1003!WP1006!WP1007!WP1014!hist14!CP1015,1
2026-07-15 14:42:54.3,1FUEL_SFTY,FPTX_ALM,DRAFT TRANSMITTER DEVIATION,,STATE,FURN DRAFT PRESS XMTR DEVIATION,ALM,5,,,,!WP1001!WP1002!WP1003!WP1006!WP1007!WP1014!hist14!CP1004,1
2026-07-15 14:42:54.7,1FG_A,ZSH5601A,BF A BLADE PITCH,,HIABS,BLADE PITCH ALARM,RTN,3,69.8945,70,%,!WP1001!WP1002!WP1003!WP1006!WP1007!WP1014!hist14!CP1015,1
2026-07-15 14:42:55.2,1FG_B,ZSH5701A,BF B BLADE PITCH,,HIABS,BLADE PITCH ALARM,RTN,3,69.8203,70,%,!WP1001!WP1002!WP1003!WP1006!WP1007!WP1014!hist14!CP1015,1
2026-07-15 14:43:01.3,1FUEL_SFTY,FPTX_ALM,DRAFT TRANSMITTER DEVIATION,,STATE,NO DEVIATION,RTN,5,,,,!WP1001!WP1002!WP1003!WP1006!WP1007!WP1014!hist14!CP1004,1
2026-07-15 14:43:02.3,1PDF,SLPSL0001,PULV LOW SEAL AIR HDR DIFF PRESS,,LOABS,PULV LOW SEAL AIR HDR DIFF PRESS,ALM,1,3.99111,4,INH2O,!WP1001!WP1002!WP1003!WP1006!WP1007!WP1014!hist14!CP1004,1
2026-07-15 14:43:03.3,1PDF,SLPSL0001,PULV LOW SEAL AIR HDR DIFF PRESS,,LOABS,PULV LOW SEAL AIR HDR DIFF PRESS,RTN,1,4.06816,4,INH2O,!WP1001!WP1002!WP1003!WP1006!WP1007!WP1014!hist14!CP1004,1
2026-07-15 14:45:15.2,1FG_A,ZSH5601A,BF A BLADE PITCH,,HIABS,BLADE PITCH ALARM,ALM,3,70.043,70,%,!WP1001!WP1002!WP1003!WP1006!WP1007!WP1014!hist14!CP1015,1
2026-07-15 14:45:23.7,1FG_B,ZSH5701A,BF B BLADE PITCH,,HIABS,BLADE PITCH ALARM,ALM,3,70.1348,70,%,!WP1001!WP1002!WP1003!WP1006!WP1007!WP1014!hist14!CP1015,1
2026-07-15 14:48:03.3,1PDF,SLPSL0001,PULV LOW SEAL AIR HDR DIFF PRESS,,LOABS,PULV LOW SEAL AIR HDR DIFF PRESS,ALM,1,3.98701,4,INH2O,!WP1001!WP1002!WP1003!WP1006!WP1007!WP1014!hist14!CP1004,1
2026-07-15 14:48:08.3,1PDF,SLPSL0001,PULV LOW SEAL AIR HDR DIFF PRESS,,LOABS,PULV LOW SEAL AIR HDR DIFF PRESS,RTN,1,4.05967,4,INH2O,!WP1001!WP1002!WP1003!WP1006!WP1007!WP1014!hist14!CP1004,1
2026-07-15 14:48:13.3,1PDF,SLPSL0001,PULV LOW SEAL AIR HDR DIFF PRESS,,LOABS,PULV LOW SEAL AIR HDR DIFF PRESS,ALM,1,3.99873,4,INH2O,!WP1001!WP1002!WP1003!WP1006!WP1007!WP1014!hist14!CP1004,1
2026-07-15 14:48:14.3,1PDF,SLPSL0001,PULV LOW SEAL AIR HDR DIFF PRESS,,LOABS,PULV LOW SEAL AIR HDR DIFF PRESS,RTN,1,4.03066,4,INH2O,!WP1001!WP1002!WP1003!WP1006!WP1007!WP1014!hist14!CP1004,1
2026-07-15 14:48:17.3,1PDF,SLPSL0001,PULV LOW SEAL AIR HDR DIFF PRESS,,LOABS,PULV LOW SEAL AIR HDR DIFF PRESS,ALM,1,3.95215,4,INH2O,!WP1001!WP1002!WP1003!WP1006!WP1007!WP1014!hist14!CP1004,1
2026-07-15 14:48:26.3,1PDF,SLPSL0001,PULV LOW SEAL AIR HDR DIFF PRESS,,LOABS,PULV LOW SEAL AIR HDR DIFF PRESS,RTN,1,4.03916,4,INH2O,!WP1001!WP1002!WP1003!WP1006!WP1007!WP1014!hist14!CP1004,1
2026-07-15 14:48:55.3,1PDF,SLPSL0001,PULV LOW SEAL AIR HDR DIFF PRESS,,LOABS,PULV LOW SEAL AIR HDR DIFF PRESS,ALM,1,3.97324,4,INH2O,!WP1001!WP1002!WP1003!WP1006!WP1007!WP1014!hist14!CP1004,1
2026-07-15 14:48:58.3,1PDF,SLPSL0001,PULV LOW SEAL AIR HDR DIFF PRESS,,LOABS,PULV LOW SEAL AIR HDR DIFF PRESS,RTN,1,4.04766,4,INH2O,!WP1001!WP1002!WP1003!WP1006!WP1007!WP1014!hist14!CP1004,1
2026-07-15 14:49:01.3,1PDF,SLPSL0001,PULV LOW SEAL AIR HDR DIFF PRESS,,LOABS,PULV LOW SEAL AIR HDR DIFF PRESS,ALM,1,3.96709,4,INH2O,!WP1001!WP1002!WP1003!WP1006!WP1007!WP1014!hist14!CP1004,1
2026-07-15 14:49:06.3,1PDF,SLPSL0001,PULV LOW SEAL AIR HDR DIFF PRESS,,LOABS,PULV LOW SEAL AIR HDR DIFF PRESS,RTN,1,4.05908,4,INH2O,!WP1001!WP1002!WP1003!WP1006!WP1007!WP1014!hist14!CP1004,1
2026-07-15 14:49:11.3,1PDF,SLPSL0001,PULV LOW SEAL AIR HDR DIFF PRESS,,LOABS,PULV LOW SEAL AIR HDR DIFF PRESS,ALM,1,3.99785,4,INH2O,!WP1001!WP1002!WP1003!WP1006!WP1007!WP1014!hist14!CP1004,1
2026-07-15 14:49:12.3,1PDF,SLPSL0001,PULV LOW SEAL AIR HDR DIFF PRESS,,LOABS,PULV LOW SEAL AIR HDR DIFF PRESS,RTN,1,4.00518,4,INH2O,!WP1001!WP1002!WP1003!WP1006!WP1007!WP1014!hist14!CP1004,1
2026-07-15 14:49:54.8,1FP,B56,ID FAN A INLET DAMPER FEEDBACK,,HHABS,ID FAN A DAMPER 80 %,ALM,1,80.0134,80,PCT,!WP1001!WP1002!WP1003!WP1006!WP1007!WP1014!hist14!CP1001,1
2026-07-15 14:49:54.8,1FP,B58,ID FAN B INLET DAMPER FEEDBACK,,HHABS,IDF B DAMPER 80%,ALM,1,80.0659,80,PCT,!WP1001!WP1002!WP1003!WP1006!WP1007!WP1014!hist14!CP1001,1
2026-07-15 14:49:54.3,1FP,B86,ID FAN C INLET DAMPER FEEDBACK,,HHABS,ID FAN C DAMPER 80 %,ALM,1,80.0586,80,PCT,!WP1001!WP1002!WP1003!WP1006!WP1007!WP1014!hist14!CP1001,1
2026-07-15 14:50:41.2,1FG_B,5706TX_ALM,BF B INLET OUTLET PRESS,FGPDIT5706,STATE,BF B INLET/OUTLET PRESS DEV,ALM,3,,,,!WP1001!WP1002!WP1003!WP1006!WP1007!WP1014!hist14!CP1015,1
2026-07-15 14:51:30.4,FD_FAN_VIB,A_FAN_VEL_AX,A FD FAN VEL AX,,HHABS,A FD FAN VEL AX HI HI VIB,ALM,1,5.01281,5,MILS,!WP1001!WP1002!WP1003!WP1006!WP1007!WP1014!hist14!CP1005,1
2026-07-15 14:53:07.3,1PDF,SLPSL0001,PULV LOW SEAL AIR HDR DIFF PRESS,,LOABS,PULV LOW SEAL AIR HDR DIFF PRESS,ALM,1,3.93428,4,INH2O,!WP1001!WP1002!WP1003!WP1006!WP1007!WP1014!hist14!CP1004,1
2026-07-15 14:53:12.3,1PDF,SLPSL0001,PULV LOW SEAL AIR HDR DIFF PRESS,,LOABS,PULV LOW SEAL AIR HDR DIFF PRESS,RTN,1,4.08457,4,INH2O,!WP1001!WP1002!WP1003!WP1006!WP1007!WP1014!hist14!CP1004,1
2026-07-15 14:53:48.4,FD_FAN_VIB,A_FAN_VEL_AX,A FD FAN VEL AX,,HHABS,A FD FAN VEL AX HI HI VIB,RTN,1,4.09438,5,MILS,!WP1001!WP1002!WP1003!WP1006!WP1007!WP1014!hist14!CP1005,1
2026-07-15 14:53:56.4,FD_FAN_VIB,A_FAN_VEL_AX,A FD FAN VEL AX,,HIABS,A FD FAN VEL AX HI VIB,RTN,1,2.38047,3,MILS,!WP1001!WP1002!WP1003!WP1006!WP1007!WP1014!hist14!CP1005,1
2026-07-15 14:54:16.3,1PDF,SLPSL0001,PULV LOW SEAL AIR HDR DIFF PRESS,,LOABS,PULV LOW SEAL AIR HDR DIFF PRESS,ALM,1,3.99932,4,INH2O,!WP1001!WP1002!WP1003!WP1006!WP1007!WP1014!hist14!CP1004,1
2026-07-15 14:54:17.3,1PDF,SLPSL0001,PULV LOW SEAL AIR HDR DIFF PRESS,,LOABS,PULV LOW SEAL AIR HDR DIFF PRESS,RTN,1,4.02217,4,INH2O,!WP1001!WP1002!WP1003!WP1006!WP1007!WP1014!hist14!CP1004,1
2026-07-15 14:54:47.3,1PDF,SLPSL0001,PULV LOW SEAL AIR HDR DIFF PRESS,,LOABS,PULV LOW SEAL AIR HDR DIFF PRESS,ALM,1,3.97734,4,INH2O,!WP1001!WP1002!WP1003!WP1006!WP1007!WP1014!hist14!CP1004,1
2026-07-15 14:54:51.3,1PDF,SLPSL0001,PULV LOW SEAL AIR HDR DIFF PRESS,,LOABS,PULV LOW SEAL AIR HDR DIFF PRESS,RTN,1,4.0207,4,INH2O,!WP1001!WP1002!WP1003!WP1006!WP1007!WP1014!hist14!CP1004,1
2026-07-15 14:54:52.3,1PDF,SLPSL0001,PULV LOW SEAL AIR HDR DIFF PRESS,,LOABS,PULV LOW SEAL AIR HDR DIFF PRESS,ALM,1,3.96826,4,INH2O,!WP1001!WP1002!WP1003!WP1006!WP1007!WP1014!hist14!CP1004,1
2026-07-15 14:54:53.3,1PDF,SLPSL0001,PULV LOW SEAL AIR HDR DIFF PRESS,,LOABS,PULV LOW SEAL AIR HDR DIFF PRESS,RTN,1,4.12354,4,INH2O,!WP1001!WP1002!WP1003!WP1006!WP1007!WP1014!hist14!CP1004,1
2026-07-15 14:54:55.4,FD_FAN_VIB,A_FAN_VEL_AX,A FD FAN VEL AX,,HIABS,A FD FAN VEL AX HI VIB,ALM,1,3.00047,3,MILS,!WP1001!WP1002!WP1003!WP1006!WP1007!WP1014!hist14!CP1005,1
2026-07-15 14:55:38.3,1PDF,SLPSL0001,PULV LOW SEAL AIR HDR DIFF PRESS,,LOABS,PULV LOW SEAL AIR HDR DIFF PRESS,ALM,1,3.9334,4,INH2O,!WP1001!WP1002!WP1003!WP1006!WP1007!WP1014!hist14!CP1004,1
2026-07-15 14:55:41.3,1PDF,SLPSL0001,PULV LOW SEAL AIR HDR DIFF PRESS,,LOABS,PULV LOW SEAL AIR HDR DIFF PRESS,RTN,1,4.0002,4,INH2O,!WP1001!WP1002!WP1003!WP1006!WP1007!WP1014!hist14!CP1004,1
2026-07-15 14:55:45.3,1PDF,SLPSL0001,PULV LOW SEAL AIR HDR DIFF PRESS,,LOABS,PULV LOW SEAL AIR HDR DIFF PRESS,ALM,1,3.99463,4,INH2O,!WP1001!WP1002!WP1003!WP1006!WP1007!WP1014!hist14!CP1004,1
2026-07-15 14:55:50.3,1PDF,SLPSL0001,PULV LOW SEAL AIR HDR DIFF PRESS,,LOABS,PULV LOW SEAL AIR HDR DIFF PRESS,RTN,1,4.07314,4,INH2O,!WP1001!WP1002!WP1003!WP1006!WP1007!WP1014!hist14!CP1004,1
2026-07-15 14:56:16.4,FD_FAN_VIB,A_FAN_VEL_AX,A FD FAN VEL AX,,HIABS,A FD FAN VEL AX HI VIB,RTN,1,2.32797,3,MILS,!WP1001!WP1002!WP1003!WP1006!WP1007!WP1014!hist14!CP1005,1
2026-07-15 14:57:27.4,FD_FAN_VIB,A_FAN_VEL_AX,A FD FAN VEL AX,,HIABS,A FD FAN VEL AX HI VIB,ALM,1,3.10156,3,MILS,!WP1001!WP1002!WP1003!WP1006!WP1007!WP1014!hist14!CP1005,1
2026-07-15 14:58:05.3,FD_FAN_VIB,A_FAN_VEL_AX,A FD FAN VEL AX,,HIABS,A FD FAN VEL AX HI VIB,RTN,1,2.49203,3,MILS,!WP1001!WP1002!WP1003!WP1006!WP1007!WP1014!hist14!CP1005,1
2026-07-15 14:58:56.6,1AR_LS,DEV_5803,LS SYS B,,STATE,VALVE 5803 DEVIATION,ALM,3,,,,!WP1001!WP1002!WP1003!WP1006!WP1007!WP1014!hist14!CP1017,1
2026-07-15 14:59:33.1,1AR_LS,DEV_5803,LS SYS B,,STATE,,RTN,3,,,,!WP1001!WP1002!WP1003!WP1006!WP1007!WP1014!hist14!CP1017,1
2026-07-15 14:59:48.3,1PDF,SLPSL0001,PULV LOW SEAL AIR HDR DIFF PRESS,,LOABS,PULV LOW SEAL AIR HDR DIFF PRESS,ALM,1,3.96035,4,INH2O,!WP1001!WP1002!WP1003!WP1006!WP1007!WP1014!hist14!CP1004,1
2026-07-15 14:59:54.3,1PDF,SLPSL0001,PULV LOW SEAL AIR HDR DIFF PRESS,,LOABS,PULV LOW SEAL AIR HDR DIFF PRESS,RTN,1,4.00752,4,INH2O,!WP1001!WP1002!WP1003!WP1006!WP1007!WP1014!hist14!CP1004,1
2026-07-15 14:59:58.3,1PDF,SLPSL0001,PULV LOW SEAL AIR HDR DIFF PRESS,,LOABS,PULV LOW SEAL AIR HDR DIFF PRESS,ALM,1,3.92021,4,INH2O,!WP1001!WP1002!WP1003!WP1006!WP1007!WP1014!hist14!CP1004,1
2026-07-15 15:00:19.3,1PDF,SLPSL0001,PULV LOW SEAL AIR HDR DIFF PRESS,,LOABS,PULV LOW SEAL AIR HDR DIFF PRESS,RTN,1,4.06875,4,INH2O,!WP1001!WP1002!WP1003!WP1006!WP1007!WP1014!hist14!CP1004,1
2026-07-15 15:00:21.0,FD_FAN_VIB,A_FAN_VEL_AX,A FD FAN VEL AX,,HIABS,A FD FAN VEL AX HI VIB,ALM,1,3.07281,3,MILS,!WP1001!WP1002!WP1003!WP1006!WP1007!WP1014!hist14!CP1005,1
2026-07-15 15:00:23.3,1PDF,SLPSL0001,PULV LOW SEAL AIR HDR DIFF PRESS,,LOABS,PULV LOW SEAL AIR HDR DIFF PRESS,ALM,1,3.95772,4,INH2O,!WP1001!WP1002!WP1003!WP1006!WP1007!WP1014!hist14!CP1004,1
2026-07-15 15:00:27.3,1PDF,SLPSL0001,PULV LOW SEAL AIR HDR DIFF PRESS,,LOABS,PULV LOW SEAL AIR HDR DIFF PRESS,RTN,1,4.00781,4,INH2O,!WP1001!WP1002!WP1003!WP1006!WP1007!WP1014!hist14!CP1004,1
2026-07-15 15:00:30.3,1PDF,SLPSL0001,PULV LOW SEAL AIR HDR DIFF PRESS,,LOABS,PULV LOW SEAL AIR HDR DIFF PRESS,ALM,1,3.96709,4,INH2O,!WP1001!WP1002!WP1003!WP1006!WP1007!WP1014!hist14!CP1004,1
2026-07-15 15:00:31.3,1PDF,SLPSL0001,PULV LOW SEAL AIR HDR DIFF PRESS,,LOABS,PULV LOW SEAL AIR HDR DIFF PRESS,RTN,1,4.01777,4,INH2O,!WP1001!WP1002!WP1003!WP1006!WP1007!WP1014!hist14!CP1004,1
2026-07-15 15:00:32.3,1PDF,SLPSL0001,PULV LOW SEAL AIR HDR DIFF PRESS,,LOABS,PULV LOW SEAL AIR HDR DIFF PRESS,ALM,1,3.88506,4,INH2O,!WP1001!WP1002!WP1003!WP1006!WP1007!WP1014!hist14!CP1004,1
2026-07-15 15:00:35.8,1TC,B21,DROOP ACTIVE,DROOP,STATE,ACTIVE,ALM,5,,,,!hist14!CP1001,2
2026-07-15 15:00:36.3,1TC,B21,DROOP ACTIVE,DROOP,STATE,NORMAL,RTN,5,,,,!hist14!CP1001,2
2026-07-15 15:00:37.8,1TC,B21,DROOP ACTIVE,DROOP,STATE,ACTIVE,ALM,5,,,,!hist14!CP1001,2
2026-07-15 15:00:38.3,1TC,B21,DROOP ACTIVE,DROOP,STATE,NORMAL,RTN,5,,,,!hist14!CP1001,2
2026-07-15 15:00:40.3,1TC,B21,DROOP ACTIVE,DROOP,STATE,ACTIVE,ALM,5,,,,!hist14!CP1001,2
2026-07-15 15:00:41.3,1TC,B21,DROOP ACTIVE,DROOP,STATE,NORMAL,RTN,5,,,,!hist14!CP1001,2
2026-07-15 15:00:50.3,1TC,B21,DROOP ACTIVE,DROOP,STATE,ACTIVE,ALM,5,,,,!hist14!CP1001,2
2026-07-15 15:00:57.8,1TC,B21,DROOP ACTIVE,DROOP,STATE,NORMAL,RTN,5,,,,!hist14!CP1001,2
2026-07-15 15:00:58.3,1TC,B21,DROOP ACTIVE,DROOP,STATE,ACTIVE,ALM,5,,,,!hist14!CP1001,2
2026-07-15 15:01:00.3,1TC,B21,DROOP ACTIVE,DROOP,STATE,NORMAL,RTN,5,,,,!hist14!CP1001,2
2026-07-15 15:01:00.8,1TC,B21,DROOP ACTIVE,DROOP,STATE,ACTIVE,ALM,5,,,,!hist14!CP1001,2
2026-07-15 15:01:01.8,1TC,B21,DROOP ACTIVE,DROOP,STATE,NORMAL,RTN,5,,,,!hist14!CP1001,2
2026-07-15 15:01:05.8,1TC,B21,DROOP ACTIVE,DROOP,STATE,ACTIVE,ALM,5,,,,!hist14!CP1001,2
2026-07-15 15:01:07.3,1PDF,SLPSL0001,PULV LOW SEAL AIR HDR DIFF PRESS,,LOABS,PULV LOW SEAL AIR HDR DIFF PRESS,RTN,1,4.04443,4,INH2O,!WP1001!WP1002!WP1003!WP1006!WP1007!WP1014!hist14!CP1004,1
2026-07-15 15:01:08.3,1PDF,SLPSL0001,PULV LOW SEAL AIR HDR DIFF PRESS,,LOABS,PULV LOW SEAL AIR HDR DIFF PRESS,ALM,1,3.97119,4,INH2O,!WP1001!WP1002!WP1003!WP1006!WP1007!WP1014!hist14!CP1004,1
2026-07-15 15:01:09.3,1PDF,SLPSL0001,PULV LOW SEAL AIR HDR DIFF PRESS,,LOABS,PULV LOW SEAL AIR HDR DIFF PRESS,RTN,1,4.04824,4,INH2O,!WP1001!WP1002!WP1003!WP1006!WP1007!WP1014!hist14!CP1004,1
2026-07-15 15:01:10.8,1TC,B21,DROOP ACTIVE,DROOP,STATE,NORMAL,RTN,5,,,,!hist14!CP1001,2
2026-07-15 15:01:10.3,1PDF,SLPSL0001,PULV LOW SEAL AIR HDR DIFF PRESS,,LOABS,PULV LOW SEAL AIR HDR DIFF PRESS,ALM,1,3.95566,4,INH2O,!WP1001!WP1002!WP1003!WP1006!WP1007!WP1014!hist14!CP1004,1
2026-07-15 15:01:11.3,1PDF,SLPSL0001,PULV LOW SEAL AIR HDR DIFF PRESS,,LOABS,PULV LOW SEAL AIR HDR DIFF PRESS,RTN,1,4.06582,4,INH2O,!WP1001!WP1002!WP1003!WP1006!WP1007!WP1014!hist14!CP1004,1
2026-07-15 15:01:14.3,1PDF,SLPSL0001,PULV LOW SEAL AIR HDR DIFF PRESS,,LOABS,PULV LOW SEAL AIR HDR DIFF PRESS,ALM,1,3.90117,4,INH2O,!WP1001!WP1002!WP1003!WP1006!WP1007!WP1014!hist14!CP1004,1
2026-07-15 15:01:18.3,1TC,B21,DROOP ACTIVE,DROOP,STATE,ACTIVE,ALM,5,,,,!hist14!CP1001,2
2026-07-15 15:01:19.3,1PDF,SLPSL0001,PULV LOW SEAL AIR HDR DIFF PRESS,,LOABS,PULV LOW SEAL AIR HDR DIFF PRESS,RTN,1,4.03711,4,INH2O,!WP1001!WP1002!WP1003!WP1006!WP1007!WP1014!hist14!CP1004,1
2026-07-15 15:01:20.3,1TC,B21,DROOP ACTIVE,DROOP,STATE,NORMAL,RTN,5,,,,!hist14!CP1001,2
2026-07-15 15:01:22.3,1PDF,SLPSL0001,PULV LOW SEAL AIR HDR DIFF PRESS,,LOABS,PULV LOW SEAL AIR HDR DIFF PRESS,ALM,1,3.975,4,INH2O,!WP1001!WP1002!WP1003!WP1006!WP1007!WP1014!hist14!CP1004,1
2026-07-15 15:01:33.8,1TC,B21,DROOP ACTIVE,DROOP,STATE,ACTIVE,ALM,5,,,,!hist14!CP1001,2
2026-07-15 15:01:34.3,1TC,B21,DROOP ACTIVE,DROOP,STATE,NORMAL,RTN,5,,,,!hist14!CP1001,2
2026-07-15 15:01:35.8,1TC,B21,DROOP ACTIVE,DROOP,STATE,ACTIVE,ALM,5,,,,!hist14!CP1001,2
2026-07-15 15:01:37.3,1TC,B21,DROOP ACTIVE,DROOP,STATE,NORMAL,RTN,5,,,,!hist14!CP1001,2
2026-07-15 15:01:38.8,1TC,B21,DROOP ACTIVE,DROOP,STATE,ACTIVE,ALM,5,,,,!hist14!CP1001,2
2026-07-15 15:01:39.3,1TC,B21,DROOP ACTIVE,DROOP,STATE,NORMAL,RTN,5,,,,!hist14!CP1001,2
2026-07-15 15:01:42.8,1TC,B21,DROOP ACTIVE,DROOP,STATE,NORMAL,RTN,5,,,,!hist14!CP1001,2
2026-07-15 15:01:42.3,1TC,B21,DROOP ACTIVE,DROOP,STATE,ACTIVE,ALM,5,,,,!hist14!CP1001,2
2026-07-15 15:01:57.6,1DAS3,ISTE2291,ALT SLOT NO 3 TMP,1423,HIABS,HIGH,ALM,5,170.005,170,DEG.F,!WP1002!WP1006!WP1007!WP1001!WP1003!WP1014!hist14!CP1006,1
2026-07-15 15:01:59.3,1PDF,SLPSL0001,PULV LOW SEAL AIR HDR DIFF PRESS,,LOABS,PULV LOW SEAL AIR HDR DIFF PRESS,RTN,1,4.05352,4,INH2O,!WP1001!WP1002!WP1003!WP1006!WP1007!WP1014!hist14!CP1004,1
2026-07-15 15:02:04.3,1PDF,SLPSL0001,PULV LOW SEAL AIR HDR DIFF PRESS,,LOABS,PULV LOW SEAL AIR HDR DIFF PRESS,ALM,1,3.99844,4,INH2O,!WP1001!WP1002!WP1003!WP1006!WP1007!WP1014!hist14!CP1004,1
2026-07-15 15:02:08.3,1PDF,SLPSL0001,PULV LOW SEAL AIR HDR DIFF PRESS,,LOABS,PULV LOW SEAL AIR HDR DIFF PRESS,RTN,1,4.07637,4,INH2O,!WP1001!WP1002!WP1003!WP1006!WP1007!WP1014!hist14!CP1004,1
2026-07-15 15:02:13.3,1TC,B21,DROOP ACTIVE,DROOP,STATE,ACTIVE,ALM,5,,,,!hist14!CP1001,2
2026-07-15 15:02:13.3,1PDF,SLPSL0001,PULV LOW SEAL AIR HDR DIFF PRESS,,LOABS,PULV LOW SEAL AIR HDR DIFF PRESS,ALM,1,3.98877,4,INH2O,!WP1001!WP1002!WP1003!WP1006!WP1007!WP1014!hist14!CP1004,1
2026-07-15 15:02:17.8,1TC,B21,DROOP ACTIVE,DROOP,STATE,NORMAL,RTN,5,,,,!hist14!CP1001,2
2026-07-15 15:02:19.3,1TC,B21,DROOP ACTIVE,DROOP,STATE,ACTIVE,ALM,5,,,,!hist14!CP1001,2
2026-07-15 15:02:20.3,1TC,B21,DROOP ACTIVE,DROOP,STATE,NORMAL,RTN,5,,,,!hist14!CP1001,2
2026-07-15 15:02:30.3,1TC,B21,DROOP ACTIVE,DROOP,STATE,ACTIVE,ALM,5,,,,!hist14!CP1001,2
2026-07-15 15:02:31.8,1TC,B21,DROOP ACTIVE,DROOP,STATE,NORMAL,RTN,5,,,,!hist14!CP1001,2
2026-07-15 15:02:35.8,1TC,B21,DROOP ACTIVE,DROOP,STATE,ACTIVE,ALM,5,,,,!hist14!CP1001,2
2026-07-15 15:02:36.8,1TC,B21,DROOP ACTIVE,DROOP,STATE,NORMAL,RTN,5,,,,!hist14!CP1001,2
2026-07-15 15:02:43.3,1PDF,SLPSL0001,PULV LOW SEAL AIR HDR DIFF PRESS,,LOABS,PULV LOW SEAL AIR HDR DIFF PRESS,RTN,1,4.07256,4,INH2O,!WP1001!WP1002!WP1003!WP1006!WP1007!WP1014!hist14!CP1004,1
2026-07-15 15:02:46.8,1TC,B21,DROOP ACTIVE,DROOP,STATE,ACTIVE,ALM,5,,,,!hist14!CP1001,2
2026-07-15 15:02:53.8,1TC,B21,DROOP ACTIVE,DROOP,STATE,NORMAL,RTN,5,,,,!hist14!CP1001,2
2026-07-15 15:02:55.8,1TC,B21,DROOP ACTIVE,DROOP,STATE,ACTIVE,ALM,5,,,,!hist14!CP1001,2
2026-07-15 15:02:59.3,1TC,B21,DROOP ACTIVE,DROOP,STATE,NORMAL,RTN,5,,,,!hist14!CP1001,2
2026-07-15 15:03:00.3,1TC,B21,DROOP ACTIVE,DROOP,STATE,ACTIVE,ALM,5,,,,!hist14!CP1001,2
2026-07-15 15:03:01.3,1TC,B21,DROOP ACTIVE,DROOP,STATE,NORMAL,RTN,5,,,,!hist14!CP1001,2
2026-07-15 15:03:05.3,1PDF,SLPSL0001,PULV LOW SEAL AIR HDR DIFF PRESS,,LOABS,PULV LOW SEAL AIR HDR DIFF PRESS,ALM,1,3.97412,4,INH2O,!WP1001!WP1002!WP1003!WP1006!WP1007!WP1014!hist14!CP1004,1
2026-07-15 15:03:06.3,1PDF,SLPSL0001,PULV LOW SEAL AIR HDR DIFF PRESS,,LOABS,PULV LOW SEAL AIR HDR DIFF PRESS,RTN,1,4.03477,4,INH2O,!WP1001!WP1002!WP1003!WP1006!WP1007!WP1014!hist14!CP1004,1
2026-07-15 15:03:07.8,1TC,B21,DROOP ACTIVE,DROOP,STATE,ACTIVE,ALM,5,,,,!hist14!CP1001,2
2026-07-15 15:03:09.3,1TC,B21,DROOP ACTIVE,DROOP,STATE,NORMAL,RTN,5,,,,!hist14!CP1001,2
2026-07-15 15:03:10.8,1TC,B21,DROOP ACTIVE,DROOP,STATE,NORMAL,RTN,5,,,,!hist14!CP1001,2
2026-07-15 15:03:10.3,1TC,B21,DROOP ACTIVE,DROOP,STATE,ACTIVE,ALM,5,,,,!hist14!CP1001,2
2026-07-15 15:03:12.8,1TC,B21,DROOP ACTIVE,DROOP,STATE,ACTIVE,ALM,5,,,,!hist14!CP1001,2
2026-07-15 15:03:12.3,1PDF,SLPSL0001,PULV LOW SEAL AIR HDR DIFF PRESS,,LOABS,PULV LOW SEAL AIR HDR DIFF PRESS,ALM,1,3.92578,4,INH2O,!WP1001!WP1002!WP1003!WP1006!WP1007!WP1014!hist14!CP1004,1
2026-07-15 15:03:17.3,1PDF,SLPSL0001,PULV LOW SEAL AIR HDR DIFF PRESS,,LOABS,PULV LOW SEAL AIR HDR DIFF PRESS,RTN,1,4.02627,4,INH2O,!WP1001!WP1002!WP1003!WP1006!WP1007!WP1014!hist14!CP1004,1
2026-07-15 15:03:18.3,1TC,B21,DROOP ACTIVE,DROOP,STATE,NORMAL,RTN,5,,,,!hist14!CP1001,2
2026-07-15 15:03:18.3,1PDF,SLPSL0001,PULV LOW SEAL AIR HDR DIFF PRESS,,LOABS,PULV LOW SEAL AIR HDR DIFF PRESS,ALM,1,3.96299,4,INH2O,!WP1001!WP1002!WP1003!WP1006!WP1007!WP1014!hist14!CP1004,1
2026-07-15 15:03:20.8,1TC,B21,DROOP ACTIVE,DROOP,STATE,ACTIVE,ALM,5,,,,!hist14!CP1001,2
2026-07-15 15:03:21.3,1TC,B21,DROOP ACTIVE,DROOP,STATE,NORMAL,RTN,5,,,,!hist14!CP1001,2
2026-07-15 15:03:22.3,1TC,B21,DROOP ACTIVE,DROOP,STATE,ACTIVE,ALM,5,,,,!hist14!CP1001,2
2026-07-15 15:03:24.8,1TC,B21,DROOP ACTIVE,DROOP,STATE,NORMAL,RTN,5,,,,!hist14!CP1001,2
2026-07-15 15:03:31.3,1PDF,SLPSL0001,PULV LOW SEAL AIR HDR DIFF PRESS,,LOABS,PULV LOW SEAL AIR HDR DIFF PRESS,RTN,1,4.01807,4,INH2O,!WP1001!WP1002!WP1003!WP1006!WP1007!WP1014!hist14!CP1004,1
2026-07-15 15:03:34.3,1TC,B21,DROOP ACTIVE,DROOP,STATE,ACTIVE,ALM,5,,,,!hist14!CP1001,2
2026-07-15 15:03:35.3,1TC,B21,DROOP ACTIVE,DROOP,STATE,NORMAL,RTN,5,,,,!hist14!CP1001,2
2026-07-15 15:03:44.8,1TC,B21,DROOP ACTIVE,DROOP,STATE,ACTIVE,ALM,5,,,,!hist14!CP1001,2
2026-07-15 15:03:49.5,IDFAN_PEEC,OPCY_ALM,PRECIP OUT > 50%,PRECIP OUTLET,STATE,ALARM,ALM,3,,,,!WP1001!WP1002!WP1003!WP1006!WP1007!WP1014!hist14!CP1003,1
2026-07-15 15:03:51.3,1TC,B21,DROOP ACTIVE,DROOP,STATE,NORMAL,RTN,5,,,,!hist14!CP1001,2
2026-07-15 15:03:57.0,IDFAN_PEEC,OPCY_ALM,PRECIP OUT > 50%,PRECIP OUTLET,STATE,NORMAL,RTN,3,,,,!WP1001!WP1002!WP1003!WP1006!WP1007!WP1014!hist14!CP1003,1
2026-07-15 15:04:06.3,1TC,B21,DROOP ACTIVE,DROOP,STATE,ACTIVE,ALM,5,,,,!hist14!CP1001,2
2026-07-15 15:04:06.3,1PDF,SLPSL0001,PULV LOW SEAL AIR HDR DIFF PRESS,,LOABS,PULV LOW SEAL AIR HDR DIFF PRESS,ALM,1,3.9873,4,INH2O,!WP1001!WP1002!WP1003!WP1006!WP1007!WP1014!hist14!CP1004,1
2026-07-15 15:04:07.8,1TC,B21,DROOP ACTIVE,DROOP,STATE,NORMAL,RTN,5,,,,!hist14!CP1001,2
2026-07-15 15:04:07.3,1PDF,SLPSL0001,PULV LOW SEAL AIR HDR DIFF PRESS,,LOABS,PULV LOW SEAL AIR HDR DIFF PRESS,RTN,1,4.02832,4,INH2O,!WP1001!WP1002!WP1003!WP1006!WP1007!WP1014!hist14!CP1004,1
2026-07-15 15:04:09.3,1PDF,SLPSL0001,PULV LOW SEAL AIR HDR DIFF PRESS,,LOABS,PULV LOW SEAL AIR HDR DIFF PRESS,ALM,1,3.97998,4,INH2O,!WP1001!WP1002!WP1003!WP1006!WP1007!WP1014!hist14!CP1004,1
2026-07-15 15:04:20.3,1PDF,SLPSL0001,PULV LOW SEAL AIR HDR DIFF PRESS,,LOABS,PULV LOW SEAL AIR HDR DIFF PRESS,RTN,1,4.0125,4,INH2O,!WP1001!WP1002!WP1003!WP1006!WP1007!WP1014!hist14!CP1004,1
2026-07-15 15:04:21.3,1PDF,SLPSL0001,PULV LOW SEAL AIR HDR DIFF PRESS,,LOABS,PULV LOW SEAL AIR HDR DIFF PRESS,ALM,1,3.98379,4,INH2O,!WP1001!WP1002!WP1003!WP1006!WP1007!WP1014!hist14!CP1004,1
2026-07-15 15:04:22.3,1PDF,SLPSL0001,PULV LOW SEAL AIR HDR DIFF PRESS,,LOABS,PULV LOW SEAL AIR HDR DIFF PRESS,RTN,1,4.0207,4,INH2O,!WP1001!WP1002!WP1003!WP1006!WP1007!WP1014!hist14!CP1004,1
2026-07-15 15:04:25.3,1TC,B21,DROOP ACTIVE,DROOP,STATE,ACTIVE,ALM,5,,,,!hist14!CP1001,2
2026-07-15 15:04:33.8,1TC,B21,DROOP ACTIVE,DROOP,STATE,NORMAL,RTN,5,,,,!hist14!CP1001,2
2026-07-15 15:04:36.3,1TC,B21,DROOP ACTIVE,DROOP,STATE,ACTIVE,ALM,5,,,,!hist14!CP1001,2
2026-07-15 15:04:39.3,1TC,B21,DROOP ACTIVE,DROOP,STATE,NORMAL,RTN,5,,,,!hist14!CP1001,2
2026-07-15 15:04:47.3,1TC,B21,DROOP ACTIVE,DROOP,STATE,ACTIVE,ALM,5,,,,!hist14!CP1001,2
2026-07-15 15:04:50.3,1TC,B21,DROOP ACTIVE,DROOP,STATE,NORMAL,RTN,5,,,,!hist14!CP1001,2
2026-07-15 15:04:50.8,1TC,B21,DROOP ACTIVE,DROOP,STATE,ACTIVE,ALM,5,,,,!hist14!CP1001,2
2026-07-15 15:04:51.8,1TC,B21,DROOP ACTIVE,DROOP,STATE,NORMAL,RTN,5,,,,!hist14!CP1001,2
2026-07-15 15:04:53.8,1TC,B21,DROOP ACTIVE,DROOP,STATE,ACTIVE,ALM,5,,,,!hist14!CP1001,2
2026-07-15 15:04:54.3,1PDF,SLPSL0001,PULV LOW SEAL AIR HDR DIFF PRESS,,LOABS,PULV LOW SEAL AIR HDR DIFF PRESS,ALM,1,3.96768,4,INH2O,!WP1001!WP1002!WP1003!WP1006!WP1007!WP1014!hist14!CP1004,1
2026-07-15 15:04:58.3,1TC,B21,DROOP ACTIVE,DROOP,STATE,NORMAL,RTN,5,,,,!hist14!CP1001,2
2026-07-15 15:05:06.8,1TC,B21,DROOP ACTIVE,DROOP,STATE,ACTIVE,ALM,5,,,,!hist14!CP1001,2
2026-07-15 15:05:10.3,1TC,B21,DROOP ACTIVE,DROOP,STATE,NORMAL,RTN,5,,,,!hist14!CP1001,2
2026-07-15 15:05:10.3,1PDF,SLPSL0001,PULV LOW SEAL AIR HDR DIFF PRESS,,LOABS,PULV LOW SEAL AIR HDR DIFF PRESS,RTN,1,4.10977,4,INH2O,!WP1001!WP1002!WP1003!WP1006!WP1007!WP1014!hist14!CP1004,1
2026-07-15 15:05:11.3,1PDF,SLPSL0001,PULV LOW SEAL AIR HDR DIFF PRESS,,LOABS,PULV LOW SEAL AIR HDR DIFF PRESS,ALM,1,3.99814,4,INH2O,!WP1001!WP1002!WP1003!WP1006!WP1007!WP1014!hist14!CP1004,1
2026-07-15 15:05:12.3,1PDF,SLPSL0001,PULV LOW SEAL AIR HDR DIFF PRESS,,LOABS,PULV LOW SEAL AIR HDR DIFF PRESS,RTN,1,4.0207,4,INH2O,!WP1001!WP1002!WP1003!WP1006!WP1007!WP1014!hist14!CP1004,1
2026-07-15 15:05:18.8,1TC,B21,DROOP ACTIVE,DROOP,STATE,ACTIVE,ALM,5,,,,!hist14!CP1001,2
2026-07-15 15:05:21.3,1TC,B21,DROOP ACTIVE,DROOP,STATE,NORMAL,RTN,5,,,,!hist14!CP1001,2
2026-07-15 15:05:29.5,PAC_PLC,ACI_FDR_A_TR,ACI FDR A AC-WIC-5007 TRBLE ALM,,CHANGE,PAC FEEDER A TROUBLE,ALM,1,,,,!WP1001!WP1002!WP1003!WP1006!WP1007!WP1014!hist14!CP1003,1
2026-07-15 15:05:32.5,PAC_PLC,ACI_FDR_A_TR,ACI FDR A AC-WIC-5007 TRBLE ALM,,CHANGE,PAC FEEDER A TROUBLE,ALM,1,,,,!WP1001!WP1002!WP1003!WP1006!WP1007!WP1014!hist14!CP1003,1
2026-07-15 15:05:43.1,1AB_PYRITE,ABMO5173AAL1,SLUICE PMP A,,STA_4,DISCHARGE PRESS >= 50 PSIG,RTN,1,291.594,0,,!WP1002!WP1011!WP1001!hist14!CP1020,1
2026-07-15 15:05:43.0,1AB_PYRITE,ABMO5173AII,PYRITES SLC PMP A MOTOR CURRENT,,IOBAD,BAD CHANNEL,ALM,3,,,,!WP1002!WP1011!WP1001!hist14!CP1020,1
2026-07-15 15:05:43.4,1AB_PYRITE,ABMO5173AII,PYRITES SLC PMP A MOTOR CURRENT,,HIABS,HI,ALM,3,291.594,215,AMPS,!WP1002!WP1011!WP1001!hist14!CP1020,1
2026-07-15 15:05:43.4,1AB_PYRITE,ABMO5173AII,PYRITES SLC PMP A MOTOR CURRENT,,HHABS,HIHI,ALM,3,291.594,230,AMPS,!WP1002!WP1011!WP1001!hist14!CP1020,1
2026-07-15 15:05:44.4,1AB_PYRITE,ABMO5173AII,PYRITES SLC PMP A MOTOR CURRENT,,IOBAD,BAD CHANNEL,RTN,3,,,,!WP1002!WP1011!WP1001!hist14!CP1020,1
2026-07-15 15:05:44.0,1AB_PYRITE,ABMO5173AII,PYRITES SLC PMP A MOTOR CURRENT,,HIABS,HI,RTN,3,83.7656,215,AMPS,!WP1002!WP1011!WP1001!hist14!CP1020,1
2026-07-15 15:05:44.0,1AB_PYRITE,ABMO5173AII,PYRITES SLC PMP A MOTOR CURRENT,,HHABS,HIHI,RTN,3,83.7656,230,AMPS,!WP1002!WP1011!WP1001!hist14!CP1020,1
2026-07-15 15:05:47.3,1TC,B21,DROOP ACTIVE,DROOP,STATE,ACTIVE,ALM,5,,,,!hist14!CP1001,2
2026-07-15 15:05:48.1,1AB_PYRITE,ABMO5173AAL1,SLUICE PMP A,,STA_4,DISCHARGE PRESS < 50 PSIG,ALM,1,83.7656,0,,!WP1002!WP1011!WP1001!hist14!CP1020,1
2026-07-15 15:05:50.8,1TC,B21,DROOP ACTIVE,DROOP,STATE,NORMAL,RTN,5,,,,!hist14!CP1001,2
2026-07-15 15:06:07.3,1PDF,SLPSL0001,PULV LOW SEAL AIR HDR DIFF PRESS,,LOABS,PULV LOW SEAL AIR HDR DIFF PRESS,ALM,1,3.96357,4,INH2O,!WP1001!WP1002!WP1003!WP1006!WP1007!WP1014!hist14!CP1004,1
2026-07-15 15:06:11.3,1PDF,SLPSL0001,PULV LOW SEAL AIR HDR DIFF PRESS,,LOABS,PULV LOW SEAL AIR HDR DIFF PRESS,RTN,1,4.06963,4,INH2O,!WP1001!WP1002!WP1003!WP1006!WP1007!WP1014!hist14!CP1004,1
2026-07-15 15:06:27.3,1PDF,SLPSL0001,PULV LOW SEAL AIR HDR DIFF PRESS,,LOABS,PULV LOW SEAL AIR HDR DIFF PRESS,ALM,1,3.98965,4,INH2O,!WP1001!WP1002!WP1003!WP1006!WP1007!WP1014!hist14!CP1004,1
2026-07-15 15:06:28.3,1PDF,SLPSL0001,PULV LOW SEAL AIR HDR DIFF PRESS,,LOABS,PULV LOW SEAL AIR HDR DIFF PRESS,RTN,1,4.04414,4,INH2O,!WP1001!WP1002!WP1003!WP1006!WP1007!WP1014!hist14!CP1004,1
2026-07-15 15:06:31.3,1PDF,SLPSL0001,PULV LOW SEAL AIR HDR DIFF PRESS,,LOABS,PULV LOW SEAL AIR HDR DIFF PRESS,ALM,1,3.98936,4,INH2O,!WP1001!WP1002!WP1003!WP1006!WP1007!WP1014!hist14!CP1004,1
2026-07-15 15:06:32.3,1PDF,SLPSL0001,PULV LOW SEAL AIR HDR DIFF PRESS,,LOABS,PULV LOW SEAL AIR HDR DIFF PRESS,RTN,1,4.0377,4,INH2O,!WP1001!WP1002!WP1003!WP1006!WP1007!WP1014!hist14!CP1004,1
2026-07-15 15:06:33.3,1PDF,SLPSL0001,PULV LOW SEAL AIR HDR DIFF PRESS,,LOABS,PULV LOW SEAL AIR HDR DIFF PRESS,ALM,1,3.90352,4,INH2O,!WP1001!WP1002!WP1003!WP1006!WP1007!WP1014!hist14!CP1004,1
2026-07-15 15:06:55.3,1PDF,SLPSL0001,PULV LOW SEAL AIR HDR DIFF PRESS,,LOABS,PULV LOW SEAL AIR HDR DIFF PRESS,RTN,1,4.02861,4,INH2O,!WP1001!WP1002!WP1003!WP1006!WP1007!WP1014!hist14!CP1004,1
2026-07-15 15:06:56.3,1PDF,SLPSL0001,PULV LOW SEAL AIR HDR DIFF PRESS,,LOABS,PULV LOW SEAL AIR HDR DIFF PRESS,ALM,1,3.98145,4,INH2O,!WP1001!WP1002!WP1003!WP1006!WP1007!WP1014!hist14!CP1004,1
2026-07-15 15:07:02.3,1PDF,SLPSL0001,PULV LOW SEAL AIR HDR DIFF PRESS,,LOABS,PULV LOW SEAL AIR HDR DIFF PRESS,RTN,1,4.02539,4,INH2O,!WP1001!WP1002!WP1003!WP1006!WP1007!WP1014!hist14!CP1004,1
2026-07-15 15:07:17.3,1PDF,SLPSL0001,PULV LOW SEAL AIR HDR DIFF PRESS,,LOABS,PULV LOW SEAL AIR HDR DIFF PRESS,ALM,1,3.88184,4,INH2O,!WP1001!WP1002!WP1003!WP1006!WP1007!WP1014!hist14!CP1004,1
2026-07-15 15:07:54.3,1PDF,SLPSL0001,PULV LOW SEAL AIR HDR DIFF PRESS,,LOABS,PULV LOW SEAL AIR HDR DIFF PRESS,RTN,1,4.02891,4,INH2O,!WP1001!WP1002!WP1003!WP1006!WP1007!WP1014!hist14!CP1004,1
2026-07-15 15:07:57.3,1PDF,SLPSL0001,PULV LOW SEAL AIR HDR DIFF PRESS,,LOABS,PULV LOW SEAL AIR HDR DIFF PRESS,ALM,1,3.96094,4,INH2O,!WP1001!WP1002!WP1003!WP1006!WP1007!WP1014!hist14!CP1004,1
2026-07-15 15:08:01.3,1PDF,SLPSL0001,PULV LOW SEAL AIR HDR DIFF PRESS,,LOABS,PULV LOW SEAL AIR HDR DIFF PRESS,RTN,1,4.01016,4,INH2O,!WP1001!WP1002!WP1003!WP1006!WP1007!WP1014!hist14!CP1004,1
2026-07-15 15:08:06.3,1PDF,SLPSL0001,PULV LOW SEAL AIR HDR DIFF PRESS,,LOABS,PULV LOW SEAL AIR HDR DIFF PRESS,ALM,1,3.94658,4,INH2O,!WP1001!WP1002!WP1003!WP1006!WP1007!WP1014!hist14!CP1004,1
2026-07-15 15:08:36.3,1PDF,SLPSL0001,PULV LOW SEAL AIR HDR DIFF PRESS,,LOABS,PULV LOW SEAL AIR HDR DIFF PRESS,RTN,1,4.04883,4,INH2O,!WP1001!WP1002!WP1003!WP1006!WP1007!WP1014!hist14!CP1004,1
2026-07-15 15:08:57.3,1PDF,SLPSL0001,PULV LOW SEAL AIR HDR DIFF PRESS,,LOABS,PULV LOW SEAL AIR HDR DIFF PRESS,ALM,1,3.99082,4,INH2O,!WP1001!WP1002!WP1003!WP1006!WP1007!WP1014!hist14!CP1004,1
2026-07-15 15:09:00.3,1PDF,SLPSL0001,PULV LOW SEAL AIR HDR DIFF PRESS,,LOABS,PULV LOW SEAL AIR HDR DIFF PRESS,RTN,1,4.01221,4,INH2O,!WP1001!WP1002!WP1003!WP1006!WP1007!WP1014!hist14!CP1004,1
2026-07-15 15:09:04.3,1PDF,SLPSL0001,PULV LOW SEAL AIR HDR DIFF PRESS,,LOABS,PULV LOW SEAL AIR HDR DIFF PRESS,ALM,1,3.96943,4,INH2O,!WP1001!WP1002!WP1003!WP1006!WP1007!WP1014!hist14!CP1004,1
2026-07-15 15:09:05.3,1PDF,SLPSL0001,PULV LOW SEAL AIR HDR DIFF PRESS,,LOABS,PULV LOW SEAL AIR HDR DIFF PRESS,RTN,1,4.00107,4,INH2O,!WP1001!WP1002!WP1003!WP1006!WP1007!WP1014!hist14!CP1004,1
2026-07-15 15:09:06.3,1PDF,SLPSL0001,PULV LOW SEAL AIR HDR DIFF PRESS,,LOABS,PULV LOW SEAL AIR HDR DIFF PRESS,ALM,1,3.95391,4,INH2O,!WP1001!WP1002!WP1003!WP1006!WP1007!WP1014!hist14!CP1004,1
2026-07-15 15:09:10.3,1PDF,SLPSL0001,PULV LOW SEAL AIR HDR DIFF PRESS,,LOABS,PULV LOW SEAL AIR HDR DIFF PRESS,RTN,1,4.05586,4,INH2O,!WP1001!WP1002!WP1003!WP1006!WP1007!WP1014!hist14!CP1004,1
2026-07-15 15:09:13.3,1PDF,SLPSL0001,PULV LOW SEAL AIR HDR DIFF PRESS,,LOABS,PULV LOW SEAL AIR HDR DIFF PRESS,ALM,1,3.96006,4,INH2O,!WP1001!WP1002!WP1003!WP1006!WP1007!WP1014!hist14!CP1004,1
2026-07-15 15:09:31.3,1PDF,SLPSL0001,PULV LOW SEAL AIR HDR DIFF PRESS,,LOABS,PULV LOW SEAL AIR HDR DIFF PRESS,RTN,1,4.00488,4,INH2O,!WP1001!WP1002!WP1003!WP1006!WP1007!WP1014!hist14!CP1004,1
2026-07-15 15:09:32.3,1PDF,SLPSL0001,PULV LOW SEAL AIR HDR DIFF PRESS,,LOABS,PULV LOW SEAL AIR HDR DIFF PRESS,ALM,1,3.96738,4,INH2O,!WP1001!WP1002!WP1003!WP1006!WP1007!WP1014!hist14!CP1004,1
2026-07-15 15:09:33.3,1PDF,SLPSL0001,PULV LOW SEAL AIR HDR DIFF PRESS,,LOABS,PULV LOW SEAL AIR HDR DIFF PRESS,RTN,1,4.0418,4,INH2O,!WP1001!WP1002!WP1003!WP1006!WP1007!WP1014!hist14!CP1004,1
2026-07-15 15:09:39.0,1AB_SCR_SEQ,SCR_HOP_T21,SCR HOPPER SEQ XV5109 TIMER,,PTARG,TIMEOUT,ALM,3,241,240,SEC,!WP1002!WP1011!WP1001!hist14!CP1020,1
2026-07-15 15:09:40.0,1AB_SCR_SEQ,SCR_HOP_T21,SCR HOPPER SEQ XV5109 TIMER,,PTARG,TIMEOUT,RTN,3,0,240,SEC,!WP1002!WP1011!WP1001!hist14!CP1020,1
2026-07-15 15:09:48.3,1PDF,SLPSL0001,PULV LOW SEAL AIR HDR DIFF PRESS,,LOABS,PULV LOW SEAL AIR HDR DIFF PRESS,ALM,1,3.97793,4,INH2O,!WP1001!WP1002!WP1003!WP1006!WP1007!WP1014!hist14!CP1004,1
2026-07-15 15:09:50.4,1PDF,SLPSL0001,PULV LOW SEAL AIR HDR DIFF PRESS,,LOABS,PULV LOW SEAL AIR HDR DIFF PRESS,RTN,1,4.02979,4,INH2O,!WP1001!WP1002!WP1003!WP1006!WP1007!WP1014!hist14!CP1004,1
2026-07-15 15:09:51.4,1PDF,SLPSL0001,PULV LOW SEAL AIR HDR DIFF PRESS,,LOABS,PULV LOW SEAL AIR HDR DIFF PRESS,ALM,1,3.97236,4,INH2O,!WP1001!WP1002!WP1003!WP1006!WP1007!WP1014!hist14!CP1004,1
2026-07-15 15:09:52.4,1PDF,SLPSL0001,PULV LOW SEAL AIR HDR DIFF PRESS,,LOABS,PULV LOW SEAL AIR HDR DIFF PRESS,RTN,1,4.00781,4,INH2O,!WP1001!WP1002!WP1003!WP1006!WP1007!WP1014!hist14!CP1004,1
2026-07-15 15:09:53.4,1PDF,SLPSL0001,PULV LOW SEAL AIR HDR DIFF PRESS,,LOABS,PULV LOW SEAL AIR HDR DIFF PRESS,ALM,1,3.97471,4,INH2O,!WP1001!WP1002!WP1003!WP1006!WP1007!WP1014!hist14!CP1004,1
2026-07-15 15:09:59.2,1FG_B,5706TX_ALM,BF B INLET OUTLET PRESS,FGPDIT5706,STATE,DEVIATION ALARM CLEAR,RTN,3,,,,!WP1001!WP1002!WP1003!WP1006!WP1007!WP1014!hist14!CP1015,1
2026-07-15 15:10:13.4,1PDF,SLPSL0001,PULV LOW SEAL AIR HDR DIFF PRESS,,LOABS,PULV LOW SEAL AIR HDR DIFF PRESS,RTN,1,4.00723,4,INH2O,!WP1001!WP1002!WP1003!WP1006!WP1007!WP1014!hist14!CP1004,1
2026-07-15 15:10:14.4,1PDF,SLPSL0001,PULV LOW SEAL AIR HDR DIFF PRESS,,LOABS,PULV LOW SEAL AIR HDR DIFF PRESS,ALM,1,3.95859,4,INH2O,!WP1001!WP1002!WP1003!WP1006!WP1007!WP1014!hist14!CP1004,1
2026-07-15 15:10:15.4,1PDF,SLPSL0001,PULV LOW SEAL AIR HDR DIFF PRESS,,LOABS,PULV LOW SEAL AIR HDR DIFF PRESS,RTN,1,4.03975,4,INH2O,!WP1001!WP1002!WP1003!WP1006!WP1007!WP1014!hist14!CP1004,1
2026-07-15 15:10:37.3,1PDF,SLPSL0001,PULV LOW SEAL AIR HDR DIFF PRESS,,LOABS,PULV LOW SEAL AIR HDR DIFF PRESS,ALM,1,3.98555,4,INH2O,!WP1001!WP1002!WP1003!WP1006!WP1007!WP1014!hist14!CP1004,1
2026-07-15 15:10:43.2,1FG_B,ZSH5701A,BF B BLADE PITCH,,HIABS,BLADE PITCH ALARM,RTN,3,69.8438,70,%,!WP1001!WP1002!WP1003!WP1006!WP1007!WP1014!hist14!CP1015,1
2026-07-15 15:10:48.4,1AB_PYRITE,SV_616AL,MILL HPR 1H EJCT  WTR VLV,MILL HOPPER 1,STATE,FAIL,ALM,3,,,,!WP1002!WP1011!WP1001!hist14!CP1020,1
2026-07-15 15:10:55.2,1FG_A,ZSH5601A,BF A BLADE PITCH,,HIABS,BLADE PITCH ALARM,RTN,3,69.7871,70,%,!WP1001!WP1002!WP1003!WP1006!WP1007!WP1014!hist14!CP1015,1
2026-07-15 15:11:05.8,1FP,B56,ID FAN A INLET DAMPER FEEDBACK,,HHABS,ID FAN A DAMPER 80 %,RTN,1,78.9383,80,PCT,!WP1001!WP1002!WP1003!WP1006!WP1007!WP1014!hist14!CP1001,1
2026-07-15 15:11:05.8,1FP,B58,ID FAN B INLET DAMPER FEEDBACK,,HHABS,IDF B DAMPER 80%,RTN,1,78.9865,80,PCT,!WP1001!WP1002!WP1003!WP1006!WP1007!WP1014!hist14!CP1001,1
2026-07-15 15:11:07.3,1FP,B86,ID FAN C INLET DAMPER FEEDBACK,,HHABS,ID FAN C DAMPER 80 %,RTN,1,78.989,80,PCT,!WP1001!WP1002!WP1003!WP1006!WP1007!WP1014!hist14!CP1001,1
2026-07-15 15:11:12.3,1FUEL_SFTY,FPTX_ALM,DRAFT TRANSMITTER DEVIATION,,STATE,FURN DRAFT PRESS XMTR DEVIATION,ALM,5,,,,!WP1001!WP1002!WP1003!WP1006!WP1007!WP1014!hist14!CP1004,1
2026-07-15 15:11:15.3,1FUEL_SFTY,FPTX_ALM,DRAFT TRANSMITTER DEVIATION,,STATE,NO DEVIATION,RTN,5,,,,!WP1001!WP1002!WP1003!WP1006!WP1007!WP1014!hist14!CP1004,1
2026-07-15 15:11:15.3,1PDF,SLPSL0001,PULV LOW SEAL AIR HDR DIFF PRESS,,LOABS,PULV LOW SEAL AIR HDR DIFF PRESS,RTN,1,4.03564,4,INH2O,!WP1001!WP1002!WP1003!WP1006!WP1007!WP1014!hist14!CP1004,1
2026-07-15 15:11:19.3,1PDF,SLPSL0001,PULV LOW SEAL AIR HDR DIFF PRESS,,LOABS,PULV LOW SEAL AIR HDR DIFF PRESS,ALM,1,3.82529,4,INH2O,!WP1001!WP1002!WP1003!WP1006!WP1007!WP1014!hist14!CP1004,1
2026-07-15 15:11:23.3,1PDF,SLPSL0001,PULV LOW SEAL AIR HDR DIFF PRESS,,LOABS,PULV LOW SEAL AIR HDR DIFF PRESS,RTN,1,4.07432,4,INH2O,!WP1001!WP1002!WP1003!WP1006!WP1007!WP1014!hist14!CP1004,1
2026-07-15 15:11:26.3,1PDF,SLPSL0001,PULV LOW SEAL AIR HDR DIFF PRESS,,LOABS,PULV LOW SEAL AIR HDR DIFF PRESS,ALM,1,3.9542,4,INH2O,!WP1001!WP1002!WP1003!WP1006!WP1007!WP1014!hist14!CP1004,1
2026-07-15 15:12:08.3,1PDF,SLPSL0001,PULV LOW SEAL AIR HDR DIFF PRESS,,LOABS,PULV LOW SEAL AIR HDR DIFF PRESS,RTN,1,4.03945,4,INH2O,!WP1001!WP1002!WP1003!WP1006!WP1007!WP1014!hist14!CP1004,1
2026-07-15 15:12:09.3,1PDF,SLPSL0001,PULV LOW SEAL AIR HDR DIFF PRESS,,LOABS,PULV LOW SEAL AIR HDR DIFF PRESS,ALM,1,3.95449,4,INH2O,!WP1001!WP1002!WP1003!WP1006!WP1007!WP1014!hist14!CP1004,1
2026-07-15 15:12:14.3,1PDF,SLPSL0001,PULV LOW SEAL AIR HDR DIFF PRESS,,LOABS,PULV LOW SEAL AIR HDR DIFF PRESS,RTN,1,4.02627,4,INH2O,!WP1001!WP1002!WP1003!WP1006!WP1007!WP1014!hist14!CP1004,1
2026-07-15 15:12:17.3,1PDF,SLPSL0001,PULV LOW SEAL AIR HDR DIFF PRESS,,LOABS,PULV LOW SEAL AIR HDR DIFF PRESS,ALM,1,3.95889,4,INH2O,!WP1001!WP1002!WP1003!WP1006!WP1007!WP1014!hist14!CP1004,1
2026-07-15 15:12:53.0,1AB_PYRITE,SV_616AL,MILL HPR 1H EJCT  WTR VLV,MILL HOPPER 1,STATE,OK,RTN,3,,,,!WP1002!WP1011!WP1001!hist14!CP1020,1
2026-07-15 15:12:54.3,1PDF,SLPSL0001,PULV LOW SEAL AIR HDR DIFF PRESS,,LOABS,PULV LOW SEAL AIR HDR DIFF PRESS,RTN,1,4.00635,4,INH2O,!WP1001!WP1002!WP1003!WP1006!WP1007!WP1014!hist14!CP1004,1
2026-07-15 15:13:05.2,1FG_A,ZSH5601A,BF A BLADE PITCH,,HIABS,BLADE PITCH ALARM,ALM,3,70.0078,70,%,!WP1001!WP1002!WP1003!WP1006!WP1007!WP1014!hist14!CP1015,1
2026-07-15 15:13:06.2,1FG_B,ZSH5701A,BF B BLADE PITCH,,HIABS,BLADE PITCH ALARM,ALM,3,70.0488,70,%,!WP1001!WP1002!WP1003!WP1006!WP1007!WP1014!hist14!CP1015,1
2026-07-15 15:13:19.3,1PDF,SLPSL0001,PULV LOW SEAL AIR HDR DIFF PRESS,,LOABS,PULV LOW SEAL AIR HDR DIFF PRESS,ALM,1,3.96006,4,INH2O,!WP1001!WP1002!WP1003!WP1006!WP1007!WP1014!hist14!CP1004,1
2026-07-15 15:13:19.4,1AB_PYRITE,SV_615AL,MILL HPR 1G EJCT  WTR VLV,MILL HOPPER 1,STATE,FAIL,ALM,3,,,,!WP1002!WP1011!WP1001!hist14!CP1020,1
2026-07-15 15:13:28.3,1PDF,SLPSL0001,PULV LOW SEAL AIR HDR DIFF PRESS,,LOABS,PULV LOW SEAL AIR HDR DIFF PRESS,RTN,1,4.02832,4,INH2O,!WP1001!WP1002!WP1003!WP1006!WP1007!WP1014!hist14!CP1004,1
2026-07-15 15:13:29.3,1PDF,SLPSL0001,PULV LOW SEAL AIR HDR DIFF PRESS,,LOABS,PULV LOW SEAL AIR HDR DIFF PRESS,ALM,1,3.99434,4,INH2O,!WP1001!WP1002!WP1003!WP1006!WP1007!WP1014!hist14!CP1004,1
2026-07-15 15:13:30.3,1PDF,SLPSL0001,PULV LOW SEAL AIR HDR DIFF PRESS,,LOABS,PULV LOW SEAL AIR HDR DIFF PRESS,RTN,1,4.04355,4,INH2O,!WP1001!WP1002!WP1003!WP1006!WP1007!WP1014!hist14!CP1004,1
2026-07-15 15:13:33.3,1PDF,SLPSL0001,PULV LOW SEAL AIR HDR DIFF PRESS,,LOABS,PULV LOW SEAL AIR HDR DIFF PRESS,ALM,1,3.94365,4,INH2O,!WP1001!WP1002!WP1003!WP1006!WP1007!WP1014!hist14!CP1004,1
2026-07-15 15:13:43.3,1PDF,SLPSL0001,PULV LOW SEAL AIR HDR DIFF PRESS,,LOABS,PULV LOW SEAL AIR HDR DIFF PRESS,RTN,1,4.01309,4,INH2O,!WP1001!WP1002!WP1003!WP1006!WP1007!WP1014!hist14!CP1004,1
2026-07-15 15:14:43.0,1AB_SCR_SEQ,SCR_HOP_T22,SCR HOPPER SEQ XV5110 TIMER,,PTARG,TIMEOUT,ALM,3,240.99,240,SEC,!WP1002!WP1011!WP1001!hist14!CP1020,1
2026-07-15 15:14:44.0,1AB_SCR_SEQ,SCR_HOP_T22,SCR HOPPER SEQ XV5110 TIMER,,PTARG,TIMEOUT,RTN,3,0,240,SEC,!WP1002!WP1011!WP1001!hist14!CP1020,1
2026-07-15 15:14:59.4,1PDF,SLPSL0001,PULV LOW SEAL AIR HDR DIFF PRESS,,LOABS,PULV LOW SEAL AIR HDR DIFF PRESS,ALM,1,3.88682,4,INH2O,!WP1001!WP1002!WP1003!WP1006!WP1007!WP1014!hist14!CP1004,1
2026-07-15 15:15:03.4,1PDF,SLPSL0001,PULV LOW SEAL AIR HDR DIFF PRESS,,LOABS,PULV LOW SEAL AIR HDR DIFF PRESS,RTN,1,4.03008,4,INH2O,!WP1001!WP1002!WP1003!WP1006!WP1007!WP1014!hist14!CP1004,1
2026-07-15 15:15:05.4,1PDF,SLPSL0001,PULV LOW SEAL AIR HDR DIFF PRESS,,LOABS,PULV LOW SEAL AIR HDR DIFF PRESS,ALM,1,3.95859,4,INH2O,!WP1001!WP1002!WP1003!WP1006!WP1007!WP1014!hist14!CP1004,1
2026-07-15 15:15:11.4,1PDF,SLPSL0001,PULV LOW SEAL AIR HDR DIFF PRESS,,LOABS,PULV LOW SEAL AIR HDR DIFF PRESS,RTN,1,4.03037,4,INH2O,!WP1001!WP1002!WP1003!WP1006!WP1007!WP1014!hist14!CP1004,1
2026-07-15 15:15:12.4,1PDF,SLPSL0001,PULV LOW SEAL AIR HDR DIFF PRESS,,LOABS,PULV LOW SEAL AIR HDR DIFF PRESS,ALM,1,3.91641,4,INH2O,!WP1001!WP1002!WP1003!WP1006!WP1007!WP1014!hist14!CP1004,1
2026-07-15 15:15:22.4,1PDF,SLPSL0001,PULV LOW SEAL AIR HDR DIFF PRESS,,LOABS,PULV LOW SEAL AIR HDR DIFF PRESS,RTN,1,4.03887,4,INH2O,!WP1001!WP1002!WP1003!WP1006!WP1007!WP1014!hist14!CP1004,1
2026-07-15 15:15:23.4,1PDF,SLPSL0001,PULV LOW SEAL AIR HDR DIFF PRESS,,LOABS,PULV LOW SEAL AIR HDR DIFF PRESS,ALM,1,3.97617,4,INH2O,!WP1001!WP1002!WP1003!WP1006!WP1007!WP1014!hist14!CP1004,1
2026-07-15 15:15:24.4,1PDF,SLPSL0001,PULV LOW SEAL AIR HDR DIFF PRESS,,LOABS,PULV LOW SEAL AIR HDR DIFF PRESS,RTN,1,4.09482,4,INH2O,!WP1001!WP1002!WP1003!WP1006!WP1007!WP1014!hist14!CP1004,1
2026-07-15 15:15:32.3,1PDF,SLPSL0001,PULV LOW SEAL AIR HDR DIFF PRESS,,LOABS,PULV LOW SEAL AIR HDR DIFF PRESS,ALM,1,3.94219,4,INH2O,!WP1001!WP1002!WP1003!WP1006!WP1007!WP1014!hist14!CP1004,1
2026-07-15 15:15:34.4,1PDF,SLPSL0001,PULV LOW SEAL AIR HDR DIFF PRESS,,LOABS,PULV LOW SEAL AIR HDR DIFF PRESS,RTN,1,4.12471,4,INH2O,!WP1001!WP1002!WP1003!WP1006!WP1007!WP1014!hist14!CP1004,1
2026-07-15 15:15:34.4,1AB_PYRITE,SV_615AL,MILL HPR 1G EJCT  WTR VLV,MILL HOPPER 1,STATE,OK,RTN,3,,,,!WP1002!WP1011!WP1001!hist14!CP1020,1
2026-07-15 15:15:42.3,1PDF,SLPSL0001,PULV LOW SEAL AIR HDR DIFF PRESS,,LOABS,PULV LOW SEAL AIR HDR DIFF PRESS,ALM,1,3.9999,4,INH2O,!WP1001!WP1002!WP1003!WP1006!WP1007!WP1014!hist14!CP1004,1
2026-07-15 15:15:44.4,1PDF,SLPSL0001,PULV LOW SEAL AIR HDR DIFF PRESS,,LOABS,PULV LOW SEAL AIR HDR DIFF PRESS,RTN,1,4.0251,4,INH2O,!WP1001!WP1002!WP1003!WP1006!WP1007!WP1014!hist14!CP1004,1
2026-07-15 15:15:48.3,1PDF,SLPSL0001,PULV LOW SEAL AIR HDR DIFF PRESS,,LOABS,PULV LOW SEAL AIR HDR DIFF PRESS,ALM,1,3.93311,4,INH2O,!WP1001!WP1002!WP1003!WP1006!WP1007!WP1014!hist14!CP1004,1
2026-07-15 15:15:51.4,1PDF,SLPSL0001,PULV LOW SEAL AIR HDR DIFF PRESS,,LOABS,PULV LOW SEAL AIR HDR DIFF PRESS,RTN,1,4.00107,4,INH2O,!WP1001!WP1002!WP1003!WP1006!WP1007!WP1014!hist14!CP1004,1
2026-07-15 15:15:51.0,1AB_PYRITE,SV_614AL,MILL HPR 1F EJCT  WTR VLV,MILL HOPPER 1,STATE,FAIL,ALM,3,,,,!WP1002!WP1011!WP1001!hist14!CP1020,1
2026-07-15 15:15:52.4,1PDF,SLPSL0001,PULV LOW SEAL AIR HDR DIFF PRESS,,LOABS,PULV LOW SEAL AIR HDR DIFF PRESS,ALM,1,3.97324,4,INH2O,!WP1001!WP1002!WP1003!WP1006!WP1007!WP1014!hist14!CP1004,1
2026-07-15 15:15:53.3,1PDF,SLPSL0001,PULV LOW SEAL AIR HDR DIFF PRESS,,LOABS,PULV LOW SEAL AIR HDR DIFF PRESS,RTN,1,4.06523,4,INH2O,!WP1001!WP1002!WP1003!WP1006!WP1007!WP1014!hist14!CP1004,1
2026-07-15 15:15:56.4,1PDF,SLPSL0001,PULV LOW SEAL AIR HDR DIFF PRESS,,LOABS,PULV LOW SEAL AIR HDR DIFF PRESS,ALM,1,3.99551,4,INH2O,!WP1001!WP1002!WP1003!WP1006!WP1007!WP1014!hist14!CP1004,1
2026-07-15 15:16:08.7,1FG_B,ZSH5701A,BF B BLADE PITCH,,HIABS,BLADE PITCH ALARM,RTN,3,69.8125,70,%,!WP1001!WP1002!WP1003!WP1006!WP1007!WP1014!hist14!CP1015,1
2026-07-15 15:16:10.2,1FG_A,ZSH5601A,BF A BLADE PITCH,,HIABS,BLADE PITCH ALARM,RTN,3,69.8438,70,%,!WP1001!WP1002!WP1003!WP1006!WP1007!WP1014!hist14!CP1015,1
2026-07-15 15:16:22.3,1PDF,SLPSL0001,PULV LOW SEAL AIR HDR DIFF PRESS,,LOABS,PULV LOW SEAL AIR HDR DIFF PRESS,RTN,1,4.00957,4,INH2O,!WP1001!WP1002!WP1003!WP1006!WP1007!WP1014!hist14!CP1004,1
2026-07-15 15:16:23.4,1PDF,SLPSL0001,PULV LOW SEAL AIR HDR DIFF PRESS,,LOABS,PULV LOW SEAL AIR HDR DIFF PRESS,ALM,1,3.88389,4,INH2O,!WP1001!WP1002!WP1003!WP1006!WP1007!WP1014!hist14!CP1004,1
2026-07-15 15:16:26.4,1PDF,SLPSL0001,PULV LOW SEAL AIR HDR DIFF PRESS,,LOABS,PULV LOW SEAL AIR HDR DIFF PRESS,RTN,1,4.05029,4,INH2O,!WP1001!WP1002!WP1003!WP1006!WP1007!WP1014!hist14!CP1004,1
2026-07-15 15:16:28.3,1PDF,SLPSL0001,PULV LOW SEAL AIR HDR DIFF PRESS,,LOABS,PULV LOW SEAL AIR HDR DIFF PRESS,ALM,1,3.96797,4,INH2O,!WP1001!WP1002!WP1003!WP1006!WP1007!WP1014!hist14!CP1004,1
2026-07-15 15:17:06.0,1AB_PYRITE,SV_614AL,MILL HPR 1F EJCT  WTR VLV,MILL HOPPER 1,STATE,OK,RTN,3,,,,!WP1002!WP1011!WP1001!hist14!CP1020,1
2026-07-15 15:17:25.0,1AB_PYRITE,SV_614AL,MILL HPR 1F EJCT  WTR VLV,MILL HOPPER 1,STATE,FAIL,ALM,3,,,,!WP1002!WP1011!WP1001!hist14!CP1020,1
2026-07-15 15:18:19.7,1SEAL_AIR,PDI5735_ALM,BF B OUT DMPR SEAL CAV D/P LOW,,STATE,DP ALARM CLEAR,RTN,3,,,,!WP1001!WP1002!WP1003!WP1006!WP1007!WP1014!hist14!CP1015,1
2026-07-15 15:18:20.4,FD_FAN_VIB,A_FAN_VEL_AX,A FD FAN VEL AX,,HIABS,A FD FAN VEL AX HI VIB,RTN,1,2.25266,3,MILS,!WP1001!WP1002!WP1003!WP1006!WP1007!WP1014!hist14!CP1005,1
2026-07-15 15:18:40.3,FD_FAN_VIB,A_FAN_VEL_AX,A FD FAN VEL AX,,HIABS,A FD FAN VEL AX HI VIB,ALM,1,3.3275,3,MILS,!WP1001!WP1002!WP1003!WP1006!WP1007!WP1014!hist14!CP1005,1
2026-07-15 15:19:47.9,1AB_SCR_SEQ,SCR_HOP_T23,SCR HOPPER SEQ XV5111 TIMER,,PTARG,TIMEOUT,ALM,3,240.01,240,SEC,!WP1002!WP1011!WP1001!hist14!CP1020,1
2026-07-15 15:19:48.9,1AB_SCR_SEQ,SCR_HOP_T23,SCR HOPPER SEQ XV5111 TIMER,,PTARG,TIMEOUT,RTN,3,0,240,SEC,!WP1002!WP1011!WP1001!hist14!CP1020,1
2026-07-15 15:20:19.0,1AB_PYRITE,SV_614AL,MILL HPR 1F EJCT  WTR VLV,MILL HOPPER 1,STATE,OK,RTN,3,,,,!WP1002!WP1011!WP1001!hist14!CP1020,1
2026-07-15 15:20:32.4,1PDF,SLPSL0001,PULV LOW SEAL AIR HDR DIFF PRESS,,LOABS,PULV LOW SEAL AIR HDR DIFF PRESS,RTN,1,4.07725,4,INH2O,!WP1001!WP1002!WP1003!WP1006!WP1007!WP1014!hist14!CP1004,1
2026-07-15 15:20:33.4,1PDF,SLPSL0001,PULV LOW SEAL AIR HDR DIFF PRESS,,LOABS,PULV LOW SEAL AIR HDR DIFF PRESS,ALM,1,3.9958,4,INH2O,!WP1001!WP1002!WP1003!WP1006!WP1007!WP1014!hist14!CP1004,1
2026-07-15 15:20:37.4,1PDF,SLPSL0001,PULV LOW SEAL AIR HDR DIFF PRESS,,LOABS,PULV LOW SEAL AIR HDR DIFF PRESS,RTN,1,4.03242,4,INH2O,!WP1001!WP1002!WP1003!WP1006!WP1007!WP1014!hist14!CP1004,1
2026-07-15 15:20:44.4,1PDF,SLPSL0001,PULV LOW SEAL AIR HDR DIFF PRESS,,LOABS,PULV LOW SEAL AIR HDR DIFF PRESS,ALM,1,3.96855,4,INH2O,!WP1001!WP1002!WP1003!WP1006!WP1007!WP1014!hist14!CP1004,1
2026-07-15 15:20:46.4,1PDF,SLPSL0001,PULV LOW SEAL AIR HDR DIFF PRESS,,LOABS,PULV LOW SEAL AIR HDR DIFF PRESS,RTN,1,4.07314,4,INH2O,!WP1001!WP1002!WP1003!WP1006!WP1007!WP1014!hist14!CP1004,1
2026-07-15 15:20:52.4,1PDF,SLPSL0001,PULV LOW SEAL AIR HDR DIFF PRESS,,LOABS,PULV LOW SEAL AIR HDR DIFF PRESS,ALM,1,3.9416,4,INH2O,!WP1001!WP1002!WP1003!WP1006!WP1007!WP1014!hist14!CP1004,1
2026-07-15 15:20:54.4,1PDF,SLPSL0001,PULV LOW SEAL AIR HDR DIFF PRESS,,LOABS,PULV LOW SEAL AIR HDR DIFF PRESS,RTN,1,4.01309,4,INH2O,!WP1001!WP1002!WP1003!WP1006!WP1007!WP1014!hist14!CP1004,1
2026-07-15 15:21:31.0,1AB_PYRITE,SV_611AL,MILL HPR 1C EJCT  WTR VLV,MILL HOPPER 1,STATE,FAIL,ALM,3,,,,!WP1002!WP1011!WP1001!hist14!CP1020,1
2026-07-15 15:21:42.0,1AB_EXTRACT,ABPDI5051,ASH CLR EXTR      DIFF PRESS,,IOBAD,BAD CHANNEL,ALM,3,,,,!WP1002!WP1011!WP1001!hist14!CP1020,1
2026-07-15 15:21:44.7,1FG_A,ZSH5601A,BF A BLADE PITCH,,HIABS,BLADE PITCH ALARM,ALM,3,70.0059,70,%,!WP1001!WP1002!WP1003!WP1006!WP1007!WP1014!hist14!CP1015,1
2026-07-15 15:21:44.7,1FG_B,ZSH5701A,BF B BLADE PITCH,,HIABS,BLADE PITCH ALARM,ALM,3,70.0176,70,%,!WP1001!WP1002!WP1003!WP1006!WP1007!WP1014!hist14!CP1015,1
2026-07-15 15:22:25.4,1PDF,SLPSL0001,PULV LOW SEAL AIR HDR DIFF PRESS,,LOABS,PULV LOW SEAL AIR HDR DIFF PRESS,ALM,1,3.93779,4,INH2O,!WP1001!WP1002!WP1003!WP1006!WP1007!WP1014!hist14!CP1004,1
2026-07-15 15:22:28.4,1PDF,SLPSL0001,PULV LOW SEAL AIR HDR DIFF PRESS,,LOABS,PULV LOW SEAL AIR HDR DIFF PRESS,RTN,1,4.08604,4,INH2O,!WP1001!WP1002!WP1003!WP1006!WP1007!WP1014!hist14!CP1004,1
2026-07-15 15:22:28.2,1SEAL_AIR,PDI5735_ALM,BF B OUT DMPR SEAL CAV D/P LOW,,STATE,DP ALARM ACTIVE,ALM,3,,,,!WP1001!WP1002!WP1003!WP1006!WP1007!WP1014!hist14!CP1015,1
2026-07-15 15:22:30.4,1PDF,SLPSL0001,PULV LOW SEAL AIR HDR DIFF PRESS,,LOABS,PULV LOW SEAL AIR HDR DIFF PRESS,ALM,1,3.98086,4,INH2O,!WP1001!WP1002!WP1003!WP1006!WP1007!WP1014!hist14!CP1004,1
2026-07-15 15:23:02.4,1PDF,SLPSL0001,PULV LOW SEAL AIR HDR DIFF PRESS,,LOABS,PULV LOW SEAL AIR HDR DIFF PRESS,RTN,1,4.00078,4,INH2O,!WP1001!WP1002!WP1003!WP1006!WP1007!WP1014!hist14!CP1004,1
2026-07-15 15:23:05.4,1PDF,SLPSL0001,PULV LOW SEAL AIR HDR DIFF PRESS,,LOABS,PULV LOW SEAL AIR HDR DIFF PRESS,ALM,1,3.94541,4,INH2O,!WP1001!WP1002!WP1003!WP1006!WP1007!WP1014!hist14!CP1004,1
2026-07-15 15:23:08.4,1PDF,SLPSL0001,PULV LOW SEAL AIR HDR DIFF PRESS,,LOABS,PULV LOW SEAL AIR HDR DIFF PRESS,RTN,1,4.02891,4,INH2O,!WP1001!WP1002!WP1003!WP1006!WP1007!WP1014!hist14!CP1004,1
2026-07-15 15:23:09.4,1PDF,SLPSL0001,PULV LOW SEAL AIR HDR DIFF PRESS,,LOABS,PULV LOW SEAL AIR HDR DIFF PRESS,ALM,1,3.99814,4,INH2O,!WP1001!WP1002!WP1003!WP1006!WP1007!WP1014!hist14!CP1004,1
2026-07-15 15:23:10.4,1PDF,SLPSL0001,PULV LOW SEAL AIR HDR DIFF PRESS,,LOABS,PULV LOW SEAL AIR HDR DIFF PRESS,RTN,1,4.11504,4,INH2O,!WP1001!WP1002!WP1003!WP1006!WP1007!WP1014!hist14!CP1004,1
2026-07-15 15:23:13.4,1PDF,SLPSL0001,PULV LOW SEAL AIR HDR DIFF PRESS,,LOABS,PULV LOW SEAL AIR HDR DIFF PRESS,ALM,1,3.92637,4,INH2O,!WP1001!WP1002!WP1003!WP1006!WP1007!WP1014!hist14!CP1004,1
2026-07-15 15:23:27.0,1AB_PYRITE,SV_611AL,MILL HPR 1C EJCT  WTR VLV,MILL HOPPER 1,STATE,OK,RTN,3,,,,!WP1002!WP1011!WP1001!hist14!CP1020,1
2026-07-15 15:23:34.3,1GEN_ALM,ALM1,GEN BUS COOLING EQUIP,2024,STATE,ALM,ALM,1,,,,!WP1002!WP1006!WP1007!WP1001!WP1003!WP1014!hist14!CP1007,1
2026-07-15 15:23:52.0,1AB_PYRITE,SV_612AL,MILL HPR 1D EJCT  WTR VLV,MILL HOPPER 1,STATE,FAIL,ALM,3,,,,!WP1002!WP1011!WP1001!hist14!CP1020,1
2026-07-15 15:24:01.2,1FG_A,ZSH5601A,BF A BLADE PITCH,,HIABS,BLADE PITCH ALARM,RTN,3,69.8789,70,%,!WP1001!WP1002!WP1003!WP1006!WP1007!WP1014!hist14!CP1015,1
2026-07-15 15:24:01.2,1FG_B,ZSH5701A,BF B BLADE PITCH,,HIABS,BLADE PITCH ALARM,RTN,3,69.8984,70,%,!WP1001!WP1002!WP1003!WP1006!WP1007!WP1014!hist14!CP1015,1
2026-07-15 15:24:52.0,1AB_SCR_SEQ,SCR_HOP_T24,SCR HOPPER SEQ XV5112 TIMER,,PTARG,TIMEOUT,ALM,3,241,240,SEC,!WP1002!WP1011!WP1001!hist14!CP1020,1
2026-07-15 15:24:53.0,1AB_SCR_SEQ,SCR_HOP_T24,SCR HOPPER SEQ XV5112 TIMER,,PTARG,TIMEOUT,RTN,3,0,240,SEC,!WP1002!WP1011!WP1001!hist14!CP1020,1
2026-07-15 15:25:03.7,1SEAL_AIR,PDI5735_ALM,BF B OUT DMPR SEAL CAV D/P LOW,,STATE,DP ALARM CLEAR,RTN,3,,,,!WP1001!WP1002!WP1003!WP1006!WP1007!WP1014!hist14!CP1015,1
2026-07-15 15:25:33.4,1PDF,SLPSL0001,PULV LOW SEAL AIR HDR DIFF PRESS,,LOABS,PULV LOW SEAL AIR HDR DIFF PRESS,RTN,1,4.0043,4,INH2O,!WP1001!WP1002!WP1003!WP1006!WP1007!WP1014!hist14!CP1004,1
2026-07-15 15:25:34.4,1PDF,SLPSL0001,PULV LOW SEAL AIR HDR DIFF PRESS,,LOABS,PULV LOW SEAL AIR HDR DIFF PRESS,ALM,1,3.98408,4,INH2O,!WP1001!WP1002!WP1003!WP1006!WP1007!WP1014!hist14!CP1004,1
2026-07-15 15:25:35.4,1PDF,SLPSL0001,PULV LOW SEAL AIR HDR DIFF PRESS,,LOABS,PULV LOW SEAL AIR HDR DIFF PRESS,RTN,1,4.04092,4,INH2O,!WP1001!WP1002!WP1003!WP1006!WP1007!WP1014!hist14!CP1004,1
2026-07-15 15:25:36.4,1PDF,SLPSL0001,PULV LOW SEAL AIR HDR DIFF PRESS,,LOABS,PULV LOW SEAL AIR HDR DIFF PRESS,ALM,1,3.97441,4,INH2O,!WP1001!WP1002!WP1003!WP1006!WP1007!WP1014!hist14!CP1004,1
2026-07-15 15:25:37.4,1PDF,SLPSL0001,PULV LOW SEAL AIR HDR DIFF PRESS,,LOABS,PULV LOW SEAL AIR HDR DIFF PRESS,RTN,1,4.00576,4,INH2O,!WP1001!WP1002!WP1003!WP1006!WP1007!WP1014!hist14!CP1004,1
2026-07-15 15:25:38.4,1PDF,SLPSL0001,PULV LOW SEAL AIR HDR DIFF PRESS,,LOABS,PULV LOW SEAL AIR HDR DIFF PRESS,ALM,1,3.90088,4,INH2O,!WP1001!WP1002!WP1003!WP1006!WP1007!WP1014!hist14!CP1004,1
2026-07-15 15:25:39.4,1PDF,SLPSL0001,PULV LOW SEAL AIR HDR DIFF PRESS,,LOABS,PULV LOW SEAL AIR HDR DIFF PRESS,RTN,1,4.03301,4,INH2O,!WP1001!WP1002!WP1003!WP1006!WP1007!WP1014!hist14!CP1004,1
2026-07-15 15:25:45.4,1PDF,SLPSL0001,PULV LOW SEAL AIR HDR DIFF PRESS,,LOABS,PULV LOW SEAL AIR HDR DIFF PRESS,ALM,1,3.94541,4,INH2O,!WP1001!WP1002!WP1003!WP1006!WP1007!WP1014!hist14!CP1004,1
2026-07-15 15:25:50.4,1PDF,SLPSL0001,PULV LOW SEAL AIR HDR DIFF PRESS,,LOABS,PULV LOW SEAL AIR HDR DIFF PRESS,RTN,1,4.021,4,INH2O,!WP1001!WP1002!WP1003!WP1006!WP1007!WP1014!hist14!CP1004,1
2026-07-15 15:25:51.4,1PDF,SLPSL0001,PULV LOW SEAL AIR HDR DIFF PRESS,,LOABS,PULV LOW SEAL AIR HDR DIFF PRESS,ALM,1,3.92695,4,INH2O,!WP1001!WP1002!WP1003!WP1006!WP1007!WP1014!hist14!CP1004,1
2026-07-15 15:26:19.4,1PDF,SLPSL0001,PULV LOW SEAL AIR HDR DIFF PRESS,,LOABS,PULV LOW SEAL AIR HDR DIFF PRESS,RTN,1,4.09072,4,INH2O,!WP1001!WP1002!WP1003!WP1006!WP1007!WP1014!hist14!CP1004,1
2026-07-15 15:26:41.0,1AB_PYRITE,SV_612AL,MILL HPR 1D EJCT  WTR VLV,MILL HOPPER 1,STATE,OK,RTN,3,,,,!WP1002!WP1011!WP1001!hist14!CP1020,1
2026-07-15 15:26:45.4,1PDF,SLPSL0001,PULV LOW SEAL AIR HDR DIFF PRESS,,LOABS,PULV LOW SEAL AIR HDR DIFF PRESS,ALM,1,3.99346,4,INH2O,!WP1001!WP1002!WP1003!WP1006!WP1007!WP1014!hist14!CP1004,1
2026-07-15 15:26:47.4,1PDF,SLPSL0001,PULV LOW SEAL AIR HDR DIFF PRESS,,LOABS,PULV LOW SEAL AIR HDR DIFF PRESS,RTN,1,4.03799,4,INH2O,!WP1001!WP1002!WP1003!WP1006!WP1007!WP1014!hist14!CP1004,1
2026-07-15 15:26:50.4,1PDF,SLPSL0001,PULV LOW SEAL AIR HDR DIFF PRESS,,LOABS,PULV LOW SEAL AIR HDR DIFF PRESS,ALM,1,3.99873,4,INH2O,!WP1001!WP1002!WP1003!WP1006!WP1007!WP1014!hist14!CP1004,1
2026-07-15 15:26:51.4,1PDF,SLPSL0001,PULV LOW SEAL AIR HDR DIFF PRESS,,LOABS,PULV LOW SEAL AIR HDR DIFF PRESS,RTN,1,4.00137,4,INH2O,!WP1001!WP1002!WP1003!WP1006!WP1007!WP1014!hist14!CP1004,1
2026-07-15 15:26:52.4,1PDF,SLPSL0001,PULV LOW SEAL AIR HDR DIFF PRESS,,LOABS,PULV LOW SEAL AIR HDR DIFF PRESS,ALM,1,3.87422,4,INH2O,!WP1001!WP1002!WP1003!WP1006!WP1007!WP1014!hist14!CP1004,1
2026-07-15 15:27:15.4,1PDF,SLPSL0001,PULV LOW SEAL AIR HDR DIFF PRESS,,LOABS,PULV LOW SEAL AIR HDR DIFF PRESS,RTN,1,4.01895,4,INH2O,!WP1001!WP1002!WP1003!WP1006!WP1007!WP1014!hist14!CP1004,1
2026-07-15 15:27:17.4,1PDF,SLPSL0001,PULV LOW SEAL AIR HDR DIFF PRESS,,LOABS,PULV LOW SEAL AIR HDR DIFF PRESS,ALM,1,3.92578,4,INH2O,!WP1001!WP1002!WP1003!WP1006!WP1007!WP1014!hist14!CP1004,1
2026-07-15 15:27:22.4,1PDF,SLPSL0001,PULV LOW SEAL AIR HDR DIFF PRESS,,LOABS,PULV LOW SEAL AIR HDR DIFF PRESS,RTN,1,4.01016,4,INH2O,!WP1001!WP1002!WP1003!WP1006!WP1007!WP1014!hist14!CP1004,1
2026-07-15 15:27:23.4,1PDF,SLPSL0001,PULV LOW SEAL AIR HDR DIFF PRESS,,LOABS,PULV LOW SEAL AIR HDR DIFF PRESS,ALM,1,3.98877,4,INH2O,!WP1001!WP1002!WP1003!WP1006!WP1007!WP1014!hist14!CP1004,1
2026-07-15 15:27:24.4,1PDF,SLPSL0001,PULV LOW SEAL AIR HDR DIFF PRESS,,LOABS,PULV LOW SEAL AIR HDR DIFF PRESS,RTN,1,4.05732,4,INH2O,!WP1001!WP1002!WP1003!WP1006!WP1007!WP1014!hist14!CP1004,1
2026-07-15 15:27:25.4,1PDF,SLPSL0001,PULV LOW SEAL AIR HDR DIFF PRESS,,LOABS,PULV LOW SEAL AIR HDR DIFF PRESS,ALM,1,3.89678,4,INH2O,!WP1001!WP1002!WP1003!WP1006!WP1007!WP1014!hist14!CP1004,1
2026-07-15 15:28:06.4,1PDF,SLPSL0001,PULV LOW SEAL AIR HDR DIFF PRESS,,LOABS,PULV LOW SEAL AIR HDR DIFF PRESS,RTN,1,4.01982,4,INH2O,!WP1001!WP1002!WP1003!WP1006!WP1007!WP1014!hist14!CP1004,1
2026-07-15 15:28:07.4,1PDF,SLPSL0001,PULV LOW SEAL AIR HDR DIFF PRESS,,LOABS,PULV LOW SEAL AIR HDR DIFF PRESS,ALM,1,3.91787,4,INH2O,!WP1001!WP1002!WP1003!WP1006!WP1007!WP1014!hist14!CP1004,1
2026-07-15 15:28:46.4,1PDF,SLPSL0001,PULV LOW SEAL AIR HDR DIFF PRESS,,LOABS,PULV LOW SEAL AIR HDR DIFF PRESS,RTN,1,4.03564,4,INH2O,!WP1001!WP1002!WP1003!WP1006!WP1007!WP1014!hist14!CP1004,1
2026-07-15 15:28:47.4,1PDF,SLPSL0001,PULV LOW SEAL AIR HDR DIFF PRESS,,LOABS,PULV LOW SEAL AIR HDR DIFF PRESS,ALM,1,3.9375,4,INH2O,!WP1001!WP1002!WP1003!WP1006!WP1007!WP1014!hist14!CP1004,1
2026-07-15 15:28:53.4,1PDF,SLPSL0001,PULV LOW SEAL AIR HDR DIFF PRESS,,LOABS,PULV LOW SEAL AIR HDR DIFF PRESS,RTN,1,4.00693,4,INH2O,!WP1001!WP1002!WP1003!WP1006!WP1007!WP1014!hist14!CP1004,1
2026-07-15 15:28:58.4,1PDF,SLPSL0001,PULV LOW SEAL AIR HDR DIFF PRESS,,LOABS,PULV LOW SEAL AIR HDR DIFF PRESS,ALM,1,3.99141,4,INH2O,!WP1001!WP1002!WP1003!WP1006!WP1007!WP1014!hist14!CP1004,1
2026-07-15 15:29:03.4,1PDF,SLPSL0001,PULV LOW SEAL AIR HDR DIFF PRESS,,LOABS,PULV LOW SEAL AIR HDR DIFF PRESS,RTN,1,4.07022,4,INH2O,!WP1001!WP1002!WP1003!WP1006!WP1007!WP1014!hist14!CP1004,1
2026-07-15 15:29:06.4,1PDF,SLPSL0001,PULV LOW SEAL AIR HDR DIFF PRESS,,LOABS,PULV LOW SEAL AIR HDR DIFF PRESS,ALM,1,3.91992,4,INH2O,!WP1001!WP1002!WP1003!WP1006!WP1007!WP1014!hist14!CP1004,1
2026-07-15 15:29:53.4,1PDF,SLPSL0001,PULV LOW SEAL AIR HDR DIFF PRESS,,LOABS,PULV LOW SEAL AIR HDR DIFF PRESS,RTN,1,4.04795,4,INH2O,!WP1001!WP1002!WP1003!WP1006!WP1007!WP1014!hist14!CP1004,1
2026-07-15 15:29:56.4,1PDF,SLPSL0001,PULV LOW SEAL AIR HDR DIFF PRESS,,LOABS,PULV LOW SEAL AIR HDR DIFF PRESS,ALM,1,3.97148,4,INH2O,!WP1001!WP1002!WP1003!WP1006!WP1007!WP1014!hist14!CP1004,1
2026-07-15 15:30:00.7,1FG_B,ZSH5701A,BF B BLADE PITCH,,HIABS,BLADE PITCH ALARM,ALM,3,70.0371,70,%,!WP1001!WP1002!WP1003!WP1006!WP1007!WP1014!hist14!CP1015,1
2026-07-15 15:30:08.7,1FG_A,ZSH5601A,BF A BLADE PITCH,,HIABS,BLADE PITCH ALARM,ALM,3,70.0195,70,%,!WP1001!WP1002!WP1003!WP1006!WP1007!WP1014!hist14!CP1015,1
2026-07-15 15:30:29.2,1SEAL_AIR,PDI5735_ALM,BF B OUT DMPR SEAL CAV D/P LOW,,STATE,DP ALARM ACTIVE,ALM,3,,,,!WP1001!WP1002!WP1003!WP1006!WP1007!WP1014!hist14!CP1015,1
2026-07-15 15:30:37.4,1PDF,SLPSL0001,PULV LOW SEAL AIR HDR DIFF PRESS,,LOABS,PULV LOW SEAL AIR HDR DIFF PRESS,RTN,1,4.14229,4,INH2O,!WP1001!WP1002!WP1003!WP1006!WP1007!WP1014!hist14!CP1004,1
2026-07-15 15:30:51.4,1PDF,SLPSL0001,PULV LOW SEAL AIR HDR DIFF PRESS,,LOABS,PULV LOW SEAL AIR HDR DIFF PRESS,ALM,1,3.92695,4,INH2O,!WP1001!WP1002!WP1003!WP1006!WP1007!WP1014!hist14!CP1004,1
2026-07-15 15:30:52.4,1PDF,SLPSL0001,PULV LOW SEAL AIR HDR DIFF PRESS,,LOABS,PULV LOW SEAL AIR HDR DIFF PRESS,RTN,1,4.04238,4,INH2O,!WP1001!WP1002!WP1003!WP1006!WP1007!WP1014!hist14!CP1004,1
2026-07-15 15:30:53.4,1PDF,SLPSL0001,PULV LOW SEAL AIR HDR DIFF PRESS,,LOABS,PULV LOW SEAL AIR HDR DIFF PRESS,ALM,1,3.95566,4,INH2O,!WP1001!WP1002!WP1003!WP1006!WP1007!WP1014!hist14!CP1004,1
2026-07-15 15:31:02.4,1PDF,SLPSL0001,PULV LOW SEAL AIR HDR DIFF PRESS,,LOABS,PULV LOW SEAL AIR HDR DIFF PRESS,RTN,1,4.04736,4,INH2O,!WP1001!WP1002!WP1003!WP1006!WP1007!WP1014!hist14!CP1004,1
2026-07-15 15:31:03.4,1PDF,SLPSL0001,PULV LOW SEAL AIR HDR DIFF PRESS,,LOABS,PULV LOW SEAL AIR HDR DIFF PRESS,ALM,1,3.9958,4,INH2O,!WP1001!WP1002!WP1003!WP1006!WP1007!WP1014!hist14!CP1004,1
2026-07-15 15:31:18.4,1PDF,SLPSL0001,PULV LOW SEAL AIR HDR DIFF PRESS,,LOABS,PULV LOW SEAL AIR HDR DIFF PRESS,RTN,1,4.06553,4,INH2O,!WP1001!WP1002!WP1003!WP1006!WP1007!WP1014!hist14!CP1004,1
2026-07-15 15:31:21.4,1PDF,SLPSL0001,PULV LOW SEAL AIR HDR DIFF PRESS,,LOABS,PULV LOW SEAL AIR HDR DIFF PRESS,ALM,1,3.97734,4,INH2O,!WP1001!WP1002!WP1003!WP1006!WP1007!WP1014!hist14!CP1004,1
2026-07-15 15:31:22.4,1PDF,SLPSL0001,PULV LOW SEAL AIR HDR DIFF PRESS,,LOABS,PULV LOW SEAL AIR HDR DIFF PRESS,RTN,1,4.01074,4,INH2O,!WP1001!WP1002!WP1003!WP1006!WP1007!WP1014!hist14!CP1004,1
2026-07-15 15:31:23.4,1PDF,SLPSL0001,PULV LOW SEAL AIR HDR DIFF PRESS,,LOABS,PULV LOW SEAL AIR HDR DIFF PRESS,ALM,1,3.93398,4,INH2O,!WP1001!WP1002!WP1003!WP1006!WP1007!WP1014!hist14!CP1004,1
2026-07-15 15:31:24.4,1PDF,SLPSL0001,PULV LOW SEAL AIR HDR DIFF PRESS,,LOABS,PULV LOW SEAL AIR HDR DIFF PRESS,RTN,1,4.03682,4,INH2O,!WP1001!WP1002!WP1003!WP1006!WP1007!WP1014!hist14!CP1004,1
2026-07-15 15:31:25.4,1PDF,SLPSL0001,PULV LOW SEAL AIR HDR DIFF PRESS,,LOABS,PULV LOW SEAL AIR HDR DIFF PRESS,ALM,1,3.98408,4,INH2O,!WP1001!WP1002!WP1003!WP1006!WP1007!WP1014!hist14!CP1004,1
2026-07-15 15:31:26.4,1PDF,SLPSL0001,PULV LOW SEAL AIR HDR DIFF PRESS,,LOABS,PULV LOW SEAL AIR HDR DIFF PRESS,RTN,1,4.10186,4,INH2O,!WP1001!WP1002!WP1003!WP1006!WP1007!WP1014!hist14!CP1004,1
2026-07-15 15:31:31.4,1PDF,SLPSL0001,PULV LOW SEAL AIR HDR DIFF PRESS,,LOABS,PULV LOW SEAL AIR HDR DIFF PRESS,ALM,1,3.87539,4,INH2O,!WP1001!WP1002!WP1003!WP1006!WP1007!WP1014!hist14!CP1004,1
2026-07-15 15:31:34.4,1PDF,SLPSL0001,PULV LOW SEAL AIR HDR DIFF PRESS,,LOABS,PULV LOW SEAL AIR HDR DIFF PRESS,RTN,1,4.09043,4,INH2O,!WP1001!WP1002!WP1003!WP1006!WP1007!WP1014!hist14!CP1004,1
2026-07-15 15:31:37.4,1PDF,SLPSL0001,PULV LOW SEAL AIR HDR DIFF PRESS,,LOABS,PULV LOW SEAL AIR HDR DIFF PRESS,ALM,1,3.9999,4,INH2O,!WP1001!WP1002!WP1003!WP1006!WP1007!WP1014!hist14!CP1004,1
2026-07-15 15:32:17.8,1FP,B86,ID FAN C INLET DAMPER FEEDBACK,,HHABS,ID FAN C DAMPER 80 %,ALM,1,80.0024,80,PCT,!WP1001!WP1002!WP1003!WP1006!WP1007!WP1014!hist14!CP1001,1
2026-07-15 15:32:18.4,1PDF,SLPSL0001,PULV LOW SEAL AIR HDR DIFF PRESS,,LOABS,PULV LOW SEAL AIR HDR DIFF PRESS,RTN,1,4.04443,4,INH2O,!WP1001!WP1002!WP1003!WP1006!WP1007!WP1014!hist14!CP1004,1
2026-07-15 15:32:19.4,1PDF,SLPSL0001,PULV LOW SEAL AIR HDR DIFF PRESS,,LOABS,PULV LOW SEAL AIR HDR DIFF PRESS,ALM,1,3.99346,4,INH2O,!WP1001!WP1002!WP1003!WP1006!WP1007!WP1014!hist14!CP1004,1
2026-07-15 15:32:20.4,1PDF,SLPSL0001,PULV LOW SEAL AIR HDR DIFF PRESS,,LOABS,PULV LOW SEAL AIR HDR DIFF PRESS,RTN,1,4.05,4,INH2O,!WP1001!WP1002!WP1003!WP1006!WP1007!WP1014!hist14!CP1004,1
2026-07-15 15:32:22.8,1FP,B58,ID FAN B INLET DAMPER FEEDBACK,,HHABS,IDF B DAMPER 80%,ALM,1,80.011,80,PCT,!WP1001!WP1002!WP1003!WP1006!WP1007!WP1014!hist14!CP1001,1
2026-07-15 15:32:23.3,1FP,B56,ID FAN A INLET DAMPER FEEDBACK,,HHABS,ID FAN A DAMPER 80 %,ALM,1,80.0012,80,PCT,!WP1001!WP1002!WP1003!WP1006!WP1007!WP1014!hist14!CP1001,1
2026-07-15 15:32:26.7,1FG_B,5706TX_ALM,BF B INLET OUTLET PRESS,FGPDIT5706,STATE,BF B INLET/OUTLET PRESS DEV,ALM,3,,,,!WP1001!WP1002!WP1003!WP1006!WP1007!WP1014!hist14!CP1015,1
2026-07-15 15:32:30.4,1PDF,SLPSL0001,PULV LOW SEAL AIR HDR DIFF PRESS,,LOABS,PULV LOW SEAL AIR HDR DIFF PRESS,ALM,1,3.96973,4,INH2O,!WP1001!WP1002!WP1003!WP1006!WP1007!WP1014!hist14!CP1004,1
2026-07-15 15:32:31.4,1PDF,SLPSL0001,PULV LOW SEAL AIR HDR DIFF PRESS,,LOABS,PULV LOW SEAL AIR HDR DIFF PRESS,RTN,1,4.06992,4,INH2O,!WP1001!WP1002!WP1003!WP1006!WP1007!WP1014!hist14!CP1004,1
2026-07-15 15:32:39.4,1PDF,SLPSL0001,PULV LOW SEAL AIR HDR DIFF PRESS,,LOABS,PULV LOW SEAL AIR HDR DIFF PRESS,ALM,1,3.97031,4,INH2O,!WP1001!WP1002!WP1003!WP1006!WP1007!WP1014!hist14!CP1004,1
2026-07-15 15:32:48.4,1PDF,SLPSL0001,PULV LOW SEAL AIR HDR DIFF PRESS,,LOABS,PULV LOW SEAL AIR HDR DIFF PRESS,RTN,1,4.03184,4,INH2O,!WP1001!WP1002!WP1003!WP1006!WP1007!WP1014!hist14!CP1004,1
2026-07-15 15:32:49.4,1PDF,SLPSL0001,PULV LOW SEAL AIR HDR DIFF PRESS,,LOABS,PULV LOW SEAL AIR HDR DIFF PRESS,ALM,1,3.91875,4,INH2O,!WP1001!WP1002!WP1003!WP1006!WP1007!WP1014!hist14!CP1004,1
2026-07-15 15:33:05.4,1PDF,SLPSL0001,PULV LOW SEAL AIR HDR DIFF PRESS,,LOABS,PULV LOW SEAL AIR HDR DIFF PRESS,RTN,1,4.07197,4,INH2O,!WP1001!WP1002!WP1003!WP1006!WP1007!WP1014!hist14!CP1004,1
2026-07-15 15:33:29.4,1PDF,SLPSL0001,PULV LOW SEAL AIR HDR DIFF PRESS,,LOABS,PULV LOW SEAL AIR HDR DIFF PRESS,ALM,1,3.89883,4,INH2O,!WP1001!WP1002!WP1003!WP1006!WP1007!WP1014!hist14!CP1004,1
2026-07-15 15:33:32.4,1PDF,SLPSL0001,PULV LOW SEAL AIR HDR DIFF PRESS,,LOABS,PULV LOW SEAL AIR HDR DIFF PRESS,RTN,1,4.06875,4,INH2O,!WP1001!WP1002!WP1003!WP1006!WP1007!WP1014!hist14!CP1004,1
2026-07-15 15:33:37.4,1PDF,SLPSL0001,PULV LOW SEAL AIR HDR DIFF PRESS,,LOABS,PULV LOW SEAL AIR HDR DIFF PRESS,ALM,1,3.92754,4,INH2O,!WP1001!WP1002!WP1003!WP1006!WP1007!WP1014!hist14!CP1004,1
2026-07-15 15:33:38.4,1PDF,SLPSL0001,PULV LOW SEAL AIR HDR DIFF PRESS,,LOABS,PULV LOW SEAL AIR HDR DIFF PRESS,RTN,1,4.00283,4,INH2O,!WP1001!WP1002!WP1003!WP1006!WP1007!WP1014!hist14!CP1004,1
2026-07-15 15:33:39.4,1PDF,SLPSL0001,PULV LOW SEAL AIR HDR DIFF PRESS,,LOABS,PULV LOW SEAL AIR HDR DIFF PRESS,ALM,1,3.92607,4,INH2O,!WP1001!WP1002!WP1003!WP1006!WP1007!WP1014!hist14!CP1004,1
2026-07-15 15:33:45.4,1PDF,SLPSL0001,PULV LOW SEAL AIR HDR DIFF PRESS,,LOABS,PULV LOW SEAL AIR HDR DIFF PRESS,RTN,1,4.03945,4,INH2O,!WP1001!WP1002!WP1003!WP1006!WP1007!WP1014!hist14!CP1004,1
2026-07-15 15:33:52.4,1PDF,SLPSL0001,PULV LOW SEAL AIR HDR DIFF PRESS,,LOABS,PULV LOW SEAL AIR HDR DIFF PRESS,ALM,1,3.96475,4,INH2O,!WP1001!WP1002!WP1003!WP1006!WP1007!WP1014!hist14!CP1004,1
2026-07-15 15:33:53.4,1PDF,SLPSL0001,PULV LOW SEAL AIR HDR DIFF PRESS,,LOABS,PULV LOW SEAL AIR HDR DIFF PRESS,RTN,1,4.02217,4,INH2O,!WP1001!WP1002!WP1003!WP1006!WP1007!WP1014!hist14!CP1004,1
2026-07-15 15:33:54.4,1PDF,SLPSL0001,PULV LOW SEAL AIR HDR DIFF PRESS,,LOABS,PULV LOW SEAL AIR HDR DIFF PRESS,ALM,1,3.92344,4,INH2O,!WP1001!WP1002!WP1003!WP1006!WP1007!WP1014!hist14!CP1004,1
2026-07-15 15:33:55.4,1PDF,SLPSL0001,PULV LOW SEAL AIR HDR DIFF PRESS,,LOABS,PULV LOW SEAL AIR HDR DIFF PRESS,RTN,1,4.05996,4,INH2O,!WP1001!WP1002!WP1003!WP1006!WP1007!WP1014!hist14!CP1004,1
2026-07-15 15:34:17.4,1PDF,SLPSL0001,PULV LOW SEAL AIR HDR DIFF PRESS,,LOABS,PULV LOW SEAL AIR HDR DIFF PRESS,ALM,1,3.87246,4,INH2O,!WP1001!WP1002!WP1003!WP1006!WP1007!WP1014!hist14!CP1004,1
2026-07-15 15:34:58.1,1NW_ESP_SMP,NWAI6702B,PRECIP SUMP PMP B DSCH PH,,IOBAD,BAD CHANNEL,RTN,3,,,,!WP1002!WP1011!WP1001!hist14!CP1020,1
2026-07-15 15:36:28.7,1FG_B,5706TX_ALM,BF B INLET OUTLET PRESS,FGPDIT5706,STATE,DEVIATION ALARM CLEAR,RTN,3,,,,!WP1001!WP1002!WP1003!WP1006!WP1007!WP1014!hist14!CP1015,1
2026-07-15 15:36:30.4,1PDF,SLPSL0001,PULV LOW SEAL AIR HDR DIFF PRESS,,LOABS,PULV LOW SEAL AIR HDR DIFF PRESS,RTN,1,4.02393,4,INH2O,!WP1001!WP1002!WP1003!WP1006!WP1007!WP1014!hist14!CP1004,1
2026-07-15 15:36:31.4,1PDF,SLPSL0001,PULV LOW SEAL AIR HDR DIFF PRESS,,LOABS,PULV LOW SEAL AIR HDR DIFF PRESS,ALM,1,3.98936,4,INH2O,!WP1001!WP1002!WP1003!WP1006!WP1007!WP1014!hist14!CP1004,1
2026-07-15 15:36:35.4,1PDF,SLPSL0001,PULV LOW SEAL AIR HDR DIFF PRESS,,LOABS,PULV LOW SEAL AIR HDR DIFF PRESS,RTN,1,4.03008,4,INH2O,!WP1001!WP1002!WP1003!WP1006!WP1007!WP1014!hist14!CP1004,1
2026-07-15 15:36:36.4,1PDF,SLPSL0001,PULV LOW SEAL AIR HDR DIFF PRESS,,LOABS,PULV LOW SEAL AIR HDR DIFF PRESS,ALM,1,3.9835,4,INH2O,!WP1001!WP1002!WP1003!WP1006!WP1007!WP1014!hist14!CP1004,1
2026-07-15 15:36:37.4,1PDF,SLPSL0001,PULV LOW SEAL AIR HDR DIFF PRESS,,LOABS,PULV LOW SEAL AIR HDR DIFF PRESS,RTN,1,4.10537,4,INH2O,!WP1001!WP1002!WP1003!WP1006!WP1007!WP1014!hist14!CP1004,1
2026-07-15 15:36:40.4,1PDF,SLPSL0001,PULV LOW SEAL AIR HDR DIFF PRESS,,LOABS,PULV LOW SEAL AIR HDR DIFF PRESS,ALM,1,3.88447,4,INH2O,!WP1001!WP1002!WP1003!WP1006!WP1007!WP1014!hist14!CP1004,1
2026-07-15 15:36:53.4,1PDF,SLPSL0001,PULV LOW SEAL AIR HDR DIFF PRESS,,LOABS,PULV LOW SEAL AIR HDR DIFF PRESS,RTN,1,4.01953,4,INH2O,!WP1001!WP1002!WP1003!WP1006!WP1007!WP1014!hist14!CP1004,1
2026-07-15 15:37:03.4,1PDF,SLPSL0001,PULV LOW SEAL AIR HDR DIFF PRESS,,LOABS,PULV LOW SEAL AIR HDR DIFF PRESS,ALM,1,3.95039,4,INH2O,!WP1001!WP1002!WP1003!WP1006!WP1007!WP1014!hist14!CP1004,1
2026-07-15 15:37:04.4,1PDF,SLPSL0001,PULV LOW SEAL AIR HDR DIFF PRESS,,LOABS,PULV LOW SEAL AIR HDR DIFF PRESS,RTN,1,4.00049,4,INH2O,!WP1001!WP1002!WP1003!WP1006!WP1007!WP1014!hist14!CP1004,1
2026-07-15 15:37:05.4,1PDF,SLPSL0001,PULV LOW SEAL AIR HDR DIFF PRESS,,LOABS,PULV LOW SEAL AIR HDR DIFF PRESS,ALM,1,3.91816,4,INH2O,!WP1001!WP1002!WP1003!WP1006!WP1007!WP1014!hist14!CP1004,1
2026-07-15 15:37:10.4,1PDF,SLPSL0001,PULV LOW SEAL AIR HDR DIFF PRESS,,LOABS,PULV LOW SEAL AIR HDR DIFF PRESS,RTN,1,4.00811,4,INH2O,!WP1001!WP1002!WP1003!WP1006!WP1007!WP1014!hist14!CP1004,1
2026-07-15 15:37:14.4,1PDF,SLPSL0001,PULV LOW SEAL AIR HDR DIFF PRESS,,LOABS,PULV LOW SEAL AIR HDR DIFF PRESS,ALM,1,3.99492,4,INH2O,!WP1001!WP1002!WP1003!WP1006!WP1007!WP1014!hist14!CP1004,1
2026-07-15 15:37:15.4,1PDF,SLPSL0001,PULV LOW SEAL AIR HDR DIFF PRESS,,LOABS,PULV LOW SEAL AIR HDR DIFF PRESS,RTN,1,4.05703,4,INH2O,!WP1001!WP1002!WP1003!WP1006!WP1007!WP1014!hist14!CP1004,1
2026-07-15 15:37:48.7,1FG_B,5706TX_ALM,BF B INLET OUTLET PRESS,FGPDIT5706,STATE,BF B INLET/OUTLET PRESS DEV,ALM,3,,,,!WP1001!WP1002!WP1003!WP1006!WP1007!WP1014!hist14!CP1015,1
2026-07-15 15:39:29.2,1RPF_VIB,ARVI15554F,AR PMP F MTR IBRD SHAFT VIB-DE4,,HHABS,,RTN,1,4.39,4.5,MILS,!WP1001!WP1002!WP1003!WP1006!WP1007!WP1014!hist14!CP1017,1
2026-07-15 15:39:30.4,1PDF,SLPSL0001,PULV LOW SEAL AIR HDR DIFF PRESS,,LOABS,PULV LOW SEAL AIR HDR DIFF PRESS,ALM,1,3.95684,4,INH2O,!WP1001!WP1002!WP1003!WP1006!WP1007!WP1014!hist14!CP1004,1
2026-07-15 15:39:31.4,1PDF,SLPSL0001,PULV LOW SEAL AIR HDR DIFF PRESS,,LOABS,PULV LOW SEAL AIR HDR DIFF PRESS,RTN,1,4.05264,4,INH2O,!WP1001!WP1002!WP1003!WP1006!WP1007!WP1014!hist14!CP1004,1
2026-07-15 15:39:36.4,1PDF,SLPSL0001,PULV LOW SEAL AIR HDR DIFF PRESS,,LOABS,PULV LOW SEAL AIR HDR DIFF PRESS,ALM,1,3.99375,4,INH2O,!WP1001!WP1002!WP1003!WP1006!WP1007!WP1014!hist14!CP1004,1
2026-07-15 15:39:42.4,1PDF,SLPSL0001,PULV LOW SEAL AIR HDR DIFF PRESS,,LOABS,PULV LOW SEAL AIR HDR DIFF PRESS,RTN,1,4.12471,4,INH2O,!WP1001!WP1002!WP1003!WP1006!WP1007!WP1014!hist14!CP1004,1
2026-07-15 15:40:00.4,1NW_ESP_SMP,NWAI6702B,PRECIP SUMP PMP B DSCH PH,,IOBAD,BAD CHANNEL,ALM,3,,,,!WP1002!WP1011!WP1001!hist14!CP1020,1
2026-07-15 15:40:06.4,1PDF,SLPSL0001,PULV LOW SEAL AIR HDR DIFF PRESS,,LOABS,PULV LOW SEAL AIR HDR DIFF PRESS,ALM,1,3.95449,4,INH2O,!WP1001!WP1002!WP1003!WP1006!WP1007!WP1014!hist14!CP1004,1
2026-07-15 15:40:07.4,1PDF,SLPSL0001,PULV LOW SEAL AIR HDR DIFF PRESS,,LOABS,PULV LOW SEAL AIR HDR DIFF PRESS,RTN,1,4.06816,4,INH2O,!WP1001!WP1002!WP1003!WP1006!WP1007!WP1014!hist14!CP1004,1
2026-07-15 15:40:10.4,1PDF,SLPSL0001,PULV LOW SEAL AIR HDR DIFF PRESS,,LOABS,PULV LOW SEAL AIR HDR DIFF PRESS,ALM,1,3.87129,4,INH2O,!WP1001!WP1002!WP1003!WP1006!WP1007!WP1014!hist14!CP1004,1
2026-07-15 15:40:26.4,1PDF,SLPSL0001,PULV LOW SEAL AIR HDR DIFF PRESS,,LOABS,PULV LOW SEAL AIR HDR DIFF PRESS,RTN,1,4.01133,4,INH2O,!WP1001!WP1002!WP1003!WP1006!WP1007!WP1014!hist14!CP1004,1
2026-07-15 15:40:27.4,1PDF,SLPSL0001,PULV LOW SEAL AIR HDR DIFF PRESS,,LOABS,PULV LOW SEAL AIR HDR DIFF PRESS,ALM,1,3.9832,4,INH2O,!WP1001!WP1002!WP1003!WP1006!WP1007!WP1014!hist14!CP1004,1
2026-07-15 15:40:28.4,1PDF,SLPSL0001,PULV LOW SEAL AIR HDR DIFF PRESS,,LOABS,PULV LOW SEAL AIR HDR DIFF PRESS,RTN,1,4.05,4,INH2O,!WP1001!WP1002!WP1003!WP1006!WP1007!WP1014!hist14!CP1004,1
2026-07-15 15:40:29.4,1PDF,SLPSL0001,PULV LOW SEAL AIR HDR DIFF PRESS,,LOABS,PULV LOW SEAL AIR HDR DIFF PRESS,ALM,1,3.93809,4,INH2O,!WP1001!WP1002!WP1003!WP1006!WP1007!WP1014!hist14!CP1004,1
2026-07-15 15:40:32.4,1PDF,SLPSL0001,PULV LOW SEAL AIR HDR DIFF PRESS,,LOABS,PULV LOW SEAL AIR HDR DIFF PRESS,RTN,1,4.03857,4,INH2O,!WP1001!WP1002!WP1003!WP1006!WP1007!WP1014!hist14!CP1004,1
2026-07-15 15:40:33.4,1PDF,SLPSL0001,PULV LOW SEAL AIR HDR DIFF PRESS,,LOABS,PULV LOW SEAL AIR HDR DIFF PRESS,ALM,1,3.95596,4,INH2O,!WP1001!WP1002!WP1003!WP1006!WP1007!WP1014!hist14!CP1004,1
2026-07-15 15:40:38.4,1PDF,SLPSL0001,PULV LOW SEAL AIR HDR DIFF PRESS,,LOABS,PULV LOW SEAL AIR HDR DIFF PRESS,RTN,1,4.0459,4,INH2O,!WP1001!WP1002!WP1003!WP1006!WP1007!WP1014!hist14!CP1004,1
2026-07-15 15:40:56.4,1PDF,SLPSL0001,PULV LOW SEAL AIR HDR DIFF PRESS,,LOABS,PULV LOW SEAL AIR HDR DIFF PRESS,ALM,1,3.98115,4,INH2O,!WP1001!WP1002!WP1003!WP1006!WP1007!WP1014!hist14!CP1004,1
2026-07-15 15:40:57.4,1PDF,SLPSL0001,PULV LOW SEAL AIR HDR DIFF PRESS,,LOABS,PULV LOW SEAL AIR HDR DIFF PRESS,RTN,1,4.02861,4,INH2O,!WP1001!WP1002!WP1003!WP1006!WP1007!WP1014!hist14!CP1004,1
2026-07-15 15:40:58.4,1PDF,SLPSL0001,PULV LOW SEAL AIR HDR DIFF PRESS,,LOABS,PULV LOW SEAL AIR HDR DIFF PRESS,ALM,1,3.98789,4,INH2O,!WP1001!WP1002!WP1003!WP1006!WP1007!WP1014!hist14!CP1004,1
2026-07-15 15:41:39.4,1PDF,SLPSL0001,PULV LOW SEAL AIR HDR DIFF PRESS,,LOABS,PULV LOW SEAL AIR HDR DIFF PRESS,RTN,1,4.00107,4,INH2O,!WP1001!WP1002!WP1003!WP1006!WP1007!WP1014!hist14!CP1004,1
2026-07-15 15:41:43.4,1PDF,SLPSL0001,PULV LOW SEAL AIR HDR DIFF PRESS,,LOABS,PULV LOW SEAL AIR HDR DIFF PRESS,ALM,1,3.97969,4,INH2O,!WP1001!WP1002!WP1003!WP1006!WP1007!WP1014!hist14!CP1004,1
2026-07-15 15:41:48.4,1PDF,SLPSL0001,PULV LOW SEAL AIR HDR DIFF PRESS,,LOABS,PULV LOW SEAL AIR HDR DIFF PRESS,RTN,1,4.05205,4,INH2O,!WP1001!WP1002!WP1003!WP1006!WP1007!WP1014!hist14!CP1004,1
2026-07-15 15:41:49.4,1PDF,SLPSL0001,PULV LOW SEAL AIR HDR DIFF PRESS,,LOABS,PULV LOW SEAL AIR HDR DIFF PRESS,ALM,1,3.88096,4,INH2O,!WP1001!WP1002!WP1003!WP1006!WP1007!WP1014!hist14!CP1004,1
2026-07-15 15:42:14.7,1FG_B,5703TX_ALM,BF B INLET BOX PRESS,FGPIT5703,STATE,BF B INLET PRESS DEVIATION,ALM,3,,,,!WP1001!WP1002!WP1003!WP1006!WP1007!WP1014!hist14!CP1015,1
2026-07-15 15:42:30.4,1PDF,SLPSL0001,PULV LOW SEAL AIR HDR DIFF PRESS,,LOABS,PULV LOW SEAL AIR HDR DIFF PRESS,RTN,1,4.10244,4,INH2O,!WP1001!WP1002!WP1003!WP1006!WP1007!WP1014!hist14!CP1004,1
2026-07-15 15:42:31.4,1PDF,SLPSL0001,PULV LOW SEAL AIR HDR DIFF PRESS,,LOABS,PULV LOW SEAL AIR HDR DIFF PRESS,ALM,1,3.96943,4,INH2O,!WP1001!WP1002!WP1003!WP1006!WP1007!WP1014!hist14!CP1004,1
2026-07-15 15:42:32.4,1PDF,SLPSL0001,PULV LOW SEAL AIR HDR DIFF PRESS,,LOABS,PULV LOW SEAL AIR HDR DIFF PRESS,RTN,1,4.06348,4,INH2O,!WP1001!WP1002!WP1003!WP1006!WP1007!WP1014!hist14!CP1004,1
2026-07-15 15:42:33.4,1PDF,SLPSL0001,PULV LOW SEAL AIR HDR DIFF PRESS,,LOABS,PULV LOW SEAL AIR HDR DIFF PRESS,ALM,1,3.88154,4,INH2O,!WP1001!WP1002!WP1003!WP1006!WP1007!WP1014!hist14!CP1004,1
2026-07-15 15:42:44.0,IDFAN_PEEC,OPCY_ALM,PRECIP OUT > 50%,PRECIP OUTLET,STATE,ALARM,ALM,3,,,,!WP1001!WP1002!WP1003!WP1006!WP1007!WP1014!hist14!CP1003,1
2026-07-15 15:43:10.4,1PDF,SLPSL0001,PULV LOW SEAL AIR HDR DIFF PRESS,,LOABS,PULV LOW SEAL AIR HDR DIFF PRESS,RTN,1,4.00283,4,INH2O,!WP1001!WP1002!WP1003!WP1006!WP1007!WP1014!hist14!CP1004,1
2026-07-15 15:43:11.4,1PDF,SLPSL0001,PULV LOW SEAL AIR HDR DIFF PRESS,,LOABS,PULV LOW SEAL AIR HDR DIFF PRESS,ALM,1,3.94688,4,INH2O,!WP1001!WP1002!WP1003!WP1006!WP1007!WP1014!hist14!CP1004,1
2026-07-15 15:43:12.4,1PDF,SLPSL0001,PULV LOW SEAL AIR HDR DIFF PRESS,,LOABS,PULV LOW SEAL AIR HDR DIFF PRESS,RTN,1,4.03271,4,INH2O,!WP1001!WP1002!WP1003!WP1006!WP1007!WP1014!hist14!CP1004,1
2026-07-15 15:43:13.4,1PDF,SLPSL0001,PULV LOW SEAL AIR HDR DIFF PRESS,,LOABS,PULV LOW SEAL AIR HDR DIFF PRESS,ALM,1,3.9498,4,INH2O,!WP1001!WP1002!WP1003!WP1006!WP1007!WP1014!hist14!CP1004,1
2026-07-15 15:43:14.4,1PDF,SLPSL0001,PULV LOW SEAL AIR HDR DIFF PRESS,,LOABS,PULV LOW SEAL AIR HDR DIFF PRESS,RTN,1,4.07607,4,INH2O,!WP1001!WP1002!WP1003!WP1006!WP1007!WP1014!hist14!CP1004,1
2026-07-15 15:43:15.4,1PDF,SLPSL0001,PULV LOW SEAL AIR HDR DIFF PRESS,,LOABS,PULV LOW SEAL AIR HDR DIFF PRESS,ALM,1,3.90205,4,INH2O,!WP1001!WP1002!WP1003!WP1006!WP1007!WP1014!hist14!CP1004,1
2026-07-15 15:43:20.4,1PDF,SLPSL0001,PULV LOW SEAL AIR HDR DIFF PRESS,,LOABS,PULV LOW SEAL AIR HDR DIFF PRESS,RTN,1,4.01689,4,INH2O,!WP1001!WP1002!WP1003!WP1006!WP1007!WP1014!hist14!CP1004,1
2026-07-15 15:43:21.4,1PDF,SLPSL0001,PULV LOW SEAL AIR HDR DIFF PRESS,,LOABS,PULV LOW SEAL AIR HDR DIFF PRESS,ALM,1,3.99141,4,INH2O,!WP1001!WP1002!WP1003!WP1006!WP1007!WP1014!hist14!CP1004,1
2026-07-15 15:43:22.4,1PDF,SLPSL0001,PULV LOW SEAL AIR HDR DIFF PRESS,,LOABS,PULV LOW SEAL AIR HDR DIFF PRESS,RTN,1,4.01016,4,INH2O,!WP1001!WP1002!WP1003!WP1006!WP1007!WP1014!hist14!CP1004,1
2026-07-15 15:43:23.4,1PDF,SLPSL0001,PULV LOW SEAL AIR HDR DIFF PRESS,,LOABS,PULV LOW SEAL AIR HDR DIFF PRESS,ALM,1,3.97441,4,INH2O,!WP1001!WP1002!WP1003!WP1006!WP1007!WP1014!hist14!CP1004,1
2026-07-15 15:44:04.4,1PDF,SLPSL0001,PULV LOW SEAL AIR HDR DIFF PRESS,,LOABS,PULV LOW SEAL AIR HDR DIFF PRESS,RTN,1,4.02422,4,INH2O,!WP1001!WP1002!WP1003!WP1006!WP1007!WP1014!hist14!CP1004,1
2026-07-15 15:44:05.4,1PDF,SLPSL0001,PULV LOW SEAL AIR HDR DIFF PRESS,,LOABS,PULV LOW SEAL AIR HDR DIFF PRESS,ALM,1,3.97939,4,INH2O,!WP1001!WP1002!WP1003!WP1006!WP1007!WP1014!hist14!CP1004,1
2026-07-15 15:44:07.0,IDFAN_PEEC,OPCY_ALM,PRECIP OUT > 50%,PRECIP OUTLET,STATE,NORMAL,RTN,3,,,,!WP1001!WP1002!WP1003!WP1006!WP1007!WP1014!hist14!CP1003,1
2026-07-15 15:44:11.4,1PDF,SLPSL0001,PULV LOW SEAL AIR HDR DIFF PRESS,,LOABS,PULV LOW SEAL AIR HDR DIFF PRESS,RTN,1,4.08105,4,INH2O,!WP1001!WP1002!WP1003!WP1006!WP1007!WP1014!hist14!CP1004,1
2026-07-15 15:44:12.5,IDFAN_PEEC,OPCY_ALM,PRECIP OUT > 50%,PRECIP OUTLET,STATE,ALARM,ALM,3,,,,!WP1001!WP1002!WP1003!WP1006!WP1007!WP1014!hist14!CP1003,1
2026-07-15 15:44:14.4,1PDF,SLPSL0001,PULV LOW SEAL AIR HDR DIFF PRESS,,LOABS,PULV LOW SEAL AIR HDR DIFF PRESS,ALM,1,3.88037,4,INH2O,!WP1001!WP1002!WP1003!WP1006!WP1007!WP1014!hist14!CP1004,1
2026-07-15 15:44:23.0,IDFAN_PEEC,OPCY_ALM,PRECIP OUT > 50%,PRECIP OUTLET,STATE,NORMAL,RTN,3,,,,!WP1001!WP1002!WP1003!WP1006!WP1007!WP1014!hist14!CP1003,1
2026-07-15 15:44:41.5,IDFAN_PEEC,OPCY_ALM,PRECIP OUT > 50%,PRECIP OUTLET,STATE,ALARM,ALM,3,,,,!WP1001!WP1002!WP1003!WP1006!WP1007!WP1014!hist14!CP1003,1
2026-07-15 15:44:51.4,1PDF,SLPSL0001,PULV LOW SEAL AIR HDR DIFF PRESS,,LOABS,PULV LOW SEAL AIR HDR DIFF PRESS,RTN,1,4.0002,4,INH2O,!WP1001!WP1002!WP1003!WP1006!WP1007!WP1014!hist14!CP1004,1
2026-07-15 15:44:52.4,1PDF,SLPSL0001,PULV LOW SEAL AIR HDR DIFF PRESS,,LOABS,PULV LOW SEAL AIR HDR DIFF PRESS,ALM,1,3.98496,4,INH2O,!WP1001!WP1002!WP1003!WP1006!WP1007!WP1014!hist14!CP1004,1
2026-07-15 15:44:53.4,1PDF,SLPSL0001,PULV LOW SEAL AIR HDR DIFF PRESS,,LOABS,PULV LOW SEAL AIR HDR DIFF PRESS,RTN,1,4.09805,4,INH2O,!WP1001!WP1002!WP1003!WP1006!WP1007!WP1014!hist14!CP1004,1
2026-07-15 15:44:56.4,1PDF,SLPSL0001,PULV LOW SEAL AIR HDR DIFF PRESS,,LOABS,PULV LOW SEAL AIR HDR DIFF PRESS,ALM,1,3.9627,4,INH2O,!WP1001!WP1002!WP1003!WP1006!WP1007!WP1014!hist14!CP1004,1
2026-07-15 15:45:01.4,1PDF,SLPSL0001,PULV LOW SEAL AIR HDR DIFF PRESS,,LOABS,PULV LOW SEAL AIR HDR DIFF PRESS,RTN,1,4.13232,4,INH2O,!WP1001!WP1002!WP1003!WP1006!WP1007!WP1014!hist14!CP1004,1
2026-07-15 15:45:05.4,1PDF,SLPSL0001,PULV LOW SEAL AIR HDR DIFF PRESS,,LOABS,PULV LOW SEAL AIR HDR DIFF PRESS,ALM,1,3.89063,4,INH2O,!WP1001!WP1002!WP1003!WP1006!WP1007!WP1014!hist14!CP1004,1
2026-07-15 15:45:08.5,IDFAN_PEEC,OPCY_ALM,PRECIP OUT > 50%,PRECIP OUTLET,STATE,NORMAL,RTN,3,,,,!WP1001!WP1002!WP1003!WP1006!WP1007!WP1014!hist14!CP1003,1
2026-07-15 15:45:12.4,1PDF,SLPSL0001,PULV LOW SEAL AIR HDR DIFF PRESS,,LOABS,PULV LOW SEAL AIR HDR DIFF PRESS,RTN,1,4.06113,4,INH2O,!WP1001!WP1002!WP1003!WP1006!WP1007!WP1014!hist14!CP1004,1
2026-07-15 15:45:13.4,1PDF,SLPSL0001,PULV LOW SEAL AIR HDR DIFF PRESS,,LOABS,PULV LOW SEAL AIR HDR DIFF PRESS,ALM,1,3.88916,4,INH2O,!WP1001!WP1002!WP1003!WP1006!WP1007!WP1014!hist14!CP1004,1
2026-07-15 15:45:35.4,1PDF,SLPSL0001,PULV LOW SEAL AIR HDR DIFF PRESS,,LOABS,PULV LOW SEAL AIR HDR DIFF PRESS,RTN,1,4.01309,4,INH2O,!WP1001!WP1002!WP1003!WP1006!WP1007!WP1014!hist14!CP1004,1
2026-07-15 15:45:36.4,1PDF,SLPSL0001,PULV LOW SEAL AIR HDR DIFF PRESS,,LOABS,PULV LOW SEAL AIR HDR DIFF PRESS,ALM,1,3.9041,4,INH2O,!WP1001!WP1002!WP1003!WP1006!WP1007!WP1014!hist14!CP1004,1
2026-07-15 15:45:41.4,1PDF,SLPSL0001,PULV LOW SEAL AIR HDR DIFF PRESS,,LOABS,PULV LOW SEAL AIR HDR DIFF PRESS,RTN,1,4.02275,4,INH2O,!WP1001!WP1002!WP1003!WP1006!WP1007!WP1014!hist14!CP1004,1
2026-07-15 15:45:42.4,1PDF,SLPSL0001,PULV LOW SEAL AIR HDR DIFF PRESS,,LOABS,PULV LOW SEAL AIR HDR DIFF PRESS,ALM,1,3.99727,4,INH2O,!WP1001!WP1002!WP1003!WP1006!WP1007!WP1014!hist14!CP1004,1
2026-07-15 15:45:43.4,1PDF,SLPSL0001,PULV LOW SEAL AIR HDR DIFF PRESS,,LOABS,PULV LOW SEAL AIR HDR DIFF PRESS,RTN,1,4.03506,4,INH2O,!WP1001!WP1002!WP1003!WP1006!WP1007!WP1014!hist14!CP1004,1
2026-07-15 15:45:48.4,1PDF,SLPSL0001,PULV LOW SEAL AIR HDR DIFF PRESS,,LOABS,PULV LOW SEAL AIR HDR DIFF PRESS,ALM,1,3.94453,4,INH2O,!WP1001!WP1002!WP1003!WP1006!WP1007!WP1014!hist14!CP1004,1
2026-07-15 15:45:50.4,1PDF,SLPSL0001,PULV LOW SEAL AIR HDR DIFF PRESS,,LOABS,PULV LOW SEAL AIR HDR DIFF PRESS,RTN,1,4.0043,4,INH2O,!WP1001!WP1002!WP1003!WP1006!WP1007!WP1014!hist14!CP1004,1
2026-07-15 15:45:55.4,1PDF,SLPSL0001,PULV LOW SEAL AIR HDR DIFF PRESS,,LOABS,PULV LOW SEAL AIR HDR DIFF PRESS,ALM,1,3.89502,4,INH2O,!WP1001!WP1002!WP1003!WP1006!WP1007!WP1014!hist14!CP1004,1
2026-07-15 15:46:32.7,1FG_B,5703TX_ALM,BF B INLET BOX PRESS,FGPIT5703,STATE,DEVIATION ALARM CLEAR,RTN,3,,,,!WP1001!WP1002!WP1003!WP1006!WP1007!WP1014!hist14!CP1015,1
2026-07-15 15:47:07.4,1FUEL_SFTY,FPTX_ALM,DRAFT TRANSMITTER DEVIATION,,STATE,FURN DRAFT PRESS XMTR DEVIATION,ALM,5,,,,!WP1001!WP1002!WP1003!WP1006!WP1007!WP1014!hist14!CP1004,1
2026-07-15 15:47:41.8,1BCS_7,IKTE3741,REHEAT TEMP LEFT (REDUNDANT),,HIABS,HIGH,ALM,1,1012.19,1012.18,DEG.F,!WP1002!WP1006!WP1007!WP1001!WP1003!WP1014!hist14!CP1007,1
2026-07-15 15:47:44.8,1BCS_7,IKTE3441,REHEAT TEMP LEFT (NORM),,HIABS,HIGH,ALM,1,1012.19,1012.18,DEG.F,!WP1002!WP1006!WP1007!WP1001!WP1003!WP1014!hist14!CP1007,1
2026-07-15 15:47:49.7,1FG_B,5706TX_ALM,BF B INLET OUTLET PRESS,FGPDIT5706,STATE,DEVIATION ALARM CLEAR,RTN,3,,,,!WP1001!WP1002!WP1003!WP1006!WP1007!WP1014!hist14!CP1015,1
2026-07-15 15:47:59.2,1FG_B,ZSH5701A,BF B BLADE PITCH,,HIABS,BLADE PITCH ALARM,RTN,3,69.8711,70,%,!WP1001!WP1002!WP1003!WP1006!WP1007!WP1014!hist14!CP1015,1
2026-07-15 15:48:03.2,1FG_A,ZSH5601A,BF A BLADE PITCH,,HIABS,BLADE PITCH ALARM,RTN,3,69.8984,70,%,!WP1001!WP1002!WP1003!WP1006!WP1007!WP1014!hist14!CP1015,1
2026-07-15 15:48:14.1,ASH_DCS,PLC_TRB,ASH PLC TROUBLE ALARM,ASH PLC,STATE,NORMAL,RTN,3,,,,!WP1002!WP1006!WP1007!WP1001!WP1003!WP1014!hist14!CP1006,1
2026-07-15 15:48:15.4,1PDF,SLPSL0001,PULV LOW SEAL AIR HDR DIFF PRESS,,LOABS,PULV LOW SEAL AIR HDR DIFF PRESS,RTN,1,4.10127,4,INH2O,!WP1001!WP1002!WP1003!WP1006!WP1007!WP1014!hist14!CP1004,1
2026-07-15 15:48:35.8,1FP,B56,ID FAN A INLET DAMPER FEEDBACK,,HHABS,ID FAN A DAMPER 80 %,RTN,1,78.9754,80,PCT,!WP1001!WP1002!WP1003!WP1006!WP1007!WP1014!hist14!CP1001,1
2026-07-15 15:48:38.4,1FUEL_SFTY,FPTX_ALM,DRAFT TRANSMITTER DEVIATION,,STATE,NO DEVIATION,RTN,5,,,,!WP1001!WP1002!WP1003!WP1006!WP1007!WP1014!hist14!CP1004,1
2026-07-15 15:48:40.2,1SEAL_AIR,PDI5735_ALM,BF B OUT DMPR SEAL CAV D/P LOW,,STATE,DP ALARM CLEAR,RTN,3,,,,!WP1001!WP1002!WP1003!WP1006!WP1007!WP1014!hist14!CP1015,1
2026-07-15 15:48:51.4,1PDF,SLPSL0001,PULV LOW SEAL AIR HDR DIFF PRESS,,LOABS,PULV LOW SEAL AIR HDR DIFF PRESS,ALM,1,3.99492,4,INH2O,!WP1001!WP1002!WP1003!WP1006!WP1007!WP1014!hist14!CP1004,1
2026-07-15 15:48:52.4,1PDF,SLPSL0001,PULV LOW SEAL AIR HDR DIFF PRESS,,LOABS,PULV LOW SEAL AIR HDR DIFF PRESS,RTN,1,4.00605,4,INH2O,!WP1001!WP1002!WP1003!WP1006!WP1007!WP1014!hist14!CP1004,1
2026-07-15 15:48:53.4,1PDF,SLPSL0001,PULV LOW SEAL AIR HDR DIFF PRESS,,LOABS,PULV LOW SEAL AIR HDR DIFF PRESS,ALM,1,3.95918,4,INH2O,!WP1001!WP1002!WP1003!WP1006!WP1007!WP1014!hist14!CP1004,1
2026-07-15 15:48:53.7,1FG_A,ZSH5601A,BF A BLADE PITCH,,HIABS,BLADE PITCH ALARM,ALM,3,70.002,70,%,!WP1001!WP1002!WP1003!WP1006!WP1007!WP1014!hist14!CP1015,1
2026-07-15 15:48:54.2,1FG_B,ZSH5701A,BF B BLADE PITCH,,HIABS,BLADE PITCH ALARM,ALM,3,70.0488,70,%,!WP1001!WP1002!WP1003!WP1006!WP1007!WP1014!hist14!CP1015,1
2026-07-15 15:48:55.4,1PDF,SLPSL0001,PULV LOW SEAL AIR HDR DIFF PRESS,,LOABS,PULV LOW SEAL AIR HDR DIFF PRESS,RTN,1,4.00986,4,INH2O,!WP1001!WP1002!WP1003!WP1006!WP1007!WP1014!hist14!CP1004,1
2026-07-15 15:49:00.4,1PDF,SLPSL0001,PULV LOW SEAL AIR HDR DIFF PRESS,,LOABS,PULV LOW SEAL AIR HDR DIFF PRESS,ALM,1,3.97588,4,INH2O,!WP1001!WP1002!WP1003!WP1006!WP1007!WP1014!hist14!CP1004,1
2026-07-15 15:49:01.4,1PDF,SLPSL0001,PULV LOW SEAL AIR HDR DIFF PRESS,,LOABS,PULV LOW SEAL AIR HDR DIFF PRESS,RTN,1,4.09365,4,INH2O,!WP1001!WP1002!WP1003!WP1006!WP1007!WP1014!hist14!CP1004,1
2026-07-15 15:49:13.8,1BCS_7,IKTE3441,REHEAT TEMP LEFT (NORM),,HIABS,HIGH,RTN,1,1007.18,1012.18,DEG.F,!WP1002!WP1006!WP1007!WP1001!WP1003!WP1014!hist14!CP1007,1
2026-07-15 15:49:17.3,1BCS_7,IKTE3741,REHEAT TEMP LEFT (REDUNDANT),,HIABS,HIGH,RTN,1,1007.17,1012.18,DEG.F,!WP1002!WP1006!WP1007!WP1001!WP1003!WP1014!hist14!CP1007,1
2026-07-15 15:49:19.4,1PDF,SLPSL0001,PULV LOW SEAL AIR HDR DIFF PRESS,,LOABS,PULV LOW SEAL AIR HDR DIFF PRESS,ALM,1,3.97236,4,INH2O,!WP1001!WP1002!WP1003!WP1006!WP1007!WP1014!hist14!CP1004,1
2026-07-15 15:49:20.4,1PDF,SLPSL0001,PULV LOW SEAL AIR HDR DIFF PRESS,,LOABS,PULV LOW SEAL AIR HDR DIFF PRESS,RTN,1,4.02246,4,INH2O,!WP1001!WP1002!WP1003!WP1006!WP1007!WP1014!hist14!CP1004,1
2026-07-15 15:49:21.4,1PDF,SLPSL0001,PULV LOW SEAL AIR HDR DIFF PRESS,,LOABS,PULV LOW SEAL AIR HDR DIFF PRESS,ALM,1,3.92695,4,INH2O,!WP1001!WP1002!WP1003!WP1006!WP1007!WP1014!hist14!CP1004,1
2026-07-15 15:49:22.4,1PDF,SLPSL0001,PULV LOW SEAL AIR HDR DIFF PRESS,,LOABS,PULV LOW SEAL AIR HDR DIFF PRESS,RTN,1,4.01748,4,INH2O,!WP1001!WP1002!WP1003!WP1006!WP1007!WP1014!hist14!CP1004,1
2026-07-15 15:49:23.4,1PDF,SLPSL0001,PULV LOW SEAL AIR HDR DIFF PRESS,,LOABS,PULV LOW SEAL AIR HDR DIFF PRESS,ALM,1,3.99463,4,INH2O,!WP1001!WP1002!WP1003!WP1006!WP1007!WP1014!hist14!CP1004,1
2026-07-15 15:49:24.4,1PDF,SLPSL0001,PULV LOW SEAL AIR HDR DIFF PRESS,,LOABS,PULV LOW SEAL AIR HDR DIFF PRESS,RTN,1,4.04619,4,INH2O,!WP1001!WP1002!WP1003!WP1006!WP1007!WP1014!hist14!CP1004,1
2026-07-15 15:49:25.4,1PDF,SLPSL0001,PULV LOW SEAL AIR HDR DIFF PRESS,,LOABS,PULV LOW SEAL AIR HDR DIFF PRESS,ALM,1,3.8959,4,INH2O,!WP1001!WP1002!WP1003!WP1006!WP1007!WP1014!hist14!CP1004,1
2026-07-15 15:49:27.3,1FP,B56,ID FAN A INLET DAMPER FEEDBACK,,HHABS,ID FAN A DAMPER 80 %,ALM,1,80.1147,80,PCT,!WP1001!WP1002!WP1003!WP1006!WP1007!WP1014!hist14!CP1001,1
2026-07-15 15:49:45.4,1PDF,SLPSL0001,PULV LOW SEAL AIR HDR DIFF PRESS,,LOABS,PULV LOW SEAL AIR HDR DIFF PRESS,RTN,1,4.02129,4,INH2O,!WP1001!WP1002!WP1003!WP1006!WP1007!WP1014!hist14!CP1004,1
2026-07-15 15:49:46.4,1PDF,SLPSL0001,PULV LOW SEAL AIR HDR DIFF PRESS,,LOABS,PULV LOW SEAL AIR HDR DIFF PRESS,ALM,1,3.9501,4,INH2O,!WP1001!WP1002!WP1003!WP1006!WP1007!WP1014!hist14!CP1004,1
2026-07-15 15:49:47.4,1PDF,SLPSL0001,PULV LOW SEAL AIR HDR DIFF PRESS,,LOABS,PULV LOW SEAL AIR HDR DIFF PRESS,RTN,1,4.07783,4,INH2O,!WP1001!WP1002!WP1003!WP1006!WP1007!WP1014!hist14!CP1004,1
2026-07-15 15:49:48.4,1PDF,SLPSL0001,PULV LOW SEAL AIR HDR DIFF PRESS,,LOABS,PULV LOW SEAL AIR HDR DIFF PRESS,ALM,1,3.97061,4,INH2O,!WP1001!WP1002!WP1003!WP1006!WP1007!WP1014!hist14!CP1004,1
2026-07-15 15:49:49.7,1SEAL_AIR,PDI5735_ALM,BF B OUT DMPR SEAL CAV D/P LOW,,STATE,DP ALARM ACTIVE,ALM,3,,,,!WP1001!WP1002!WP1003!WP1006!WP1007!WP1014!hist14!CP1015,1
2026-07-15 15:49:54.1,1AB_SCR_SEQ,SCR_HOP_T13,SCR HOPPER SEQ XV5101 TIMER,,PTARG,TIMEOUT,ALM,3,240.99,240,SEC,!WP1002!WP1011!WP1001!hist14!CP1020,1
2026-07-15 15:49:55.1,1AB_SCR_SEQ,SCR_HOP_T13,SCR HOPPER SEQ XV5101 TIMER,,PTARG,TIMEOUT,RTN,3,0,240,SEC,!WP1002!WP1011!WP1001!hist14!CP1020,1
2026-07-15 15:49:56.4,1PDF,SLPSL0001,PULV LOW SEAL AIR HDR DIFF PRESS,,LOABS,PULV LOW SEAL AIR HDR DIFF PRESS,RTN,1,4.13057,4,INH2O,!WP1001!WP1002!WP1003!WP1006!WP1007!WP1014!hist14!CP1004,1
2026-07-15 15:50:05.2,1FG_B,5706TX_ALM,BF B INLET OUTLET PRESS,FGPDIT5706,STATE,BF B INLET/OUTLET PRESS DEV,ALM,3,,,,!WP1001!WP1002!WP1003!WP1006!WP1007!WP1014!hist14!CP1015,1
2026-07-15 15:50:11.4,1PDF,SLPSL0001,PULV LOW SEAL AIR HDR DIFF PRESS,,LOABS,PULV LOW SEAL AIR HDR DIFF PRESS,ALM,1,3.99521,4,INH2O,!WP1001!WP1002!WP1003!WP1006!WP1007!WP1014!hist14!CP1004,1
2026-07-15 15:50:12.4,1PDF,SLPSL0001,PULV LOW SEAL AIR HDR DIFF PRESS,,LOABS,PULV LOW SEAL AIR HDR DIFF PRESS,RTN,1,4.08545,4,INH2O,!WP1001!WP1002!WP1003!WP1006!WP1007!WP1014!hist14!CP1004,1
2026-07-15 15:50:15.4,1PDF,SLPSL0001,PULV LOW SEAL AIR HDR DIFF PRESS,,LOABS,PULV LOW SEAL AIR HDR DIFF PRESS,ALM,1,3.97969,4,INH2O,!WP1001!WP1002!WP1003!WP1006!WP1007!WP1014!hist14!CP1004,1
2026-07-15 15:50:21.4,1PDF,SLPSL0001,PULV LOW SEAL AIR HDR DIFF PRESS,,LOABS,PULV LOW SEAL AIR HDR DIFF PRESS,RTN,1,4.05996,4,INH2O,!WP1001!WP1002!WP1003!WP1006!WP1007!WP1014!hist14!CP1004,1
2026-07-15 15:50:24.4,1PDF,SLPSL0001,PULV LOW SEAL AIR HDR DIFF PRESS,,LOABS,PULV LOW SEAL AIR HDR DIFF PRESS,ALM,1,3.9627,4,INH2O,!WP1001!WP1002!WP1003!WP1006!WP1007!WP1014!hist14!CP1004,1
2026-07-15 15:50:27.4,1PDF,SLPSL0001,PULV LOW SEAL AIR HDR DIFF PRESS,,LOABS,PULV LOW SEAL AIR HDR DIFF PRESS,RTN,1,4.12969,4,INH2O,!WP1001!WP1002!WP1003!WP1006!WP1007!WP1014!hist14!CP1004,1
2026-07-15 15:50:30.4,1PDF,SLPSL0001,PULV LOW SEAL AIR HDR DIFF PRESS,,LOABS,PULV LOW SEAL AIR HDR DIFF PRESS,ALM,1,3.99551,4,INH2O,!WP1001!WP1002!WP1003!WP1006!WP1007!WP1014!hist14!CP1004,1
2026-07-15 15:50:31.4,1PDF,SLPSL0001,PULV LOW SEAL AIR HDR DIFF PRESS,,LOABS,PULV LOW SEAL AIR HDR DIFF PRESS,RTN,1,4.06084,4,INH2O,!WP1001!WP1002!WP1003!WP1006!WP1007!WP1014!hist14!CP1004,1
2026-07-15 15:50:32.4,1PDF,SLPSL0001,PULV LOW SEAL AIR HDR DIFF PRESS,,LOABS,PULV LOW SEAL AIR HDR DIFF PRESS,ALM,1,3.94424,4,INH2O,!WP1001!WP1002!WP1003!WP1006!WP1007!WP1014!hist14!CP1004,1
2026-07-15 15:50:33.4,1PDF,SLPSL0001,PULV LOW SEAL AIR HDR DIFF PRESS,,LOABS,PULV LOW SEAL AIR HDR DIFF PRESS,RTN,1,4.02275,4,INH2O,!WP1001!WP1002!WP1003!WP1006!WP1007!WP1014!hist14!CP1004,1
2026-07-15 15:51:01.4,1PDF,SLPSL0001,PULV LOW SEAL AIR HDR DIFF PRESS,,LOABS,PULV LOW SEAL AIR HDR DIFF PRESS,ALM,1,3.96885,4,INH2O,!WP1001!WP1002!WP1003!WP1006!WP1007!WP1014!hist14!CP1004,1
2026-07-15 15:51:03.4,1PDF,SLPSL0001,PULV LOW SEAL AIR HDR DIFF PRESS,,LOABS,PULV LOW SEAL AIR HDR DIFF PRESS,RTN,1,4.04297,4,INH2O,!WP1001!WP1002!WP1003!WP1006!WP1007!WP1014!hist14!CP1004,1
2026-07-15 15:51:04.4,1PDF,SLPSL0001,PULV LOW SEAL AIR HDR DIFF PRESS,,LOABS,PULV LOW SEAL AIR HDR DIFF PRESS,ALM,1,3.91758,4,INH2O,!WP1001!WP1002!WP1003!WP1006!WP1007!WP1014!hist14!CP1004,1
2026-07-15 15:51:28.4,1PDF,SLPSL0001,PULV LOW SEAL AIR HDR DIFF PRESS,,LOABS,PULV LOW SEAL AIR HDR DIFF PRESS,RTN,1,4.15781,4,INH2O,!WP1001!WP1002!WP1003!WP1006!WP1007!WP1014!hist14!CP1004,1
2026-07-15 15:51:33.4,1PDF,SLPSL0001,PULV LOW SEAL AIR HDR DIFF PRESS,,LOABS,PULV LOW SEAL AIR HDR DIFF PRESS,ALM,1,3.95889,4,INH2O,!WP1001!WP1002!WP1003!WP1006!WP1007!WP1014!hist14!CP1004,1
2026-07-15 15:51:34.4,1PDF,SLPSL0001,PULV LOW SEAL AIR HDR DIFF PRESS,,LOABS,PULV LOW SEAL AIR HDR DIFF PRESS,RTN,1,4.08867,4,INH2O,!WP1001!WP1002!WP1003!WP1006!WP1007!WP1014!hist14!CP1004,1
2026-07-15 15:51:50.4,1PDF,SLPSL0001,PULV LOW SEAL AIR HDR DIFF PRESS,,LOABS,PULV LOW SEAL AIR HDR DIFF PRESS,ALM,1,3.9,4,INH2O,!WP1001!WP1002!WP1003!WP1006!WP1007!WP1014!hist14!CP1004,1
2026-07-15 15:51:53.4,1PDF,SLPSL0001,PULV LOW SEAL AIR HDR DIFF PRESS,,LOABS,PULV LOW SEAL AIR HDR DIFF PRESS,RTN,1,4.07783,4,INH2O,!WP1001!WP1002!WP1003!WP1006!WP1007!WP1014!hist14!CP1004,1
2026-07-15 15:51:54.4,1PDF,SLPSL0001,PULV LOW SEAL AIR HDR DIFF PRESS,,LOABS,PULV LOW SEAL AIR HDR DIFF PRESS,ALM,1,3.98467,4,INH2O,!WP1001!WP1002!WP1003!WP1006!WP1007!WP1014!hist14!CP1004,1
2026-07-15 15:52:08.4,1PDF,SLPSL0001,PULV LOW SEAL AIR HDR DIFF PRESS,,LOABS,PULV LOW SEAL AIR HDR DIFF PRESS,RTN,1,4.06641,4,INH2O,!WP1001!WP1002!WP1003!WP1006!WP1007!WP1014!hist14!CP1004,1
2026-07-15 15:52:13.4,1PDF,SLPSL0001,PULV LOW SEAL AIR HDR DIFF PRESS,,LOABS,PULV LOW SEAL AIR HDR DIFF PRESS,ALM,1,3.99668,4,INH2O,!WP1001!WP1002!WP1003!WP1006!WP1007!WP1014!hist14!CP1004,1
2026-07-15 15:52:14.4,1PDF,SLPSL0001,PULV LOW SEAL AIR HDR DIFF PRESS,,LOABS,PULV LOW SEAL AIR HDR DIFF PRESS,RTN,1,4.07227,4,INH2O,!WP1001!WP1002!WP1003!WP1006!WP1007!WP1014!hist14!CP1004,1
2026-07-15 15:52:21.4,1PDF,SLPSL0001,PULV LOW SEAL AIR HDR DIFF PRESS,,LOABS,PULV LOW SEAL AIR HDR DIFF PRESS,ALM,1,3.97764,4,INH2O,!WP1001!WP1002!WP1003!WP1006!WP1007!WP1014!hist14!CP1004,1
2026-07-15 15:52:25.4,1PDF,SLPSL0001,PULV LOW SEAL AIR HDR DIFF PRESS,,LOABS,PULV LOW SEAL AIR HDR DIFF PRESS,RTN,1,4.08018,4,INH2O,!WP1001!WP1002!WP1003!WP1006!WP1007!WP1014!hist14!CP1004,1
2026-07-15 15:52:32.4,1PDF,SLPSL0001,PULV LOW SEAL AIR HDR DIFF PRESS,,LOABS,PULV LOW SEAL AIR HDR DIFF PRESS,ALM,1,3.94746,4,INH2O,!WP1001!WP1002!WP1003!WP1006!WP1007!WP1014!hist14!CP1004,1
2026-07-15 15:52:33.4,1PDF,SLPSL0001,PULV LOW SEAL AIR HDR DIFF PRESS,,LOABS,PULV LOW SEAL AIR HDR DIFF PRESS,RTN,1,4.05029,4,INH2O,!WP1001!WP1002!WP1003!WP1006!WP1007!WP1014!hist14!CP1004,1
2026-07-15 15:52:34.4,1PDF,SLPSL0001,PULV LOW SEAL AIR HDR DIFF PRESS,,LOABS,PULV LOW SEAL AIR HDR DIFF PRESS,ALM,1,3.99111,4,INH2O,!WP1001!WP1002!WP1003!WP1006!WP1007!WP1014!hist14!CP1004,1
2026-07-15 15:52:35.4,1PDF,SLPSL0001,PULV LOW SEAL AIR HDR DIFF PRESS,,LOABS,PULV LOW SEAL AIR HDR DIFF PRESS,RTN,1,4.17451,4,INH2O,!WP1001!WP1002!WP1003!WP1006!WP1007!WP1014!hist14!CP1004,1
2026-07-15 15:52:39.4,1PDF,SLPSL0001,PULV LOW SEAL AIR HDR DIFF PRESS,,LOABS,PULV LOW SEAL AIR HDR DIFF PRESS,ALM,1,3.99463,4,INH2O,!WP1001!WP1002!WP1003!WP1006!WP1007!WP1014!hist14!CP1004,1
2026-07-15 15:53:04.3,1FP,B56,ID FAN A INLET DAMPER FEEDBACK,,HHABS,ID FAN A DAMPER 80 %,RTN,1,78.9556,80,PCT,!WP1001!WP1002!WP1003!WP1006!WP1007!WP1014!hist14!CP1001,1
2026-07-15 15:53:05.3,1FP,B58,ID FAN B INLET DAMPER FEEDBACK,,HHABS,IDF B DAMPER 80%,RTN,1,78.9791,80,PCT,!WP1001!WP1002!WP1003!WP1006!WP1007!WP1014!hist14!CP1001,1
2026-07-15 15:53:06.3,1FP,B86,ID FAN C INLET DAMPER FEEDBACK,,HHABS,ID FAN C DAMPER 80 %,RTN,1,78.9927,80,PCT,!WP1001!WP1002!WP1003!WP1006!WP1007!WP1014!hist14!CP1001,1
2026-07-15 15:53:33.2,1FG_B,5706TX_ALM,BF B INLET OUTLET PRESS,FGPDIT5706,STATE,DEVIATION ALARM CLEAR,RTN,3,,,,!WP1001!WP1002!WP1003!WP1006!WP1007!WP1014!hist14!CP1015,1
2026-07-15 15:54:58.4,1PDF,SLPSL0001,PULV LOW SEAL AIR HDR DIFF PRESS,,LOABS,PULV LOW SEAL AIR HDR DIFF PRESS,RTN,1,4.05557,4,INH2O,!WP1001!WP1002!WP1003!WP1006!WP1007!WP1014!hist14!CP1004,1
2026-07-15 15:54:59.4,1PDF,SLPSL0001,PULV LOW SEAL AIR HDR DIFF PRESS,,LOABS,PULV LOW SEAL AIR HDR DIFF PRESS,ALM,1,3.99082,4,INH2O,!WP1001!WP1002!WP1003!WP1006!WP1007!WP1014!hist14!CP1004,1
2026-07-15 15:54:59.0,1AB_SCR_SEQ,SCR_HOP_T14,SCR HOPPER SEQ XV5102 TIMER,,PTARG,TIMEOUT,ALM,3,241,240,SEC,!WP1002!WP1011!WP1001!hist14!CP1020,1
2026-07-15 15:55:00.4,1PDF,SLPSL0001,PULV LOW SEAL AIR HDR DIFF PRESS,,LOABS,PULV LOW SEAL AIR HDR DIFF PRESS,RTN,1,4.07432,4,INH2O,!WP1001!WP1002!WP1003!WP1006!WP1007!WP1014!hist14!CP1004,1
2026-07-15 15:55:00.0,1AB_SCR_SEQ,SCR_HOP_T14,SCR HOPPER SEQ XV5102 TIMER,,PTARG,TIMEOUT,RTN,3,0,240,SEC,!WP1002!WP1011!WP1001!hist14!CP1020,1
2026-07-15 15:55:01.4,1PDF,SLPSL0001,PULV LOW SEAL AIR HDR DIFF PRESS,,LOABS,PULV LOW SEAL AIR HDR DIFF PRESS,ALM,1,3.91348,4,INH2O,!WP1001!WP1002!WP1003!WP1006!WP1007!WP1014!hist14!CP1004,1
2026-07-15 15:55:07.4,1PDF,SLPSL0001,PULV LOW SEAL AIR HDR DIFF PRESS,,LOABS,PULV LOW SEAL AIR HDR DIFF PRESS,RTN,1,4.01924,4,INH2O,!WP1001!WP1002!WP1003!WP1006!WP1007!WP1014!hist14!CP1004,1
2026-07-15 15:55:10.4,1PDF,SLPSL0001,PULV LOW SEAL AIR HDR DIFF PRESS,,LOABS,PULV LOW SEAL AIR HDR DIFF PRESS,ALM,1,3.95332,4,INH2O,!WP1001!WP1002!WP1003!WP1006!WP1007!WP1014!hist14!CP1004,1
2026-07-15 15:55:10.2,1FG_B,ZSH5701A,BF B BLADE PITCH,,HIABS,BLADE PITCH ALARM,RTN,3,69.8223,70,%,!WP1001!WP1002!WP1003!WP1006!WP1007!WP1014!hist14!CP1015,1
2026-07-15 15:55:11.7,1FG_A,ZSH5601A,BF A BLADE PITCH,,HIABS,BLADE PITCH ALARM,RTN,3,69.8809,70,%,!WP1001!WP1002!WP1003!WP1006!WP1007!WP1014!hist14!CP1015,1
2026-07-15 15:55:17.4,1PDF,SLPSL0001,PULV LOW SEAL AIR HDR DIFF PRESS,,LOABS,PULV LOW SEAL AIR HDR DIFF PRESS,RTN,1,4.05762,4,INH2O,!WP1001!WP1002!WP1003!WP1006!WP1007!WP1014!hist14!CP1004,1
2026-07-15 15:55:18.4,1PDF,SLPSL0001,PULV LOW SEAL AIR HDR DIFF PRESS,,LOABS,PULV LOW SEAL AIR HDR DIFF PRESS,ALM,1,3.93604,4,INH2O,!WP1001!WP1002!WP1003!WP1006!WP1007!WP1014!hist14!CP1004,1
2026-07-15 15:55:19.4,1PDF,SLPSL0001,PULV LOW SEAL AIR HDR DIFF PRESS,,LOABS,PULV LOW SEAL AIR HDR DIFF PRESS,RTN,1,4.00811,4,INH2O,!WP1001!WP1002!WP1003!WP1006!WP1007!WP1014!hist14!CP1004,1
2026-07-15 15:55:20.4,1PDF,SLPSL0001,PULV LOW SEAL AIR HDR DIFF PRESS,,LOABS,PULV LOW SEAL AIR HDR DIFF PRESS,ALM,1,3.85752,4,INH2O,!WP1001!WP1002!WP1003!WP1006!WP1007!WP1014!hist14!CP1004,1
2026-07-15 15:55:23.4,1PDF,SLPSL0001,PULV LOW SEAL AIR HDR DIFF PRESS,,LOABS,PULV LOW SEAL AIR HDR DIFF PRESS,RTN,1,4.00166,4,INH2O,!WP1001!WP1002!WP1003!WP1006!WP1007!WP1014!hist14!CP1004,1
2026-07-15 15:55:24.4,1PDF,SLPSL0001,PULV LOW SEAL AIR HDR DIFF PRESS,,LOABS,PULV LOW SEAL AIR HDR DIFF PRESS,ALM,1,3.94746,4,INH2O,!WP1001!WP1002!WP1003!WP1006!WP1007!WP1014!hist14!CP1004,1
2026-07-15 15:55:33.4,1PDF,SLPSL0001,PULV LOW SEAL AIR HDR DIFF PRESS,,LOABS,PULV LOW SEAL AIR HDR DIFF PRESS,RTN,1,4.03096,4,INH2O,!WP1001!WP1002!WP1003!WP1006!WP1007!WP1014!hist14!CP1004,1
2026-07-15 15:55:47.7,1FG_A,ZSH5601A,BF A BLADE PITCH,,HIABS,BLADE PITCH ALARM,ALM,3,70.0098,70,%,!WP1001!WP1002!WP1003!WP1006!WP1007!WP1014!hist14!CP1015,1
2026-07-15 15:55:48.7,1FG_B,ZSH5701A,BF B BLADE PITCH,,HIABS,BLADE PITCH ALARM,ALM,3,70.0313,70,%,!WP1001!WP1002!WP1003!WP1006!WP1007!WP1014!hist14!CP1015,1
2026-07-15 15:56:04.2,1SCR_B_PRESS,FGPDI5228B,SCR B CAT LAYER 4 DP,1SR114 PNT 4,HHABS,HI HI DP,ALM,1,1.70324,1.7,INH2O,!WP1001!WP1002!WP1003!WP1006!WP1007!WP1014!hist14!CP1016,1
2026-07-15 15:56:46.8,1FP,B56,ID FAN A INLET DAMPER FEEDBACK,,HHABS,ID FAN A DAMPER 80 %,ALM,1,80.061,80,PCT,!WP1001!WP1002!WP1003!WP1006!WP1007!WP1014!hist14!CP1001,1
2026-07-15 15:56:46.3,1FP,B58,ID FAN B INLET DAMPER FEEDBACK,,HHABS,IDF B DAMPER 80%,ALM,1,80.0159,80,PCT,!WP1001!WP1002!WP1003!WP1006!WP1007!WP1014!hist14!CP1001,1
2026-07-15 15:56:46.3,1FP,B86,ID FAN C INLET DAMPER FEEDBACK,,HHABS,ID FAN C DAMPER 80 %,ALM,1,80.083,80,PCT,!WP1001!WP1002!WP1003!WP1006!WP1007!WP1014!hist14!CP1001,1
2026-07-15 15:57:51.4,1PDF,SLPSL0001,PULV LOW SEAL AIR HDR DIFF PRESS,,LOABS,PULV LOW SEAL AIR HDR DIFF PRESS,ALM,1,3.88008,4,INH2O,!WP1001!WP1002!WP1003!WP1006!WP1007!WP1014!hist14!CP1004,1
2026-07-15 15:58:54.8,1FP,B56,ID FAN A INLET DAMPER FEEDBACK,,HHABS,ID FAN A DAMPER 80 %,RTN,1,78.9865,80,PCT,!WP1001!WP1002!WP1003!WP1006!WP1007!WP1014!hist14!CP1001,1
2026-07-15 15:58:55.8,1FP,B58,ID FAN B INLET DAMPER FEEDBACK,,HHABS,IDF B DAMPER 80%,RTN,1,78.9989,80,PCT,!WP1001!WP1002!WP1003!WP1006!WP1007!WP1014!hist14!CP1001,1
2026-07-15 15:58:57.7,1AR_LS,DEV_5803,LS SYS B,,STATE,VALVE 5803 DEVIATION,ALM,3,,,,!WP1001!WP1002!WP1003!WP1006!WP1007!WP1014!hist14!CP1017,1
2026-07-15 15:58:59.8,1FP,B86,ID FAN C INLET DAMPER FEEDBACK,,HHABS,ID FAN C DAMPER 80 %,RTN,1,78.942,80,PCT,!WP1001!WP1002!WP1003!WP1006!WP1007!WP1014!hist14!CP1001,1
2026-07-15 15:59:21.3,1FG_B,ZSH5701A,BF B BLADE PITCH,,HIABS,BLADE PITCH ALARM,RTN,3,69.8398,70,%,!WP1001!WP1002!WP1003!WP1006!WP1007!WP1014!hist14!CP1015,1
2026-07-15 15:59:22.7,1FG_A,ZSH5601A,BF A BLADE PITCH,,HIABS,BLADE PITCH ALARM,RTN,3,69.8652,70,%,!WP1001!WP1002!WP1003!WP1006!WP1007!WP1014!hist14!CP1015,1
2026-07-15 15:59:34.2,1AR_LS,DEV_5803,LS SYS B,,STATE,,RTN,3,,,,!WP1001!WP1002!WP1003!WP1006!WP1007!WP1014!hist14!CP1017,1
2026-07-15 15:59:58.4,1PDF,SLPSL0001,PULV LOW SEAL AIR HDR DIFF PRESS,,LOABS,PULV LOW SEAL AIR HDR DIFF PRESS,RTN,1,4.00342,4,INH2O,!WP1001!WP1002!WP1003!WP1006!WP1007!WP1014!hist14!CP1004,1
2026-07-15 15:59:59.4,1PDF,SLPSL0001,PULV LOW SEAL AIR HDR DIFF PRESS,,LOABS,PULV LOW SEAL AIR HDR DIFF PRESS,ALM,1,3.9791,4,INH2O,!WP1001!WP1002!WP1003!WP1006!WP1007!WP1014!hist14!CP1004,1
2026-07-15 16:00:00.4,1PDF,SLPSL0001,PULV LOW SEAL AIR HDR DIFF PRESS,,LOABS,PULV LOW SEAL AIR HDR DIFF PRESS,RTN,1,4.03096,4,INH2O,!WP1001!WP1002!WP1003!WP1006!WP1007!WP1014!hist14!CP1004,1
2026-07-15 16:00:04.4,1PDF,SLPSL0001,PULV LOW SEAL AIR HDR DIFF PRESS,,LOABS,PULV LOW SEAL AIR HDR DIFF PRESS,ALM,1,3.95977,4,INH2O,!WP1001!WP1002!WP1003!WP1006!WP1007!WP1014!hist14!CP1004,1
2026-07-15 16:00:07.4,1PDF,SLPSL0001,PULV LOW SEAL AIR HDR DIFF PRESS,,LOABS,PULV LOW SEAL AIR HDR DIFF PRESS,RTN,1,4.04619,4,INH2O,!WP1001!WP1002!WP1003!WP1006!WP1007!WP1014!hist14!CP1004,1
2026-07-15 16:00:08.4,1PDF,SLPSL0001,PULV LOW SEAL AIR HDR DIFF PRESS,,LOABS,PULV LOW SEAL AIR HDR DIFF PRESS,ALM,1,3.99844,4,INH2O,!WP1001!WP1002!WP1003!WP1006!WP1007!WP1014!hist14!CP1004,1
2026-07-15 16:00:09.4,1PDF,SLPSL0001,PULV LOW SEAL AIR HDR DIFF PRESS,,LOABS,PULV LOW SEAL AIR HDR DIFF PRESS,RTN,1,4.08721,4,INH2O,!WP1001!WP1002!WP1003!WP1006!WP1007!WP1014!hist14!CP1004,1
2026-07-15 16:00:10.4,1PDF,SLPSL0001,PULV LOW SEAL AIR HDR DIFF PRESS,,LOABS,PULV LOW SEAL AIR HDR DIFF PRESS,ALM,1,3.99639,4,INH2O,!WP1001!WP1002!WP1003!WP1006!WP1007!WP1014!hist14!CP1004,1
2026-07-15 16:00:11.3,1TC,B21,DROOP ACTIVE,DROOP,STATE,ACTIVE,ALM,5,,,,!hist14!CP1001,2
2026-07-15 16:00:11.4,1PDF,SLPSL0001,PULV LOW SEAL AIR HDR DIFF PRESS,,LOABS,PULV LOW SEAL AIR HDR DIFF PRESS,RTN,1,4.05381,4,INH2O,!WP1001!WP1002!WP1003!WP1006!WP1007!WP1014!hist14!CP1004,1
2026-07-15 16:00:12.4,1PDF,SLPSL0001,PULV LOW SEAL AIR HDR DIFF PRESS,,LOABS,PULV LOW SEAL AIR HDR DIFF PRESS,ALM,1,3.92314,4,INH2O,!WP1001!WP1002!WP1003!WP1006!WP1007!WP1014!hist14!CP1004,1
2026-07-15 16:00:23.8,1TC,B21,DROOP ACTIVE,DROOP,STATE,NORMAL,RTN,5,,,,!hist14!CP1001,2
2026-07-15 16:00:26.4,1PDF,SLPSL0001,PULV LOW SEAL AIR HDR DIFF PRESS,,LOABS,PULV LOW SEAL AIR HDR DIFF PRESS,RTN,1,4.04121,4,INH2O,!WP1001!WP1002!WP1003!WP1006!WP1007!WP1014!hist14!CP1004,1
2026-07-15 16:00:31.4,1PDF,SLPSL0001,PULV LOW SEAL AIR HDR DIFF PRESS,,LOABS,PULV LOW SEAL AIR HDR DIFF PRESS,ALM,1,3.96387,4,INH2O,!WP1001!WP1002!WP1003!WP1006!WP1007!WP1014!hist14!CP1004,1
2026-07-15 16:00:32.8,1TC,B21,DROOP ACTIVE,DROOP,STATE,ACTIVE,ALM,5,,,,!hist14!CP1001,2
2026-07-15 16:00:32.4,1PDF,SLPSL0001,PULV LOW SEAL AIR HDR DIFF PRESS,,LOABS,PULV LOW SEAL AIR HDR DIFF PRESS,RTN,1,4.12969,4,INH2O,!WP1001!WP1002!WP1003!WP1006!WP1007!WP1014!hist14!CP1004,1
2026-07-15 16:00:35.3,1TC,B21,DROOP ACTIVE,DROOP,STATE,NORMAL,RTN,5,,,,!hist14!CP1001,2
2026-07-15 16:00:37.4,FD_FAN_VIB,A_FAN_VEL_AX,A FD FAN VEL AX,,HHABS,A FD FAN VEL AX HI HI VIB,ALM,1,5.03469,5,MILS,!WP1001!WP1002!WP1003!WP1006!WP1007!WP1014!hist14!CP1005,1
2026-07-15 16:00:40.1,1BFA_GSM_ALM,BFA_ALM4,MARK VIE A BFPT ALARM,,STA_5,LO CLR DISCHG TEMP HIGH,ALM,5,0,0,,!WP1001!WP1002!WP1003!WP1006!WP1007!WP1014!hist14!CP1011,1
2026-07-15 16:00:41.5,FD_FAN_VIB,A_FAN_VEL_AX,A FD FAN VEL AX,,HHABS,A FD FAN VEL AX HI HI VIB,RTN,1,3.84828,5,MILS,!WP1001!WP1002!WP1003!WP1006!WP1007!WP1014!hist14!CP1005,1
2026-07-15 16:00:42.1,1BFA_GSM_ALM,BFA_ALM4,MARK VIE A BFPT ALARM,,STA_5,LO CLR DISCHG TEMP OK,RTN,5,0,0,,!WP1001!WP1002!WP1003!WP1006!WP1007!WP1014!hist14!CP1011,1
2026-07-15 16:00:46.4,1PDF,SLPSL0001,PULV LOW SEAL AIR HDR DIFF PRESS,,LOABS,PULV LOW SEAL AIR HDR DIFF PRESS,ALM,1,3.99346,4,INH2O,!WP1001!WP1002!WP1003!WP1006!WP1007!WP1014!hist14!CP1004,1
2026-07-15 16:00:47.4,1PDF,SLPSL0001,PULV LOW SEAL AIR HDR DIFF PRESS,,LOABS,PULV LOW SEAL AIR HDR DIFF PRESS,RTN,1,4.04619,4,INH2O,!WP1001!WP1002!WP1003!WP1006!WP1007!WP1014!hist14!CP1004,1
2026-07-15 16:00:48.4,1PDF,SLPSL0001,PULV LOW SEAL AIR HDR DIFF PRESS,,LOABS,PULV LOW SEAL AIR HDR DIFF PRESS,ALM,1,3.93662,4,INH2O,!WP1001!WP1002!WP1003!WP1006!WP1007!WP1014!hist14!CP1004,1
2026-07-15 16:00:49.4,1PDF,SLPSL0001,PULV LOW SEAL AIR HDR DIFF PRESS,,LOABS,PULV LOW SEAL AIR HDR DIFF PRESS,RTN,1,4.11943,4,INH2O,!WP1001!WP1002!WP1003!WP1006!WP1007!WP1014!hist14!CP1004,1
2026-07-15 16:00:52.8,1TC,B21,DROOP ACTIVE,DROOP,STATE,ACTIVE,ALM,5,,,,!hist14!CP1001,2
2026-07-15 16:00:58.8,1TC,B21,DROOP ACTIVE,DROOP,STATE,NORMAL,RTN,5,,,,!hist14!CP1001,2
2026-07-15 16:01:03.3,1GEN_ALM,ALM1,GEN BUS COOLING EQUIP,2024,STATE,NML,RTN,1,,,,!WP1002!WP1006!WP1007!WP1001!WP1003!WP1014!hist14!CP1007,1
2026-07-15 16:01:05.4,1PDF,SLPSL0001,PULV LOW SEAL AIR HDR DIFF PRESS,,LOABS,PULV LOW SEAL AIR HDR DIFF PRESS,ALM,1,3.94307,4,INH2O,!WP1001!WP1002!WP1003!WP1006!WP1007!WP1014!hist14!CP1004,1
2026-07-15 16:01:06.4,1PDF,SLPSL0001,PULV LOW SEAL AIR HDR DIFF PRESS,,LOABS,PULV LOW SEAL AIR HDR DIFF PRESS,RTN,1,4.0292,4,INH2O,!WP1001!WP1002!WP1003!WP1006!WP1007!WP1014!hist14!CP1004,1
2026-07-15 16:01:07.3,1TC,B21,DROOP ACTIVE,DROOP,STATE,ACTIVE,ALM,5,,,,!hist14!CP1001,2
2026-07-15 16:01:08.3,1TC,B21,DROOP ACTIVE,DROOP,STATE,NORMAL,RTN,5,,,,!hist14!CP1001,2
2026-07-15 16:01:11.4,1PDF,SLPSL0001,PULV LOW SEAL AIR HDR DIFF PRESS,,LOABS,PULV LOW SEAL AIR HDR DIFF PRESS,ALM,1,3.95977,4,INH2O,!WP1001!WP1002!WP1003!WP1006!WP1007!WP1014!hist14!CP1004,1
2026-07-15 16:01:12.4,1PDF,SLPSL0001,PULV LOW SEAL AIR HDR DIFF PRESS,,LOABS,PULV LOW SEAL AIR HDR DIFF PRESS,RTN,1,4.0708,4,INH2O,!WP1001!WP1002!WP1003!WP1006!WP1007!WP1014!hist14!CP1004,1
2026-07-15 16:01:13.8,1TC,B21,DROOP ACTIVE,DROOP,STATE,ACTIVE,ALM,5,,,,!hist14!CP1001,2
2026-07-15 16:01:13.4,1PDF,SLPSL0001,PULV LOW SEAL AIR HDR DIFF PRESS,,LOABS,PULV LOW SEAL AIR HDR DIFF PRESS,ALM,1,3.95127,4,INH2O,!WP1001!WP1002!WP1003!WP1006!WP1007!WP1014!hist14!CP1004,1
2026-07-15 16:01:14.8,1TC,B21,DROOP ACTIVE,DROOP,STATE,NORMAL,RTN,5,,,,!hist14!CP1001,2
2026-07-15 16:01:14.4,1PDF,SLPSL0001,PULV LOW SEAL AIR HDR DIFF PRESS,,LOABS,PULV LOW SEAL AIR HDR DIFF PRESS,RTN,1,4.07695,4,INH2O,!WP1001!WP1002!WP1003!WP1006!WP1007!WP1014!hist14!CP1004,1
2026-07-15 16:01:15.4,1PDF,SLPSL0001,PULV LOW SEAL AIR HDR DIFF PRESS,,LOABS,PULV LOW SEAL AIR HDR DIFF PRESS,ALM,1,3.98408,4,INH2O,!WP1001!WP1002!WP1003!WP1006!WP1007!WP1014!hist14!CP1004,1
2026-07-15 16:01:16.4,1PDF,SLPSL0001,PULV LOW SEAL AIR HDR DIFF PRESS,,LOABS,PULV LOW SEAL AIR HDR DIFF PRESS,RTN,1,4.05205,4,INH2O,!WP1001!WP1002!WP1003!WP1006!WP1007!WP1014!hist14!CP1004,1
2026-07-15 16:01:17.4,1PDF,SLPSL0001,PULV LOW SEAL AIR HDR DIFF PRESS,,LOABS,PULV LOW SEAL AIR HDR DIFF PRESS,ALM,1,3.99697,4,INH2O,!WP1001!WP1002!WP1003!WP1006!WP1007!WP1014!hist14!CP1004,1
2026-07-15 16:01:18.4,1PDF,SLPSL0001,PULV LOW SEAL AIR HDR DIFF PRESS,,LOABS,PULV LOW SEAL AIR HDR DIFF PRESS,RTN,1,4.00225,4,INH2O,!WP1001!WP1002!WP1003!WP1006!WP1007!WP1014!hist14!CP1004,1
2026-07-15 16:01:28.4,1PDF,SLPSL0001,PULV LOW SEAL AIR HDR DIFF PRESS,,LOABS,PULV LOW SEAL AIR HDR DIFF PRESS,ALM,1,3.98496,4,INH2O,!WP1001!WP1002!WP1003!WP1006!WP1007!WP1014!hist14!CP1004,1
2026-07-15 16:01:29.4,1PDF,SLPSL0001,PULV LOW SEAL AIR HDR DIFF PRESS,,LOABS,PULV LOW SEAL AIR HDR DIFF PRESS,RTN,1,4.05791,4,INH2O,!WP1001!WP1002!WP1003!WP1006!WP1007!WP1014!hist14!CP1004,1
2026-07-15 16:01:30.4,1PDF,SLPSL0001,PULV LOW SEAL AIR HDR DIFF PRESS,,LOABS,PULV LOW SEAL AIR HDR DIFF PRESS,ALM,1,3.89443,4,INH2O,!WP1001!WP1002!WP1003!WP1006!WP1007!WP1014!hist14!CP1004,1
2026-07-15 16:01:33.4,1PDF,SLPSL0001,PULV LOW SEAL AIR HDR DIFF PRESS,,LOABS,PULV LOW SEAL AIR HDR DIFF PRESS,RTN,1,4.16016,4,INH2O,!WP1001!WP1002!WP1003!WP1006!WP1007!WP1014!hist14!CP1004,1
2026-07-15 16:01:34.8,1TC,B21,DROOP ACTIVE,DROOP,STATE,ACTIVE,ALM,5,,,,!hist14!CP1001,2
2026-07-15 16:01:37.3,1SEAL_AIR,PDI5735_ALM,BF B OUT DMPR SEAL CAV D/P LOW,,STATE,DP ALARM CLEAR,RTN,3,,,,!WP1001!WP1002!WP1003!WP1006!WP1007!WP1014!hist14!CP1015,1
2026-07-15 16:01:38.3,1TC,B21,DROOP ACTIVE,DROOP,STATE,NORMAL,RTN,5,,,,!hist14!CP1001,2
2026-07-15 16:02:16.3,1TC,B21,DROOP ACTIVE,DROOP,STATE,ACTIVE,ALM,5,,,,!hist14!CP1001,2
2026-07-15 16:02:20.4,1PDF,SLPSL0001,PULV LOW SEAL AIR HDR DIFF PRESS,,LOABS,PULV LOW SEAL AIR HDR DIFF PRESS,ALM,1,3.94629,4,INH2O,!WP1001!WP1002!WP1003!WP1006!WP1007!WP1014!hist14!CP1004,1
2026-07-15 16:02:22.3,1TC,B21,DROOP ACTIVE,DROOP,STATE,NORMAL,RTN,5,,,,!hist14!CP1001,2
2026-07-15 16:02:24.4,1PDF,SLPSL0001,PULV LOW SEAL AIR HDR DIFF PRESS,,LOABS,PULV LOW SEAL AIR HDR DIFF PRESS,RTN,1,4.05176,4,INH2O,!WP1001!WP1002!WP1003!WP1006!WP1007!WP1014!hist14!CP1004,1
2026-07-15 16:02:50.4,1PDF,SLPSL0001,PULV LOW SEAL AIR HDR DIFF PRESS,,LOABS,PULV LOW SEAL AIR HDR DIFF PRESS,ALM,1,3.99111,4,INH2O,!WP1001!WP1002!WP1003!WP1006!WP1007!WP1014!hist14!CP1004,1
2026-07-15 16:02:51.4,1PDF,SLPSL0001,PULV LOW SEAL AIR HDR DIFF PRESS,,LOABS,PULV LOW SEAL AIR HDR DIFF PRESS,RTN,1,4.10215,4,INH2O,!WP1001!WP1002!WP1003!WP1006!WP1007!WP1014!hist14!CP1004,1
2026-07-15 16:02:52.4,1PDF,SLPSL0001,PULV LOW SEAL AIR HDR DIFF PRESS,,LOABS,PULV LOW SEAL AIR HDR DIFF PRESS,ALM,1,3.94395,4,INH2O,!WP1001!WP1002!WP1003!WP1006!WP1007!WP1014!hist14!CP1004,1
2026-07-15 16:02:59.4,1PDF,SLPSL0001,PULV LOW SEAL AIR HDR DIFF PRESS,,LOABS,PULV LOW SEAL AIR HDR DIFF PRESS,RTN,1,4.0002,4,INH2O,!WP1001!WP1002!WP1003!WP1006!WP1007!WP1014!hist14!CP1004,1
2026-07-15 16:03:00.4,1PDF,SLPSL0001,PULV LOW SEAL AIR HDR DIFF PRESS,,LOABS,PULV LOW SEAL AIR HDR DIFF PRESS,ALM,1,3.9457,4,INH2O,!WP1001!WP1002!WP1003!WP1006!WP1007!WP1014!hist14!CP1004,1
2026-07-15 16:03:03.4,1PDF,SLPSL0001,PULV LOW SEAL AIR HDR DIFF PRESS,,LOABS,PULV LOW SEAL AIR HDR DIFF PRESS,RTN,1,4.02627,4,INH2O,!WP1001!WP1002!WP1003!WP1006!WP1007!WP1014!hist14!CP1004,1
2026-07-15 16:03:04.4,1PDF,SLPSL0001,PULV LOW SEAL AIR HDR DIFF PRESS,,LOABS,PULV LOW SEAL AIR HDR DIFF PRESS,ALM,1,3.99521,4,INH2O,!WP1001!WP1002!WP1003!WP1006!WP1007!WP1014!hist14!CP1004,1
2026-07-15 16:03:05.4,1PDF,SLPSL0001,PULV LOW SEAL AIR HDR DIFF PRESS,,LOABS,PULV LOW SEAL AIR HDR DIFF PRESS,RTN,1,4.01953,4,INH2O,!WP1001!WP1002!WP1003!WP1006!WP1007!WP1014!hist14!CP1004,1
2026-07-15 16:03:06.4,1PDF,SLPSL0001,PULV LOW SEAL AIR HDR DIFF PRESS,,LOABS,PULV LOW SEAL AIR HDR DIFF PRESS,ALM,1,3.9876,4,INH2O,!WP1001!WP1002!WP1003!WP1006!WP1007!WP1014!hist14!CP1004,1
2026-07-15 16:03:14.4,1PDF,SLPSL0001,PULV LOW SEAL AIR HDR DIFF PRESS,,LOABS,PULV LOW SEAL AIR HDR DIFF PRESS,RTN,1,4.09688,4,INH2O,!WP1001!WP1002!WP1003!WP1006!WP1007!WP1014!hist14!CP1004,1
2026-07-15 16:03:19.4,1PDF,SLPSL0001,PULV LOW SEAL AIR HDR DIFF PRESS,,LOABS,PULV LOW SEAL AIR HDR DIFF PRESS,ALM,1,3.9498,4,INH2O,!WP1001!WP1002!WP1003!WP1006!WP1007!WP1014!hist14!CP1004,1
2026-07-15 16:03:20.4,1PDF,SLPSL0001,PULV LOW SEAL AIR HDR DIFF PRESS,,LOABS,PULV LOW SEAL AIR HDR DIFF PRESS,RTN,1,4.12324,4,INH2O,!WP1001!WP1002!WP1003!WP1006!WP1007!WP1014!hist14!CP1004,1
2026-07-15 16:03:44.4,1PDF,SLPSL0001,PULV LOW SEAL AIR HDR DIFF PRESS,,LOABS,PULV LOW SEAL AIR HDR DIFF PRESS,ALM,1,3.92754,4,INH2O,!WP1001!WP1002!WP1003!WP1006!WP1007!WP1014!hist14!CP1004,1
2026-07-15 16:03:47.4,1PDF,SLPSL0001,PULV LOW SEAL AIR HDR DIFF PRESS,,LOABS,PULV LOW SEAL AIR HDR DIFF PRESS,RTN,1,4.004,4,INH2O,!WP1001!WP1002!WP1003!WP1006!WP1007!WP1014!hist14!CP1004,1
2026-07-15 16:03:48.4,1PDF,SLPSL0001,PULV LOW SEAL AIR HDR DIFF PRESS,,LOABS,PULV LOW SEAL AIR HDR DIFF PRESS,ALM,1,3.98994,4,INH2O,!WP1001!WP1002!WP1003!WP1006!WP1007!WP1014!hist14!CP1004,1
2026-07-15 16:03:49.4,1PDF,SLPSL0001,PULV LOW SEAL AIR HDR DIFF PRESS,,LOABS,PULV LOW SEAL AIR HDR DIFF PRESS,RTN,1,4.03447,4,INH2O,!WP1001!WP1002!WP1003!WP1006!WP1007!WP1014!hist14!CP1004,1
2026-07-15 16:03:51.4,1PDF,SLPSL0001,PULV LOW SEAL AIR HDR DIFF PRESS,,LOABS,PULV LOW SEAL AIR HDR DIFF PRESS,ALM,1,3.8877,4,INH2O,!WP1001!WP1002!WP1003!WP1006!WP1007!WP1014!hist14!CP1004,1
2026-07-15 16:03:54.4,1PDF,SLPSL0001,PULV LOW SEAL AIR HDR DIFF PRESS,,LOABS,PULV LOW SEAL AIR HDR DIFF PRESS,RTN,1,4.06992,4,INH2O,!WP1001!WP1002!WP1003!WP1006!WP1007!WP1014!hist14!CP1004,1
2026-07-15 16:03:55.4,1PDF,SLPSL0001,PULV LOW SEAL AIR HDR DIFF PRESS,,LOABS,PULV LOW SEAL AIR HDR DIFF PRESS,ALM,1,3.9498,4,INH2O,!WP1001!WP1002!WP1003!WP1006!WP1007!WP1014!hist14!CP1004,1
2026-07-15 16:03:56.4,1PDF,SLPSL0001,PULV LOW SEAL AIR HDR DIFF PRESS,,LOABS,PULV LOW SEAL AIR HDR DIFF PRESS,RTN,1,4.08076,4,INH2O,!WP1001!WP1002!WP1003!WP1006!WP1007!WP1014!hist14!CP1004,1
2026-07-15 16:03:59.4,1PDF,SLPSL0001,PULV LOW SEAL AIR HDR DIFF PRESS,,LOABS,PULV LOW SEAL AIR HDR DIFF PRESS,ALM,1,3.91934,4,INH2O,!WP1001!WP1002!WP1003!WP1006!WP1007!WP1014!hist14!CP1004,1
2026-07-15 16:04:04.4,1PDF,SLPSL0001,PULV LOW SEAL AIR HDR DIFF PRESS,,LOABS,PULV LOW SEAL AIR HDR DIFF PRESS,RTN,1,4.02275,4,INH2O,!WP1001!WP1002!WP1003!WP1006!WP1007!WP1014!hist14!CP1004,1
2026-07-15 16:04:08.4,1PDF,SLPSL0001,PULV LOW SEAL AIR HDR DIFF PRESS,,LOABS,PULV LOW SEAL AIR HDR DIFF PRESS,ALM,1,3.97588,4,INH2O,!WP1001!WP1002!WP1003!WP1006!WP1007!WP1014!hist14!CP1004,1
2026-07-15 16:04:11.8,1TC,B21,DROOP ACTIVE,DROOP,STATE,ACTIVE,ALM,5,,,,!hist14!CP1001,2
2026-07-15 16:04:11.4,1PDF,SLPSL0001,PULV LOW SEAL AIR HDR DIFF PRESS,,LOABS,PULV LOW SEAL AIR HDR DIFF PRESS,RTN,1,4.05469,4,INH2O,!WP1001!WP1002!WP1003!WP1006!WP1007!WP1014!hist14!CP1004,1
2026-07-15 16:04:14.8,1TC,B21,DROOP ACTIVE,DROOP,STATE,NORMAL,RTN,5,,,,!hist14!CP1001,2
2026-07-15 16:04:18.4,1PDF,SLPSL0001,PULV LOW SEAL AIR HDR DIFF PRESS,,LOABS,PULV LOW SEAL AIR HDR DIFF PRESS,ALM,1,3.94365,4,INH2O,!WP1001!WP1002!WP1003!WP1006!WP1007!WP1014!hist14!CP1004,1
2026-07-15 16:04:19.4,1PDF,SLPSL0001,PULV LOW SEAL AIR HDR DIFF PRESS,,LOABS,PULV LOW SEAL AIR HDR DIFF PRESS,RTN,1,4.02041,4,INH2O,!WP1001!WP1002!WP1003!WP1006!WP1007!WP1014!hist14!CP1004,1
2026-07-15 16:04:20.4,1PDF,SLPSL0001,PULV LOW SEAL AIR HDR DIFF PRESS,,LOABS,PULV LOW SEAL AIR HDR DIFF PRESS,ALM,1,3.97207,4,INH2O,!WP1001!WP1002!WP1003!WP1006!WP1007!WP1014!hist14!CP1004,1
2026-07-15 16:04:21.4,1PDF,SLPSL0001,PULV LOW SEAL AIR HDR DIFF PRESS,,LOABS,PULV LOW SEAL AIR HDR DIFF PRESS,RTN,1,4.0793,4,INH2O,!WP1001!WP1002!WP1003!WP1006!WP1007!WP1014!hist14!CP1004,1
2026-07-15 16:04:26.4,1PDF,SLPSL0001,PULV LOW SEAL AIR HDR DIFF PRESS,,LOABS,PULV LOW SEAL AIR HDR DIFF PRESS,ALM,1,3.82852,4,INH2O,!WP1001!WP1002!WP1003!WP1006!WP1007!WP1014!hist14!CP1004,1
2026-07-15 16:04:32.3,1TC,B21,DROOP ACTIVE,DROOP,STATE,ACTIVE,ALM,5,,,,!hist14!CP1001,2
2026-07-15 16:04:34.3,1TC,B21,DROOP ACTIVE,DROOP,STATE,NORMAL,RTN,5,,,,!hist14!CP1001,2
2026-07-15 16:04:55.4,1PDF,SLPSL0001,PULV LOW SEAL AIR HDR DIFF PRESS,,LOABS,PULV LOW SEAL AIR HDR DIFF PRESS,RTN,1,4.03359,4,INH2O,!WP1001!WP1002!WP1003!WP1006!WP1007!WP1014!hist14!CP1004,1
2026-07-15 16:04:56.4,1PDF,SLPSL0001,PULV LOW SEAL AIR HDR DIFF PRESS,,LOABS,PULV LOW SEAL AIR HDR DIFF PRESS,ALM,1,3.93428,4,INH2O,!WP1001!WP1002!WP1003!WP1006!WP1007!WP1014!hist14!CP1004,1
2026-07-15 16:05:05.4,1PDF,SLPSL0001,PULV LOW SEAL AIR HDR DIFF PRESS,,LOABS,PULV LOW SEAL AIR HDR DIFF PRESS,RTN,1,4.07432,4,INH2O,!WP1001!WP1002!WP1003!WP1006!WP1007!WP1014!hist14!CP1004,1
2026-07-15 16:05:06.4,1PDF,SLPSL0001,PULV LOW SEAL AIR HDR DIFF PRESS,,LOABS,PULV LOW SEAL AIR HDR DIFF PRESS,ALM,1,3.90703,4,INH2O,!WP1001!WP1002!WP1003!WP1006!WP1007!WP1014!hist14!CP1004,1
2026-07-15 16:05:10.4,1PDF,SLPSL0001,PULV LOW SEAL AIR HDR DIFF PRESS,,LOABS,PULV LOW SEAL AIR HDR DIFF PRESS,RTN,1,4.05,4,INH2O,!WP1001!WP1002!WP1003!WP1006!WP1007!WP1014!hist14!CP1004,1
2026-07-15 16:05:15.4,1PDF,SLPSL0001,PULV LOW SEAL AIR HDR DIFF PRESS,,LOABS,PULV LOW SEAL AIR HDR DIFF PRESS,ALM,1,3.88271,4,INH2O,!WP1001!WP1002!WP1003!WP1006!WP1007!WP1014!hist14!CP1004,1
2026-07-15 16:05:24.3,1TC,B21,DROOP ACTIVE,DROOP,STATE,ACTIVE,ALM,5,,,,!hist14!CP1001,2
2026-07-15 16:05:30.3,1TC,B21,DROOP ACTIVE,DROOP,STATE,NORMAL,RTN,5,,,,!hist14!CP1001,2
2026-07-15 16:05:40.3,1TC,B21,DROOP ACTIVE,DROOP,STATE,ACTIVE,ALM,5,,,,!hist14!CP1001,2
2026-07-15 16:05:41.8,1TC,B21,DROOP ACTIVE,DROOP,STATE,NORMAL,RTN,5,,,,!hist14!CP1001,2
2026-07-15 16:05:43.3,1TC,B21,DROOP ACTIVE,DROOP,STATE,ACTIVE,ALM,5,,,,!hist14!CP1001,2
2026-07-15 16:05:44.3,1TC,B21,DROOP ACTIVE,DROOP,STATE,NORMAL,RTN,5,,,,!hist14!CP1001,2
2026-07-15 16:05:51.3,1TC,B21,DROOP ACTIVE,DROOP,STATE,ACTIVE,ALM,5,,,,!hist14!CP1001,2
2026-07-15 16:05:56.8,1TC,B21,DROOP ACTIVE,DROOP,STATE,NORMAL,RTN,5,,,,!hist14!CP1001,2
2026-07-15 16:06:05.3,1TC,B21,DROOP ACTIVE,DROOP,STATE,ACTIVE,ALM,5,,,,!hist14!CP1001,2
2026-07-15 16:06:07.3,1TC,B21,DROOP ACTIVE,DROOP,STATE,NORMAL,RTN,5,,,,!hist14!CP1001,2
2026-07-15 16:06:11.8,1TC,B21,DROOP ACTIVE,DROOP,STATE,ACTIVE,ALM,5,,,,!hist14!CP1001,2
2026-07-15 16:06:12.8,1TC,B21,DROOP ACTIVE,DROOP,STATE,NORMAL,RTN,5,,,,!hist14!CP1001,2
2026-07-15 16:06:44.1,1BFA_GSM_ALM,BFA_ALM4,MARK VIE A BFPT ALARM,,STA_5,LO CLR DISCHG TEMP HIGH,ALM,5,0,0,,!WP1001!WP1002!WP1003!WP1006!WP1007!WP1014!hist14!CP1011,1
2026-07-15 16:06:46.1,1BFA_GSM_ALM,BFA_ALM4,MARK VIE A BFPT ALARM,,STA_5,LO CLR DISCHG TEMP OK,RTN,5,0,0,,!WP1001!WP1002!WP1003!WP1006!WP1007!WP1014!hist14!CP1011,1
2026-07-15 16:07:34.4,1PDF,SLPSL0001,PULV LOW SEAL AIR HDR DIFF PRESS,,LOABS,PULV LOW SEAL AIR HDR DIFF PRESS,RTN,1,4.14346,4,INH2O,!WP1001!WP1002!WP1003!WP1006!WP1007!WP1014!hist14!CP1004,1
2026-07-15 16:07:40.4,1PDF,SLPSL0001,PULV LOW SEAL AIR HDR DIFF PRESS,,LOABS,PULV LOW SEAL AIR HDR DIFF PRESS,ALM,1,3.98027,4,INH2O,!WP1001!WP1002!WP1003!WP1006!WP1007!WP1014!hist14!CP1004,1
2026-07-15 16:07:41.4,1PDF,SLPSL0001,PULV LOW SEAL AIR HDR DIFF PRESS,,LOABS,PULV LOW SEAL AIR HDR DIFF PRESS,RTN,1,4.02803,4,INH2O,!WP1001!WP1002!WP1003!WP1006!WP1007!WP1014!hist14!CP1004,1
2026-07-15 16:07:46.4,1PDF,SLPSL0001,PULV LOW SEAL AIR HDR DIFF PRESS,,LOABS,PULV LOW SEAL AIR HDR DIFF PRESS,ALM,1,3.94688,4,INH2O,!WP1001!WP1002!WP1003!WP1006!WP1007!WP1014!hist14!CP1004,1
2026-07-15 16:08:16.4,1PDF,SLPSL0001,PULV LOW SEAL AIR HDR DIFF PRESS,,LOABS,PULV LOW SEAL AIR HDR DIFF PRESS,RTN,1,4.00752,4,INH2O,!WP1001!WP1002!WP1003!WP1006!WP1007!WP1014!hist14!CP1004,1
2026-07-15 16:08:17.4,1PDF,SLPSL0001,PULV LOW SEAL AIR HDR DIFF PRESS,,LOABS,PULV LOW SEAL AIR HDR DIFF PRESS,ALM,1,3.99023,4,INH2O,!WP1001!WP1002!WP1003!WP1006!WP1007!WP1014!hist14!CP1004,1
2026-07-15 16:08:21.4,1PDF,SLPSL0001,PULV LOW SEAL AIR HDR DIFF PRESS,,LOABS,PULV LOW SEAL AIR HDR DIFF PRESS,RTN,1,4.01953,4,INH2O,!WP1001!WP1002!WP1003!WP1006!WP1007!WP1014!hist14!CP1004,1
2026-07-15 16:08:28.4,1PDF,SLPSL0001,PULV LOW SEAL AIR HDR DIFF PRESS,,LOABS,PULV LOW SEAL AIR HDR DIFF PRESS,ALM,1,3.99229,4,INH2O,!WP1001!WP1002!WP1003!WP1006!WP1007!WP1014!hist14!CP1004,1
2026-07-15 16:08:29.4,1PDF,SLPSL0001,PULV LOW SEAL AIR HDR DIFF PRESS,,LOABS,PULV LOW SEAL AIR HDR DIFF PRESS,RTN,1,4.03975,4,INH2O,!WP1001!WP1002!WP1003!WP1006!WP1007!WP1014!hist14!CP1004,1
2026-07-15 16:08:30.4,1PDF,SLPSL0001,PULV LOW SEAL AIR HDR DIFF PRESS,,LOABS,PULV LOW SEAL AIR HDR DIFF PRESS,ALM,1,3.93486,4,INH2O,!WP1001!WP1002!WP1003!WP1006!WP1007!WP1014!hist14!CP1004,1
2026-07-15 16:08:31.4,1PDF,SLPSL0001,PULV LOW SEAL AIR HDR DIFF PRESS,,LOABS,PULV LOW SEAL AIR HDR DIFF PRESS,RTN,1,4.10889,4,INH2O,!WP1001!WP1002!WP1003!WP1006!WP1007!WP1014!hist14!CP1004,1
2026-07-15 16:08:39.4,1PDF,SLPSL0001,PULV LOW SEAL AIR HDR DIFF PRESS,,LOABS,PULV LOW SEAL AIR HDR DIFF PRESS,ALM,1,3.9791,4,INH2O,!WP1001!WP1002!WP1003!WP1006!WP1007!WP1014!hist14!CP1004,1
2026-07-15 16:08:42.4,1PDF,SLPSL0001,PULV LOW SEAL AIR HDR DIFF PRESS,,LOABS,PULV LOW SEAL AIR HDR DIFF PRESS,RTN,1,4.06113,4,INH2O,!WP1001!WP1002!WP1003!WP1006!WP1007!WP1014!hist14!CP1004,1
2026-07-15 16:08:58.7,1DAS3,ISTE2291,ALT SLOT NO 3 TMP,1423,HIABS,HIGH,RTN,5,168.194,170,DEG.F,!WP1002!WP1006!WP1007!WP1001!WP1003!WP1014!hist14!CP1006,1
2026-07-15 16:09:39.4,1PDF,SLPSL0001,PULV LOW SEAL AIR HDR DIFF PRESS,,LOABS,PULV LOW SEAL AIR HDR DIFF PRESS,ALM,1,3.99756,4,INH2O,!WP1001!WP1002!WP1003!WP1006!WP1007!WP1014!hist14!CP1004,1
2026-07-15 16:09:40.4,1PDF,SLPSL0001,PULV LOW SEAL AIR HDR DIFF PRESS,,LOABS,PULV LOW SEAL AIR HDR DIFF PRESS,RTN,1,4.07344,4,INH2O,!WP1001!WP1002!WP1003!WP1006!WP1007!WP1014!hist14!CP1004,1
2026-07-15 16:09:48.4,1PDF,SLPSL0001,PULV LOW SEAL AIR HDR DIFF PRESS,,LOABS,PULV LOW SEAL AIR HDR DIFF PRESS,ALM,1,3.99961,4,INH2O,!WP1001!WP1002!WP1003!WP1006!WP1007!WP1014!hist14!CP1004,1
2026-07-15 16:09:49.4,1PDF,SLPSL0001,PULV LOW SEAL AIR HDR DIFF PRESS,,LOABS,PULV LOW SEAL AIR HDR DIFF PRESS,RTN,1,4.09658,4,INH2O,!WP1001!WP1002!WP1003!WP1006!WP1007!WP1014!hist14!CP1004,1
2026-07-15 16:10:11.4,1PDF,SLPSL0001,PULV LOW SEAL AIR HDR DIFF PRESS,,LOABS,PULV LOW SEAL AIR HDR DIFF PRESS,ALM,1,3.92285,4,INH2O,!WP1001!WP1002!WP1003!WP1006!WP1007!WP1014!hist14!CP1004,1
2026-07-15 16:10:12.4,1PDF,SLPSL0001,PULV LOW SEAL AIR HDR DIFF PRESS,,LOABS,PULV LOW SEAL AIR HDR DIFF PRESS,RTN,1,4.02686,4,INH2O,!WP1001!WP1002!WP1003!WP1006!WP1007!WP1014!hist14!CP1004,1
2026-07-15 16:10:13.4,1PDF,SLPSL0001,PULV LOW SEAL AIR HDR DIFF PRESS,,LOABS,PULV LOW SEAL AIR HDR DIFF PRESS,ALM,1,3.89883,4,INH2O,!WP1001!WP1002!WP1003!WP1006!WP1007!WP1014!hist14!CP1004,1
2026-07-15 16:10:14.4,1PDF,SLPSL0001,PULV LOW SEAL AIR HDR DIFF PRESS,,LOABS,PULV LOW SEAL AIR HDR DIFF PRESS,RTN,1,4.11914,4,INH2O,!WP1001!WP1002!WP1003!WP1006!WP1007!WP1014!hist14!CP1004,1
2026-07-15 16:10:17.4,1PDF,SLPSL0001,PULV LOW SEAL AIR HDR DIFF PRESS,,LOABS,PULV LOW SEAL AIR HDR DIFF PRESS,ALM,1,3.91904,4,INH2O,!WP1001!WP1002!WP1003!WP1006!WP1007!WP1014!hist14!CP1004,1
2026-07-15 16:11:59.6,1DAS3,ISTE2311,ALT SLOT NO 5 TMP,1425,HIABS,HIGH,RTN,5,168.228,170,DEG.F,!WP1002!WP1006!WP1007!WP1001!WP1003!WP1014!hist14!CP1006,1
2026-07-15 16:12:30.9,1WB_DEV,AA_JJ_DEV,AUX AIR JJ ANY DEV,,STATE,NORMAL,RTN,5,,,,,0
2026-07-15 16:13:29.5,1AB_EXTRACT,ABPDI5051,ASH CLR EXTR      DIFF PRESS,,IOBAD,BAD CHANNEL,RTN,3,,,,!WP1002!WP1011!WP1001!hist14!CP1020,1
2026-07-15 16:13:38.4,1PDF,SLPSL0001,PULV LOW SEAL AIR HDR DIFF PRESS,,LOABS,PULV LOW SEAL AIR HDR DIFF PRESS,RTN,1,4.07197,4,INH2O,!WP1001!WP1002!WP1003!WP1006!WP1007!WP1014!hist14!CP1004,1
2026-07-15 16:13:39.4,1PDF,SLPSL0001,PULV LOW SEAL AIR HDR DIFF PRESS,,LOABS,PULV LOW SEAL AIR HDR DIFF PRESS,ALM,1,3.89707,4,INH2O,!WP1001!WP1002!WP1003!WP1006!WP1007!WP1014!hist14!CP1004,1
2026-07-15 16:14:05.4,1PDF,SLPSL0001,PULV LOW SEAL AIR HDR DIFF PRESS,,LOABS,PULV LOW SEAL AIR HDR DIFF PRESS,RTN,1,4.0415,4,INH2O,!WP1001!WP1002!WP1003!WP1006!WP1007!WP1014!hist14!CP1004,1
2026-07-15 16:14:06.4,1PDF,SLPSL0001,PULV LOW SEAL AIR HDR DIFF PRESS,,LOABS,PULV LOW SEAL AIR HDR DIFF PRESS,ALM,1,3.94365,4,INH2O,!WP1001!WP1002!WP1003!WP1006!WP1007!WP1014!hist14!CP1004,1
2026-07-15 16:14:07.4,1PDF,SLPSL0001,PULV LOW SEAL AIR HDR DIFF PRESS,,LOABS,PULV LOW SEAL AIR HDR DIFF PRESS,RTN,1,4.01455,4,INH2O,!WP1001!WP1002!WP1003!WP1006!WP1007!WP1014!hist14!CP1004,1
2026-07-15 16:15:47.4,1PDF,SLPSL0001,PULV LOW SEAL AIR HDR DIFF PRESS,,LOABS,PULV LOW SEAL AIR HDR DIFF PRESS,ALM,1,3.99287,4,INH2O,!WP1001!WP1002!WP1003!WP1006!WP1007!WP1014!hist14!CP1004,1
2026-07-15 16:15:48.4,1PDF,SLPSL0001,PULV LOW SEAL AIR HDR DIFF PRESS,,LOABS,PULV LOW SEAL AIR HDR DIFF PRESS,RTN,1,4.07637,4,INH2O,!WP1001!WP1002!WP1003!WP1006!WP1007!WP1014!hist14!CP1004,1
2026-07-15 16:15:49.4,1PDF,SLPSL0001,PULV LOW SEAL AIR HDR DIFF PRESS,,LOABS,PULV LOW SEAL AIR HDR DIFF PRESS,ALM,1,3.95303,4,INH2O,!WP1001!WP1002!WP1003!WP1006!WP1007!WP1014!hist14!CP1004,1
2026-07-15 16:15:50.4,1PDF,SLPSL0001,PULV LOW SEAL AIR HDR DIFF PRESS,,LOABS,PULV LOW SEAL AIR HDR DIFF PRESS,RTN,1,4.05996,4,INH2O,!WP1001!WP1002!WP1003!WP1006!WP1007!WP1014!hist14!CP1004,1
2026-07-15 16:15:51.4,1PDF,SLPSL0001,PULV LOW SEAL AIR HDR DIFF PRESS,,LOABS,PULV LOW SEAL AIR HDR DIFF PRESS,ALM,1,3.95361,4,INH2O,!WP1001!WP1002!WP1003!WP1006!WP1007!WP1014!hist14!CP1004,1
2026-07-15 16:16:16.4,FD_FAN_VIB,A_FAN_VEL_AX,A FD FAN VEL AX,,HIABS,A FD FAN VEL AX HI VIB,RTN,1,2.49969,3,MILS,!WP1001!WP1002!WP1003!WP1006!WP1007!WP1014!hist14!CP1005,1
2026-07-15 16:17:13.4,FD_FAN_VIB,A_FAN_VEL_AX,A FD FAN VEL AX,,HIABS,A FD FAN VEL AX HI VIB,ALM,1,3.20266,3,MILS,!WP1001!WP1002!WP1003!WP1006!WP1007!WP1014!hist14!CP1005,1
2026-07-15 16:17:50.4,1PDF,SLPSL0001,PULV LOW SEAL AIR HDR DIFF PRESS,,LOABS,PULV LOW SEAL AIR HDR DIFF PRESS,RTN,1,4.0377,4,INH2O,!WP1001!WP1002!WP1003!WP1006!WP1007!WP1014!hist14!CP1004,1
2026-07-15 16:17:51.4,1PDF,SLPSL0001,PULV LOW SEAL AIR HDR DIFF PRESS,,LOABS,PULV LOW SEAL AIR HDR DIFF PRESS,ALM,1,3.85342,4,INH2O,!WP1001!WP1002!WP1003!WP1006!WP1007!WP1014!hist14!CP1004,1
2026-07-15 16:18:07.4,1PDF,SLPSL0001,PULV LOW SEAL AIR HDR DIFF PRESS,,LOABS,PULV LOW SEAL AIR HDR DIFF PRESS,RTN,1,4.04209,4,INH2O,!WP1001!WP1002!WP1003!WP1006!WP1007!WP1014!hist14!CP1004,1
2026-07-15 16:18:08.4,1PDF,SLPSL0001,PULV LOW SEAL AIR HDR DIFF PRESS,,LOABS,PULV LOW SEAL AIR HDR DIFF PRESS,ALM,1,3.88418,4,INH2O,!WP1001!WP1002!WP1003!WP1006!WP1007!WP1014!hist14!CP1004,1
2026-07-15 16:18:19.4,1PDF,SLPSL0001,PULV LOW SEAL AIR HDR DIFF PRESS,,LOABS,PULV LOW SEAL AIR HDR DIFF PRESS,RTN,1,4.04443,4,INH2O,!WP1001!WP1002!WP1003!WP1006!WP1007!WP1014!hist14!CP1004,1
2026-07-15 16:19:33.4,1PDF,SLPSL0001,PULV LOW SEAL AIR HDR DIFF PRESS,,LOABS,PULV LOW SEAL AIR HDR DIFF PRESS,ALM,1,3.99609,4,INH2O,!WP1001!WP1002!WP1003!WP1006!WP1007!WP1014!hist14!CP1004,1
2026-07-15 16:19:38.4,1PDF,SLPSL0001,PULV LOW SEAL AIR HDR DIFF PRESS,,LOABS,PULV LOW SEAL AIR HDR DIFF PRESS,RTN,1,4.00342,4,INH2O,!WP1001!WP1002!WP1003!WP1006!WP1007!WP1014!hist14!CP1004,1
2026-07-15 16:19:40.4,1PDF,SLPSL0001,PULV LOW SEAL AIR HDR DIFF PRESS,,LOABS,PULV LOW SEAL AIR HDR DIFF PRESS,ALM,1,3.97295,4,INH2O,!WP1001!WP1002!WP1003!WP1006!WP1007!WP1014!hist14!CP1004,1
2026-07-15 16:19:40.8,1SCR_B_PRESS,FGPDI5228B,SCR B CAT LAYER 4 DP,1SR114 PNT 4,HHABS,HI HI DP,RTN,1,1.19984,1.7,INH2O,!WP1001!WP1002!WP1003!WP1006!WP1007!WP1014!hist14!CP1016,1
2026-07-15 16:23:35.4,1PDF,SLPSL0001,PULV LOW SEAL AIR HDR DIFF PRESS,,LOABS,PULV LOW SEAL AIR HDR DIFF PRESS,RTN,1,4.07754,4,INH2O,!WP1001!WP1002!WP1003!WP1006!WP1007!WP1014!hist14!CP1004,1
2026-07-15 16:23:36.4,1PDF,SLPSL0001,PULV LOW SEAL AIR HDR DIFF PRESS,,LOABS,PULV LOW SEAL AIR HDR DIFF PRESS,ALM,1,3.95508,4,INH2O,!WP1001!WP1002!WP1003!WP1006!WP1007!WP1014!hist14!CP1004,1
2026-07-15 16:23:37.4,1PDF,SLPSL0001,PULV LOW SEAL AIR HDR DIFF PRESS,,LOABS,PULV LOW SEAL AIR HDR DIFF PRESS,RTN,1,4.05645,4,INH2O,!WP1001!WP1002!WP1003!WP1006!WP1007!WP1014!hist14!CP1004,1
2026-07-15 16:23:38.4,1PDF,SLPSL0001,PULV LOW SEAL AIR HDR DIFF PRESS,,LOABS,PULV LOW SEAL AIR HDR DIFF PRESS,ALM,1,3.94688,4,INH2O,!WP1001!WP1002!WP1003!WP1006!WP1007!WP1014!hist14!CP1004,1
2026-07-15 16:23:39.4,1PDF,SLPSL0001,PULV LOW SEAL AIR HDR DIFF PRESS,,LOABS,PULV LOW SEAL AIR HDR DIFF PRESS,RTN,1,4.09717,4,INH2O,!WP1001!WP1002!WP1003!WP1006!WP1007!WP1014!hist14!CP1004,1
2026-07-15 16:23:48.4,1PDF,SLPSL0001,PULV LOW SEAL AIR HDR DIFF PRESS,,LOABS,PULV LOW SEAL AIR HDR DIFF PRESS,ALM,1,3.97822,4,INH2O,!WP1001!WP1002!WP1003!WP1006!WP1007!WP1014!hist14!CP1004,1
2026-07-15 16:23:49.4,1PDF,SLPSL0001,PULV LOW SEAL AIR HDR DIFF PRESS,,LOABS,PULV LOW SEAL AIR HDR DIFF PRESS,RTN,1,4.096,4,INH2O,!WP1001!WP1002!WP1003!WP1006!WP1007!WP1014!hist14!CP1004,1
2026-07-15 16:24:37.4,1PDF,SLPSL0001,PULV LOW SEAL AIR HDR DIFF PRESS,,LOABS,PULV LOW SEAL AIR HDR DIFF PRESS,ALM,1,3.98291,4,INH2O,!WP1001!WP1002!WP1003!WP1006!WP1007!WP1014!hist14!CP1004,1
2026-07-15 16:24:38.4,1PDF,SLPSL0001,PULV LOW SEAL AIR HDR DIFF PRESS,,LOABS,PULV LOW SEAL AIR HDR DIFF PRESS,RTN,1,4.08311,4,INH2O,!WP1001!WP1002!WP1003!WP1006!WP1007!WP1014!hist14!CP1004,1
2026-07-15 16:24:39.4,1PDF,SLPSL0001,PULV LOW SEAL AIR HDR DIFF PRESS,,LOABS,PULV LOW SEAL AIR HDR DIFF PRESS,ALM,1,3.99316,4,INH2O,!WP1001!WP1002!WP1003!WP1006!WP1007!WP1014!hist14!CP1004,1
2026-07-15 16:24:40.4,1PDF,SLPSL0001,PULV LOW SEAL AIR HDR DIFF PRESS,,LOABS,PULV LOW SEAL AIR HDR DIFF PRESS,RTN,1,4.08516,4,INH2O,!WP1001!WP1002!WP1003!WP1006!WP1007!WP1014!hist14!CP1004,1
2026-07-15 16:24:43.4,1PDF,SLPSL0001,PULV LOW SEAL AIR HDR DIFF PRESS,,LOABS,PULV LOW SEAL AIR HDR DIFF PRESS,ALM,1,3.85166,4,INH2O,!WP1001!WP1002!WP1003!WP1006!WP1007!WP1014!hist14!CP1004,1
2026-07-15 16:25:03.4,1PDF,SLPSL0001,PULV LOW SEAL AIR HDR DIFF PRESS,,LOABS,PULV LOW SEAL AIR HDR DIFF PRESS,RTN,1,4.08223,4,INH2O,!WP1001!WP1002!WP1003!WP1006!WP1007!WP1014!hist14!CP1004,1
2026-07-15 16:25:27.4,1PDF,SLPSL0001,PULV LOW SEAL AIR HDR DIFF PRESS,,LOABS,PULV LOW SEAL AIR HDR DIFF PRESS,ALM,1,3.98672,4,INH2O,!WP1001!WP1002!WP1003!WP1006!WP1007!WP1014!hist14!CP1004,1
2026-07-15 16:26:07.4,1FUEL_SFTY,FPTX_ALM,DRAFT TRANSMITTER DEVIATION,,STATE,FURN DRAFT PRESS XMTR DEVIATION,ALM,5,,,,!WP1001!WP1002!WP1003!WP1006!WP1007!WP1014!hist14!CP1004,1
2026-07-15 16:26:26.4,1FUEL_SFTY,FPTX_ALM,DRAFT TRANSMITTER DEVIATION,,STATE,NO DEVIATION,RTN,5,,,,!WP1001!WP1002!WP1003!WP1006!WP1007!WP1014!hist14!CP1004,1
2026-07-15 16:26:38.4,1FUEL_SFTY,FPTX_ALM,DRAFT TRANSMITTER DEVIATION,,STATE,FURN DRAFT PRESS XMTR DEVIATION,ALM,5,,,,!WP1001!WP1002!WP1003!WP1006!WP1007!WP1014!hist14!CP1004,1
2026-07-15 16:26:40.4,1FUEL_SFTY,FPTX_ALM,DRAFT TRANSMITTER DEVIATION,,STATE,NO DEVIATION,RTN,5,,,,!WP1001!WP1002!WP1003!WP1006!WP1007!WP1014!hist14!CP1004,1
2026-07-15 16:26:57.4,FD_FAN_VIB,A_FAN_VEL_AX,A FD FAN VEL AX,,HIABS,A FD FAN VEL AX HI VIB,RTN,1,2.44719,3,MILS,!WP1001!WP1002!WP1003!WP1006!WP1007!WP1014!hist14!CP1005,1
2026-07-15 16:27:15.8,1AAIR,B16,WINDBOX/FURN DIFF PRESS,,LLABS,WINDBIX/FURN PRESS LOW,ALM,5,1.9973,2,INWC,!WP1001!WP1002!WP1003!WP1006!WP1007!WP1014!hist14!CP1001,1
2026-07-15 16:27:43.4,1PDF,SLPSL0001,PULV LOW SEAL AIR HDR DIFF PRESS,,LOABS,PULV LOW SEAL AIR HDR DIFF PRESS,RTN,1,4.13086,4,INH2O,!WP1001!WP1002!WP1003!WP1006!WP1007!WP1014!hist14!CP1004,1
2026-07-15 16:27:54.4,FD_FAN_VIB,A_FAN_VEL_AX,A FD FAN VEL AX,,HIABS,A FD FAN VEL AX HI VIB,ALM,1,3.06906,3,MILS,!WP1001!WP1002!WP1003!WP1006!WP1007!WP1014!hist14!CP1005,1
2026-07-15 16:28:07.4,1PDF,SLPSL0001,PULV LOW SEAL AIR HDR DIFF PRESS,,LOABS,PULV LOW SEAL AIR HDR DIFF PRESS,ALM,1,3.99434,4,INH2O,!WP1001!WP1002!WP1003!WP1006!WP1007!WP1014!hist14!CP1004,1
2026-07-15 16:28:08.4,1PDF,SLPSL0001,PULV LOW SEAL AIR HDR DIFF PRESS,,LOABS,PULV LOW SEAL AIR HDR DIFF PRESS,RTN,1,4.08896,4,INH2O,!WP1001!WP1002!WP1003!WP1006!WP1007!WP1014!hist14!CP1004,1
2026-07-15 16:28:09.4,1PDF,SLPSL0001,PULV LOW SEAL AIR HDR DIFF PRESS,,LOABS,PULV LOW SEAL AIR HDR DIFF PRESS,ALM,1,3.95479,4,INH2O,!WP1001!WP1002!WP1003!WP1006!WP1007!WP1014!hist14!CP1004,1
2026-07-15 16:28:10.4,1PDF,SLPSL0001,PULV LOW SEAL AIR HDR DIFF PRESS,,LOABS,PULV LOW SEAL AIR HDR DIFF PRESS,RTN,1,4.13496,4,INH2O,!WP1001!WP1002!WP1003!WP1006!WP1007!WP1014!hist14!CP1004,1
2026-07-15 16:28:15.4,1PDF,SLPSL0001,PULV LOW SEAL AIR HDR DIFF PRESS,,LOABS,PULV LOW SEAL AIR HDR DIFF PRESS,ALM,1,3.9375,4,INH2O,!WP1001!WP1002!WP1003!WP1006!WP1007!WP1014!hist14!CP1004,1
2026-07-15 16:28:16.4,1PDF,SLPSL0001,PULV LOW SEAL AIR HDR DIFF PRESS,,LOABS,PULV LOW SEAL AIR HDR DIFF PRESS,RTN,1,4.01719,4,INH2O,!WP1001!WP1002!WP1003!WP1006!WP1007!WP1014!hist14!CP1004,1
2026-07-15 16:28:20.4,1PDF,SLPSL0001,PULV LOW SEAL AIR HDR DIFF PRESS,,LOABS,PULV LOW SEAL AIR HDR DIFF PRESS,ALM,1,3.95654,4,INH2O,!WP1001!WP1002!WP1003!WP1006!WP1007!WP1014!hist14!CP1004,1
2026-07-15 16:28:23.4,1PDF,SLPSL0001,PULV LOW SEAL AIR HDR DIFF PRESS,,LOABS,PULV LOW SEAL AIR HDR DIFF PRESS,RTN,1,4.07754,4,INH2O,!WP1001!WP1002!WP1003!WP1006!WP1007!WP1014!hist14!CP1004,1
2026-07-15 16:28:32.4,1PDF,SLPSL0001,PULV LOW SEAL AIR HDR DIFF PRESS,,LOABS,PULV LOW SEAL AIR HDR DIFF PRESS,ALM,1,3.97705,4,INH2O,!WP1001!WP1002!WP1003!WP1006!WP1007!WP1014!hist14!CP1004,1
2026-07-15 16:28:33.4,1PDF,SLPSL0001,PULV LOW SEAL AIR HDR DIFF PRESS,,LOABS,PULV LOW SEAL AIR HDR DIFF PRESS,RTN,1,4.06348,4,INH2O,!WP1001!WP1002!WP1003!WP1006!WP1007!WP1014!hist14!CP1004,1
2026-07-15 16:28:57.4,1PDF,SLPSL0001,PULV LOW SEAL AIR HDR DIFF PRESS,,LOABS,PULV LOW SEAL AIR HDR DIFF PRESS,ALM,1,3.9791,4,INH2O,!WP1001!WP1002!WP1003!WP1006!WP1007!WP1014!hist14!CP1004,1
2026-07-15 16:28:58.4,1PDF,SLPSL0001,PULV LOW SEAL AIR HDR DIFF PRESS,,LOABS,PULV LOW SEAL AIR HDR DIFF PRESS,RTN,1,4.01924,4,INH2O,!WP1001!WP1002!WP1003!WP1006!WP1007!WP1014!hist14!CP1004,1
2026-07-15 16:29:31.4,1PDF,SLPSL0001,PULV LOW SEAL AIR HDR DIFF PRESS,,LOABS,PULV LOW SEAL AIR HDR DIFF PRESS,ALM,1,3.8874,4,INH2O,!WP1001!WP1002!WP1003!WP1006!WP1007!WP1014!hist14!CP1004,1
2026-07-15 16:29:32.4,1PDF,SLPSL0001,PULV LOW SEAL AIR HDR DIFF PRESS,,LOABS,PULV LOW SEAL AIR HDR DIFF PRESS,RTN,1,4.05029,4,INH2O,!WP1001!WP1002!WP1003!WP1006!WP1007!WP1014!hist14!CP1004,1
2026-07-15 16:29:33.4,1PDF,SLPSL0001,PULV LOW SEAL AIR HDR DIFF PRESS,,LOABS,PULV LOW SEAL AIR HDR DIFF PRESS,ALM,1,3.9917,4,INH2O,!WP1001!WP1002!WP1003!WP1006!WP1007!WP1014!hist14!CP1004,1
2026-07-15 16:29:34.4,1PDF,SLPSL0001,PULV LOW SEAL AIR HDR DIFF PRESS,,LOABS,PULV LOW SEAL AIR HDR DIFF PRESS,RTN,1,4.14404,4,INH2O,!WP1001!WP1002!WP1003!WP1006!WP1007!WP1014!hist14!CP1004,1
2026-07-15 16:29:39.4,1PDF,SLPSL0001,PULV LOW SEAL AIR HDR DIFF PRESS,,LOABS,PULV LOW SEAL AIR HDR DIFF PRESS,ALM,1,3.87744,4,INH2O,!WP1001!WP1002!WP1003!WP1006!WP1007!WP1014!hist14!CP1004,1
2026-07-15 16:29:53.4,1PDF,SLPSL0001,PULV LOW SEAL AIR HDR DIFF PRESS,,LOABS,PULV LOW SEAL AIR HDR DIFF PRESS,RTN,1,4.04707,4,INH2O,!WP1001!WP1002!WP1003!WP1006!WP1007!WP1014!hist14!CP1004,1
2026-07-15 16:29:54.4,1PDF,SLPSL0001,PULV LOW SEAL AIR HDR DIFF PRESS,,LOABS,PULV LOW SEAL AIR HDR DIFF PRESS,ALM,1,3.975,4,INH2O,!WP1001!WP1002!WP1003!WP1006!WP1007!WP1014!hist14!CP1004,1
2026-07-15 16:29:55.4,1PDF,SLPSL0001,PULV LOW SEAL AIR HDR DIFF PRESS,,LOABS,PULV LOW SEAL AIR HDR DIFF PRESS,RTN,1,4.05996,4,INH2O,!WP1001!WP1002!WP1003!WP1006!WP1007!WP1014!hist14!CP1004,1
2026-07-15 16:29:56.4,1PDF,SLPSL0001,PULV LOW SEAL AIR HDR DIFF PRESS,,LOABS,PULV LOW SEAL AIR HDR DIFF PRESS,ALM,1,3.98291,4,INH2O,!WP1001!WP1002!WP1003!WP1006!WP1007!WP1014!hist14!CP1004,1
2026-07-15 16:29:57.4,1PDF,SLPSL0001,PULV LOW SEAL AIR HDR DIFF PRESS,,LOABS,PULV LOW SEAL AIR HDR DIFF PRESS,RTN,1,4.09805,4,INH2O,!WP1001!WP1002!WP1003!WP1006!WP1007!WP1014!hist14!CP1004,1
2026-07-15 16:29:58.4,1PDF,SLPSL0001,PULV LOW SEAL AIR HDR DIFF PRESS,,LOABS,PULV LOW SEAL AIR HDR DIFF PRESS,ALM,1,3.97266,4,INH2O,!WP1001!WP1002!WP1003!WP1006!WP1007!WP1014!hist14!CP1004,1
2026-07-15 16:29:59.4,1PDF,SLPSL0001,PULV LOW SEAL AIR HDR DIFF PRESS,,LOABS,PULV LOW SEAL AIR HDR DIFF PRESS,RTN,1,4.01191,4,INH2O,!WP1001!WP1002!WP1003!WP1006!WP1007!WP1014!hist14!CP1004,1
2026-07-15 16:30:00.4,1PDF,SLPSL0001,PULV LOW SEAL AIR HDR DIFF PRESS,,LOABS,PULV LOW SEAL AIR HDR DIFF PRESS,ALM,1,3.9501,4,INH2O,!WP1001!WP1002!WP1003!WP1006!WP1007!WP1014!hist14!CP1004,1
2026-07-15 16:30:08.4,1PDF,SLPSL0001,PULV LOW SEAL AIR HDR DIFF PRESS,,LOABS,PULV LOW SEAL AIR HDR DIFF PRESS,RTN,1,4.11387,4,INH2O,!WP1001!WP1002!WP1003!WP1006!WP1007!WP1014!hist14!CP1004,1
2026-07-15 16:30:10.3,1AAIR,B16,WINDBOX/FURN DIFF PRESS,,LLABS,WINDBIX/FURN PRESS LOW,RTN,5,2.50329,2,INWC,!WP1001!WP1002!WP1003!WP1006!WP1007!WP1014!hist14!CP1001,1
2026-07-15 16:30:11.4,1PDF,SLPSL0001,PULV LOW SEAL AIR HDR DIFF PRESS,,LOABS,PULV LOW SEAL AIR HDR DIFF PRESS,ALM,1,3.96035,4,INH2O,!WP1001!WP1002!WP1003!WP1006!WP1007!WP1014!hist14!CP1004,1
2026-07-15 16:30:12.4,1PDF,SLPSL0001,PULV LOW SEAL AIR HDR DIFF PRESS,,LOABS,PULV LOW SEAL AIR HDR DIFF PRESS,RTN,1,4.05645,4,INH2O,!WP1001!WP1002!WP1003!WP1006!WP1007!WP1014!hist14!CP1004,1
2026-07-15 16:30:13.4,1PDF,SLPSL0001,PULV LOW SEAL AIR HDR DIFF PRESS,,LOABS,PULV LOW SEAL AIR HDR DIFF PRESS,ALM,1,3.98789,4,INH2O,!WP1001!WP1002!WP1003!WP1006!WP1007!WP1014!hist14!CP1004,1
2026-07-15 16:30:14.4,1PDF,SLPSL0001,PULV LOW SEAL AIR HDR DIFF PRESS,,LOABS,PULV LOW SEAL AIR HDR DIFF PRESS,RTN,1,4.18623,4,INH2O,!WP1001!WP1002!WP1003!WP1006!WP1007!WP1014!hist14!CP1004,1
2026-07-15 16:30:21.4,1PDF,SLPSL0001,PULV LOW SEAL AIR HDR DIFF PRESS,,LOABS,PULV LOW SEAL AIR HDR DIFF PRESS,ALM,1,3.94951,4,INH2O,!WP1001!WP1002!WP1003!WP1006!WP1007!WP1014!hist14!CP1004,1
2026-07-15 16:30:23.4,1PDF,SLPSL0001,PULV LOW SEAL AIR HDR DIFF PRESS,,LOABS,PULV LOW SEAL AIR HDR DIFF PRESS,RTN,1,4.01631,4,INH2O,!WP1001!WP1002!WP1003!WP1006!WP1007!WP1014!hist14!CP1004,1
2026-07-15 16:30:28.4,1PDF,SLPSL0001,PULV LOW SEAL AIR HDR DIFF PRESS,,LOABS,PULV LOW SEAL AIR HDR DIFF PRESS,ALM,1,3.99697,4,INH2O,!WP1001!WP1002!WP1003!WP1006!WP1007!WP1014!hist14!CP1004,1
2026-07-15 16:30:29.4,1PDF,SLPSL0001,PULV LOW SEAL AIR HDR DIFF PRESS,,LOABS,PULV LOW SEAL AIR HDR DIFF PRESS,RTN,1,4.00166,4,INH2O,!WP1001!WP1002!WP1003!WP1006!WP1007!WP1014!hist14!CP1004,1
2026-07-15 16:30:30.4,1PDF,SLPSL0001,PULV LOW SEAL AIR HDR DIFF PRESS,,LOABS,PULV LOW SEAL AIR HDR DIFF PRESS,ALM,1,3.85283,4,INH2O,!WP1001!WP1002!WP1003!WP1006!WP1007!WP1014!hist14!CP1004,1
2026-07-15 16:30:33.4,1PDF,SLPSL0001,PULV LOW SEAL AIR HDR DIFF PRESS,,LOABS,PULV LOW SEAL AIR HDR DIFF PRESS,RTN,1,4.096,4,INH2O,!WP1001!WP1002!WP1003!WP1006!WP1007!WP1014!hist14!CP1004,1
2026-07-15 16:30:38.4,1PDF,SLPSL0001,PULV LOW SEAL AIR HDR DIFF PRESS,,LOABS,PULV LOW SEAL AIR HDR DIFF PRESS,ALM,1,3.84902,4,INH2O,!WP1001!WP1002!WP1003!WP1006!WP1007!WP1014!hist14!CP1004,1
2026-07-15 16:30:43.4,1PDF,SLPSL0001,PULV LOW SEAL AIR HDR DIFF PRESS,,LOABS,PULV LOW SEAL AIR HDR DIFF PRESS,RTN,1,4.05996,4,INH2O,!WP1001!WP1002!WP1003!WP1006!WP1007!WP1014!hist14!CP1004,1
2026-07-15 16:30:44.4,1PDF,SLPSL0001,PULV LOW SEAL AIR HDR DIFF PRESS,,LOABS,PULV LOW SEAL AIR HDR DIFF PRESS,ALM,1,3.99258,4,INH2O,!WP1001!WP1002!WP1003!WP1006!WP1007!WP1014!hist14!CP1004,1
2026-07-15 16:30:50.4,1PDF,SLPSL0001,PULV LOW SEAL AIR HDR DIFF PRESS,,LOABS,PULV LOW SEAL AIR HDR DIFF PRESS,RTN,1,4.06201,4,INH2O,!WP1001!WP1002!WP1003!WP1006!WP1007!WP1014!hist14!CP1004,1
2026-07-15 16:30:51.4,1PDF,SLPSL0001,PULV LOW SEAL AIR HDR DIFF PRESS,,LOABS,PULV LOW SEAL AIR HDR DIFF PRESS,ALM,1,3.94453,4,INH2O,!WP1001!WP1002!WP1003!WP1006!WP1007!WP1014!hist14!CP1004,1
2026-07-15 16:30:52.4,1PDF,SLPSL0001,PULV LOW SEAL AIR HDR DIFF PRESS,,LOABS,PULV LOW SEAL AIR HDR DIFF PRESS,RTN,1,4.03096,4,INH2O,!WP1001!WP1002!WP1003!WP1006!WP1007!WP1014!hist14!CP1004,1
2026-07-15 16:30:53.4,1PDF,SLPSL0001,PULV LOW SEAL AIR HDR DIFF PRESS,,LOABS,PULV LOW SEAL AIR HDR DIFF PRESS,ALM,1,3.86484,4,INH2O,!WP1001!WP1002!WP1003!WP1006!WP1007!WP1014!hist14!CP1004,1
2026-07-15 16:30:58.4,1PDF,SLPSL0001,PULV LOW SEAL AIR HDR DIFF PRESS,,LOABS,PULV LOW SEAL AIR HDR DIFF PRESS,RTN,1,4.06289,4,INH2O,!WP1001!WP1002!WP1003!WP1006!WP1007!WP1014!hist14!CP1004,1
2026-07-15 16:31:01.4,1PDF,SLPSL0001,PULV LOW SEAL AIR HDR DIFF PRESS,,LOABS,PULV LOW SEAL AIR HDR DIFF PRESS,ALM,1,3.91875,4,INH2O,!WP1001!WP1002!WP1003!WP1006!WP1007!WP1014!hist14!CP1004,1
2026-07-15 16:31:08.4,1PDF,SLPSL0001,PULV LOW SEAL AIR HDR DIFF PRESS,,LOABS,PULV LOW SEAL AIR HDR DIFF PRESS,RTN,1,4.0459,4,INH2O,!WP1001!WP1002!WP1003!WP1006!WP1007!WP1014!hist14!CP1004,1
2026-07-15 16:31:10.4,1PDF,SLPSL0001,PULV LOW SEAL AIR HDR DIFF PRESS,,LOABS,PULV LOW SEAL AIR HDR DIFF PRESS,ALM,1,3.95537,4,INH2O,!WP1001!WP1002!WP1003!WP1006!WP1007!WP1014!hist14!CP1004,1
2026-07-15 16:31:15.4,1PDF,SLPSL0001,PULV LOW SEAL AIR HDR DIFF PRESS,,LOABS,PULV LOW SEAL AIR HDR DIFF PRESS,RTN,1,4.08955,4,INH2O,!WP1001!WP1002!WP1003!WP1006!WP1007!WP1014!hist14!CP1004,1
2026-07-15 16:31:20.4,1PDF,SLPSL0001,PULV LOW SEAL AIR HDR DIFF PRESS,,LOABS,PULV LOW SEAL AIR HDR DIFF PRESS,ALM,1,3.9126,4,INH2O,!WP1001!WP1002!WP1003!WP1006!WP1007!WP1014!hist14!CP1004,1
2026-07-15 16:31:32.4,1PDF,SLPSL0001,PULV LOW SEAL AIR HDR DIFF PRESS,,LOABS,PULV LOW SEAL AIR HDR DIFF PRESS,RTN,1,4.0207,4,INH2O,!WP1001!WP1002!WP1003!WP1006!WP1007!WP1014!hist14!CP1004,1
2026-07-15 16:31:33.4,1PDF,SLPSL0001,PULV LOW SEAL AIR HDR DIFF PRESS,,LOABS,PULV LOW SEAL AIR HDR DIFF PRESS,ALM,1,3.91289,4,INH2O,!WP1001!WP1002!WP1003!WP1006!WP1007!WP1014!hist14!CP1004,1
2026-07-15 16:31:34.4,1PDF,SLPSL0001,PULV LOW SEAL AIR HDR DIFF PRESS,,LOABS,PULV LOW SEAL AIR HDR DIFF PRESS,RTN,1,4.00693,4,INH2O,!WP1001!WP1002!WP1003!WP1006!WP1007!WP1014!hist14!CP1004,1
2026-07-15 16:31:35.4,1PDF,SLPSL0001,PULV LOW SEAL AIR HDR DIFF PRESS,,LOABS,PULV LOW SEAL AIR HDR DIFF PRESS,ALM,1,3.87539,4,INH2O,!WP1001!WP1002!WP1003!WP1006!WP1007!WP1014!hist14!CP1004,1
2026-07-15 16:31:55.4,1PDF,SLPSL0001,PULV LOW SEAL AIR HDR DIFF PRESS,,LOABS,PULV LOW SEAL AIR HDR DIFF PRESS,RTN,1,4.06289,4,INH2O,!WP1001!WP1002!WP1003!WP1006!WP1007!WP1014!hist14!CP1004,1
2026-07-15 16:31:56.4,1PDF,SLPSL0001,PULV LOW SEAL AIR HDR DIFF PRESS,,LOABS,PULV LOW SEAL AIR HDR DIFF PRESS,ALM,1,3.99668,4,INH2O,!WP1001!WP1002!WP1003!WP1006!WP1007!WP1014!hist14!CP1004,1
2026-07-15 16:31:57.4,1PDF,SLPSL0001,PULV LOW SEAL AIR HDR DIFF PRESS,,LOABS,PULV LOW SEAL AIR HDR DIFF PRESS,RTN,1,4.07314,4,INH2O,!WP1001!WP1002!WP1003!WP1006!WP1007!WP1014!hist14!CP1004,1
2026-07-15 16:31:58.4,1PDF,SLPSL0001,PULV LOW SEAL AIR HDR DIFF PRESS,,LOABS,PULV LOW SEAL AIR HDR DIFF PRESS,ALM,1,3.98496,4,INH2O,!WP1001!WP1002!WP1003!WP1006!WP1007!WP1014!hist14!CP1004,1
2026-07-15 16:31:59.4,1PDF,SLPSL0001,PULV LOW SEAL AIR HDR DIFF PRESS,,LOABS,PULV LOW SEAL AIR HDR DIFF PRESS,RTN,1,4.0708,4,INH2O,!WP1001!WP1002!WP1003!WP1006!WP1007!WP1014!hist14!CP1004,1
2026-07-15 16:32:00.4,1PDF,SLPSL0001,PULV LOW SEAL AIR HDR DIFF PRESS,,LOABS,PULV LOW SEAL AIR HDR DIFF PRESS,ALM,1,3.88037,4,INH2O,!WP1001!WP1002!WP1003!WP1006!WP1007!WP1014!hist14!CP1004,1
2026-07-15 16:32:47.0,1WB_DEV,AA_JJ_DEV,AUX AIR JJ ANY DEV,,STATE,DEVIATION,ALM,5,,,INH2O,,0
2026-07-15 16:32:58.4,1PDF,SLPSL0001,PULV LOW SEAL AIR HDR DIFF PRESS,,LOABS,PULV LOW SEAL AIR HDR DIFF PRESS,RTN,1,4.03154,4,INH2O,!WP1001!WP1002!WP1003!WP1006!WP1007!WP1014!hist14!CP1004,1
2026-07-15 16:32:59.4,1PDF,SLPSL0001,PULV LOW SEAL AIR HDR DIFF PRESS,,LOABS,PULV LOW SEAL AIR HDR DIFF PRESS,ALM,1,3.77959,4,INH2O,!WP1001!WP1002!WP1003!WP1006!WP1007!WP1014!hist14!CP1004,1
2026-07-15 16:34:41.4,1PDF,SLPSL0001,PULV LOW SEAL AIR HDR DIFF PRESS,,LOABS,PULV LOW SEAL AIR HDR DIFF PRESS,RTN,1,4.00752,4,INH2O,!WP1001!WP1002!WP1003!WP1006!WP1007!WP1014!hist14!CP1004,1
2026-07-15 16:34:42.4,1PDF,SLPSL0001,PULV LOW SEAL AIR HDR DIFF PRESS,,LOABS,PULV LOW SEAL AIR HDR DIFF PRESS,ALM,1,3.89766,4,INH2O,!WP1001!WP1002!WP1003!WP1006!WP1007!WP1014!hist14!CP1004,1
2026-07-15 16:35:08.4,1PDF,SLPSL0001,PULV LOW SEAL AIR HDR DIFF PRESS,,LOABS,PULV LOW SEAL AIR HDR DIFF PRESS,RTN,1,4.00869,4,INH2O,!WP1001!WP1002!WP1003!WP1006!WP1007!WP1014!hist14!CP1004,1
2026-07-15 16:35:09.4,1PDF,SLPSL0001,PULV LOW SEAL AIR HDR DIFF PRESS,,LOABS,PULV LOW SEAL AIR HDR DIFF PRESS,ALM,1,3.9917,4,INH2O,!WP1001!WP1002!WP1003!WP1006!WP1007!WP1014!hist14!CP1004,1
2026-07-15 16:35:10.4,1PDF,SLPSL0001,PULV LOW SEAL AIR HDR DIFF PRESS,,LOABS,PULV LOW SEAL AIR HDR DIFF PRESS,RTN,1,4.12295,4,INH2O,!WP1001!WP1002!WP1003!WP1006!WP1007!WP1014!hist14!CP1004,1
2026-07-15 16:35:37.0,1AB_SURGEA,FCVA153AL,LINE A TO SILO    B,TRANSPORT LIN,STATE,FAIL,ALM,3,,,,!WP1002!WP1011!WP1001!hist14!CP1020,1
2026-07-15 16:35:39.0,1AB_SURGEA,FCVA153AL,LINE A TO SILO    B,TRANSPORT LIN,STATE,OK,RTN,3,,,,!WP1002!WP1011!WP1001!hist14!CP1020,1
2026-07-15 16:35:55.4,1PDF,SLPSL0001,PULV LOW SEAL AIR HDR DIFF PRESS,,LOABS,PULV LOW SEAL AIR HDR DIFF PRESS,ALM,1,3.98994,4,INH2O,!WP1001!WP1002!WP1003!WP1006!WP1007!WP1014!hist14!CP1004,1
2026-07-15 16:35:58.4,1PDF,SLPSL0001,PULV LOW SEAL AIR HDR DIFF PRESS,,LOABS,PULV LOW SEAL AIR HDR DIFF PRESS,RTN,1,4.03535,4,INH2O,!WP1001!WP1002!WP1003!WP1006!WP1007!WP1014!hist14!CP1004,1
2026-07-15 16:36:02.4,1PDF,SLPSL0001,PULV LOW SEAL AIR HDR DIFF PRESS,,LOABS,PULV LOW SEAL AIR HDR DIFF PRESS,ALM,1,3.99199,4,INH2O,!WP1001!WP1002!WP1003!WP1006!WP1007!WP1014!hist14!CP1004,1
2026-07-15 16:36:03.4,1PDF,SLPSL0001,PULV LOW SEAL AIR HDR DIFF PRESS,,LOABS,PULV LOW SEAL AIR HDR DIFF PRESS,RTN,1,4.04531,4,INH2O,!WP1001!WP1002!WP1003!WP1006!WP1007!WP1014!hist14!CP1004,1
2026-07-15 16:36:04.4,1PDF,SLPSL0001,PULV LOW SEAL AIR HDR DIFF PRESS,,LOABS,PULV LOW SEAL AIR HDR DIFF PRESS,ALM,1,3.84522,4,INH2O,!WP1001!WP1002!WP1003!WP1006!WP1007!WP1014!hist14!CP1004,1
2026-07-15 16:37:58.4,1PDF,SLPSL0001,PULV LOW SEAL AIR HDR DIFF PRESS,,LOABS,PULV LOW SEAL AIR HDR DIFF PRESS,RTN,1,4.02744,4,INH2O,!WP1001!WP1002!WP1003!WP1006!WP1007!WP1014!hist14!CP1004,1
2026-07-15 16:38:01.4,1PDF,SLPSL0001,PULV LOW SEAL AIR HDR DIFF PRESS,,LOABS,PULV LOW SEAL AIR HDR DIFF PRESS,ALM,1,3.97354,4,INH2O,!WP1001!WP1002!WP1003!WP1006!WP1007!WP1014!hist14!CP1004,1
2026-07-15 16:38:15.4,1PDF,SLPSL0001,PULV LOW SEAL AIR HDR DIFF PRESS,,LOABS,PULV LOW SEAL AIR HDR DIFF PRESS,RTN,1,4.02393,4,INH2O,!WP1001!WP1002!WP1003!WP1006!WP1007!WP1014!hist14!CP1004,1
2026-07-15 16:38:16.4,1PDF,SLPSL0001,PULV LOW SEAL AIR HDR DIFF PRESS,,LOABS,PULV LOW SEAL AIR HDR DIFF PRESS,ALM,1,3.92314,4,INH2O,!WP1001!WP1002!WP1003!WP1006!WP1007!WP1014!hist14!CP1004,1
2026-07-15 16:38:17.4,1PDF,SLPSL0001,PULV LOW SEAL AIR HDR DIFF PRESS,,LOABS,PULV LOW SEAL AIR HDR DIFF PRESS,RTN,1,4.00576,4,INH2O,!WP1001!WP1002!WP1003!WP1006!WP1007!WP1014!hist14!CP1004,1
2026-07-15 16:38:18.4,1PDF,SLPSL0001,PULV LOW SEAL AIR HDR DIFF PRESS,,LOABS,PULV LOW SEAL AIR HDR DIFF PRESS,ALM,1,3.99961,4,INH2O,!WP1001!WP1002!WP1003!WP1006!WP1007!WP1014!hist14!CP1004,1
2026-07-15 16:38:32.4,1PDF,SLPSL0001,PULV LOW SEAL AIR HDR DIFF PRESS,,LOABS,PULV LOW SEAL AIR HDR DIFF PRESS,RTN,1,4.12617,4,INH2O,!WP1001!WP1002!WP1003!WP1006!WP1007!WP1014!hist14!CP1004,1
2026-07-15 16:38:37.4,1PDF,SLPSL0001,PULV LOW SEAL AIR HDR DIFF PRESS,,LOABS,PULV LOW SEAL AIR HDR DIFF PRESS,ALM,1,3.99902,4,INH2O,!WP1001!WP1002!WP1003!WP1006!WP1007!WP1014!hist14!CP1004,1
2026-07-15 16:38:38.4,1PDF,SLPSL0001,PULV LOW SEAL AIR HDR DIFF PRESS,,LOABS,PULV LOW SEAL AIR HDR DIFF PRESS,RTN,1,4.11064,4,INH2O,!WP1001!WP1002!WP1003!WP1006!WP1007!WP1014!hist14!CP1004,1
2026-07-15 16:38:44.4,1PDF,SLPSL0001,PULV LOW SEAL AIR HDR DIFF PRESS,,LOABS,PULV LOW SEAL AIR HDR DIFF PRESS,ALM,1,3.99141,4,INH2O,!WP1001!WP1002!WP1003!WP1006!WP1007!WP1014!hist14!CP1004,1
2026-07-15 16:38:45.4,1PDF,SLPSL0001,PULV LOW SEAL AIR HDR DIFF PRESS,,LOABS,PULV LOW SEAL AIR HDR DIFF PRESS,RTN,1,4.03008,4,INH2O,!WP1001!WP1002!WP1003!WP1006!WP1007!WP1014!hist14!CP1004,1
2026-07-15 16:38:46.4,1PDF,SLPSL0001,PULV LOW SEAL AIR HDR DIFF PRESS,,LOABS,PULV LOW SEAL AIR HDR DIFF PRESS,ALM,1,3.98789,4,INH2O,!WP1001!WP1002!WP1003!WP1006!WP1007!WP1014!hist14!CP1004,1
2026-07-15 16:38:46.5,1NW_ESP_SMP,NWAI6702B,PRECIP SUMP PMP B DSCH PH,,IOBAD,BAD CHANNEL,RTN,3,,,,!WP1002!WP1011!WP1001!hist14!CP1020,1
2026-07-15 16:38:47.4,1PDF,SLPSL0001,PULV LOW SEAL AIR HDR DIFF PRESS,,LOABS,PULV LOW SEAL AIR HDR DIFF PRESS,RTN,1,4.04736,4,INH2O,!WP1001!WP1002!WP1003!WP1006!WP1007!WP1014!hist14!CP1004,1
2026-07-15 16:38:52.4,1PDF,SLPSL0001,PULV LOW SEAL AIR HDR DIFF PRESS,,LOABS,PULV LOW SEAL AIR HDR DIFF PRESS,ALM,1,3.83262,4,INH2O,!WP1001!WP1002!WP1003!WP1006!WP1007!WP1014!hist14!CP1004,1
2026-07-15 16:39:08.4,1PDF,SLPSL0001,PULV LOW SEAL AIR HDR DIFF PRESS,,LOABS,PULV LOW SEAL AIR HDR DIFF PRESS,RTN,1,4.00752,4,INH2O,!WP1001!WP1002!WP1003!WP1006!WP1007!WP1014!hist14!CP1004,1
2026-07-15 16:39:09.4,1PDF,SLPSL0001,PULV LOW SEAL AIR HDR DIFF PRESS,,LOABS,PULV LOW SEAL AIR HDR DIFF PRESS,ALM,1,3.88447,4,INH2O,!WP1001!WP1002!WP1003!WP1006!WP1007!WP1014!hist14!CP1004,1
2026-07-15 16:39:12.4,1PDF,SLPSL0001,PULV LOW SEAL AIR HDR DIFF PRESS,,LOABS,PULV LOW SEAL AIR HDR DIFF PRESS,RTN,1,4.02129,4,INH2O,!WP1001!WP1002!WP1003!WP1006!WP1007!WP1014!hist14!CP1004,1
2026-07-15 16:39:13.4,1PDF,SLPSL0001,PULV LOW SEAL AIR HDR DIFF PRESS,,LOABS,PULV LOW SEAL AIR HDR DIFF PRESS,ALM,1,3.94424,4,INH2O,!WP1001!WP1002!WP1003!WP1006!WP1007!WP1014!hist14!CP1004,1
2026-07-15 16:39:14.4,1PDF,SLPSL0001,PULV LOW SEAL AIR HDR DIFF PRESS,,LOABS,PULV LOW SEAL AIR HDR DIFF PRESS,RTN,1,4.02861,4,INH2O,!WP1001!WP1002!WP1003!WP1006!WP1007!WP1014!hist14!CP1004,1
2026-07-15 16:39:36.4,1PDF,SLPSL0001,PULV LOW SEAL AIR HDR DIFF PRESS,,LOABS,PULV LOW SEAL AIR HDR DIFF PRESS,ALM,1,3.94951,4,INH2O,!WP1001!WP1002!WP1003!WP1006!WP1007!WP1014!hist14!CP1004,1
2026-07-15 16:39:37.4,1PDF,SLPSL0001,PULV LOW SEAL AIR HDR DIFF PRESS,,LOABS,PULV LOW SEAL AIR HDR DIFF PRESS,RTN,1,4.0752,4,INH2O,!WP1001!WP1002!WP1003!WP1006!WP1007!WP1014!hist14!CP1004,1
2026-07-15 16:39:38.4,1PDF,SLPSL0001,PULV LOW SEAL AIR HDR DIFF PRESS,,LOABS,PULV LOW SEAL AIR HDR DIFF PRESS,ALM,1,3.96943,4,INH2O,!WP1001!WP1002!WP1003!WP1006!WP1007!WP1014!hist14!CP1004,1
2026-07-15 16:39:41.4,1PDF,SLPSL0001,PULV LOW SEAL AIR HDR DIFF PRESS,,LOABS,PULV LOW SEAL AIR HDR DIFF PRESS,RTN,1,4.07813,4,INH2O,!WP1001!WP1002!WP1003!WP1006!WP1007!WP1014!hist14!CP1004,1
2026-07-15 16:39:42.4,1PDF,SLPSL0001,PULV LOW SEAL AIR HDR DIFF PRESS,,LOABS,PULV LOW SEAL AIR HDR DIFF PRESS,ALM,1,3.98555,4,INH2O,!WP1001!WP1002!WP1003!WP1006!WP1007!WP1014!hist14!CP1004,1
2026-07-15 16:42:06.4,1PDF,SLPSL0001,PULV LOW SEAL AIR HDR DIFF PRESS,,LOABS,PULV LOW SEAL AIR HDR DIFF PRESS,RTN,1,4.02012,4,INH2O,!WP1001!WP1002!WP1003!WP1006!WP1007!WP1014!hist14!CP1004,1
2026-07-15 16:42:09.4,1PDF,SLPSL0001,PULV LOW SEAL AIR HDR DIFF PRESS,,LOABS,PULV LOW SEAL AIR HDR DIFF PRESS,ALM,1,3.94424,4,INH2O,!WP1001!WP1002!WP1003!WP1006!WP1007!WP1014!hist14!CP1004,1
2026-07-15 16:42:55.4,1PDF,SLPSL0001,PULV LOW SEAL AIR HDR DIFF PRESS,,LOABS,PULV LOW SEAL AIR HDR DIFF PRESS,RTN,1,4.09189,4,INH2O,!WP1001!WP1002!WP1003!WP1006!WP1007!WP1014!hist14!CP1004,1
2026-07-15 16:42:56.4,1PDF,SLPSL0001,PULV LOW SEAL AIR HDR DIFF PRESS,,LOABS,PULV LOW SEAL AIR HDR DIFF PRESS,ALM,1,3.90176,4,INH2O,!WP1001!WP1002!WP1003!WP1006!WP1007!WP1014!hist14!CP1004,1
2026-07-15 16:43:01.4,1PDF,SLPSL0001,PULV LOW SEAL AIR HDR DIFF PRESS,,LOABS,PULV LOW SEAL AIR HDR DIFF PRESS,RTN,1,4.07813,4,INH2O,!WP1001!WP1002!WP1003!WP1006!WP1007!WP1014!hist14!CP1004,1
2026-07-15 16:43:05.4,1PDF,SLPSL0001,PULV LOW SEAL AIR HDR DIFF PRESS,,LOABS,PULV LOW SEAL AIR HDR DIFF PRESS,ALM,1,3.96826,4,INH2O,!WP1001!WP1002!WP1003!WP1006!WP1007!WP1014!hist14!CP1004,1
2026-07-15 16:43:51.4,1PDF,SLPSL0001,PULV LOW SEAL AIR HDR DIFF PRESS,,LOABS,PULV LOW SEAL AIR HDR DIFF PRESS,RTN,1,4.04004,4,INH2O,!WP1001!WP1002!WP1003!WP1006!WP1007!WP1014!hist14!CP1004,1
2026-07-15 16:43:55.4,1PDF,SLPSL0001,PULV LOW SEAL AIR HDR DIFF PRESS,,LOABS,PULV LOW SEAL AIR HDR DIFF PRESS,ALM,1,3.91348,4,INH2O,!WP1001!WP1002!WP1003!WP1006!WP1007!WP1014!hist14!CP1004,1
2026-07-15 16:44:21.4,1PDF,SLPSL0001,PULV LOW SEAL AIR HDR DIFF PRESS,,LOABS,PULV LOW SEAL AIR HDR DIFF PRESS,RTN,1,4.02832,4,INH2O,!WP1001!WP1002!WP1003!WP1006!WP1007!WP1014!hist14!CP1004,1
2026-07-15 16:44:30.4,1PDF,SLPSL0001,PULV LOW SEAL AIR HDR DIFF PRESS,,LOABS,PULV LOW SEAL AIR HDR DIFF PRESS,ALM,1,3.98467,4,INH2O,!WP1001!WP1002!WP1003!WP1006!WP1007!WP1014!hist14!CP1004,1
2026-07-15 16:44:31.4,1PDF,SLPSL0001,PULV LOW SEAL AIR HDR DIFF PRESS,,LOABS,PULV LOW SEAL AIR HDR DIFF PRESS,RTN,1,4.03916,4,INH2O,!WP1001!WP1002!WP1003!WP1006!WP1007!WP1014!hist14!CP1004,1
2026-07-15 16:44:32.4,1PDF,SLPSL0001,PULV LOW SEAL AIR HDR DIFF PRESS,,LOABS,PULV LOW SEAL AIR HDR DIFF PRESS,ALM,1,3.98789,4,INH2O,!WP1001!WP1002!WP1003!WP1006!WP1007!WP1014!hist14!CP1004,1
2026-07-15 16:44:33.4,1PDF,SLPSL0001,PULV LOW SEAL AIR HDR DIFF PRESS,,LOABS,PULV LOW SEAL AIR HDR DIFF PRESS,RTN,1,4.06055,4,INH2O,!WP1001!WP1002!WP1003!WP1006!WP1007!WP1014!hist14!CP1004,1
2026-07-15 16:44:38.4,1PDF,SLPSL0001,PULV LOW SEAL AIR HDR DIFF PRESS,,LOABS,PULV LOW SEAL AIR HDR DIFF PRESS,ALM,1,3.97383,4,INH2O,!WP1001!WP1002!WP1003!WP1006!WP1007!WP1014!hist14!CP1004,1
2026-07-15 16:45:20.7,ASH_DCS,PLC_TRB,ASH PLC TROUBLE ALARM,ASH PLC,STATE,TROUBLE ALARM,ALM,3,,,,!WP1002!WP1006!WP1007!WP1001!WP1003!WP1014!hist14!CP1006,1
2026-07-15 16:45:28.4,1PDF,SLPSL0001,PULV LOW SEAL AIR HDR DIFF PRESS,,LOABS,PULV LOW SEAL AIR HDR DIFF PRESS,RTN,1,4.01484,4,INH2O,!WP1001!WP1002!WP1003!WP1006!WP1007!WP1014!hist14!CP1004,1
2026-07-15 16:45:29.4,1PDF,SLPSL0001,PULV LOW SEAL AIR HDR DIFF PRESS,,LOABS,PULV LOW SEAL AIR HDR DIFF PRESS,ALM,1,3.90674,4,INH2O,!WP1001!WP1002!WP1003!WP1006!WP1007!WP1014!hist14!CP1004,1
2026-07-15 16:45:32.4,1PDF,SLPSL0001,PULV LOW SEAL AIR HDR DIFF PRESS,,LOABS,PULV LOW SEAL AIR HDR DIFF PRESS,RTN,1,4.05029,4,INH2O,!WP1001!WP1002!WP1003!WP1006!WP1007!WP1014!hist14!CP1004,1
2026-07-15 16:45:36.4,1PDF,SLPSL0001,PULV LOW SEAL AIR HDR DIFF PRESS,,LOABS,PULV LOW SEAL AIR HDR DIFF PRESS,ALM,1,3.92607,4,INH2O,!WP1001!WP1002!WP1003!WP1006!WP1007!WP1014!hist14!CP1004,1
2026-07-15 16:46:17.5,1NW_ESP_SMP,NWAI6702B,PRECIP SUMP PMP B DSCH PH,,IOBAD,BAD CHANNEL,RTN,3,,,,!WP1002!WP1011!WP1001!hist14!CP1020,1
2026-07-15 16:46:17.0,1NW_ESP_SMP,NWAI6702B,PRECIP SUMP PMP B DSCH PH,,IOBAD,BAD CHANNEL,ALM,3,,,,!WP1002!WP1011!WP1001!hist14!CP1020,1
2026-07-15 16:46:29.0,PAC_PLC,ACI_FDR_A_TR,ACI FDR A AC-WIC-5007 TRBLE ALM,,CHANGE,PAC FEEDER A TROUBLE,ALM,1,,,,!WP1001!WP1002!WP1003!WP1006!WP1007!WP1014!hist14!CP1003,1
2026-07-15 16:46:44.5,PAC_PLC,ACI_FDR_A_TR,ACI FDR A AC-WIC-5007 TRBLE ALM,,CHANGE,PAC FEEDER A TROUBLE,ALM,1,,,,!WP1001!WP1002!WP1003!WP1006!WP1007!WP1014!hist14!CP1003,1
2026-07-15 16:46:44.0,1NW_ESP_SMP,NWAI6702B,PRECIP SUMP PMP B DSCH PH,,IOBAD,BAD CHANNEL,ALM,3,,,,!WP1002!WP1011!WP1001!hist14!CP1020,1
2026-07-15 16:46:45.5,1NW_ESP_SMP,NWAI6702B,PRECIP SUMP PMP B DSCH PH,,IOBAD,BAD CHANNEL,RTN,3,,,,!WP1002!WP1011!WP1001!hist14!CP1020,1
2026-07-15 16:46:46.5,PAC_PLC,ACI_FDR_A_TR,ACI FDR A AC-WIC-5007 TRBLE ALM,,CHANGE,PAC FEEDER A TROUBLE,ALM,1,,,,!WP1001!WP1002!WP1003!WP1006!WP1007!WP1014!hist14!CP1003,1
2026-07-15 16:46:47.0,1NW_ESP_SMP,NWAI6702B,PRECIP SUMP PMP B DSCH PH,,IOBAD,BAD CHANNEL,ALM,3,,,,!WP1002!WP1011!WP1001!hist14!CP1020,1
2026-07-15 16:46:49.5,1NW_ESP_SMP,NWAI6702B,PRECIP SUMP PMP B DSCH PH,,IOBAD,BAD CHANNEL,RTN,3,,,,!WP1002!WP1011!WP1001!hist14!CP1020,1
2026-07-15 16:46:51.5,PAC_PLC,ACI_FDR_A_TR,ACI FDR A AC-WIC-5007 TRBLE ALM,,CHANGE,PAC FEEDER A TROUBLE,ALM,1,,,,!WP1001!WP1002!WP1003!WP1006!WP1007!WP1014!hist14!CP1003,1
2026-07-15 16:46:54.5,1NW_ESP_SMP,NWAI6702B,PRECIP SUMP PMP B DSCH PH,,IOBAD,BAD CHANNEL,ALM,3,,,,!WP1002!WP1011!WP1001!hist14!CP1020,1
2026-07-15 16:46:59.5,PAC_PLC,ACI_FDR_A_TR,ACI FDR A AC-WIC-5007 TRBLE ALM,,CHANGE,PAC FEEDER A TROUBLE,ALM,1,,,,!WP1001!WP1002!WP1003!WP1006!WP1007!WP1014!hist14!CP1003,1
2026-07-15 16:47:06.5,PAC_PLC,ACI_FDR_A_TR,ACI FDR A AC-WIC-5007 TRBLE ALM,,CHANGE,PAC FEEDER A TROUBLE,ALM,1,,,,!WP1001!WP1002!WP1003!WP1006!WP1007!WP1014!hist14!CP1003,1
2026-07-15 16:47:13.0,PAC_PLC,ACI_FDR_A_TR,ACI FDR A AC-WIC-5007 TRBLE ALM,,CHANGE,PAC FEEDER A TROUBLE,ALM,1,,,,!WP1001!WP1002!WP1003!WP1006!WP1007!WP1014!hist14!CP1003,1
2026-07-15 16:47:15.0,PAC_PLC,ACI_FDR_A_TR,ACI FDR A AC-WIC-5007 TRBLE ALM,,CHANGE,PAC FEEDER A TROUBLE,ALM,1,,,,!WP1001!WP1002!WP1003!WP1006!WP1007!WP1014!hist14!CP1003,1
2026-07-15 16:47:28.4,1JMILL,LO_TSL,J PULV LUBE OIL   TEMP ALM,,LOABS,LOW PULV LUBE OIL TEMPERATURE,RTN,5,92.002,90,DEGF,!WP1001!WP1002!WP1003!WP1006!WP1007!WP1014!hist14!CP1004,1
2026-07-15 16:47:47.4,1PDF,SLPSL0001,PULV LOW SEAL AIR HDR DIFF PRESS,,LOABS,PULV LOW SEAL AIR HDR DIFF PRESS,RTN,1,4.04297,4,INH2O,!WP1001!WP1002!WP1003!WP1006!WP1007!WP1014!hist14!CP1004,1
2026-07-15 16:47:50.4,1PDF,SLPSL0001,PULV LOW SEAL AIR HDR DIFF PRESS,,LOABS,PULV LOW SEAL AIR HDR DIFF PRESS,ALM,1,3.86865,4,INH2O,!WP1001!WP1002!WP1003!WP1006!WP1007!WP1014!hist14!CP1004,1
2026-07-15 16:49:23.3,1FG_A,ZSH5601A,BF A BLADE PITCH,,HIABS,BLADE PITCH ALARM,ALM,3,70.0273,70,%,!WP1001!WP1002!WP1003!WP1006!WP1007!WP1014!hist14!CP1015,1
2026-07-15 16:49:24.4,1PDF,SLPSL0001,PULV LOW SEAL AIR HDR DIFF PRESS,,LOABS,PULV LOW SEAL AIR HDR DIFF PRESS,RTN,1,4.03154,4,INH2O,!WP1001!WP1002!WP1003!WP1006!WP1007!WP1014!hist14!CP1004,1
2026-07-15 16:49:27.8,1FG_B,ZSH5701A,BF B BLADE PITCH,,HIABS,BLADE PITCH ALARM,ALM,3,70.1387,70,%,!WP1001!WP1002!WP1003!WP1006!WP1007!WP1014!hist14!CP1015,1
2026-07-15 16:49:31.4,1PDF,SLPSL0001,PULV LOW SEAL AIR HDR DIFF PRESS,,LOABS,PULV LOW SEAL AIR HDR DIFF PRESS,ALM,1,3.97119,4,INH2O,!WP1001!WP1002!WP1003!WP1006!WP1007!WP1014!hist14!CP1004,1
2026-07-15 16:49:32.4,1PDF,SLPSL0001,PULV LOW SEAL AIR HDR DIFF PRESS,,LOABS,PULV LOW SEAL AIR HDR DIFF PRESS,RTN,1,4.02773,4,INH2O,!WP1001!WP1002!WP1003!WP1006!WP1007!WP1014!hist14!CP1004,1
2026-07-15 16:49:41.4,1PDF,SLPSL0001,PULV LOW SEAL AIR HDR DIFF PRESS,,LOABS,PULV LOW SEAL AIR HDR DIFF PRESS,ALM,1,3.99053,4,INH2O,!WP1001!WP1002!WP1003!WP1006!WP1007!WP1014!hist14!CP1004,1
2026-07-15 16:49:42.4,1PDF,SLPSL0001,PULV LOW SEAL AIR HDR DIFF PRESS,,LOABS,PULV LOW SEAL AIR HDR DIFF PRESS,RTN,1,4.01924,4,INH2O,!WP1001!WP1002!WP1003!WP1006!WP1007!WP1014!hist14!CP1004,1
2026-07-15 16:49:48.4,1PDF,SLPSL0001,PULV LOW SEAL AIR HDR DIFF PRESS,,LOABS,PULV LOW SEAL AIR HDR DIFF PRESS,ALM,1,3.91934,4,INH2O,!WP1001!WP1002!WP1003!WP1006!WP1007!WP1014!hist14!CP1004,1
2026-07-15 16:50:26.4,1PDF,SLPSL0001,PULV LOW SEAL AIR HDR DIFF PRESS,,LOABS,PULV LOW SEAL AIR HDR DIFF PRESS,RTN,1,4.03711,4,INH2O,!WP1001!WP1002!WP1003!WP1006!WP1007!WP1014!hist14!CP1004,1
2026-07-15 16:50:28.4,1PDF,SLPSL0001,PULV LOW SEAL AIR HDR DIFF PRESS,,LOABS,PULV LOW SEAL AIR HDR DIFF PRESS,ALM,1,3.96797,4,INH2O,!WP1001!WP1002!WP1003!WP1006!WP1007!WP1014!hist14!CP1004,1
2026-07-15 16:50:29.4,1PDF,SLPSL0001,PULV LOW SEAL AIR HDR DIFF PRESS,,LOABS,PULV LOW SEAL AIR HDR DIFF PRESS,RTN,1,4.00107,4,INH2O,!WP1001!WP1002!WP1003!WP1006!WP1007!WP1014!hist14!CP1004,1
2026-07-15 16:50:30.4,1PDF,SLPSL0001,PULV LOW SEAL AIR HDR DIFF PRESS,,LOABS,PULV LOW SEAL AIR HDR DIFF PRESS,ALM,1,3.90264,4,INH2O,!WP1001!WP1002!WP1003!WP1006!WP1007!WP1014!hist14!CP1004,1
2026-07-15 16:50:36.4,1PDF,SLPSL0001,PULV LOW SEAL AIR HDR DIFF PRESS,,LOABS,PULV LOW SEAL AIR HDR DIFF PRESS,RTN,1,4.03125,4,INH2O,!WP1001!WP1002!WP1003!WP1006!WP1007!WP1014!hist14!CP1004,1
2026-07-15 16:50:38.4,1PDF,SLPSL0001,PULV LOW SEAL AIR HDR DIFF PRESS,,LOABS,PULV LOW SEAL AIR HDR DIFF PRESS,ALM,1,3.95713,4,INH2O,!WP1001!WP1002!WP1003!WP1006!WP1007!WP1014!hist14!CP1004,1
2026-07-15 16:50:58.4,1PDF,SLPSL0001,PULV LOW SEAL AIR HDR DIFF PRESS,,LOABS,PULV LOW SEAL AIR HDR DIFF PRESS,RTN,1,4.01016,4,INH2O,!WP1001!WP1002!WP1003!WP1006!WP1007!WP1014!hist14!CP1004,1
2026-07-15 16:50:59.4,1PDF,SLPSL0001,PULV LOW SEAL AIR HDR DIFF PRESS,,LOABS,PULV LOW SEAL AIR HDR DIFF PRESS,ALM,1,3.97324,4,INH2O,!WP1001!WP1002!WP1003!WP1006!WP1007!WP1014!hist14!CP1004,1
2026-07-15 16:51:00.4,1PDF,SLPSL0001,PULV LOW SEAL AIR HDR DIFF PRESS,,LOABS,PULV LOW SEAL AIR HDR DIFF PRESS,RTN,1,4.04297,4,INH2O,!WP1001!WP1002!WP1003!WP1006!WP1007!WP1014!hist14!CP1004,1
2026-07-15 16:51:03.4,1PDF,SLPSL0001,PULV LOW SEAL AIR HDR DIFF PRESS,,LOABS,PULV LOW SEAL AIR HDR DIFF PRESS,ALM,1,3.99873,4,INH2O,!WP1001!WP1002!WP1003!WP1006!WP1007!WP1014!hist14!CP1004,1
2026-07-15 16:51:04.4,1PDF,SLPSL0001,PULV LOW SEAL AIR HDR DIFF PRESS,,LOABS,PULV LOW SEAL AIR HDR DIFF PRESS,RTN,1,4.0459,4,INH2O,!WP1001!WP1002!WP1003!WP1006!WP1007!WP1014!hist14!CP1004,1
2026-07-15 16:51:06.4,1PDF,SLPSL0001,PULV LOW SEAL AIR HDR DIFF PRESS,,LOABS,PULV LOW SEAL AIR HDR DIFF PRESS,ALM,1,3.98291,4,INH2O,!WP1001!WP1002!WP1003!WP1006!WP1007!WP1014!hist14!CP1004,1
2026-07-15 16:51:07.4,1PDF,SLPSL0001,PULV LOW SEAL AIR HDR DIFF PRESS,,LOABS,PULV LOW SEAL AIR HDR DIFF PRESS,RTN,1,4.02129,4,INH2O,!WP1001!WP1002!WP1003!WP1006!WP1007!WP1014!hist14!CP1004,1
2026-07-15 16:51:14.4,1PDF,SLPSL0001,PULV LOW SEAL AIR HDR DIFF PRESS,,LOABS,PULV LOW SEAL AIR HDR DIFF PRESS,ALM,1,3.95566,4,INH2O,!WP1001!WP1002!WP1003!WP1006!WP1007!WP1014!hist14!CP1004,1
2026-07-15 16:51:15.4,1PDF,SLPSL0001,PULV LOW SEAL AIR HDR DIFF PRESS,,LOABS,PULV LOW SEAL AIR HDR DIFF PRESS,RTN,1,4.01719,4,INH2O,!WP1001!WP1002!WP1003!WP1006!WP1007!WP1014!hist14!CP1004,1
2026-07-15 16:51:16.4,1PDF,SLPSL0001,PULV LOW SEAL AIR HDR DIFF PRESS,,LOABS,PULV LOW SEAL AIR HDR DIFF PRESS,ALM,1,3.94395,4,INH2O,!WP1001!WP1002!WP1003!WP1006!WP1007!WP1014!hist14!CP1004,1
2026-07-15 16:51:17.4,1PDF,SLPSL0001,PULV LOW SEAL AIR HDR DIFF PRESS,,LOABS,PULV LOW SEAL AIR HDR DIFF PRESS,RTN,1,4.02012,4,INH2O,!WP1001!WP1002!WP1003!WP1006!WP1007!WP1014!hist14!CP1004,1
2026-07-15 16:51:18.4,1PDF,SLPSL0001,PULV LOW SEAL AIR HDR DIFF PRESS,,LOABS,PULV LOW SEAL AIR HDR DIFF PRESS,ALM,1,3.95449,4,INH2O,!WP1001!WP1002!WP1003!WP1006!WP1007!WP1014!hist14!CP1004,1
2026-07-15 16:51:19.4,1PDF,SLPSL0001,PULV LOW SEAL AIR HDR DIFF PRESS,,LOABS,PULV LOW SEAL AIR HDR DIFF PRESS,RTN,1,4.02656,4,INH2O,!WP1001!WP1002!WP1003!WP1006!WP1007!WP1014!hist14!CP1004,1
2026-07-15 16:51:20.4,1PDF,SLPSL0001,PULV LOW SEAL AIR HDR DIFF PRESS,,LOABS,PULV LOW SEAL AIR HDR DIFF PRESS,ALM,1,3.96328,4,INH2O,!WP1001!WP1002!WP1003!WP1006!WP1007!WP1014!hist14!CP1004,1
2026-07-15 16:51:21.4,1PDF,SLPSL0001,PULV LOW SEAL AIR HDR DIFF PRESS,,LOABS,PULV LOW SEAL AIR HDR DIFF PRESS,RTN,1,4.05586,4,INH2O,!WP1001!WP1002!WP1003!WP1006!WP1007!WP1014!hist14!CP1004,1
2026-07-15 16:51:33.4,1PDF,SLPSL0001,PULV LOW SEAL AIR HDR DIFF PRESS,,LOABS,PULV LOW SEAL AIR HDR DIFF PRESS,ALM,1,3.9791,4,INH2O,!WP1001!WP1002!WP1003!WP1006!WP1007!WP1014!hist14!CP1004,1
2026-07-15 16:51:33.3,1SEAL_AIR,PDI5735_ALM,BF B OUT DMPR SEAL CAV D/P LOW,,STATE,DP ALARM ACTIVE,ALM,3,,,,!WP1001!WP1002!WP1003!WP1006!WP1007!WP1014!hist14!CP1015,1
2026-07-15 16:51:34.4,1PDF,SLPSL0001,PULV LOW SEAL AIR HDR DIFF PRESS,,LOABS,PULV LOW SEAL AIR HDR DIFF PRESS,RTN,1,4.12471,4,INH2O,!WP1001!WP1002!WP1003!WP1006!WP1007!WP1014!hist14!CP1004,1
2026-07-15 16:51:37.4,1PDF,SLPSL0001,PULV LOW SEAL AIR HDR DIFF PRESS,,LOABS,PULV LOW SEAL AIR HDR DIFF PRESS,ALM,1,3.97939,4,INH2O,!WP1001!WP1002!WP1003!WP1006!WP1007!WP1014!hist14!CP1004,1
2026-07-15 16:51:42.4,1PDF,SLPSL0001,PULV LOW SEAL AIR HDR DIFF PRESS,,LOABS,PULV LOW SEAL AIR HDR DIFF PRESS,RTN,1,4.01221,4,INH2O,!WP1001!WP1002!WP1003!WP1006!WP1007!WP1014!hist14!CP1004,1
2026-07-15 16:51:43.4,1PDF,SLPSL0001,PULV LOW SEAL AIR HDR DIFF PRESS,,LOABS,PULV LOW SEAL AIR HDR DIFF PRESS,ALM,1,3.95303,4,INH2O,!WP1001!WP1002!WP1003!WP1006!WP1007!WP1014!hist14!CP1004,1
2026-07-15 16:51:57.4,1PDF,SLPSL0001,PULV LOW SEAL AIR HDR DIFF PRESS,,LOABS,PULV LOW SEAL AIR HDR DIFF PRESS,RTN,1,4.02539,4,INH2O,!WP1001!WP1002!WP1003!WP1006!WP1007!WP1014!hist14!CP1004,1
2026-07-15 16:51:58.4,1PDF,SLPSL0001,PULV LOW SEAL AIR HDR DIFF PRESS,,LOABS,PULV LOW SEAL AIR HDR DIFF PRESS,ALM,1,3.93955,4,INH2O,!WP1001!WP1002!WP1003!WP1006!WP1007!WP1014!hist14!CP1004,1
2026-07-15 16:51:59.4,1PDF,SLPSL0001,PULV LOW SEAL AIR HDR DIFF PRESS,,LOABS,PULV LOW SEAL AIR HDR DIFF PRESS,RTN,1,4.04531,4,INH2O,!WP1001!WP1002!WP1003!WP1006!WP1007!WP1014!hist14!CP1004,1
2026-07-15 16:52:00.4,1PDF,SLPSL0001,PULV LOW SEAL AIR HDR DIFF PRESS,,LOABS,PULV LOW SEAL AIR HDR DIFF PRESS,ALM,1,3.98408,4,INH2O,!WP1001!WP1002!WP1003!WP1006!WP1007!WP1014!hist14!CP1004,1
2026-07-15 16:52:01.4,1PDF,SLPSL0001,PULV LOW SEAL AIR HDR DIFF PRESS,,LOABS,PULV LOW SEAL AIR HDR DIFF PRESS,RTN,1,4.03213,4,INH2O,!WP1001!WP1002!WP1003!WP1006!WP1007!WP1014!hist14!CP1004,1
2026-07-15 16:52:02.4,1PDF,SLPSL0001,PULV LOW SEAL AIR HDR DIFF PRESS,,LOABS,PULV LOW SEAL AIR HDR DIFF PRESS,ALM,1,3.88535,4,INH2O,!WP1001!WP1002!WP1003!WP1006!WP1007!WP1014!hist14!CP1004,1
2026-07-15 16:52:10.4,1PDF,SLPSL0001,PULV LOW SEAL AIR HDR DIFF PRESS,,LOABS,PULV LOW SEAL AIR HDR DIFF PRESS,RTN,1,4.04941,4,INH2O,!WP1001!WP1002!WP1003!WP1006!WP1007!WP1014!hist14!CP1004,1
2026-07-15 16:52:11.4,1PDF,SLPSL0001,PULV LOW SEAL AIR HDR DIFF PRESS,,LOABS,PULV LOW SEAL AIR HDR DIFF PRESS,ALM,1,3.90879,4,INH2O,!WP1001!WP1002!WP1003!WP1006!WP1007!WP1014!hist14!CP1004,1
2026-07-15 16:52:14.4,1PDF,SLPSL0001,PULV LOW SEAL AIR HDR DIFF PRESS,,LOABS,PULV LOW SEAL AIR HDR DIFF PRESS,RTN,1,4.00049,4,INH2O,!WP1001!WP1002!WP1003!WP1006!WP1007!WP1014!hist14!CP1004,1
2026-07-15 16:52:20.4,1PDF,SLPSL0001,PULV LOW SEAL AIR HDR DIFF PRESS,,LOABS,PULV LOW SEAL AIR HDR DIFF PRESS,ALM,1,3.99521,4,INH2O,!WP1001!WP1002!WP1003!WP1006!WP1007!WP1014!hist14!CP1004,1
2026-07-15 16:53:00.4,1PDF,SLPSL0001,PULV LOW SEAL AIR HDR DIFF PRESS,,LOABS,PULV LOW SEAL AIR HDR DIFF PRESS,RTN,1,4.01133,4,INH2O,!WP1001!WP1002!WP1003!WP1006!WP1007!WP1014!hist14!CP1004,1
2026-07-15 16:53:01.4,1PDF,SLPSL0001,PULV LOW SEAL AIR HDR DIFF PRESS,,LOABS,PULV LOW SEAL AIR HDR DIFF PRESS,ALM,1,3.87979,4,INH2O,!WP1001!WP1002!WP1003!WP1006!WP1007!WP1014!hist14!CP1004,1
2026-07-15 16:53:08.4,1PDF,SLPSL0001,PULV LOW SEAL AIR HDR DIFF PRESS,,LOABS,PULV LOW SEAL AIR HDR DIFF PRESS,RTN,1,4.00078,4,INH2O,!WP1001!WP1002!WP1003!WP1006!WP1007!WP1014!hist14!CP1004,1
2026-07-15 16:53:10.4,1PDF,SLPSL0001,PULV LOW SEAL AIR HDR DIFF PRESS,,LOABS,PULV LOW SEAL AIR HDR DIFF PRESS,ALM,1,3.91816,4,INH2O,!WP1001!WP1002!WP1003!WP1006!WP1007!WP1014!hist14!CP1004,1
2026-07-15 16:54:06.8,1FG_B,ZSH5701A,BF B BLADE PITCH,,HIABS,BLADE PITCH ALARM,RTN,3,69.8887,70,%,!WP1001!WP1002!WP1003!WP1006!WP1007!WP1014!hist14!CP1015,1
2026-07-15 16:54:09.8,1FG_A,ZSH5601A,BF A BLADE PITCH,,HIABS,BLADE PITCH ALARM,RTN,3,69.7578,70,%,!WP1001!WP1002!WP1003!WP1006!WP1007!WP1014!hist14!CP1015,1
2026-07-15 16:54:36.5,1AB_EXTRACT,ABPDI5051,ASH CLR EXTR      DIFF PRESS,,IOBAD,BAD CHANNEL,ALM,3,,,,!WP1002!WP1011!WP1001!hist14!CP1020,1
2026-07-15 16:54:37.0,1AB_EXTRACT,ABPDI5051,ASH CLR EXTR      DIFF PRESS,,IOBAD,BAD CHANNEL,RTN,3,,,,!WP1002!WP1011!WP1001!hist14!CP1020,1
2026-07-15 16:54:37.5,1AB_EXTRACT,ABPDI5051,ASH CLR EXTR      DIFF PRESS,,IOBAD,BAD CHANNEL,ALM,3,,,,!WP1002!WP1011!WP1001!hist14!CP1020,1
2026-07-15 16:54:43.8,1SEAL_AIR,PDI5735_ALM,BF B OUT DMPR SEAL CAV D/P LOW,,STATE,DP ALARM CLEAR,RTN,3,,,,!WP1001!WP1002!WP1003!WP1006!WP1007!WP1014!hist14!CP1015,1
2026-07-15 16:56:18.0,1AB_EXTRACT,ABPDI5051,ASH CLR EXTR      DIFF PRESS,,IOBAD,BAD CHANNEL,RTN,3,,,,!WP1002!WP1011!WP1001!hist14!CP1020,1
2026-07-15 16:56:18.5,1AB_EXTRACT,ABPDI5051,ASH CLR EXTR      DIFF PRESS,,IOBAD,BAD CHANNEL,ALM,3,,,,!WP1002!WP1011!WP1001!hist14!CP1020,1
2026-07-15 16:56:19.5,1AB_EXTRACT,ABPDI5051,ASH CLR EXTR      DIFF PRESS,,IOBAD,BAD CHANNEL,RTN,3,,,,!WP1002!WP1011!WP1001!hist14!CP1020,1
2026-07-15 16:57:58.4,1PDF,SLPSL0001,PULV LOW SEAL AIR HDR DIFF PRESS,,LOABS,PULV LOW SEAL AIR HDR DIFF PRESS,RTN,1,4.03389,4,INH2O,!WP1001!WP1002!WP1003!WP1006!WP1007!WP1014!hist14!CP1004,1
2026-07-15 16:58:06.4,1PDF,SLPSL0001,PULV LOW SEAL AIR HDR DIFF PRESS,,LOABS,PULV LOW SEAL AIR HDR DIFF PRESS,ALM,1,3.98174,4,INH2O,!WP1001!WP1002!WP1003!WP1006!WP1007!WP1014!hist14!CP1004,1
2026-07-15 16:58:07.4,1PDF,SLPSL0001,PULV LOW SEAL AIR HDR DIFF PRESS,,LOABS,PULV LOW SEAL AIR HDR DIFF PRESS,RTN,1,4.06143,4,INH2O,!WP1001!WP1002!WP1003!WP1006!WP1007!WP1014!hist14!CP1004,1
2026-07-15 16:58:14.4,1PDF,SLPSL0001,PULV LOW SEAL AIR HDR DIFF PRESS,,LOABS,PULV LOW SEAL AIR HDR DIFF PRESS,ALM,1,3.87979,4,INH2O,!WP1001!WP1002!WP1003!WP1006!WP1007!WP1014!hist14!CP1004,1
2026-07-15 16:58:53.4,1PDF,SLPSL0001,PULV LOW SEAL AIR HDR DIFF PRESS,,LOABS,PULV LOW SEAL AIR HDR DIFF PRESS,RTN,1,4.05147,4,INH2O,!WP1001!WP1002!WP1003!WP1006!WP1007!WP1014!hist14!CP1004,1
2026-07-15 16:58:56.4,1PDF,SLPSL0001,PULV LOW SEAL AIR HDR DIFF PRESS,,LOABS,PULV LOW SEAL AIR HDR DIFF PRESS,ALM,1,3.96504,4,INH2O,!WP1001!WP1002!WP1003!WP1006!WP1007!WP1014!hist14!CP1004,1
2026-07-15 16:58:57.4,1PDF,SLPSL0001,PULV LOW SEAL AIR HDR DIFF PRESS,,LOABS,PULV LOW SEAL AIR HDR DIFF PRESS,RTN,1,4.0875,4,INH2O,!WP1001!WP1002!WP1003!WP1006!WP1007!WP1014!hist14!CP1004,1
2026-07-15 16:58:58.4,1PDF,SLPSL0001,PULV LOW SEAL AIR HDR DIFF PRESS,,LOABS,PULV LOW SEAL AIR HDR DIFF PRESS,ALM,1,3.97998,4,INH2O,!WP1001!WP1002!WP1003!WP1006!WP1007!WP1014!hist14!CP1004,1
2026-07-15 16:58:58.7,1AR_LS,DEV_5803,LS SYS B,,STATE,VALVE 5803 DEVIATION,ALM,3,,,,!WP1001!WP1002!WP1003!WP1006!WP1007!WP1014!hist14!CP1017,1
2026-07-15 16:59:00.4,1PDF,SLPSL0001,PULV LOW SEAL AIR HDR DIFF PRESS,,LOABS,PULV LOW SEAL AIR HDR DIFF PRESS,RTN,1,4.01602,4,INH2O,!WP1001!WP1002!WP1003!WP1006!WP1007!WP1014!hist14!CP1004,1
2026-07-15 16:59:04.4,1PDF,SLPSL0001,PULV LOW SEAL AIR HDR DIFF PRESS,,LOABS,PULV LOW SEAL AIR HDR DIFF PRESS,ALM,1,3.98467,4,INH2O,!WP1001!WP1002!WP1003!WP1006!WP1007!WP1014!hist14!CP1004,1
2026-07-15 16:59:09.4,1PDF,SLPSL0001,PULV LOW SEAL AIR HDR DIFF PRESS,,LOABS,PULV LOW SEAL AIR HDR DIFF PRESS,RTN,1,4.02861,4,INH2O,!WP1001!WP1002!WP1003!WP1006!WP1007!WP1014!hist14!CP1004,1
2026-07-15 16:59:11.4,1PDF,SLPSL0001,PULV LOW SEAL AIR HDR DIFF PRESS,,LOABS,PULV LOW SEAL AIR HDR DIFF PRESS,ALM,1,3.94805,4,INH2O,!WP1001!WP1002!WP1003!WP1006!WP1007!WP1014!hist14!CP1004,1
2026-07-15 16:59:18.4,1PDF,SLPSL0001,PULV LOW SEAL AIR HDR DIFF PRESS,,LOABS,PULV LOW SEAL AIR HDR DIFF PRESS,RTN,1,4.04004,4,INH2O,!WP1001!WP1002!WP1003!WP1006!WP1007!WP1014!hist14!CP1004,1
2026-07-15 16:59:21.4,1PDF,SLPSL0001,PULV LOW SEAL AIR HDR DIFF PRESS,,LOABS,PULV LOW SEAL AIR HDR DIFF PRESS,ALM,1,3.95889,4,INH2O,!WP1001!WP1002!WP1003!WP1006!WP1007!WP1014!hist14!CP1004,1
2026-07-15 16:59:23.4,1PDF,SLPSL0001,PULV LOW SEAL AIR HDR DIFF PRESS,,LOABS,PULV LOW SEAL AIR HDR DIFF PRESS,RTN,1,4.0292,4,INH2O,!WP1001!WP1002!WP1003!WP1006!WP1007!WP1014!hist14!CP1004,1
2026-07-15 16:59:25.4,1PDF,SLPSL0001,PULV LOW SEAL AIR HDR DIFF PRESS,,LOABS,PULV LOW SEAL AIR HDR DIFF PRESS,ALM,1,3.97939,4,INH2O,!WP1001!WP1002!WP1003!WP1006!WP1007!WP1014!hist14!CP1004,1
2026-07-15 16:59:27.4,1PDF,SLPSL0001,PULV LOW SEAL AIR HDR DIFF PRESS,,LOABS,PULV LOW SEAL AIR HDR DIFF PRESS,RTN,1,4.00518,4,INH2O,!WP1001!WP1002!WP1003!WP1006!WP1007!WP1014!hist14!CP1004,1
2026-07-15 16:59:28.4,1PDF,SLPSL0001,PULV LOW SEAL AIR HDR DIFF PRESS,,LOABS,PULV LOW SEAL AIR HDR DIFF PRESS,ALM,1,3.96973,4,INH2O,!WP1001!WP1002!WP1003!WP1006!WP1007!WP1014!hist14!CP1004,1
2026-07-15 16:59:29.4,1PDF,SLPSL0001,PULV LOW SEAL AIR HDR DIFF PRESS,,LOABS,PULV LOW SEAL AIR HDR DIFF PRESS,RTN,1,4.00693,4,INH2O,!WP1001!WP1002!WP1003!WP1006!WP1007!WP1014!hist14!CP1004,1
2026-07-15 16:59:30.4,1PDF,SLPSL0001,PULV LOW SEAL AIR HDR DIFF PRESS,,LOABS,PULV LOW SEAL AIR HDR DIFF PRESS,ALM,1,3.93252,4,INH2O,!WP1001!WP1002!WP1003!WP1006!WP1007!WP1014!hist14!CP1004,1
2026-07-15 16:59:32.4,1PDF,SLPSL0001,PULV LOW SEAL AIR HDR DIFF PRESS,,LOABS,PULV LOW SEAL AIR HDR DIFF PRESS,RTN,1,4.02158,4,INH2O,!WP1001!WP1002!WP1003!WP1006!WP1007!WP1014!hist14!CP1004,1
2026-07-15 16:59:50.3,1BCS_7,IKTE3751,REHEAT TEMP RIGHT (REDUNDANT),,HIABS,HIGH,ALM,1,1012.23,1012.18,DEG.F,!WP1002!WP1006!WP1007!WP1001!WP1003!WP1014!hist14!CP1007,1
2026-07-15 16:59:51.2,1AR_LS,DEV_5803,LS SYS B,,STATE,,RTN,3,,,,!WP1001!WP1002!WP1003!WP1006!WP1007!WP1014!hist14!CP1017,1
2026-07-15 17:00:01.4,1PDF,SLPSL0001,PULV LOW SEAL AIR HDR DIFF PRESS,,LOABS,PULV LOW SEAL AIR HDR DIFF PRESS,ALM,1,3.93252,4,INH2O,!WP1001!WP1002!WP1003!WP1006!WP1007!WP1014!hist14!CP1004,1
2026-07-15 17:01:11.8,1BCS_7,IKTE3751,REHEAT TEMP RIGHT (REDUNDANT),,HIABS,HIGH,RTN,1,1007.16,1012.18,DEG.F,!WP1002!WP1006!WP1007!WP1001!WP1003!WP1014!hist14!CP1007,1
2026-07-15 17:01:24.4,1PDF,SLPSL0001,PULV LOW SEAL AIR HDR DIFF PRESS,,LOABS,PULV LOW SEAL AIR HDR DIFF PRESS,RTN,1,4.00078,4,INH2O,!WP1001!WP1002!WP1003!WP1006!WP1007!WP1014!hist14!CP1004,1
2026-07-15 17:01:25.4,1PDF,SLPSL0001,PULV LOW SEAL AIR HDR DIFF PRESS,,LOABS,PULV LOW SEAL AIR HDR DIFF PRESS,ALM,1,3.97324,4,INH2O,!WP1001!WP1002!WP1003!WP1006!WP1007!WP1014!hist14!CP1004,1
2026-07-15 17:01:31.4,1PDF,SLPSL0001,PULV LOW SEAL AIR HDR DIFF PRESS,,LOABS,PULV LOW SEAL AIR HDR DIFF PRESS,RTN,1,4.02305,4,INH2O,!WP1001!WP1002!WP1003!WP1006!WP1007!WP1014!hist14!CP1004,1
2026-07-15 17:01:34.4,1PDF,SLPSL0001,PULV LOW SEAL AIR HDR DIFF PRESS,,LOABS,PULV LOW SEAL AIR HDR DIFF PRESS,ALM,1,3.82383,4,INH2O,!WP1001!WP1002!WP1003!WP1006!WP1007!WP1014!hist14!CP1004,1
2026-07-15 17:03:22.0,IDFAN_PEEC,OPCY_ALM,PRECIP OUT > 50%,PRECIP OUTLET,STATE,ALARM,ALM,3,,,,!WP1001!WP1002!WP1003!WP1006!WP1007!WP1014!hist14!CP1003,1
2026-07-15 17:03:23.5,IDFAN_PEEC,OPCY_ALM,PRECIP OUT > 50%,PRECIP OUTLET,STATE,NORMAL,RTN,3,,,,!WP1001!WP1002!WP1003!WP1006!WP1007!WP1014!hist14!CP1003,1
2026-07-15 17:03:32.3,1TC,B21,DROOP ACTIVE,DROOP,STATE,ACTIVE,ALM,5,,,,!hist14!CP1001,2
2026-07-15 17:03:33.3,1TC,B21,DROOP ACTIVE,DROOP,STATE,NORMAL,RTN,5,,,,!hist14!CP1001,2
2026-07-15 17:04:32.4,1PDF,SLPSL0001,PULV LOW SEAL AIR HDR DIFF PRESS,,LOABS,PULV LOW SEAL AIR HDR DIFF PRESS,RTN,1,4.00459,4,INH2O,!WP1001!WP1002!WP1003!WP1006!WP1007!WP1014!hist14!CP1004,1
2026-07-15 17:04:57.4,1PDF,SLPSL0001,PULV LOW SEAL AIR HDR DIFF PRESS,,LOABS,PULV LOW SEAL AIR HDR DIFF PRESS,ALM,1,3.98203,4,INH2O,!WP1001!WP1002!WP1003!WP1006!WP1007!WP1014!hist14!CP1004,1
2026-07-15 17:05:36.4,1PDF,SLPSL0001,PULV LOW SEAL AIR HDR DIFF PRESS,,LOABS,PULV LOW SEAL AIR HDR DIFF PRESS,RTN,1,4.00488,4,INH2O,!WP1001!WP1002!WP1003!WP1006!WP1007!WP1014!hist14!CP1004,1
2026-07-15 17:06:15.4,1PDF,SLPSL0001,PULV LOW SEAL AIR HDR DIFF PRESS,,LOABS,PULV LOW SEAL AIR HDR DIFF PRESS,ALM,1,3.98203,4,INH2O,!WP1001!WP1002!WP1003!WP1006!WP1007!WP1014!hist14!CP1004,1
2026-07-15 17:06:16.4,1PDF,SLPSL0001,PULV LOW SEAL AIR HDR DIFF PRESS,,LOABS,PULV LOW SEAL AIR HDR DIFF PRESS,RTN,1,4.05088,4,INH2O,!WP1001!WP1002!WP1003!WP1006!WP1007!WP1014!hist14!CP1004,1
2026-07-15 17:06:20.4,1PDF,SLPSL0001,PULV LOW SEAL AIR HDR DIFF PRESS,,LOABS,PULV LOW SEAL AIR HDR DIFF PRESS,ALM,1,3.95684,4,INH2O,!WP1001!WP1002!WP1003!WP1006!WP1007!WP1014!hist14!CP1004,1
2026-07-15 17:06:23.4,1PDF,SLPSL0001,PULV LOW SEAL AIR HDR DIFF PRESS,,LOABS,PULV LOW SEAL AIR HDR DIFF PRESS,RTN,1,4.01397,4,INH2O,!WP1001!WP1002!WP1003!WP1006!WP1007!WP1014!hist14!CP1004,1
2026-07-15 17:06:26.4,1PDF,SLPSL0001,PULV LOW SEAL AIR HDR DIFF PRESS,,LOABS,PULV LOW SEAL AIR HDR DIFF PRESS,ALM,1,3.97998,4,INH2O,!WP1001!WP1002!WP1003!WP1006!WP1007!WP1014!hist14!CP1004,1
2026-07-15 17:07:13.4,1PDF,SLPSL0001,PULV LOW SEAL AIR HDR DIFF PRESS,,LOABS,PULV LOW SEAL AIR HDR DIFF PRESS,RTN,1,4.04531,4,INH2O,!WP1001!WP1002!WP1003!WP1006!WP1007!WP1014!hist14!CP1004,1
2026-07-15 17:07:20.4,1PDF,SLPSL0001,PULV LOW SEAL AIR HDR DIFF PRESS,,LOABS,PULV LOW SEAL AIR HDR DIFF PRESS,ALM,1,3.97764,4,INH2O,!WP1001!WP1002!WP1003!WP1006!WP1007!WP1014!hist14!CP1004,1
2026-07-15 17:07:25.4,1PDF,SLPSL0001,PULV LOW SEAL AIR HDR DIFF PRESS,,LOABS,PULV LOW SEAL AIR HDR DIFF PRESS,RTN,1,4.05264,4,INH2O,!WP1001!WP1002!WP1003!WP1006!WP1007!WP1014!hist14!CP1004,1
2026-07-15 17:07:27.4,1PDF,SLPSL0001,PULV LOW SEAL AIR HDR DIFF PRESS,,LOABS,PULV LOW SEAL AIR HDR DIFF PRESS,ALM,1,3.94014,4,INH2O,!WP1001!WP1002!WP1003!WP1006!WP1007!WP1014!hist14!CP1004,1
2026-07-15 17:08:48.4,1PDF,SLPSL0001,PULV LOW SEAL AIR HDR DIFF PRESS,,LOABS,PULV LOW SEAL AIR HDR DIFF PRESS,RTN,1,4.02158,4,INH2O,!WP1001!WP1002!WP1003!WP1006!WP1007!WP1014!hist14!CP1004,1
2026-07-15 17:08:49.4,1PDF,SLPSL0001,PULV LOW SEAL AIR HDR DIFF PRESS,,LOABS,PULV LOW SEAL AIR HDR DIFF PRESS,ALM,1,3.99375,4,INH2O,!WP1001!WP1002!WP1003!WP1006!WP1007!WP1014!hist14!CP1004,1
2026-07-15 17:08:50.4,1PDF,SLPSL0001,PULV LOW SEAL AIR HDR DIFF PRESS,,LOABS,PULV LOW SEAL AIR HDR DIFF PRESS,RTN,1,4.0002,4,INH2O,!WP1001!WP1002!WP1003!WP1006!WP1007!WP1014!hist14!CP1004,1
2026-07-15 17:08:51.4,1PDF,SLPSL0001,PULV LOW SEAL AIR HDR DIFF PRESS,,LOABS,PULV LOW SEAL AIR HDR DIFF PRESS,ALM,1,3.96445,4,INH2O,!WP1001!WP1002!WP1003!WP1006!WP1007!WP1014!hist14!CP1004,1
2026-07-15 17:08:54.4,1PDF,SLPSL0001,PULV LOW SEAL AIR HDR DIFF PRESS,,LOABS,PULV LOW SEAL AIR HDR DIFF PRESS,RTN,1,4.03066,4,INH2O,!WP1001!WP1002!WP1003!WP1006!WP1007!WP1014!hist14!CP1004,1
2026-07-15 17:08:57.4,1PDF,SLPSL0001,PULV LOW SEAL AIR HDR DIFF PRESS,,LOABS,PULV LOW SEAL AIR HDR DIFF PRESS,ALM,1,3.94863,4,INH2O,!WP1001!WP1002!WP1003!WP1006!WP1007!WP1014!hist14!CP1004,1
2026-07-15 17:08:58.4,1PDF,SLPSL0001,PULV LOW SEAL AIR HDR DIFF PRESS,,LOABS,PULV LOW SEAL AIR HDR DIFF PRESS,RTN,1,4.04355,4,INH2O,!WP1001!WP1002!WP1003!WP1006!WP1007!WP1014!hist14!CP1004,1
2026-07-15 17:09:01.4,1PDF,SLPSL0001,PULV LOW SEAL AIR HDR DIFF PRESS,,LOABS,PULV LOW SEAL AIR HDR DIFF PRESS,ALM,1,3.99873,4,INH2O,!WP1001!WP1002!WP1003!WP1006!WP1007!WP1014!hist14!CP1004,1
2026-07-15 17:09:02.4,1PDF,SLPSL0001,PULV LOW SEAL AIR HDR DIFF PRESS,,LOABS,PULV LOW SEAL AIR HDR DIFF PRESS,RTN,1,4.0834,4,INH2O,!WP1001!WP1002!WP1003!WP1006!WP1007!WP1014!hist14!CP1004,1
2026-07-15 17:09:09.4,1PDF,SLPSL0001,PULV LOW SEAL AIR HDR DIFF PRESS,,LOABS,PULV LOW SEAL AIR HDR DIFF PRESS,ALM,1,3.98115,4,INH2O,!WP1001!WP1002!WP1003!WP1006!WP1007!WP1014!hist14!CP1004,1
2026-07-15 17:10:36.4,1PDF,SLPSL0001,PULV LOW SEAL AIR HDR DIFF PRESS,,LOABS,PULV LOW SEAL AIR HDR DIFF PRESS,RTN,1,4.02012,4,INH2O,!WP1001!WP1002!WP1003!WP1006!WP1007!WP1014!hist14!CP1004,1
2026-07-15 17:10:38.4,1PDF,SLPSL0001,PULV LOW SEAL AIR HDR DIFF PRESS,,LOABS,PULV LOW SEAL AIR HDR DIFF PRESS,ALM,1,3.97734,4,INH2O,!WP1001!WP1002!WP1003!WP1006!WP1007!WP1014!hist14!CP1004,1
2026-07-15 17:10:39.4,1PDF,SLPSL0001,PULV LOW SEAL AIR HDR DIFF PRESS,,LOABS,PULV LOW SEAL AIR HDR DIFF PRESS,RTN,1,4.07373,4,INH2O,!WP1001!WP1002!WP1003!WP1006!WP1007!WP1014!hist14!CP1004,1
2026-07-15 17:10:41.4,1PDF,SLPSL0001,PULV LOW SEAL AIR HDR DIFF PRESS,,LOABS,PULV LOW SEAL AIR HDR DIFF PRESS,ALM,1,3.95303,4,INH2O,!WP1001!WP1002!WP1003!WP1006!WP1007!WP1014!hist14!CP1004,1
2026-07-15 17:11:19.4,1PDF,SLPSL0001,PULV LOW SEAL AIR HDR DIFF PRESS,,LOABS,PULV LOW SEAL AIR HDR DIFF PRESS,RTN,1,4.02275,4,INH2O,!WP1001!WP1002!WP1003!WP1006!WP1007!WP1014!hist14!CP1004,1
2026-07-15 17:11:20.4,1PDF,SLPSL0001,PULV LOW SEAL AIR HDR DIFF PRESS,,LOABS,PULV LOW SEAL AIR HDR DIFF PRESS,ALM,1,3.99492,4,INH2O,!WP1001!WP1002!WP1003!WP1006!WP1007!WP1014!hist14!CP1004,1
2026-07-15 17:11:27.4,1PDF,SLPSL0001,PULV LOW SEAL AIR HDR DIFF PRESS,,LOABS,PULV LOW SEAL AIR HDR DIFF PRESS,RTN,1,4.05586,4,INH2O,!WP1001!WP1002!WP1003!WP1006!WP1007!WP1014!hist14!CP1004,1
2026-07-15 17:11:47.4,1PDF,SLPSL0001,PULV LOW SEAL AIR HDR DIFF PRESS,,LOABS,PULV LOW SEAL AIR HDR DIFF PRESS,ALM,1,3.9627,4,INH2O,!WP1001!WP1002!WP1003!WP1006!WP1007!WP1014!hist14!CP1004,1
2026-07-15 17:13:18.0,1WB_DEV,AA_JJ_DEV,AUX AIR JJ ANY DEV,,STATE,NORMAL,RTN,5,,,INH2O,,0
2026-07-15 17:13:54.4,1PDF,SLPSL0001,PULV LOW SEAL AIR HDR DIFF PRESS,,LOABS,PULV LOW SEAL AIR HDR DIFF PRESS,RTN,1,4.09805,4,INH2O,!WP1001!WP1002!WP1003!WP1006!WP1007!WP1014!hist14!CP1004,1
2026-07-15 17:15:10.4,1PDF,SLPSL0001,PULV LOW SEAL AIR HDR DIFF PRESS,,LOABS,PULV LOW SEAL AIR HDR DIFF PRESS,ALM,1,3.95449,4,INH2O,!WP1001!WP1002!WP1003!WP1006!WP1007!WP1014!hist14!CP1004,1
2026-07-15 17:15:20.0,1WB_DEV,AA_JJ_DEV,AUX AIR JJ ANY DEV,,STATE,DEVIATION,ALM,5,,,INH2O,,0
2026-07-15 17:15:30.4,1PDF,SLPSL0001,PULV LOW SEAL AIR HDR DIFF PRESS,,LOABS,PULV LOW SEAL AIR HDR DIFF PRESS,RTN,1,4.01221,4,INH2O,!WP1001!WP1002!WP1003!WP1006!WP1007!WP1014!hist14!CP1004,1
2026-07-15 17:15:36.4,1PDF,SLPSL0001,PULV LOW SEAL AIR HDR DIFF PRESS,,LOABS,PULV LOW SEAL AIR HDR DIFF PRESS,ALM,1,3.98994,4,INH2O,!WP1001!WP1002!WP1003!WP1006!WP1007!WP1014!hist14!CP1004,1
2026-07-15 17:15:37.4,1PDF,SLPSL0001,PULV LOW SEAL AIR HDR DIFF PRESS,,LOABS,PULV LOW SEAL AIR HDR DIFF PRESS,RTN,1,4.0793,4,INH2O,!WP1001!WP1002!WP1003!WP1006!WP1007!WP1014!hist14!CP1004,1
2026-07-15 17:15:52.4,1PDF,SLPSL0001,PULV LOW SEAL AIR HDR DIFF PRESS,,LOABS,PULV LOW SEAL AIR HDR DIFF PRESS,ALM,1,3.99141,4,INH2O,!WP1001!WP1002!WP1003!WP1006!WP1007!WP1014!hist14!CP1004,1
2026-07-15 17:16:20.0,1WB_DEV,AA_JJ_DEV,AUX AIR JJ ANY DEV,,STATE,NORMAL,RTN,5,,,INH2O,,0
2026-07-15 17:17:21.4,1PDF,SLPSL0001,PULV LOW SEAL AIR HDR DIFF PRESS,,LOABS,PULV LOW SEAL AIR HDR DIFF PRESS,RTN,1,4.06436,4,INH2O,!WP1001!WP1002!WP1003!WP1006!WP1007!WP1014!hist14!CP1004,1
2026-07-15 17:17:24.4,1PDF,SLPSL0001,PULV LOW SEAL AIR HDR DIFF PRESS,,LOABS,PULV LOW SEAL AIR HDR DIFF PRESS,ALM,1,3.97939,4,INH2O,!WP1001!WP1002!WP1003!WP1006!WP1007!WP1014!hist14!CP1004,1
2026-07-15 17:18:13.0,1WB_DEV,AA_JJ_DEV,AUX AIR JJ ANY DEV,,STATE,DEVIATION,ALM,5,,,INH2O,,0
2026-07-15 17:18:21.4,1PDF,SLPSL0001,PULV LOW SEAL AIR HDR DIFF PRESS,,LOABS,PULV LOW SEAL AIR HDR DIFF PRESS,RTN,1,4.02949,4,INH2O,!WP1001!WP1002!WP1003!WP1006!WP1007!WP1014!hist14!CP1004,1
2026-07-15 17:18:22.4,1PDF,SLPSL0001,PULV LOW SEAL AIR HDR DIFF PRESS,,LOABS,PULV LOW SEAL AIR HDR DIFF PRESS,ALM,1,3.97646,4,INH2O,!WP1001!WP1002!WP1003!WP1006!WP1007!WP1014!hist14!CP1004,1
2026-07-15 17:18:27.4,1PDF,SLPSL0001,PULV LOW SEAL AIR HDR DIFF PRESS,,LOABS,PULV LOW SEAL AIR HDR DIFF PRESS,RTN,1,4.02363,4,INH2O,!WP1001!WP1002!WP1003!WP1006!WP1007!WP1014!hist14!CP1004,1
2026-07-15 17:18:33.4,1PDF,SLPSL0001,PULV LOW SEAL AIR HDR DIFF PRESS,,LOABS,PULV LOW SEAL AIR HDR DIFF PRESS,ALM,1,3.93984,4,INH2O,!WP1001!WP1002!WP1003!WP1006!WP1007!WP1014!hist14!CP1004,1
2026-07-15 17:18:34.4,1PDF,SLPSL0001,PULV LOW SEAL AIR HDR DIFF PRESS,,LOABS,PULV LOW SEAL AIR HDR DIFF PRESS,RTN,1,4.03857,4,INH2O,!WP1001!WP1002!WP1003!WP1006!WP1007!WP1014!hist14!CP1004,1
2026-07-15 17:20:05.4,1PDF,SLPSL0001,PULV LOW SEAL AIR HDR DIFF PRESS,,LOABS,PULV LOW SEAL AIR HDR DIFF PRESS,ALM,1,3.99727,4,INH2O,!WP1001!WP1002!WP1003!WP1006!WP1007!WP1014!hist14!CP1004,1
2026-07-15 17:20:16.4,1PDF,SLPSL0001,PULV LOW SEAL AIR HDR DIFF PRESS,,LOABS,PULV LOW SEAL AIR HDR DIFF PRESS,RTN,1,4.04766,4,INH2O,!WP1001!WP1002!WP1003!WP1006!WP1007!WP1014!hist14!CP1004,1
2026-07-15 17:20:22.4,1PDF,SLPSL0001,PULV LOW SEAL AIR HDR DIFF PRESS,,LOABS,PULV LOW SEAL AIR HDR DIFF PRESS,ALM,1,3.95098,4,INH2O,!WP1001!WP1002!WP1003!WP1006!WP1007!WP1014!hist14!CP1004,1
2026-07-15 17:20:31.4,1PDF,SLPSL0001,PULV LOW SEAL AIR HDR DIFF PRESS,,LOABS,PULV LOW SEAL AIR HDR DIFF PRESS,RTN,1,4.0084,4,INH2O,!WP1001!WP1002!WP1003!WP1006!WP1007!WP1014!hist14!CP1004,1
2026-07-15 17:20:32.4,1PDF,SLPSL0001,PULV LOW SEAL AIR HDR DIFF PRESS,,LOABS,PULV LOW SEAL AIR HDR DIFF PRESS,ALM,1,3.93691,4,INH2O,!WP1001!WP1002!WP1003!WP1006!WP1007!WP1014!hist14!CP1004,1
2026-07-15 17:20:34.4,1PDF,SLPSL0001,PULV LOW SEAL AIR HDR DIFF PRESS,,LOABS,PULV LOW SEAL AIR HDR DIFF PRESS,RTN,1,4.03916,4,INH2O,!WP1001!WP1002!WP1003!WP1006!WP1007!WP1014!hist14!CP1004,1
2026-07-15 17:20:36.4,1PDF,SLPSL0001,PULV LOW SEAL AIR HDR DIFF PRESS,,LOABS,PULV LOW SEAL AIR HDR DIFF PRESS,ALM,1,3.99785,4,INH2O,!WP1001!WP1002!WP1003!WP1006!WP1007!WP1014!hist14!CP1004,1
2026-07-15 17:20:37.4,1PDF,SLPSL0001,PULV LOW SEAL AIR HDR DIFF PRESS,,LOABS,PULV LOW SEAL AIR HDR DIFF PRESS,RTN,1,4.00869,4,INH2O,!WP1001!WP1002!WP1003!WP1006!WP1007!WP1014!hist14!CP1004,1
2026-07-15 17:20:38.4,1PDF,SLPSL0001,PULV LOW SEAL AIR HDR DIFF PRESS,,LOABS,PULV LOW SEAL AIR HDR DIFF PRESS,ALM,1,3.95801,4,INH2O,!WP1001!WP1002!WP1003!WP1006!WP1007!WP1014!hist14!CP1004,1
2026-07-15 17:20:41.4,1PDF,SLPSL0001,PULV LOW SEAL AIR HDR DIFF PRESS,,LOABS,PULV LOW SEAL AIR HDR DIFF PRESS,RTN,1,4.03154,4,INH2O,!WP1001!WP1002!WP1003!WP1006!WP1007!WP1014!hist14!CP1004,1
2026-07-15 17:20:55.4,1PDF,SLPSL0001,PULV LOW SEAL AIR HDR DIFF PRESS,,LOABS,PULV LOW SEAL AIR HDR DIFF PRESS,ALM,1,3.94131,4,INH2O,!WP1001!WP1002!WP1003!WP1006!WP1007!WP1014!hist14!CP1004,1
2026-07-15 17:20:57.4,1PDF,SLPSL0001,PULV LOW SEAL AIR HDR DIFF PRESS,,LOABS,PULV LOW SEAL AIR HDR DIFF PRESS,RTN,1,4.004,4,INH2O,!WP1001!WP1002!WP1003!WP1006!WP1007!WP1014!hist14!CP1004,1
2026-07-15 17:20:58.4,1PDF,SLPSL0001,PULV LOW SEAL AIR HDR DIFF PRESS,,LOABS,PULV LOW SEAL AIR HDR DIFF PRESS,ALM,1,3.99463,4,INH2O,!WP1001!WP1002!WP1003!WP1006!WP1007!WP1014!hist14!CP1004,1
2026-07-15 17:20:59.4,1PDF,SLPSL0001,PULV LOW SEAL AIR HDR DIFF PRESS,,LOABS,PULV LOW SEAL AIR HDR DIFF PRESS,RTN,1,4.0541,4,INH2O,!WP1001!WP1002!WP1003!WP1006!WP1007!WP1014!hist14!CP1004,1
2026-07-15 17:21:02.4,1PDF,SLPSL0001,PULV LOW SEAL AIR HDR DIFF PRESS,,LOABS,PULV LOW SEAL AIR HDR DIFF PRESS,ALM,1,3.95625,4,INH2O,!WP1001!WP1002!WP1003!WP1006!WP1007!WP1014!hist14!CP1004,1
2026-07-15 17:21:11.4,1PDF,SLPSL0001,PULV LOW SEAL AIR HDR DIFF PRESS,,LOABS,PULV LOW SEAL AIR HDR DIFF PRESS,RTN,1,4.00898,4,INH2O,!WP1001!WP1002!WP1003!WP1006!WP1007!WP1014!hist14!CP1004,1
2026-07-15 17:21:57.3,1FG_A,ZSH5601A,BF A BLADE PITCH,,HIABS,BLADE PITCH ALARM,ALM,3,70.043,70,%,!WP1001!WP1002!WP1003!WP1006!WP1007!WP1014!hist14!CP1015,1
2026-07-15 17:22:08.3,1FG_B,ZSH5701A,BF B BLADE PITCH,,HIABS,BLADE PITCH ALARM,ALM,3,70.2031,70,%,!WP1001!WP1002!WP1003!WP1006!WP1007!WP1014!hist14!CP1015,1
2026-07-15 17:22:44.4,1PDF,SLPSL0001,PULV LOW SEAL AIR HDR DIFF PRESS,,LOABS,PULV LOW SEAL AIR HDR DIFF PRESS,ALM,1,3.90264,4,INH2O,!WP1001!WP1002!WP1003!WP1006!WP1007!WP1014!hist14!CP1004,1
2026-07-15 17:23:13.8,1FG_B,ZSH5701A,BF B BLADE PITCH,,HIABS,BLADE PITCH ALARM,RTN,3,69.8867,70,%,!WP1001!WP1002!WP1003!WP1006!WP1007!WP1014!hist14!CP1015,1
2026-07-15 17:23:15.3,1FG_A,ZSH5601A,BF A BLADE PITCH,,HIABS,BLADE PITCH ALARM,RTN,3,69.8945,70,%,!WP1001!WP1002!WP1003!WP1006!WP1007!WP1014!hist14!CP1015,1
2026-07-15 17:23:26.3,1SEAL_AIR,PDI5735_ALM,BF B OUT DMPR SEAL CAV D/P LOW,,STATE,DP ALARM ACTIVE,ALM,3,,,,!WP1001!WP1002!WP1003!WP1006!WP1007!WP1014!hist14!CP1015,1
2026-07-15 17:23:31.8,1SEAL_AIR,PDI5735_ALM,BF B OUT DMPR SEAL CAV D/P LOW,,STATE,DP ALARM CLEAR,RTN,3,,,,!WP1001!WP1002!WP1003!WP1006!WP1007!WP1014!hist14!CP1015,1
2026-07-15 17:23:52.4,1FUEL_SFTY,FPTX_ALM,DRAFT TRANSMITTER DEVIATION,,STATE,FURN DRAFT PRESS XMTR DEVIATION,ALM,5,,,,!WP1001!WP1002!WP1003!WP1006!WP1007!WP1014!hist14!CP1004,1
2026-07-15 17:24:00.4,1FUEL_SFTY,FPTX_ALM,DRAFT TRANSMITTER DEVIATION,,STATE,NO DEVIATION,RTN,5,,,,!WP1001!WP1002!WP1003!WP1006!WP1007!WP1014!hist14!CP1004,1
2026-07-15 17:24:06.4,1PDF,SLPSL0001,PULV LOW SEAL AIR HDR DIFF PRESS,,LOABS,PULV LOW SEAL AIR HDR DIFF PRESS,RTN,1,4.07578,4,INH2O,!WP1001!WP1002!WP1003!WP1006!WP1007!WP1014!hist14!CP1004,1
2026-07-15 17:24:25.4,1PDF,SLPSL0001,PULV LOW SEAL AIR HDR DIFF PRESS,,LOABS,PULV LOW SEAL AIR HDR DIFF PRESS,ALM,1,3.97852,4,INH2O,!WP1001!WP1002!WP1003!WP1006!WP1007!WP1014!hist14!CP1004,1
2026-07-15 17:24:33.4,1PDF,SLPSL0001,PULV LOW SEAL AIR HDR DIFF PRESS,,LOABS,PULV LOW SEAL AIR HDR DIFF PRESS,RTN,1,4.01367,4,INH2O,!WP1001!WP1002!WP1003!WP1006!WP1007!WP1014!hist14!CP1004,1
2026-07-15 17:24:34.4,1PDF,SLPSL0001,PULV LOW SEAL AIR HDR DIFF PRESS,,LOABS,PULV LOW SEAL AIR HDR DIFF PRESS,ALM,1,3.94307,4,INH2O,!WP1001!WP1002!WP1003!WP1006!WP1007!WP1014!hist14!CP1004,1
2026-07-15 17:24:52.4,1PDF,SLPSL0001,PULV LOW SEAL AIR HDR DIFF PRESS,,LOABS,PULV LOW SEAL AIR HDR DIFF PRESS,RTN,1,4.01162,4,INH2O,!WP1001!WP1002!WP1003!WP1006!WP1007!WP1014!hist14!CP1004,1
2026-07-15 17:24:59.4,1PDF,SLPSL0001,PULV LOW SEAL AIR HDR DIFF PRESS,,LOABS,PULV LOW SEAL AIR HDR DIFF PRESS,ALM,1,3.9665,4,INH2O,!WP1001!WP1002!WP1003!WP1006!WP1007!WP1014!hist14!CP1004,1
2026-07-15 17:25:02.4,1PDF,SLPSL0001,PULV LOW SEAL AIR HDR DIFF PRESS,,LOABS,PULV LOW SEAL AIR HDR DIFF PRESS,RTN,1,4.05557,4,INH2O,!WP1001!WP1002!WP1003!WP1006!WP1007!WP1014!hist14!CP1004,1
2026-07-15 17:25:07.4,1PDF,SLPSL0001,PULV LOW SEAL AIR HDR DIFF PRESS,,LOABS,PULV LOW SEAL AIR HDR DIFF PRESS,ALM,1,3.94775,4,INH2O,!WP1001!WP1002!WP1003!WP1006!WP1007!WP1014!hist14!CP1004,1
2026-07-15 17:25:36.4,1PDF,SLPSL0001,PULV LOW SEAL AIR HDR DIFF PRESS,,LOABS,PULV LOW SEAL AIR HDR DIFF PRESS,RTN,1,4.00781,4,INH2O,!WP1001!WP1002!WP1003!WP1006!WP1007!WP1014!hist14!CP1004,1
2026-07-15 17:25:39.4,1PDF,SLPSL0001,PULV LOW SEAL AIR HDR DIFF PRESS,,LOABS,PULV LOW SEAL AIR HDR DIFF PRESS,ALM,1,3.98643,4,INH2O,!WP1001!WP1002!WP1003!WP1006!WP1007!WP1014!hist14!CP1004,1
2026-07-15 17:25:42.4,1PDF,SLPSL0001,PULV LOW SEAL AIR HDR DIFF PRESS,,LOABS,PULV LOW SEAL AIR HDR DIFF PRESS,RTN,1,4.05967,4,INH2O,!WP1001!WP1002!WP1003!WP1006!WP1007!WP1014!hist14!CP1004,1
2026-07-15 17:26:39.3,1FG_A,ZSH5601A,BF A BLADE PITCH,,HIABS,BLADE PITCH ALARM,ALM,3,70.0059,70,%,!WP1001!WP1002!WP1003!WP1006!WP1007!WP1014!hist14!CP1015,1
2026-07-15 17:26:47.3,1FG_B,ZSH5701A,BF B BLADE PITCH,,HIABS,BLADE PITCH ALARM,ALM,3,70.0762,70,%,!WP1001!WP1002!WP1003!WP1006!WP1007!WP1014!hist14!CP1015,1
2026-07-15 17:27:41.3,1SEAL_AIR,PDI5735_ALM,BF B OUT DMPR SEAL CAV D/P LOW,,STATE,DP ALARM ACTIVE,ALM,3,,,,!WP1001!WP1002!WP1003!WP1006!WP1007!WP1014!hist14!CP1015,1
2026-07-15 17:27:47.4,1PDF,SLPSL0001,PULV LOW SEAL AIR HDR DIFF PRESS,,LOABS,PULV LOW SEAL AIR HDR DIFF PRESS,ALM,1,3.90996,4,INH2O,!WP1001!WP1002!WP1003!WP1006!WP1007!WP1014!hist14!CP1004,1
2026-07-15 17:28:08.3,1FG_B,ZSH5701A,BF B BLADE PITCH,,HIABS,BLADE PITCH ALARM,RTN,3,69.8809,70,%,!WP1001!WP1002!WP1003!WP1006!WP1007!WP1014!hist14!CP1015,1
2026-07-15 17:28:09.3,1FG_A,ZSH5601A,BF A BLADE PITCH,,HIABS,BLADE PITCH ALARM,RTN,3,69.75,70,%,!WP1001!WP1002!WP1003!WP1006!WP1007!WP1014!hist14!CP1015,1
2026-07-15 17:28:33.8,1SEAL_AIR,PDI5735_ALM,BF B OUT DMPR SEAL CAV D/P LOW,,STATE,DP ALARM CLEAR,RTN,3,,,,!WP1001!WP1002!WP1003!WP1006!WP1007!WP1014!hist14!CP1015,1
2026-07-15 17:29:17.4,1PDF,SLPSL0001,PULV LOW SEAL AIR HDR DIFF PRESS,,LOABS,PULV LOW SEAL AIR HDR DIFF PRESS,RTN,1,4.04297,4,INH2O,!WP1001!WP1002!WP1003!WP1006!WP1007!WP1014!hist14!CP1004,1
2026-07-15 17:29:18.4,1PDF,SLPSL0001,PULV LOW SEAL AIR HDR DIFF PRESS,,LOABS,PULV LOW SEAL AIR HDR DIFF PRESS,ALM,1,3.88066,4,INH2O,!WP1001!WP1002!WP1003!WP1006!WP1007!WP1014!hist14!CP1004,1
2026-07-15 17:29:42.4,1PDF,SLPSL0001,PULV LOW SEAL AIR HDR DIFF PRESS,,LOABS,PULV LOW SEAL AIR HDR DIFF PRESS,RTN,1,4.01631,4,INH2O,!WP1001!WP1002!WP1003!WP1006!WP1007!WP1014!hist14!CP1004,1
2026-07-15 17:29:43.4,1PDF,SLPSL0001,PULV LOW SEAL AIR HDR DIFF PRESS,,LOABS,PULV LOW SEAL AIR HDR DIFF PRESS,ALM,1,3.94834,4,INH2O,!WP1001!WP1002!WP1003!WP1006!WP1007!WP1014!hist14!CP1004,1
2026-07-15 17:29:44.4,1PDF,SLPSL0001,PULV LOW SEAL AIR HDR DIFF PRESS,,LOABS,PULV LOW SEAL AIR HDR DIFF PRESS,RTN,1,4.08281,4,INH2O,!WP1001!WP1002!WP1003!WP1006!WP1007!WP1014!hist14!CP1004,1
2026-07-15 17:30:25.8,1FG_B,ZSH5701A,BF B BLADE PITCH,,HIABS,BLADE PITCH ALARM,ALM,3,70.0332,70,%,!WP1001!WP1002!WP1003!WP1006!WP1007!WP1014!hist14!CP1015,1
2026-07-15 17:30:26.3,1FG_A,ZSH5601A,BF A BLADE PITCH,,HIABS,BLADE PITCH ALARM,ALM,3,70.0586,70,%,!WP1001!WP1002!WP1003!WP1006!WP1007!WP1014!hist14!CP1015,1
2026-07-15 17:31:17.4,1PDF,SLPSL0001,PULV LOW SEAL AIR HDR DIFF PRESS,,LOABS,PULV LOW SEAL AIR HDR DIFF PRESS,ALM,1,3.96357,4,INH2O,!WP1001!WP1002!WP1003!WP1006!WP1007!WP1014!hist14!CP1004,1
2026-07-15 17:31:19.4,1PDF,SLPSL0001,PULV LOW SEAL AIR HDR DIFF PRESS,,LOABS,PULV LOW SEAL AIR HDR DIFF PRESS,RTN,1,4.01104,4,INH2O,!WP1001!WP1002!WP1003!WP1006!WP1007!WP1014!hist14!CP1004,1
2026-07-15 17:31:21.4,1PDF,SLPSL0001,PULV LOW SEAL AIR HDR DIFF PRESS,,LOABS,PULV LOW SEAL AIR HDR DIFF PRESS,ALM,1,3.99287,4,INH2O,!WP1001!WP1002!WP1003!WP1006!WP1007!WP1014!hist14!CP1004,1
2026-07-15 17:31:22.4,1PDF,SLPSL0001,PULV LOW SEAL AIR HDR DIFF PRESS,,LOABS,PULV LOW SEAL AIR HDR DIFF PRESS,RTN,1,4.04883,4,INH2O,!WP1001!WP1002!WP1003!WP1006!WP1007!WP1014!hist14!CP1004,1
2026-07-15 17:31:48.3,1SEAL_AIR,PDI5735_ALM,BF B OUT DMPR SEAL CAV D/P LOW,,STATE,DP ALARM ACTIVE,ALM,3,,,,!WP1001!WP1002!WP1003!WP1006!WP1007!WP1014!hist14!CP1015,1
2026-07-15 17:31:51.4,1PDF,SLPSL0001,PULV LOW SEAL AIR HDR DIFF PRESS,,LOABS,PULV LOW SEAL AIR HDR DIFF PRESS,ALM,1,3.89092,4,INH2O,!WP1001!WP1002!WP1003!WP1006!WP1007!WP1014!hist14!CP1004,1
2026-07-15 17:31:56.4,1PDF,SLPSL0001,PULV LOW SEAL AIR HDR DIFF PRESS,,LOABS,PULV LOW SEAL AIR HDR DIFF PRESS,RTN,1,4.02861,4,INH2O,!WP1001!WP1002!WP1003!WP1006!WP1007!WP1014!hist14!CP1004,1
2026-07-15 17:31:59.4,1PDF,SLPSL0001,PULV LOW SEAL AIR HDR DIFF PRESS,,LOABS,PULV LOW SEAL AIR HDR DIFF PRESS,ALM,1,3.99141,4,INH2O,!WP1001!WP1002!WP1003!WP1006!WP1007!WP1014!hist14!CP1004,1
2026-07-15 17:32:09.4,1PDF,SLPSL0001,PULV LOW SEAL AIR HDR DIFF PRESS,,LOABS,PULV LOW SEAL AIR HDR DIFF PRESS,RTN,1,4.02656,4,INH2O,!WP1001!WP1002!WP1003!WP1006!WP1007!WP1014!hist14!CP1004,1
2026-07-15 17:32:10.4,1PDF,SLPSL0001,PULV LOW SEAL AIR HDR DIFF PRESS,,LOABS,PULV LOW SEAL AIR HDR DIFF PRESS,ALM,1,3.91055,4,INH2O,!WP1001!WP1002!WP1003!WP1006!WP1007!WP1014!hist14!CP1004,1
2026-07-15 17:32:11.8,1FG_B,ZSH5701A,BF B BLADE PITCH,,HIABS,BLADE PITCH ALARM,RTN,3,69.8809,70,%,!WP1001!WP1002!WP1003!WP1006!WP1007!WP1014!hist14!CP1015,1
2026-07-15 17:32:20.4,1PDF,SLPSL0001,PULV LOW SEAL AIR HDR DIFF PRESS,,LOABS,PULV LOW SEAL AIR HDR DIFF PRESS,RTN,1,4.01133,4,INH2O,!WP1001!WP1002!WP1003!WP1006!WP1007!WP1014!hist14!CP1004,1
2026-07-15 17:32:23.4,1PDF,SLPSL0001,PULV LOW SEAL AIR HDR DIFF PRESS,,LOABS,PULV LOW SEAL AIR HDR DIFF PRESS,ALM,1,3.98584,4,INH2O,!WP1001!WP1002!WP1003!WP1006!WP1007!WP1014!hist14!CP1004,1
2026-07-15 17:32:24.4,1PDF,SLPSL0001,PULV LOW SEAL AIR HDR DIFF PRESS,,LOABS,PULV LOW SEAL AIR HDR DIFF PRESS,RTN,1,4.04033,4,INH2O,!WP1001!WP1002!WP1003!WP1006!WP1007!WP1014!hist14!CP1004,1
2026-07-15 17:32:25.3,1FG_A,ZSH5601A,BF A BLADE PITCH,,HIABS,BLADE PITCH ALARM,RTN,3,69.709,70,%,!WP1001!WP1002!WP1003!WP1006!WP1007!WP1014!hist14!CP1015,1
2026-07-15 17:32:44.4,1PDF,SLPSL0001,PULV LOW SEAL AIR HDR DIFF PRESS,,LOABS,PULV LOW SEAL AIR HDR DIFF PRESS,ALM,1,3.98555,4,INH2O,!WP1001!WP1002!WP1003!WP1006!WP1007!WP1014!hist14!CP1004,1
2026-07-15 17:32:56.4,1PDF,SLPSL0001,PULV LOW SEAL AIR HDR DIFF PRESS,,LOABS,PULV LOW SEAL AIR HDR DIFF PRESS,RTN,1,4.00049,4,INH2O,!WP1001!WP1002!WP1003!WP1006!WP1007!WP1014!hist14!CP1004,1
2026-07-15 17:32:57.4,1PDF,SLPSL0001,PULV LOW SEAL AIR HDR DIFF PRESS,,LOABS,PULV LOW SEAL AIR HDR DIFF PRESS,ALM,1,3.94395,4,INH2O,!WP1001!WP1002!WP1003!WP1006!WP1007!WP1014!hist14!CP1004,1
2026-07-15 17:33:22.4,1PDF,SLPSL0001,PULV LOW SEAL AIR HDR DIFF PRESS,,LOABS,PULV LOW SEAL AIR HDR DIFF PRESS,RTN,1,4.00693,4,INH2O,!WP1001!WP1002!WP1003!WP1006!WP1007!WP1014!hist14!CP1004,1
2026-07-15 17:33:23.4,1PDF,SLPSL0001,PULV LOW SEAL AIR HDR DIFF PRESS,,LOABS,PULV LOW SEAL AIR HDR DIFF PRESS,ALM,1,3.98965,4,INH2O,!WP1001!WP1002!WP1003!WP1006!WP1007!WP1014!hist14!CP1004,1
2026-07-15 17:33:24.4,1PDF,SLPSL0001,PULV LOW SEAL AIR HDR DIFF PRESS,,LOABS,PULV LOW SEAL AIR HDR DIFF PRESS,RTN,1,4.00957,4,INH2O,!WP1001!WP1002!WP1003!WP1006!WP1007!WP1014!hist14!CP1004,1
2026-07-15 17:33:29.3,1SEAL_AIR,PDI5735_ALM,BF B OUT DMPR SEAL CAV D/P LOW,,STATE,DP ALARM CLEAR,RTN,3,,,,!WP1001!WP1002!WP1003!WP1006!WP1007!WP1014!hist14!CP1015,1
2026-07-15 17:33:32.4,1PDF,SLPSL0001,PULV LOW SEAL AIR HDR DIFF PRESS,,LOABS,PULV LOW SEAL AIR HDR DIFF PRESS,ALM,1,3.95654,4,INH2O,!WP1001!WP1002!WP1003!WP1006!WP1007!WP1014!hist14!CP1004,1
2026-07-15 17:33:37.4,1PDF,SLPSL0001,PULV LOW SEAL AIR HDR DIFF PRESS,,LOABS,PULV LOW SEAL AIR HDR DIFF PRESS,RTN,1,4.04121,4,INH2O,!WP1001!WP1002!WP1003!WP1006!WP1007!WP1014!hist14!CP1004,1
2026-07-15 17:33:40.4,1PDF,SLPSL0001,PULV LOW SEAL AIR HDR DIFF PRESS,,LOABS,PULV LOW SEAL AIR HDR DIFF PRESS,ALM,1,3.92607,4,INH2O,!WP1001!WP1002!WP1003!WP1006!WP1007!WP1014!hist14!CP1004,1
2026-07-15 17:33:44.4,1PDF,SLPSL0001,PULV LOW SEAL AIR HDR DIFF PRESS,,LOABS,PULV LOW SEAL AIR HDR DIFF PRESS,RTN,1,4.00283,4,INH2O,!WP1001!WP1002!WP1003!WP1006!WP1007!WP1014!hist14!CP1004,1
2026-07-15 17:33:49.4,1PDF,SLPSL0001,PULV LOW SEAL AIR HDR DIFF PRESS,,LOABS,PULV LOW SEAL AIR HDR DIFF PRESS,ALM,1,3.98203,4,INH2O,!WP1001!WP1002!WP1003!WP1006!WP1007!WP1014!hist14!CP1004,1
2026-07-15 17:33:50.4,1PDF,SLPSL0001,PULV LOW SEAL AIR HDR DIFF PRESS,,LOABS,PULV LOW SEAL AIR HDR DIFF PRESS,RTN,1,4.00928,4,INH2O,!WP1001!WP1002!WP1003!WP1006!WP1007!WP1014!hist14!CP1004,1
2026-07-15 17:33:59.4,1PDF,SLPSL0001,PULV LOW SEAL AIR HDR DIFF PRESS,,LOABS,PULV LOW SEAL AIR HDR DIFF PRESS,ALM,1,3.99492,4,INH2O,!WP1001!WP1002!WP1003!WP1006!WP1007!WP1014!hist14!CP1004,1
2026-07-15 17:34:00.4,1PDF,SLPSL0001,PULV LOW SEAL AIR HDR DIFF PRESS,,LOABS,PULV LOW SEAL AIR HDR DIFF PRESS,RTN,1,4.09482,4,INH2O,!WP1001!WP1002!WP1003!WP1006!WP1007!WP1014!hist14!CP1004,1
2026-07-15 17:34:03.4,1PDF,SLPSL0001,PULV LOW SEAL AIR HDR DIFF PRESS,,LOABS,PULV LOW SEAL AIR HDR DIFF PRESS,ALM,1,3.9835,4,INH2O,!WP1001!WP1002!WP1003!WP1006!WP1007!WP1014!hist14!CP1004,1
2026-07-15 17:34:53.4,1PDF,SLPSL0001,PULV LOW SEAL AIR HDR DIFF PRESS,,LOABS,PULV LOW SEAL AIR HDR DIFF PRESS,RTN,1,4.00898,4,INH2O,!WP1001!WP1002!WP1003!WP1006!WP1007!WP1014!hist14!CP1004,1
2026-07-15 17:34:54.4,1PDF,SLPSL0001,PULV LOW SEAL AIR HDR DIFF PRESS,,LOABS,PULV LOW SEAL AIR HDR DIFF PRESS,ALM,1,3.99814,4,INH2O,!WP1001!WP1002!WP1003!WP1006!WP1007!WP1014!hist14!CP1004,1
2026-07-15 17:34:55.4,1PDF,SLPSL0001,PULV LOW SEAL AIR HDR DIFF PRESS,,LOABS,PULV LOW SEAL AIR HDR DIFF PRESS,RTN,1,4.03477,4,INH2O,!WP1001!WP1002!WP1003!WP1006!WP1007!WP1014!hist14!CP1004,1
2026-07-15 17:36:03.4,1PDF,SLPSL0001,PULV LOW SEAL AIR HDR DIFF PRESS,,LOABS,PULV LOW SEAL AIR HDR DIFF PRESS,ALM,1,3.90908,4,INH2O,!WP1001!WP1002!WP1003!WP1006!WP1007!WP1014!hist14!CP1004,1
2026-07-15 17:36:08.4,1PDF,SLPSL0001,PULV LOW SEAL AIR HDR DIFF PRESS,,LOABS,PULV LOW SEAL AIR HDR DIFF PRESS,RTN,1,4.03242,4,INH2O,!WP1001!WP1002!WP1003!WP1006!WP1007!WP1014!hist14!CP1004,1
2026-07-15 17:36:11.4,1PDF,SLPSL0001,PULV LOW SEAL AIR HDR DIFF PRESS,,LOABS,PULV LOW SEAL AIR HDR DIFF PRESS,ALM,1,3.91553,4,INH2O,!WP1001!WP1002!WP1003!WP1006!WP1007!WP1014!hist14!CP1004,1
2026-07-15 17:36:19.4,1PDF,SLPSL0001,PULV LOW SEAL AIR HDR DIFF PRESS,,LOABS,PULV LOW SEAL AIR HDR DIFF PRESS,RTN,1,4.04004,4,INH2O,!WP1001!WP1002!WP1003!WP1006!WP1007!WP1014!hist14!CP1004,1
2026-07-15 17:37:02.5,PAC_PLC,ACI_FDR_A_TR,ACI FDR A AC-WIC-5007 TRBLE ALM,,CHANGE,PAC FEEDER A TROUBLE,ALM,1,,,,!WP1001!WP1002!WP1003!WP1006!WP1007!WP1014!hist14!CP1003,1
2026-07-15 17:37:17.4,1PDF,SLPSL0001,PULV LOW SEAL AIR HDR DIFF PRESS,,LOABS,PULV LOW SEAL AIR HDR DIFF PRESS,ALM,1,3.99727,4,INH2O,!WP1001!WP1002!WP1003!WP1006!WP1007!WP1014!hist14!CP1004,1
2026-07-15 17:37:18.4,1PDF,SLPSL0001,PULV LOW SEAL AIR HDR DIFF PRESS,,LOABS,PULV LOW SEAL AIR HDR DIFF PRESS,RTN,1,4.07637,4,INH2O,!WP1001!WP1002!WP1003!WP1006!WP1007!WP1014!hist14!CP1004,1
2026-07-15 17:37:24.1,PAC_PLC,ACI_FDR_A_TR,ACI FDR A AC-WIC-5007 TRBLE ALM,,CHANGE,PAC FEEDER A TROUBLE,ALM,1,,,,!WP1001!WP1002!WP1003!WP1006!WP1007!WP1014!hist14!CP1003,1
2026-07-15 17:38:03.4,1PDF,SLPSL0001,PULV LOW SEAL AIR HDR DIFF PRESS,,LOABS,PULV LOW SEAL AIR HDR DIFF PRESS,ALM,1,3.98174,4,INH2O,!WP1001!WP1002!WP1003!WP1006!WP1007!WP1014!hist14!CP1004,1
2026-07-15 17:38:06.4,1PDF,SLPSL0001,PULV LOW SEAL AIR HDR DIFF PRESS,,LOABS,PULV LOW SEAL AIR HDR DIFF PRESS,RTN,1,4.00137,4,INH2O,!WP1001!WP1002!WP1003!WP1006!WP1007!WP1014!hist14!CP1004,1
2026-07-15 17:38:07.4,1PDF,SLPSL0001,PULV LOW SEAL AIR HDR DIFF PRESS,,LOABS,PULV LOW SEAL AIR HDR DIFF PRESS,ALM,1,3.88916,4,INH2O,!WP1001!WP1002!WP1003!WP1006!WP1007!WP1014!hist14!CP1004,1
2026-07-15 17:38:10.4,1PDF,SLPSL0001,PULV LOW SEAL AIR HDR DIFF PRESS,,LOABS,PULV LOW SEAL AIR HDR DIFF PRESS,RTN,1,4.04473,4,INH2O,!WP1001!WP1002!WP1003!WP1006!WP1007!WP1014!hist14!CP1004,1
2026-07-15 17:38:11.4,1PDF,SLPSL0001,PULV LOW SEAL AIR HDR DIFF PRESS,,LOABS,PULV LOW SEAL AIR HDR DIFF PRESS,ALM,1,3.9293,4,INH2O,!WP1001!WP1002!WP1003!WP1006!WP1007!WP1014!hist14!CP1004,1
2026-07-15 17:38:13.4,1PDF,SLPSL0001,PULV LOW SEAL AIR HDR DIFF PRESS,,LOABS,PULV LOW SEAL AIR HDR DIFF PRESS,RTN,1,4.02275,4,INH2O,!WP1001!WP1002!WP1003!WP1006!WP1007!WP1014!hist14!CP1004,1
2026-07-15 17:38:14.4,1PDF,SLPSL0001,PULV LOW SEAL AIR HDR DIFF PRESS,,LOABS,PULV LOW SEAL AIR HDR DIFF PRESS,ALM,1,3.99756,4,INH2O,!WP1001!WP1002!WP1003!WP1006!WP1007!WP1014!hist14!CP1004,1
2026-07-15 17:38:18.4,1PDF,SLPSL0001,PULV LOW SEAL AIR HDR DIFF PRESS,,LOABS,PULV LOW SEAL AIR HDR DIFF PRESS,RTN,1,4.0374,4,INH2O,!WP1001!WP1002!WP1003!WP1006!WP1007!WP1014!hist14!CP1004,1
2026-07-15 17:39:27.8,1FG_A,ZSH5601A,BF A BLADE PITCH,,HIABS,BLADE PITCH ALARM,ALM,3,70.0078,70,%,!WP1001!WP1002!WP1003!WP1006!WP1007!WP1014!hist14!CP1015,1
2026-07-15 17:39:30.3,1FG_B,ZSH5701A,BF B BLADE PITCH,,HIABS,BLADE PITCH ALARM,ALM,3,70.2695,70,%,!WP1001!WP1002!WP1003!WP1006!WP1007!WP1014!hist14!CP1015,1
2026-07-15 17:40:29.8,1SEAL_AIR,PDI5735_ALM,BF B OUT DMPR SEAL CAV D/P LOW,,STATE,DP ALARM ACTIVE,ALM,3,,,,!WP1001!WP1002!WP1003!WP1006!WP1007!WP1014!hist14!CP1015,1
2026-07-15 17:40:47.4,1PDF,SLPSL0001,PULV LOW SEAL AIR HDR DIFF PRESS,,LOABS,PULV LOW SEAL AIR HDR DIFF PRESS,ALM,1,3.93193,4,INH2O,!WP1001!WP1002!WP1003!WP1006!WP1007!WP1014!hist14!CP1004,1
2026-07-15 17:41:52.8,1FG_B,ZSH5701A,BF B BLADE PITCH,,HIABS,BLADE PITCH ALARM,RTN,3,69.8848,70,%,!WP1001!WP1002!WP1003!WP1006!WP1007!WP1014!hist14!CP1015,1
2026-07-15 17:41:53.3,1FG_A,ZSH5601A,BF A BLADE PITCH,,HIABS,BLADE PITCH ALARM,RTN,3,69.8457,70,%,!WP1001!WP1002!WP1003!WP1006!WP1007!WP1014!hist14!CP1015,1
2026-07-15 17:42:18.8,1SEAL_AIR,PDI5735_ALM,BF B OUT DMPR SEAL CAV D/P LOW,,STATE,DP ALARM CLEAR,RTN,3,,,,!WP1001!WP1002!WP1003!WP1006!WP1007!WP1014!hist14!CP1015,1
2026-07-15 17:42:25.4,1PDF,SLPSL0001,PULV LOW SEAL AIR HDR DIFF PRESS,,LOABS,PULV LOW SEAL AIR HDR DIFF PRESS,RTN,1,4.01279,4,INH2O,!WP1001!WP1002!WP1003!WP1006!WP1007!WP1014!hist14!CP1004,1
2026-07-15 17:42:28.4,1PDF,SLPSL0001,PULV LOW SEAL AIR HDR DIFF PRESS,,LOABS,PULV LOW SEAL AIR HDR DIFF PRESS,ALM,1,3.95596,4,INH2O,!WP1001!WP1002!WP1003!WP1006!WP1007!WP1014!hist14!CP1004,1
2026-07-15 17:42:29.4,1PDF,SLPSL0001,PULV LOW SEAL AIR HDR DIFF PRESS,,LOABS,PULV LOW SEAL AIR HDR DIFF PRESS,RTN,1,4.05615,4,INH2O,!WP1001!WP1002!WP1003!WP1006!WP1007!WP1014!hist14!CP1004,1
2026-07-15 17:43:12.8,1FG_A,ZSH5601A,BF A BLADE PITCH,,HIABS,BLADE PITCH ALARM,ALM,3,70.0684,70,%,!WP1001!WP1002!WP1003!WP1006!WP1007!WP1014!hist14!CP1015,1
2026-07-15 17:43:12.8,1FG_B,ZSH5701A,BF B BLADE PITCH,,HIABS,BLADE PITCH ALARM,ALM,3,70.0801,70,%,!WP1001!WP1002!WP1003!WP1006!WP1007!WP1014!hist14!CP1015,1
2026-07-15 17:44:18.8,1SEAL_AIR,PDI5735_ALM,BF B OUT DMPR SEAL CAV D/P LOW,,STATE,DP ALARM ACTIVE,ALM,3,,,,!WP1001!WP1002!WP1003!WP1006!WP1007!WP1014!hist14!CP1015,1
2026-07-15 17:44:26.3,1SEAL_AIR,PDI5735_ALM,BF B OUT DMPR SEAL CAV D/P LOW,,STATE,DP ALARM CLEAR,RTN,3,,,,!WP1001!WP1002!WP1003!WP1006!WP1007!WP1014!hist14!CP1015,1
2026-07-15 17:44:52.4,1PDF,SLPSL0001,PULV LOW SEAL AIR HDR DIFF PRESS,,LOABS,PULV LOW SEAL AIR HDR DIFF PRESS,ALM,1,3.95889,4,INH2O,!WP1001!WP1002!WP1003!WP1006!WP1007!WP1014!hist14!CP1004,1
2026-07-15 17:45:07.4,1PDF,SLPSL0001,PULV LOW SEAL AIR HDR DIFF PRESS,,LOABS,PULV LOW SEAL AIR HDR DIFF PRESS,RTN,1,4.02012,4,INH2O,!WP1001!WP1002!WP1003!WP1006!WP1007!WP1014!hist14!CP1004,1
2026-07-15 17:45:09.4,1PDF,SLPSL0001,PULV LOW SEAL AIR HDR DIFF PRESS,,LOABS,PULV LOW SEAL AIR HDR DIFF PRESS,ALM,1,3.93662,4,INH2O,!WP1001!WP1002!WP1003!WP1006!WP1007!WP1014!hist14!CP1004,1
2026-07-15 17:45:17.4,1PDF,SLPSL0001,PULV LOW SEAL AIR HDR DIFF PRESS,,LOABS,PULV LOW SEAL AIR HDR DIFF PRESS,RTN,1,4.02422,4,INH2O,!WP1001!WP1002!WP1003!WP1006!WP1007!WP1014!hist14!CP1004,1
2026-07-15 17:45:18.4,1PDF,SLPSL0001,PULV LOW SEAL AIR HDR DIFF PRESS,,LOABS,PULV LOW SEAL AIR HDR DIFF PRESS,ALM,1,3.94629,4,INH2O,!WP1001!WP1002!WP1003!WP1006!WP1007!WP1014!hist14!CP1004,1
2026-07-15 17:45:40.3,1FG_B,ZSH5701A,BF B BLADE PITCH,,HIABS,BLADE PITCH ALARM,RTN,3,69.7949,70,%,!WP1001!WP1002!WP1003!WP1006!WP1007!WP1014!hist14!CP1015,1
2026-07-15 17:45:50.8,1FG_A,ZSH5601A,BF A BLADE PITCH,,HIABS,BLADE PITCH ALARM,RTN,3,69.8496,70,%,!WP1001!WP1002!WP1003!WP1006!WP1007!WP1014!hist14!CP1015,1
2026-07-15 17:45:54.4,1PDF,SLPSL0001,PULV LOW SEAL AIR HDR DIFF PRESS,,LOABS,PULV LOW SEAL AIR HDR DIFF PRESS,RTN,1,4.0043,4,INH2O,!WP1001!WP1002!WP1003!WP1006!WP1007!WP1014!hist14!CP1004,1
2026-07-15 17:45:56.4,1PDF,SLPSL0001,PULV LOW SEAL AIR HDR DIFF PRESS,,LOABS,PULV LOW SEAL AIR HDR DIFF PRESS,ALM,1,3.95947,4,INH2O,!WP1001!WP1002!WP1003!WP1006!WP1007!WP1014!hist14!CP1004,1
2026-07-15 17:45:57.4,1PDF,SLPSL0001,PULV LOW SEAL AIR HDR DIFF PRESS,,LOABS,PULV LOW SEAL AIR HDR DIFF PRESS,RTN,1,4.01895,4,INH2O,!WP1001!WP1002!WP1003!WP1006!WP1007!WP1014!hist14!CP1004,1
2026-07-15 17:45:58.4,1PDF,SLPSL0001,PULV LOW SEAL AIR HDR DIFF PRESS,,LOABS,PULV LOW SEAL AIR HDR DIFF PRESS,ALM,1,3.9668,4,INH2O,!WP1001!WP1002!WP1003!WP1006!WP1007!WP1014!hist14!CP1004,1
2026-07-15 17:45:59.4,1PDF,SLPSL0001,PULV LOW SEAL AIR HDR DIFF PRESS,,LOABS,PULV LOW SEAL AIR HDR DIFF PRESS,RTN,1,4.02832,4,INH2O,!WP1001!WP1002!WP1003!WP1006!WP1007!WP1014!hist14!CP1004,1
2026-07-15 17:46:00.4,1PDF,SLPSL0001,PULV LOW SEAL AIR HDR DIFF PRESS,,LOABS,PULV LOW SEAL AIR HDR DIFF PRESS,ALM,1,3.93398,4,INH2O,!WP1001!WP1002!WP1003!WP1006!WP1007!WP1014!hist14!CP1004,1
2026-07-15 17:46:01.4,1PDF,SLPSL0001,PULV LOW SEAL AIR HDR DIFF PRESS,,LOABS,PULV LOW SEAL AIR HDR DIFF PRESS,RTN,1,4.0125,4,INH2O,!WP1001!WP1002!WP1003!WP1006!WP1007!WP1014!hist14!CP1004,1
2026-07-15 17:46:02.4,1PDF,SLPSL0001,PULV LOW SEAL AIR HDR DIFF PRESS,,LOABS,PULV LOW SEAL AIR HDR DIFF PRESS,ALM,1,3.90674,4,INH2O,!WP1001!WP1002!WP1003!WP1006!WP1007!WP1014!hist14!CP1004,1
2026-07-15 17:46:05.4,1PDF,SLPSL0001,PULV LOW SEAL AIR HDR DIFF PRESS,,LOABS,PULV LOW SEAL AIR HDR DIFF PRESS,RTN,1,4.06611,4,INH2O,!WP1001!WP1002!WP1003!WP1006!WP1007!WP1014!hist14!CP1004,1
2026-07-15 17:46:09.4,1PDF,SLPSL0001,PULV LOW SEAL AIR HDR DIFF PRESS,,LOABS,PULV LOW SEAL AIR HDR DIFF PRESS,ALM,1,3.94688,4,INH2O,!WP1001!WP1002!WP1003!WP1006!WP1007!WP1014!hist14!CP1004,1
2026-07-15 17:46:14.4,1PDF,SLPSL0001,PULV LOW SEAL AIR HDR DIFF PRESS,,LOABS,PULV LOW SEAL AIR HDR DIFF PRESS,RTN,1,4.00254,4,INH2O,!WP1001!WP1002!WP1003!WP1006!WP1007!WP1014!hist14!CP1004,1
2026-07-15 17:46:15.4,1PDF,SLPSL0001,PULV LOW SEAL AIR HDR DIFF PRESS,,LOABS,PULV LOW SEAL AIR HDR DIFF PRESS,ALM,1,3.90029,4,INH2O,!WP1001!WP1002!WP1003!WP1006!WP1007!WP1014!hist14!CP1004,1
2026-07-15 17:46:37.4,1PDF,SLPSL0001,PULV LOW SEAL AIR HDR DIFF PRESS,,LOABS,PULV LOW SEAL AIR HDR DIFF PRESS,RTN,1,4.00488,4,INH2O,!WP1001!WP1002!WP1003!WP1006!WP1007!WP1014!hist14!CP1004,1
2026-07-15 17:46:38.4,1PDF,SLPSL0001,PULV LOW SEAL AIR HDR DIFF PRESS,,LOABS,PULV LOW SEAL AIR HDR DIFF PRESS,ALM,1,3.95947,4,INH2O,!WP1001!WP1002!WP1003!WP1006!WP1007!WP1014!hist14!CP1004,1
2026-07-15 17:46:39.4,1PDF,SLPSL0001,PULV LOW SEAL AIR HDR DIFF PRESS,,LOABS,PULV LOW SEAL AIR HDR DIFF PRESS,RTN,1,4.04473,4,INH2O,!WP1001!WP1002!WP1003!WP1006!WP1007!WP1014!hist14!CP1004,1
2026-07-15 17:46:40.4,1PDF,SLPSL0001,PULV LOW SEAL AIR HDR DIFF PRESS,,LOABS,PULV LOW SEAL AIR HDR DIFF PRESS,ALM,1,3.98613,4,INH2O,!WP1001!WP1002!WP1003!WP1006!WP1007!WP1014!hist14!CP1004,1
2026-07-15 17:46:41.4,1PDF,SLPSL0001,PULV LOW SEAL AIR HDR DIFF PRESS,,LOABS,PULV LOW SEAL AIR HDR DIFF PRESS,RTN,1,4.00488,4,INH2O,!WP1001!WP1002!WP1003!WP1006!WP1007!WP1014!hist14!CP1004,1
2026-07-15 17:46:42.4,1PDF,SLPSL0001,PULV LOW SEAL AIR HDR DIFF PRESS,,LOABS,PULV LOW SEAL AIR HDR DIFF PRESS,ALM,1,3.90264,4,INH2O,!WP1001!WP1002!WP1003!WP1006!WP1007!WP1014!hist14!CP1004,1
2026-07-15 17:46:43.4,1PDF,SLPSL0001,PULV LOW SEAL AIR HDR DIFF PRESS,,LOABS,PULV LOW SEAL AIR HDR DIFF PRESS,RTN,1,4.02041,4,INH2O,!WP1001!WP1002!WP1003!WP1006!WP1007!WP1014!hist14!CP1004,1
2026-07-15 17:46:46.4,1PDF,SLPSL0001,PULV LOW SEAL AIR HDR DIFF PRESS,,LOABS,PULV LOW SEAL AIR HDR DIFF PRESS,ALM,1,3.99902,4,INH2O,!WP1001!WP1002!WP1003!WP1006!WP1007!WP1014!hist14!CP1004,1
2026-07-15 17:46:47.4,1PDF,SLPSL0001,PULV LOW SEAL AIR HDR DIFF PRESS,,LOABS,PULV LOW SEAL AIR HDR DIFF PRESS,RTN,1,4.021,4,INH2O,!WP1001!WP1002!WP1003!WP1006!WP1007!WP1014!hist14!CP1004,1
2026-07-15 17:47:01.4,1PDF,SLPSL0001,PULV LOW SEAL AIR HDR DIFF PRESS,,LOABS,PULV LOW SEAL AIR HDR DIFF PRESS,ALM,1,3.88125,4,INH2O,!WP1001!WP1002!WP1003!WP1006!WP1007!WP1014!hist14!CP1004,1
2026-07-15 17:47:04.4,1PDF,SLPSL0001,PULV LOW SEAL AIR HDR DIFF PRESS,,LOABS,PULV LOW SEAL AIR HDR DIFF PRESS,RTN,1,4.10977,4,INH2O,!WP1001!WP1002!WP1003!WP1006!WP1007!WP1014!hist14!CP1004,1
2026-07-15 17:47:07.4,1PDF,SLPSL0001,PULV LOW SEAL AIR HDR DIFF PRESS,,LOABS,PULV LOW SEAL AIR HDR DIFF PRESS,ALM,1,3.8874,4,INH2O,!WP1001!WP1002!WP1003!WP1006!WP1007!WP1014!hist14!CP1004,1
2026-07-15 17:47:12.4,1PDF,SLPSL0001,PULV LOW SEAL AIR HDR DIFF PRESS,,LOABS,PULV LOW SEAL AIR HDR DIFF PRESS,RTN,1,4.00664,4,INH2O,!WP1001!WP1002!WP1003!WP1006!WP1007!WP1014!hist14!CP1004,1
2026-07-15 17:47:18.3,1SEAL_AIR,PDI5735_ALM,BF B OUT DMPR SEAL CAV D/P LOW,,STATE,DP ALARM ACTIVE,ALM,3,,,,!WP1001!WP1002!WP1003!WP1006!WP1007!WP1014!hist14!CP1015,1
2026-07-15 17:47:32.5,FD_FAN_VIB,A_FAN_VEL_AX,A FD FAN VEL AX,,HIABS,A FD FAN VEL AX HI VIB,RTN,1,2.43391,3,MILS,!WP1001!WP1002!WP1003!WP1006!WP1007!WP1014!hist14!CP1005,1
2026-07-15 17:47:36.5,FD_FAN_VIB,A_FAN_VEL_AX,A FD FAN VEL AX,,HIABS,A FD FAN VEL AX HI VIB,ALM,1,3.24641,3,MILS,!WP1001!WP1002!WP1003!WP1006!WP1007!WP1014!hist14!CP1005,1
2026-07-15 17:48:00.4,1PDF,SLPSL0001,PULV LOW SEAL AIR HDR DIFF PRESS,,LOABS,PULV LOW SEAL AIR HDR DIFF PRESS,ALM,1,3.99229,4,INH2O,!WP1001!WP1002!WP1003!WP1006!WP1007!WP1014!hist14!CP1004,1
2026-07-15 17:48:01.4,1PDF,SLPSL0001,PULV LOW SEAL AIR HDR DIFF PRESS,,LOABS,PULV LOW SEAL AIR HDR DIFF PRESS,RTN,1,4.07871,4,INH2O,!WP1001!WP1002!WP1003!WP1006!WP1007!WP1014!hist14!CP1004,1
2026-07-15 17:48:09.4,1PDF,SLPSL0001,PULV LOW SEAL AIR HDR DIFF PRESS,,LOABS,PULV LOW SEAL AIR HDR DIFF PRESS,ALM,1,3.99609,4,INH2O,!WP1001!WP1002!WP1003!WP1006!WP1007!WP1014!hist14!CP1004,1
2026-07-15 17:48:15.4,1PDF,SLPSL0001,PULV LOW SEAL AIR HDR DIFF PRESS,,LOABS,PULV LOW SEAL AIR HDR DIFF PRESS,RTN,1,4.01719,4,INH2O,!WP1001!WP1002!WP1003!WP1006!WP1007!WP1014!hist14!CP1004,1
2026-07-15 17:48:16.4,1PDF,SLPSL0001,PULV LOW SEAL AIR HDR DIFF PRESS,,LOABS,PULV LOW SEAL AIR HDR DIFF PRESS,ALM,1,3.96621,4,INH2O,!WP1001!WP1002!WP1003!WP1006!WP1007!WP1014!hist14!CP1004,1
2026-07-15 17:48:18.4,1PDF,SLPSL0001,PULV LOW SEAL AIR HDR DIFF PRESS,,LOABS,PULV LOW SEAL AIR HDR DIFF PRESS,RTN,1,4.13701,4,INH2O,!WP1001!WP1002!WP1003!WP1006!WP1007!WP1014!hist14!CP1004,1
2026-07-15 17:49:03.4,1PDF,SLPSL0001,PULV LOW SEAL AIR HDR DIFF PRESS,,LOABS,PULV LOW SEAL AIR HDR DIFF PRESS,ALM,1,3.99873,4,INH2O,!WP1001!WP1002!WP1003!WP1006!WP1007!WP1014!hist14!CP1004,1
2026-07-15 17:49:04.4,1PDF,SLPSL0001,PULV LOW SEAL AIR HDR DIFF PRESS,,LOABS,PULV LOW SEAL AIR HDR DIFF PRESS,RTN,1,4.03359,4,INH2O,!WP1001!WP1002!WP1003!WP1006!WP1007!WP1014!hist14!CP1004,1
2026-07-15 17:49:05.4,1PDF,SLPSL0001,PULV LOW SEAL AIR HDR DIFF PRESS,,LOABS,PULV LOW SEAL AIR HDR DIFF PRESS,ALM,1,3.94482,4,INH2O,!WP1001!WP1002!WP1003!WP1006!WP1007!WP1014!hist14!CP1004,1
2026-07-15 17:49:08.4,1PDF,SLPSL0001,PULV LOW SEAL AIR HDR DIFF PRESS,,LOABS,PULV LOW SEAL AIR HDR DIFF PRESS,RTN,1,4.05147,4,INH2O,!WP1001!WP1002!WP1003!WP1006!WP1007!WP1014!hist14!CP1004,1
2026-07-15 17:49:24.3,1SEAL_AIR,PDI5735_ALM,BF B OUT DMPR SEAL CAV D/P LOW,,STATE,DP ALARM CLEAR,RTN,3,,,,!WP1001!WP1002!WP1003!WP1006!WP1007!WP1014!hist14!CP1015,1
2026-07-15 17:50:26.5,FD_FAN_VIB,A_FAN_VEL_AX,A FD FAN VEL AX,,HIABS,A FD FAN VEL AX HI VIB,RTN,1,2.46438,3,MILS,!WP1001!WP1002!WP1003!WP1006!WP1007!WP1014!hist14!CP1005,1
2026-07-15 17:50:55.3,1SEAL_AIR,PDI5735_ALM,BF B OUT DMPR SEAL CAV D/P LOW,,STATE,DP ALARM ACTIVE,ALM,3,,,,!WP1001!WP1002!WP1003!WP1006!WP1007!WP1014!hist14!CP1015,1
2026-07-15 17:51:31.5,FD_FAN_VIB,A_FAN_VEL_AX,A FD FAN VEL AX,,HIABS,A FD FAN VEL AX HI VIB,ALM,1,3.0175,3,MILS,!WP1001!WP1002!WP1003!WP1006!WP1007!WP1014!hist14!CP1005,1
2026-07-15 17:51:51.8,1SEAL_AIR,PDI5735_ALM,BF B OUT DMPR SEAL CAV D/P LOW,,STATE,DP ALARM CLEAR,RTN,3,,,,!WP1001!WP1002!WP1003!WP1006!WP1007!WP1014!hist14!CP1015,1
2026-07-15 17:53:17.3,1SEAL_AIR,PDI5735_ALM,BF B OUT DMPR SEAL CAV D/P LOW,,STATE,DP ALARM ACTIVE,ALM,3,,,,!WP1001!WP1002!WP1003!WP1006!WP1007!WP1014!hist14!CP1015,1
2026-07-15 17:53:27.3,1SEAL_AIR,PDI5735_ALM,BF B OUT DMPR SEAL CAV D/P LOW,,STATE,DP ALARM CLEAR,RTN,3,,,,!WP1001!WP1002!WP1003!WP1006!WP1007!WP1014!hist14!CP1015,1
2026-07-15 17:53:59.4,1PDF,SLPSL0001,PULV LOW SEAL AIR HDR DIFF PRESS,,LOABS,PULV LOW SEAL AIR HDR DIFF PRESS,ALM,1,3.98965,4,INH2O,!WP1001!WP1002!WP1003!WP1006!WP1007!WP1014!hist14!CP1004,1
2026-07-15 17:54:00.4,1PDF,SLPSL0001,PULV LOW SEAL AIR HDR DIFF PRESS,,LOABS,PULV LOW SEAL AIR HDR DIFF PRESS,RTN,1,4.06172,4,INH2O,!WP1001!WP1002!WP1003!WP1006!WP1007!WP1014!hist14!CP1004,1
2026-07-15 17:54:03.4,1PDF,SLPSL0001,PULV LOW SEAL AIR HDR DIFF PRESS,,LOABS,PULV LOW SEAL AIR HDR DIFF PRESS,ALM,1,3.98262,4,INH2O,!WP1001!WP1002!WP1003!WP1006!WP1007!WP1014!hist14!CP1004,1
2026-07-15 17:54:04.4,1PDF,SLPSL0001,PULV LOW SEAL AIR HDR DIFF PRESS,,LOABS,PULV LOW SEAL AIR HDR DIFF PRESS,RTN,1,4.03887,4,INH2O,!WP1001!WP1002!WP1003!WP1006!WP1007!WP1014!hist14!CP1004,1
2026-07-15 17:54:06.4,1PDF,SLPSL0001,PULV LOW SEAL AIR HDR DIFF PRESS,,LOABS,PULV LOW SEAL AIR HDR DIFF PRESS,ALM,1,3.97646,4,INH2O,!WP1001!WP1002!WP1003!WP1006!WP1007!WP1014!hist14!CP1004,1
2026-07-15 17:54:11.4,1PDF,SLPSL0001,PULV LOW SEAL AIR HDR DIFF PRESS,,LOABS,PULV LOW SEAL AIR HDR DIFF PRESS,RTN,1,4.11914,4,INH2O,!WP1001!WP1002!WP1003!WP1006!WP1007!WP1014!hist14!CP1004,1
2026-07-15 17:54:14.4,1PDF,SLPSL0001,PULV LOW SEAL AIR HDR DIFF PRESS,,LOABS,PULV LOW SEAL AIR HDR DIFF PRESS,ALM,1,3.97793,4,INH2O,!WP1001!WP1002!WP1003!WP1006!WP1007!WP1014!hist14!CP1004,1
2026-07-15 17:54:19.4,1PDF,SLPSL0001,PULV LOW SEAL AIR HDR DIFF PRESS,,LOABS,PULV LOW SEAL AIR HDR DIFF PRESS,RTN,1,4.0957,4,INH2O,!WP1001!WP1002!WP1003!WP1006!WP1007!WP1014!hist14!CP1004,1
2026-07-15 17:54:24.4,1PDF,SLPSL0001,PULV LOW SEAL AIR HDR DIFF PRESS,,LOABS,PULV LOW SEAL AIR HDR DIFF PRESS,ALM,1,3.96768,4,INH2O,!WP1001!WP1002!WP1003!WP1006!WP1007!WP1014!hist14!CP1004,1
2026-07-15 17:54:25.4,1PDF,SLPSL0001,PULV LOW SEAL AIR HDR DIFF PRESS,,LOABS,PULV LOW SEAL AIR HDR DIFF PRESS,RTN,1,4.04092,4,INH2O,!WP1001!WP1002!WP1003!WP1006!WP1007!WP1014!hist14!CP1004,1
2026-07-15 17:54:32.0,FD_FAN_VIB,A_FAN_VEL_AX,A FD FAN VEL AX,,HIABS,A FD FAN VEL AX HI VIB,RTN,1,2.49781,3,MILS,!WP1001!WP1002!WP1003!WP1006!WP1007!WP1014!hist14!CP1005,1
2026-07-15 17:54:35.4,1PDF,SLPSL0001,PULV LOW SEAL AIR HDR DIFF PRESS,,LOABS,PULV LOW SEAL AIR HDR DIFF PRESS,ALM,1,3.97266,4,INH2O,!WP1001!WP1002!WP1003!WP1006!WP1007!WP1014!hist14!CP1004,1
2026-07-15 17:54:36.4,1PDF,SLPSL0001,PULV LOW SEAL AIR HDR DIFF PRESS,,LOABS,PULV LOW SEAL AIR HDR DIFF PRESS,RTN,1,4.03945,4,INH2O,!WP1001!WP1002!WP1003!WP1006!WP1007!WP1014!hist14!CP1004,1
2026-07-15 17:54:39.4,1PDF,SLPSL0001,PULV LOW SEAL AIR HDR DIFF PRESS,,LOABS,PULV LOW SEAL AIR HDR DIFF PRESS,ALM,1,3.97793,4,INH2O,!WP1001!WP1002!WP1003!WP1006!WP1007!WP1014!hist14!CP1004,1
2026-07-15 17:54:40.4,1PDF,SLPSL0001,PULV LOW SEAL AIR HDR DIFF PRESS,,LOABS,PULV LOW SEAL AIR HDR DIFF PRESS,RTN,1,4.04297,4,INH2O,!WP1001!WP1002!WP1003!WP1006!WP1007!WP1014!hist14!CP1004,1
2026-07-15 17:54:41.4,1PDF,SLPSL0001,PULV LOW SEAL AIR HDR DIFF PRESS,,LOABS,PULV LOW SEAL AIR HDR DIFF PRESS,ALM,1,3.9498,4,INH2O,!WP1001!WP1002!WP1003!WP1006!WP1007!WP1014!hist14!CP1004,1
2026-07-15 17:54:42.4,1PDF,SLPSL0001,PULV LOW SEAL AIR HDR DIFF PRESS,,LOABS,PULV LOW SEAL AIR HDR DIFF PRESS,RTN,1,4.0459,4,INH2O,!WP1001!WP1002!WP1003!WP1006!WP1007!WP1014!hist14!CP1004,1
2026-07-15 17:54:43.4,1PDF,SLPSL0001,PULV LOW SEAL AIR HDR DIFF PRESS,,LOABS,PULV LOW SEAL AIR HDR DIFF PRESS,ALM,1,3.96768,4,INH2O,!WP1001!WP1002!WP1003!WP1006!WP1007!WP1014!hist14!CP1004,1
2026-07-15 17:54:44.4,1PDF,SLPSL0001,PULV LOW SEAL AIR HDR DIFF PRESS,,LOABS,PULV LOW SEAL AIR HDR DIFF PRESS,RTN,1,4.03037,4,INH2O,!WP1001!WP1002!WP1003!WP1006!WP1007!WP1014!hist14!CP1004,1
2026-07-15 17:54:45.4,1PDF,SLPSL0001,PULV LOW SEAL AIR HDR DIFF PRESS,,LOABS,PULV LOW SEAL AIR HDR DIFF PRESS,ALM,1,3.93604,4,INH2O,!WP1001!WP1002!WP1003!WP1006!WP1007!WP1014!hist14!CP1004,1
2026-07-15 17:54:46.5,FD_FAN_VIB,A_FAN_VEL_AX,A FD FAN VEL AX,,HIABS,A FD FAN VEL AX HI VIB,ALM,1,3.05094,3,MILS,!WP1001!WP1002!WP1003!WP1006!WP1007!WP1014!hist14!CP1005,1
2026-07-15 17:54:51.4,1PDF,SLPSL0001,PULV LOW SEAL AIR HDR DIFF PRESS,,LOABS,PULV LOW SEAL AIR HDR DIFF PRESS,RTN,1,4.03418,4,INH2O,!WP1001!WP1002!WP1003!WP1006!WP1007!WP1014!hist14!CP1004,1
2026-07-15 17:54:53.4,1PDF,SLPSL0001,PULV LOW SEAL AIR HDR DIFF PRESS,,LOABS,PULV LOW SEAL AIR HDR DIFF PRESS,ALM,1,3.98701,4,INH2O,!WP1001!WP1002!WP1003!WP1006!WP1007!WP1014!hist14!CP1004,1
2026-07-15 17:54:55.4,1PDF,SLPSL0001,PULV LOW SEAL AIR HDR DIFF PRESS,,LOABS,PULV LOW SEAL AIR HDR DIFF PRESS,RTN,1,4.13848,4,INH2O,!WP1001!WP1002!WP1003!WP1006!WP1007!WP1014!hist14!CP1004,1
2026-07-15 17:55:00.4,1PDF,SLPSL0001,PULV LOW SEAL AIR HDR DIFF PRESS,,LOABS,PULV LOW SEAL AIR HDR DIFF PRESS,ALM,1,3.98408,4,INH2O,!WP1001!WP1002!WP1003!WP1006!WP1007!WP1014!hist14!CP1004,1
2026-07-15 17:55:01.4,1PDF,SLPSL0001,PULV LOW SEAL AIR HDR DIFF PRESS,,LOABS,PULV LOW SEAL AIR HDR DIFF PRESS,RTN,1,4.15869,4,INH2O,!WP1001!WP1002!WP1003!WP1006!WP1007!WP1014!hist14!CP1004,1
2026-07-15 17:55:06.4,1PDF,SLPSL0001,PULV LOW SEAL AIR HDR DIFF PRESS,,LOABS,PULV LOW SEAL AIR HDR DIFF PRESS,ALM,1,3.95068,4,INH2O,!WP1001!WP1002!WP1003!WP1006!WP1007!WP1014!hist14!CP1004,1
2026-07-15 17:55:07.4,1PDF,SLPSL0001,PULV LOW SEAL AIR HDR DIFF PRESS,,LOABS,PULV LOW SEAL AIR HDR DIFF PRESS,RTN,1,4.05147,4,INH2O,!WP1001!WP1002!WP1003!WP1006!WP1007!WP1014!hist14!CP1004,1
2026-07-15 17:55:25.4,1PDF,SLPSL0001,PULV LOW SEAL AIR HDR DIFF PRESS,,LOABS,PULV LOW SEAL AIR HDR DIFF PRESS,ALM,1,3.87773,4,INH2O,!WP1001!WP1002!WP1003!WP1006!WP1007!WP1014!hist14!CP1004,1
2026-07-15 17:55:47.4,1PDF,SLPSL0001,PULV LOW SEAL AIR HDR DIFF PRESS,,LOABS,PULV LOW SEAL AIR HDR DIFF PRESS,RTN,1,4.00107,4,INH2O,!WP1001!WP1002!WP1003!WP1006!WP1007!WP1014!hist14!CP1004,1
2026-07-15 17:55:48.4,1PDF,SLPSL0001,PULV LOW SEAL AIR HDR DIFF PRESS,,LOABS,PULV LOW SEAL AIR HDR DIFF PRESS,ALM,1,3.95859,4,INH2O,!WP1001!WP1002!WP1003!WP1006!WP1007!WP1014!hist14!CP1004,1
2026-07-15 17:55:49.4,1PDF,SLPSL0001,PULV LOW SEAL AIR HDR DIFF PRESS,,LOABS,PULV LOW SEAL AIR HDR DIFF PRESS,RTN,1,4.00781,4,INH2O,!WP1001!WP1002!WP1003!WP1006!WP1007!WP1014!hist14!CP1004,1
2026-07-15 17:55:51.4,1PDF,SLPSL0001,PULV LOW SEAL AIR HDR DIFF PRESS,,LOABS,PULV LOW SEAL AIR HDR DIFF PRESS,ALM,1,3.98555,4,INH2O,!WP1001!WP1002!WP1003!WP1006!WP1007!WP1014!hist14!CP1004,1
2026-07-15 17:56:00.4,1PDF,SLPSL0001,PULV LOW SEAL AIR HDR DIFF PRESS,,LOABS,PULV LOW SEAL AIR HDR DIFF PRESS,RTN,1,4.06084,4,INH2O,!WP1001!WP1002!WP1003!WP1006!WP1007!WP1014!hist14!CP1004,1
2026-07-15 17:56:05.4,1PDF,SLPSL0001,PULV LOW SEAL AIR HDR DIFF PRESS,,LOABS,PULV LOW SEAL AIR HDR DIFF PRESS,ALM,1,3.98906,4,INH2O,!WP1001!WP1002!WP1003!WP1006!WP1007!WP1014!hist14!CP1004,1
2026-07-15 17:56:06.4,1PDF,SLPSL0001,PULV LOW SEAL AIR HDR DIFF PRESS,,LOABS,PULV LOW SEAL AIR HDR DIFF PRESS,RTN,1,4.09131,4,INH2O,!WP1001!WP1002!WP1003!WP1006!WP1007!WP1014!hist14!CP1004,1
2026-07-15 17:56:15.4,1PDF,SLPSL0001,PULV LOW SEAL AIR HDR DIFF PRESS,,LOABS,PULV LOW SEAL AIR HDR DIFF PRESS,ALM,1,3.95361,4,INH2O,!WP1001!WP1002!WP1003!WP1006!WP1007!WP1014!hist14!CP1004,1
2026-07-15 17:56:19.4,1PDF,SLPSL0001,PULV LOW SEAL AIR HDR DIFF PRESS,,LOABS,PULV LOW SEAL AIR HDR DIFF PRESS,RTN,1,4.07578,4,INH2O,!WP1001!WP1002!WP1003!WP1006!WP1007!WP1014!hist14!CP1004,1
2026-07-15 17:56:20.4,1PDF,SLPSL0001,PULV LOW SEAL AIR HDR DIFF PRESS,,LOABS,PULV LOW SEAL AIR HDR DIFF PRESS,ALM,1,3.97354,4,INH2O,!WP1001!WP1002!WP1003!WP1006!WP1007!WP1014!hist14!CP1004,1
2026-07-15 17:56:21.4,1PDF,SLPSL0001,PULV LOW SEAL AIR HDR DIFF PRESS,,LOABS,PULV LOW SEAL AIR HDR DIFF PRESS,RTN,1,4.02744,4,INH2O,!WP1001!WP1002!WP1003!WP1006!WP1007!WP1014!hist14!CP1004,1
2026-07-15 17:56:22.4,1PDF,SLPSL0001,PULV LOW SEAL AIR HDR DIFF PRESS,,LOABS,PULV LOW SEAL AIR HDR DIFF PRESS,ALM,1,3.91377,4,INH2O,!WP1001!WP1002!WP1003!WP1006!WP1007!WP1014!hist14!CP1004,1
2026-07-15 17:56:36.4,1PDF,SLPSL0001,PULV LOW SEAL AIR HDR DIFF PRESS,,LOABS,PULV LOW SEAL AIR HDR DIFF PRESS,RTN,1,4.04033,4,INH2O,!WP1001!WP1002!WP1003!WP1006!WP1007!WP1014!hist14!CP1004,1
2026-07-15 17:58:38.3,1SCR_B_PRESS,FGPDI5228B,SCR B CAT LAYER 4 DP,1SR114 PNT 4,HHABS,HI HI DP,ALM,1,1.70215,1.7,INH2O,!WP1001!WP1002!WP1003!WP1006!WP1007!WP1014!hist14!CP1016,1
2026-07-15 17:58:59.7,1AR_LS,DEV_5803,LS SYS B,,STATE,VALVE 5803 DEVIATION,ALM,3,,,,!WP1001!WP1002!WP1003!WP1006!WP1007!WP1014!hist14!CP1017,1
2026-07-15 17:59:52.2,1AR_LS,DEV_5803,LS SYS B,,STATE,,RTN,3,,,,!WP1001!WP1002!WP1003!WP1006!WP1007!WP1014!hist14!CP1017,1
2026-07-15 17:59:54.3,1FG_A,ZSH5601A,BF A BLADE PITCH,,HIABS,BLADE PITCH ALARM,ALM,3,70.0508,70,%,!WP1001!WP1002!WP1003!WP1006!WP1007!WP1014!hist14!CP1015,1
2026-07-15 17:59:57.3,1FG_B,ZSH5701A,BF B BLADE PITCH,,HIABS,BLADE PITCH ALARM,ALM,3,70.1582,70,%,!WP1001!WP1002!WP1003!WP1006!WP1007!WP1014!hist14!CP1015,1
