DATE,COMPOUND,BLOCK,DESCRIPTION,NAME,ALARM TYPE Type,ALARM DESC,ALM_RTN,PRIORITY,VALUE,ALARM VALUE,UNITS,LOCATION,GRP
2026-07-15 18:00:36.4,1PDF,SLPSL0001,PULV LOW SEAL AIR HDR DIFF PRESS,,LOABS,PULV LOW SEAL AIR HDR DIFF PRESS,ALM,1,3.97441,4,INH2O,!WP1001!WP1002!WP1003!WP1006!WP1007!WP1014!hist14!CP1004,1
2026-07-15 18:00:37.4,1PDF,SLPSL0001,PULV LOW SEAL AIR HDR DIFF PRESS,,LOABS,PULV LOW SEAL AIR HDR DIFF PRESS,RTN,1,4.06875,4,INH2O,!WP1001!WP1002!WP1003!WP1006!WP1007!WP1014!hist14!CP1004,1
2026-07-15 18:00:46.3,1SEAL_AIR,PDI5735_ALM,BF B OUT DMPR SEAL CAV D/P LOW,,STATE,DP ALARM ACTIVE,ALM,3,,,,!WP1001!WP1002!WP1003!WP1006!WP1007!WP1014!hist14!CP1015,1
2026-07-15 18:00:53.4,1PDF,SLPSL0001,PULV LOW SEAL AIR HDR DIFF PRESS,,LOABS,PULV LOW SEAL AIR HDR DIFF PRESS,ALM,1,3.93691,4,INH2O,!WP1001!WP1002!WP1003!WP1006!WP1007!WP1014!hist14!CP1004,1
2026-07-15 18:00:54.4,1PDF,SLPSL0001,PULV LOW SEAL AIR HDR DIFF PRESS,,LOABS,PULV LOW SEAL AIR HDR DIFF PRESS,RTN,1,4.08047,4,INH2O,!WP1001!WP1002!WP1003!WP1006!WP1007!WP1014!hist14!CP1004,1
2026-07-15 18:00:57.3,1FG_A,ZSH5601A,BF A BLADE PITCH,,HIABS,BLADE PITCH ALARM,RTN,3,69.8809,70,%,!WP1001!WP1002!WP1003!WP1006!WP1007!WP1014!hist14!CP1015,1
2026-07-15 18:00:58.8,1FG_B,ZSH5701A,BF B BLADE PITCH,,HIABS,BLADE PITCH ALARM,RTN,3,69.8496,70,%,!WP1001!WP1002!WP1003!WP1006!WP1007!WP1014!hist14!CP1015,1
2026-07-15 18:00:59.4,1PDF,SLPSL0001,PULV LOW SEAL AIR HDR DIFF PRESS,,LOABS,PULV LOW SEAL AIR HDR DIFF PRESS,ALM,1,3.95947,4,INH2O,!WP1001!WP1002!WP1003!WP1006!WP1007!WP1014!hist14!CP1004,1
2026-07-15 18:01:00.4,1PDF,SLPSL0001,PULV LOW SEAL AIR HDR DIFF PRESS,,LOABS,PULV LOW SEAL AIR HDR DIFF PRESS,RTN,1,4.01074,4,INH2O,!WP1001!WP1002!WP1003!WP1006!WP1007!WP1014!hist14!CP1004,1
2026-07-15 18:01:01.4,1PDF,SLPSL0001,PULV LOW SEAL AIR HDR DIFF PRESS,,LOABS,PULV LOW SEAL AIR HDR DIFF PRESS,ALM,1,3.98555,4,INH2O,!WP1001!WP1002!WP1003!WP1006!WP1007!WP1014!hist14!CP1004,1
2026-07-15 18:01:02.4,1PDF,SLPSL0001,PULV LOW SEAL AIR HDR DIFF PRESS,,LOABS,PULV LOW SEAL AIR HDR DIFF PRESS,RTN,1,4.05147,4,INH2O,!WP1001!WP1002!WP1003!WP1006!WP1007!WP1014!hist14!CP1004,1
2026-07-15 18:01:10.4,1PDF,SLPSL0001,PULV LOW SEAL AIR HDR DIFF PRESS,,LOABS,PULV LOW SEAL AIR HDR DIFF PRESS,ALM,1,3.9498,4,INH2O,!WP1001!WP1002!WP1003!WP1006!WP1007!WP1014!hist14!CP1004,1
2026-07-15 18:01:10.3,1SEAL_AIR,PDI5735_ALM,BF B OUT DMPR SEAL CAV D/P LOW,,STATE,DP ALARM CLEAR,RTN,3,,,,!WP1001!WP1002!WP1003!WP1006!WP1007!WP1014!hist14!CP1015,1
2026-07-15 18:01:13.4,1PDF,SLPSL0001,PULV LOW SEAL AIR HDR DIFF PRESS,,LOABS,PULV LOW SEAL AIR HDR DIFF PRESS,RTN,1,4.00313,4,INH2O,!WP1001!WP1002!WP1003!WP1006!WP1007!WP1014!hist14!CP1004,1
2026-07-15 18:01:14.4,1PDF,SLPSL0001,PULV LOW SEAL AIR HDR DIFF PRESS,,LOABS,PULV LOW SEAL AIR HDR DIFF PRESS,ALM,1,3.9624,4,INH2O,!WP1001!WP1002!WP1003!WP1006!WP1007!WP1014!hist14!CP1004,1
2026-07-15 18:01:34.4,1FUEL_SFTY,FPTX_ALM,DRAFT TRANSMITTER DEVIATION,,STATE,FURN DRAFT PRESS XMTR DEVIATION,ALM,5,,,,!WP1001!WP1002!WP1003!WP1006!WP1007!WP1014!hist14!CP1004,1
2026-07-15 18:01:54.4,1FUEL_SFTY,FPTX_ALM,DRAFT TRANSMITTER DEVIATION,,STATE,NO DEVIATION,RTN,5,,,,!WP1001!WP1002!WP1003!WP1006!WP1007!WP1014!hist14!CP1004,1
2026-07-15 18:01:58.4,1FUEL_SFTY,FPTX_ALM,DRAFT TRANSMITTER DEVIATION,,STATE,FURN DRAFT PRESS XMTR DEVIATION,ALM,5,,,,!WP1001!WP1002!WP1003!WP1006!WP1007!WP1014!hist14!CP1004,1
2026-07-15 18:02:03.4,1FUEL_SFTY,FPTX_ALM,DRAFT TRANSMITTER DEVIATION,,STATE,NO DEVIATION,RTN,5,,,,!WP1001!WP1002!WP1003!WP1006!WP1007!WP1014!hist14!CP1004,1
2026-07-15 18:02:50.4,1PDF,SLPSL0001,PULV LOW SEAL AIR HDR DIFF PRESS,,LOABS,PULV LOW SEAL AIR HDR DIFF PRESS,RTN,1,4.00254,4,INH2O,!WP1001!WP1002!WP1003!WP1006!WP1007!WP1014!hist14!CP1004,1
2026-07-15 18:02:51.4,1PDF,SLPSL0001,PULV LOW SEAL AIR HDR DIFF PRESS,,LOABS,PULV LOW SEAL AIR HDR DIFF PRESS,ALM,1,3.94307,4,INH2O,!WP1001!WP1002!WP1003!WP1006!WP1007!WP1014!hist14!CP1004,1
2026-07-15 18:02:52.4,1PDF,SLPSL0001,PULV LOW SEAL AIR HDR DIFF PRESS,,LOABS,PULV LOW SEAL AIR HDR DIFF PRESS,RTN,1,4.01133,4,INH2O,!WP1001!WP1002!WP1003!WP1006!WP1007!WP1014!hist14!CP1004,1
2026-07-15 18:02:53.4,1PDF,SLPSL0001,PULV LOW SEAL AIR HDR DIFF PRESS,,LOABS,PULV LOW SEAL AIR HDR DIFF PRESS,ALM,1,3.95889,4,INH2O,!WP1001!WP1002!WP1003!WP1006!WP1007!WP1014!hist14!CP1004,1
2026-07-15 18:02:54.4,1PDF,SLPSL0001,PULV LOW SEAL AIR HDR DIFF PRESS,,LOABS,PULV LOW SEAL AIR HDR DIFF PRESS,RTN,1,4.07109,4,INH2O,!WP1001!WP1002!WP1003!WP1006!WP1007!WP1014!hist14!CP1004,1
2026-07-15 18:02:57.4,1PDF,SLPSL0001,PULV LOW SEAL AIR HDR DIFF PRESS,,LOABS,PULV LOW SEAL AIR HDR DIFF PRESS,ALM,1,3.91201,4,INH2O,!WP1001!WP1002!WP1003!WP1006!WP1007!WP1014!hist14!CP1004,1
2026-07-15 18:03:21.4,1PDF,SLPSL0001,PULV LOW SEAL AIR HDR DIFF PRESS,,LOABS,PULV LOW SEAL AIR HDR DIFF PRESS,RTN,1,4.02568,4,INH2O,!WP1001!WP1002!WP1003!WP1006!WP1007!WP1014!hist14!CP1004,1
2026-07-15 18:03:22.4,1PDF,SLPSL0001,PULV LOW SEAL AIR HDR DIFF PRESS,,LOABS,PULV LOW SEAL AIR HDR DIFF PRESS,ALM,1,3.9375,4,INH2O,!WP1001!WP1002!WP1003!WP1006!WP1007!WP1014!hist14!CP1004,1
2026-07-15 18:03:23.4,1PDF,SLPSL0001,PULV LOW SEAL AIR HDR DIFF PRESS,,LOABS,PULV LOW SEAL AIR HDR DIFF PRESS,RTN,1,4.01689,4,INH2O,!WP1001!WP1002!WP1003!WP1006!WP1007!WP1014!hist14!CP1004,1
2026-07-15 18:03:24.4,1PDF,SLPSL0001,PULV LOW SEAL AIR HDR DIFF PRESS,,LOABS,PULV LOW SEAL AIR HDR DIFF PRESS,ALM,1,3.95127,4,INH2O,!WP1001!WP1002!WP1003!WP1006!WP1007!WP1014!hist14!CP1004,1
2026-07-15 18:03:25.4,1PDF,SLPSL0001,PULV LOW SEAL AIR HDR DIFF PRESS,,LOABS,PULV LOW SEAL AIR HDR DIFF PRESS,RTN,1,4.02539,4,INH2O,!WP1001!WP1002!WP1003!WP1006!WP1007!WP1014!hist14!CP1004,1
2026-07-15 18:03:58.4,1PDF,SLPSL0001,PULV LOW SEAL AIR HDR DIFF PRESS,,LOABS,PULV LOW SEAL AIR HDR DIFF PRESS,ALM,1,3.99521,4,INH2O,!WP1001!WP1002!WP1003!WP1006!WP1007!WP1014!hist14!CP1004,1
2026-07-15 18:03:59.4,1PDF,SLPSL0001,PULV LOW SEAL AIR HDR DIFF PRESS,,LOABS,PULV LOW SEAL AIR HDR DIFF PRESS,RTN,1,4.07432,4,INH2O,!WP1001!WP1002!WP1003!WP1006!WP1007!WP1014!hist14!CP1004,1
2026-07-15 18:04:00.4,1PDF,SLPSL0001,PULV LOW SEAL AIR HDR DIFF PRESS,,LOABS,PULV LOW SEAL AIR HDR DIFF PRESS,ALM,1,3.99199,4,INH2O,!WP1001!WP1002!WP1003!WP1006!WP1007!WP1014!hist14!CP1004,1
2026-07-15 18:04:01.4,1PDF,SLPSL0001,PULV LOW SEAL AIR HDR DIFF PRESS,,LOABS,PULV LOW SEAL AIR HDR DIFF PRESS,RTN,1,4.05762,4,INH2O,!WP1001!WP1002!WP1003!WP1006!WP1007!WP1014!hist14!CP1004,1
2026-07-15 18:04:02.4,1PDF,SLPSL0001,PULV LOW SEAL AIR HDR DIFF PRESS,,LOABS,PULV LOW SEAL AIR HDR DIFF PRESS,ALM,1,3.9873,4,INH2O,!WP1001!WP1002!WP1003!WP1006!WP1007!WP1014!hist14!CP1004,1
2026-07-15 18:04:03.4,1PDF,SLPSL0001,PULV LOW SEAL AIR HDR DIFF PRESS,,LOABS,PULV LOW SEAL AIR HDR DIFF PRESS,RTN,1,4.11211,4,INH2O,!WP1001!WP1002!WP1003!WP1006!WP1007!WP1014!hist14!CP1004,1
2026-07-15 18:08:02.4,1PDF,SLPSL0001,PULV LOW SEAL AIR HDR DIFF PRESS,,LOABS,PULV LOW SEAL AIR HDR DIFF PRESS,ALM,1,3.97881,4,INH2O,!WP1001!WP1002!WP1003!WP1006!WP1007!WP1014!hist14!CP1004,1
2026-07-15 18:08:03.4,1PDF,SLPSL0001,PULV LOW SEAL AIR HDR DIFF PRESS,,LOABS,PULV LOW SEAL AIR HDR DIFF PRESS,RTN,1,4.04941,4,INH2O,!WP1001!WP1002!WP1003!WP1006!WP1007!WP1014!hist14!CP1004,1
2026-07-15 18:08:04.4,1PDF,SLPSL0001,PULV LOW SEAL AIR HDR DIFF PRESS,,LOABS,PULV LOW SEAL AIR HDR DIFF PRESS,ALM,1,3.99199,4,INH2O,!WP1001!WP1002!WP1003!WP1006!WP1007!WP1014!hist14!CP1004,1
2026-07-15 18:08:05.4,1PDF,SLPSL0001,PULV LOW SEAL AIR HDR DIFF PRESS,,LOABS,PULV LOW SEAL AIR HDR DIFF PRESS,RTN,1,4.1335,4,INH2O,!WP1001!WP1002!WP1003!WP1006!WP1007!WP1014!hist14!CP1004,1
2026-07-15 18:08:08.4,1PDF,SLPSL0001,PULV LOW SEAL AIR HDR DIFF PRESS,,LOABS,PULV LOW SEAL AIR HDR DIFF PRESS,ALM,1,3.9416,4,INH2O,!WP1001!WP1002!WP1003!WP1006!WP1007!WP1014!hist14!CP1004,1
2026-07-15 18:08:22.4,1PDF,SLPSL0001,PULV LOW SEAL AIR HDR DIFF PRESS,,LOABS,PULV LOW SEAL AIR HDR DIFF PRESS,RTN,1,4.02803,4,INH2O,!WP1001!WP1002!WP1003!WP1006!WP1007!WP1014!hist14!CP1004,1
2026-07-15 18:08:23.4,1PDF,SLPSL0001,PULV LOW SEAL AIR HDR DIFF PRESS,,LOABS,PULV LOW SEAL AIR HDR DIFF PRESS,ALM,1,3.89443,4,INH2O,!WP1001!WP1002!WP1003!WP1006!WP1007!WP1014!hist14!CP1004,1
2026-07-15 18:08:28.4,1PDF,SLPSL0001,PULV LOW SEAL AIR HDR DIFF PRESS,,LOABS,PULV LOW SEAL AIR HDR DIFF PRESS,RTN,1,4.09717,4,INH2O,!WP1001!WP1002!WP1003!WP1006!WP1007!WP1014!hist14!CP1004,1
2026-07-15 18:08:33.4,1PDF,SLPSL0001,PULV LOW SEAL AIR HDR DIFF PRESS,,LOABS,PULV LOW SEAL AIR HDR DIFF PRESS,ALM,1,3.99551,4,INH2O,!WP1001!WP1002!WP1003!WP1006!WP1007!WP1014!hist14!CP1004,1
2026-07-15 18:08:34.4,1PDF,SLPSL0001,PULV LOW SEAL AIR HDR DIFF PRESS,,LOABS,PULV LOW SEAL AIR HDR DIFF PRESS,RTN,1,4.07432,4,INH2O,!WP1001!WP1002!WP1003!WP1006!WP1007!WP1014!hist14!CP1004,1
2026-07-15 18:08:52.4,1PDF,SLPSL0001,PULV LOW SEAL AIR HDR DIFF PRESS,,LOABS,PULV LOW SEAL AIR HDR DIFF PRESS,ALM,1,3.8707,4,INH2O,!WP1001!WP1002!WP1003!WP1006!WP1007!WP1014!hist14!CP1004,1
2026-07-15 18:08:55.4,1PDF,SLPSL0001,PULV LOW SEAL AIR HDR DIFF PRESS,,LOABS,PULV LOW SEAL AIR HDR DIFF PRESS,RTN,1,4.05176,4,INH2O,!WP1001!WP1002!WP1003!WP1006!WP1007!WP1014!hist14!CP1004,1
2026-07-15 18:08:56.4,1PDF,SLPSL0001,PULV LOW SEAL AIR HDR DIFF PRESS,,LOABS,PULV LOW SEAL AIR HDR DIFF PRESS,ALM,1,3.99756,4,INH2O,!WP1001!WP1002!WP1003!WP1006!WP1007!WP1014!hist14!CP1004,1
2026-07-15 18:09:19.4,1PDF,SLPSL0001,PULV LOW SEAL AIR HDR DIFF PRESS,,LOABS,PULV LOW SEAL AIR HDR DIFF PRESS,RTN,1,4.00137,4,INH2O,!WP1001!WP1002!WP1003!WP1006!WP1007!WP1014!hist14!CP1004,1
2026-07-15 18:09:20.4,1PDF,SLPSL0001,PULV LOW SEAL AIR HDR DIFF PRESS,,LOABS,PULV LOW SEAL AIR HDR DIFF PRESS,ALM,1,3.9627,4,INH2O,!WP1001!WP1002!WP1003!WP1006!WP1007!WP1014!hist14!CP1004,1
2026-07-15 18:09:25.4,1PDF,SLPSL0001,PULV LOW SEAL AIR HDR DIFF PRESS,,LOABS,PULV LOW SEAL AIR HDR DIFF PRESS,RTN,1,4.08193,4,INH2O,!WP1001!WP1002!WP1003!WP1006!WP1007!WP1014!hist14!CP1004,1
2026-07-15 18:09:26.4,1PDF,SLPSL0001,PULV LOW SEAL AIR HDR DIFF PRESS,,LOABS,PULV LOW SEAL AIR HDR DIFF PRESS,ALM,1,3.99258,4,INH2O,!WP1001!WP1002!WP1003!WP1006!WP1007!WP1014!hist14!CP1004,1
2026-07-15 18:09:27.4,1PDF,SLPSL0001,PULV LOW SEAL AIR HDR DIFF PRESS,,LOABS,PULV LOW SEAL AIR HDR DIFF PRESS,RTN,1,4.07051,4,INH2O,!WP1001!WP1002!WP1003!WP1006!WP1007!WP1014!hist14!CP1004,1
2026-07-15 18:09:28.4,1PDF,SLPSL0001,PULV LOW SEAL AIR HDR DIFF PRESS,,LOABS,PULV LOW SEAL AIR HDR DIFF PRESS,ALM,1,3.92959,4,INH2O,!WP1001!WP1002!WP1003!WP1006!WP1007!WP1014!hist14!CP1004,1
2026-07-15 18:09:29.4,1PDF,SLPSL0001,PULV LOW SEAL AIR HDR DIFF PRESS,,LOABS,PULV LOW SEAL AIR HDR DIFF PRESS,RTN,1,4.03447,4,INH2O,!WP1001!WP1002!WP1003!WP1006!WP1007!WP1014!hist14!CP1004,1
2026-07-15 18:09:30.4,1PDF,SLPSL0001,PULV LOW SEAL AIR HDR DIFF PRESS,,LOABS,PULV LOW SEAL AIR HDR DIFF PRESS,ALM,1,3.99316,4,INH2O,!WP1001!WP1002!WP1003!WP1006!WP1007!WP1014!hist14!CP1004,1
2026-07-15 18:09:31.4,1PDF,SLPSL0001,PULV LOW SEAL AIR HDR DIFF PRESS,,LOABS,PULV LOW SEAL AIR HDR DIFF PRESS,RTN,1,4.12617,4,INH2O,!WP1001!WP1002!WP1003!WP1006!WP1007!WP1014!hist14!CP1004,1
2026-07-15 18:09:32.4,1PDF,SLPSL0001,PULV LOW SEAL AIR HDR DIFF PRESS,,LOABS,PULV LOW SEAL AIR HDR DIFF PRESS,ALM,1,3.94541,4,INH2O,!WP1001!WP1002!WP1003!WP1006!WP1007!WP1014!hist14!CP1004,1
2026-07-15 18:09:33.4,1PDF,SLPSL0001,PULV LOW SEAL AIR HDR DIFF PRESS,,LOABS,PULV LOW SEAL AIR HDR DIFF PRESS,RTN,1,4.0002,4,INH2O,!WP1001!WP1002!WP1003!WP1006!WP1007!WP1014!hist14!CP1004,1
2026-07-15 18:09:34.4,1PDF,SLPSL0001,PULV LOW SEAL AIR HDR DIFF PRESS,,LOABS,PULV LOW SEAL AIR HDR DIFF PRESS,ALM,1,3.9917,4,INH2O,!WP1001!WP1002!WP1003!WP1006!WP1007!WP1014!hist14!CP1004,1
2026-07-15 18:09:35.4,1PDF,SLPSL0001,PULV LOW SEAL AIR HDR DIFF PRESS,,LOABS,PULV LOW SEAL AIR HDR DIFF PRESS,RTN,1,4.05029,4,INH2O,!WP1001!WP1002!WP1003!WP1006!WP1007!WP1014!hist14!CP1004,1
2026-07-15 18:09:41.4,1PDF,SLPSL0001,PULV LOW SEAL AIR HDR DIFF PRESS,,LOABS,PULV LOW SEAL AIR HDR DIFF PRESS,ALM,1,3.97031,4,INH2O,!WP1001!WP1002!WP1003!WP1006!WP1007!WP1014!hist14!CP1004,1
2026-07-15 18:09:42.4,1PDF,SLPSL0001,PULV LOW SEAL AIR HDR DIFF PRESS,,LOABS,PULV LOW SEAL AIR HDR DIFF PRESS,RTN,1,4.00576,4,INH2O,!WP1001!WP1002!WP1003!WP1006!WP1007!WP1014!hist14!CP1004,1
2026-07-15 18:09:43.4,1PDF,SLPSL0001,PULV LOW SEAL AIR HDR DIFF PRESS,,LOABS,PULV LOW SEAL AIR HDR DIFF PRESS,ALM,1,3.90293,4,INH2O,!WP1001!WP1002!WP1003!WP1006!WP1007!WP1014!hist14!CP1004,1
2026-07-15 18:09:46.4,1PDF,SLPSL0001,PULV LOW SEAL AIR HDR DIFF PRESS,,LOABS,PULV LOW SEAL AIR HDR DIFF PRESS,RTN,1,4.02275,4,INH2O,!WP1001!WP1002!WP1003!WP1006!WP1007!WP1014!hist14!CP1004,1
2026-07-15 18:09:47.4,1PDF,SLPSL0001,PULV LOW SEAL AIR HDR DIFF PRESS,,LOABS,PULV LOW SEAL AIR HDR DIFF PRESS,ALM,1,3.93105,4,INH2O,!WP1001!WP1002!WP1003!WP1006!WP1007!WP1014!hist14!CP1004,1
2026-07-15 18:10:11.4,1PDF,SLPSL0001,PULV LOW SEAL AIR HDR DIFF PRESS,,LOABS,PULV LOW SEAL AIR HDR DIFF PRESS,RTN,1,4.06641,4,INH2O,!WP1001!WP1002!WP1003!WP1006!WP1007!WP1014!hist14!CP1004,1
2026-07-15 18:10:12.4,1PDF,SLPSL0001,PULV LOW SEAL AIR HDR DIFF PRESS,,LOABS,PULV LOW SEAL AIR HDR DIFF PRESS,ALM,1,3.93662,4,INH2O,!WP1001!WP1002!WP1003!WP1006!WP1007!WP1014!hist14!CP1004,1
2026-07-15 18:10:13.4,1PDF,SLPSL0001,PULV LOW SEAL AIR HDR DIFF PRESS,,LOABS,PULV LOW SEAL AIR HDR DIFF PRESS,RTN,1,4.05527,4,INH2O,!WP1001!WP1002!WP1003!WP1006!WP1007!WP1014!hist14!CP1004,1
2026-07-15 18:10:50.4,1PDF,SLPSL0001,PULV LOW SEAL AIR HDR DIFF PRESS,,LOABS,PULV LOW SEAL AIR HDR DIFF PRESS,ALM,1,3.94219,4,INH2O,!WP1001!WP1002!WP1003!WP1006!WP1007!WP1014!hist14!CP1004,1
2026-07-15 18:10:51.4,1PDF,SLPSL0001,PULV LOW SEAL AIR HDR DIFF PRESS,,LOABS,PULV LOW SEAL AIR HDR DIFF PRESS,RTN,1,4.00518,4,INH2O,!WP1001!WP1002!WP1003!WP1006!WP1007!WP1014!hist14!CP1004,1
2026-07-15 18:10:52.4,1PDF,SLPSL0001,PULV LOW SEAL AIR HDR DIFF PRESS,,LOABS,PULV LOW SEAL AIR HDR DIFF PRESS,ALM,1,3.94131,4,INH2O,!WP1001!WP1002!WP1003!WP1006!WP1007!WP1014!hist14!CP1004,1
2026-07-15 18:10:53.4,1PDF,SLPSL0001,PULV LOW SEAL AIR HDR DIFF PRESS,,LOABS,PULV LOW SEAL AIR HDR DIFF PRESS,RTN,1,4.04502,4,INH2O,!WP1001!WP1002!WP1003!WP1006!WP1007!WP1014!hist14!CP1004,1
2026-07-15 18:10:54.4,1PDF,SLPSL0001,PULV LOW SEAL AIR HDR DIFF PRESS,,LOABS,PULV LOW SEAL AIR HDR DIFF PRESS,ALM,1,3.97998,4,INH2O,!WP1001!WP1002!WP1003!WP1006!WP1007!WP1014!hist14!CP1004,1
2026-07-15 18:10:55.4,1PDF,SLPSL0001,PULV LOW SEAL AIR HDR DIFF PRESS,,LOABS,PULV LOW SEAL AIR HDR DIFF PRESS,RTN,1,4.08135,4,INH2O,!WP1001!WP1002!WP1003!WP1006!WP1007!WP1014!hist14!CP1004,1
2026-07-15 18:10:56.4,1PDF,SLPSL0001,PULV LOW SEAL AIR HDR DIFF PRESS,,LOABS,PULV LOW SEAL AIR HDR DIFF PRESS,ALM,1,3.99521,4,INH2O,!WP1001!WP1002!WP1003!WP1006!WP1007!WP1014!hist14!CP1004,1
2026-07-15 18:10:57.4,1PDF,SLPSL0001,PULV LOW SEAL AIR HDR DIFF PRESS,,LOABS,PULV LOW SEAL AIR HDR DIFF PRESS,RTN,1,4.00928,4,INH2O,!WP1001!WP1002!WP1003!WP1006!WP1007!WP1014!hist14!CP1004,1
2026-07-15 18:10:58.4,1PDF,SLPSL0001,PULV LOW SEAL AIR HDR DIFF PRESS,,LOABS,PULV LOW SEAL AIR HDR DIFF PRESS,ALM,1,3.99463,4,INH2O,!WP1001!WP1002!WP1003!WP1006!WP1007!WP1014!hist14!CP1004,1
2026-07-15 18:10:59.4,1PDF,SLPSL0001,PULV LOW SEAL AIR HDR DIFF PRESS,,LOABS,PULV LOW SEAL AIR HDR DIFF PRESS,RTN,1,4.00576,4,INH2O,!WP1001!WP1002!WP1003!WP1006!WP1007!WP1014!hist14!CP1004,1
2026-07-15 18:11:30.4,1PDF,SLPSL0001,PULV LOW SEAL AIR HDR DIFF PRESS,,LOABS,PULV LOW SEAL AIR HDR DIFF PRESS,ALM,1,3.98438,4,INH2O,!WP1001!WP1002!WP1003!WP1006!WP1007!WP1014!hist14!CP1004,1
2026-07-15 18:11:50.4,1PDF,SLPSL0001,PULV LOW SEAL AIR HDR DIFF PRESS,,LOABS,PULV LOW SEAL AIR HDR DIFF PRESS,RTN,1,4.04912,4,INH2O,!WP1001!WP1002!WP1003!WP1006!WP1007!WP1014!hist14!CP1004,1
2026-07-15 18:11:51.4,1PDF,SLPSL0001,PULV LOW SEAL AIR HDR DIFF PRESS,,LOABS,PULV LOW SEAL AIR HDR DIFF PRESS,ALM,1,3.99111,4,INH2O,!WP1001!WP1002!WP1003!WP1006!WP1007!WP1014!hist14!CP1004,1
2026-07-15 18:11:52.4,1PDF,SLPSL0001,PULV LOW SEAL AIR HDR DIFF PRESS,,LOABS,PULV LOW SEAL AIR HDR DIFF PRESS,RTN,1,4.18711,4,INH2O,!WP1001!WP1002!WP1003!WP1006!WP1007!WP1014!hist14!CP1004,1
2026-07-15 18:12:12.4,1PDF,SLPSL0001,PULV LOW SEAL AIR HDR DIFF PRESS,,LOABS,PULV LOW SEAL AIR HDR DIFF PRESS,ALM,1,3.98877,4,INH2O,!WP1001!WP1002!WP1003!WP1006!WP1007!WP1014!hist14!CP1004,1
2026-07-15 18:12:13.4,1PDF,SLPSL0001,PULV LOW SEAL AIR HDR DIFF PRESS,,LOABS,PULV LOW SEAL AIR HDR DIFF PRESS,RTN,1,4.0582,4,INH2O,!WP1001!WP1002!WP1003!WP1006!WP1007!WP1014!hist14!CP1004,1
2026-07-15 18:12:14.4,1PDF,SLPSL0001,PULV LOW SEAL AIR HDR DIFF PRESS,,LOABS,PULV LOW SEAL AIR HDR DIFF PRESS,ALM,1,3.92578,4,INH2O,!WP1001!WP1002!WP1003!WP1006!WP1007!WP1014!hist14!CP1004,1
2026-07-15 18:12:15.4,1PDF,SLPSL0001,PULV LOW SEAL AIR HDR DIFF PRESS,,LOABS,PULV LOW SEAL AIR HDR DIFF PRESS,RTN,1,4.04092,4,INH2O,!WP1001!WP1002!WP1003!WP1006!WP1007!WP1014!hist14!CP1004,1
2026-07-15 18:12:16.4,1PDF,SLPSL0001,PULV LOW SEAL AIR HDR DIFF PRESS,,LOABS,PULV LOW SEAL AIR HDR DIFF PRESS,ALM,1,3.98848,4,INH2O,!WP1001!WP1002!WP1003!WP1006!WP1007!WP1014!hist14!CP1004,1
2026-07-15 18:12:17.4,1PDF,SLPSL0001,PULV LOW SEAL AIR HDR DIFF PRESS,,LOABS,PULV LOW SEAL AIR HDR DIFF PRESS,RTN,1,4.15664,4,INH2O,!WP1001!WP1002!WP1003!WP1006!WP1007!WP1014!hist14!CP1004,1
2026-07-15 18:12:20.4,1PDF,SLPSL0001,PULV LOW SEAL AIR HDR DIFF PRESS,,LOABS,PULV LOW SEAL AIR HDR DIFF PRESS,ALM,1,3.92168,4,INH2O,!WP1001!WP1002!WP1003!WP1006!WP1007!WP1014!hist14!CP1004,1
2026-07-15 18:12:32.4,1PDF,SLPSL0001,PULV LOW SEAL AIR HDR DIFF PRESS,,LOABS,PULV LOW SEAL AIR HDR DIFF PRESS,RTN,1,4.06494,4,INH2O,!WP1001!WP1002!WP1003!WP1006!WP1007!WP1014!hist14!CP1004,1
2026-07-15 18:12:33.4,1PDF,SLPSL0001,PULV LOW SEAL AIR HDR DIFF PRESS,,LOABS,PULV LOW SEAL AIR HDR DIFF PRESS,ALM,1,3.98994,4,INH2O,!WP1001!WP1002!WP1003!WP1006!WP1007!WP1014!hist14!CP1004,1
2026-07-15 18:12:34.4,1PDF,SLPSL0001,PULV LOW SEAL AIR HDR DIFF PRESS,,LOABS,PULV LOW SEAL AIR HDR DIFF PRESS,RTN,1,4.12354,4,INH2O,!WP1001!WP1002!WP1003!WP1006!WP1007!WP1014!hist14!CP1004,1
2026-07-15 18:12:38.4,1PDF,SLPSL0001,PULV LOW SEAL AIR HDR DIFF PRESS,,LOABS,PULV LOW SEAL AIR HDR DIFF PRESS,ALM,1,3.98438,4,INH2O,!WP1001!WP1002!WP1003!WP1006!WP1007!WP1014!hist14!CP1004,1
2026-07-15 18:12:42.4,1PDF,SLPSL0001,PULV LOW SEAL AIR HDR DIFF PRESS,,LOABS,PULV LOW SEAL AIR HDR DIFF PRESS,RTN,1,4.02158,4,INH2O,!WP1001!WP1002!WP1003!WP1006!WP1007!WP1014!hist14!CP1004,1
2026-07-15 18:12:43.4,1PDF,SLPSL0001,PULV LOW SEAL AIR HDR DIFF PRESS,,LOABS,PULV LOW SEAL AIR HDR DIFF PRESS,ALM,1,3.9583,4,INH2O,!WP1001!WP1002!WP1003!WP1006!WP1007!WP1014!hist14!CP1004,1
2026-07-15 18:12:46.4,1PDF,SLPSL0001,PULV LOW SEAL AIR HDR DIFF PRESS,,LOABS,PULV LOW SEAL AIR HDR DIFF PRESS,RTN,1,4.00488,4,INH2O,!WP1001!WP1002!WP1003!WP1006!WP1007!WP1014!hist14!CP1004,1
2026-07-15 18:12:50.4,1PDF,SLPSL0001,PULV LOW SEAL AIR HDR DIFF PRESS,,LOABS,PULV LOW SEAL AIR HDR DIFF PRESS,ALM,1,3.99258,4,INH2O,!WP1001!WP1002!WP1003!WP1006!WP1007!WP1014!hist14!CP1004,1
2026-07-15 18:12:51.4,1PDF,SLPSL0001,PULV LOW SEAL AIR HDR DIFF PRESS,,LOABS,PULV LOW SEAL AIR HDR DIFF PRESS,RTN,1,4.08984,4,INH2O,!WP1001!WP1002!WP1003!WP1006!WP1007!WP1014!hist14!CP1004,1
2026-07-15 18:12:58.4,1PDF,SLPSL0001,PULV LOW SEAL AIR HDR DIFF PRESS,,LOABS,PULV LOW SEAL AIR HDR DIFF PRESS,ALM,1,3.99346,4,INH2O,!WP1001!WP1002!WP1003!WP1006!WP1007!WP1014!hist14!CP1004,1
2026-07-15 18:12:59.4,1PDF,SLPSL0001,PULV LOW SEAL AIR HDR DIFF PRESS,,LOABS,PULV LOW SEAL AIR HDR DIFF PRESS,RTN,1,4.17275,4,INH2O,!WP1001!WP1002!WP1003!WP1006!WP1007!WP1014!hist14!CP1004,1
2026-07-15 18:13:02.4,1PDF,SLPSL0001,PULV LOW SEAL AIR HDR DIFF PRESS,,LOABS,PULV LOW SEAL AIR HDR DIFF PRESS,ALM,1,3.94863,4,INH2O,!WP1001!WP1002!WP1003!WP1006!WP1007!WP1014!hist14!CP1004,1
2026-07-15 18:13:37.4,1PDF,SLPSL0001,PULV LOW SEAL AIR HDR DIFF PRESS,,LOABS,PULV LOW SEAL AIR HDR DIFF PRESS,RTN,1,4.0957,4,INH2O,!WP1001!WP1002!WP1003!WP1006!WP1007!WP1014!hist14!CP1004,1
2026-07-15 18:13:41.4,1PDF,SLPSL0001,PULV LOW SEAL AIR HDR DIFF PRESS,,LOABS,PULV LOW SEAL AIR HDR DIFF PRESS,ALM,1,3.98906,4,INH2O,!WP1001!WP1002!WP1003!WP1006!WP1007!WP1014!hist14!CP1004,1
2026-07-15 18:13:42.4,1PDF,SLPSL0001,PULV LOW SEAL AIR HDR DIFF PRESS,,LOABS,PULV LOW SEAL AIR HDR DIFF PRESS,RTN,1,4.00254,4,INH2O,!WP1001!WP1002!WP1003!WP1006!WP1007!WP1014!hist14!CP1004,1
2026-07-15 18:13:44.4,1PDF,SLPSL0001,PULV LOW SEAL AIR HDR DIFF PRESS,,LOABS,PULV LOW SEAL AIR HDR DIFF PRESS,ALM,1,3.95772,4,INH2O,!WP1001!WP1002!WP1003!WP1006!WP1007!WP1014!hist14!CP1004,1
2026-07-15 18:13:45.4,1PDF,SLPSL0001,PULV LOW SEAL AIR HDR DIFF PRESS,,LOABS,PULV LOW SEAL AIR HDR DIFF PRESS,RTN,1,4.00342,4,INH2O,!WP1001!WP1002!WP1003!WP1006!WP1007!WP1014!hist14!CP1004,1
2026-07-15 18:14:01.4,1PDF,SLPSL0001,PULV LOW SEAL AIR HDR DIFF PRESS,,LOABS,PULV LOW SEAL AIR HDR DIFF PRESS,ALM,1,3.81885,4,INH2O,!WP1001!WP1002!WP1003!WP1006!WP1007!WP1014!hist14!CP1004,1
2026-07-15 18:14:19.4,1PDF,SLPSL0001,PULV LOW SEAL AIR HDR DIFF PRESS,,LOABS,PULV LOW SEAL AIR HDR DIFF PRESS,RTN,1,4.00137,4,INH2O,!WP1001!WP1002!WP1003!WP1006!WP1007!WP1014!hist14!CP1004,1
2026-07-15 18:14:20.4,1PDF,SLPSL0001,PULV LOW SEAL AIR HDR DIFF PRESS,,LOABS,PULV LOW SEAL AIR HDR DIFF PRESS,ALM,1,3.92197,4,INH2O,!WP1001!WP1002!WP1003!WP1006!WP1007!WP1014!hist14!CP1004,1
2026-07-15 18:14:21.4,1PDF,SLPSL0001,PULV LOW SEAL AIR HDR DIFF PRESS,,LOABS,PULV LOW SEAL AIR HDR DIFF PRESS,RTN,1,4.13877,4,INH2O,!WP1001!WP1002!WP1003!WP1006!WP1007!WP1014!hist14!CP1004,1
2026-07-15 18:16:58.3,1FG_A,ZSH5601A,BF A BLADE PITCH,,HIABS,BLADE PITCH ALARM,ALM,3,70.0215,70,%,!WP1001!WP1002!WP1003!WP1006!WP1007!WP1014!hist14!CP1015,1
2026-07-15 18:17:01.3,1FG_B,ZSH5701A,BF B BLADE PITCH,,HIABS,BLADE PITCH ALARM,ALM,3,70.166,70,%,!WP1001!WP1002!WP1003!WP1006!WP1007!WP1014!hist14!CP1015,1
2026-07-15 18:17:25.4,1PDF,SLPSL0001,PULV LOW SEAL AIR HDR DIFF PRESS,,LOABS,PULV LOW SEAL AIR HDR DIFF PRESS,ALM,1,3.95889,4,INH2O,!WP1001!WP1002!WP1003!WP1006!WP1007!WP1014!hist14!CP1004,1
2026-07-15 18:17:26.4,1PDF,SLPSL0001,PULV LOW SEAL AIR HDR DIFF PRESS,,LOABS,PULV LOW SEAL AIR HDR DIFF PRESS,RTN,1,4.0459,4,INH2O,!WP1001!WP1002!WP1003!WP1006!WP1007!WP1014!hist14!CP1004,1
2026-07-15 18:17:27.4,1PDF,SLPSL0001,PULV LOW SEAL AIR HDR DIFF PRESS,,LOABS,PULV LOW SEAL AIR HDR DIFF PRESS,ALM,1,3.94658,4,INH2O,!WP1001!WP1002!WP1003!WP1006!WP1007!WP1014!hist14!CP1004,1
2026-07-15 18:17:28.4,1PDF,SLPSL0001,PULV LOW SEAL AIR HDR DIFF PRESS,,LOABS,PULV LOW SEAL AIR HDR DIFF PRESS,RTN,1,4.05352,4,INH2O,!WP1001!WP1002!WP1003!WP1006!WP1007!WP1014!hist14!CP1004,1
2026-07-15 18:17:44.4,1PDF,SLPSL0001,PULV LOW SEAL AIR HDR DIFF PRESS,,LOABS,PULV LOW SEAL AIR HDR DIFF PRESS,ALM,1,3.93691,4,INH2O,!WP1001!WP1002!WP1003!WP1006!WP1007!WP1014!hist14!CP1004,1
2026-07-15 18:17:45.4,1PDF,SLPSL0001,PULV LOW SEAL AIR HDR DIFF PRESS,,LOABS,PULV LOW SEAL AIR HDR DIFF PRESS,RTN,1,4.125,4,INH2O,!WP1001!WP1002!WP1003!WP1006!WP1007!WP1014!hist14!CP1004,1
2026-07-15 18:17:56.8,1FG_B,ZSH5701A,BF B BLADE PITCH,,HIABS,BLADE PITCH ALARM,RTN,3,69.8047,70,%,!WP1001!WP1002!WP1003!WP1006!WP1007!WP1014!hist14!CP1015,1
2026-07-15 18:17:59.4,1PDF,SLPSL0001,PULV LOW SEAL AIR HDR DIFF PRESS,,LOABS,PULV LOW SEAL AIR HDR DIFF PRESS,ALM,1,3.96943,4,INH2O,!WP1001!WP1002!WP1003!WP1006!WP1007!WP1014!hist14!CP1004,1
2026-07-15 18:18:00.4,1PDF,SLPSL0001,PULV LOW SEAL AIR HDR DIFF PRESS,,LOABS,PULV LOW SEAL AIR HDR DIFF PRESS,RTN,1,4.01221,4,INH2O,!WP1001!WP1002!WP1003!WP1006!WP1007!WP1014!hist14!CP1004,1
2026-07-15 18:18:00.3,1FG_A,ZSH5601A,BF A BLADE PITCH,,HIABS,BLADE PITCH ALARM,RTN,3,69.8594,70,%,!WP1001!WP1002!WP1003!WP1006!WP1007!WP1014!hist14!CP1015,1
2026-07-15 18:18:04.8,1SEAL_AIR,PDI5735_ALM,BF B OUT DMPR SEAL CAV D/P LOW,,STATE,DP ALARM ACTIVE,ALM,3,,,,!WP1001!WP1002!WP1003!WP1006!WP1007!WP1014!hist14!CP1015,1
2026-07-15 18:18:05.4,1PDF,SLPSL0001,PULV LOW SEAL AIR HDR DIFF PRESS,,LOABS,PULV LOW SEAL AIR HDR DIFF PRESS,ALM,1,3.96504,4,INH2O,!WP1001!WP1002!WP1003!WP1006!WP1007!WP1014!hist14!CP1004,1
2026-07-15 18:18:18.3,1SEAL_AIR,PDI5735_ALM,BF B OUT DMPR SEAL CAV D/P LOW,,STATE,DP ALARM CLEAR,RTN,3,,,,!WP1001!WP1002!WP1003!WP1006!WP1007!WP1014!hist14!CP1015,1
2026-07-15 18:18:21.3,1SCR_B_PRESS,FGPDI5228B,SCR B CAT LAYER 4 DP,1SR114 PNT 4,HHABS,HI HI DP,RTN,1,1.19796,1.7,INH2O,!WP1001!WP1002!WP1003!WP1006!WP1007!WP1014!hist14!CP1016,1
2026-07-15 18:19:09.4,1PDF,SLPSL0001,PULV LOW SEAL AIR HDR DIFF PRESS,,LOABS,PULV LOW SEAL AIR HDR DIFF PRESS,RTN,1,4.02627,4,INH2O,!WP1001!WP1002!WP1003!WP1006!WP1007!WP1014!hist14!CP1004,1
2026-07-15 18:19:56.4,1PDF,SLPSL0001,PULV LOW SEAL AIR HDR DIFF PRESS,,LOABS,PULV LOW SEAL AIR HDR DIFF PRESS,ALM,1,3.97002,4,INH2O,!WP1001!WP1002!WP1003!WP1006!WP1007!WP1014!hist14!CP1004,1
2026-07-15 18:19:57.4,1PDF,SLPSL0001,PULV LOW SEAL AIR HDR DIFF PRESS,,LOABS,PULV LOW SEAL AIR HDR DIFF PRESS,RTN,1,4.00576,4,INH2O,!WP1001!WP1002!WP1003!WP1006!WP1007!WP1014!hist14!CP1004,1
2026-07-15 18:20:01.4,1PDF,SLPSL0001,PULV LOW SEAL AIR HDR DIFF PRESS,,LOABS,PULV LOW SEAL AIR HDR DIFF PRESS,ALM,1,3.9791,4,INH2O,!WP1001!WP1002!WP1003!WP1006!WP1007!WP1014!hist14!CP1004,1
2026-07-15 18:20:04.4,1PDF,SLPSL0001,PULV LOW SEAL AIR HDR DIFF PRESS,,LOABS,PULV LOW SEAL AIR HDR DIFF PRESS,RTN,1,4.02568,4,INH2O,!WP1001!WP1002!WP1003!WP1006!WP1007!WP1014!hist14!CP1004,1
2026-07-15 18:20:05.4,1PDF,SLPSL0001,PULV LOW SEAL AIR HDR DIFF PRESS,,LOABS,PULV LOW SEAL AIR HDR DIFF PRESS,ALM,1,3.86309,4,INH2O,!WP1001!WP1002!WP1003!WP1006!WP1007!WP1014!hist14!CP1004,1
2026-07-15 18:20:08.4,1PDF,SLPSL0001,PULV LOW SEAL AIR HDR DIFF PRESS,,LOABS,PULV LOW SEAL AIR HDR DIFF PRESS,RTN,1,4.05908,4,INH2O,!WP1001!WP1002!WP1003!WP1006!WP1007!WP1014!hist14!CP1004,1
2026-07-15 18:20:09.4,1PDF,SLPSL0001,PULV LOW SEAL AIR HDR DIFF PRESS,,LOABS,PULV LOW SEAL AIR HDR DIFF PRESS,ALM,1,3.93311,4,INH2O,!WP1001!WP1002!WP1003!WP1006!WP1007!WP1014!hist14!CP1004,1
2026-07-15 18:20:10.4,1PDF,SLPSL0001,PULV LOW SEAL AIR HDR DIFF PRESS,,LOABS,PULV LOW SEAL AIR HDR DIFF PRESS,RTN,1,4.02861,4,INH2O,!WP1001!WP1002!WP1003!WP1006!WP1007!WP1014!hist14!CP1004,1
2026-07-15 18:20:11.4,1PDF,SLPSL0001,PULV LOW SEAL AIR HDR DIFF PRESS,,LOABS,PULV LOW SEAL AIR HDR DIFF PRESS,ALM,1,3.86367,4,INH2O,!WP1001!WP1002!WP1003!WP1006!WP1007!WP1014!hist14!CP1004,1
2026-07-15 18:20:16.4,1PDF,SLPSL0001,PULV LOW SEAL AIR HDR DIFF PRESS,,LOABS,PULV LOW SEAL AIR HDR DIFF PRESS,RTN,1,4.14082,4,INH2O,!WP1001!WP1002!WP1003!WP1006!WP1007!WP1014!hist14!CP1004,1
2026-07-15 18:21:44.8,1DAS11,IAAH335CC,DRUM WTR CC HI CALL LAB ASAP,1233,HIABS,HIGH,ALM,1,1.40273,1.4,US/CM,!WP1002!WP1006!WP1007!WP1001!WP1003!WP1014!hist14!CP1008,1
2026-07-15 18:22:42.4,1PDF,SLPSL0001,PULV LOW SEAL AIR HDR DIFF PRESS,,LOABS,PULV LOW SEAL AIR HDR DIFF PRESS,ALM,1,3.99199,4,INH2O,!WP1001!WP1002!WP1003!WP1006!WP1007!WP1014!hist14!CP1004,1
2026-07-15 18:23:05.4,1PDF,SLPSL0001,PULV LOW SEAL AIR HDR DIFF PRESS,,LOABS,PULV LOW SEAL AIR HDR DIFF PRESS,RTN,1,4.01104,4,INH2O,!WP1001!WP1002!WP1003!WP1006!WP1007!WP1014!hist14!CP1004,1
2026-07-15 18:23:06.4,1PDF,SLPSL0001,PULV LOW SEAL AIR HDR DIFF PRESS,,LOABS,PULV LOW SEAL AIR HDR DIFF PRESS,ALM,1,3.89824,4,INH2O,!WP1001!WP1002!WP1003!WP1006!WP1007!WP1014!hist14!CP1004,1
2026-07-15 18:23:36.4,1PDF,SLPSL0001,PULV LOW SEAL AIR HDR DIFF PRESS,,LOABS,PULV LOW SEAL AIR HDR DIFF PRESS,RTN,1,4.02715,4,INH2O,!WP1001!WP1002!WP1003!WP1006!WP1007!WP1014!hist14!CP1004,1
2026-07-15 18:23:37.4,1PDF,SLPSL0001,PULV LOW SEAL AIR HDR DIFF PRESS,,LOABS,PULV LOW SEAL AIR HDR DIFF PRESS,ALM,1,3.90908,4,INH2O,!WP1001!WP1002!WP1003!WP1006!WP1007!WP1014!hist14!CP1004,1
2026-07-15 18:23:38.4,1PDF,SLPSL0001,PULV LOW SEAL AIR HDR DIFF PRESS,,LOABS,PULV LOW SEAL AIR HDR DIFF PRESS,RTN,1,4.00518,4,INH2O,!WP1001!WP1002!WP1003!WP1006!WP1007!WP1014!hist14!CP1004,1
2026-07-15 18:23:39.4,1PDF,SLPSL0001,PULV LOW SEAL AIR HDR DIFF PRESS,,LOABS,PULV LOW SEAL AIR HDR DIFF PRESS,ALM,1,3.89033,4,INH2O,!WP1001!WP1002!WP1003!WP1006!WP1007!WP1014!hist14!CP1004,1
2026-07-15 18:23:44.4,1PDF,SLPSL0001,PULV LOW SEAL AIR HDR DIFF PRESS,,LOABS,PULV LOW SEAL AIR HDR DIFF PRESS,RTN,1,4.0623,4,INH2O,!WP1001!WP1002!WP1003!WP1006!WP1007!WP1014!hist14!CP1004,1
2026-07-15 18:23:49.3,1SCR_B_PRESS,FGPDI5228B,SCR B CAT LAYER 4 DP,1SR114 PNT 4,HHABS,HI HI DP,ALM,1,1.70061,1.7,INH2O,!WP1001!WP1002!WP1003!WP1006!WP1007!WP1014!hist14!CP1016,1
2026-07-15 18:23:50.4,1PDF,SLPSL0001,PULV LOW SEAL AIR HDR DIFF PRESS,,LOABS,PULV LOW SEAL AIR HDR DIFF PRESS,ALM,1,3.97734,4,INH2O,!WP1001!WP1002!WP1003!WP1006!WP1007!WP1014!hist14!CP1004,1
2026-07-15 18:23:51.4,1PDF,SLPSL0001,PULV LOW SEAL AIR HDR DIFF PRESS,,LOABS,PULV LOW SEAL AIR HDR DIFF PRESS,RTN,1,4.07168,4,INH2O,!WP1001!WP1002!WP1003!WP1006!WP1007!WP1014!hist14!CP1004,1
2026-07-15 18:23:52.4,1PDF,SLPSL0001,PULV LOW SEAL AIR HDR DIFF PRESS,,LOABS,PULV LOW SEAL AIR HDR DIFF PRESS,ALM,1,3.98438,4,INH2O,!WP1001!WP1002!WP1003!WP1006!WP1007!WP1014!hist14!CP1004,1
2026-07-15 18:23:53.4,1PDF,SLPSL0001,PULV LOW SEAL AIR HDR DIFF PRESS,,LOABS,PULV LOW SEAL AIR HDR DIFF PRESS,RTN,1,4.11885,4,INH2O,!WP1001!WP1002!WP1003!WP1006!WP1007!WP1014!hist14!CP1004,1
2026-07-15 18:23:58.4,1PDF,SLPSL0001,PULV LOW SEAL AIR HDR DIFF PRESS,,LOABS,PULV LOW SEAL AIR HDR DIFF PRESS,ALM,1,3.89092,4,INH2O,!WP1001!WP1002!WP1003!WP1006!WP1007!WP1014!hist14!CP1004,1
2026-07-15 18:24:35.4,1PDF,SLPSL0001,PULV LOW SEAL AIR HDR DIFF PRESS,,LOABS,PULV LOW SEAL AIR HDR DIFF PRESS,RTN,1,4.09805,4,INH2O,!WP1001!WP1002!WP1003!WP1006!WP1007!WP1014!hist14!CP1004,1
2026-07-15 18:25:01.4,1PDF,SLPSL0001,PULV LOW SEAL AIR HDR DIFF PRESS,,LOABS,PULV LOW SEAL AIR HDR DIFF PRESS,ALM,1,3.93867,4,INH2O,!WP1001!WP1002!WP1003!WP1006!WP1007!WP1014!hist14!CP1004,1
2026-07-15 18:25:02.4,1PDF,SLPSL0001,PULV LOW SEAL AIR HDR DIFF PRESS,,LOABS,PULV LOW SEAL AIR HDR DIFF PRESS,RTN,1,4.01484,4,INH2O,!WP1001!WP1002!WP1003!WP1006!WP1007!WP1014!hist14!CP1004,1
2026-07-15 18:25:56.4,1PDF,SLPSL0001,PULV LOW SEAL AIR HDR DIFF PRESS,,LOABS,PULV LOW SEAL AIR HDR DIFF PRESS,ALM,1,3.98262,4,INH2O,!WP1001!WP1002!WP1003!WP1006!WP1007!WP1014!hist14!CP1004,1
2026-07-15 18:25:57.4,1PDF,SLPSL0001,PULV LOW SEAL AIR HDR DIFF PRESS,,LOABS,PULV LOW SEAL AIR HDR DIFF PRESS,RTN,1,4.14199,4,INH2O,!WP1001!WP1002!WP1003!WP1006!WP1007!WP1014!hist14!CP1004,1
2026-07-15 18:26:06.4,1PDF,SLPSL0001,PULV LOW SEAL AIR HDR DIFF PRESS,,LOABS,PULV LOW SEAL AIR HDR DIFF PRESS,ALM,1,3.9958,4,INH2O,!WP1001!WP1002!WP1003!WP1006!WP1007!WP1014!hist14!CP1004,1
2026-07-15 18:26:07.4,1PDF,SLPSL0001,PULV LOW SEAL AIR HDR DIFF PRESS,,LOABS,PULV LOW SEAL AIR HDR DIFF PRESS,RTN,1,4.07051,4,INH2O,!WP1001!WP1002!WP1003!WP1006!WP1007!WP1014!hist14!CP1004,1
2026-07-15 18:26:42.4,1PDF,SLPSL0001,PULV LOW SEAL AIR HDR DIFF PRESS,,LOABS,PULV LOW SEAL AIR HDR DIFF PRESS,ALM,1,3.96475,4,INH2O,!WP1001!WP1002!WP1003!WP1006!WP1007!WP1014!hist14!CP1004,1
2026-07-15 18:26:43.4,1PDF,SLPSL0001,PULV LOW SEAL AIR HDR DIFF PRESS,,LOABS,PULV LOW SEAL AIR HDR DIFF PRESS,RTN,1,4.08281,4,INH2O,!WP1001!WP1002!WP1003!WP1006!WP1007!WP1014!hist14!CP1004,1
2026-07-15 18:26:44.6,PAC_PLC,ACI_FDR_A_TR,ACI FDR A AC-WIC-5007 TRBLE ALM,,CHANGE,PAC FEEDER A TROUBLE,ALM,1,,,,!WP1001!WP1002!WP1003!WP1006!WP1007!WP1014!hist14!CP1003,1
2026-07-15 18:26:55.4,1PDF,SLPSL0001,PULV LOW SEAL AIR HDR DIFF PRESS,,LOABS,PULV LOW SEAL AIR HDR DIFF PRESS,ALM,1,3.99521,4,INH2O,!WP1001!WP1002!WP1003!WP1006!WP1007!WP1014!hist14!CP1004,1
2026-07-15 18:26:56.4,1PDF,SLPSL0001,PULV LOW SEAL AIR HDR DIFF PRESS,,LOABS,PULV LOW SEAL AIR HDR DIFF PRESS,RTN,1,4.03975,4,INH2O,!WP1001!WP1002!WP1003!WP1006!WP1007!WP1014!hist14!CP1004,1
2026-07-15 18:26:57.6,PAC_PLC,ACI_FDR_A_TR,ACI FDR A AC-WIC-5007 TRBLE ALM,,CHANGE,PAC FEEDER A TROUBLE,ALM,1,,,,!WP1001!WP1002!WP1003!WP1006!WP1007!WP1014!hist14!CP1003,1
2026-07-15 18:26:57.4,1PDF,SLPSL0001,PULV LOW SEAL AIR HDR DIFF PRESS,,LOABS,PULV LOW SEAL AIR HDR DIFF PRESS,ALM,1,3.90762,4,INH2O,!WP1001!WP1002!WP1003!WP1006!WP1007!WP1014!hist14!CP1004,1
2026-07-15 18:26:58.4,1PDF,SLPSL0001,PULV LOW SEAL AIR HDR DIFF PRESS,,LOABS,PULV LOW SEAL AIR HDR DIFF PRESS,RTN,1,4.08662,4,INH2O,!WP1001!WP1002!WP1003!WP1006!WP1007!WP1014!hist14!CP1004,1
2026-07-15 18:27:00.6,PAC_PLC,ACI_FDR_A_TR,ACI FDR A AC-WIC-5007 TRBLE ALM,,CHANGE,PAC FEEDER A TROUBLE,ALM,1,,,,!WP1001!WP1002!WP1003!WP1006!WP1007!WP1014!hist14!CP1003,1
2026-07-15 18:27:01.4,1PDF,SLPSL0001,PULV LOW SEAL AIR HDR DIFF PRESS,,LOABS,PULV LOW SEAL AIR HDR DIFF PRESS,ALM,1,3.90674,4,INH2O,!WP1001!WP1002!WP1003!WP1006!WP1007!WP1014!hist14!CP1004,1
2026-07-15 18:27:03.6,PAC_PLC,ACI_FDR_A_TR,ACI FDR A AC-WIC-5007 TRBLE ALM,,CHANGE,PAC FEEDER A TROUBLE,ALM,1,,,,!WP1001!WP1002!WP1003!WP1006!WP1007!WP1014!hist14!CP1003,1
2026-07-15 18:27:04.4,1PDF,SLPSL0001,PULV LOW SEAL AIR HDR DIFF PRESS,,LOABS,PULV LOW SEAL AIR HDR DIFF PRESS,RTN,1,4.06143,4,INH2O,!WP1001!WP1002!WP1003!WP1006!WP1007!WP1014!hist14!CP1004,1
2026-07-15 18:27:05.6,PAC_PLC,ACI_FDR_A_TR,ACI FDR A AC-WIC-5007 TRBLE ALM,,CHANGE,PAC FEEDER A TROUBLE,ALM,1,,,,!WP1001!WP1002!WP1003!WP1006!WP1007!WP1014!hist14!CP1003,1
2026-07-15 18:27:09.6,PAC_PLC,ACI_FDR_A_TR,ACI FDR A AC-WIC-5007 TRBLE ALM,,CHANGE,PAC FEEDER A TROUBLE,ALM,1,,,,!WP1001!WP1002!WP1003!WP1006!WP1007!WP1014!hist14!CP1003,1
2026-07-15 18:27:10.6,PAC_PLC,ACI_FDR_A_TR,ACI FDR A AC-WIC-5007 TRBLE ALM,,CHANGE,PAC FEEDER A TROUBLE,ALM,1,,,,!WP1001!WP1002!WP1003!WP1006!WP1007!WP1014!hist14!CP1003,1
2026-07-15 18:27:15.0,FD_FAN_VIB,A_FAN_VEL_AX,A FD FAN VEL AX,,HIABS,A FD FAN VEL AX HI VIB,RTN,1,2.47969,3,MILS,!WP1001!WP1002!WP1003!WP1006!WP1007!WP1014!hist14!CP1005,1
2026-07-15 18:27:16.6,PAC_PLC,ACI_FDR_A_TR,ACI FDR A AC-WIC-5007 TRBLE ALM,,CHANGE,PAC FEEDER A TROUBLE,ALM,1,,,,!WP1001!WP1002!WP1003!WP1006!WP1007!WP1014!hist14!CP1003,1
2026-07-15 18:27:20.5,1PDF,SLPSL0001,PULV LOW SEAL AIR HDR DIFF PRESS,,LOABS,PULV LOW SEAL AIR HDR DIFF PRESS,ALM,1,3.95684,4,INH2O,!WP1001!WP1002!WP1003!WP1006!WP1007!WP1014!hist14!CP1004,1
2026-07-15 18:27:21.5,1PDF,SLPSL0001,PULV LOW SEAL AIR HDR DIFF PRESS,,LOABS,PULV LOW SEAL AIR HDR DIFF PRESS,RTN,1,4.02656,4,INH2O,!WP1001!WP1002!WP1003!WP1006!WP1007!WP1014!hist14!CP1004,1
2026-07-15 18:27:22.5,1PDF,SLPSL0001,PULV LOW SEAL AIR HDR DIFF PRESS,,LOABS,PULV LOW SEAL AIR HDR DIFF PRESS,ALM,1,3.84902,4,INH2O,!WP1001!WP1002!WP1003!WP1006!WP1007!WP1014!hist14!CP1004,1
2026-07-15 18:27:25.5,1PDF,SLPSL0001,PULV LOW SEAL AIR HDR DIFF PRESS,,LOABS,PULV LOW SEAL AIR HDR DIFF PRESS,RTN,1,4.00811,4,INH2O,!WP1001!WP1002!WP1003!WP1006!WP1007!WP1014!hist14!CP1004,1
2026-07-15 18:27:28.5,1PDF,SLPSL0001,PULV LOW SEAL AIR HDR DIFF PRESS,,LOABS,PULV LOW SEAL AIR HDR DIFF PRESS,ALM,1,3.87861,4,INH2O,!WP1001!WP1002!WP1003!WP1006!WP1007!WP1014!hist14!CP1004,1
2026-07-15 18:28:39.4,1PDF,SLPSL0001,PULV LOW SEAL AIR HDR DIFF PRESS,,LOABS,PULV LOW SEAL AIR HDR DIFF PRESS,RTN,1,4.01191,4,INH2O,!WP1001!WP1002!WP1003!WP1006!WP1007!WP1014!hist14!CP1004,1
2026-07-15 18:28:40.4,1PDF,SLPSL0001,PULV LOW SEAL AIR HDR DIFF PRESS,,LOABS,PULV LOW SEAL AIR HDR DIFF PRESS,ALM,1,3.88506,4,INH2O,!WP1001!WP1002!WP1003!WP1006!WP1007!WP1014!hist14!CP1004,1
2026-07-15 18:28:41.4,1PDF,SLPSL0001,PULV LOW SEAL AIR HDR DIFF PRESS,,LOABS,PULV LOW SEAL AIR HDR DIFF PRESS,RTN,1,4.00664,4,INH2O,!WP1001!WP1002!WP1003!WP1006!WP1007!WP1014!hist14!CP1004,1
2026-07-15 18:28:42.4,1PDF,SLPSL0001,PULV LOW SEAL AIR HDR DIFF PRESS,,LOABS,PULV LOW SEAL AIR HDR DIFF PRESS,ALM,1,3.8458,4,INH2O,!WP1001!WP1002!WP1003!WP1006!WP1007!WP1014!hist14!CP1004,1
2026-07-15 18:28:47.4,1PDF,SLPSL0001,PULV LOW SEAL AIR HDR DIFF PRESS,,LOABS,PULV LOW SEAL AIR HDR DIFF PRESS,RTN,1,4.04766,4,INH2O,!WP1001!WP1002!WP1003!WP1006!WP1007!WP1014!hist14!CP1004,1
2026-07-15 18:28:48.4,1PDF,SLPSL0001,PULV LOW SEAL AIR HDR DIFF PRESS,,LOABS,PULV LOW SEAL AIR HDR DIFF PRESS,ALM,1,3.97383,4,INH2O,!WP1001!WP1002!WP1003!WP1006!WP1007!WP1014!hist14!CP1004,1
2026-07-15 18:28:51.4,1PDF,SLPSL0001,PULV LOW SEAL AIR HDR DIFF PRESS,,LOABS,PULV LOW SEAL AIR HDR DIFF PRESS,RTN,1,4.03682,4,INH2O,!WP1001!WP1002!WP1003!WP1006!WP1007!WP1014!hist14!CP1004,1
2026-07-15 18:28:52.4,1PDF,SLPSL0001,PULV LOW SEAL AIR HDR DIFF PRESS,,LOABS,PULV LOW SEAL AIR HDR DIFF PRESS,ALM,1,3.96475,4,INH2O,!WP1001!WP1002!WP1003!WP1006!WP1007!WP1014!hist14!CP1004,1
2026-07-15 18:28:58.4,1PDF,SLPSL0001,PULV LOW SEAL AIR HDR DIFF PRESS,,LOABS,PULV LOW SEAL AIR HDR DIFF PRESS,RTN,1,4.03037,4,INH2O,!WP1001!WP1002!WP1003!WP1006!WP1007!WP1014!hist14!CP1004,1
2026-07-15 18:29:01.4,1PDF,SLPSL0001,PULV LOW SEAL AIR HDR DIFF PRESS,,LOABS,PULV LOW SEAL AIR HDR DIFF PRESS,ALM,1,3.83027,4,INH2O,!WP1001!WP1002!WP1003!WP1006!WP1007!WP1014!hist14!CP1004,1
2026-07-15 18:29:08.4,1PDF,SLPSL0001,PULV LOW SEAL AIR HDR DIFF PRESS,,LOABS,PULV LOW SEAL AIR HDR DIFF PRESS,RTN,1,4.01133,4,INH2O,!WP1001!WP1002!WP1003!WP1006!WP1007!WP1014!hist14!CP1004,1
2026-07-15 18:29:09.4,1PDF,SLPSL0001,PULV LOW SEAL AIR HDR DIFF PRESS,,LOABS,PULV LOW SEAL AIR HDR DIFF PRESS,ALM,1,3.90381,4,INH2O,!WP1001!WP1002!WP1003!WP1006!WP1007!WP1014!hist14!CP1004,1
2026-07-15 18:29:09.0,FD_FAN_VIB,A_FAN_VEL_AX,A FD FAN VEL AX,,HIABS,A FD FAN VEL AX HI VIB,ALM,1,3.00891,3,MILS,!WP1001!WP1002!WP1003!WP1006!WP1007!WP1014!hist14!CP1005,1
2026-07-15 18:29:17.4,1PDF,SLPSL0001,PULV LOW SEAL AIR HDR DIFF PRESS,,LOABS,PULV LOW SEAL AIR HDR DIFF PRESS,RTN,1,4.00547,4,INH2O,!WP1001!WP1002!WP1003!WP1006!WP1007!WP1014!hist14!CP1004,1
2026-07-15 18:29:20.4,1PDF,SLPSL0001,PULV LOW SEAL AIR HDR DIFF PRESS,,LOABS,PULV LOW SEAL AIR HDR DIFF PRESS,ALM,1,3.96357,4,INH2O,!WP1001!WP1002!WP1003!WP1006!WP1007!WP1014!hist14!CP1004,1
2026-07-15 18:29:21.4,1PDF,SLPSL0001,PULV LOW SEAL AIR HDR DIFF PRESS,,LOABS,PULV LOW SEAL AIR HDR DIFF PRESS,RTN,1,4.04941,4,INH2O,!WP1001!WP1002!WP1003!WP1006!WP1007!WP1014!hist14!CP1004,1
2026-07-15 18:29:22.4,1PDF,SLPSL0001,PULV LOW SEAL AIR HDR DIFF PRESS,,LOABS,PULV LOW SEAL AIR HDR DIFF PRESS,ALM,1,3.93984,4,INH2O,!WP1001!WP1002!WP1003!WP1006!WP1007!WP1014!hist14!CP1004,1
2026-07-15 18:29:23.4,1PDF,SLPSL0001,PULV LOW SEAL AIR HDR DIFF PRESS,,LOABS,PULV LOW SEAL AIR HDR DIFF PRESS,RTN,1,4.05762,4,INH2O,!WP1001!WP1002!WP1003!WP1006!WP1007!WP1014!hist14!CP1004,1
2026-07-15 18:29:24.4,1PDF,SLPSL0001,PULV LOW SEAL AIR HDR DIFF PRESS,,LOABS,PULV LOW SEAL AIR HDR DIFF PRESS,ALM,1,3.98174,4,INH2O,!WP1001!WP1002!WP1003!WP1006!WP1007!WP1014!hist14!CP1004,1
2026-07-15 18:29:25.4,1PDF,SLPSL0001,PULV LOW SEAL AIR HDR DIFF PRESS,,LOABS,PULV LOW SEAL AIR HDR DIFF PRESS,RTN,1,4.06729,4,INH2O,!WP1001!WP1002!WP1003!WP1006!WP1007!WP1014!hist14!CP1004,1
2026-07-15 18:29:26.4,1PDF,SLPSL0001,PULV LOW SEAL AIR HDR DIFF PRESS,,LOABS,PULV LOW SEAL AIR HDR DIFF PRESS,ALM,1,3.95479,4,INH2O,!WP1001!WP1002!WP1003!WP1006!WP1007!WP1014!hist14!CP1004,1
2026-07-15 18:29:27.4,1PDF,SLPSL0001,PULV LOW SEAL AIR HDR DIFF PRESS,,LOABS,PULV LOW SEAL AIR HDR DIFF PRESS,RTN,1,4.05293,4,INH2O,!WP1001!WP1002!WP1003!WP1006!WP1007!WP1014!hist14!CP1004,1
2026-07-15 18:29:28.4,1PDF,SLPSL0001,PULV LOW SEAL AIR HDR DIFF PRESS,,LOABS,PULV LOW SEAL AIR HDR DIFF PRESS,ALM,1,3.95479,4,INH2O,!WP1001!WP1002!WP1003!WP1006!WP1007!WP1014!hist14!CP1004,1
2026-07-15 18:29:29.4,1PDF,SLPSL0001,PULV LOW SEAL AIR HDR DIFF PRESS,,LOABS,PULV LOW SEAL AIR HDR DIFF PRESS,RTN,1,4.10215,4,INH2O,!WP1001!WP1002!WP1003!WP1006!WP1007!WP1014!hist14!CP1004,1
2026-07-15 18:29:33.4,1PDF,SLPSL0001,PULV LOW SEAL AIR HDR DIFF PRESS,,LOABS,PULV LOW SEAL AIR HDR DIFF PRESS,ALM,1,3.98379,4,INH2O,!WP1001!WP1002!WP1003!WP1006!WP1007!WP1014!hist14!CP1004,1
2026-07-15 18:29:38.4,1PDF,SLPSL0001,PULV LOW SEAL AIR HDR DIFF PRESS,,LOABS,PULV LOW SEAL AIR HDR DIFF PRESS,RTN,1,4.12207,4,INH2O,!WP1001!WP1002!WP1003!WP1006!WP1007!WP1014!hist14!CP1004,1
2026-07-15 18:30:29.0,1WB_DEV,AA_JJ_DEV,AUX AIR JJ ANY DEV,,STATE,NORMAL,RTN,5,,,INH2O,,0
2026-07-15 18:30:44.4,1PDF,SLPSL0001,PULV LOW SEAL AIR HDR DIFF PRESS,,LOABS,PULV LOW SEAL AIR HDR DIFF PRESS,ALM,1,3.99141,4,INH2O,!WP1001!WP1002!WP1003!WP1006!WP1007!WP1014!hist14!CP1004,1
2026-07-15 18:30:45.4,1PDF,SLPSL0001,PULV LOW SEAL AIR HDR DIFF PRESS,,LOABS,PULV LOW SEAL AIR HDR DIFF PRESS,RTN,1,4.10566,4,INH2O,!WP1001!WP1002!WP1003!WP1006!WP1007!WP1014!hist14!CP1004,1
2026-07-15 18:30:52.4,1PDF,SLPSL0001,PULV LOW SEAL AIR HDR DIFF PRESS,,LOABS,PULV LOW SEAL AIR HDR DIFF PRESS,ALM,1,3.87568,4,INH2O,!WP1001!WP1002!WP1003!WP1006!WP1007!WP1014!hist14!CP1004,1
2026-07-15 18:31:04.4,1PDF,SLPSL0001,PULV LOW SEAL AIR HDR DIFF PRESS,,LOABS,PULV LOW SEAL AIR HDR DIFF PRESS,RTN,1,4.05996,4,INH2O,!WP1001!WP1002!WP1003!WP1006!WP1007!WP1014!hist14!CP1004,1
2026-07-15 18:31:05.4,1PDF,SLPSL0001,PULV LOW SEAL AIR HDR DIFF PRESS,,LOABS,PULV LOW SEAL AIR HDR DIFF PRESS,ALM,1,3.96445,4,INH2O,!WP1001!WP1002!WP1003!WP1006!WP1007!WP1014!hist14!CP1004,1
2026-07-15 18:31:06.4,1PDF,SLPSL0001,PULV LOW SEAL AIR HDR DIFF PRESS,,LOABS,PULV LOW SEAL AIR HDR DIFF PRESS,RTN,1,4.03213,4,INH2O,!WP1001!WP1002!WP1003!WP1006!WP1007!WP1014!hist14!CP1004,1
2026-07-15 18:31:07.4,1PDF,SLPSL0001,PULV LOW SEAL AIR HDR DIFF PRESS,,LOABS,PULV LOW SEAL AIR HDR DIFF PRESS,ALM,1,3.89619,4,INH2O,!WP1001!WP1002!WP1003!WP1006!WP1007!WP1014!hist14!CP1004,1
2026-07-15 18:31:12.4,1PDF,SLPSL0001,PULV LOW SEAL AIR HDR DIFF PRESS,,LOABS,PULV LOW SEAL AIR HDR DIFF PRESS,RTN,1,4.0292,4,INH2O,!WP1001!WP1002!WP1003!WP1006!WP1007!WP1014!hist14!CP1004,1
2026-07-15 18:31:13.4,1PDF,SLPSL0001,PULV LOW SEAL AIR HDR DIFF PRESS,,LOABS,PULV LOW SEAL AIR HDR DIFF PRESS,ALM,1,3.97412,4,INH2O,!WP1001!WP1002!WP1003!WP1006!WP1007!WP1014!hist14!CP1004,1
2026-07-15 18:31:16.8,1DAS11,ISPSH1131,LIGHTER OIL SUPPLY PRESS ALM,,HIABS,HI LIGHTER OIL SUPPLY PRESS,ALM,1,178.438,175,KPH,!WP1002!WP1006!WP1007!WP1001!WP1003!WP1014!hist14!CP1008,1
2026-07-15 18:31:17.4,1PDF,SLPSL0001,PULV LOW SEAL AIR HDR DIFF PRESS,,LOABS,PULV LOW SEAL AIR HDR DIFF PRESS,RTN,1,4.02598,4,INH2O,!WP1001!WP1002!WP1003!WP1006!WP1007!WP1014!hist14!CP1004,1
2026-07-15 18:31:20.8,1DAS11,ISPSH1131,LIGHTER OIL SUPPLY PRESS ALM,,HIABS,HI LIGHTER OIL SUPPLY PRESS,RTN,1,126.465,175,KPH,!WP1002!WP1006!WP1007!WP1001!WP1003!WP1014!hist14!CP1008,1
2026-07-15 18:31:21.8,1DAS11,ISPSH1131,LIGHTER OIL SUPPLY PRESS ALM,,HIABS,HI LIGHTER OIL SUPPLY PRESS,ALM,1,187.529,175,KPH,!WP1002!WP1006!WP1007!WP1001!WP1003!WP1014!hist14!CP1008,1
2026-07-15 18:31:36.5,1PDF,SLPSL0001,PULV LOW SEAL AIR HDR DIFF PRESS,,LOABS,PULV LOW SEAL AIR HDR DIFF PRESS,ALM,1,3.99844,4,INH2O,!WP1001!WP1002!WP1003!WP1006!WP1007!WP1014!hist14!CP1004,1
2026-07-15 18:31:37.5,1PDF,SLPSL0001,PULV LOW SEAL AIR HDR DIFF PRESS,,LOABS,PULV LOW SEAL AIR HDR DIFF PRESS,RTN,1,4.05,4,INH2O,!WP1001!WP1002!WP1003!WP1006!WP1007!WP1014!hist14!CP1004,1
2026-07-15 18:31:39.4,1PDF,SLPSL0001,PULV LOW SEAL AIR HDR DIFF PRESS,,LOABS,PULV LOW SEAL AIR HDR DIFF PRESS,ALM,1,3.99551,4,INH2O,!WP1001!WP1002!WP1003!WP1006!WP1007!WP1014!hist14!CP1004,1
2026-07-15 18:31:43.0,FD_FAN_VIB,A_FAN_VEL_AX,A FD FAN VEL AX,,HIABS,A FD FAN VEL AX HI VIB,RTN,1,2.48734,3,MILS,!WP1001!WP1002!WP1003!WP1006!WP1007!WP1014!hist14!CP1005,1
2026-07-15 18:31:53.4,1AAIR,B16,WINDBOX/FURN DIFF PRESS,,LLABS,WINDBIX/FURN PRESS LOW,ALM,5,1.99762,2,INWC,!WP1001!WP1002!WP1003!WP1006!WP1007!WP1014!hist14!CP1001,1
2026-07-15 18:33:06.4,1PDF,SLPSL0001,PULV LOW SEAL AIR HDR DIFF PRESS,,LOABS,PULV LOW SEAL AIR HDR DIFF PRESS,RTN,1,4.02773,4,INH2O,!WP1001!WP1002!WP1003!WP1006!WP1007!WP1014!hist14!CP1004,1
2026-07-15 18:33:07.4,1PDF,SLPSL0001,PULV LOW SEAL AIR HDR DIFF PRESS,,LOABS,PULV LOW SEAL AIR HDR DIFF PRESS,ALM,1,3.98379,4,INH2O,!WP1001!WP1002!WP1003!WP1006!WP1007!WP1014!hist14!CP1004,1
2026-07-15 18:33:08.4,1PDF,SLPSL0001,PULV LOW SEAL AIR HDR DIFF PRESS,,LOABS,PULV LOW SEAL AIR HDR DIFF PRESS,RTN,1,4.01514,4,INH2O,!WP1001!WP1002!WP1003!WP1006!WP1007!WP1014!hist14!CP1004,1
2026-07-15 18:33:33.4,1HMILL,ISTC102,H PULV LUBE OIL   TEMP CTRLR,,HIABS,H MILL OIL TEMP >130DEG,ALM,5,130.01,130,DEGF,!WP1001!WP1002!WP1003!WP1006!WP1007!WP1014!hist14!CP1004,1
2026-07-15 18:34:59.8,1DAS11,IAAH3101,LP HTR OUTLT HYDRAZINE,1234,LOABS,LOW,ALM,1,0.988281,1,ppb,!WP1002!WP1006!WP1007!WP1001!WP1003!WP1014!hist14!CP1008,1
2026-07-15 18:35:04.4,1PDF,SLPSL0001,PULV LOW SEAL AIR HDR DIFF PRESS,,LOABS,PULV LOW SEAL AIR HDR DIFF PRESS,ALM,1,3.97969,4,INH2O,!WP1001!WP1002!WP1003!WP1006!WP1007!WP1014!hist14!CP1004,1
2026-07-15 18:35:08.4,1PDF,SLPSL0001,PULV LOW SEAL AIR HDR DIFF PRESS,,LOABS,PULV LOW SEAL AIR HDR DIFF PRESS,RTN,1,4.02451,4,INH2O,!WP1001!WP1002!WP1003!WP1006!WP1007!WP1014!hist14!CP1004,1
2026-07-15 18:35:09.4,1PDF,SLPSL0001,PULV LOW SEAL AIR HDR DIFF PRESS,,LOABS,PULV LOW SEAL AIR HDR DIFF PRESS,ALM,1,3.95654,4,INH2O,!WP1001!WP1002!WP1003!WP1006!WP1007!WP1014!hist14!CP1004,1
2026-07-15 18:35:10.4,1PDF,SLPSL0001,PULV LOW SEAL AIR HDR DIFF PRESS,,LOABS,PULV LOW SEAL AIR HDR DIFF PRESS,RTN,1,4.01543,4,INH2O,!WP1001!WP1002!WP1003!WP1006!WP1007!WP1014!hist14!CP1004,1
2026-07-15 18:35:11.4,1PDF,SLPSL0001,PULV LOW SEAL AIR HDR DIFF PRESS,,LOABS,PULV LOW SEAL AIR HDR DIFF PRESS,ALM,1,3.89502,4,INH2O,!WP1001!WP1002!WP1003!WP1006!WP1007!WP1014!hist14!CP1004,1
2026-07-15 18:35:14.4,1PDF,SLPSL0001,PULV LOW SEAL AIR HDR DIFF PRESS,,LOABS,PULV LOW SEAL AIR HDR DIFF PRESS,RTN,1,4.02656,4,INH2O,!WP1001!WP1002!WP1003!WP1006!WP1007!WP1014!hist14!CP1004,1
2026-07-15 18:35:15.4,1PDF,SLPSL0001,PULV LOW SEAL AIR HDR DIFF PRESS,,LOABS,PULV LOW SEAL AIR HDR DIFF PRESS,ALM,1,3.95918,4,INH2O,!WP1001!WP1002!WP1003!WP1006!WP1007!WP1014!hist14!CP1004,1
2026-07-15 18:35:16.4,1PDF,SLPSL0001,PULV LOW SEAL AIR HDR DIFF PRESS,,LOABS,PULV LOW SEAL AIR HDR DIFF PRESS,RTN,1,4.06113,4,INH2O,!WP1001!WP1002!WP1003!WP1006!WP1007!WP1014!hist14!CP1004,1
2026-07-15 18:35:17.4,1PDF,SLPSL0001,PULV LOW SEAL AIR HDR DIFF PRESS,,LOABS,PULV LOW SEAL AIR HDR DIFF PRESS,ALM,1,3.98789,4,INH2O,!WP1001!WP1002!WP1003!WP1006!WP1007!WP1014!hist14!CP1004,1
2026-07-15 18:35:18.4,1PDF,SLPSL0001,PULV LOW SEAL AIR HDR DIFF PRESS,,LOABS,PULV LOW SEAL AIR HDR DIFF PRESS,RTN,1,4.13232,4,INH2O,!WP1001!WP1002!WP1003!WP1006!WP1007!WP1014!hist14!CP1004,1
2026-07-15 18:35:53.4,1PDF,SLPSL0001,PULV LOW SEAL AIR HDR DIFF PRESS,,LOABS,PULV LOW SEAL AIR HDR DIFF PRESS,ALM,1,3.95186,4,INH2O,!WP1001!WP1002!WP1003!WP1006!WP1007!WP1014!hist14!CP1004,1
2026-07-15 18:35:54.4,1PDF,SLPSL0001,PULV LOW SEAL AIR HDR DIFF PRESS,,LOABS,PULV LOW SEAL AIR HDR DIFF PRESS,RTN,1,4.00664,4,INH2O,!WP1001!WP1002!WP1003!WP1006!WP1007!WP1014!hist14!CP1004,1
2026-07-15 18:35:55.4,1PDF,SLPSL0001,PULV LOW SEAL AIR HDR DIFF PRESS,,LOABS,PULV LOW SEAL AIR HDR DIFF PRESS,ALM,1,3.89268,4,INH2O,!WP1001!WP1002!WP1003!WP1006!WP1007!WP1014!hist14!CP1004,1
2026-07-15 18:36:02.4,1PDF,SLPSL0001,PULV LOW SEAL AIR HDR DIFF PRESS,,LOABS,PULV LOW SEAL AIR HDR DIFF PRESS,RTN,1,4.05645,4,INH2O,!WP1001!WP1002!WP1003!WP1006!WP1007!WP1014!hist14!CP1004,1
2026-07-15 18:36:03.4,1PDF,SLPSL0001,PULV LOW SEAL AIR HDR DIFF PRESS,,LOABS,PULV LOW SEAL AIR HDR DIFF PRESS,ALM,1,3.95479,4,INH2O,!WP1001!WP1002!WP1003!WP1006!WP1007!WP1014!hist14!CP1004,1
2026-07-15 18:36:04.4,1PDF,SLPSL0001,PULV LOW SEAL AIR HDR DIFF PRESS,,LOABS,PULV LOW SEAL AIR HDR DIFF PRESS,RTN,1,4.02744,4,INH2O,!WP1001!WP1002!WP1003!WP1006!WP1007!WP1014!hist14!CP1004,1
2026-07-15 18:36:05.4,1PDF,SLPSL0001,PULV LOW SEAL AIR HDR DIFF PRESS,,LOABS,PULV LOW SEAL AIR HDR DIFF PRESS,ALM,1,3.95596,4,INH2O,!WP1001!WP1002!WP1003!WP1006!WP1007!WP1014!hist14!CP1004,1
2026-07-15 18:36:07.4,1PDF,SLPSL0001,PULV LOW SEAL AIR HDR DIFF PRESS,,LOABS,PULV LOW SEAL AIR HDR DIFF PRESS,RTN,1,4.05645,4,INH2O,!WP1001!WP1002!WP1003!WP1006!WP1007!WP1014!hist14!CP1004,1
2026-07-15 18:36:12.4,1PDF,SLPSL0001,PULV LOW SEAL AIR HDR DIFF PRESS,,LOABS,PULV LOW SEAL AIR HDR DIFF PRESS,ALM,1,3.98262,4,INH2O,!WP1001!WP1002!WP1003!WP1006!WP1007!WP1014!hist14!CP1004,1
2026-07-15 18:36:13.4,1PDF,SLPSL0001,PULV LOW SEAL AIR HDR DIFF PRESS,,LOABS,PULV LOW SEAL AIR HDR DIFF PRESS,RTN,1,4.09365,4,INH2O,!WP1001!WP1002!WP1003!WP1006!WP1007!WP1014!hist14!CP1004,1
2026-07-15 18:36:18.4,1PDF,SLPSL0001,PULV LOW SEAL AIR HDR DIFF PRESS,,LOABS,PULV LOW SEAL AIR HDR DIFF PRESS,ALM,1,3.95977,4,INH2O,!WP1001!WP1002!WP1003!WP1006!WP1007!WP1014!hist14!CP1004,1
2026-07-15 18:36:19.4,1PDF,SLPSL0001,PULV LOW SEAL AIR HDR DIFF PRESS,,LOABS,PULV LOW SEAL AIR HDR DIFF PRESS,RTN,1,4.10303,4,INH2O,!WP1001!WP1002!WP1003!WP1006!WP1007!WP1014!hist14!CP1004,1
2026-07-15 18:36:35.5,1PDF,SLPSL0001,PULV LOW SEAL AIR HDR DIFF PRESS,,LOABS,PULV LOW SEAL AIR HDR DIFF PRESS,ALM,1,3.97354,4,INH2O,!WP1001!WP1002!WP1003!WP1006!WP1007!WP1014!hist14!CP1004,1
2026-07-15 18:36:36.5,1PDF,SLPSL0001,PULV LOW SEAL AIR HDR DIFF PRESS,,LOABS,PULV LOW SEAL AIR HDR DIFF PRESS,RTN,1,4.03477,4,INH2O,!WP1001!WP1002!WP1003!WP1006!WP1007!WP1014!hist14!CP1004,1
2026-07-15 18:36:37.5,1PDF,SLPSL0001,PULV LOW SEAL AIR HDR DIFF PRESS,,LOABS,PULV LOW SEAL AIR HDR DIFF PRESS,ALM,1,3.86748,4,INH2O,!WP1001!WP1002!WP1003!WP1006!WP1007!WP1014!hist14!CP1004,1
2026-07-15 18:36:40.5,1PDF,SLPSL0001,PULV LOW SEAL AIR HDR DIFF PRESS,,LOABS,PULV LOW SEAL AIR HDR DIFF PRESS,RTN,1,4.06025,4,INH2O,!WP1001!WP1002!WP1003!WP1006!WP1007!WP1014!hist14!CP1004,1
2026-07-15 18:36:43.5,1PDF,SLPSL0001,PULV LOW SEAL AIR HDR DIFF PRESS,,LOABS,PULV LOW SEAL AIR HDR DIFF PRESS,ALM,1,3.99258,4,INH2O,!WP1001!WP1002!WP1003!WP1006!WP1007!WP1014!hist14!CP1004,1
2026-07-15 18:36:44.5,1PDF,SLPSL0001,PULV LOW SEAL AIR HDR DIFF PRESS,,LOABS,PULV LOW SEAL AIR HDR DIFF PRESS,RTN,1,4.02656,4,INH2O,!WP1001!WP1002!WP1003!WP1006!WP1007!WP1014!hist14!CP1004,1
2026-07-15 18:36:45.5,1PDF,SLPSL0001,PULV LOW SEAL AIR HDR DIFF PRESS,,LOABS,PULV LOW SEAL AIR HDR DIFF PRESS,ALM,1,3.97852,4,INH2O,!WP1001!WP1002!WP1003!WP1006!WP1007!WP1014!hist14!CP1004,1
2026-07-15 18:36:46.5,1PDF,SLPSL0001,PULV LOW SEAL AIR HDR DIFF PRESS,,LOABS,PULV LOW SEAL AIR HDR DIFF PRESS,RTN,1,4.01836,4,INH2O,!WP1001!WP1002!WP1003!WP1006!WP1007!WP1014!hist14!CP1004,1
2026-07-15 18:36:47.5,1PDF,SLPSL0001,PULV LOW SEAL AIR HDR DIFF PRESS,,LOABS,PULV LOW SEAL AIR HDR DIFF PRESS,ALM,1,3.92549,4,INH2O,!WP1001!WP1002!WP1003!WP1006!WP1007!WP1014!hist14!CP1004,1
2026-07-15 18:36:48.5,1PDF,SLPSL0001,PULV LOW SEAL AIR HDR DIFF PRESS,,LOABS,PULV LOW SEAL AIR HDR DIFF PRESS,RTN,1,4.00547,4,INH2O,!WP1001!WP1002!WP1003!WP1006!WP1007!WP1014!hist14!CP1004,1
2026-07-15 18:36:49.5,1PDF,SLPSL0001,PULV LOW SEAL AIR HDR DIFF PRESS,,LOABS,PULV LOW SEAL AIR HDR DIFF PRESS,ALM,1,3.98467,4,INH2O,!WP1001!WP1002!WP1003!WP1006!WP1007!WP1014!hist14!CP1004,1
2026-07-15 18:36:53.5,1PDF,SLPSL0001,PULV LOW SEAL AIR HDR DIFF PRESS,,LOABS,PULV LOW SEAL AIR HDR DIFF PRESS,RTN,1,4.02305,4,INH2O,!WP1001!WP1002!WP1003!WP1006!WP1007!WP1014!hist14!CP1004,1
2026-07-15 18:36:54.5,1PDF,SLPSL0001,PULV LOW SEAL AIR HDR DIFF PRESS,,LOABS,PULV LOW SEAL AIR HDR DIFF PRESS,ALM,1,3.89326,4,INH2O,!WP1001!WP1002!WP1003!WP1006!WP1007!WP1014!hist14!CP1004,1
2026-07-15 18:36:59.5,1PDF,SLPSL0001,PULV LOW SEAL AIR HDR DIFF PRESS,,LOABS,PULV LOW SEAL AIR HDR DIFF PRESS,RTN,1,4.0207,4,INH2O,!WP1001!WP1002!WP1003!WP1006!WP1007!WP1014!hist14!CP1004,1
2026-07-15 18:37:00.5,1PDF,SLPSL0001,PULV LOW SEAL AIR HDR DIFF PRESS,,LOABS,PULV LOW SEAL AIR HDR DIFF PRESS,ALM,1,3.89561,4,INH2O,!WP1001!WP1002!WP1003!WP1006!WP1007!WP1014!hist14!CP1004,1
2026-07-15 18:37:03.5,1PDF,SLPSL0001,PULV LOW SEAL AIR HDR DIFF PRESS,,LOABS,PULV LOW SEAL AIR HDR DIFF PRESS,RTN,1,4.03916,4,INH2O,!WP1001!WP1002!WP1003!WP1006!WP1007!WP1014!hist14!CP1004,1
2026-07-15 18:37:04.5,1PDF,SLPSL0001,PULV LOW SEAL AIR HDR DIFF PRESS,,LOABS,PULV LOW SEAL AIR HDR DIFF PRESS,ALM,1,3.94951,4,INH2O,!WP1001!WP1002!WP1003!WP1006!WP1007!WP1014!hist14!CP1004,1
2026-07-15 18:37:05.5,1PDF,SLPSL0001,PULV LOW SEAL AIR HDR DIFF PRESS,,LOABS,PULV LOW SEAL AIR HDR DIFF PRESS,RTN,1,4.04385,4,INH2O,!WP1001!WP1002!WP1003!WP1006!WP1007!WP1014!hist14!CP1004,1
2026-07-15 18:37:06.5,1PDF,SLPSL0001,PULV LOW SEAL AIR HDR DIFF PRESS,,LOABS,PULV LOW SEAL AIR HDR DIFF PRESS,ALM,1,3.97588,4,INH2O,!WP1001!WP1002!WP1003!WP1006!WP1007!WP1014!hist14!CP1004,1
2026-07-15 18:37:12.5,1PDF,SLPSL0001,PULV LOW SEAL AIR HDR DIFF PRESS,,LOABS,PULV LOW SEAL AIR HDR DIFF PRESS,RTN,1,4.04238,4,INH2O,!WP1001!WP1002!WP1003!WP1006!WP1007!WP1014!hist14!CP1004,1
2026-07-15 18:37:13.5,1PDF,SLPSL0001,PULV LOW SEAL AIR HDR DIFF PRESS,,LOABS,PULV LOW SEAL AIR HDR DIFF PRESS,ALM,1,3.92402,4,INH2O,!WP1001!WP1002!WP1003!WP1006!WP1007!WP1014!hist14!CP1004,1
2026-07-15 18:37:16.5,1PDF,SLPSL0001,PULV LOW SEAL AIR HDR DIFF PRESS,,LOABS,PULV LOW SEAL AIR HDR DIFF PRESS,RTN,1,4.06084,4,INH2O,!WP1001!WP1002!WP1003!WP1006!WP1007!WP1014!hist14!CP1004,1
2026-07-15 18:37:17.5,1PDF,SLPSL0001,PULV LOW SEAL AIR HDR DIFF PRESS,,LOABS,PULV LOW SEAL AIR HDR DIFF PRESS,ALM,1,3.93252,4,INH2O,!WP1001!WP1002!WP1003!WP1006!WP1007!WP1014!hist14!CP1004,1
2026-07-15 18:37:18.5,1PDF,SLPSL0001,PULV LOW SEAL AIR HDR DIFF PRESS,,LOABS,PULV LOW SEAL AIR HDR DIFF PRESS,RTN,1,4.07256,4,INH2O,!WP1001!WP1002!WP1003!WP1006!WP1007!WP1014!hist14!CP1004,1
2026-07-15 18:37:19.5,1PDF,SLPSL0001,PULV LOW SEAL AIR HDR DIFF PRESS,,LOABS,PULV LOW SEAL AIR HDR DIFF PRESS,ALM,1,3.92813,4,INH2O,!WP1001!WP1002!WP1003!WP1006!WP1007!WP1014!hist14!CP1004,1
2026-07-15 18:37:20.5,1PDF,SLPSL0001,PULV LOW SEAL AIR HDR DIFF PRESS,,LOABS,PULV LOW SEAL AIR HDR DIFF PRESS,RTN,1,4.06787,4,INH2O,!WP1001!WP1002!WP1003!WP1006!WP1007!WP1014!hist14!CP1004,1
2026-07-15 18:37:21.5,1PDF,SLPSL0001,PULV LOW SEAL AIR HDR DIFF PRESS,,LOABS,PULV LOW SEAL AIR HDR DIFF PRESS,ALM,1,3.97266,4,INH2O,!WP1001!WP1002!WP1003!WP1006!WP1007!WP1014!hist14!CP1004,1
2026-07-15 18:37:22.5,1PDF,SLPSL0001,PULV LOW SEAL AIR HDR DIFF PRESS,,LOABS,PULV LOW SEAL AIR HDR DIFF PRESS,RTN,1,4.13877,4,INH2O,!WP1001!WP1002!WP1003!WP1006!WP1007!WP1014!hist14!CP1004,1
2026-07-15 18:37:27.5,1PDF,SLPSL0001,PULV LOW SEAL AIR HDR DIFF PRESS,,LOABS,PULV LOW SEAL AIR HDR DIFF PRESS,ALM,1,3.89326,4,INH2O,!WP1001!WP1002!WP1003!WP1006!WP1007!WP1014!hist14!CP1004,1
2026-07-15 18:37:31.4,1PDF,SLPSL0001,PULV LOW SEAL AIR HDR DIFF PRESS,,LOABS,PULV LOW SEAL AIR HDR DIFF PRESS,RTN,1,4.06406,4,INH2O,!WP1001!WP1002!WP1003!WP1006!WP1007!WP1014!hist14!CP1004,1
2026-07-15 18:37:34.4,1PDF,SLPSL0001,PULV LOW SEAL AIR HDR DIFF PRESS,,LOABS,PULV LOW SEAL AIR HDR DIFF PRESS,ALM,1,3.94219,4,INH2O,!WP1001!WP1002!WP1003!WP1006!WP1007!WP1014!hist14!CP1004,1
2026-07-15 18:37:35.4,1PDF,SLPSL0001,PULV LOW SEAL AIR HDR DIFF PRESS,,LOABS,PULV LOW SEAL AIR HDR DIFF PRESS,RTN,1,4.01953,4,INH2O,!WP1001!WP1002!WP1003!WP1006!WP1007!WP1014!hist14!CP1004,1
2026-07-15 18:37:36.4,1PDF,SLPSL0001,PULV LOW SEAL AIR HDR DIFF PRESS,,LOABS,PULV LOW SEAL AIR HDR DIFF PRESS,ALM,1,3.90146,4,INH2O,!WP1001!WP1002!WP1003!WP1006!WP1007!WP1014!hist14!CP1004,1
2026-07-15 18:37:39.4,1PDF,SLPSL0001,PULV LOW SEAL AIR HDR DIFF PRESS,,LOABS,PULV LOW SEAL AIR HDR DIFF PRESS,RTN,1,4.04678,4,INH2O,!WP1001!WP1002!WP1003!WP1006!WP1007!WP1014!hist14!CP1004,1
2026-07-15 18:37:40.4,1PDF,SLPSL0001,PULV LOW SEAL AIR HDR DIFF PRESS,,LOABS,PULV LOW SEAL AIR HDR DIFF PRESS,ALM,1,3.90586,4,INH2O,!WP1001!WP1002!WP1003!WP1006!WP1007!WP1014!hist14!CP1004,1
2026-07-15 18:37:41.4,1PDF,SLPSL0001,PULV LOW SEAL AIR HDR DIFF PRESS,,LOABS,PULV LOW SEAL AIR HDR DIFF PRESS,RTN,1,4.0418,4,INH2O,!WP1001!WP1002!WP1003!WP1006!WP1007!WP1014!hist14!CP1004,1
2026-07-15 18:37:42.4,1PDF,SLPSL0001,PULV LOW SEAL AIR HDR DIFF PRESS,,LOABS,PULV LOW SEAL AIR HDR DIFF PRESS,ALM,1,3.93223,4,INH2O,!WP1001!WP1002!WP1003!WP1006!WP1007!WP1014!hist14!CP1004,1
2026-07-15 18:37:43.4,1PDF,SLPSL0001,PULV LOW SEAL AIR HDR DIFF PRESS,,LOABS,PULV LOW SEAL AIR HDR DIFF PRESS,RTN,1,4.03037,4,INH2O,!WP1001!WP1002!WP1003!WP1006!WP1007!WP1014!hist14!CP1004,1
2026-07-15 18:37:44.4,1PDF,SLPSL0001,PULV LOW SEAL AIR HDR DIFF PRESS,,LOABS,PULV LOW SEAL AIR HDR DIFF PRESS,ALM,1,3.91318,4,INH2O,!WP1001!WP1002!WP1003!WP1006!WP1007!WP1014!hist14!CP1004,1
2026-07-15 18:37:45.4,1PDF,SLPSL0001,PULV LOW SEAL AIR HDR DIFF PRESS,,LOABS,PULV LOW SEAL AIR HDR DIFF PRESS,RTN,1,4.02891,4,INH2O,!WP1001!WP1002!WP1003!WP1006!WP1007!WP1014!hist14!CP1004,1
2026-07-15 18:37:46.5,1PDF,SLPSL0001,PULV LOW SEAL AIR HDR DIFF PRESS,,LOABS,PULV LOW SEAL AIR HDR DIFF PRESS,ALM,1,3.9252,4,INH2O,!WP1001!WP1002!WP1003!WP1006!WP1007!WP1014!hist14!CP1004,1
2026-07-15 18:37:47.4,1PDF,SLPSL0001,PULV LOW SEAL AIR HDR DIFF PRESS,,LOABS,PULV LOW SEAL AIR HDR DIFF PRESS,RTN,1,4.00723,4,INH2O,!WP1001!WP1002!WP1003!WP1006!WP1007!WP1014!hist14!CP1004,1
2026-07-15 18:37:48.4,1PDF,SLPSL0001,PULV LOW SEAL AIR HDR DIFF PRESS,,LOABS,PULV LOW SEAL AIR HDR DIFF PRESS,ALM,1,3.9876,4,INH2O,!WP1001!WP1002!WP1003!WP1006!WP1007!WP1014!hist14!CP1004,1
2026-07-15 18:37:49.4,1PDF,SLPSL0001,PULV LOW SEAL AIR HDR DIFF PRESS,,LOABS,PULV LOW SEAL AIR HDR DIFF PRESS,RTN,1,4.04209,4,INH2O,!WP1001!WP1002!WP1003!WP1006!WP1007!WP1014!hist14!CP1004,1
2026-07-15 18:37:59.4,1PDF,SLPSL0001,PULV LOW SEAL AIR HDR DIFF PRESS,,LOABS,PULV LOW SEAL AIR HDR DIFF PRESS,ALM,1,3.91494,4,INH2O,!WP1001!WP1002!WP1003!WP1006!WP1007!WP1014!hist14!CP1004,1
2026-07-15 18:38:00.4,1PDF,SLPSL0001,PULV LOW SEAL AIR HDR DIFF PRESS,,LOABS,PULV LOW SEAL AIR HDR DIFF PRESS,RTN,1,4.06963,4,INH2O,!WP1001!WP1002!WP1003!WP1006!WP1007!WP1014!hist14!CP1004,1
2026-07-15 18:38:18.4,1PDF,SLPSL0001,PULV LOW SEAL AIR HDR DIFF PRESS,,LOABS,PULV LOW SEAL AIR HDR DIFF PRESS,ALM,1,3.97148,4,INH2O,!WP1001!WP1002!WP1003!WP1006!WP1007!WP1014!hist14!CP1004,1
2026-07-15 18:38:19.4,1PDF,SLPSL0001,PULV LOW SEAL AIR HDR DIFF PRESS,,LOABS,PULV LOW SEAL AIR HDR DIFF PRESS,RTN,1,4.10361,4,INH2O,!WP1001!WP1002!WP1003!WP1006!WP1007!WP1014!hist14!CP1004,1
2026-07-15 18:38:26.4,1PDF,SLPSL0001,PULV LOW SEAL AIR HDR DIFF PRESS,,LOABS,PULV LOW SEAL AIR HDR DIFF PRESS,ALM,1,3.90469,4,INH2O,!WP1001!WP1002!WP1003!WP1006!WP1007!WP1014!hist14!CP1004,1
2026-07-15 18:38:29.4,1PDF,SLPSL0001,PULV LOW SEAL AIR HDR DIFF PRESS,,LOABS,PULV LOW SEAL AIR HDR DIFF PRESS,RTN,1,4.02129,4,INH2O,!WP1001!WP1002!WP1003!WP1006!WP1007!WP1014!hist14!CP1004,1
2026-07-15 18:38:30.4,1PDF,SLPSL0001,PULV LOW SEAL AIR HDR DIFF PRESS,,LOABS,PULV LOW SEAL AIR HDR DIFF PRESS,ALM,1,3.98232,4,INH2O,!WP1001!WP1002!WP1003!WP1006!WP1007!WP1014!hist14!CP1004,1
2026-07-15 18:38:32.4,1PDF,SLPSL0001,PULV LOW SEAL AIR HDR DIFF PRESS,,LOABS,PULV LOW SEAL AIR HDR DIFF PRESS,RTN,1,4.02217,4,INH2O,!WP1001!WP1002!WP1003!WP1006!WP1007!WP1014!hist14!CP1004,1
2026-07-15 18:38:35.4,1PDF,SLPSL0001,PULV LOW SEAL AIR HDR DIFF PRESS,,LOABS,PULV LOW SEAL AIR HDR DIFF PRESS,ALM,1,3.96914,4,INH2O,!WP1001!WP1002!WP1003!WP1006!WP1007!WP1014!hist14!CP1004,1
2026-07-15 18:38:36.4,1PDF,SLPSL0001,PULV LOW SEAL AIR HDR DIFF PRESS,,LOABS,PULV LOW SEAL AIR HDR DIFF PRESS,RTN,1,4.06904,4,INH2O,!WP1001!WP1002!WP1003!WP1006!WP1007!WP1014!hist14!CP1004,1
2026-07-15 18:38:37.4,1PDF,SLPSL0001,PULV LOW SEAL AIR HDR DIFF PRESS,,LOABS,PULV LOW SEAL AIR HDR DIFF PRESS,ALM,1,3.95361,4,INH2O,!WP1001!WP1002!WP1003!WP1006!WP1007!WP1014!hist14!CP1004,1
2026-07-15 18:38:38.4,1PDF,SLPSL0001,PULV LOW SEAL AIR HDR DIFF PRESS,,LOABS,PULV LOW SEAL AIR HDR DIFF PRESS,RTN,1,4.12031,4,INH2O,!WP1001!WP1002!WP1003!WP1006!WP1007!WP1014!hist14!CP1004,1
2026-07-15 18:39:55.0,1TC,B21,DROOP ACTIVE,DROOP,STATE,ACTIVE,ALM,5,,,,!hist14!CP1001,2
2026-07-15 18:39:57.5,1PDF,SLPSL0001,PULV LOW SEAL AIR HDR DIFF PRESS,,LOABS,PULV LOW SEAL AIR HDR DIFF PRESS,ALM,1,3.86953,4,INH2O,!WP1001!WP1002!WP1003!WP1006!WP1007!WP1014!hist14!CP1004,1
2026-07-15 18:40:17.4,1TC,B21,DROOP ACTIVE,DROOP,STATE,NORMAL,RTN,5,,,,!hist14!CP1001,2
2026-07-15 18:40:24.0,FD_FAN_VIB,A_FAN_VEL_AX,A FD FAN VEL AX,,HIABS,A FD FAN VEL AX HI VIB,ALM,1,3.11016,3,MILS,!WP1001!WP1002!WP1003!WP1006!WP1007!WP1014!hist14!CP1005,1
2026-07-15 18:40:25.5,1PDF,SLPSL0001,PULV LOW SEAL AIR HDR DIFF PRESS,,LOABS,PULV LOW SEAL AIR HDR DIFF PRESS,RTN,1,4.03242,4,INH2O,!WP1001!WP1002!WP1003!WP1006!WP1007!WP1014!hist14!CP1004,1
2026-07-15 18:40:26.4,1PDF,SLPSL0001,PULV LOW SEAL AIR HDR DIFF PRESS,,LOABS,PULV LOW SEAL AIR HDR DIFF PRESS,ALM,1,3.90029,4,INH2O,!WP1001!WP1002!WP1003!WP1006!WP1007!WP1014!hist14!CP1004,1
2026-07-15 18:40:27.5,1PDF,SLPSL0001,PULV LOW SEAL AIR HDR DIFF PRESS,,LOABS,PULV LOW SEAL AIR HDR DIFF PRESS,RTN,1,4.01865,4,INH2O,!WP1001!WP1002!WP1003!WP1006!WP1007!WP1014!hist14!CP1004,1
2026-07-15 18:40:28.5,1PDF,SLPSL0001,PULV LOW SEAL AIR HDR DIFF PRESS,,LOABS,PULV LOW SEAL AIR HDR DIFF PRESS,ALM,1,3.96533,4,INH2O,!WP1001!WP1002!WP1003!WP1006!WP1007!WP1014!hist14!CP1004,1
2026-07-15 18:40:29.5,1PDF,SLPSL0001,PULV LOW SEAL AIR HDR DIFF PRESS,,LOABS,PULV LOW SEAL AIR HDR DIFF PRESS,RTN,1,4.03271,4,INH2O,!WP1001!WP1002!WP1003!WP1006!WP1007!WP1014!hist14!CP1004,1
2026-07-15 18:40:30.5,1PDF,SLPSL0001,PULV LOW SEAL AIR HDR DIFF PRESS,,LOABS,PULV LOW SEAL AIR HDR DIFF PRESS,ALM,1,3.91172,4,INH2O,!WP1001!WP1002!WP1003!WP1006!WP1007!WP1014!hist14!CP1004,1
2026-07-15 18:40:33.5,1PDF,SLPSL0001,PULV LOW SEAL AIR HDR DIFF PRESS,,LOABS,PULV LOW SEAL AIR HDR DIFF PRESS,RTN,1,4.07754,4,INH2O,!WP1001!WP1002!WP1003!WP1006!WP1007!WP1014!hist14!CP1004,1
2026-07-15 18:40:41.5,1PDF,SLPSL0001,PULV LOW SEAL AIR HDR DIFF PRESS,,LOABS,PULV LOW SEAL AIR HDR DIFF PRESS,ALM,1,3.93457,4,INH2O,!WP1001!WP1002!WP1003!WP1006!WP1007!WP1014!hist14!CP1004,1
2026-07-15 18:40:42.5,1PDF,SLPSL0001,PULV LOW SEAL AIR HDR DIFF PRESS,,LOABS,PULV LOW SEAL AIR HDR DIFF PRESS,RTN,1,4.01367,4,INH2O,!WP1001!WP1002!WP1003!WP1006!WP1007!WP1014!hist14!CP1004,1
2026-07-15 18:40:43.5,1PDF,SLPSL0001,PULV LOW SEAL AIR HDR DIFF PRESS,,LOABS,PULV LOW SEAL AIR HDR DIFF PRESS,ALM,1,3.90615,4,INH2O,!WP1001!WP1002!WP1003!WP1006!WP1007!WP1014!hist14!CP1004,1
2026-07-15 18:40:44.5,1PDF,SLPSL0001,PULV LOW SEAL AIR HDR DIFF PRESS,,LOABS,PULV LOW SEAL AIR HDR DIFF PRESS,RTN,1,4.04326,4,INH2O,!WP1001!WP1002!WP1003!WP1006!WP1007!WP1014!hist14!CP1004,1
2026-07-15 18:40:45.5,1PDF,SLPSL0001,PULV LOW SEAL AIR HDR DIFF PRESS,,LOABS,PULV LOW SEAL AIR HDR DIFF PRESS,ALM,1,3.95039,4,INH2O,!WP1001!WP1002!WP1003!WP1006!WP1007!WP1014!hist14!CP1004,1
2026-07-15 18:40:46.5,1PDF,SLPSL0001,PULV LOW SEAL AIR HDR DIFF PRESS,,LOABS,PULV LOW SEAL AIR HDR DIFF PRESS,RTN,1,4.00283,4,INH2O,!WP1001!WP1002!WP1003!WP1006!WP1007!WP1014!hist14!CP1004,1
2026-07-15 18:40:47.5,1PDF,SLPSL0001,PULV LOW SEAL AIR HDR DIFF PRESS,,LOABS,PULV LOW SEAL AIR HDR DIFF PRESS,ALM,1,3.78311,4,INH2O,!WP1001!WP1002!WP1003!WP1006!WP1007!WP1014!hist14!CP1004,1
2026-07-15 18:41:15.6,IDFAN_PEEC,OPCY_ALM,PRECIP OUT > 50%,PRECIP OUTLET,STATE,ALARM,ALM,3,,,,!WP1001!WP1002!WP1003!WP1006!WP1007!WP1014!hist14!CP1003,1
2026-07-15 18:41:17.1,IDFAN_PEEC,OPCY_ALM,PRECIP OUT > 50%,PRECIP OUTLET,STATE,NORMAL,RTN,3,,,,!WP1001!WP1002!WP1003!WP1006!WP1007!WP1014!hist14!CP1003,1
2026-07-15 18:41:22.5,1PDF,SLPSL0001,PULV LOW SEAL AIR HDR DIFF PRESS,,LOABS,PULV LOW SEAL AIR HDR DIFF PRESS,RTN,1,4.01074,4,INH2O,!WP1001!WP1002!WP1003!WP1006!WP1007!WP1014!hist14!CP1004,1
2026-07-15 18:41:29.5,1PDF,SLPSL0001,PULV LOW SEAL AIR HDR DIFF PRESS,,LOABS,PULV LOW SEAL AIR HDR DIFF PRESS,ALM,1,3.95068,4,INH2O,!WP1001!WP1002!WP1003!WP1006!WP1007!WP1014!hist14!CP1004,1
2026-07-15 18:41:30.5,1PDF,SLPSL0001,PULV LOW SEAL AIR HDR DIFF PRESS,,LOABS,PULV LOW SEAL AIR HDR DIFF PRESS,RTN,1,4.11035,4,INH2O,!WP1001!WP1002!WP1003!WP1006!WP1007!WP1014!hist14!CP1004,1
2026-07-15 18:41:31.0,FD_FAN_VIB,A_FAN_VEL_AX,A FD FAN VEL AX,,HIABS,A FD FAN VEL AX HI VIB,RTN,1,2.48922,3,MILS,!WP1001!WP1002!WP1003!WP1006!WP1007!WP1014!hist14!CP1005,1
2026-07-15 18:41:40.5,1PDF,SLPSL0001,PULV LOW SEAL AIR HDR DIFF PRESS,,LOABS,PULV LOW SEAL AIR HDR DIFF PRESS,ALM,1,3.96445,4,INH2O,!WP1001!WP1002!WP1003!WP1006!WP1007!WP1014!hist14!CP1004,1
2026-07-15 18:41:41.4,1PDF,SLPSL0001,PULV LOW SEAL AIR HDR DIFF PRESS,,LOABS,PULV LOW SEAL AIR HDR DIFF PRESS,RTN,1,4.01338,4,INH2O,!WP1001!WP1002!WP1003!WP1006!WP1007!WP1014!hist14!CP1004,1
2026-07-15 18:41:42.4,1PDF,SLPSL0001,PULV LOW SEAL AIR HDR DIFF PRESS,,LOABS,PULV LOW SEAL AIR HDR DIFF PRESS,ALM,1,3.9876,4,INH2O,!WP1001!WP1002!WP1003!WP1006!WP1007!WP1014!hist14!CP1004,1
2026-07-15 18:41:43.4,1PDF,SLPSL0001,PULV LOW SEAL AIR HDR DIFF PRESS,,LOABS,PULV LOW SEAL AIR HDR DIFF PRESS,RTN,1,4.12354,4,INH2O,!WP1001!WP1002!WP1003!WP1006!WP1007!WP1014!hist14!CP1004,1
2026-07-15 18:41:46.5,1PDF,SLPSL0001,PULV LOW SEAL AIR HDR DIFF PRESS,,LOABS,PULV LOW SEAL AIR HDR DIFF PRESS,ALM,1,3.99492,4,INH2O,!WP1001!WP1002!WP1003!WP1006!WP1007!WP1014!hist14!CP1004,1
2026-07-15 18:41:47.5,1PDF,SLPSL0001,PULV LOW SEAL AIR HDR DIFF PRESS,,LOABS,PULV LOW SEAL AIR HDR DIFF PRESS,RTN,1,4.01309,4,INH2O,!WP1001!WP1002!WP1003!WP1006!WP1007!WP1014!hist14!CP1004,1
2026-07-15 18:41:48.5,1PDF,SLPSL0001,PULV LOW SEAL AIR HDR DIFF PRESS,,LOABS,PULV LOW SEAL AIR HDR DIFF PRESS,ALM,1,3.86397,4,INH2O,!WP1001!WP1002!WP1003!WP1006!WP1007!WP1014!hist14!CP1004,1
2026-07-15 18:41:51.5,1PDF,SLPSL0001,PULV LOW SEAL AIR HDR DIFF PRESS,,LOABS,PULV LOW SEAL AIR HDR DIFF PRESS,RTN,1,4.00869,4,INH2O,!WP1001!WP1002!WP1003!WP1006!WP1007!WP1014!hist14!CP1004,1
2026-07-15 18:41:52.5,1PDF,SLPSL0001,PULV LOW SEAL AIR HDR DIFF PRESS,,LOABS,PULV LOW SEAL AIR HDR DIFF PRESS,ALM,1,3.95713,4,INH2O,!WP1001!WP1002!WP1003!WP1006!WP1007!WP1014!hist14!CP1004,1
2026-07-15 18:41:53.4,1PDF,SLPSL0001,PULV LOW SEAL AIR HDR DIFF PRESS,,LOABS,PULV LOW SEAL AIR HDR DIFF PRESS,RTN,1,4.04326,4,INH2O,!WP1001!WP1002!WP1003!WP1006!WP1007!WP1014!hist14!CP1004,1
2026-07-15 18:41:54.5,1PDF,SLPSL0001,PULV LOW SEAL AIR HDR DIFF PRESS,,LOABS,PULV LOW SEAL AIR HDR DIFF PRESS,ALM,1,3.96211,4,INH2O,!WP1001!WP1002!WP1003!WP1006!WP1007!WP1014!hist14!CP1004,1
2026-07-15 18:41:55.4,1PDF,SLPSL0001,PULV LOW SEAL AIR HDR DIFF PRESS,,LOABS,PULV LOW SEAL AIR HDR DIFF PRESS,RTN,1,4.00371,4,INH2O,!WP1001!WP1002!WP1003!WP1006!WP1007!WP1014!hist14!CP1004,1
2026-07-15 18:41:56.5,1PDF,SLPSL0001,PULV LOW SEAL AIR HDR DIFF PRESS,,LOABS,PULV LOW SEAL AIR HDR DIFF PRESS,ALM,1,3.95479,4,INH2O,!WP1001!WP1002!WP1003!WP1006!WP1007!WP1014!hist14!CP1004,1
2026-07-15 18:42:00.5,1PDF,SLPSL0001,PULV LOW SEAL AIR HDR DIFF PRESS,,LOABS,PULV LOW SEAL AIR HDR DIFF PRESS,RTN,1,4.08076,4,INH2O,!WP1001!WP1002!WP1003!WP1006!WP1007!WP1014!hist14!CP1004,1
2026-07-15 18:42:01.5,1PDF,SLPSL0001,PULV LOW SEAL AIR HDR DIFF PRESS,,LOABS,PULV LOW SEAL AIR HDR DIFF PRESS,ALM,1,3.95566,4,INH2O,!WP1001!WP1002!WP1003!WP1006!WP1007!WP1014!hist14!CP1004,1
2026-07-15 18:42:04.4,1PDF,SLPSL0001,PULV LOW SEAL AIR HDR DIFF PRESS,,LOABS,PULV LOW SEAL AIR HDR DIFF PRESS,RTN,1,4.01162,4,INH2O,!WP1001!WP1002!WP1003!WP1006!WP1007!WP1014!hist14!CP1004,1
2026-07-15 18:42:09.5,1PDF,SLPSL0001,PULV LOW SEAL AIR HDR DIFF PRESS,,LOABS,PULV LOW SEAL AIR HDR DIFF PRESS,ALM,1,3.98877,4,INH2O,!WP1001!WP1002!WP1003!WP1006!WP1007!WP1014!hist14!CP1004,1
2026-07-15 18:42:10.5,1PDF,SLPSL0001,PULV LOW SEAL AIR HDR DIFF PRESS,,LOABS,PULV LOW SEAL AIR HDR DIFF PRESS,RTN,1,4.079,4,INH2O,!WP1001!WP1002!WP1003!WP1006!WP1007!WP1014!hist14!CP1004,1
2026-07-15 18:42:11.5,1PDF,SLPSL0001,PULV LOW SEAL AIR HDR DIFF PRESS,,LOABS,PULV LOW SEAL AIR HDR DIFF PRESS,ALM,1,3.99814,4,INH2O,!WP1001!WP1002!WP1003!WP1006!WP1007!WP1014!hist14!CP1004,1
2026-07-15 18:42:12.5,1PDF,SLPSL0001,PULV LOW SEAL AIR HDR DIFF PRESS,,LOABS,PULV LOW SEAL AIR HDR DIFF PRESS,RTN,1,4.13291,4,INH2O,!WP1001!WP1002!WP1003!WP1006!WP1007!WP1014!hist14!CP1004,1
2026-07-15 18:42:22.5,1PDF,SLPSL0001,PULV LOW SEAL AIR HDR DIFF PRESS,,LOABS,PULV LOW SEAL AIR HDR DIFF PRESS,ALM,1,3.99258,4,INH2O,!WP1001!WP1002!WP1003!WP1006!WP1007!WP1014!hist14!CP1004,1
2026-07-15 18:42:23.5,1PDF,SLPSL0001,PULV LOW SEAL AIR HDR DIFF PRESS,,LOABS,PULV LOW SEAL AIR HDR DIFF PRESS,RTN,1,4.01045,4,INH2O,!WP1001!WP1002!WP1003!WP1006!WP1007!WP1014!hist14!CP1004,1
2026-07-15 18:42:24.4,1PDF,SLPSL0001,PULV LOW SEAL AIR HDR DIFF PRESS,,LOABS,PULV LOW SEAL AIR HDR DIFF PRESS,ALM,1,3.99727,4,INH2O,!WP1001!WP1002!WP1003!WP1006!WP1007!WP1014!hist14!CP1004,1
2026-07-15 18:42:25.5,1PDF,SLPSL0001,PULV LOW SEAL AIR HDR DIFF PRESS,,LOABS,PULV LOW SEAL AIR HDR DIFF PRESS,RTN,1,4.12471,4,INH2O,!WP1001!WP1002!WP1003!WP1006!WP1007!WP1014!hist14!CP1004,1
2026-07-15 18:42:28.4,1PDF,SLPSL0001,PULV LOW SEAL AIR HDR DIFF PRESS,,LOABS,PULV LOW SEAL AIR HDR DIFF PRESS,ALM,1,3.90586,4,INH2O,!WP1001!WP1002!WP1003!WP1006!WP1007!WP1014!hist14!CP1004,1
2026-07-15 18:43:05.5,1PDF,SLPSL0001,PULV LOW SEAL AIR HDR DIFF PRESS,,LOABS,PULV LOW SEAL AIR HDR DIFF PRESS,RTN,1,4.04941,4,INH2O,!WP1001!WP1002!WP1003!WP1006!WP1007!WP1014!hist14!CP1004,1
2026-07-15 18:43:06.5,1PDF,SLPSL0001,PULV LOW SEAL AIR HDR DIFF PRESS,,LOABS,PULV LOW SEAL AIR HDR DIFF PRESS,ALM,1,3.92959,4,INH2O,!WP1001!WP1002!WP1003!WP1006!WP1007!WP1014!hist14!CP1004,1
2026-07-15 18:43:07.5,1PDF,SLPSL0001,PULV LOW SEAL AIR HDR DIFF PRESS,,LOABS,PULV LOW SEAL AIR HDR DIFF PRESS,RTN,1,4.02393,4,INH2O,!WP1001!WP1002!WP1003!WP1006!WP1007!WP1014!hist14!CP1004,1
2026-07-15 18:43:08.5,1PDF,SLPSL0001,PULV LOW SEAL AIR HDR DIFF PRESS,,LOABS,PULV LOW SEAL AIR HDR DIFF PRESS,ALM,1,3.92344,4,INH2O,!WP1001!WP1002!WP1003!WP1006!WP1007!WP1014!hist14!CP1004,1
2026-07-15 18:43:09.5,1PDF,SLPSL0001,PULV LOW SEAL AIR HDR DIFF PRESS,,LOABS,PULV LOW SEAL AIR HDR DIFF PRESS,RTN,1,4.07578,4,INH2O,!WP1001!WP1002!WP1003!WP1006!WP1007!WP1014!hist14!CP1004,1
2026-07-15 18:43:14.5,1PDF,SLPSL0001,PULV LOW SEAL AIR HDR DIFF PRESS,,LOABS,PULV LOW SEAL AIR HDR DIFF PRESS,ALM,1,3.9498,4,INH2O,!WP1001!WP1002!WP1003!WP1006!WP1007!WP1014!hist14!CP1004,1
2026-07-15 18:43:15.4,1PDF,SLPSL0001,PULV LOW SEAL AIR HDR DIFF PRESS,,LOABS,PULV LOW SEAL AIR HDR DIFF PRESS,RTN,1,4.10039,4,INH2O,!WP1001!WP1002!WP1003!WP1006!WP1007!WP1014!hist14!CP1004,1
2026-07-15 18:43:18.5,1PDF,SLPSL0001,PULV LOW SEAL AIR HDR DIFF PRESS,,LOABS,PULV LOW SEAL AIR HDR DIFF PRESS,ALM,1,3.96035,4,INH2O,!WP1001!WP1002!WP1003!WP1006!WP1007!WP1014!hist14!CP1004,1
2026-07-15 18:43:18.3,1SCR_A_NH3,NOX_ERR_HIGH,SCR A NOX ERROR   HIGH,,STATE,ALARM,ALM,1,,,,!WP1001!WP1002!WP1003!WP1006!WP1007!WP1014!hist14!CP1016,1
2026-07-15 18:43:24.5,1PDF,SLPSL0001,PULV LOW SEAL AIR HDR DIFF PRESS,,LOABS,PULV LOW SEAL AIR HDR DIFF PRESS,RTN,1,4.0752,4,INH2O,!WP1001!WP1002!WP1003!WP1006!WP1007!WP1014!hist14!CP1004,1
2026-07-15 18:43:25.5,1PDF,SLPSL0001,PULV LOW SEAL AIR HDR DIFF PRESS,,LOABS,PULV LOW SEAL AIR HDR DIFF PRESS,ALM,1,3.95479,4,INH2O,!WP1001!WP1002!WP1003!WP1006!WP1007!WP1014!hist14!CP1004,1
2026-07-15 18:43:26.5,1PDF,SLPSL0001,PULV LOW SEAL AIR HDR DIFF PRESS,,LOABS,PULV LOW SEAL AIR HDR DIFF PRESS,RTN,1,4.00752,4,INH2O,!WP1001!WP1002!WP1003!WP1006!WP1007!WP1014!hist14!CP1004,1
2026-07-15 18:43:27.5,1PDF,SLPSL0001,PULV LOW SEAL AIR HDR DIFF PRESS,,LOABS,PULV LOW SEAL AIR HDR DIFF PRESS,ALM,1,3.84814,4,INH2O,!WP1001!WP1002!WP1003!WP1006!WP1007!WP1014!hist14!CP1004,1
2026-07-15 18:43:41.5,1PDF,SLPSL0001,PULV LOW SEAL AIR HDR DIFF PRESS,,LOABS,PULV LOW SEAL AIR HDR DIFF PRESS,RTN,1,4.04268,4,INH2O,!WP1001!WP1002!WP1003!WP1006!WP1007!WP1014!hist14!CP1004,1
2026-07-15 18:44:03.0,FD_FAN_VIB,A_FAN_VEL_AX,A FD FAN VEL AX,,HIABS,A FD FAN VEL AX HI VIB,ALM,1,3.0175,3,MILS,!WP1001!WP1002!WP1003!WP1006!WP1007!WP1014!hist14!CP1005,1
2026-07-15 18:44:56.3,1DAS10,IACE3211,COND MAKE-UP SPEC CNDCT,,HIABS,HIGH,RTN,1,0.27998,0.3,US/CM,!WP1002!WP1006!WP1007!WP1001!WP1003!WP1014!hist14!CP1008,1
2026-07-15 18:45:01.5,1PDF,SLPSL0001,PULV LOW SEAL AIR HDR DIFF PRESS,,LOABS,PULV LOW SEAL AIR HDR DIFF PRESS,ALM,1,3.92666,4,INH2O,!WP1001!WP1002!WP1003!WP1006!WP1007!WP1014!hist14!CP1004,1
2026-07-15 18:45:05.5,1PDF,SLPSL0001,PULV LOW SEAL AIR HDR DIFF PRESS,,LOABS,PULV LOW SEAL AIR HDR DIFF PRESS,RTN,1,4.04033,4,INH2O,!WP1001!WP1002!WP1003!WP1006!WP1007!WP1014!hist14!CP1004,1
2026-07-15 18:45:06.5,1PDF,SLPSL0001,PULV LOW SEAL AIR HDR DIFF PRESS,,LOABS,PULV LOW SEAL AIR HDR DIFF PRESS,ALM,1,3.90176,4,INH2O,!WP1001!WP1002!WP1003!WP1006!WP1007!WP1014!hist14!CP1004,1
2026-07-15 18:45:13.5,1PDF,SLPSL0001,PULV LOW SEAL AIR HDR DIFF PRESS,,LOABS,PULV LOW SEAL AIR HDR DIFF PRESS,RTN,1,4.03008,4,INH2O,!WP1001!WP1002!WP1003!WP1006!WP1007!WP1014!hist14!CP1004,1
2026-07-15 18:45:14.5,1PDF,SLPSL0001,PULV LOW SEAL AIR HDR DIFF PRESS,,LOABS,PULV LOW SEAL AIR HDR DIFF PRESS,ALM,1,3.98525,4,INH2O,!WP1001!WP1002!WP1003!WP1006!WP1007!WP1014!hist14!CP1004,1
2026-07-15 18:45:15.5,1PDF,SLPSL0001,PULV LOW SEAL AIR HDR DIFF PRESS,,LOABS,PULV LOW SEAL AIR HDR DIFF PRESS,RTN,1,4.13584,4,INH2O,!WP1001!WP1002!WP1003!WP1006!WP1007!WP1014!hist14!CP1004,1
2026-07-15 18:45:18.3,1SCR_A_NH3,NOX_ERR_HIGH,SCR A NOX ERROR   HIGH,,STATE,NORMAL,RTN,1,,,,!WP1001!WP1002!WP1003!WP1006!WP1007!WP1014!hist14!CP1016,1
2026-07-15 18:45:20.5,1PDF,SLPSL0001,PULV LOW SEAL AIR HDR DIFF PRESS,,LOABS,PULV LOW SEAL AIR HDR DIFF PRESS,ALM,1,3.97559,4,INH2O,!WP1001!WP1002!WP1003!WP1006!WP1007!WP1014!hist14!CP1004,1
2026-07-15 18:45:20.0,FD_FAN_VIB,A_FAN_VEL_AX,A FD FAN VEL AX,,HIABS,A FD FAN VEL AX HI VIB,RTN,1,2.47203,3,MILS,!WP1001!WP1002!WP1003!WP1006!WP1007!WP1014!hist14!CP1005,1
2026-07-15 18:45:21.5,1PDF,SLPSL0001,PULV LOW SEAL AIR HDR DIFF PRESS,,LOABS,PULV LOW SEAL AIR HDR DIFF PRESS,RTN,1,4.03125,4,INH2O,!WP1001!WP1002!WP1003!WP1006!WP1007!WP1014!hist14!CP1004,1
2026-07-15 18:45:52.5,1PDF,SLPSL0001,PULV LOW SEAL AIR HDR DIFF PRESS,,LOABS,PULV LOW SEAL AIR HDR DIFF PRESS,ALM,1,3.93193,4,INH2O,!WP1001!WP1002!WP1003!WP1006!WP1007!WP1014!hist14!CP1004,1
2026-07-15 18:45:53.5,1PDF,SLPSL0001,PULV LOW SEAL AIR HDR DIFF PRESS,,LOABS,PULV LOW SEAL AIR HDR DIFF PRESS,RTN,1,4.05908,4,INH2O,!WP1001!WP1002!WP1003!WP1006!WP1007!WP1014!hist14!CP1004,1
2026-07-15 18:45:54.5,1PDF,SLPSL0001,PULV LOW SEAL AIR HDR DIFF PRESS,,LOABS,PULV LOW SEAL AIR HDR DIFF PRESS,ALM,1,3.9501,4,INH2O,!WP1001!WP1002!WP1003!WP1006!WP1007!WP1014!hist14!CP1004,1
2026-07-15 18:45:55.5,1PDF,SLPSL0001,PULV LOW SEAL AIR HDR DIFF PRESS,,LOABS,PULV LOW SEAL AIR HDR DIFF PRESS,RTN,1,4.06934,4,INH2O,!WP1001!WP1002!WP1003!WP1006!WP1007!WP1014!hist14!CP1004,1
2026-07-15 18:45:58.5,1PDF,SLPSL0001,PULV LOW SEAL AIR HDR DIFF PRESS,,LOABS,PULV LOW SEAL AIR HDR DIFF PRESS,ALM,1,3.84375,4,INH2O,!WP1001!WP1002!WP1003!WP1006!WP1007!WP1014!hist14!CP1004,1
2026-07-15 18:48:05.5,1PDF,SLPSL0001,PULV LOW SEAL AIR HDR DIFF PRESS,,LOABS,PULV LOW SEAL AIR HDR DIFF PRESS,RTN,1,4.03477,4,INH2O,!WP1001!WP1002!WP1003!WP1006!WP1007!WP1014!hist14!CP1004,1
2026-07-15 18:48:09.4,1MA,B37,MILL A TEMP,,HIABS,>145 DEGF,ALM,1,145.071,145,DEGF,!WP1001!WP1002!WP1003!WP1006!WP1007!WP1014!hist14!CP1001,1
2026-07-15 18:48:37.8,1DAS11,ISPSH1131,LIGHTER OIL SUPPLY PRESS ALM,,HIABS,HI LIGHTER OIL SUPPLY PRESS,RTN,1,108.906,175,KPH,!WP1002!WP1006!WP1007!WP1001!WP1003!WP1014!hist14!CP1008,1
2026-07-15 18:48:55.0,FD_FAN_VIB,A_FAN_VEL_AX,A FD FAN VEL AX,,HIABS,A FD FAN VEL AX HI VIB,ALM,1,3.00703,3,MILS,!WP1001!WP1002!WP1003!WP1006!WP1007!WP1014!hist14!CP1005,1
2026-07-15 18:49:14.3,1SCR_B_NH3,NOX_ERR_HIGH,SCR B NOX ERROR   HIGH,,STATE,ALARM,ALM,1,,,,!WP1001!WP1002!WP1003!WP1006!WP1007!WP1014!hist14!CP1016,1
2026-07-15 18:49:30.3,1SCR_B_NH3,NOX_ERR_HIGH,SCR B NOX ERROR   HIGH,,STATE,NORMAL,RTN,1,,,,!WP1001!WP1002!WP1003!WP1006!WP1007!WP1014!hist14!CP1016,1
2026-07-15 18:49:37.5,1PDF,SLPSL0001,PULV LOW SEAL AIR HDR DIFF PRESS,,LOABS,PULV LOW SEAL AIR HDR DIFF PRESS,ALM,1,3.99141,4,INH2O,!WP1001!WP1002!WP1003!WP1006!WP1007!WP1014!hist14!CP1004,1
2026-07-15 18:49:38.5,1PDF,SLPSL0001,PULV LOW SEAL AIR HDR DIFF PRESS,,LOABS,PULV LOW SEAL AIR HDR DIFF PRESS,RTN,1,4.0585,4,INH2O,!WP1001!WP1002!WP1003!WP1006!WP1007!WP1014!hist14!CP1004,1
2026-07-15 18:49:43.5,1PDF,SLPSL0001,PULV LOW SEAL AIR HDR DIFF PRESS,,LOABS,PULV LOW SEAL AIR HDR DIFF PRESS,ALM,1,3.91289,4,INH2O,!WP1001!WP1002!WP1003!WP1006!WP1007!WP1014!hist14!CP1004,1
2026-07-15 18:49:46.5,1PDF,SLPSL0001,PULV LOW SEAL AIR HDR DIFF PRESS,,LOABS,PULV LOW SEAL AIR HDR DIFF PRESS,RTN,1,4.11152,4,INH2O,!WP1001!WP1002!WP1003!WP1006!WP1007!WP1014!hist14!CP1004,1
2026-07-15 18:50:04.5,1PDF,SLPSL0001,PULV LOW SEAL AIR HDR DIFF PRESS,,LOABS,PULV LOW SEAL AIR HDR DIFF PRESS,ALM,1,3.99756,4,INH2O,!WP1001!WP1002!WP1003!WP1006!WP1007!WP1014!hist14!CP1004,1
2026-07-15 18:50:05.5,1PDF,SLPSL0001,PULV LOW SEAL AIR HDR DIFF PRESS,,LOABS,PULV LOW SEAL AIR HDR DIFF PRESS,RTN,1,4.0585,4,INH2O,!WP1001!WP1002!WP1003!WP1006!WP1007!WP1014!hist14!CP1004,1
2026-07-15 18:50:06.5,1PDF,SLPSL0001,PULV LOW SEAL AIR HDR DIFF PRESS,,LOABS,PULV LOW SEAL AIR HDR DIFF PRESS,ALM,1,3.95273,4,INH2O,!WP1001!WP1002!WP1003!WP1006!WP1007!WP1014!hist14!CP1004,1
2026-07-15 18:50:07.5,1PDF,SLPSL0001,PULV LOW SEAL AIR HDR DIFF PRESS,,LOABS,PULV LOW SEAL AIR HDR DIFF PRESS,RTN,1,4.01045,4,INH2O,!WP1001!WP1002!WP1003!WP1006!WP1007!WP1014!hist14!CP1004,1
2026-07-15 18:50:08.5,1PDF,SLPSL0001,PULV LOW SEAL AIR HDR DIFF PRESS,,LOABS,PULV LOW SEAL AIR HDR DIFF PRESS,ALM,1,3.91992,4,INH2O,!WP1001!WP1002!WP1003!WP1006!WP1007!WP1014!hist14!CP1004,1
2026-07-15 18:50:34.8,1SCR_B_PRESS,FGPDI5228B,SCR B CAT LAYER 4 DP,1SR114 PNT 4,HHABS,HI HI DP,RTN,1,1.19807,1.7,INH2O,!WP1001!WP1002!WP1003!WP1006!WP1007!WP1014!hist14!CP1016,1
2026-07-15 18:51:39.5,FD_FAN_VIB,A_FAN_VEL_AX,A FD FAN VEL AX,,HIABS,A FD FAN VEL AX HI VIB,RTN,1,2.48531,3,MILS,!WP1001!WP1002!WP1003!WP1006!WP1007!WP1014!hist14!CP1005,1
2026-07-15 18:52:30.5,1PDF,SLPSL0001,PULV LOW SEAL AIR HDR DIFF PRESS,,LOABS,PULV LOW SEAL AIR HDR DIFF PRESS,RTN,1,4.12646,4,INH2O,!WP1001!WP1002!WP1003!WP1006!WP1007!WP1014!hist14!CP1004,1
2026-07-15 18:52:33.5,1PDF,SLPSL0001,PULV LOW SEAL AIR HDR DIFF PRESS,,LOABS,PULV LOW SEAL AIR HDR DIFF PRESS,ALM,1,3.92168,4,INH2O,!WP1001!WP1002!WP1003!WP1006!WP1007!WP1014!hist14!CP1004,1
2026-07-15 18:52:35.8,1SCR_B_PRESS,FGPDI5228B,SCR B CAT LAYER 4 DP,1SR114 PNT 4,HHABS,HI HI DP,ALM,1,1.71021,1.7,INH2O,!WP1001!WP1002!WP1003!WP1006!WP1007!WP1014!hist14!CP1016,1
2026-07-15 18:52:39.5,1PDF,SLPSL0001,PULV LOW SEAL AIR HDR DIFF PRESS,,LOABS,PULV LOW SEAL AIR HDR DIFF PRESS,RTN,1,4.08486,4,INH2O,!WP1001!WP1002!WP1003!WP1006!WP1007!WP1014!hist14!CP1004,1
2026-07-15 18:54:07.5,FD_FAN_VIB,A_FAN_VEL_AX,A FD FAN VEL AX,,HIABS,A FD FAN VEL AX HI VIB,ALM,1,3.03953,3,MILS,!WP1001!WP1002!WP1003!WP1006!WP1007!WP1014!hist14!CP1005,1
2026-07-15 18:54:16.5,1PDF,SLPSL0001,PULV LOW SEAL AIR HDR DIFF PRESS,,LOABS,PULV LOW SEAL AIR HDR DIFF PRESS,ALM,1,3.92051,4,INH2O,!WP1001!WP1002!WP1003!WP1006!WP1007!WP1014!hist14!CP1004,1
2026-07-15 18:54:21.5,1PDF,SLPSL0001,PULV LOW SEAL AIR HDR DIFF PRESS,,LOABS,PULV LOW SEAL AIR HDR DIFF PRESS,RTN,1,4.01689,4,INH2O,!WP1001!WP1002!WP1003!WP1006!WP1007!WP1014!hist14!CP1004,1
2026-07-15 18:54:22.5,1PDF,SLPSL0001,PULV LOW SEAL AIR HDR DIFF PRESS,,LOABS,PULV LOW SEAL AIR HDR DIFF PRESS,ALM,1,3.96973,4,INH2O,!WP1001!WP1002!WP1003!WP1006!WP1007!WP1014!hist14!CP1004,1
2026-07-15 18:54:55.5,1PDF,SLPSL0001,PULV LOW SEAL AIR HDR DIFF PRESS,,LOABS,PULV LOW SEAL AIR HDR DIFF PRESS,RTN,1,4.00283,4,INH2O,!WP1001!WP1002!WP1003!WP1006!WP1007!WP1014!hist14!CP1004,1
2026-07-15 18:54:56.5,1PDF,SLPSL0001,PULV LOW SEAL AIR HDR DIFF PRESS,,LOABS,PULV LOW SEAL AIR HDR DIFF PRESS,ALM,1,3.90264,4,INH2O,!WP1001!WP1002!WP1003!WP1006!WP1007!WP1014!hist14!CP1004,1
2026-07-15 18:55:00.0,FD_FAN_VIB,A_FAN_VEL_AX,A FD FAN VEL AX,,HIABS,A FD FAN VEL AX HI VIB,RTN,1,2.48344,3,MILS,!WP1001!WP1002!WP1003!WP1006!WP1007!WP1014!hist14!CP1005,1
2026-07-15 18:55:45.5,1PDF,SLPSL0001,PULV LOW SEAL AIR HDR DIFF PRESS,,LOABS,PULV LOW SEAL AIR HDR DIFF PRESS,RTN,1,4.01045,4,INH2O,!WP1001!WP1002!WP1003!WP1006!WP1007!WP1014!hist14!CP1004,1
2026-07-15 18:55:57.5,1PDF,SLPSL0001,PULV LOW SEAL AIR HDR DIFF PRESS,,LOABS,PULV LOW SEAL AIR HDR DIFF PRESS,ALM,1,3.83467,4,INH2O,!WP1001!WP1002!WP1003!WP1006!WP1007!WP1014!hist14!CP1004,1
2026-07-15 18:56:00.5,1PDF,SLPSL0001,PULV LOW SEAL AIR HDR DIFF PRESS,,LOABS,PULV LOW SEAL AIR HDR DIFF PRESS,RTN,1,4.05908,4,INH2O,!WP1001!WP1002!WP1003!WP1006!WP1007!WP1014!hist14!CP1004,1
2026-07-15 18:56:01.5,1PDF,SLPSL0001,PULV LOW SEAL AIR HDR DIFF PRESS,,LOABS,PULV LOW SEAL AIR HDR DIFF PRESS,ALM,1,3.97441,4,INH2O,!WP1001!WP1002!WP1003!WP1006!WP1007!WP1014!hist14!CP1004,1
2026-07-15 18:56:02.5,1PDF,SLPSL0001,PULV LOW SEAL AIR HDR DIFF PRESS,,LOABS,PULV LOW SEAL AIR HDR DIFF PRESS,RTN,1,4.04326,4,INH2O,!WP1001!WP1002!WP1003!WP1006!WP1007!WP1014!hist14!CP1004,1
2026-07-15 18:56:04.5,1PDF,SLPSL0001,PULV LOW SEAL AIR HDR DIFF PRESS,,LOABS,PULV LOW SEAL AIR HDR DIFF PRESS,ALM,1,3.91787,4,INH2O,!WP1001!WP1002!WP1003!WP1006!WP1007!WP1014!hist14!CP1004,1
2026-07-15 18:56:23.5,1PDF,SLPSL0001,PULV LOW SEAL AIR HDR DIFF PRESS,,LOABS,PULV LOW SEAL AIR HDR DIFF PRESS,RTN,1,4.09775,4,INH2O,!WP1001!WP1002!WP1003!WP1006!WP1007!WP1014!hist14!CP1004,1
2026-07-15 18:56:33.5,FD_FAN_VIB,A_FAN_VEL_AX,A FD FAN VEL AX,,HIABS,A FD FAN VEL AX HI VIB,ALM,1,3.00609,3,MILS,!WP1001!WP1002!WP1003!WP1006!WP1007!WP1014!hist14!CP1005,1
2026-07-15 18:57:08.3,1SCR_B_PRESS,FGPDI5228B,SCR B CAT LAYER 4 DP,1SR114 PNT 4,HHABS,HI HI DP,RTN,1,1.19812,1.7,INH2O,!WP1001!WP1002!WP1003!WP1006!WP1007!WP1014!hist14!CP1016,1
2026-07-15 18:58:06.4,1AAIR,B16,WINDBOX/FURN DIFF PRESS,,LLABS,WINDBIX/FURN PRESS LOW,RTN,5,2.51235,2,INWC,!WP1001!WP1002!WP1003!WP1006!WP1007!WP1014!hist14!CP1001,1
2026-07-15 18:58:35.5,1PDF,SLPSL0001,PULV LOW SEAL AIR HDR DIFF PRESS,,LOABS,PULV LOW SEAL AIR HDR DIFF PRESS,ALM,1,3.93984,4,INH2O,!WP1001!WP1002!WP1003!WP1006!WP1007!WP1014!hist14!CP1004,1
2026-07-15 18:58:38.5,1PDF,SLPSL0001,PULV LOW SEAL AIR HDR DIFF PRESS,,LOABS,PULV LOW SEAL AIR HDR DIFF PRESS,RTN,1,4.01016,4,INH2O,!WP1001!WP1002!WP1003!WP1006!WP1007!WP1014!hist14!CP1004,1
2026-07-15 18:58:39.5,1PDF,SLPSL0001,PULV LOW SEAL AIR HDR DIFF PRESS,,LOABS,PULV LOW SEAL AIR HDR DIFF PRESS,ALM,1,3.97178,4,INH2O,!WP1001!WP1002!WP1003!WP1006!WP1007!WP1014!hist14!CP1004,1
2026-07-15 18:58:40.5,1PDF,SLPSL0001,PULV LOW SEAL AIR HDR DIFF PRESS,,LOABS,PULV LOW SEAL AIR HDR DIFF PRESS,RTN,1,4.07695,4,INH2O,!WP1001!WP1002!WP1003!WP1006!WP1007!WP1014!hist14!CP1004,1
2026-07-15 18:58:41.5,1PDF,SLPSL0001,PULV LOW SEAL AIR HDR DIFF PRESS,,LOABS,PULV LOW SEAL AIR HDR DIFF PRESS,ALM,1,3.97793,4,INH2O,!WP1001!WP1002!WP1003!WP1006!WP1007!WP1014!hist14!CP1004,1
2026-07-15 18:58:42.5,1PDF,SLPSL0001,PULV LOW SEAL AIR HDR DIFF PRESS,,LOABS,PULV LOW SEAL AIR HDR DIFF PRESS,RTN,1,4.1332,4,INH2O,!WP1001!WP1002!WP1003!WP1006!WP1007!WP1014!hist14!CP1004,1
2026-07-15 18:58:45.5,1PDF,SLPSL0001,PULV LOW SEAL AIR HDR DIFF PRESS,,LOABS,PULV LOW SEAL AIR HDR DIFF PRESS,ALM,1,3.99404,4,INH2O,!WP1001!WP1002!WP1003!WP1006!WP1007!WP1014!hist14!CP1004,1
2026-07-15 18:58:46.5,1PDF,SLPSL0001,PULV LOW SEAL AIR HDR DIFF PRESS,,LOABS,PULV LOW SEAL AIR HDR DIFF PRESS,RTN,1,4.07871,4,INH2O,!WP1001!WP1002!WP1003!WP1006!WP1007!WP1014!hist14!CP1004,1
2026-07-15 18:59:00.8,1AR_LS,DEV_5803,LS SYS B,,STATE,VALVE 5803 DEVIATION,ALM,3,,,,!WP1001!WP1002!WP1003!WP1006!WP1007!WP1014!hist14!CP1017,1
2026-07-15 18:59:25.5,1PDF,SLPSL0001,PULV LOW SEAL AIR HDR DIFF PRESS,,LOABS,PULV LOW SEAL AIR HDR DIFF PRESS,ALM,1,3.97998,4,INH2O,!WP1001!WP1002!WP1003!WP1006!WP1007!WP1014!hist14!CP1004,1
2026-07-15 18:59:26.5,1PDF,SLPSL0001,PULV LOW SEAL AIR HDR DIFF PRESS,,LOABS,PULV LOW SEAL AIR HDR DIFF PRESS,RTN,1,4.09277,4,INH2O,!WP1001!WP1002!WP1003!WP1006!WP1007!WP1014!hist14!CP1004,1
2026-07-15 18:59:27.5,1PDF,SLPSL0001,PULV LOW SEAL AIR HDR DIFF PRESS,,LOABS,PULV LOW SEAL AIR HDR DIFF PRESS,ALM,1,3.97764,4,INH2O,!WP1001!WP1002!WP1003!WP1006!WP1007!WP1014!hist14!CP1004,1
2026-07-15 18:59:28.5,1PDF,SLPSL0001,PULV LOW SEAL AIR HDR DIFF PRESS,,LOABS,PULV LOW SEAL AIR HDR DIFF PRESS,RTN,1,4.08984,4,INH2O,!WP1001!WP1002!WP1003!WP1006!WP1007!WP1014!hist14!CP1004,1
2026-07-15 18:59:29.5,1PDF,SLPSL0001,PULV LOW SEAL AIR HDR DIFF PRESS,,LOABS,PULV LOW SEAL AIR HDR DIFF PRESS,ALM,1,3.96211,4,INH2O,!WP1001!WP1002!WP1003!WP1006!WP1007!WP1014!hist14!CP1004,1
2026-07-15 18:59:32.5,1PDF,SLPSL0001,PULV LOW SEAL AIR HDR DIFF PRESS,,LOABS,PULV LOW SEAL AIR HDR DIFF PRESS,RTN,1,4.02891,4,INH2O,!WP1001!WP1002!WP1003!WP1006!WP1007!WP1014!hist14!CP1004,1
2026-07-15 18:59:52.8,1AR_LS,DEV_5803,LS SYS B,,STATE,,RTN,3,,,,!WP1001!WP1002!WP1003!WP1006!WP1007!WP1014!hist14!CP1017,1
2026-07-15 19:00:11.5,1PDF,SLPSL0001,PULV LOW SEAL AIR HDR DIFF PRESS,,LOABS,PULV LOW SEAL AIR HDR DIFF PRESS,ALM,1,3.98086,4,INH2O,!WP1001!WP1002!WP1003!WP1006!WP1007!WP1014!hist14!CP1004,1
2026-07-15 19:00:12.5,1PDF,SLPSL0001,PULV LOW SEAL AIR HDR DIFF PRESS,,LOABS,PULV LOW SEAL AIR HDR DIFF PRESS,RTN,1,4.06904,4,INH2O,!WP1001!WP1002!WP1003!WP1006!WP1007!WP1014!hist14!CP1004,1
2026-07-15 19:00:15.5,1PDF,SLPSL0001,PULV LOW SEAL AIR HDR DIFF PRESS,,LOABS,PULV LOW SEAL AIR HDR DIFF PRESS,ALM,1,3.99492,4,INH2O,!WP1001!WP1002!WP1003!WP1006!WP1007!WP1014!hist14!CP1004,1
2026-07-15 19:01:26.5,1PDF,SLPSL0001,PULV LOW SEAL AIR HDR DIFF PRESS,,LOABS,PULV LOW SEAL AIR HDR DIFF PRESS,RTN,1,4.06494,4,INH2O,!WP1001!WP1002!WP1003!WP1006!WP1007!WP1014!hist14!CP1004,1
2026-07-15 19:01:27.5,1PDF,SLPSL0001,PULV LOW SEAL AIR HDR DIFF PRESS,,LOABS,PULV LOW SEAL AIR HDR DIFF PRESS,ALM,1,3.87129,4,INH2O,!WP1001!WP1002!WP1003!WP1006!WP1007!WP1014!hist14!CP1004,1
2026-07-15 19:01:32.5,1PDF,SLPSL0001,PULV LOW SEAL AIR HDR DIFF PRESS,,LOABS,PULV LOW SEAL AIR HDR DIFF PRESS,RTN,1,4.0043,4,INH2O,!WP1001!WP1002!WP1003!WP1006!WP1007!WP1014!hist14!CP1004,1
2026-07-15 19:01:37.5,1PDF,SLPSL0001,PULV LOW SEAL AIR HDR DIFF PRESS,,LOABS,PULV LOW SEAL AIR HDR DIFF PRESS,ALM,1,3.97734,4,INH2O,!WP1001!WP1002!WP1003!WP1006!WP1007!WP1014!hist14!CP1004,1
2026-07-15 19:01:38.5,1PDF,SLPSL0001,PULV LOW SEAL AIR HDR DIFF PRESS,,LOABS,PULV LOW SEAL AIR HDR DIFF PRESS,RTN,1,4.01367,4,INH2O,!WP1001!WP1002!WP1003!WP1006!WP1007!WP1014!hist14!CP1004,1
2026-07-15 19:01:42.5,1PDF,SLPSL0001,PULV LOW SEAL AIR HDR DIFF PRESS,,LOABS,PULV LOW SEAL AIR HDR DIFF PRESS,ALM,1,3.95244,4,INH2O,!WP1001!WP1002!WP1003!WP1006!WP1007!WP1014!hist14!CP1004,1
2026-07-15 19:01:45.5,1PDF,SLPSL0001,PULV LOW SEAL AIR HDR DIFF PRESS,,LOABS,PULV LOW SEAL AIR HDR DIFF PRESS,RTN,1,4.14229,4,INH2O,!WP1001!WP1002!WP1003!WP1006!WP1007!WP1014!hist14!CP1004,1
2026-07-15 19:01:48.5,1PDF,SLPSL0001,PULV LOW SEAL AIR HDR DIFF PRESS,,LOABS,PULV LOW SEAL AIR HDR DIFF PRESS,ALM,1,3.97793,4,INH2O,!WP1001!WP1002!WP1003!WP1006!WP1007!WP1014!hist14!CP1004,1
2026-07-15 19:01:49.5,1PDF,SLPSL0001,PULV LOW SEAL AIR HDR DIFF PRESS,,LOABS,PULV LOW SEAL AIR HDR DIFF PRESS,RTN,1,4.09658,4,INH2O,!WP1001!WP1002!WP1003!WP1006!WP1007!WP1014!hist14!CP1004,1
2026-07-15 19:01:50.5,1PDF,SLPSL0001,PULV LOW SEAL AIR HDR DIFF PRESS,,LOABS,PULV LOW SEAL AIR HDR DIFF PRESS,ALM,1,3.97617,4,INH2O,!WP1001!WP1002!WP1003!WP1006!WP1007!WP1014!hist14!CP1004,1
2026-07-15 19:01:51.5,1PDF,SLPSL0001,PULV LOW SEAL AIR HDR DIFF PRESS,,LOABS,PULV LOW SEAL AIR HDR DIFF PRESS,RTN,1,4.08486,4,INH2O,!WP1001!WP1002!WP1003!WP1006!WP1007!WP1014!hist14!CP1004,1
2026-07-15 19:02:48.8,1DAS11,IAAH3101,LP HTR OUTLT HYDRAZINE,1234,LOABS,LOW,RTN,1,1.51172,1,ppb,!WP1002!WP1006!WP1007!WP1001!WP1003!WP1014!hist14!CP1008,1
2026-07-15 19:03:01.1,1NW_ESP_SMP,NWAI6702B,PRECIP SUMP PMP B DSCH PH,,IOBAD,BAD CHANNEL,RTN,3,,,,!WP1002!WP1011!WP1001!hist14!CP1020,1
2026-07-15 19:03:01.6,1NW_ESP_SMP,NWAI6702B,PRECIP SUMP PMP B DSCH PH,,IOBAD,BAD CHANNEL,ALM,3,,,,!WP1002!WP1011!WP1001!hist14!CP1020,1
2026-07-15 19:03:02.1,1NW_ESP_SMP,NWAI6702B,PRECIP SUMP PMP B DSCH PH,,IOBAD,BAD CHANNEL,RTN,3,,,,!WP1002!WP1011!WP1001!hist14!CP1020,1
2026-07-15 19:03:02.6,1NW_ESP_SMP,NWAI6702B,PRECIP SUMP PMP B DSCH PH,,IOBAD,BAD CHANNEL,ALM,3,,,,!WP1002!WP1011!WP1001!hist14!CP1020,1
2026-07-15 19:03:03.1,1NW_ESP_SMP,NWAI6702B,PRECIP SUMP PMP B DSCH PH,,IOBAD,BAD CHANNEL,RTN,3,,,,!WP1002!WP1011!WP1001!hist14!CP1020,1
2026-07-15 19:03:11.0,1WB_DEV,AA_JJ_DEV,AUX AIR JJ ANY DEV,,STATE,DEVIATION,ALM,5,,,INH2O,,0
2026-07-15 19:03:46.5,1PDF,SLPSL0001,PULV LOW SEAL AIR HDR DIFF PRESS,,LOABS,PULV LOW SEAL AIR HDR DIFF PRESS,ALM,1,3.99814,4,INH2O,!WP1001!WP1002!WP1003!WP1006!WP1007!WP1014!hist14!CP1004,1
2026-07-15 19:04:12.5,1PDF,SLPSL0001,PULV LOW SEAL AIR HDR DIFF PRESS,,LOABS,PULV LOW SEAL AIR HDR DIFF PRESS,RTN,1,4.00635,4,INH2O,!WP1001!WP1002!WP1003!WP1006!WP1007!WP1014!hist14!CP1004,1
2026-07-15 19:04:13.5,1PDF,SLPSL0001,PULV LOW SEAL AIR HDR DIFF PRESS,,LOABS,PULV LOW SEAL AIR HDR DIFF PRESS,ALM,1,3.89121,4,INH2O,!WP1001!WP1002!WP1003!WP1006!WP1007!WP1014!hist14!CP1004,1
2026-07-15 19:04:18.5,1PDF,SLPSL0001,PULV LOW SEAL AIR HDR DIFF PRESS,,LOABS,PULV LOW SEAL AIR HDR DIFF PRESS,RTN,1,4.10684,4,INH2O,!WP1001!WP1002!WP1003!WP1006!WP1007!WP1014!hist14!CP1004,1
2026-07-15 19:04:20.5,1PDF,SLPSL0001,PULV LOW SEAL AIR HDR DIFF PRESS,,LOABS,PULV LOW SEAL AIR HDR DIFF PRESS,ALM,1,3.94834,4,INH2O,!WP1001!WP1002!WP1003!WP1006!WP1007!WP1014!hist14!CP1004,1
2026-07-15 19:06:15.5,1HMILL,ISTC102,H PULV LUBE OIL   TEMP CTRLR,,HIABS,H MILL OIL TEMP >130DEG,RTN,5,127.998,130,DEGF,!WP1001!WP1002!WP1003!WP1006!WP1007!WP1014!hist14!CP1004,1
2026-07-15 19:06:48.5,1PDF,SLPSL0001,PULV LOW SEAL AIR HDR DIFF PRESS,,LOABS,PULV LOW SEAL AIR HDR DIFF PRESS,RTN,1,4.01221,4,INH2O,!WP1001!WP1002!WP1003!WP1006!WP1007!WP1014!hist14!CP1004,1
2026-07-15 19:07:24.5,1PDF,SLPSL0001,PULV LOW SEAL AIR HDR DIFF PRESS,,LOABS,PULV LOW SEAL AIR HDR DIFF PRESS,ALM,1,3.97793,4,INH2O,!WP1001!WP1002!WP1003!WP1006!WP1007!WP1014!hist14!CP1004,1
2026-07-15 19:07:25.5,1PDF,SLPSL0001,PULV LOW SEAL AIR HDR DIFF PRESS,,LOABS,PULV LOW SEAL AIR HDR DIFF PRESS,RTN,1,4.09365,4,INH2O,!WP1001!WP1002!WP1003!WP1006!WP1007!WP1014!hist14!CP1004,1
2026-07-15 19:07:35.5,1PDF,SLPSL0001,PULV LOW SEAL AIR HDR DIFF PRESS,,LOABS,PULV LOW SEAL AIR HDR DIFF PRESS,ALM,1,3.98174,4,INH2O,!WP1001!WP1002!WP1003!WP1006!WP1007!WP1014!hist14!CP1004,1
2026-07-15 19:07:38.5,1PDF,SLPSL0001,PULV LOW SEAL AIR HDR DIFF PRESS,,LOABS,PULV LOW SEAL AIR HDR DIFF PRESS,RTN,1,4.10859,4,INH2O,!WP1001!WP1002!WP1003!WP1006!WP1007!WP1014!hist14!CP1004,1
2026-07-15 19:07:41.5,1PDF,SLPSL0001,PULV LOW SEAL AIR HDR DIFF PRESS,,LOABS,PULV LOW SEAL AIR HDR DIFF PRESS,ALM,1,3.97148,4,INH2O,!WP1001!WP1002!WP1003!WP1006!WP1007!WP1014!hist14!CP1004,1
2026-07-15 19:07:42.5,1PDF,SLPSL0001,PULV LOW SEAL AIR HDR DIFF PRESS,,LOABS,PULV LOW SEAL AIR HDR DIFF PRESS,RTN,1,4.02979,4,INH2O,!WP1001!WP1002!WP1003!WP1006!WP1007!WP1014!hist14!CP1004,1
2026-07-15 19:07:43.5,1PDF,SLPSL0001,PULV LOW SEAL AIR HDR DIFF PRESS,,LOABS,PULV LOW SEAL AIR HDR DIFF PRESS,ALM,1,3.8707,4,INH2O,!WP1001!WP1002!WP1003!WP1006!WP1007!WP1014!hist14!CP1004,1
2026-07-15 19:08:09.5,1PDF,SLPSL0001,PULV LOW SEAL AIR HDR DIFF PRESS,,LOABS,PULV LOW SEAL AIR HDR DIFF PRESS,RTN,1,4.10859,4,INH2O,!WP1001!WP1002!WP1003!WP1006!WP1007!WP1014!hist14!CP1004,1
2026-07-15 19:09:32.5,1PDF,SLPSL0001,PULV LOW SEAL AIR HDR DIFF PRESS,,LOABS,PULV LOW SEAL AIR HDR DIFF PRESS,ALM,1,3.99141,4,INH2O,!WP1001!WP1002!WP1003!WP1006!WP1007!WP1014!hist14!CP1004,1
2026-07-15 19:09:36.5,1PDF,SLPSL0001,PULV LOW SEAL AIR HDR DIFF PRESS,,LOABS,PULV LOW SEAL AIR HDR DIFF PRESS,RTN,1,4.02246,4,INH2O,!WP1001!WP1002!WP1003!WP1006!WP1007!WP1014!hist14!CP1004,1
2026-07-15 19:09:37.5,1PDF,SLPSL0001,PULV LOW SEAL AIR HDR DIFF PRESS,,LOABS,PULV LOW SEAL AIR HDR DIFF PRESS,ALM,1,3.98906,4,INH2O,!WP1001!WP1002!WP1003!WP1006!WP1007!WP1014!hist14!CP1004,1
2026-07-15 19:09:40.5,1PDF,SLPSL0001,PULV LOW SEAL AIR HDR DIFF PRESS,,LOABS,PULV LOW SEAL AIR HDR DIFF PRESS,RTN,1,4.01279,4,INH2O,!WP1001!WP1002!WP1003!WP1006!WP1007!WP1014!hist14!CP1004,1
2026-07-15 19:09:41.5,1PDF,SLPSL0001,PULV LOW SEAL AIR HDR DIFF PRESS,,LOABS,PULV LOW SEAL AIR HDR DIFF PRESS,ALM,1,3.89824,4,INH2O,!WP1001!WP1002!WP1003!WP1006!WP1007!WP1014!hist14!CP1004,1
2026-07-15 19:09:44.3,1BCS_7,IKTE3751,REHEAT TEMP RIGHT (REDUNDANT),,HIABS,HIGH,ALM,1,1012.21,1012.18,DEG.F,!WP1002!WP1006!WP1007!WP1001!WP1003!WP1014!hist14!CP1007,1
2026-07-15 19:10:03.5,1PDF,SLPSL0001,PULV LOW SEAL AIR HDR DIFF PRESS,,LOABS,PULV LOW SEAL AIR HDR DIFF PRESS,RTN,1,4.14463,4,INH2O,!WP1001!WP1002!WP1003!WP1006!WP1007!WP1014!hist14!CP1004,1
2026-07-15 19:10:03.3,1BCS_7,IKTE3451,REHEAT TEMP RIGHT (NORM),,HIABS,HIGH,ALM,1,1012.26,1012.18,DEG.F,!WP1002!WP1006!WP1007!WP1001!WP1003!WP1014!hist14!CP1007,1
2026-07-15 19:10:06.5,1PDF,SLPSL0001,PULV LOW SEAL AIR HDR DIFF PRESS,,LOABS,PULV LOW SEAL AIR HDR DIFF PRESS,ALM,1,3.97969,4,INH2O,!WP1001!WP1002!WP1003!WP1006!WP1007!WP1014!hist14!CP1004,1
2026-07-15 19:10:11.5,1PDF,SLPSL0001,PULV LOW SEAL AIR HDR DIFF PRESS,,LOABS,PULV LOW SEAL AIR HDR DIFF PRESS,RTN,1,4.08428,4,INH2O,!WP1001!WP1002!WP1003!WP1006!WP1007!WP1014!hist14!CP1004,1
2026-07-15 19:10:23.5,1PDF,SLPSL0001,PULV LOW SEAL AIR HDR DIFF PRESS,,LOABS,PULV LOW SEAL AIR HDR DIFF PRESS,ALM,1,3.9252,4,INH2O,!WP1001!WP1002!WP1003!WP1006!WP1007!WP1014!hist14!CP1004,1
2026-07-15 19:10:26.5,1PDF,SLPSL0001,PULV LOW SEAL AIR HDR DIFF PRESS,,LOABS,PULV LOW SEAL AIR HDR DIFF PRESS,RTN,1,4.01514,4,INH2O,!WP1001!WP1002!WP1003!WP1006!WP1007!WP1014!hist14!CP1004,1
2026-07-15 19:11:03.5,1PDF,SLPSL0001,PULV LOW SEAL AIR HDR DIFF PRESS,,LOABS,PULV LOW SEAL AIR HDR DIFF PRESS,ALM,1,3.99639,4,INH2O,!WP1001!WP1002!WP1003!WP1006!WP1007!WP1014!hist14!CP1004,1
2026-07-15 19:11:04.5,1PDF,SLPSL0001,PULV LOW SEAL AIR HDR DIFF PRESS,,LOABS,PULV LOW SEAL AIR HDR DIFF PRESS,RTN,1,4.00957,4,INH2O,!WP1001!WP1002!WP1003!WP1006!WP1007!WP1014!hist14!CP1004,1
2026-07-15 19:11:05.5,1PDF,SLPSL0001,PULV LOW SEAL AIR HDR DIFF PRESS,,LOABS,PULV LOW SEAL AIR HDR DIFF PRESS,ALM,1,3.779,4,INH2O,!WP1001!WP1002!WP1003!WP1006!WP1007!WP1014!hist14!CP1004,1
2026-07-15 19:11:20.8,1BCS_7,IKTE3451,REHEAT TEMP RIGHT (NORM),,HIABS,HIGH,RTN,1,1007.11,1012.18,DEG.F,!WP1002!WP1006!WP1007!WP1001!WP1003!WP1014!hist14!CP1007,1
2026-07-15 19:11:28.3,1BCS_7,IKTE3751,REHEAT TEMP RIGHT (REDUNDANT),,HIABS,HIGH,RTN,1,1007.11,1012.18,DEG.F,!WP1002!WP1006!WP1007!WP1001!WP1003!WP1014!hist14!CP1007,1
2026-07-15 19:12:03.5,1PDF,SLPSL0001,PULV LOW SEAL AIR HDR DIFF PRESS,,LOABS,PULV LOW SEAL AIR HDR DIFF PRESS,RTN,1,4.02949,4,INH2O,!WP1001!WP1002!WP1003!WP1006!WP1007!WP1014!hist14!CP1004,1
2026-07-15 19:13:36.5,1PDF,SLPSL0001,PULV LOW SEAL AIR HDR DIFF PRESS,,LOABS,PULV LOW SEAL AIR HDR DIFF PRESS,ALM,1,3.97617,4,INH2O,!WP1001!WP1002!WP1003!WP1006!WP1007!WP1014!hist14!CP1004,1
2026-07-15 19:13:36.6,1NW_ESP_SMP,NWAI6702B,PRECIP SUMP PMP B DSCH PH,,IOBAD,BAD CHANNEL,ALM,3,,,,!WP1002!WP1011!WP1001!hist14!CP1020,1
2026-07-15 19:14:22.5,1PDF,SLPSL0001,PULV LOW SEAL AIR HDR DIFF PRESS,,LOABS,PULV LOW SEAL AIR HDR DIFF PRESS,RTN,1,4.0043,4,INH2O,!WP1001!WP1002!WP1003!WP1006!WP1007!WP1014!hist14!CP1004,1
2026-07-15 19:14:26.5,1PDF,SLPSL0001,PULV LOW SEAL AIR HDR DIFF PRESS,,LOABS,PULV LOW SEAL AIR HDR DIFF PRESS,ALM,1,3.97793,4,INH2O,!WP1001!WP1002!WP1003!WP1006!WP1007!WP1014!hist14!CP1004,1
2026-07-15 19:16:21.5,1PDF,SLPSL0001,PULV LOW SEAL AIR HDR DIFF PRESS,,LOABS,PULV LOW SEAL AIR HDR DIFF PRESS,RTN,1,4.02041,4,INH2O,!WP1001!WP1002!WP1003!WP1006!WP1007!WP1014!hist14!CP1004,1
2026-07-15 19:17:21.5,1PDF,SLPSL0001,PULV LOW SEAL AIR HDR DIFF PRESS,,LOABS,PULV LOW SEAL AIR HDR DIFF PRESS,ALM,1,3.98789,4,INH2O,!WP1001!WP1002!WP1003!WP1006!WP1007!WP1014!hist14!CP1004,1
2026-07-15 19:17:22.5,1PDF,SLPSL0001,PULV LOW SEAL AIR HDR DIFF PRESS,,LOABS,PULV LOW SEAL AIR HDR DIFF PRESS,RTN,1,4.04766,4,INH2O,!WP1001!WP1002!WP1003!WP1006!WP1007!WP1014!hist14!CP1004,1
2026-07-15 19:17:23.5,1PDF,SLPSL0001,PULV LOW SEAL AIR HDR DIFF PRESS,,LOABS,PULV LOW SEAL AIR HDR DIFF PRESS,ALM,1,3.98818,4,INH2O,!WP1001!WP1002!WP1003!WP1006!WP1007!WP1014!hist14!CP1004,1
2026-07-15 19:17:24.5,1PDF,SLPSL0001,PULV LOW SEAL AIR HDR DIFF PRESS,,LOABS,PULV LOW SEAL AIR HDR DIFF PRESS,RTN,1,4.09863,4,INH2O,!WP1001!WP1002!WP1003!WP1006!WP1007!WP1014!hist14!CP1004,1
2026-07-15 19:17:52.5,1PDF,SLPSL0001,PULV LOW SEAL AIR HDR DIFF PRESS,,LOABS,PULV LOW SEAL AIR HDR DIFF PRESS,ALM,1,3.97998,4,INH2O,!WP1001!WP1002!WP1003!WP1006!WP1007!WP1014!hist14!CP1004,1
2026-07-15 19:18:02.5,1PDF,SLPSL0001,PULV LOW SEAL AIR HDR DIFF PRESS,,LOABS,PULV LOW SEAL AIR HDR DIFF PRESS,RTN,1,4.03271,4,INH2O,!WP1001!WP1002!WP1003!WP1006!WP1007!WP1014!hist14!CP1004,1
2026-07-15 19:18:17.8,1DAS11,IAAH3101,LP HTR OUTLT HYDRAZINE,1234,LOABS,LOW,ALM,1,0.986328,1,ppb,!WP1002!WP1006!WP1007!WP1001!WP1003!WP1014!hist14!CP1008,1
2026-07-15 19:18:36.6,IDFAN_PEEC,OPCY_ALM,PRECIP OUT > 50%,PRECIP OUTLET,STATE,ALARM,ALM,3,,,,!WP1001!WP1002!WP1003!WP1006!WP1007!WP1014!hist14!CP1003,1
2026-07-15 19:18:39.5,1PDF,SLPSL0001,PULV LOW SEAL AIR HDR DIFF PRESS,,LOABS,PULV LOW SEAL AIR HDR DIFF PRESS,ALM,1,3.99053,4,INH2O,!WP1001!WP1002!WP1003!WP1006!WP1007!WP1014!hist14!CP1004,1
2026-07-15 19:18:46.3,1DAS10,IACE3211,COND MAKE-UP SPEC CNDCT,,HIABS,HIGH,ALM,1,0.3,0.3,US/CM,!WP1002!WP1006!WP1007!WP1001!WP1003!WP1014!hist14!CP1008,1
2026-07-15 19:18:55.6,IDFAN_PEEC,OPCY_ALM,PRECIP OUT > 50%,PRECIP OUTLET,STATE,NORMAL,RTN,3,,,,!WP1001!WP1002!WP1003!WP1006!WP1007!WP1014!hist14!CP1003,1
2026-07-15 19:19:46.5,1HMILL,ISTC102,H PULV LUBE OIL   TEMP CTRLR,,HIABS,H MILL OIL TEMP >130DEG,ALM,5,130.225,130,DEGF,!WP1001!WP1002!WP1003!WP1006!WP1007!WP1014!hist14!CP1004,1
2026-07-15 19:19:51.0,1WB_DEV,AA_JJ_DEV,AUX AIR JJ ANY DEV,,STATE,NORMAL,RTN,5,,,INH2O,,0
2026-07-15 19:20:48.5,1PDF,SLPSL0001,PULV LOW SEAL AIR HDR DIFF PRESS,,LOABS,PULV LOW SEAL AIR HDR DIFF PRESS,RTN,1,4.12354,4,INH2O,!WP1001!WP1002!WP1003!WP1006!WP1007!WP1014!hist14!CP1004,1
2026-07-15 19:22:59.5,1PDF,SLPSL0001,PULV LOW SEAL AIR HDR DIFF PRESS,,LOABS,PULV LOW SEAL AIR HDR DIFF PRESS,ALM,1,3.92871,4,INH2O,!WP1001!WP1002!WP1003!WP1006!WP1007!WP1014!hist14!CP1004,1
2026-07-15 19:23:04.5,1PDF,SLPSL0001,PULV LOW SEAL AIR HDR DIFF PRESS,,LOABS,PULV LOW SEAL AIR HDR DIFF PRESS,RTN,1,4.01895,4,INH2O,!WP1001!WP1002!WP1003!WP1006!WP1007!WP1014!hist14!CP1004,1
2026-07-15 19:23:08.5,1PDF,SLPSL0001,PULV LOW SEAL AIR HDR DIFF PRESS,,LOABS,PULV LOW SEAL AIR HDR DIFF PRESS,ALM,1,3.9041,4,INH2O,!WP1001!WP1002!WP1003!WP1006!WP1007!WP1014!hist14!CP1004,1
2026-07-15 19:23:13.5,1PDF,SLPSL0001,PULV LOW SEAL AIR HDR DIFF PRESS,,LOABS,PULV LOW SEAL AIR HDR DIFF PRESS,RTN,1,4.03154,4,INH2O,!WP1001!WP1002!WP1003!WP1006!WP1007!WP1014!hist14!CP1004,1
2026-07-15 19:23:14.5,1PDF,SLPSL0001,PULV LOW SEAL AIR HDR DIFF PRESS,,LOABS,PULV LOW SEAL AIR HDR DIFF PRESS,ALM,1,3.90586,4,INH2O,!WP1001!WP1002!WP1003!WP1006!WP1007!WP1014!hist14!CP1004,1
2026-07-15 19:23:17.5,1PDF,SLPSL0001,PULV LOW SEAL AIR HDR DIFF PRESS,,LOABS,PULV LOW SEAL AIR HDR DIFF PRESS,RTN,1,4.03008,4,INH2O,!WP1001!WP1002!WP1003!WP1006!WP1007!WP1014!hist14!CP1004,1
2026-07-15 19:23:18.5,1PDF,SLPSL0001,PULV LOW SEAL AIR HDR DIFF PRESS,,LOABS,PULV LOW SEAL AIR HDR DIFF PRESS,ALM,1,3.98584,4,INH2O,!WP1001!WP1002!WP1003!WP1006!WP1007!WP1014!hist14!CP1004,1
2026-07-15 19:23:19.5,1PDF,SLPSL0001,PULV LOW SEAL AIR HDR DIFF PRESS,,LOABS,PULV LOW SEAL AIR HDR DIFF PRESS,RTN,1,4.06963,4,INH2O,!WP1001!WP1002!WP1003!WP1006!WP1007!WP1014!hist14!CP1004,1
2026-07-15 19:23:22.5,1PDF,SLPSL0001,PULV LOW SEAL AIR HDR DIFF PRESS,,LOABS,PULV LOW SEAL AIR HDR DIFF PRESS,ALM,1,3.97266,4,INH2O,!WP1001!WP1002!WP1003!WP1006!WP1007!WP1014!hist14!CP1004,1
2026-07-15 19:23:24.5,1PDF,SLPSL0001,PULV LOW SEAL AIR HDR DIFF PRESS,,LOABS,PULV LOW SEAL AIR HDR DIFF PRESS,RTN,1,4.05645,4,INH2O,!WP1001!WP1002!WP1003!WP1006!WP1007!WP1014!hist14!CP1004,1
2026-07-15 19:23:50.5,1PDF,SLPSL0001,PULV LOW SEAL AIR HDR DIFF PRESS,,LOABS,PULV LOW SEAL AIR HDR DIFF PRESS,ALM,1,3.99053,4,INH2O,!WP1001!WP1002!WP1003!WP1006!WP1007!WP1014!hist14!CP1004,1
2026-07-15 19:23:51.5,1PDF,SLPSL0001,PULV LOW SEAL AIR HDR DIFF PRESS,,LOABS,PULV LOW SEAL AIR HDR DIFF PRESS,RTN,1,4.05732,4,INH2O,!WP1001!WP1002!WP1003!WP1006!WP1007!WP1014!hist14!CP1004,1
2026-07-15 19:23:52.5,1PDF,SLPSL0001,PULV LOW SEAL AIR HDR DIFF PRESS,,LOABS,PULV LOW SEAL AIR HDR DIFF PRESS,ALM,1,3.92842,4,INH2O,!WP1001!WP1002!WP1003!WP1006!WP1007!WP1014!hist14!CP1004,1
2026-07-15 19:23:57.5,1PDF,SLPSL0001,PULV LOW SEAL AIR HDR DIFF PRESS,,LOABS,PULV LOW SEAL AIR HDR DIFF PRESS,RTN,1,4.05996,4,INH2O,!WP1001!WP1002!WP1003!WP1006!WP1007!WP1014!hist14!CP1004,1
2026-07-15 19:23:58.5,1PDF,SLPSL0001,PULV LOW SEAL AIR HDR DIFF PRESS,,LOABS,PULV LOW SEAL AIR HDR DIFF PRESS,ALM,1,3.94893,4,INH2O,!WP1001!WP1002!WP1003!WP1006!WP1007!WP1014!hist14!CP1004,1
2026-07-15 19:24:02.5,1PDF,SLPSL0001,PULV LOW SEAL AIR HDR DIFF PRESS,,LOABS,PULV LOW SEAL AIR HDR DIFF PRESS,RTN,1,4.04268,4,INH2O,!WP1001!WP1002!WP1003!WP1006!WP1007!WP1014!hist14!CP1004,1
2026-07-15 19:24:33.5,1PDF,SLPSL0001,PULV LOW SEAL AIR HDR DIFF PRESS,,LOABS,PULV LOW SEAL AIR HDR DIFF PRESS,ALM,1,3.99814,4,INH2O,!WP1001!WP1002!WP1003!WP1006!WP1007!WP1014!hist14!CP1004,1
2026-07-15 19:24:37.5,1PDF,SLPSL0001,PULV LOW SEAL AIR HDR DIFF PRESS,,LOABS,PULV LOW SEAL AIR HDR DIFF PRESS,RTN,1,4.01572,4,INH2O,!WP1001!WP1002!WP1003!WP1006!WP1007!WP1014!hist14!CP1004,1
2026-07-15 19:24:38.5,1PDF,SLPSL0001,PULV LOW SEAL AIR HDR DIFF PRESS,,LOABS,PULV LOW SEAL AIR HDR DIFF PRESS,ALM,1,3.8417,4,INH2O,!WP1001!WP1002!WP1003!WP1006!WP1007!WP1014!hist14!CP1004,1
2026-07-15 19:25:00.5,1PDF,SLPSL0001,PULV LOW SEAL AIR HDR DIFF PRESS,,LOABS,PULV LOW SEAL AIR HDR DIFF PRESS,RTN,1,4.0125,4,INH2O,!WP1001!WP1002!WP1003!WP1006!WP1007!WP1014!hist14!CP1004,1
2026-07-15 19:25:01.5,1PDF,SLPSL0001,PULV LOW SEAL AIR HDR DIFF PRESS,,LOABS,PULV LOW SEAL AIR HDR DIFF PRESS,ALM,1,3.81592,4,INH2O,!WP1001!WP1002!WP1003!WP1006!WP1007!WP1014!hist14!CP1004,1
2026-07-15 19:26:08.5,1PDF,SLPSL0001,PULV LOW SEAL AIR HDR DIFF PRESS,,LOABS,PULV LOW SEAL AIR HDR DIFF PRESS,RTN,1,4.01074,4,INH2O,!WP1001!WP1002!WP1003!WP1006!WP1007!WP1014!hist14!CP1004,1
2026-07-15 19:26:11.5,1PDF,SLPSL0001,PULV LOW SEAL AIR HDR DIFF PRESS,,LOABS,PULV LOW SEAL AIR HDR DIFF PRESS,ALM,1,3.92021,4,INH2O,!WP1001!WP1002!WP1003!WP1006!WP1007!WP1014!hist14!CP1004,1
2026-07-15 19:27:58.5,1PDF,SLPSL0001,PULV LOW SEAL AIR HDR DIFF PRESS,,LOABS,PULV LOW SEAL AIR HDR DIFF PRESS,RTN,1,4.02803,4,INH2O,!WP1001!WP1002!WP1003!WP1006!WP1007!WP1014!hist14!CP1004,1
2026-07-15 19:27:59.5,1PDF,SLPSL0001,PULV LOW SEAL AIR HDR DIFF PRESS,,LOABS,PULV LOW SEAL AIR HDR DIFF PRESS,ALM,1,3.94277,4,INH2O,!WP1001!WP1002!WP1003!WP1006!WP1007!WP1014!hist14!CP1004,1
2026-07-15 19:28:15.5,1PDF,SLPSL0001,PULV LOW SEAL AIR HDR DIFF PRESS,,LOABS,PULV LOW SEAL AIR HDR DIFF PRESS,RTN,1,4.0251,4,INH2O,!WP1001!WP1002!WP1003!WP1006!WP1007!WP1014!hist14!CP1004,1
2026-07-15 19:28:17.5,1PDF,SLPSL0001,PULV LOW SEAL AIR HDR DIFF PRESS,,LOABS,PULV LOW SEAL AIR HDR DIFF PRESS,ALM,1,3.97178,4,INH2O,!WP1001!WP1002!WP1003!WP1006!WP1007!WP1014!hist14!CP1004,1
2026-07-15 19:28:18.5,1PDF,SLPSL0001,PULV LOW SEAL AIR HDR DIFF PRESS,,LOABS,PULV LOW SEAL AIR HDR DIFF PRESS,RTN,1,4.02188,4,INH2O,!WP1001!WP1002!WP1003!WP1006!WP1007!WP1014!hist14!CP1004,1
2026-07-15 19:28:21.5,1PDF,SLPSL0001,PULV LOW SEAL AIR HDR DIFF PRESS,,LOABS,PULV LOW SEAL AIR HDR DIFF PRESS,ALM,1,3.92168,4,INH2O,!WP1001!WP1002!WP1003!WP1006!WP1007!WP1014!hist14!CP1004,1
2026-07-15 19:28:22.5,1PDF,SLPSL0001,PULV LOW SEAL AIR HDR DIFF PRESS,,LOABS,PULV LOW SEAL AIR HDR DIFF PRESS,RTN,1,4.02041,4,INH2O,!WP1001!WP1002!WP1003!WP1006!WP1007!WP1014!hist14!CP1004,1
2026-07-15 19:28:23.5,1PDF,SLPSL0001,PULV LOW SEAL AIR HDR DIFF PRESS,,LOABS,PULV LOW SEAL AIR HDR DIFF PRESS,ALM,1,3.93018,4,INH2O,!WP1001!WP1002!WP1003!WP1006!WP1007!WP1014!hist14!CP1004,1
2026-07-15 19:28:26.5,1PDF,SLPSL0001,PULV LOW SEAL AIR HDR DIFF PRESS,,LOABS,PULV LOW SEAL AIR HDR DIFF PRESS,RTN,1,4.01543,4,INH2O,!WP1001!WP1002!WP1003!WP1006!WP1007!WP1014!hist14!CP1004,1
2026-07-15 19:28:27.5,1PDF,SLPSL0001,PULV LOW SEAL AIR HDR DIFF PRESS,,LOABS,PULV LOW SEAL AIR HDR DIFF PRESS,ALM,1,3.99902,4,INH2O,!WP1001!WP1002!WP1003!WP1006!WP1007!WP1014!hist14!CP1004,1
2026-07-15 19:28:28.5,1PDF,SLPSL0001,PULV LOW SEAL AIR HDR DIFF PRESS,,LOABS,PULV LOW SEAL AIR HDR DIFF PRESS,RTN,1,4.04707,4,INH2O,!WP1001!WP1002!WP1003!WP1006!WP1007!WP1014!hist14!CP1004,1
2026-07-15 19:28:31.5,1PDF,SLPSL0001,PULV LOW SEAL AIR HDR DIFF PRESS,,LOABS,PULV LOW SEAL AIR HDR DIFF PRESS,ALM,1,3.97529,4,INH2O,!WP1001!WP1002!WP1003!WP1006!WP1007!WP1014!hist14!CP1004,1
2026-07-15 19:28:32.5,1PDF,SLPSL0001,PULV LOW SEAL AIR HDR DIFF PRESS,,LOABS,PULV LOW SEAL AIR HDR DIFF PRESS,RTN,1,4.06699,4,INH2O,!WP1001!WP1002!WP1003!WP1006!WP1007!WP1014!hist14!CP1004,1
2026-07-15 19:28:44.5,1PDF,SLPSL0001,PULV LOW SEAL AIR HDR DIFF PRESS,,LOABS,PULV LOW SEAL AIR HDR DIFF PRESS,ALM,1,3.94688,4,INH2O,!WP1001!WP1002!WP1003!WP1006!WP1007!WP1014!hist14!CP1004,1
2026-07-15 19:28:49.5,1PDF,SLPSL0001,PULV LOW SEAL AIR HDR DIFF PRESS,,LOABS,PULV LOW SEAL AIR HDR DIFF PRESS,RTN,1,4.02129,4,INH2O,!WP1001!WP1002!WP1003!WP1006!WP1007!WP1014!hist14!CP1004,1
2026-07-15 19:28:50.5,1PDF,SLPSL0001,PULV LOW SEAL AIR HDR DIFF PRESS,,LOABS,PULV LOW SEAL AIR HDR DIFF PRESS,ALM,1,3.95186,4,INH2O,!WP1001!WP1002!WP1003!WP1006!WP1007!WP1014!hist14!CP1004,1
2026-07-15 19:29:19.5,1PDF,SLPSL0001,PULV LOW SEAL AIR HDR DIFF PRESS,,LOABS,PULV LOW SEAL AIR HDR DIFF PRESS,RTN,1,4.01279,4,INH2O,!WP1001!WP1002!WP1003!WP1006!WP1007!WP1014!hist14!CP1004,1
2026-07-15 19:29:20.5,1PDF,SLPSL0001,PULV LOW SEAL AIR HDR DIFF PRESS,,LOABS,PULV LOW SEAL AIR HDR DIFF PRESS,ALM,1,3.98145,4,INH2O,!WP1001!WP1002!WP1003!WP1006!WP1007!WP1014!hist14!CP1004,1
2026-07-15 19:29:21.5,1PDF,SLPSL0001,PULV LOW SEAL AIR HDR DIFF PRESS,,LOABS,PULV LOW SEAL AIR HDR DIFF PRESS,RTN,1,4.02891,4,INH2O,!WP1001!WP1002!WP1003!WP1006!WP1007!WP1014!hist14!CP1004,1
2026-07-15 19:29:22.5,1PDF,SLPSL0001,PULV LOW SEAL AIR HDR DIFF PRESS,,LOABS,PULV LOW SEAL AIR HDR DIFF PRESS,ALM,1,3.97646,4,INH2O,!WP1001!WP1002!WP1003!WP1006!WP1007!WP1014!hist14!CP1004,1
2026-07-15 19:29:23.5,1PDF,SLPSL0001,PULV LOW SEAL AIR HDR DIFF PRESS,,LOABS,PULV LOW SEAL AIR HDR DIFF PRESS,RTN,1,4.00693,4,INH2O,!WP1001!WP1002!WP1003!WP1006!WP1007!WP1014!hist14!CP1004,1
2026-07-15 19:29:26.5,1PDF,SLPSL0001,PULV LOW SEAL AIR HDR DIFF PRESS,,LOABS,PULV LOW SEAL AIR HDR DIFF PRESS,ALM,1,3.99111,4,INH2O,!WP1001!WP1002!WP1003!WP1006!WP1007!WP1014!hist14!CP1004,1
2026-07-15 19:29:27.5,1PDF,SLPSL0001,PULV LOW SEAL AIR HDR DIFF PRESS,,LOABS,PULV LOW SEAL AIR HDR DIFF PRESS,RTN,1,4.02656,4,INH2O,!WP1001!WP1002!WP1003!WP1006!WP1007!WP1014!hist14!CP1004,1
2026-07-15 19:29:28.5,1PDF,SLPSL0001,PULV LOW SEAL AIR HDR DIFF PRESS,,LOABS,PULV LOW SEAL AIR HDR DIFF PRESS,ALM,1,3.93897,4,INH2O,!WP1001!WP1002!WP1003!WP1006!WP1007!WP1014!hist14!CP1004,1
2026-07-15 19:29:29.5,1PDF,SLPSL0001,PULV LOW SEAL AIR HDR DIFF PRESS,,LOABS,PULV LOW SEAL AIR HDR DIFF PRESS,RTN,1,4.00605,4,INH2O,!WP1001!WP1002!WP1003!WP1006!WP1007!WP1014!hist14!CP1004,1
2026-07-15 19:29:32.5,1PDF,SLPSL0001,PULV LOW SEAL AIR HDR DIFF PRESS,,LOABS,PULV LOW SEAL AIR HDR DIFF PRESS,ALM,1,3.95654,4,INH2O,!WP1001!WP1002!WP1003!WP1006!WP1007!WP1014!hist14!CP1004,1
2026-07-15 19:29:40.5,1PDF,SLPSL0001,PULV LOW SEAL AIR HDR DIFF PRESS,,LOABS,PULV LOW SEAL AIR HDR DIFF PRESS,RTN,1,4.0582,4,INH2O,!WP1001!WP1002!WP1003!WP1006!WP1007!WP1014!hist14!CP1004,1
2026-07-15 19:29:41.5,1PDF,SLPSL0001,PULV LOW SEAL AIR HDR DIFF PRESS,,LOABS,PULV LOW SEAL AIR HDR DIFF PRESS,ALM,1,3.98408,4,INH2O,!WP1001!WP1002!WP1003!WP1006!WP1007!WP1014!hist14!CP1004,1
2026-07-15 19:29:50.5,1PDF,SLPSL0001,PULV LOW SEAL AIR HDR DIFF PRESS,,LOABS,PULV LOW SEAL AIR HDR DIFF PRESS,RTN,1,4.02773,4,INH2O,!WP1001!WP1002!WP1003!WP1006!WP1007!WP1014!hist14!CP1004,1
2026-07-15 19:29:51.5,1PDF,SLPSL0001,PULV LOW SEAL AIR HDR DIFF PRESS,,LOABS,PULV LOW SEAL AIR HDR DIFF PRESS,ALM,1,3.93369,4,INH2O,!WP1001!WP1002!WP1003!WP1006!WP1007!WP1014!hist14!CP1004,1
2026-07-15 19:29:56.5,1PDF,SLPSL0001,PULV LOW SEAL AIR HDR DIFF PRESS,,LOABS,PULV LOW SEAL AIR HDR DIFF PRESS,RTN,1,4.02246,4,INH2O,!WP1001!WP1002!WP1003!WP1006!WP1007!WP1014!hist14!CP1004,1
2026-07-15 19:29:58.5,1PDF,SLPSL0001,PULV LOW SEAL AIR HDR DIFF PRESS,,LOABS,PULV LOW SEAL AIR HDR DIFF PRESS,ALM,1,3.96328,4,INH2O,!WP1001!WP1002!WP1003!WP1006!WP1007!WP1014!hist14!CP1004,1
2026-07-15 19:30:00.5,1PDF,SLPSL0001,PULV LOW SEAL AIR HDR DIFF PRESS,,LOABS,PULV LOW SEAL AIR HDR DIFF PRESS,RTN,1,4.0333,4,INH2O,!WP1001!WP1002!WP1003!WP1006!WP1007!WP1014!hist14!CP1004,1
2026-07-15 19:30:06.5,1PDF,SLPSL0001,PULV LOW SEAL AIR HDR DIFF PRESS,,LOABS,PULV LOW SEAL AIR HDR DIFF PRESS,ALM,1,3.93135,4,INH2O,!WP1001!WP1002!WP1003!WP1006!WP1007!WP1014!hist14!CP1004,1
2026-07-15 19:30:07.5,1PDF,SLPSL0001,PULV LOW SEAL AIR HDR DIFF PRESS,,LOABS,PULV LOW SEAL AIR HDR DIFF PRESS,RTN,1,4.03477,4,INH2O,!WP1001!WP1002!WP1003!WP1006!WP1007!WP1014!hist14!CP1004,1
2026-07-15 19:30:14.5,1PDF,SLPSL0001,PULV LOW SEAL AIR HDR DIFF PRESS,,LOABS,PULV LOW SEAL AIR HDR DIFF PRESS,ALM,1,3.97734,4,INH2O,!WP1001!WP1002!WP1003!WP1006!WP1007!WP1014!hist14!CP1004,1
2026-07-15 19:30:15.5,1PDF,SLPSL0001,PULV LOW SEAL AIR HDR DIFF PRESS,,LOABS,PULV LOW SEAL AIR HDR DIFF PRESS,RTN,1,4.09512,4,INH2O,!WP1001!WP1002!WP1003!WP1006!WP1007!WP1014!hist14!CP1004,1
2026-07-15 19:31:15.5,1PDF,SLPSL0001,PULV LOW SEAL AIR HDR DIFF PRESS,,LOABS,PULV LOW SEAL AIR HDR DIFF PRESS,ALM,1,3.97354,4,INH2O,!WP1001!WP1002!WP1003!WP1006!WP1007!WP1014!hist14!CP1004,1
2026-07-15 19:31:37.5,1PDF,SLPSL0001,PULV LOW SEAL AIR HDR DIFF PRESS,,LOABS,PULV LOW SEAL AIR HDR DIFF PRESS,RTN,1,4.01016,4,INH2O,!WP1001!WP1002!WP1003!WP1006!WP1007!WP1014!hist14!CP1004,1
2026-07-15 19:31:38.5,1PDF,SLPSL0001,PULV LOW SEAL AIR HDR DIFF PRESS,,LOABS,PULV LOW SEAL AIR HDR DIFF PRESS,ALM,1,3.98584,4,INH2O,!WP1001!WP1002!WP1003!WP1006!WP1007!WP1014!hist14!CP1004,1
2026-07-15 19:31:39.5,1PDF,SLPSL0001,PULV LOW SEAL AIR HDR DIFF PRESS,,LOABS,PULV LOW SEAL AIR HDR DIFF PRESS,RTN,1,4.03125,4,INH2O,!WP1001!WP1002!WP1003!WP1006!WP1007!WP1014!hist14!CP1004,1
2026-07-15 19:31:53.5,1PDF,SLPSL0001,PULV LOW SEAL AIR HDR DIFF PRESS,,LOABS,PULV LOW SEAL AIR HDR DIFF PRESS,ALM,1,3.9334,4,INH2O,!WP1001!WP1002!WP1003!WP1006!WP1007!WP1014!hist14!CP1004,1
2026-07-15 19:31:54.5,1PDF,SLPSL0001,PULV LOW SEAL AIR HDR DIFF PRESS,,LOABS,PULV LOW SEAL AIR HDR DIFF PRESS,RTN,1,4.04678,4,INH2O,!WP1001!WP1002!WP1003!WP1006!WP1007!WP1014!hist14!CP1004,1
2026-07-15 19:32:06.5,1PDF,SLPSL0001,PULV LOW SEAL AIR HDR DIFF PRESS,,LOABS,PULV LOW SEAL AIR HDR DIFF PRESS,ALM,1,3.9457,4,INH2O,!WP1001!WP1002!WP1003!WP1006!WP1007!WP1014!hist14!CP1004,1
2026-07-15 19:33:04.4,1AAIR,B16,WINDBOX/FURN DIFF PRESS,,LLABS,WINDBIX/FURN PRESS LOW,ALM,5,1.99374,2,INWC,!WP1001!WP1002!WP1003!WP1006!WP1007!WP1014!hist14!CP1001,1
2026-07-15 19:33:12.0,FD_FAN_VIB,A_FAN_VEL_AX,A FD FAN VEL AX,,HIABS,A FD FAN VEL AX HI VIB,RTN,1,2.45297,3,MILS,!WP1001!WP1002!WP1003!WP1006!WP1007!WP1014!hist14!CP1005,1
2026-07-15 19:34:25.5,1PDF,SLPSL0001,PULV LOW SEAL AIR HDR DIFF PRESS,,LOABS,PULV LOW SEAL AIR HDR DIFF PRESS,RTN,1,4.00693,4,INH2O,!WP1001!WP1002!WP1003!WP1006!WP1007!WP1014!hist14!CP1004,1
2026-07-15 19:34:38.5,1PDF,SLPSL0001,PULV LOW SEAL AIR HDR DIFF PRESS,,LOABS,PULV LOW SEAL AIR HDR DIFF PRESS,ALM,1,3.97559,4,INH2O,!WP1001!WP1002!WP1003!WP1006!WP1007!WP1014!hist14!CP1004,1
2026-07-15 19:34:40.5,1PDF,SLPSL0001,PULV LOW SEAL AIR HDR DIFF PRESS,,LOABS,PULV LOW SEAL AIR HDR DIFF PRESS,RTN,1,4.11064,4,INH2O,!WP1001!WP1002!WP1003!WP1006!WP1007!WP1014!hist14!CP1004,1
2026-07-15 19:35:38.1,1AB_SURGEA,FCVA153AL,LINE A TO SILO    B,TRANSPORT LIN,STATE,FAIL,ALM,3,,,,!WP1002!WP1011!WP1001!hist14!CP1020,1
2026-07-15 19:35:40.6,1AB_SURGEA,FCVA153AL,LINE A TO SILO    B,TRANSPORT LIN,STATE,OK,RTN,3,,,,!WP1002!WP1011!WP1001!hist14!CP1020,1
2026-07-15 19:35:54.0,FD_FAN_VIB,A_FAN_VEL_AX,A FD FAN VEL AX,,HIABS,A FD FAN VEL AX HI VIB,ALM,1,3.06531,3,MILS,!WP1001!WP1002!WP1003!WP1006!WP1007!WP1014!hist14!CP1005,1
2026-07-15 19:36:19.5,1PDF,SLPSL0001,PULV LOW SEAL AIR HDR DIFF PRESS,,LOABS,PULV LOW SEAL AIR HDR DIFF PRESS,ALM,1,3.98057,4,INH2O,!WP1001!WP1002!WP1003!WP1006!WP1007!WP1014!hist14!CP1004,1
2026-07-15 19:36:23.5,1PDF,SLPSL0001,PULV LOW SEAL AIR HDR DIFF PRESS,,LOABS,PULV LOW SEAL AIR HDR DIFF PRESS,RTN,1,4.01836,4,INH2O,!WP1001!WP1002!WP1003!WP1006!WP1007!WP1014!hist14!CP1004,1
2026-07-15 19:36:24.5,1PDF,SLPSL0001,PULV LOW SEAL AIR HDR DIFF PRESS,,LOABS,PULV LOW SEAL AIR HDR DIFF PRESS,ALM,1,3.93809,4,INH2O,!WP1001!WP1002!WP1003!WP1006!WP1007!WP1014!hist14!CP1004,1
2026-07-15 19:36:42.5,FD_FAN_VIB,A_FAN_VEL_AX,A FD FAN VEL AX,,HIABS,A FD FAN VEL AX HI VIB,RTN,1,2.30328,3,MILS,!WP1001!WP1002!WP1003!WP1006!WP1007!WP1014!hist14!CP1005,1
2026-07-15 19:36:57.5,1PDF,SLPSL0001,PULV LOW SEAL AIR HDR DIFF PRESS,,LOABS,PULV LOW SEAL AIR HDR DIFF PRESS,RTN,1,4.03477,4,INH2O,!WP1001!WP1002!WP1003!WP1006!WP1007!WP1014!hist14!CP1004,1
2026-07-15 19:37:00.5,1PDF,SLPSL0001,PULV LOW SEAL AIR HDR DIFF PRESS,,LOABS,PULV LOW SEAL AIR HDR DIFF PRESS,ALM,1,3.97471,4,INH2O,!WP1001!WP1002!WP1003!WP1006!WP1007!WP1014!hist14!CP1004,1
2026-07-15 19:37:03.5,1PDF,SLPSL0001,PULV LOW SEAL AIR HDR DIFF PRESS,,LOABS,PULV LOW SEAL AIR HDR DIFF PRESS,RTN,1,4.02275,4,INH2O,!WP1001!WP1002!WP1003!WP1006!WP1007!WP1014!hist14!CP1004,1
2026-07-15 19:37:08.5,1PDF,SLPSL0001,PULV LOW SEAL AIR HDR DIFF PRESS,,LOABS,PULV LOW SEAL AIR HDR DIFF PRESS,ALM,1,3.93867,4,INH2O,!WP1001!WP1002!WP1003!WP1006!WP1007!WP1014!hist14!CP1004,1
2026-07-15 19:37:11.5,1PDF,SLPSL0001,PULV LOW SEAL AIR HDR DIFF PRESS,,LOABS,PULV LOW SEAL AIR HDR DIFF PRESS,RTN,1,4.004,4,INH2O,!WP1001!WP1002!WP1003!WP1006!WP1007!WP1014!hist14!CP1004,1
2026-07-15 19:37:14.5,1PDF,SLPSL0001,PULV LOW SEAL AIR HDR DIFF PRESS,,LOABS,PULV LOW SEAL AIR HDR DIFF PRESS,ALM,1,3.96504,4,INH2O,!WP1001!WP1002!WP1003!WP1006!WP1007!WP1014!hist14!CP1004,1
2026-07-15 19:37:34.5,1PDF,SLPSL0001,PULV LOW SEAL AIR HDR DIFF PRESS,,LOABS,PULV LOW SEAL AIR HDR DIFF PRESS,RTN,1,4.02422,4,INH2O,!WP1001!WP1002!WP1003!WP1006!WP1007!WP1014!hist14!CP1004,1
2026-07-15 19:37:38.5,1PDF,SLPSL0001,PULV LOW SEAL AIR HDR DIFF PRESS,,LOABS,PULV LOW SEAL AIR HDR DIFF PRESS,ALM,1,3.9832,4,INH2O,!WP1001!WP1002!WP1003!WP1006!WP1007!WP1014!hist14!CP1004,1
2026-07-15 19:37:43.5,1PDF,SLPSL0001,PULV LOW SEAL AIR HDR DIFF PRESS,,LOABS,PULV LOW SEAL AIR HDR DIFF PRESS,RTN,1,4.04648,4,INH2O,!WP1001!WP1002!WP1003!WP1006!WP1007!WP1014!hist14!CP1004,1
2026-07-15 19:37:51.5,1PDF,SLPSL0001,PULV LOW SEAL AIR HDR DIFF PRESS,,LOABS,PULV LOW SEAL AIR HDR DIFF PRESS,ALM,1,3.97969,4,INH2O,!WP1001!WP1002!WP1003!WP1006!WP1007!WP1014!hist14!CP1004,1
2026-07-15 19:37:55.5,1PDF,SLPSL0001,PULV LOW SEAL AIR HDR DIFF PRESS,,LOABS,PULV LOW SEAL AIR HDR DIFF PRESS,RTN,1,4.0166,4,INH2O,!WP1001!WP1002!WP1003!WP1006!WP1007!WP1014!hist14!CP1004,1
2026-07-15 19:37:57.5,1PDF,SLPSL0001,PULV LOW SEAL AIR HDR DIFF PRESS,,LOABS,PULV LOW SEAL AIR HDR DIFF PRESS,ALM,1,3.95596,4,INH2O,!WP1001!WP1002!WP1003!WP1006!WP1007!WP1014!hist14!CP1004,1
2026-07-15 19:40:25.5,1PDF,SLPSL0001,PULV LOW SEAL AIR HDR DIFF PRESS,,LOABS,PULV LOW SEAL AIR HDR DIFF PRESS,RTN,1,4.04531,4,INH2O,!WP1001!WP1002!WP1003!WP1006!WP1007!WP1014!hist14!CP1004,1
2026-07-15 19:40:29.5,1PDF,SLPSL0001,PULV LOW SEAL AIR HDR DIFF PRESS,,LOABS,PULV LOW SEAL AIR HDR DIFF PRESS,ALM,1,3.90439,4,INH2O,!WP1001!WP1002!WP1003!WP1006!WP1007!WP1014!hist14!CP1004,1
2026-07-15 19:42:05.5,1PDF,SLPSL0001,PULV LOW SEAL AIR HDR DIFF PRESS,,LOABS,PULV LOW SEAL AIR HDR DIFF PRESS,RTN,1,4.01543,4,INH2O,!WP1001!WP1002!WP1003!WP1006!WP1007!WP1014!hist14!CP1004,1
2026-07-15 19:42:09.5,1PDF,SLPSL0001,PULV LOW SEAL AIR HDR DIFF PRESS,,LOABS,PULV LOW SEAL AIR HDR DIFF PRESS,ALM,1,3.96064,4,INH2O,!WP1001!WP1002!WP1003!WP1006!WP1007!WP1014!hist14!CP1004,1
2026-07-15 19:45:21.5,1PDF,SLPSL0001,PULV LOW SEAL AIR HDR DIFF PRESS,,LOABS,PULV LOW SEAL AIR HDR DIFF PRESS,RTN,1,4.01631,4,INH2O,!WP1001!WP1002!WP1003!WP1006!WP1007!WP1014!hist14!CP1004,1
2026-07-15 19:45:24.5,1PDF,SLPSL0001,PULV LOW SEAL AIR HDR DIFF PRESS,,LOABS,PULV LOW SEAL AIR HDR DIFF PRESS,ALM,1,3.97324,4,INH2O,!WP1001!WP1002!WP1003!WP1006!WP1007!WP1014!hist14!CP1004,1
2026-07-15 19:45:29.5,1PDF,SLPSL0001,PULV LOW SEAL AIR HDR DIFF PRESS,,LOABS,PULV LOW SEAL AIR HDR DIFF PRESS,RTN,1,4.15811,4,INH2O,!WP1001!WP1002!WP1003!WP1006!WP1007!WP1014!hist14!CP1004,1
2026-07-15 19:45:32.5,1PDF,SLPSL0001,PULV LOW SEAL AIR HDR DIFF PRESS,,LOABS,PULV LOW SEAL AIR HDR DIFF PRESS,ALM,1,3.97236,4,INH2O,!WP1001!WP1002!WP1003!WP1006!WP1007!WP1014!hist14!CP1004,1
2026-07-15 19:45:37.5,1PDF,SLPSL0001,PULV LOW SEAL AIR HDR DIFF PRESS,,LOABS,PULV LOW SEAL AIR HDR DIFF PRESS,RTN,1,4.01016,4,INH2O,!WP1001!WP1002!WP1003!WP1006!WP1007!WP1014!hist14!CP1004,1
2026-07-15 19:45:38.5,1PDF,SLPSL0001,PULV LOW SEAL AIR HDR DIFF PRESS,,LOABS,PULV LOW SEAL AIR HDR DIFF PRESS,ALM,1,3.94922,4,INH2O,!WP1001!WP1002!WP1003!WP1006!WP1007!WP1014!hist14!CP1004,1
2026-07-15 19:45:52.5,1PDF,SLPSL0001,PULV LOW SEAL AIR HDR DIFF PRESS,,LOABS,PULV LOW SEAL AIR HDR DIFF PRESS,RTN,1,4.01133,4,INH2O,!WP1001!WP1002!WP1003!WP1006!WP1007!WP1014!hist14!CP1004,1
2026-07-15 19:45:53.5,1PDF,SLPSL0001,PULV LOW SEAL AIR HDR DIFF PRESS,,LOABS,PULV LOW SEAL AIR HDR DIFF PRESS,ALM,1,3.97764,4,INH2O,!WP1001!WP1002!WP1003!WP1006!WP1007!WP1014!hist14!CP1004,1
2026-07-15 19:45:54.5,1PDF,SLPSL0001,PULV LOW SEAL AIR HDR DIFF PRESS,,LOABS,PULV LOW SEAL AIR HDR DIFF PRESS,RTN,1,4.01631,4,INH2O,!WP1001!WP1002!WP1003!WP1006!WP1007!WP1014!hist14!CP1004,1
2026-07-15 19:45:55.5,1PDF,SLPSL0001,PULV LOW SEAL AIR HDR DIFF PRESS,,LOABS,PULV LOW SEAL AIR HDR DIFF PRESS,ALM,1,3.97236,4,INH2O,!WP1001!WP1002!WP1003!WP1006!WP1007!WP1014!hist14!CP1004,1
2026-07-15 19:46:01.5,1PDF,SLPSL0001,PULV LOW SEAL AIR HDR DIFF PRESS,,LOABS,PULV LOW SEAL AIR HDR DIFF PRESS,RTN,1,4.01689,4,INH2O,!WP1001!WP1002!WP1003!WP1006!WP1007!WP1014!hist14!CP1004,1
2026-07-15 19:46:04.5,1PDF,SLPSL0001,PULV LOW SEAL AIR HDR DIFF PRESS,,LOABS,PULV LOW SEAL AIR HDR DIFF PRESS,ALM,1,3.95449,4,INH2O,!WP1001!WP1002!WP1003!WP1006!WP1007!WP1014!hist14!CP1004,1
2026-07-15 19:46:06.5,1PDF,SLPSL0001,PULV LOW SEAL AIR HDR DIFF PRESS,,LOABS,PULV LOW SEAL AIR HDR DIFF PRESS,RTN,1,4.00078,4,INH2O,!WP1001!WP1002!WP1003!WP1006!WP1007!WP1014!hist14!CP1004,1
2026-07-15 19:46:08.5,1PDF,SLPSL0001,PULV LOW SEAL AIR HDR DIFF PRESS,,LOABS,PULV LOW SEAL AIR HDR DIFF PRESS,ALM,1,3.99463,4,INH2O,!WP1001!WP1002!WP1003!WP1006!WP1007!WP1014!hist14!CP1004,1
2026-07-15 19:46:09.5,1PDF,SLPSL0001,PULV LOW SEAL AIR HDR DIFF PRESS,,LOABS,PULV LOW SEAL AIR HDR DIFF PRESS,RTN,1,4.03887,4,INH2O,!WP1001!WP1002!WP1003!WP1006!WP1007!WP1014!hist14!CP1004,1
2026-07-15 19:46:10.5,1PDF,SLPSL0001,PULV LOW SEAL AIR HDR DIFF PRESS,,LOABS,PULV LOW SEAL AIR HDR DIFF PRESS,ALM,1,3.99199,4,INH2O,!WP1001!WP1002!WP1003!WP1006!WP1007!WP1014!hist14!CP1004,1
2026-07-15 19:46:11.5,1PDF,SLPSL0001,PULV LOW SEAL AIR HDR DIFF PRESS,,LOABS,PULV LOW SEAL AIR HDR DIFF PRESS,RTN,1,4.14141,4,INH2O,!WP1001!WP1002!WP1003!WP1006!WP1007!WP1014!hist14!CP1004,1
2026-07-15 19:46:24.5,1PDF,SLPSL0001,PULV LOW SEAL AIR HDR DIFF PRESS,,LOABS,PULV LOW SEAL AIR HDR DIFF PRESS,ALM,1,3.99697,4,INH2O,!WP1001!WP1002!WP1003!WP1006!WP1007!WP1014!hist14!CP1004,1
2026-07-15 19:46:27.5,1PDF,SLPSL0001,PULV LOW SEAL AIR HDR DIFF PRESS,,LOABS,PULV LOW SEAL AIR HDR DIFF PRESS,RTN,1,4.0623,4,INH2O,!WP1001!WP1002!WP1003!WP1006!WP1007!WP1014!hist14!CP1004,1
2026-07-15 19:46:29.5,1PDF,SLPSL0001,PULV LOW SEAL AIR HDR DIFF PRESS,,LOABS,PULV LOW SEAL AIR HDR DIFF PRESS,ALM,1,3.97822,4,INH2O,!WP1001!WP1002!WP1003!WP1006!WP1007!WP1014!hist14!CP1004,1
2026-07-15 19:46:35.5,1PDF,SLPSL0001,PULV LOW SEAL AIR HDR DIFF PRESS,,LOABS,PULV LOW SEAL AIR HDR DIFF PRESS,RTN,1,4.02568,4,INH2O,!WP1001!WP1002!WP1003!WP1006!WP1007!WP1014!hist14!CP1004,1
2026-07-15 19:47:21.5,1PDF,SLPSL0001,PULV LOW SEAL AIR HDR DIFF PRESS,,LOABS,PULV LOW SEAL AIR HDR DIFF PRESS,ALM,1,3.9457,4,INH2O,!WP1001!WP1002!WP1003!WP1006!WP1007!WP1014!hist14!CP1004,1
2026-07-15 19:47:28.5,1PDF,SLPSL0001,PULV LOW SEAL AIR HDR DIFF PRESS,,LOABS,PULV LOW SEAL AIR HDR DIFF PRESS,RTN,1,4.03008,4,INH2O,!WP1001!WP1002!WP1003!WP1006!WP1007!WP1014!hist14!CP1004,1
2026-07-15 19:47:30.5,1PDF,SLPSL0001,PULV LOW SEAL AIR HDR DIFF PRESS,,LOABS,PULV LOW SEAL AIR HDR DIFF PRESS,ALM,1,3.97881,4,INH2O,!WP1001!WP1002!WP1003!WP1006!WP1007!WP1014!hist14!CP1004,1
2026-07-15 19:47:31.5,1PDF,SLPSL0001,PULV LOW SEAL AIR HDR DIFF PRESS,,LOABS,PULV LOW SEAL AIR HDR DIFF PRESS,RTN,1,4.00781,4,INH2O,!WP1001!WP1002!WP1003!WP1006!WP1007!WP1014!hist14!CP1004,1
2026-07-15 19:47:32.5,1PDF,SLPSL0001,PULV LOW SEAL AIR HDR DIFF PRESS,,LOABS,PULV LOW SEAL AIR HDR DIFF PRESS,ALM,1,3.98115,4,INH2O,!WP1001!WP1002!WP1003!WP1006!WP1007!WP1014!hist14!CP1004,1
2026-07-15 19:47:33.5,1PDF,SLPSL0001,PULV LOW SEAL AIR HDR DIFF PRESS,,LOABS,PULV LOW SEAL AIR HDR DIFF PRESS,RTN,1,4.06611,4,INH2O,!WP1001!WP1002!WP1003!WP1006!WP1007!WP1014!hist14!CP1004,1
2026-07-15 19:47:56.5,1PDF,SLPSL0001,PULV LOW SEAL AIR HDR DIFF PRESS,,LOABS,PULV LOW SEAL AIR HDR DIFF PRESS,ALM,1,3.98643,4,INH2O,!WP1001!WP1002!WP1003!WP1006!WP1007!WP1014!hist14!CP1004,1
2026-07-15 19:47:59.5,1PDF,SLPSL0001,PULV LOW SEAL AIR HDR DIFF PRESS,,LOABS,PULV LOW SEAL AIR HDR DIFF PRESS,RTN,1,4.00576,4,INH2O,!WP1001!WP1002!WP1003!WP1006!WP1007!WP1014!hist14!CP1004,1
2026-07-15 19:48:03.5,1PDF,SLPSL0001,PULV LOW SEAL AIR HDR DIFF PRESS,,LOABS,PULV LOW SEAL AIR HDR DIFF PRESS,ALM,1,3.9791,4,INH2O,!WP1001!WP1002!WP1003!WP1006!WP1007!WP1014!hist14!CP1004,1
2026-07-15 19:48:08.5,1PDF,SLPSL0001,PULV LOW SEAL AIR HDR DIFF PRESS,,LOABS,PULV LOW SEAL AIR HDR DIFF PRESS,RTN,1,4.01397,4,INH2O,!WP1001!WP1002!WP1003!WP1006!WP1007!WP1014!hist14!CP1004,1
2026-07-15 19:48:10.5,1PDF,SLPSL0001,PULV LOW SEAL AIR HDR DIFF PRESS,,LOABS,PULV LOW SEAL AIR HDR DIFF PRESS,ALM,1,3.93662,4,INH2O,!WP1001!WP1002!WP1003!WP1006!WP1007!WP1014!hist14!CP1004,1
2026-07-15 19:51:03.5,1PDF,SLPSL0001,PULV LOW SEAL AIR HDR DIFF PRESS,,LOABS,PULV LOW SEAL AIR HDR DIFF PRESS,RTN,1,4.09131,4,INH2O,!WP1001!WP1002!WP1003!WP1006!WP1007!WP1014!hist14!CP1004,1
2026-07-15 19:51:06.5,1PDF,SLPSL0001,PULV LOW SEAL AIR HDR DIFF PRESS,,LOABS,PULV LOW SEAL AIR HDR DIFF PRESS,ALM,1,3.92871,4,INH2O,!WP1001!WP1002!WP1003!WP1006!WP1007!WP1014!hist14!CP1004,1
2026-07-15 19:51:08.5,1PDF,SLPSL0001,PULV LOW SEAL AIR HDR DIFF PRESS,,LOABS,PULV LOW SEAL AIR HDR DIFF PRESS,RTN,1,4.02568,4,INH2O,!WP1001!WP1002!WP1003!WP1006!WP1007!WP1014!hist14!CP1004,1
2026-07-15 19:51:27.5,1PDF,SLPSL0001,PULV LOW SEAL AIR HDR DIFF PRESS,,LOABS,PULV LOW SEAL AIR HDR DIFF PRESS,ALM,1,3.99814,4,INH2O,!WP1001!WP1002!WP1003!WP1006!WP1007!WP1014!hist14!CP1004,1
2026-07-15 19:51:28.5,1PDF,SLPSL0001,PULV LOW SEAL AIR HDR DIFF PRESS,,LOABS,PULV LOW SEAL AIR HDR DIFF PRESS,RTN,1,4.0752,4,INH2O,!WP1001!WP1002!WP1003!WP1006!WP1007!WP1014!hist14!CP1004,1
2026-07-15 19:51:33.5,1PDF,SLPSL0001,PULV LOW SEAL AIR HDR DIFF PRESS,,LOABS,PULV LOW SEAL AIR HDR DIFF PRESS,ALM,1,3.99521,4,INH2O,!WP1001!WP1002!WP1003!WP1006!WP1007!WP1014!hist14!CP1004,1
2026-07-15 19:51:38.5,1PDF,SLPSL0001,PULV LOW SEAL AIR HDR DIFF PRESS,,LOABS,PULV LOW SEAL AIR HDR DIFF PRESS,RTN,1,4.0708,4,INH2O,!WP1001!WP1002!WP1003!WP1006!WP1007!WP1014!hist14!CP1004,1
2026-07-15 19:52:47.5,1PDF,SLPSL0001,PULV LOW SEAL AIR HDR DIFF PRESS,,LOABS,PULV LOW SEAL AIR HDR DIFF PRESS,ALM,1,3.97676,4,INH2O,!WP1001!WP1002!WP1003!WP1006!WP1007!WP1014!hist14!CP1004,1
2026-07-15 19:52:48.5,1PDF,SLPSL0001,PULV LOW SEAL AIR HDR DIFF PRESS,,LOABS,PULV LOW SEAL AIR HDR DIFF PRESS,RTN,1,4.04502,4,INH2O,!WP1001!WP1002!WP1003!WP1006!WP1007!WP1014!hist14!CP1004,1
2026-07-15 19:53:01.5,1PDF,SLPSL0001,PULV LOW SEAL AIR HDR DIFF PRESS,,LOABS,PULV LOW SEAL AIR HDR DIFF PRESS,ALM,1,3.9873,4,INH2O,!WP1001!WP1002!WP1003!WP1006!WP1007!WP1014!hist14!CP1004,1
2026-07-15 19:53:03.5,1PDF,SLPSL0001,PULV LOW SEAL AIR HDR DIFF PRESS,,LOABS,PULV LOW SEAL AIR HDR DIFF PRESS,RTN,1,4.09277,4,INH2O,!WP1001!WP1002!WP1003!WP1006!WP1007!WP1014!hist14!CP1004,1
2026-07-15 19:53:07.5,1PDF,SLPSL0001,PULV LOW SEAL AIR HDR DIFF PRESS,,LOABS,PULV LOW SEAL AIR HDR DIFF PRESS,ALM,1,3.99434,4,INH2O,!WP1001!WP1002!WP1003!WP1006!WP1007!WP1014!hist14!CP1004,1
2026-07-15 19:53:12.5,FD_FAN_VIB,A_FAN_VEL_AX,A FD FAN VEL AX,,HIABS,A FD FAN VEL AX HI VIB,ALM,1,3.01094,3,MILS,!WP1001!WP1002!WP1003!WP1006!WP1007!WP1014!hist14!CP1005,1
2026-07-15 19:53:53.5,1PDF,SLPSL0001,PULV LOW SEAL AIR HDR DIFF PRESS,,LOABS,PULV LOW SEAL AIR HDR DIFF PRESS,RTN,1,4.05938,4,INH2O,!WP1001!WP1002!WP1003!WP1006!WP1007!WP1014!hist14!CP1004,1
2026-07-15 19:53:56.5,1PDF,SLPSL0001,PULV LOW SEAL AIR HDR DIFF PRESS,,LOABS,PULV LOW SEAL AIR HDR DIFF PRESS,ALM,1,3.8833,4,INH2O,!WP1001!WP1002!WP1003!WP1006!WP1007!WP1014!hist14!CP1004,1
2026-07-15 19:54:44.5,1PDF,SLPSL0001,PULV LOW SEAL AIR HDR DIFF PRESS,,LOABS,PULV LOW SEAL AIR HDR DIFF PRESS,RTN,1,4.02773,4,INH2O,!WP1001!WP1002!WP1003!WP1006!WP1007!WP1014!hist14!CP1004,1
2026-07-15 19:54:45.5,1PDF,SLPSL0001,PULV LOW SEAL AIR HDR DIFF PRESS,,LOABS,PULV LOW SEAL AIR HDR DIFF PRESS,ALM,1,3.90234,4,INH2O,!WP1001!WP1002!WP1003!WP1006!WP1007!WP1014!hist14!CP1004,1
2026-07-15 19:55:14.9,1AAIR,B16,WINDBOX/FURN DIFF PRESS,,LLABS,WINDBIX/FURN PRESS LOW,RTN,5,2.50173,2,INWC,!WP1001!WP1002!WP1003!WP1006!WP1007!WP1014!hist14!CP1001,1
2026-07-15 19:55:17.5,1PDF,SLPSL0001,PULV LOW SEAL AIR HDR DIFF PRESS,,LOABS,PULV LOW SEAL AIR HDR DIFF PRESS,RTN,1,4.01572,4,INH2O,!WP1001!WP1002!WP1003!WP1006!WP1007!WP1014!hist14!CP1004,1
2026-07-15 19:55:18.5,1PDF,SLPSL0001,PULV LOW SEAL AIR HDR DIFF PRESS,,LOABS,PULV LOW SEAL AIR HDR DIFF PRESS,ALM,1,3.90527,4,INH2O,!WP1001!WP1002!WP1003!WP1006!WP1007!WP1014!hist14!CP1004,1
2026-07-15 19:55:21.5,1PDF,SLPSL0001,PULV LOW SEAL AIR HDR DIFF PRESS,,LOABS,PULV LOW SEAL AIR HDR DIFF PRESS,RTN,1,4.02568,4,INH2O,!WP1001!WP1002!WP1003!WP1006!WP1007!WP1014!hist14!CP1004,1
2026-07-15 19:58:10.4,1BCS_7,IKTE3741,REHEAT TEMP LEFT (REDUNDANT),,HIABS,HIGH,ALM,1,1012.2,1012.18,DEG.F,!WP1002!WP1006!WP1007!WP1001!WP1003!WP1014!hist14!CP1007,1
2026-07-15 19:58:19.5,1PDF,SLPSL0001,PULV LOW SEAL AIR HDR DIFF PRESS,,LOABS,PULV LOW SEAL AIR HDR DIFF PRESS,ALM,1,3.99346,4,INH2O,!WP1001!WP1002!WP1003!WP1006!WP1007!WP1014!hist14!CP1004,1
2026-07-15 19:58:22.5,1PDF,SLPSL0001,PULV LOW SEAL AIR HDR DIFF PRESS,,LOABS,PULV LOW SEAL AIR HDR DIFF PRESS,RTN,1,4.05938,4,INH2O,!WP1001!WP1002!WP1003!WP1006!WP1007!WP1014!hist14!CP1004,1
2026-07-15 19:58:25.5,1PDF,SLPSL0001,PULV LOW SEAL AIR HDR DIFF PRESS,,LOABS,PULV LOW SEAL AIR HDR DIFF PRESS,ALM,1,3.97852,4,INH2O,!WP1001!WP1002!WP1003!WP1006!WP1007!WP1014!hist14!CP1004,1
2026-07-15 19:58:28.0,1WB_DEV,AA_JJ_DEV,AUX AIR JJ ANY DEV,,STATE,DEVIATION,ALM,5,,,INH2O,,0
2026-07-15 19:58:30.5,1PDF,SLPSL0001,PULV LOW SEAL AIR HDR DIFF PRESS,,LOABS,PULV LOW SEAL AIR HDR DIFF PRESS,RTN,1,4.00576,4,INH2O,!WP1001!WP1002!WP1003!WP1006!WP1007!WP1014!hist14!CP1004,1
2026-07-15 19:59:01.8,1AR_LS,DEV_5803,LS SYS B,,STATE,VALVE 5803 DEVIATION,ALM,3,,,,!WP1001!WP1002!WP1003!WP1006!WP1007!WP1014!hist14!CP1017,1
2026-07-15 19:59:07.5,1PDF,SLPSL0001,PULV LOW SEAL AIR HDR DIFF PRESS,,LOABS,PULV LOW SEAL AIR HDR DIFF PRESS,ALM,1,3.95127,4,INH2O,!WP1001!WP1002!WP1003!WP1006!WP1007!WP1014!hist14!CP1004,1
2026-07-15 19:59:12.5,1PDF,SLPSL0001,PULV LOW SEAL AIR HDR DIFF PRESS,,LOABS,PULV LOW SEAL AIR HDR DIFF PRESS,RTN,1,4.0377,4,INH2O,!WP1001!WP1002!WP1003!WP1006!WP1007!WP1014!hist14!CP1004,1
2026-07-15 19:59:20.5,1PDF,SLPSL0001,PULV LOW SEAL AIR HDR DIFF PRESS,,LOABS,PULV LOW SEAL AIR HDR DIFF PRESS,ALM,1,3.98174,4,INH2O,!WP1001!WP1002!WP1003!WP1006!WP1007!WP1014!hist14!CP1004,1
2026-07-15 19:59:21.5,1PDF,SLPSL0001,PULV LOW SEAL AIR HDR DIFF PRESS,,LOABS,PULV LOW SEAL AIR HDR DIFF PRESS,RTN,1,4.03535,4,INH2O,!WP1001!WP1002!WP1003!WP1006!WP1007!WP1014!hist14!CP1004,1
2026-07-15 19:59:22.5,1PDF,SLPSL0001,PULV LOW SEAL AIR HDR DIFF PRESS,,LOABS,PULV LOW SEAL AIR HDR DIFF PRESS,ALM,1,3.98906,4,INH2O,!WP1001!WP1002!WP1003!WP1006!WP1007!WP1014!hist14!CP1004,1
2026-07-15 19:59:25.5,1PDF,SLPSL0001,PULV LOW SEAL AIR HDR DIFF PRESS,,LOABS,PULV LOW SEAL AIR HDR DIFF PRESS,RTN,1,4.0708,4,INH2O,!WP1001!WP1002!WP1003!WP1006!WP1007!WP1014!hist14!CP1004,1
2026-07-15 19:59:56.3,1AR_LS,DEV_5803,LS SYS B,,STATE,,RTN,3,,,,!WP1001!WP1002!WP1003!WP1006!WP1007!WP1014!hist14!CP1017,1
2026-07-15 20:00:02.4,1BCS_7,IKTE3741,REHEAT TEMP LEFT (REDUNDANT),,HIABS,HIGH,RTN,1,1007.11,1012.18,DEG.F,!WP1002!WP1006!WP1007!WP1001!WP1003!WP1014!hist14!CP1007,1
2026-07-15 20:00:45.4,1FG_A,ZSH5601A,BF A BLADE PITCH,,HIABS,BLADE PITCH ALARM,ALM,3,70.0059,70,%,!WP1001!WP1002!WP1003!WP1006!WP1007!WP1014!hist14!CP1015,1
2026-07-15 20:00:48.5,1PDF,SLPSL0001,PULV LOW SEAL AIR HDR DIFF PRESS,,LOABS,PULV LOW SEAL AIR HDR DIFF PRESS,ALM,1,3.98555,4,INH2O,!WP1001!WP1002!WP1003!WP1006!WP1007!WP1014!hist14!CP1004,1
2026-07-15 20:00:49.5,1PDF,SLPSL0001,PULV LOW SEAL AIR HDR DIFF PRESS,,LOABS,PULV LOW SEAL AIR HDR DIFF PRESS,RTN,1,4.05352,4,INH2O,!WP1001!WP1002!WP1003!WP1006!WP1007!WP1014!hist14!CP1004,1
2026-07-15 20:00:49.9,1FG_B,ZSH5701A,BF B BLADE PITCH,,HIABS,BLADE PITCH ALARM,ALM,3,70.168,70,%,!WP1001!WP1002!WP1003!WP1006!WP1007!WP1014!hist14!CP1015,1
2026-07-15 20:00:50.5,1PDF,SLPSL0001,PULV LOW SEAL AIR HDR DIFF PRESS,,LOABS,PULV LOW SEAL AIR HDR DIFF PRESS,ALM,1,3.95361,4,INH2O,!WP1001!WP1002!WP1003!WP1006!WP1007!WP1014!hist14!CP1004,1
2026-07-15 20:00:54.5,1PDF,SLPSL0001,PULV LOW SEAL AIR HDR DIFF PRESS,,LOABS,PULV LOW SEAL AIR HDR DIFF PRESS,RTN,1,4.01807,4,INH2O,!WP1001!WP1002!WP1003!WP1006!WP1007!WP1014!hist14!CP1004,1
2026-07-15 20:01:01.5,1PDF,SLPSL0001,PULV LOW SEAL AIR HDR DIFF PRESS,,LOABS,PULV LOW SEAL AIR HDR DIFF PRESS,ALM,1,3.96533,4,INH2O,!WP1001!WP1002!WP1003!WP1006!WP1007!WP1014!hist14!CP1004,1
2026-07-15 20:01:02.5,1PDF,SLPSL0001,PULV LOW SEAL AIR HDR DIFF PRESS,,LOABS,PULV LOW SEAL AIR HDR DIFF PRESS,RTN,1,4.06318,4,INH2O,!WP1001!WP1002!WP1003!WP1006!WP1007!WP1014!hist14!CP1004,1
2026-07-15 20:01:39.5,1PDF,SLPSL0001,PULV LOW SEAL AIR HDR DIFF PRESS,,LOABS,PULV LOW SEAL AIR HDR DIFF PRESS,ALM,1,3.85547,4,INH2O,!WP1001!WP1002!WP1003!WP1006!WP1007!WP1014!hist14!CP1004,1
2026-07-15 20:01:46.5,1PDF,SLPSL0001,PULV LOW SEAL AIR HDR DIFF PRESS,,LOABS,PULV LOW SEAL AIR HDR DIFF PRESS,RTN,1,4.02363,4,INH2O,!WP1001!WP1002!WP1003!WP1006!WP1007!WP1014!hist14!CP1004,1
2026-07-15 20:01:47.5,1PDF,SLPSL0001,PULV LOW SEAL AIR HDR DIFF PRESS,,LOABS,PULV LOW SEAL AIR HDR DIFF PRESS,ALM,1,3.95801,4,INH2O,!WP1001!WP1002!WP1003!WP1006!WP1007!WP1014!hist14!CP1004,1
2026-07-15 20:01:50.5,1PDF,SLPSL0001,PULV LOW SEAL AIR HDR DIFF PRESS,,LOABS,PULV LOW SEAL AIR HDR DIFF PRESS,RTN,1,4.00547,4,INH2O,!WP1001!WP1002!WP1003!WP1006!WP1007!WP1014!hist14!CP1004,1
2026-07-15 20:01:51.5,1PDF,SLPSL0001,PULV LOW SEAL AIR HDR DIFF PRESS,,LOABS,PULV LOW SEAL AIR HDR DIFF PRESS,ALM,1,3.99199,4,INH2O,!WP1001!WP1002!WP1003!WP1006!WP1007!WP1014!hist14!CP1004,1
2026-07-15 20:01:52.5,1PDF,SLPSL0001,PULV LOW SEAL AIR HDR DIFF PRESS,,LOABS,PULV LOW SEAL AIR HDR DIFF PRESS,RTN,1,4.04531,4,INH2O,!WP1001!WP1002!WP1003!WP1006!WP1007!WP1014!hist14!CP1004,1
2026-07-15 20:01:53.5,1PDF,SLPSL0001,PULV LOW SEAL AIR HDR DIFF PRESS,,LOABS,PULV LOW SEAL AIR HDR DIFF PRESS,ALM,1,3.99199,4,INH2O,!WP1001!WP1002!WP1003!WP1006!WP1007!WP1014!hist14!CP1004,1
2026-07-15 20:01:54.5,1PDF,SLPSL0001,PULV LOW SEAL AIR HDR DIFF PRESS,,LOABS,PULV LOW SEAL AIR HDR DIFF PRESS,RTN,1,4.12383,4,INH2O,!WP1001!WP1002!WP1003!WP1006!WP1007!WP1014!hist14!CP1004,1
2026-07-15 20:02:21.4,1SEAL_AIR,PDI5735_ALM,BF B OUT DMPR SEAL CAV D/P LOW,,STATE,DP ALARM ACTIVE,ALM,3,,,,!WP1001!WP1002!WP1003!WP1006!WP1007!WP1014!hist14!CP1015,1
2026-07-15 20:02:47.4,1FG_B,5706TX_ALM,BF B INLET OUTLET PRESS,FGPDIT5706,STATE,BF B INLET/OUTLET PRESS DEV,ALM,3,,,,!WP1001!WP1002!WP1003!WP1006!WP1007!WP1014!hist14!CP1015,1
2026-07-15 20:02:57.4,1FP,B86,ID FAN C INLET DAMPER FEEDBACK,,HHABS,ID FAN C DAMPER 80 %,ALM,1,80.0208,80,PCT,!WP1001!WP1002!WP1003!WP1006!WP1007!WP1014!hist14!CP1001,1
2026-07-15 20:03:01.4,1FP,B56,ID FAN A INLET DAMPER FEEDBACK,,HHABS,ID FAN A DAMPER 80 %,ALM,1,80.0012,80,PCT,!WP1001!WP1002!WP1003!WP1006!WP1007!WP1014!hist14!CP1001,1
2026-07-15 20:03:01.4,1FP,B58,ID FAN B INLET DAMPER FEEDBACK,,HHABS,IDF B DAMPER 80%,ALM,1,80.0317,80,PCT,!WP1001!WP1002!WP1003!WP1006!WP1007!WP1014!hist14!CP1001,1
2026-07-15 20:03:26.1,IDFAN_PEEC,OPCY_ALM,PRECIP OUT > 50%,PRECIP OUTLET,STATE,ALARM,ALM,3,,,,!WP1001!WP1002!WP1003!WP1006!WP1007!WP1014!hist14!CP1003,1
2026-07-15 20:03:29.6,IDFAN_PEEC,OPCY_ALM,PRECIP OUT > 50%,PRECIP OUTLET,STATE,NORMAL,RTN,3,,,,!WP1001!WP1002!WP1003!WP1006!WP1007!WP1014!hist14!CP1003,1
2026-07-15 20:03:32.5,1PDF,SLPSL0001,PULV LOW SEAL AIR HDR DIFF PRESS,,LOABS,PULV LOW SEAL AIR HDR DIFF PRESS,ALM,1,3.99434,4,INH2O,!WP1001!WP1002!WP1003!WP1006!WP1007!WP1014!hist14!CP1004,1
2026-07-15 20:03:33.5,1PDF,SLPSL0001,PULV LOW SEAL AIR HDR DIFF PRESS,,LOABS,PULV LOW SEAL AIR HDR DIFF PRESS,RTN,1,4.07051,4,INH2O,!WP1001!WP1002!WP1003!WP1006!WP1007!WP1014!hist14!CP1004,1
2026-07-15 20:03:35.1,IDFAN_PEEC,OPCY_ALM,PRECIP OUT > 50%,PRECIP OUTLET,STATE,ALARM,ALM,3,,,,!WP1001!WP1002!WP1003!WP1006!WP1007!WP1014!hist14!CP1003,1
2026-07-15 20:03:43.5,1PDF,SLPSL0001,PULV LOW SEAL AIR HDR DIFF PRESS,,LOABS,PULV LOW SEAL AIR HDR DIFF PRESS,ALM,1,3.95068,4,INH2O,!WP1001!WP1002!WP1003!WP1006!WP1007!WP1014!hist14!CP1004,1
2026-07-15 20:03:52.5,1PDF,SLPSL0001,PULV LOW SEAL AIR HDR DIFF PRESS,,LOABS,PULV LOW SEAL AIR HDR DIFF PRESS,RTN,1,4.07256,4,INH2O,!WP1001!WP1002!WP1003!WP1006!WP1007!WP1014!hist14!CP1004,1
2026-07-15 20:03:55.1,IDFAN_PEEC,OPCY_ALM,PRECIP OUT > 50%,PRECIP OUTLET,STATE,NORMAL,RTN,3,,,,!WP1001!WP1002!WP1003!WP1006!WP1007!WP1014!hist14!CP1003,1
2026-07-15 20:03:55.0,1DAS11,IAAH3101,LP HTR OUTLT HYDRAZINE,1234,LOABS,LOW,RTN,1,1.51367,1,ppb,!WP1002!WP1006!WP1007!WP1001!WP1003!WP1014!hist14!CP1008,1
2026-07-15 20:03:58.1,IDFAN_PEEC,OPCY_ALM,PRECIP OUT > 50%,PRECIP OUTLET,STATE,ALARM,ALM,3,,,,!WP1001!WP1002!WP1003!WP1006!WP1007!WP1014!hist14!CP1003,1
2026-07-15 20:04:02.5,1PDF,SLPSL0001,PULV LOW SEAL AIR HDR DIFF PRESS,,LOABS,PULV LOW SEAL AIR HDR DIFF PRESS,ALM,1,3.9583,4,INH2O,!WP1001!WP1002!WP1003!WP1006!WP1007!WP1014!hist14!CP1004,1
2026-07-15 20:04:07.5,1PDF,SLPSL0001,PULV LOW SEAL AIR HDR DIFF PRESS,,LOABS,PULV LOW SEAL AIR HDR DIFF PRESS,RTN,1,4.0377,4,INH2O,!WP1001!WP1002!WP1003!WP1006!WP1007!WP1014!hist14!CP1004,1
2026-07-15 20:04:08.5,1PDF,SLPSL0001,PULV LOW SEAL AIR HDR DIFF PRESS,,LOABS,PULV LOW SEAL AIR HDR DIFF PRESS,ALM,1,3.90176,4,INH2O,!WP1001!WP1002!WP1003!WP1006!WP1007!WP1014!hist14!CP1004,1
2026-07-15 20:04:13.6,IDFAN_PEEC,OPCY_ALM,PRECIP OUT > 50%,PRECIP OUTLET,STATE,NORMAL,RTN,3,,,,!WP1001!WP1002!WP1003!WP1006!WP1007!WP1014!hist14!CP1003,1
2026-07-15 20:04:18.6,IDFAN_PEEC,OPCY_ALM,PRECIP OUT > 50%,PRECIP OUTLET,STATE,ALARM,ALM,3,,,,!WP1001!WP1002!WP1003!WP1006!WP1007!WP1014!hist14!CP1003,1
2026-07-15 20:04:28.5,1PDF,SLPSL0001,PULV LOW SEAL AIR HDR DIFF PRESS,,LOABS,PULV LOW SEAL AIR HDR DIFF PRESS,RTN,1,4.09834,4,INH2O,!WP1001!WP1002!WP1003!WP1006!WP1007!WP1014!hist14!CP1004,1
2026-07-15 20:04:31.5,1PDF,SLPSL0001,PULV LOW SEAL AIR HDR DIFF PRESS,,LOABS,PULV LOW SEAL AIR HDR DIFF PRESS,ALM,1,3.99609,4,INH2O,!WP1001!WP1002!WP1003!WP1006!WP1007!WP1014!hist14!CP1004,1
2026-07-15 20:04:32.5,1PDF,SLPSL0001,PULV LOW SEAL AIR HDR DIFF PRESS,,LOABS,PULV LOW SEAL AIR HDR DIFF PRESS,RTN,1,4.04502,4,INH2O,!WP1001!WP1002!WP1003!WP1006!WP1007!WP1014!hist14!CP1004,1
2026-07-15 20:04:33.5,1PDF,SLPSL0001,PULV LOW SEAL AIR HDR DIFF PRESS,,LOABS,PULV LOW SEAL AIR HDR DIFF PRESS,ALM,1,3.96943,4,INH2O,!WP1001!WP1002!WP1003!WP1006!WP1007!WP1014!hist14!CP1004,1
2026-07-15 20:04:36.5,1PDF,SLPSL0001,PULV LOW SEAL AIR HDR DIFF PRESS,,LOABS,PULV LOW SEAL AIR HDR DIFF PRESS,RTN,1,4.08135,4,INH2O,!WP1001!WP1002!WP1003!WP1006!WP1007!WP1014!hist14!CP1004,1
2026-07-15 20:04:37.5,1PDF,SLPSL0001,PULV LOW SEAL AIR HDR DIFF PRESS,,LOABS,PULV LOW SEAL AIR HDR DIFF PRESS,ALM,1,3.95596,4,INH2O,!WP1001!WP1002!WP1003!WP1006!WP1007!WP1014!hist14!CP1004,1
2026-07-15 20:04:41.6,PAC_PLC,ACI_FDR_A_TR,ACI FDR A AC-WIC-5007 TRBLE ALM,,CHANGE,PAC FEEDER A TROUBLE,ALM,1,,,,!WP1001!WP1002!WP1003!WP1006!WP1007!WP1014!hist14!CP1003,1
2026-07-15 20:04:47.5,1PDF,SLPSL0001,PULV LOW SEAL AIR HDR DIFF PRESS,,LOABS,PULV LOW SEAL AIR HDR DIFF PRESS,RTN,1,4.02568,4,INH2O,!WP1001!WP1002!WP1003!WP1006!WP1007!WP1014!hist14!CP1004,1
2026-07-15 20:04:48.5,1PDF,SLPSL0001,PULV LOW SEAL AIR HDR DIFF PRESS,,LOABS,PULV LOW SEAL AIR HDR DIFF PRESS,ALM,1,3.99932,4,INH2O,!WP1001!WP1002!WP1003!WP1006!WP1007!WP1014!hist14!CP1004,1
2026-07-15 20:04:49.5,1PDF,SLPSL0001,PULV LOW SEAL AIR HDR DIFF PRESS,,LOABS,PULV LOW SEAL AIR HDR DIFF PRESS,RTN,1,4.07197,4,INH2O,!WP1001!WP1002!WP1003!WP1006!WP1007!WP1014!hist14!CP1004,1
2026-07-15 20:04:50.5,1PDF,SLPSL0001,PULV LOW SEAL AIR HDR DIFF PRESS,,LOABS,PULV LOW SEAL AIR HDR DIFF PRESS,ALM,1,3.97969,4,INH2O,!WP1001!WP1002!WP1003!WP1006!WP1007!WP1014!hist14!CP1004,1
2026-07-15 20:05:07.1,PAC_PLC,ACI_FDR_A_TR,ACI FDR A AC-WIC-5007 TRBLE ALM,,CHANGE,PAC FEEDER A TROUBLE,ALM,1,,,,!WP1001!WP1002!WP1003!WP1006!WP1007!WP1014!hist14!CP1003,1
2026-07-15 20:05:10.1,PAC_PLC,ACI_FDR_A_TR,ACI FDR A AC-WIC-5007 TRBLE ALM,,CHANGE,PAC FEEDER A TROUBLE,ALM,1,,,,!WP1001!WP1002!WP1003!WP1006!WP1007!WP1014!hist14!CP1003,1
2026-07-15 20:05:13.1,PAC_PLC,ACI_FDR_A_TR,ACI FDR A AC-WIC-5007 TRBLE ALM,,CHANGE,PAC FEEDER A TROUBLE,ALM,1,,,,!WP1001!WP1002!WP1003!WP1006!WP1007!WP1014!hist14!CP1003,1
2026-07-15 20:05:14.5,1PDF,SLPSL0001,PULV LOW SEAL AIR HDR DIFF PRESS,,LOABS,PULV LOW SEAL AIR HDR DIFF PRESS,RTN,1,4.00342,4,INH2O,!WP1001!WP1002!WP1003!WP1006!WP1007!WP1014!hist14!CP1004,1
2026-07-15 20:05:15.5,1PDF,SLPSL0001,PULV LOW SEAL AIR HDR DIFF PRESS,,LOABS,PULV LOW SEAL AIR HDR DIFF PRESS,ALM,1,3.91758,4,INH2O,!WP1001!WP1002!WP1003!WP1006!WP1007!WP1014!hist14!CP1004,1
2026-07-15 20:05:23.1,PAC_PLC,ACI_FDR_A_TR,ACI FDR A AC-WIC-5007 TRBLE ALM,,CHANGE,PAC FEEDER A TROUBLE,ALM,1,,,,!WP1001!WP1002!WP1003!WP1006!WP1007!WP1014!hist14!CP1003,1
2026-07-15 20:05:25.5,1PDF,SLPSL0001,PULV LOW SEAL AIR HDR DIFF PRESS,,LOABS,PULV LOW SEAL AIR HDR DIFF PRESS,RTN,1,4.00928,4,INH2O,!WP1001!WP1002!WP1003!WP1006!WP1007!WP1014!hist14!CP1004,1
2026-07-15 20:05:26.1,PAC_PLC,ACI_FDR_A_TR,ACI FDR A AC-WIC-5007 TRBLE ALM,,CHANGE,PAC FEEDER A TROUBLE,ALM,1,,,,!WP1001!WP1002!WP1003!WP1006!WP1007!WP1014!hist14!CP1003,1
2026-07-15 20:05:26.5,1PDF,SLPSL0001,PULV LOW SEAL AIR HDR DIFF PRESS,,LOABS,PULV LOW SEAL AIR HDR DIFF PRESS,ALM,1,3.95186,4,INH2O,!WP1001!WP1002!WP1003!WP1006!WP1007!WP1014!hist14!CP1004,1
2026-07-15 20:05:27.5,1PDF,SLPSL0001,PULV LOW SEAL AIR HDR DIFF PRESS,,LOABS,PULV LOW SEAL AIR HDR DIFF PRESS,RTN,1,4.01074,4,INH2O,!WP1001!WP1002!WP1003!WP1006!WP1007!WP1014!hist14!CP1004,1
2026-07-15 20:05:28.5,1PDF,SLPSL0001,PULV LOW SEAL AIR HDR DIFF PRESS,,LOABS,PULV LOW SEAL AIR HDR DIFF PRESS,ALM,1,3.96152,4,INH2O,!WP1001!WP1002!WP1003!WP1006!WP1007!WP1014!hist14!CP1004,1
2026-07-15 20:05:29.5,1PDF,SLPSL0001,PULV LOW SEAL AIR HDR DIFF PRESS,,LOABS,PULV LOW SEAL AIR HDR DIFF PRESS,RTN,1,4.05674,4,INH2O,!WP1001!WP1002!WP1003!WP1006!WP1007!WP1014!hist14!CP1004,1
2026-07-15 20:05:44.5,1PDF,SLPSL0001,PULV LOW SEAL AIR HDR DIFF PRESS,,LOABS,PULV LOW SEAL AIR HDR DIFF PRESS,ALM,1,3.9832,4,INH2O,!WP1001!WP1002!WP1003!WP1006!WP1007!WP1014!hist14!CP1004,1
2026-07-15 20:05:46.5,1PDF,SLPSL0001,PULV LOW SEAL AIR HDR DIFF PRESS,,LOABS,PULV LOW SEAL AIR HDR DIFF PRESS,RTN,1,4.01397,4,INH2O,!WP1001!WP1002!WP1003!WP1006!WP1007!WP1014!hist14!CP1004,1
2026-07-15 20:05:47.5,1PDF,SLPSL0001,PULV LOW SEAL AIR HDR DIFF PRESS,,LOABS,PULV LOW SEAL AIR HDR DIFF PRESS,ALM,1,3.93047,4,INH2O,!WP1001!WP1002!WP1003!WP1006!WP1007!WP1014!hist14!CP1004,1
2026-07-15 20:05:48.5,1PDF,SLPSL0001,PULV LOW SEAL AIR HDR DIFF PRESS,,LOABS,PULV LOW SEAL AIR HDR DIFF PRESS,RTN,1,4.01572,4,INH2O,!WP1001!WP1002!WP1003!WP1006!WP1007!WP1014!hist14!CP1004,1
2026-07-15 20:05:49.5,1PDF,SLPSL0001,PULV LOW SEAL AIR HDR DIFF PRESS,,LOABS,PULV LOW SEAL AIR HDR DIFF PRESS,ALM,1,3.90557,4,INH2O,!WP1001!WP1002!WP1003!WP1006!WP1007!WP1014!hist14!CP1004,1
2026-07-15 20:05:56.5,1PDF,SLPSL0001,PULV LOW SEAL AIR HDR DIFF PRESS,,LOABS,PULV LOW SEAL AIR HDR DIFF PRESS,RTN,1,4.00869,4,INH2O,!WP1001!WP1002!WP1003!WP1006!WP1007!WP1014!hist14!CP1004,1
2026-07-15 20:05:56.0,1FG_B,5703TX_ALM,BF B INLET BOX PRESS,FGPIT5703,STATE,BF B INLET PRESS DEVIATION,ALM,3,,,,!WP1001!WP1002!WP1003!WP1006!WP1007!WP1014!hist14!CP1015,1
2026-07-15 20:05:57.5,1PDF,SLPSL0001,PULV LOW SEAL AIR HDR DIFF PRESS,,LOABS,PULV LOW SEAL AIR HDR DIFF PRESS,ALM,1,3.97764,4,INH2O,!WP1001!WP1002!WP1003!WP1006!WP1007!WP1014!hist14!CP1004,1
2026-07-15 20:05:58.5,1PDF,SLPSL0001,PULV LOW SEAL AIR HDR DIFF PRESS,,LOABS,PULV LOW SEAL AIR HDR DIFF PRESS,RTN,1,4.07051,4,INH2O,!WP1001!WP1002!WP1003!WP1006!WP1007!WP1014!hist14!CP1004,1
2026-07-15 20:06:12.1,IDFAN_PEEC,OPCY_ALM,PRECIP OUT > 50%,PRECIP OUTLET,STATE,NORMAL,RTN,3,,,,!WP1001!WP1002!WP1003!WP1006!WP1007!WP1014!hist14!CP1003,1
2026-07-15 20:06:17.1,IDFAN_PEEC,OPCY_ALM,PRECIP OUT > 50%,PRECIP OUTLET,STATE,ALARM,ALM,3,,,,!WP1001!WP1002!WP1003!WP1006!WP1007!WP1014!hist14!CP1003,1
2026-07-15 20:06:45.5,1PDF,SLPSL0001,PULV LOW SEAL AIR HDR DIFF PRESS,,LOABS,PULV LOW SEAL AIR HDR DIFF PRESS,ALM,1,3.92402,4,INH2O,!WP1001!WP1002!WP1003!WP1006!WP1007!WP1014!hist14!CP1004,1
2026-07-15 20:06:55.5,1PDF,SLPSL0001,PULV LOW SEAL AIR HDR DIFF PRESS,,LOABS,PULV LOW SEAL AIR HDR DIFF PRESS,RTN,1,4.07197,4,INH2O,!WP1001!WP1002!WP1003!WP1006!WP1007!WP1014!hist14!CP1004,1
2026-07-15 20:06:56.5,1PDF,SLPSL0001,PULV LOW SEAL AIR HDR DIFF PRESS,,LOABS,PULV LOW SEAL AIR HDR DIFF PRESS,ALM,1,3.98467,4,INH2O,!WP1001!WP1002!WP1003!WP1006!WP1007!WP1014!hist14!CP1004,1
2026-07-15 20:06:57.5,1PDF,SLPSL0001,PULV LOW SEAL AIR HDR DIFF PRESS,,LOABS,PULV LOW SEAL AIR HDR DIFF PRESS,RTN,1,4.06113,4,INH2O,!WP1001!WP1002!WP1003!WP1006!WP1007!WP1014!hist14!CP1004,1
2026-07-15 20:06:58.5,1PDF,SLPSL0001,PULV LOW SEAL AIR HDR DIFF PRESS,,LOABS,PULV LOW SEAL AIR HDR DIFF PRESS,ALM,1,3.97998,4,INH2O,!WP1001!WP1002!WP1003!WP1006!WP1007!WP1014!hist14!CP1004,1
2026-07-15 20:06:59.5,1PDF,SLPSL0001,PULV LOW SEAL AIR HDR DIFF PRESS,,LOABS,PULV LOW SEAL AIR HDR DIFF PRESS,RTN,1,4.10127,4,INH2O,!WP1001!WP1002!WP1003!WP1006!WP1007!WP1014!hist14!CP1004,1
2026-07-15 20:07:26.5,1PDF,SLPSL0001,PULV LOW SEAL AIR HDR DIFF PRESS,,LOABS,PULV LOW SEAL AIR HDR DIFF PRESS,ALM,1,3.98936,4,INH2O,!WP1001!WP1002!WP1003!WP1006!WP1007!WP1014!hist14!CP1004,1
2026-07-15 20:07:49.5,1PDF,SLPSL0001,PULV LOW SEAL AIR HDR DIFF PRESS,,LOABS,PULV LOW SEAL AIR HDR DIFF PRESS,RTN,1,4.03271,4,INH2O,!WP1001!WP1002!WP1003!WP1006!WP1007!WP1014!hist14!CP1004,1
2026-07-15 20:07:51.5,1PDF,SLPSL0001,PULV LOW SEAL AIR HDR DIFF PRESS,,LOABS,PULV LOW SEAL AIR HDR DIFF PRESS,ALM,1,3.96592,4,INH2O,!WP1001!WP1002!WP1003!WP1006!WP1007!WP1014!hist14!CP1004,1
2026-07-15 20:07:52.5,1PDF,SLPSL0001,PULV LOW SEAL AIR HDR DIFF PRESS,,LOABS,PULV LOW SEAL AIR HDR DIFF PRESS,RTN,1,4.05674,4,INH2O,!WP1001!WP1002!WP1003!WP1006!WP1007!WP1014!hist14!CP1004,1
2026-07-15 20:07:54.1,IDFAN_PEEC,OPCY_ALM,PRECIP OUT > 50%,PRECIP OUTLET,STATE,NORMAL,RTN,3,,,,!WP1001!WP1002!WP1003!WP1006!WP1007!WP1014!hist14!CP1003,1
2026-07-15 20:07:55.5,1PDF,SLPSL0001,PULV LOW SEAL AIR HDR DIFF PRESS,,LOABS,PULV LOW SEAL AIR HDR DIFF PRESS,ALM,1,3.91846,4,INH2O,!WP1001!WP1002!WP1003!WP1006!WP1007!WP1014!hist14!CP1004,1
2026-07-15 20:07:56.5,1PDF,SLPSL0001,PULV LOW SEAL AIR HDR DIFF PRESS,,LOABS,PULV LOW SEAL AIR HDR DIFF PRESS,RTN,1,4.0377,4,INH2O,!WP1001!WP1002!WP1003!WP1006!WP1007!WP1014!hist14!CP1004,1
2026-07-15 20:07:57.5,1PDF,SLPSL0001,PULV LOW SEAL AIR HDR DIFF PRESS,,LOABS,PULV LOW SEAL AIR HDR DIFF PRESS,ALM,1,3.87363,4,INH2O,!WP1001!WP1002!WP1003!WP1006!WP1007!WP1014!hist14!CP1004,1
2026-07-15 20:08:04.5,1PDF,SLPSL0001,PULV LOW SEAL AIR HDR DIFF PRESS,,LOABS,PULV LOW SEAL AIR HDR DIFF PRESS,RTN,1,4.04941,4,INH2O,!WP1001!WP1002!WP1003!WP1006!WP1007!WP1014!hist14!CP1004,1
2026-07-15 20:08:07.6,IDFAN_PEEC,OPCY_ALM,PRECIP OUT > 50%,PRECIP OUTLET,STATE,ALARM,ALM,3,,,,!WP1001!WP1002!WP1003!WP1006!WP1007!WP1014!hist14!CP1003,1
2026-07-15 20:08:08.5,1PDF,SLPSL0001,PULV LOW SEAL AIR HDR DIFF PRESS,,LOABS,PULV LOW SEAL AIR HDR DIFF PRESS,ALM,1,3.99639,4,INH2O,!WP1001!WP1002!WP1003!WP1006!WP1007!WP1014!hist14!CP1004,1
2026-07-15 20:08:09.5,1PDF,SLPSL0001,PULV LOW SEAL AIR HDR DIFF PRESS,,LOABS,PULV LOW SEAL AIR HDR DIFF PRESS,RTN,1,4.06904,4,INH2O,!WP1001!WP1002!WP1003!WP1006!WP1007!WP1014!hist14!CP1004,1
2026-07-15 20:08:14.5,1PDF,SLPSL0001,PULV LOW SEAL AIR HDR DIFF PRESS,,LOABS,PULV LOW SEAL AIR HDR DIFF PRESS,ALM,1,3.90469,4,INH2O,!WP1001!WP1002!WP1003!WP1006!WP1007!WP1014!hist14!CP1004,1
2026-07-15 20:08:23.6,IDFAN_PEEC,OPCY_ALM,PRECIP OUT > 50%,PRECIP OUTLET,STATE,NORMAL,RTN,3,,,,!WP1001!WP1002!WP1003!WP1006!WP1007!WP1014!hist14!CP1003,1
2026-07-15 20:08:24.0,1FG_B,5706TX_ALM,BF B INLET OUTLET PRESS,FGPDIT5706,STATE,DEVIATION ALARM CLEAR,RTN,3,,,,!WP1001!WP1002!WP1003!WP1006!WP1007!WP1014!hist14!CP1015,1
2026-07-15 20:09:01.4,1FG_B,5703TX_ALM,BF B INLET BOX PRESS,FGPIT5703,STATE,DEVIATION ALARM CLEAR,RTN,3,,,,!WP1001!WP1002!WP1003!WP1006!WP1007!WP1014!hist14!CP1015,1
2026-07-15 20:09:10.0,1BCS_7,IKTE3741,REHEAT TEMP LEFT (REDUNDANT),,HIABS,HIGH,ALM,1,1012.26,1012.18,DEG.F,!WP1002!WP1006!WP1007!WP1001!WP1003!WP1014!hist14!CP1007,1
2026-07-15 20:09:11.0,1BCS_7,IKTE3441,REHEAT TEMP LEFT (NORM),,HIABS,HIGH,ALM,1,1012.19,1012.18,DEG.F,!WP1002!WP1006!WP1007!WP1001!WP1003!WP1014!hist14!CP1007,1
2026-07-15 20:09:29.5,1FUEL_SFTY,FPTX_ALM,DRAFT TRANSMITTER DEVIATION,,STATE,FURN DRAFT PRESS XMTR DEVIATION,ALM,5,,,,!WP1001!WP1002!WP1003!WP1006!WP1007!WP1014!hist14!CP1004,1
2026-07-15 20:09:46.4,1FG_B,ZSH5701A,BF B BLADE PITCH,,HIABS,BLADE PITCH ALARM,RTN,3,69.8926,70,%,!WP1001!WP1002!WP1003!WP1006!WP1007!WP1014!hist14!CP1015,1
2026-07-15 20:09:51.4,1FG_A,ZSH5601A,BF A BLADE PITCH,,HIABS,BLADE PITCH ALARM,RTN,3,69.873,70,%,!WP1001!WP1002!WP1003!WP1006!WP1007!WP1014!hist14!CP1015,1
2026-07-15 20:09:56.0,1FP,B56,ID FAN A INLET DAMPER FEEDBACK,,HHABS,ID FAN A DAMPER 80 %,RTN,1,78.9519,80,PCT,!WP1001!WP1002!WP1003!WP1006!WP1007!WP1014!hist14!CP1001,1
2026-07-15 20:09:57.4,1FP,B58,ID FAN B INLET DAMPER FEEDBACK,,HHABS,IDF B DAMPER 80%,RTN,1,78.9865,80,PCT,!WP1001!WP1002!WP1003!WP1006!WP1007!WP1014!hist14!CP1001,1
2026-07-15 20:09:58.4,1FP,B86,ID FAN C INLET DAMPER FEEDBACK,,HHABS,ID FAN C DAMPER 80 %,RTN,1,78.9729,80,PCT,!WP1001!WP1002!WP1003!WP1006!WP1007!WP1014!hist14!CP1001,1
2026-07-15 20:10:21.1,1SEAL_AIR,PDI5735_ALM,BF B OUT DMPR SEAL CAV D/P LOW,,STATE,DP ALARM CLEAR,RTN,3,,,,!WP1001!WP1002!WP1003!WP1006!WP1007!WP1014!hist14!CP1015,1
2026-07-15 20:11:07.5,1PDF,SLPSL0001,PULV LOW SEAL AIR HDR DIFF PRESS,,LOABS,PULV LOW SEAL AIR HDR DIFF PRESS,RTN,1,4.00957,4,INH2O,!WP1001!WP1002!WP1003!WP1006!WP1007!WP1014!hist14!CP1004,1
2026-07-15 20:11:08.5,1PDF,SLPSL0001,PULV LOW SEAL AIR HDR DIFF PRESS,,LOABS,PULV LOW SEAL AIR HDR DIFF PRESS,ALM,1,3.97441,4,INH2O,!WP1001!WP1002!WP1003!WP1006!WP1007!WP1014!hist14!CP1004,1
2026-07-15 20:11:09.5,1PDF,SLPSL0001,PULV LOW SEAL AIR HDR DIFF PRESS,,LOABS,PULV LOW SEAL AIR HDR DIFF PRESS,RTN,1,4.00254,4,INH2O,!WP1001!WP1002!WP1003!WP1006!WP1007!WP1014!hist14!CP1004,1
2026-07-15 20:11:10.5,1PDF,SLPSL0001,PULV LOW SEAL AIR HDR DIFF PRESS,,LOABS,PULV LOW SEAL AIR HDR DIFF PRESS,ALM,1,3.94219,4,INH2O,!WP1001!WP1002!WP1003!WP1006!WP1007!WP1014!hist14!CP1004,1
2026-07-15 20:11:11.5,1PDF,SLPSL0001,PULV LOW SEAL AIR HDR DIFF PRESS,,LOABS,PULV LOW SEAL AIR HDR DIFF PRESS,RTN,1,4.03359,4,INH2O,!WP1001!WP1002!WP1003!WP1006!WP1007!WP1014!hist14!CP1004,1
2026-07-15 20:11:20.5,1FUEL_SFTY,FPTX_ALM,DRAFT TRANSMITTER DEVIATION,,STATE,NO DEVIATION,RTN,5,,,,!WP1001!WP1002!WP1003!WP1006!WP1007!WP1014!hist14!CP1004,1
2026-07-15 20:11:23.4,1BCS_7,IKTE3751,REHEAT TEMP RIGHT (REDUNDANT),,HIABS,HIGH,ALM,1,1012.24,1012.18,DEG.F,!WP1002!WP1006!WP1007!WP1001!WP1003!WP1014!hist14!CP1007,1
2026-07-15 20:11:39.4,1BCS_7,IKTE3451,REHEAT TEMP RIGHT (NORM),,HIABS,HIGH,ALM,1,1012.21,1012.18,DEG.F,!WP1002!WP1006!WP1007!WP1001!WP1003!WP1014!hist14!CP1007,1
2026-07-15 20:11:40.1,1DAS11,IAAH3101,LP HTR OUTLT HYDRAZINE,1234,LOABS,LOW,ALM,1,0.985352,1,ppb,!WP1002!WP1006!WP1007!WP1001!WP1003!WP1014!hist14!CP1008,1
2026-07-15 20:12:33.1,1FG_A,ZSH5601A,BF A BLADE PITCH,,HIABS,BLADE PITCH ALARM,ALM,3,70.0469,70,%,!WP1001!WP1002!WP1003!WP1006!WP1007!WP1014!hist14!CP1015,1
2026-07-15 20:12:37.1,1FG_B,ZSH5701A,BF B BLADE PITCH,,HIABS,BLADE PITCH ALARM,ALM,3,70.0488,70,%,!WP1001!WP1002!WP1003!WP1006!WP1007!WP1014!hist14!CP1015,1
2026-07-15 20:13:12.5,1PDF,SLPSL0001,PULV LOW SEAL AIR HDR DIFF PRESS,,LOABS,PULV LOW SEAL AIR HDR DIFF PRESS,ALM,1,3.9958,4,INH2O,!WP1001!WP1002!WP1003!WP1006!WP1007!WP1014!hist14!CP1004,1
2026-07-15 20:13:13.5,1PDF,SLPSL0001,PULV LOW SEAL AIR HDR DIFF PRESS,,LOABS,PULV LOW SEAL AIR HDR DIFF PRESS,RTN,1,4.04824,4,INH2O,!WP1001!WP1002!WP1003!WP1006!WP1007!WP1014!hist14!CP1004,1
2026-07-15 20:13:16.5,1PDF,SLPSL0001,PULV LOW SEAL AIR HDR DIFF PRESS,,LOABS,PULV LOW SEAL AIR HDR DIFF PRESS,ALM,1,3.97178,4,INH2O,!WP1001!WP1002!WP1003!WP1006!WP1007!WP1014!hist14!CP1004,1
2026-07-15 20:13:36.1,1FG_B,ZSH5701A,BF B BLADE PITCH,,HIABS,BLADE PITCH ALARM,RTN,3,69.8809,70,%,!WP1001!WP1002!WP1003!WP1006!WP1007!WP1014!hist14!CP1015,1
2026-07-15 20:13:43.4,1FG_A,ZSH5601A,BF A BLADE PITCH,,HIABS,BLADE PITCH ALARM,RTN,3,69.7324,70,%,!WP1001!WP1002!WP1003!WP1006!WP1007!WP1014!hist14!CP1015,1
2026-07-15 20:14:13.9,1BCS_7,IKTE3451,REHEAT TEMP RIGHT (NORM),,HIABS,HIGH,RTN,1,1007.14,1012.18,DEG.F,!WP1002!WP1006!WP1007!WP1001!WP1003!WP1014!hist14!CP1007,1
2026-07-15 20:14:21.9,1BCS_7,IKTE3751,REHEAT TEMP RIGHT (REDUNDANT),,HIABS,HIGH,RTN,1,1007.14,1012.18,DEG.F,!WP1002!WP1006!WP1007!WP1001!WP1003!WP1014!hist14!CP1007,1
2026-07-15 20:15:28.5,1PDF,SLPSL0001,PULV LOW SEAL AIR HDR DIFF PRESS,,LOABS,PULV LOW SEAL AIR HDR DIFF PRESS,RTN,1,4.02422,4,INH2O,!WP1001!WP1002!WP1003!WP1006!WP1007!WP1014!hist14!CP1004,1
2026-07-15 20:15:29.5,1PDF,SLPSL0001,PULV LOW SEAL AIR HDR DIFF PRESS,,LOABS,PULV LOW SEAL AIR HDR DIFF PRESS,ALM,1,3.93164,4,INH2O,!WP1001!WP1002!WP1003!WP1006!WP1007!WP1014!hist14!CP1004,1
2026-07-15 20:15:30.5,1PDF,SLPSL0001,PULV LOW SEAL AIR HDR DIFF PRESS,,LOABS,PULV LOW SEAL AIR HDR DIFF PRESS,RTN,1,4.00488,4,INH2O,!WP1001!WP1002!WP1003!WP1006!WP1007!WP1014!hist14!CP1004,1
2026-07-15 20:15:31.5,1PDF,SLPSL0001,PULV LOW SEAL AIR HDR DIFF PRESS,,LOABS,PULV LOW SEAL AIR HDR DIFF PRESS,ALM,1,3.98438,4,INH2O,!WP1001!WP1002!WP1003!WP1006!WP1007!WP1014!hist14!CP1004,1
2026-07-15 20:15:32.5,1PDF,SLPSL0001,PULV LOW SEAL AIR HDR DIFF PRESS,,LOABS,PULV LOW SEAL AIR HDR DIFF PRESS,RTN,1,4.09746,4,INH2O,!WP1001!WP1002!WP1003!WP1006!WP1007!WP1014!hist14!CP1004,1
2026-07-15 20:15:33.5,1PDF,SLPSL0001,PULV LOW SEAL AIR HDR DIFF PRESS,,LOABS,PULV LOW SEAL AIR HDR DIFF PRESS,ALM,1,3.99697,4,INH2O,!WP1001!WP1002!WP1003!WP1006!WP1007!WP1014!hist14!CP1004,1
2026-07-15 20:15:34.5,1PDF,SLPSL0001,PULV LOW SEAL AIR HDR DIFF PRESS,,LOABS,PULV LOW SEAL AIR HDR DIFF PRESS,RTN,1,4.04238,4,INH2O,!WP1001!WP1002!WP1003!WP1006!WP1007!WP1014!hist14!CP1004,1
2026-07-15 20:15:35.5,1PDF,SLPSL0001,PULV LOW SEAL AIR HDR DIFF PRESS,,LOABS,PULV LOW SEAL AIR HDR DIFF PRESS,ALM,1,3.96064,4,INH2O,!WP1001!WP1002!WP1003!WP1006!WP1007!WP1014!hist14!CP1004,1
2026-07-15 20:15:36.5,1PDF,SLPSL0001,PULV LOW SEAL AIR HDR DIFF PRESS,,LOABS,PULV LOW SEAL AIR HDR DIFF PRESS,RTN,1,4.07168,4,INH2O,!WP1001!WP1002!WP1003!WP1006!WP1007!WP1014!hist14!CP1004,1
2026-07-15 20:15:49.5,1PDF,SLPSL0001,PULV LOW SEAL AIR HDR DIFF PRESS,,LOABS,PULV LOW SEAL AIR HDR DIFF PRESS,ALM,1,3.97002,4,INH2O,!WP1001!WP1002!WP1003!WP1006!WP1007!WP1014!hist14!CP1004,1
2026-07-15 20:15:53.5,1PDF,SLPSL0001,PULV LOW SEAL AIR HDR DIFF PRESS,,LOABS,PULV LOW SEAL AIR HDR DIFF PRESS,RTN,1,4.03242,4,INH2O,!WP1001!WP1002!WP1003!WP1006!WP1007!WP1014!hist14!CP1004,1
2026-07-15 20:15:54.5,1PDF,SLPSL0001,PULV LOW SEAL AIR HDR DIFF PRESS,,LOABS,PULV LOW SEAL AIR HDR DIFF PRESS,ALM,1,3.93047,4,INH2O,!WP1001!WP1002!WP1003!WP1006!WP1007!WP1014!hist14!CP1004,1
2026-07-15 20:16:01.5,1PDF,SLPSL0001,PULV LOW SEAL AIR HDR DIFF PRESS,,LOABS,PULV LOW SEAL AIR HDR DIFF PRESS,RTN,1,4.02305,4,INH2O,!WP1001!WP1002!WP1003!WP1006!WP1007!WP1014!hist14!CP1004,1
2026-07-15 20:16:03.9,1BCS_7,IKTE3441,REHEAT TEMP LEFT (NORM),,HIABS,HIGH,RTN,1,1007.14,1012.18,DEG.F,!WP1002!WP1006!WP1007!WP1001!WP1003!WP1014!hist14!CP1007,1
2026-07-15 20:16:05.9,1BCS_7,IKTE3741,REHEAT TEMP LEFT (REDUNDANT),,HIABS,HIGH,RTN,1,1007.18,1012.18,DEG.F,!WP1002!WP1006!WP1007!WP1001!WP1003!WP1014!hist14!CP1007,1
2026-07-15 20:16:06.5,1PDF,SLPSL0001,PULV LOW SEAL AIR HDR DIFF PRESS,,LOABS,PULV LOW SEAL AIR HDR DIFF PRESS,ALM,1,3.9416,4,INH2O,!WP1001!WP1002!WP1003!WP1006!WP1007!WP1014!hist14!CP1004,1
2026-07-15 20:16:10.5,1PDF,SLPSL0001,PULV LOW SEAL AIR HDR DIFF PRESS,,LOABS,PULV LOW SEAL AIR HDR DIFF PRESS,RTN,1,4.09014,4,INH2O,!WP1001!WP1002!WP1003!WP1006!WP1007!WP1014!hist14!CP1004,1
2026-07-15 20:16:13.5,1PDF,SLPSL0001,PULV LOW SEAL AIR HDR DIFF PRESS,,LOABS,PULV LOW SEAL AIR HDR DIFF PRESS,ALM,1,3.98965,4,INH2O,!WP1001!WP1002!WP1003!WP1006!WP1007!WP1014!hist14!CP1004,1
2026-07-15 20:16:14.5,1PDF,SLPSL0001,PULV LOW SEAL AIR HDR DIFF PRESS,,LOABS,PULV LOW SEAL AIR HDR DIFF PRESS,RTN,1,4.125,4,INH2O,!WP1001!WP1002!WP1003!WP1006!WP1007!WP1014!hist14!CP1004,1
2026-07-15 20:16:17.5,1PDF,SLPSL0001,PULV LOW SEAL AIR HDR DIFF PRESS,,LOABS,PULV LOW SEAL AIR HDR DIFF PRESS,ALM,1,3.97383,4,INH2O,!WP1001!WP1002!WP1003!WP1006!WP1007!WP1014!hist14!CP1004,1
2026-07-15 20:16:18.5,1PDF,SLPSL0001,PULV LOW SEAL AIR HDR DIFF PRESS,,LOABS,PULV LOW SEAL AIR HDR DIFF PRESS,RTN,1,4.09189,4,INH2O,!WP1001!WP1002!WP1003!WP1006!WP1007!WP1014!hist14!CP1004,1
2026-07-15 20:16:19.5,1PDF,SLPSL0001,PULV LOW SEAL AIR HDR DIFF PRESS,,LOABS,PULV LOW SEAL AIR HDR DIFF PRESS,ALM,1,3.95479,4,INH2O,!WP1001!WP1002!WP1003!WP1006!WP1007!WP1014!hist14!CP1004,1
2026-07-15 20:16:20.5,1PDF,SLPSL0001,PULV LOW SEAL AIR HDR DIFF PRESS,,LOABS,PULV LOW SEAL AIR HDR DIFF PRESS,RTN,1,4.02422,4,INH2O,!WP1001!WP1002!WP1003!WP1006!WP1007!WP1014!hist14!CP1004,1
2026-07-15 20:17:48.5,1PDF,SLPSL0001,PULV LOW SEAL AIR HDR DIFF PRESS,,LOABS,PULV LOW SEAL AIR HDR DIFF PRESS,ALM,1,3.99609,4,INH2O,!WP1001!WP1002!WP1003!WP1006!WP1007!WP1014!hist14!CP1004,1
2026-07-15 20:17:51.5,1PDF,SLPSL0001,PULV LOW SEAL AIR HDR DIFF PRESS,,LOABS,PULV LOW SEAL AIR HDR DIFF PRESS,RTN,1,4.02275,4,INH2O,!WP1001!WP1002!WP1003!WP1006!WP1007!WP1014!hist14!CP1004,1
2026-07-15 20:17:52.5,1PDF,SLPSL0001,PULV LOW SEAL AIR HDR DIFF PRESS,,LOABS,PULV LOW SEAL AIR HDR DIFF PRESS,ALM,1,3.95684,4,INH2O,!WP1001!WP1002!WP1003!WP1006!WP1007!WP1014!hist14!CP1004,1
2026-07-15 20:17:55.5,1PDF,SLPSL0001,PULV LOW SEAL AIR HDR DIFF PRESS,,LOABS,PULV LOW SEAL AIR HDR DIFF PRESS,RTN,1,4.06172,4,INH2O,!WP1001!WP1002!WP1003!WP1006!WP1007!WP1014!hist14!CP1004,1
2026-07-15 20:17:56.5,1PDF,SLPSL0001,PULV LOW SEAL AIR HDR DIFF PRESS,,LOABS,PULV LOW SEAL AIR HDR DIFF PRESS,ALM,1,3.92783,4,INH2O,!WP1001!WP1002!WP1003!WP1006!WP1007!WP1014!hist14!CP1004,1
2026-07-15 20:17:57.5,1PDF,SLPSL0001,PULV LOW SEAL AIR HDR DIFF PRESS,,LOABS,PULV LOW SEAL AIR HDR DIFF PRESS,RTN,1,4.03271,4,INH2O,!WP1001!WP1002!WP1003!WP1006!WP1007!WP1014!hist14!CP1004,1
2026-07-15 20:17:58.5,1PDF,SLPSL0001,PULV LOW SEAL AIR HDR DIFF PRESS,,LOABS,PULV LOW SEAL AIR HDR DIFF PRESS,ALM,1,3.92227,4,INH2O,!WP1001!WP1002!WP1003!WP1006!WP1007!WP1014!hist14!CP1004,1
2026-07-15 20:18:49.4,1SBRS,B13,R.H. SOOT BLOWING REG FBK,,HIABS,R.H. SOOTBLOWER FB @ 90%,ALM,5,91.7715,90,PCT,!WP1002!WP1006!WP1007!WP1001!WP1003!WP1014!hist14!CP1009,1
2026-07-15 20:18:50.4,1SBRS,B13,R.H. SOOT BLOWING REG FBK,,HIABS,R.H. SOOTBLOWER FB @ 90%,RTN,5,85.8984,90,PCT,!WP1002!WP1006!WP1007!WP1001!WP1003!WP1014!hist14!CP1009,1
2026-07-15 20:19:28.8,1SCR_B_PRESS,FGPDI5228B,SCR B CAT LAYER 4 DP,1SR114 PNT 4,HHABS,HI HI DP,ALM,1,1.70189,1.7,INH2O,!WP1001!WP1002!WP1003!WP1006!WP1007!WP1014!hist14!CP1016,1
2026-07-15 20:19:32.5,1PDF,SLPSL0001,PULV LOW SEAL AIR HDR DIFF PRESS,,LOABS,PULV LOW SEAL AIR HDR DIFF PRESS,RTN,1,4.03682,4,INH2O,!WP1001!WP1002!WP1003!WP1006!WP1007!WP1014!hist14!CP1004,1
2026-07-15 20:20:31.5,1PDF,SLPSL0001,PULV LOW SEAL AIR HDR DIFF PRESS,,LOABS,PULV LOW SEAL AIR HDR DIFF PRESS,ALM,1,3.9498,4,INH2O,!WP1001!WP1002!WP1003!WP1006!WP1007!WP1014!hist14!CP1004,1
2026-07-15 20:20:41.5,1PDF,SLPSL0001,PULV LOW SEAL AIR HDR DIFF PRESS,,LOABS,PULV LOW SEAL AIR HDR DIFF PRESS,RTN,1,4.01924,4,INH2O,!WP1001!WP1002!WP1003!WP1006!WP1007!WP1014!hist14!CP1004,1
2026-07-15 20:20:42.5,1PDF,SLPSL0001,PULV LOW SEAL AIR HDR DIFF PRESS,,LOABS,PULV LOW SEAL AIR HDR DIFF PRESS,ALM,1,3.89561,4,INH2O,!WP1001!WP1002!WP1003!WP1006!WP1007!WP1014!hist14!CP1004,1
2026-07-15 20:20:43.5,1PDF,SLPSL0001,PULV LOW SEAL AIR HDR DIFF PRESS,,LOABS,PULV LOW SEAL AIR HDR DIFF PRESS,RTN,1,4.01191,4,INH2O,!WP1001!WP1002!WP1003!WP1006!WP1007!WP1014!hist14!CP1004,1
2026-07-15 20:20:44.5,1PDF,SLPSL0001,PULV LOW SEAL AIR HDR DIFF PRESS,,LOABS,PULV LOW SEAL AIR HDR DIFF PRESS,ALM,1,3.92871,4,INH2O,!WP1001!WP1002!WP1003!WP1006!WP1007!WP1014!hist14!CP1004,1
2026-07-15 20:20:45.5,1PDF,SLPSL0001,PULV LOW SEAL AIR HDR DIFF PRESS,,LOABS,PULV LOW SEAL AIR HDR DIFF PRESS,RTN,1,4.02715,4,INH2O,!WP1001!WP1002!WP1003!WP1006!WP1007!WP1014!hist14!CP1004,1
2026-07-15 20:20:46.5,1PDF,SLPSL0001,PULV LOW SEAL AIR HDR DIFF PRESS,,LOABS,PULV LOW SEAL AIR HDR DIFF PRESS,ALM,1,3.9085,4,INH2O,!WP1001!WP1002!WP1003!WP1006!WP1007!WP1014!hist14!CP1004,1
2026-07-15 20:21:12.5,1PDF,SLPSL0001,PULV LOW SEAL AIR HDR DIFF PRESS,,LOABS,PULV LOW SEAL AIR HDR DIFF PRESS,RTN,1,4.04736,4,INH2O,!WP1001!WP1002!WP1003!WP1006!WP1007!WP1014!hist14!CP1004,1
2026-07-15 20:21:14.5,1PDF,SLPSL0001,PULV LOW SEAL AIR HDR DIFF PRESS,,LOABS,PULV LOW SEAL AIR HDR DIFF PRESS,ALM,1,3.97148,4,INH2O,!WP1001!WP1002!WP1003!WP1006!WP1007!WP1014!hist14!CP1004,1
2026-07-15 20:21:15.5,1PDF,SLPSL0001,PULV LOW SEAL AIR HDR DIFF PRESS,,LOABS,PULV LOW SEAL AIR HDR DIFF PRESS,RTN,1,4.0125,4,INH2O,!WP1001!WP1002!WP1003!WP1006!WP1007!WP1014!hist14!CP1004,1
2026-07-15 20:21:22.5,1PDF,SLPSL0001,PULV LOW SEAL AIR HDR DIFF PRESS,,LOABS,PULV LOW SEAL AIR HDR DIFF PRESS,ALM,1,3.98555,4,INH2O,!WP1001!WP1002!WP1003!WP1006!WP1007!WP1014!hist14!CP1004,1
2026-07-15 20:21:23.5,1PDF,SLPSL0001,PULV LOW SEAL AIR HDR DIFF PRESS,,LOABS,PULV LOW SEAL AIR HDR DIFF PRESS,RTN,1,4.06758,4,INH2O,!WP1001!WP1002!WP1003!WP1006!WP1007!WP1014!hist14!CP1004,1
2026-07-15 20:22:12.0,1FG_B,ZSH5701A,BF B BLADE PITCH,,HIABS,BLADE PITCH ALARM,ALM,3,70.0898,70,%,!WP1001!WP1002!WP1003!WP1006!WP1007!WP1014!hist14!CP1015,1
2026-07-15 20:22:13.4,1FG_A,ZSH5601A,BF A BLADE PITCH,,HIABS,BLADE PITCH ALARM,ALM,3,70.0117,70,%,!WP1001!WP1002!WP1003!WP1006!WP1007!WP1014!hist14!CP1015,1
2026-07-15 20:23:04.8,1SCR_B_PRESS,FGPDI5228B,SCR B CAT LAYER 4 DP,1SR114 PNT 4,HHABS,HI HI DP,RTN,1,1.19944,1.7,INH2O,!WP1001!WP1002!WP1003!WP1006!WP1007!WP1014!hist14!CP1016,1
2026-07-15 20:23:32.0,1SEAL_AIR,PDI5735_ALM,BF B OUT DMPR SEAL CAV D/P LOW,,STATE,DP ALARM ACTIVE,ALM,3,,,,!WP1001!WP1002!WP1003!WP1006!WP1007!WP1014!hist14!CP1015,1
2026-07-15 20:23:41.5,FD_FAN_VIB,A_FAN_VEL_AX,A FD FAN VEL AX,,HIABS,A FD FAN VEL AX HI VIB,RTN,1,2.42344,3,MILS,!WP1001!WP1002!WP1003!WP1006!WP1007!WP1014!hist14!CP1005,1
2026-07-15 20:23:50.4,1FG_B,5706TX_ALM,BF B INLET OUTLET PRESS,FGPDIT5706,STATE,BF B INLET/OUTLET PRESS DEV,ALM,3,,,,!WP1001!WP1002!WP1003!WP1006!WP1007!WP1014!hist14!CP1015,1
2026-07-15 20:24:00.0,FD_FAN_VIB,A_FAN_VEL_AX,A FD FAN VEL AX,,HIABS,A FD FAN VEL AX HI VIB,ALM,1,3.00141,3,MILS,!WP1001!WP1002!WP1003!WP1006!WP1007!WP1014!hist14!CP1005,1
2026-07-15 20:24:02.0,1FP,B86,ID FAN C INLET DAMPER FEEDBACK,,HHABS,ID FAN C DAMPER 80 %,ALM,1,80.0061,80,PCT,!WP1001!WP1002!WP1003!WP1006!WP1007!WP1014!hist14!CP1001,1
2026-07-15 20:24:04.0,1FP,B58,ID FAN B INLET DAMPER FEEDBACK,,HHABS,IDF B DAMPER 80%,ALM,1,80.0171,80,PCT,!WP1001!WP1002!WP1003!WP1006!WP1007!WP1014!hist14!CP1001,1
2026-07-15 20:24:06.0,1FP,B56,ID FAN A INLET DAMPER FEEDBACK,,HHABS,ID FAN A DAMPER 80 %,ALM,1,80.0012,80,PCT,!WP1001!WP1002!WP1003!WP1006!WP1007!WP1014!hist14!CP1001,1
2026-07-15 20:25:11.5,1PDF,SLPSL0001,PULV LOW SEAL AIR HDR DIFF PRESS,,LOABS,PULV LOW SEAL AIR HDR DIFF PRESS,ALM,1,3.92402,4,INH2O,!WP1001!WP1002!WP1003!WP1006!WP1007!WP1014!hist14!CP1004,1
2026-07-15 20:25:31.6,IDFAN_PEEC,OPCY_ALM,PRECIP OUT > 50%,PRECIP OUTLET,STATE,ALARM,ALM,3,,,,!WP1001!WP1002!WP1003!WP1006!WP1007!WP1014!hist14!CP1003,1
2026-07-15 20:25:38.1,IDFAN_PEEC,OPCY_ALM,PRECIP OUT > 50%,PRECIP OUTLET,STATE,NORMAL,RTN,3,,,,!WP1001!WP1002!WP1003!WP1006!WP1007!WP1014!hist14!CP1003,1
2026-07-15 20:25:49.1,IDFAN_PEEC,OPCY_ALM,PRECIP OUT > 50%,PRECIP OUTLET,STATE,ALARM,ALM,3,,,,!WP1001!WP1002!WP1003!WP1006!WP1007!WP1014!hist14!CP1003,1
2026-07-15 20:25:54.6,IDFAN_PEEC,OPCY_ALM,PRECIP OUT > 50%,PRECIP OUTLET,STATE,NORMAL,RTN,3,,,,!WP1001!WP1002!WP1003!WP1006!WP1007!WP1014!hist14!CP1003,1
2026-07-15 20:26:32.0,1FP,B56,ID FAN A INLET DAMPER FEEDBACK,,HHABS,ID FAN A DAMPER 80 %,RTN,1,78.9605,80,PCT,!WP1001!WP1002!WP1003!WP1006!WP1007!WP1014!hist14!CP1001,1
2026-07-15 20:26:33.4,1FP,B58,ID FAN B INLET DAMPER FEEDBACK,,HHABS,IDF B DAMPER 80%,RTN,1,78.9395,80,PCT,!WP1001!WP1002!WP1003!WP1006!WP1007!WP1014!hist14!CP1001,1
2026-07-15 20:26:33.0,1FP,B86,ID FAN C INLET DAMPER FEEDBACK,,HHABS,ID FAN C DAMPER 80 %,RTN,1,78.9964,80,PCT,!WP1001!WP1002!WP1003!WP1006!WP1007!WP1014!hist14!CP1001,1
2026-07-15 20:26:41.5,1FUEL_SFTY,FPTX_ALM,DRAFT TRANSMITTER DEVIATION,,STATE,FURN DRAFT PRESS XMTR DEVIATION,ALM,5,,,,!WP1001!WP1002!WP1003!WP1006!WP1007!WP1014!hist14!CP1004,1
2026-07-15 20:26:46.1,1FG_B,ZSH5701A,BF B BLADE PITCH,,HIABS,BLADE PITCH ALARM,RTN,3,69.8789,70,%,!WP1001!WP1002!WP1003!WP1006!WP1007!WP1014!hist14!CP1015,1
2026-07-15 20:26:48.4,1FG_A,ZSH5601A,BF A BLADE PITCH,,HIABS,BLADE PITCH ALARM,RTN,3,69.7031,70,%,!WP1001!WP1002!WP1003!WP1006!WP1007!WP1014!hist14!CP1015,1
2026-07-15 20:26:49.4,1FG_B,5706TX_ALM,BF B INLET OUTLET PRESS,FGPDIT5706,STATE,DEVIATION ALARM CLEAR,RTN,3,,,,!WP1001!WP1002!WP1003!WP1006!WP1007!WP1014!hist14!CP1015,1
2026-07-15 20:26:49.1,1SEAL_AIR,PDI5735_ALM,BF B OUT DMPR SEAL CAV D/P LOW,,STATE,DP ALARM CLEAR,RTN,3,,,,!WP1001!WP1002!WP1003!WP1006!WP1007!WP1014!hist14!CP1015,1
2026-07-15 20:26:52.6,IDFAN_PEEC,OPCY_ALM,PRECIP OUT > 50%,PRECIP OUTLET,STATE,ALARM,ALM,3,,,,!WP1001!WP1002!WP1003!WP1006!WP1007!WP1014!hist14!CP1003,1
2026-07-15 20:26:56.6,IDFAN_PEEC,OPCY_ALM,PRECIP OUT > 50%,PRECIP OUTLET,STATE,NORMAL,RTN,3,,,,!WP1001!WP1002!WP1003!WP1006!WP1007!WP1014!hist14!CP1003,1
2026-07-15 20:27:31.5,1PDF,SLPSL0001,PULV LOW SEAL AIR HDR DIFF PRESS,,LOABS,PULV LOW SEAL AIR HDR DIFF PRESS,RTN,1,4.02861,4,INH2O,!WP1001!WP1002!WP1003!WP1006!WP1007!WP1014!hist14!CP1004,1
2026-07-15 20:27:32.5,1PDF,SLPSL0001,PULV LOW SEAL AIR HDR DIFF PRESS,,LOABS,PULV LOW SEAL AIR HDR DIFF PRESS,ALM,1,3.95537,4,INH2O,!WP1001!WP1002!WP1003!WP1006!WP1007!WP1014!hist14!CP1004,1
2026-07-15 20:27:33.5,1PDF,SLPSL0001,PULV LOW SEAL AIR HDR DIFF PRESS,,LOABS,PULV LOW SEAL AIR HDR DIFF PRESS,RTN,1,4.07109,4,INH2O,!WP1001!WP1002!WP1003!WP1006!WP1007!WP1014!hist14!CP1004,1
2026-07-15 20:27:34.5,1PDF,SLPSL0001,PULV LOW SEAL AIR HDR DIFF PRESS,,LOABS,PULV LOW SEAL AIR HDR DIFF PRESS,ALM,1,3.9832,4,INH2O,!WP1001!WP1002!WP1003!WP1006!WP1007!WP1014!hist14!CP1004,1
2026-07-15 20:27:35.5,1PDF,SLPSL0001,PULV LOW SEAL AIR HDR DIFF PRESS,,LOABS,PULV LOW SEAL AIR HDR DIFF PRESS,RTN,1,4.01748,4,INH2O,!WP1001!WP1002!WP1003!WP1006!WP1007!WP1014!hist14!CP1004,1
2026-07-15 20:27:36.5,1PDF,SLPSL0001,PULV LOW SEAL AIR HDR DIFF PRESS,,LOABS,PULV LOW SEAL AIR HDR DIFF PRESS,ALM,1,3.8291,4,INH2O,!WP1001!WP1002!WP1003!WP1006!WP1007!WP1014!hist14!CP1004,1
2026-07-15 20:27:42.5,1FUEL_SFTY,FPTX_ALM,DRAFT TRANSMITTER DEVIATION,,STATE,NO DEVIATION,RTN,5,,,,!WP1001!WP1002!WP1003!WP1006!WP1007!WP1014!hist14!CP1004,1
2026-07-15 20:27:54.5,1PDF,SLPSL0001,PULV LOW SEAL AIR HDR DIFF PRESS,,LOABS,PULV LOW SEAL AIR HDR DIFF PRESS,RTN,1,4.0459,4,INH2O,!WP1001!WP1002!WP1003!WP1006!WP1007!WP1014!hist14!CP1004,1
2026-07-15 20:27:55.5,1PDF,SLPSL0001,PULV LOW SEAL AIR HDR DIFF PRESS,,LOABS,PULV LOW SEAL AIR HDR DIFF PRESS,ALM,1,3.93867,4,INH2O,!WP1001!WP1002!WP1003!WP1006!WP1007!WP1014!hist14!CP1004,1
2026-07-15 20:27:56.5,1PDF,SLPSL0001,PULV LOW SEAL AIR HDR DIFF PRESS,,LOABS,PULV LOW SEAL AIR HDR DIFF PRESS,RTN,1,4.09424,4,INH2O,!WP1001!WP1002!WP1003!WP1006!WP1007!WP1014!hist14!CP1004,1
2026-07-15 20:27:59.5,1PDF,SLPSL0001,PULV LOW SEAL AIR HDR DIFF PRESS,,LOABS,PULV LOW SEAL AIR HDR DIFF PRESS,ALM,1,3.93867,4,INH2O,!WP1001!WP1002!WP1003!WP1006!WP1007!WP1014!hist14!CP1004,1
2026-07-15 20:28:00.5,1PDF,SLPSL0001,PULV LOW SEAL AIR HDR DIFF PRESS,,LOABS,PULV LOW SEAL AIR HDR DIFF PRESS,RTN,1,4.0957,4,INH2O,!WP1001!WP1002!WP1003!WP1006!WP1007!WP1014!hist14!CP1004,1
2026-07-15 20:30:55.8,1SCR_B_PRESS,FGPDI5228B,SCR B CAT LAYER 4 DP,1SR114 PNT 4,HHABS,HI HI DP,ALM,1,1.70129,1.7,INH2O,!WP1001!WP1002!WP1003!WP1006!WP1007!WP1014!hist14!CP1016,1
2026-07-15 20:31:39.0,1FG_A,ZSH5601A,BF A BLADE PITCH,,HIABS,BLADE PITCH ALARM,ALM,3,70.0156,70,%,!WP1001!WP1002!WP1003!WP1006!WP1007!WP1014!hist14!CP1015,1
2026-07-15 20:31:43.0,1FG_B,ZSH5701A,BF B BLADE PITCH,,HIABS,BLADE PITCH ALARM,ALM,3,70.2129,70,%,!WP1001!WP1002!WP1003!WP1006!WP1007!WP1014!hist14!CP1015,1
2026-07-15 20:32:05.5,1PDF,SLPSL0001,PULV LOW SEAL AIR HDR DIFF PRESS,,LOABS,PULV LOW SEAL AIR HDR DIFF PRESS,ALM,1,3.97705,4,INH2O,!WP1001!WP1002!WP1003!WP1006!WP1007!WP1014!hist14!CP1004,1
2026-07-15 20:32:06.5,1PDF,SLPSL0001,PULV LOW SEAL AIR HDR DIFF PRESS,,LOABS,PULV LOW SEAL AIR HDR DIFF PRESS,RTN,1,4.07256,4,INH2O,!WP1001!WP1002!WP1003!WP1006!WP1007!WP1014!hist14!CP1004,1
2026-07-15 20:32:07.5,1PDF,SLPSL0001,PULV LOW SEAL AIR HDR DIFF PRESS,,LOABS,PULV LOW SEAL AIR HDR DIFF PRESS,ALM,1,3.96855,4,INH2O,!WP1001!WP1002!WP1003!WP1006!WP1007!WP1014!hist14!CP1004,1
2026-07-15 20:32:08.5,1PDF,SLPSL0001,PULV LOW SEAL AIR HDR DIFF PRESS,,LOABS,PULV LOW SEAL AIR HDR DIFF PRESS,RTN,1,4.10713,4,INH2O,!WP1001!WP1002!WP1003!WP1006!WP1007!WP1014!hist14!CP1004,1
2026-07-15 20:32:09.5,1PDF,SLPSL0001,PULV LOW SEAL AIR HDR DIFF PRESS,,LOABS,PULV LOW SEAL AIR HDR DIFF PRESS,ALM,1,3.96094,4,INH2O,!WP1001!WP1002!WP1003!WP1006!WP1007!WP1014!hist14!CP1004,1
2026-07-15 20:32:16.8,1SCR_B_PRESS,FGPDI5228B,SCR B CAT LAYER 4 DP,1SR114 PNT 4,HHABS,HI HI DP,RTN,1,1.19804,1.7,INH2O,!WP1001!WP1002!WP1003!WP1006!WP1007!WP1014!hist14!CP1016,1
2026-07-15 20:32:19.0,1FG_B,ZSH5701A,BF B BLADE PITCH,,HIABS,BLADE PITCH ALARM,RTN,3,69.8555,70,%,!WP1001!WP1002!WP1003!WP1006!WP1007!WP1014!hist14!CP1015,1
2026-07-15 20:32:24.0,1FG_A,ZSH5601A,BF A BLADE PITCH,,HIABS,BLADE PITCH ALARM,RTN,3,69.8574,70,%,!WP1001!WP1002!WP1003!WP1006!WP1007!WP1014!hist14!CP1015,1
2026-07-15 20:33:11.3,1AR17,JAS_TIMER,JAS AUTO FLUSH TIMER,,PTARG,RESET FLUSH TIMER,ALM,5,28801,28800,SEC,!hist14!CP1017,2
2026-07-15 20:33:12.3,1AR17,JAS_TIMER,JAS AUTO FLUSH TIMER,,PTARG,RESET FLUSH TIMER,RTN,5,0,28800,SEC,!hist14!CP1017,2
2026-07-15 20:34:01.5,1PDF,SLPSL0001,PULV LOW SEAL AIR HDR DIFF PRESS,,LOABS,PULV LOW SEAL AIR HDR DIFF PRESS,RTN,1,4.01895,4,INH2O,!WP1001!WP1002!WP1003!WP1006!WP1007!WP1014!hist14!CP1004,1
2026-07-15 20:34:57.3,1SCR_B_PRESS,FGPDI5228B,SCR B CAT LAYER 4 DP,1SR114 PNT 4,HHABS,HI HI DP,ALM,1,1.70019,1.7,INH2O,!WP1001!WP1002!WP1003!WP1006!WP1007!WP1014!hist14!CP1016,1
2026-07-15 20:35:41.0,1TC,B21,DROOP ACTIVE,DROOP,STATE,ACTIVE,ALM,5,,,,!hist14!CP1001,2
2026-07-15 20:35:42.4,1TC,B21,DROOP ACTIVE,DROOP,STATE,NORMAL,RTN,5,,,,!hist14!CP1001,2
2026-07-15 20:36:34.5,1PDF,SLPSL0001,PULV LOW SEAL AIR HDR DIFF PRESS,,LOABS,PULV LOW SEAL AIR HDR DIFF PRESS,ALM,1,3.82119,4,INH2O,!WP1001!WP1002!WP1003!WP1006!WP1007!WP1014!hist14!CP1004,1
2026-07-15 20:36:39.5,1PDF,SLPSL0001,PULV LOW SEAL AIR HDR DIFF PRESS,,LOABS,PULV LOW SEAL AIR HDR DIFF PRESS,RTN,1,4.0292,4,INH2O,!WP1001!WP1002!WP1003!WP1006!WP1007!WP1014!hist14!CP1004,1
2026-07-15 20:36:40.5,1PDF,SLPSL0001,PULV LOW SEAL AIR HDR DIFF PRESS,,LOABS,PULV LOW SEAL AIR HDR DIFF PRESS,ALM,1,3.94189,4,INH2O,!WP1001!WP1002!WP1003!WP1006!WP1007!WP1014!hist14!CP1004,1
2026-07-15 20:36:43.5,1PDF,SLPSL0001,PULV LOW SEAL AIR HDR DIFF PRESS,,LOABS,PULV LOW SEAL AIR HDR DIFF PRESS,RTN,1,4.03711,4,INH2O,!WP1001!WP1002!WP1003!WP1006!WP1007!WP1014!hist14!CP1004,1
2026-07-15 20:36:44.5,1PDF,SLPSL0001,PULV LOW SEAL AIR HDR DIFF PRESS,,LOABS,PULV LOW SEAL AIR HDR DIFF PRESS,ALM,1,3.9958,4,INH2O,!WP1001!WP1002!WP1003!WP1006!WP1007!WP1014!hist14!CP1004,1
2026-07-15 20:36:45.5,1PDF,SLPSL0001,PULV LOW SEAL AIR HDR DIFF PRESS,,LOABS,PULV LOW SEAL AIR HDR DIFF PRESS,RTN,1,4.07168,4,INH2O,!WP1001!WP1002!WP1003!WP1006!WP1007!WP1014!hist14!CP1004,1
2026-07-15 20:36:48.5,1PDF,SLPSL0001,PULV LOW SEAL AIR HDR DIFF PRESS,,LOABS,PULV LOW SEAL AIR HDR DIFF PRESS,ALM,1,3.91758,4,INH2O,!WP1001!WP1002!WP1003!WP1006!WP1007!WP1014!hist14!CP1004,1
2026-07-15 20:37:19.0,1TC,B21,DROOP ACTIVE,DROOP,STATE,ACTIVE,ALM,5,,,,!hist14!CP1001,2
2026-07-15 20:37:39.0,1TC,B21,DROOP ACTIVE,DROOP,STATE,NORMAL,RTN,5,,,,!hist14!CP1001,2
2026-07-15 20:37:49.0,1TC,B21,DROOP ACTIVE,DROOP,STATE,ACTIVE,ALM,5,,,,!hist14!CP1001,2
2026-07-15 20:38:05.5,1PDF,SLPSL0001,PULV LOW SEAL AIR HDR DIFF PRESS,,LOABS,PULV LOW SEAL AIR HDR DIFF PRESS,RTN,1,4.16543,4,INH2O,!WP1001!WP1002!WP1003!WP1006!WP1007!WP1014!hist14!CP1004,1
2026-07-15 20:38:25.0,1TC,B21,DROOP ACTIVE,DROOP,STATE,NORMAL,RTN,5,,,,!hist14!CP1001,2
2026-07-15 20:38:26.0,1TC,B21,DROOP ACTIVE,DROOP,STATE,ACTIVE,ALM,5,,,,!hist14!CP1001,2
2026-07-15 20:38:49.4,1TC,B21,DROOP ACTIVE,DROOP,STATE,NORMAL,RTN,5,,,,!hist14!CP1001,2
2026-07-15 20:39:09.0,1TC,B21,DROOP ACTIVE,DROOP,STATE,ACTIVE,ALM,5,,,,!hist14!CP1001,2
2026-07-15 20:39:14.4,1TC,B21,DROOP ACTIVE,DROOP,STATE,NORMAL,RTN,5,,,,!hist14!CP1001,2
2026-07-15 20:39:21.0,1TC,B21,DROOP ACTIVE,DROOP,STATE,ACTIVE,ALM,5,,,,!hist14!CP1001,2
2026-07-15 20:39:30.0,1TC,B21,DROOP ACTIVE,DROOP,STATE,NORMAL,RTN,5,,,,!hist14!CP1001,2
2026-07-15 20:39:31.4,1TC,B21,DROOP ACTIVE,DROOP,STATE,ACTIVE,ALM,5,,,,!hist14!CP1001,2
2026-07-15 20:40:03.0,1TC,B21,DROOP ACTIVE,DROOP,STATE,NORMAL,RTN,5,,,,!hist14!CP1001,2
2026-07-15 20:40:05.0,1TC,B21,DROOP ACTIVE,DROOP,STATE,ACTIVE,ALM,5,,,,!hist14!CP1001,2
2026-07-15 20:40:16.0,1TC,B21,DROOP ACTIVE,DROOP,STATE,NORMAL,RTN,5,,,,!hist14!CP1001,2
2026-07-15 20:42:01.5,1PDF,SLPSL0001,PULV LOW SEAL AIR HDR DIFF PRESS,,LOABS,PULV LOW SEAL AIR HDR DIFF PRESS,ALM,1,3.93516,4,INH2O,!WP1001!WP1002!WP1003!WP1006!WP1007!WP1014!hist14!CP1004,1
2026-07-15 20:42:07.5,1PDF,SLPSL0001,PULV LOW SEAL AIR HDR DIFF PRESS,,LOABS,PULV LOW SEAL AIR HDR DIFF PRESS,RTN,1,4.01338,4,INH2O,!WP1001!WP1002!WP1003!WP1006!WP1007!WP1014!hist14!CP1004,1
2026-07-15 20:42:08.5,1PDF,SLPSL0001,PULV LOW SEAL AIR HDR DIFF PRESS,,LOABS,PULV LOW SEAL AIR HDR DIFF PRESS,ALM,1,3.95303,4,INH2O,!WP1001!WP1002!WP1003!WP1006!WP1007!WP1014!hist14!CP1004,1
2026-07-15 20:42:11.5,1PDF,SLPSL0001,PULV LOW SEAL AIR HDR DIFF PRESS,,LOABS,PULV LOW SEAL AIR HDR DIFF PRESS,RTN,1,4.0415,4,INH2O,!WP1001!WP1002!WP1003!WP1006!WP1007!WP1014!hist14!CP1004,1
2026-07-15 20:42:12.5,1PDF,SLPSL0001,PULV LOW SEAL AIR HDR DIFF PRESS,,LOABS,PULV LOW SEAL AIR HDR DIFF PRESS,ALM,1,3.99844,4,INH2O,!WP1001!WP1002!WP1003!WP1006!WP1007!WP1014!hist14!CP1004,1
2026-07-15 20:42:13.5,1PDF,SLPSL0001,PULV LOW SEAL AIR HDR DIFF PRESS,,LOABS,PULV LOW SEAL AIR HDR DIFF PRESS,RTN,1,4.09863,4,INH2O,!WP1001!WP1002!WP1003!WP1006!WP1007!WP1014!hist14!CP1004,1
2026-07-15 20:42:27.5,1PDF,SLPSL0001,PULV LOW SEAL AIR HDR DIFF PRESS,,LOABS,PULV LOW SEAL AIR HDR DIFF PRESS,ALM,1,3.92197,4,INH2O,!WP1001!WP1002!WP1003!WP1006!WP1007!WP1014!hist14!CP1004,1
2026-07-15 20:42:28.5,1PDF,SLPSL0001,PULV LOW SEAL AIR HDR DIFF PRESS,,LOABS,PULV LOW SEAL AIR HDR DIFF PRESS,RTN,1,4.05,4,INH2O,!WP1001!WP1002!WP1003!WP1006!WP1007!WP1014!hist14!CP1004,1
2026-07-15 20:42:29.5,1PDF,SLPSL0001,PULV LOW SEAL AIR HDR DIFF PRESS,,LOABS,PULV LOW SEAL AIR HDR DIFF PRESS,ALM,1,3.93604,4,INH2O,!WP1001!WP1002!WP1003!WP1006!WP1007!WP1014!hist14!CP1004,1
2026-07-15 20:42:30.5,1PDF,SLPSL0001,PULV LOW SEAL AIR HDR DIFF PRESS,,LOABS,PULV LOW SEAL AIR HDR DIFF PRESS,RTN,1,4.02481,4,INH2O,!WP1001!WP1002!WP1003!WP1006!WP1007!WP1014!hist14!CP1004,1
2026-07-15 20:42:44.5,1PDF,SLPSL0001,PULV LOW SEAL AIR HDR DIFF PRESS,,LOABS,PULV LOW SEAL AIR HDR DIFF PRESS,ALM,1,3.97324,4,INH2O,!WP1001!WP1002!WP1003!WP1006!WP1007!WP1014!hist14!CP1004,1
2026-07-15 20:42:47.5,1PDF,SLPSL0001,PULV LOW SEAL AIR HDR DIFF PRESS,,LOABS,PULV LOW SEAL AIR HDR DIFF PRESS,RTN,1,4.096,4,INH2O,!WP1001!WP1002!WP1003!WP1006!WP1007!WP1014!hist14!CP1004,1
2026-07-15 20:42:48.5,1PDF,SLPSL0001,PULV LOW SEAL AIR HDR DIFF PRESS,,LOABS,PULV LOW SEAL AIR HDR DIFF PRESS,ALM,1,3.99902,4,INH2O,!WP1001!WP1002!WP1003!WP1006!WP1007!WP1014!hist14!CP1004,1
2026-07-15 20:42:49.5,1PDF,SLPSL0001,PULV LOW SEAL AIR HDR DIFF PRESS,,LOABS,PULV LOW SEAL AIR HDR DIFF PRESS,RTN,1,4.05557,4,INH2O,!WP1001!WP1002!WP1003!WP1006!WP1007!WP1014!hist14!CP1004,1
2026-07-15 20:42:50.5,1PDF,SLPSL0001,PULV LOW SEAL AIR HDR DIFF PRESS,,LOABS,PULV LOW SEAL AIR HDR DIFF PRESS,ALM,1,3.92256,4,INH2O,!WP1001!WP1002!WP1003!WP1006!WP1007!WP1014!hist14!CP1004,1
2026-07-15 20:43:10.5,1PDF,SLPSL0001,PULV LOW SEAL AIR HDR DIFF PRESS,,LOABS,PULV LOW SEAL AIR HDR DIFF PRESS,RTN,1,4.07139,4,INH2O,!WP1001!WP1002!WP1003!WP1006!WP1007!WP1014!hist14!CP1004,1
2026-07-15 20:43:13.5,1PDF,SLPSL0001,PULV LOW SEAL AIR HDR DIFF PRESS,,LOABS,PULV LOW SEAL AIR HDR DIFF PRESS,ALM,1,3.94453,4,INH2O,!WP1001!WP1002!WP1003!WP1006!WP1007!WP1014!hist14!CP1004,1
2026-07-15 20:43:14.5,1PDF,SLPSL0001,PULV LOW SEAL AIR HDR DIFF PRESS,,LOABS,PULV LOW SEAL AIR HDR DIFF PRESS,RTN,1,4.04414,4,INH2O,!WP1001!WP1002!WP1003!WP1006!WP1007!WP1014!hist14!CP1004,1
2026-07-15 20:43:15.5,1PDF,SLPSL0001,PULV LOW SEAL AIR HDR DIFF PRESS,,LOABS,PULV LOW SEAL AIR HDR DIFF PRESS,ALM,1,3.96797,4,INH2O,!WP1001!WP1002!WP1003!WP1006!WP1007!WP1014!hist14!CP1004,1
2026-07-15 20:43:16.5,1PDF,SLPSL0001,PULV LOW SEAL AIR HDR DIFF PRESS,,LOABS,PULV LOW SEAL AIR HDR DIFF PRESS,RTN,1,4.06523,4,INH2O,!WP1001!WP1002!WP1003!WP1006!WP1007!WP1014!hist14!CP1004,1
2026-07-15 20:43:17.5,1PDF,SLPSL0001,PULV LOW SEAL AIR HDR DIFF PRESS,,LOABS,PULV LOW SEAL AIR HDR DIFF PRESS,ALM,1,3.96621,4,INH2O,!WP1001!WP1002!WP1003!WP1006!WP1007!WP1014!hist14!CP1004,1
2026-07-15 20:43:18.5,1PDF,SLPSL0001,PULV LOW SEAL AIR HDR DIFF PRESS,,LOABS,PULV LOW SEAL AIR HDR DIFF PRESS,RTN,1,4.10156,4,INH2O,!WP1001!WP1002!WP1003!WP1006!WP1007!WP1014!hist14!CP1004,1
2026-07-15 20:43:19.5,1PDF,SLPSL0001,PULV LOW SEAL AIR HDR DIFF PRESS,,LOABS,PULV LOW SEAL AIR HDR DIFF PRESS,ALM,1,3.90615,4,INH2O,!WP1001!WP1002!WP1003!WP1006!WP1007!WP1014!hist14!CP1004,1
2026-07-15 20:43:22.5,1PDF,SLPSL0001,PULV LOW SEAL AIR HDR DIFF PRESS,,LOABS,PULV LOW SEAL AIR HDR DIFF PRESS,RTN,1,4.14727,4,INH2O,!WP1001!WP1002!WP1003!WP1006!WP1007!WP1014!hist14!CP1004,1
2026-07-15 20:43:32.5,1PDF,SLPSL0001,PULV LOW SEAL AIR HDR DIFF PRESS,,LOABS,PULV LOW SEAL AIR HDR DIFF PRESS,ALM,1,3.89795,4,INH2O,!WP1001!WP1002!WP1003!WP1006!WP1007!WP1014!hist14!CP1004,1
2026-07-15 20:43:39.5,1PDF,SLPSL0001,PULV LOW SEAL AIR HDR DIFF PRESS,,LOABS,PULV LOW SEAL AIR HDR DIFF PRESS,RTN,1,4.05176,4,INH2O,!WP1001!WP1002!WP1003!WP1006!WP1007!WP1014!hist14!CP1004,1
2026-07-15 20:43:40.5,1PDF,SLPSL0001,PULV LOW SEAL AIR HDR DIFF PRESS,,LOABS,PULV LOW SEAL AIR HDR DIFF PRESS,ALM,1,3.92168,4,INH2O,!WP1001!WP1002!WP1003!WP1006!WP1007!WP1014!hist14!CP1004,1
2026-07-15 20:43:56.5,1PDF,SLPSL0001,PULV LOW SEAL AIR HDR DIFF PRESS,,LOABS,PULV LOW SEAL AIR HDR DIFF PRESS,RTN,1,4.00928,4,INH2O,!WP1001!WP1002!WP1003!WP1006!WP1007!WP1014!hist14!CP1004,1
2026-07-15 20:43:57.5,1PDF,SLPSL0001,PULV LOW SEAL AIR HDR DIFF PRESS,,LOABS,PULV LOW SEAL AIR HDR DIFF PRESS,ALM,1,3.9208,4,INH2O,!WP1001!WP1002!WP1003!WP1006!WP1007!WP1014!hist14!CP1004,1
2026-07-15 20:43:58.5,1PDF,SLPSL0001,PULV LOW SEAL AIR HDR DIFF PRESS,,LOABS,PULV LOW SEAL AIR HDR DIFF PRESS,RTN,1,4.06553,4,INH2O,!WP1001!WP1002!WP1003!WP1006!WP1007!WP1014!hist14!CP1004,1
2026-07-15 20:43:59.5,1PDF,SLPSL0001,PULV LOW SEAL AIR HDR DIFF PRESS,,LOABS,PULV LOW SEAL AIR HDR DIFF PRESS,ALM,1,3.95859,4,INH2O,!WP1001!WP1002!WP1003!WP1006!WP1007!WP1014!hist14!CP1004,1
2026-07-15 20:44:00.5,1PDF,SLPSL0001,PULV LOW SEAL AIR HDR DIFF PRESS,,LOABS,PULV LOW SEAL AIR HDR DIFF PRESS,RTN,1,4.05088,4,INH2O,!WP1001!WP1002!WP1003!WP1006!WP1007!WP1014!hist14!CP1004,1
2026-07-15 20:44:01.5,1PDF,SLPSL0001,PULV LOW SEAL AIR HDR DIFF PRESS,,LOABS,PULV LOW SEAL AIR HDR DIFF PRESS,ALM,1,3.91875,4,INH2O,!WP1001!WP1002!WP1003!WP1006!WP1007!WP1014!hist14!CP1004,1
2026-07-15 20:44:02.5,1PDF,SLPSL0001,PULV LOW SEAL AIR HDR DIFF PRESS,,LOABS,PULV LOW SEAL AIR HDR DIFF PRESS,RTN,1,4.0125,4,INH2O,!WP1001!WP1002!WP1003!WP1006!WP1007!WP1014!hist14!CP1004,1
2026-07-15 20:44:03.5,1PDF,SLPSL0001,PULV LOW SEAL AIR HDR DIFF PRESS,,LOABS,PULV LOW SEAL AIR HDR DIFF PRESS,ALM,1,3.94014,4,INH2O,!WP1001!WP1002!WP1003!WP1006!WP1007!WP1014!hist14!CP1004,1
2026-07-15 20:44:06.5,1PDF,SLPSL0001,PULV LOW SEAL AIR HDR DIFF PRESS,,LOABS,PULV LOW SEAL AIR HDR DIFF PRESS,RTN,1,4.00342,4,INH2O,!WP1001!WP1002!WP1003!WP1006!WP1007!WP1014!hist14!CP1004,1
2026-07-15 20:44:07.5,1PDF,SLPSL0001,PULV LOW SEAL AIR HDR DIFF PRESS,,LOABS,PULV LOW SEAL AIR HDR DIFF PRESS,ALM,1,3.98232,4,INH2O,!WP1001!WP1002!WP1003!WP1006!WP1007!WP1014!hist14!CP1004,1
2026-07-15 20:44:13.5,1PDF,SLPSL0001,PULV LOW SEAL AIR HDR DIFF PRESS,,LOABS,PULV LOW SEAL AIR HDR DIFF PRESS,RTN,1,4.16016,4,INH2O,!WP1001!WP1002!WP1003!WP1006!WP1007!WP1014!hist14!CP1004,1
2026-07-15 20:44:22.5,1PDF,SLPSL0001,PULV LOW SEAL AIR HDR DIFF PRESS,,LOABS,PULV LOW SEAL AIR HDR DIFF PRESS,ALM,1,3.97881,4,INH2O,!WP1001!WP1002!WP1003!WP1006!WP1007!WP1014!hist14!CP1004,1
2026-07-15 20:44:44.5,1PDF,SLPSL0001,PULV LOW SEAL AIR HDR DIFF PRESS,,LOABS,PULV LOW SEAL AIR HDR DIFF PRESS,RTN,1,4.0043,4,INH2O,!WP1001!WP1002!WP1003!WP1006!WP1007!WP1014!hist14!CP1004,1
2026-07-15 20:44:45.5,1PDF,SLPSL0001,PULV LOW SEAL AIR HDR DIFF PRESS,,LOABS,PULV LOW SEAL AIR HDR DIFF PRESS,ALM,1,3.98408,4,INH2O,!WP1001!WP1002!WP1003!WP1006!WP1007!WP1014!hist14!CP1004,1
2026-07-15 20:44:46.5,1PDF,SLPSL0001,PULV LOW SEAL AIR HDR DIFF PRESS,,LOABS,PULV LOW SEAL AIR HDR DIFF PRESS,RTN,1,4.07695,4,INH2O,!WP1001!WP1002!WP1003!WP1006!WP1007!WP1014!hist14!CP1004,1
2026-07-15 20:45:15.5,1PDF,SLPSL0001,PULV LOW SEAL AIR HDR DIFF PRESS,,LOABS,PULV LOW SEAL AIR HDR DIFF PRESS,ALM,1,3.91289,4,INH2O,!WP1001!WP1002!WP1003!WP1006!WP1007!WP1014!hist14!CP1004,1
2026-07-15 20:45:20.5,1PDF,SLPSL0001,PULV LOW SEAL AIR HDR DIFF PRESS,,LOABS,PULV LOW SEAL AIR HDR DIFF PRESS,RTN,1,4.00166,4,INH2O,!WP1001!WP1002!WP1003!WP1006!WP1007!WP1014!hist14!CP1004,1
2026-07-15 20:45:21.5,1PDF,SLPSL0001,PULV LOW SEAL AIR HDR DIFF PRESS,,LOABS,PULV LOW SEAL AIR HDR DIFF PRESS,ALM,1,3.86016,4,INH2O,!WP1001!WP1002!WP1003!WP1006!WP1007!WP1014!hist14!CP1004,1
2026-07-15 20:45:39.5,1PDF,SLPSL0001,PULV LOW SEAL AIR HDR DIFF PRESS,,LOABS,PULV LOW SEAL AIR HDR DIFF PRESS,RTN,1,4.13525,4,INH2O,!WP1001!WP1002!WP1003!WP1006!WP1007!WP1014!hist14!CP1004,1
2026-07-15 20:45:44.5,1PDF,SLPSL0001,PULV LOW SEAL AIR HDR DIFF PRESS,,LOABS,PULV LOW SEAL AIR HDR DIFF PRESS,ALM,1,3.98145,4,INH2O,!WP1001!WP1002!WP1003!WP1006!WP1007!WP1014!hist14!CP1004,1
2026-07-15 20:45:45.5,1PDF,SLPSL0001,PULV LOW SEAL AIR HDR DIFF PRESS,,LOABS,PULV LOW SEAL AIR HDR DIFF PRESS,RTN,1,4.04883,4,INH2O,!WP1001!WP1002!WP1003!WP1006!WP1007!WP1014!hist14!CP1004,1
2026-07-15 20:46:05.5,1PDF,SLPSL0001,PULV LOW SEAL AIR HDR DIFF PRESS,,LOABS,PULV LOW SEAL AIR HDR DIFF PRESS,ALM,1,3.99844,4,INH2O,!WP1001!WP1002!WP1003!WP1006!WP1007!WP1014!hist14!CP1004,1
2026-07-15 20:46:06.5,1PDF,SLPSL0001,PULV LOW SEAL AIR HDR DIFF PRESS,,LOABS,PULV LOW SEAL AIR HDR DIFF PRESS,RTN,1,4.04707,4,INH2O,!WP1001!WP1002!WP1003!WP1006!WP1007!WP1014!hist14!CP1004,1
2026-07-15 20:46:07.5,1PDF,SLPSL0001,PULV LOW SEAL AIR HDR DIFF PRESS,,LOABS,PULV LOW SEAL AIR HDR DIFF PRESS,ALM,1,3.97178,4,INH2O,!WP1001!WP1002!WP1003!WP1006!WP1007!WP1014!hist14!CP1004,1
2026-07-15 20:46:08.5,1PDF,SLPSL0001,PULV LOW SEAL AIR HDR DIFF PRESS,,LOABS,PULV LOW SEAL AIR HDR DIFF PRESS,RTN,1,4.12617,4,INH2O,!WP1001!WP1002!WP1003!WP1006!WP1007!WP1014!hist14!CP1004,1
2026-07-15 20:46:13.6,IDFAN_PEEC,OPCY_ALM,PRECIP OUT > 50%,PRECIP OUTLET,STATE,ALARM,ALM,3,,,,!WP1001!WP1002!WP1003!WP1006!WP1007!WP1014!hist14!CP1003,1
2026-07-15 20:46:13.5,1PDF,SLPSL0001,PULV LOW SEAL AIR HDR DIFF PRESS,,LOABS,PULV LOW SEAL AIR HDR DIFF PRESS,ALM,1,3.99463,4,INH2O,!WP1001!WP1002!WP1003!WP1006!WP1007!WP1014!hist14!CP1004,1
2026-07-15 20:46:15.1,IDFAN_PEEC,OPCY_ALM,PRECIP OUT > 50%,PRECIP OUTLET,STATE,NORMAL,RTN,3,,,,!WP1001!WP1002!WP1003!WP1006!WP1007!WP1014!hist14!CP1003,1
2026-07-15 20:46:15.5,1PDF,SLPSL0001,PULV LOW SEAL AIR HDR DIFF PRESS,,LOABS,PULV LOW SEAL AIR HDR DIFF PRESS,RTN,1,4.00723,4,INH2O,!WP1001!WP1002!WP1003!WP1006!WP1007!WP1014!hist14!CP1004,1
2026-07-15 20:46:16.5,1PDF,SLPSL0001,PULV LOW SEAL AIR HDR DIFF PRESS,,LOABS,PULV LOW SEAL AIR HDR DIFF PRESS,ALM,1,3.93076,4,INH2O,!WP1001!WP1002!WP1003!WP1006!WP1007!WP1014!hist14!CP1004,1
2026-07-15 20:46:17.5,1PDF,SLPSL0001,PULV LOW SEAL AIR HDR DIFF PRESS,,LOABS,PULV LOW SEAL AIR HDR DIFF PRESS,RTN,1,4.0377,4,INH2O,!WP1001!WP1002!WP1003!WP1006!WP1007!WP1014!hist14!CP1004,1
2026-07-15 20:46:20.8,1MELIM,ZDS5504,WET/DRY INTFC VLV  DM DEV,,LODEV,LOW DEVIATION ALARM,RTN,3,46.6602,42.5,%,!hist14!CP1017,2
2026-07-15 20:46:22.5,1PDF,SLPSL0001,PULV LOW SEAL AIR HDR DIFF PRESS,,LOABS,PULV LOW SEAL AIR HDR DIFF PRESS,ALM,1,3.93076,4,INH2O,!WP1001!WP1002!WP1003!WP1006!WP1007!WP1014!hist14!CP1004,1
2026-07-15 20:46:23.5,1PDF,SLPSL0001,PULV LOW SEAL AIR HDR DIFF PRESS,,LOABS,PULV LOW SEAL AIR HDR DIFF PRESS,RTN,1,4.01279,4,INH2O,!WP1001!WP1002!WP1003!WP1006!WP1007!WP1014!hist14!CP1004,1
2026-07-15 20:46:24.5,1PDF,SLPSL0001,PULV LOW SEAL AIR HDR DIFF PRESS,,LOABS,PULV LOW SEAL AIR HDR DIFF PRESS,ALM,1,3.94307,4,INH2O,!WP1001!WP1002!WP1003!WP1006!WP1007!WP1014!hist14!CP1004,1
2026-07-15 20:46:25.5,1PDF,SLPSL0001,PULV LOW SEAL AIR HDR DIFF PRESS,,LOABS,PULV LOW SEAL AIR HDR DIFF PRESS,RTN,1,4.08691,4,INH2O,!WP1001!WP1002!WP1003!WP1006!WP1007!WP1014!hist14!CP1004,1
2026-07-15 20:46:26.5,1PDF,SLPSL0001,PULV LOW SEAL AIR HDR DIFF PRESS,,LOABS,PULV LOW SEAL AIR HDR DIFF PRESS,ALM,1,3.93721,4,INH2O,!WP1001!WP1002!WP1003!WP1006!WP1007!WP1014!hist14!CP1004,1
2026-07-15 20:46:27.5,1PDF,SLPSL0001,PULV LOW SEAL AIR HDR DIFF PRESS,,LOABS,PULV LOW SEAL AIR HDR DIFF PRESS,RTN,1,4.01719,4,INH2O,!WP1001!WP1002!WP1003!WP1006!WP1007!WP1014!hist14!CP1004,1
2026-07-15 20:46:28.5,1PDF,SLPSL0001,PULV LOW SEAL AIR HDR DIFF PRESS,,LOABS,PULV LOW SEAL AIR HDR DIFF PRESS,ALM,1,3.88682,4,INH2O,!WP1001!WP1002!WP1003!WP1006!WP1007!WP1014!hist14!CP1004,1
2026-07-15 20:46:29.5,1PDF,SLPSL0001,PULV LOW SEAL AIR HDR DIFF PRESS,,LOABS,PULV LOW SEAL AIR HDR DIFF PRESS,RTN,1,4.01543,4,INH2O,!WP1001!WP1002!WP1003!WP1006!WP1007!WP1014!hist14!CP1004,1
2026-07-15 20:46:29.0,1SBRS,B13,R.H. SOOT BLOWING REG FBK,,HIABS,R.H. SOOTBLOWER FB @ 90%,RTN,5,87.8672,90,PCT,!WP1002!WP1006!WP1007!WP1001!WP1003!WP1014!hist14!CP1009,1
2026-07-15 20:46:29.4,1SBRS,B13,R.H. SOOT BLOWING REG FBK,,HIABS,R.H. SOOTBLOWER FB @ 90%,ALM,5,90.2109,90,PCT,!WP1002!WP1006!WP1007!WP1001!WP1003!WP1014!hist14!CP1009,1
2026-07-15 20:46:41.5,1PDF,SLPSL0001,PULV LOW SEAL AIR HDR DIFF PRESS,,LOABS,PULV LOW SEAL AIR HDR DIFF PRESS,ALM,1,3.99785,4,INH2O,!WP1001!WP1002!WP1003!WP1006!WP1007!WP1014!hist14!CP1004,1
2026-07-15 20:46:42.5,1PDF,SLPSL0001,PULV LOW SEAL AIR HDR DIFF PRESS,,LOABS,PULV LOW SEAL AIR HDR DIFF PRESS,RTN,1,4.14111,4,INH2O,!WP1001!WP1002!WP1003!WP1006!WP1007!WP1014!hist14!CP1004,1
2026-07-15 20:47:17.0,1TC,B21,DROOP ACTIVE,DROOP,STATE,ACTIVE,ALM,5,,,,!hist14!CP1001,2
2026-07-15 20:47:21.8,1MELIM,ZDS5504,WET/DRY INTFC VLV  DM DEV,,HIDEV,HIGH DEVIATION ALARM,ALM,3,98.3906,5,%,!hist14!CP1017,2
2026-07-15 20:47:27.9,1TC,B21,DROOP ACTIVE,DROOP,STATE,NORMAL,RTN,5,,,,!hist14!CP1001,2
2026-07-15 20:47:46.5,1PDF,SLPSL0001,PULV LOW SEAL AIR HDR DIFF PRESS,,LOABS,PULV LOW SEAL AIR HDR DIFF PRESS,ALM,1,3.96943,4,INH2O,!WP1001!WP1002!WP1003!WP1006!WP1007!WP1014!hist14!CP1004,1
2026-07-15 20:47:47.5,1PDF,SLPSL0001,PULV LOW SEAL AIR HDR DIFF PRESS,,LOABS,PULV LOW SEAL AIR HDR DIFF PRESS,RTN,1,4.00898,4,INH2O,!WP1001!WP1002!WP1003!WP1006!WP1007!WP1014!hist14!CP1004,1
2026-07-15 20:47:48.5,1PDF,SLPSL0001,PULV LOW SEAL AIR HDR DIFF PRESS,,LOABS,PULV LOW SEAL AIR HDR DIFF PRESS,ALM,1,3.89385,4,INH2O,!WP1001!WP1002!WP1003!WP1006!WP1007!WP1014!hist14!CP1004,1
2026-07-15 20:47:49.5,1PDF,SLPSL0001,PULV LOW SEAL AIR HDR DIFF PRESS,,LOABS,PULV LOW SEAL AIR HDR DIFF PRESS,RTN,1,4.07227,4,INH2O,!WP1001!WP1002!WP1003!WP1006!WP1007!WP1014!hist14!CP1004,1
2026-07-15 20:47:52.5,1PDF,SLPSL0001,PULV LOW SEAL AIR HDR DIFF PRESS,,LOABS,PULV LOW SEAL AIR HDR DIFF PRESS,ALM,1,3.96855,4,INH2O,!WP1001!WP1002!WP1003!WP1006!WP1007!WP1014!hist14!CP1004,1
2026-07-15 20:48:00.5,1PDF,SLPSL0001,PULV LOW SEAL AIR HDR DIFF PRESS,,LOABS,PULV LOW SEAL AIR HDR DIFF PRESS,RTN,1,4.11416,4,INH2O,!WP1001!WP1002!WP1003!WP1006!WP1007!WP1014!hist14!CP1004,1
2026-07-15 20:48:01.5,1PDF,SLPSL0001,PULV LOW SEAL AIR HDR DIFF PRESS,,LOABS,PULV LOW SEAL AIR HDR DIFF PRESS,ALM,1,3.9457,4,INH2O,!WP1001!WP1002!WP1003!WP1006!WP1007!WP1014!hist14!CP1004,1
2026-07-15 20:48:10.5,1PDF,SLPSL0001,PULV LOW SEAL AIR HDR DIFF PRESS,,LOABS,PULV LOW SEAL AIR HDR DIFF PRESS,RTN,1,4.13232,4,INH2O,!WP1001!WP1002!WP1003!WP1006!WP1007!WP1014!hist14!CP1004,1
2026-07-15 20:48:18.5,1PDF,SLPSL0001,PULV LOW SEAL AIR HDR DIFF PRESS,,LOABS,PULV LOW SEAL AIR HDR DIFF PRESS,ALM,1,3.99141,4,INH2O,!WP1001!WP1002!WP1003!WP1006!WP1007!WP1014!hist14!CP1004,1
2026-07-15 20:48:19.5,1PDF,SLPSL0001,PULV LOW SEAL AIR HDR DIFF PRESS,,LOABS,PULV LOW SEAL AIR HDR DIFF PRESS,RTN,1,4.03359,4,INH2O,!WP1001!WP1002!WP1003!WP1006!WP1007!WP1014!hist14!CP1004,1
2026-07-15 20:48:20.5,1PDF,SLPSL0001,PULV LOW SEAL AIR HDR DIFF PRESS,,LOABS,PULV LOW SEAL AIR HDR DIFF PRESS,ALM,1,3.98438,4,INH2O,!WP1001!WP1002!WP1003!WP1006!WP1007!WP1014!hist14!CP1004,1
2026-07-15 20:48:21.5,1PDF,SLPSL0001,PULV LOW SEAL AIR HDR DIFF PRESS,,LOABS,PULV LOW SEAL AIR HDR DIFF PRESS,RTN,1,4.10537,4,INH2O,!WP1001!WP1002!WP1003!WP1006!WP1007!WP1014!hist14!CP1004,1
2026-07-15 20:48:28.5,1PDF,SLPSL0001,PULV LOW SEAL AIR HDR DIFF PRESS,,LOABS,PULV LOW SEAL AIR HDR DIFF PRESS,ALM,1,3.96738,4,INH2O,!WP1001!WP1002!WP1003!WP1006!WP1007!WP1014!hist14!CP1004,1
2026-07-15 20:48:29.5,1PDF,SLPSL0001,PULV LOW SEAL AIR HDR DIFF PRESS,,LOABS,PULV LOW SEAL AIR HDR DIFF PRESS,RTN,1,4.125,4,INH2O,!WP1001!WP1002!WP1003!WP1006!WP1007!WP1014!hist14!CP1004,1
2026-07-15 20:48:43.5,1PDF,SLPSL0001,PULV LOW SEAL AIR HDR DIFF PRESS,,LOABS,PULV LOW SEAL AIR HDR DIFF PRESS,ALM,1,3.98555,4,INH2O,!WP1001!WP1002!WP1003!WP1006!WP1007!WP1014!hist14!CP1004,1
2026-07-15 20:48:48.5,1PDF,SLPSL0001,PULV LOW SEAL AIR HDR DIFF PRESS,,LOABS,PULV LOW SEAL AIR HDR DIFF PRESS,RTN,1,4.03213,4,INH2O,!WP1001!WP1002!WP1003!WP1006!WP1007!WP1014!hist14!CP1004,1
2026-07-15 20:48:49.5,1PDF,SLPSL0001,PULV LOW SEAL AIR HDR DIFF PRESS,,LOABS,PULV LOW SEAL AIR HDR DIFF PRESS,ALM,1,3.94775,4,INH2O,!WP1001!WP1002!WP1003!WP1006!WP1007!WP1014!hist14!CP1004,1
2026-07-15 20:48:50.5,1PDF,SLPSL0001,PULV LOW SEAL AIR HDR DIFF PRESS,,LOABS,PULV LOW SEAL AIR HDR DIFF PRESS,RTN,1,4.06904,4,INH2O,!WP1001!WP1002!WP1003!WP1006!WP1007!WP1014!hist14!CP1004,1
2026-07-15 20:48:51.5,1PDF,SLPSL0001,PULV LOW SEAL AIR HDR DIFF PRESS,,LOABS,PULV LOW SEAL AIR HDR DIFF PRESS,ALM,1,3.97822,4,INH2O,!WP1001!WP1002!WP1003!WP1006!WP1007!WP1014!hist14!CP1004,1
2026-07-15 20:48:52.5,1PDF,SLPSL0001,PULV LOW SEAL AIR HDR DIFF PRESS,,LOABS,PULV LOW SEAL AIR HDR DIFF PRESS,RTN,1,4.07139,4,INH2O,!WP1001!WP1002!WP1003!WP1006!WP1007!WP1014!hist14!CP1004,1
2026-07-15 20:48:53.5,1PDF,SLPSL0001,PULV LOW SEAL AIR HDR DIFF PRESS,,LOABS,PULV LOW SEAL AIR HDR DIFF PRESS,ALM,1,3.91289,4,INH2O,!WP1001!WP1002!WP1003!WP1006!WP1007!WP1014!hist14!CP1004,1
2026-07-15 20:48:54.5,1PDF,SLPSL0001,PULV LOW SEAL AIR HDR DIFF PRESS,,LOABS,PULV LOW SEAL AIR HDR DIFF PRESS,RTN,1,4.00078,4,INH2O,!WP1001!WP1002!WP1003!WP1006!WP1007!WP1014!hist14!CP1004,1
2026-07-15 20:48:55.5,1PDF,SLPSL0001,PULV LOW SEAL AIR HDR DIFF PRESS,,LOABS,PULV LOW SEAL AIR HDR DIFF PRESS,ALM,1,3.84668,4,INH2O,!WP1001!WP1002!WP1003!WP1006!WP1007!WP1014!hist14!CP1004,1
2026-07-15 20:48:58.5,1PDF,SLPSL0001,PULV LOW SEAL AIR HDR DIFF PRESS,,LOABS,PULV LOW SEAL AIR HDR DIFF PRESS,RTN,1,4.02393,4,INH2O,!WP1001!WP1002!WP1003!WP1006!WP1007!WP1014!hist14!CP1004,1
2026-07-15 20:49:04.5,1PDF,SLPSL0001,PULV LOW SEAL AIR HDR DIFF PRESS,,LOABS,PULV LOW SEAL AIR HDR DIFF PRESS,ALM,1,3.99961,4,INH2O,!WP1001!WP1002!WP1003!WP1006!WP1007!WP1014!hist14!CP1004,1
2026-07-15 20:49:05.5,1PDF,SLPSL0001,PULV LOW SEAL AIR HDR DIFF PRESS,,LOABS,PULV LOW SEAL AIR HDR DIFF PRESS,RTN,1,4.03975,4,INH2O,!WP1001!WP1002!WP1003!WP1006!WP1007!WP1014!hist14!CP1004,1
2026-07-15 20:49:06.5,1PDF,SLPSL0001,PULV LOW SEAL AIR HDR DIFF PRESS,,LOABS,PULV LOW SEAL AIR HDR DIFF PRESS,ALM,1,3.92344,4,INH2O,!WP1001!WP1002!WP1003!WP1006!WP1007!WP1014!hist14!CP1004,1
2026-07-15 20:49:07.5,1PDF,SLPSL0001,PULV LOW SEAL AIR HDR DIFF PRESS,,LOABS,PULV LOW SEAL AIR HDR DIFF PRESS,RTN,1,4.05029,4,INH2O,!WP1001!WP1002!WP1003!WP1006!WP1007!WP1014!hist14!CP1004,1
2026-07-15 20:49:10.5,1PDF,SLPSL0001,PULV LOW SEAL AIR HDR DIFF PRESS,,LOABS,PULV LOW SEAL AIR HDR DIFF PRESS,ALM,1,3.97881,4,INH2O,!WP1001!WP1002!WP1003!WP1006!WP1007!WP1014!hist14!CP1004,1
2026-07-15 20:49:11.5,1PDF,SLPSL0001,PULV LOW SEAL AIR HDR DIFF PRESS,,LOABS,PULV LOW SEAL AIR HDR DIFF PRESS,RTN,1,4.01191,4,INH2O,!WP1001!WP1002!WP1003!WP1006!WP1007!WP1014!hist14!CP1004,1
2026-07-15 20:49:12.5,1PDF,SLPSL0001,PULV LOW SEAL AIR HDR DIFF PRESS,,LOABS,PULV LOW SEAL AIR HDR DIFF PRESS,ALM,1,3.90586,4,INH2O,!WP1001!WP1002!WP1003!WP1006!WP1007!WP1014!hist14!CP1004,1
2026-07-15 20:49:15.5,1PDF,SLPSL0001,PULV LOW SEAL AIR HDR DIFF PRESS,,LOABS,PULV LOW SEAL AIR HDR DIFF PRESS,RTN,1,4.1373,4,INH2O,!WP1001!WP1002!WP1003!WP1006!WP1007!WP1014!hist14!CP1004,1
2026-07-15 20:49:29.5,1PDF,SLPSL0001,PULV LOW SEAL AIR HDR DIFF PRESS,,LOABS,PULV LOW SEAL AIR HDR DIFF PRESS,ALM,1,3.9709,4,INH2O,!WP1001!WP1002!WP1003!WP1006!WP1007!WP1014!hist14!CP1004,1
2026-07-15 20:49:30.5,1PDF,SLPSL0001,PULV LOW SEAL AIR HDR DIFF PRESS,,LOABS,PULV LOW SEAL AIR HDR DIFF PRESS,RTN,1,4.09629,4,INH2O,!WP1001!WP1002!WP1003!WP1006!WP1007!WP1014!hist14!CP1004,1
2026-07-15 20:49:31.5,1PDF,SLPSL0001,PULV LOW SEAL AIR HDR DIFF PRESS,,LOABS,PULV LOW SEAL AIR HDR DIFF PRESS,ALM,1,3.92256,4,INH2O,!WP1001!WP1002!WP1003!WP1006!WP1007!WP1014!hist14!CP1004,1
2026-07-15 20:49:32.5,1PDF,SLPSL0001,PULV LOW SEAL AIR HDR DIFF PRESS,,LOABS,PULV LOW SEAL AIR HDR DIFF PRESS,RTN,1,4.03711,4,INH2O,!WP1001!WP1002!WP1003!WP1006!WP1007!WP1014!hist14!CP1004,1
2026-07-15 20:49:33.5,1PDF,SLPSL0001,PULV LOW SEAL AIR HDR DIFF PRESS,,LOABS,PULV LOW SEAL AIR HDR DIFF PRESS,ALM,1,3.93984,4,INH2O,!WP1001!WP1002!WP1003!WP1006!WP1007!WP1014!hist14!CP1004,1
2026-07-15 20:49:49.5,1PDF,SLPSL0001,PULV LOW SEAL AIR HDR DIFF PRESS,,LOABS,PULV LOW SEAL AIR HDR DIFF PRESS,RTN,1,4.00664,4,INH2O,!WP1001!WP1002!WP1003!WP1006!WP1007!WP1014!hist14!CP1004,1
2026-07-15 20:49:50.5,1PDF,SLPSL0001,PULV LOW SEAL AIR HDR DIFF PRESS,,LOABS,PULV LOW SEAL AIR HDR DIFF PRESS,ALM,1,3.946,4,INH2O,!WP1001!WP1002!WP1003!WP1006!WP1007!WP1014!hist14!CP1004,1
2026-07-15 20:49:51.5,1PDF,SLPSL0001,PULV LOW SEAL AIR HDR DIFF PRESS,,LOABS,PULV LOW SEAL AIR HDR DIFF PRESS,RTN,1,4.22109,4,INH2O,!WP1001!WP1002!WP1003!WP1006!WP1007!WP1014!hist14!CP1004,1
2026-07-15 20:50:01.5,1PDF,SLPSL0001,PULV LOW SEAL AIR HDR DIFF PRESS,,LOABS,PULV LOW SEAL AIR HDR DIFF PRESS,ALM,1,3.99141,4,INH2O,!WP1001!WP1002!WP1003!WP1006!WP1007!WP1014!hist14!CP1004,1
2026-07-15 20:50:02.5,1PDF,SLPSL0001,PULV LOW SEAL AIR HDR DIFF PRESS,,LOABS,PULV LOW SEAL AIR HDR DIFF PRESS,RTN,1,4.07109,4,INH2O,!WP1001!WP1002!WP1003!WP1006!WP1007!WP1014!hist14!CP1004,1
2026-07-15 20:50:11.5,1PDF,SLPSL0001,PULV LOW SEAL AIR HDR DIFF PRESS,,LOABS,PULV LOW SEAL AIR HDR DIFF PRESS,ALM,1,3.95742,4,INH2O,!WP1001!WP1002!WP1003!WP1006!WP1007!WP1014!hist14!CP1004,1
2026-07-15 20:50:12.5,1PDF,SLPSL0001,PULV LOW SEAL AIR HDR DIFF PRESS,,LOABS,PULV LOW SEAL AIR HDR DIFF PRESS,RTN,1,4.06025,4,INH2O,!WP1001!WP1002!WP1003!WP1006!WP1007!WP1014!hist14!CP1004,1
2026-07-15 20:50:15.5,1PDF,SLPSL0001,PULV LOW SEAL AIR HDR DIFF PRESS,,LOABS,PULV LOW SEAL AIR HDR DIFF PRESS,ALM,1,3.90029,4,INH2O,!WP1001!WP1002!WP1003!WP1006!WP1007!WP1014!hist14!CP1004,1
2026-07-15 20:50:31.5,1PDF,SLPSL0001,PULV LOW SEAL AIR HDR DIFF PRESS,,LOABS,PULV LOW SEAL AIR HDR DIFF PRESS,RTN,1,4.06025,4,INH2O,!WP1001!WP1002!WP1003!WP1006!WP1007!WP1014!hist14!CP1004,1
2026-07-15 20:50:32.5,1PDF,SLPSL0001,PULV LOW SEAL AIR HDR DIFF PRESS,,LOABS,PULV LOW SEAL AIR HDR DIFF PRESS,ALM,1,3.9041,4,INH2O,!WP1001!WP1002!WP1003!WP1006!WP1007!WP1014!hist14!CP1004,1
2026-07-15 20:50:39.5,1PDF,SLPSL0001,PULV LOW SEAL AIR HDR DIFF PRESS,,LOABS,PULV LOW SEAL AIR HDR DIFF PRESS,RTN,1,4.07725,4,INH2O,!WP1001!WP1002!WP1003!WP1006!WP1007!WP1014!hist14!CP1004,1
2026-07-15 20:50:51.5,1PDF,SLPSL0001,PULV LOW SEAL AIR HDR DIFF PRESS,,LOABS,PULV LOW SEAL AIR HDR DIFF PRESS,ALM,1,3.99814,4,INH2O,!WP1001!WP1002!WP1003!WP1006!WP1007!WP1014!hist14!CP1004,1
2026-07-15 20:50:52.5,1PDF,SLPSL0001,PULV LOW SEAL AIR HDR DIFF PRESS,,LOABS,PULV LOW SEAL AIR HDR DIFF PRESS,RTN,1,4.10537,4,INH2O,!WP1001!WP1002!WP1003!WP1006!WP1007!WP1014!hist14!CP1004,1
2026-07-15 20:51:00.0,FD_FAN_VIB,A_FAN_VEL_AX,A FD FAN VEL AX,,HIABS,A FD FAN VEL AX HI VIB,RTN,1,2.40437,3,MILS,!WP1001!WP1002!WP1003!WP1006!WP1007!WP1014!hist14!CP1005,1
2026-07-15 20:51:10.0,1WB_DEV,AA_JJ_DEV,AUX AIR JJ ANY DEV,,STATE,NORMAL,RTN,5,,,INH2O,,0
2026-07-15 20:52:00.5,1PDF,SLPSL0001,PULV LOW SEAL AIR HDR DIFF PRESS,,LOABS,PULV LOW SEAL AIR HDR DIFF PRESS,ALM,1,3.93984,4,INH2O,!WP1001!WP1002!WP1003!WP1006!WP1007!WP1014!hist14!CP1004,1
2026-07-15 20:52:01.5,1PDF,SLPSL0001,PULV LOW SEAL AIR HDR DIFF PRESS,,LOABS,PULV LOW SEAL AIR HDR DIFF PRESS,RTN,1,4.03066,4,INH2O,!WP1001!WP1002!WP1003!WP1006!WP1007!WP1014!hist14!CP1004,1
2026-07-15 20:52:04.5,1PDF,SLPSL0001,PULV LOW SEAL AIR HDR DIFF PRESS,,LOABS,PULV LOW SEAL AIR HDR DIFF PRESS,ALM,1,3.9917,4,INH2O,!WP1001!WP1002!WP1003!WP1006!WP1007!WP1014!hist14!CP1004,1
2026-07-15 20:52:10.5,1PDF,SLPSL0001,PULV LOW SEAL AIR HDR DIFF PRESS,,LOABS,PULV LOW SEAL AIR HDR DIFF PRESS,RTN,1,4.00313,4,INH2O,!WP1001!WP1002!WP1003!WP1006!WP1007!WP1014!hist14!CP1004,1
2026-07-15 20:52:15.5,1PDF,SLPSL0001,PULV LOW SEAL AIR HDR DIFF PRESS,,LOABS,PULV LOW SEAL AIR HDR DIFF PRESS,ALM,1,3.94541,4,INH2O,!WP1001!WP1002!WP1003!WP1006!WP1007!WP1014!hist14!CP1004,1
2026-07-15 20:52:16.5,1PDF,SLPSL0001,PULV LOW SEAL AIR HDR DIFF PRESS,,LOABS,PULV LOW SEAL AIR HDR DIFF PRESS,RTN,1,4.05117,4,INH2O,!WP1001!WP1002!WP1003!WP1006!WP1007!WP1014!hist14!CP1004,1
2026-07-15 20:52:17.5,1PDF,SLPSL0001,PULV LOW SEAL AIR HDR DIFF PRESS,,LOABS,PULV LOW SEAL AIR HDR DIFF PRESS,ALM,1,3.95566,4,INH2O,!WP1001!WP1002!WP1003!WP1006!WP1007!WP1014!hist14!CP1004,1
2026-07-15 20:52:18.5,1PDF,SLPSL0001,PULV LOW SEAL AIR HDR DIFF PRESS,,LOABS,PULV LOW SEAL AIR HDR DIFF PRESS,RTN,1,4.12178,4,INH2O,!WP1001!WP1002!WP1003!WP1006!WP1007!WP1014!hist14!CP1004,1
2026-07-15 20:52:27.5,1PDF,SLPSL0001,PULV LOW SEAL AIR HDR DIFF PRESS,,LOABS,PULV LOW SEAL AIR HDR DIFF PRESS,ALM,1,3.98584,4,INH2O,!WP1001!WP1002!WP1003!WP1006!WP1007!WP1014!hist14!CP1004,1
2026-07-15 20:52:28.5,1PDF,SLPSL0001,PULV LOW SEAL AIR HDR DIFF PRESS,,LOABS,PULV LOW SEAL AIR HDR DIFF PRESS,RTN,1,4.02539,4,INH2O,!WP1001!WP1002!WP1003!WP1006!WP1007!WP1014!hist14!CP1004,1
2026-07-15 20:52:30.5,1PDF,SLPSL0001,PULV LOW SEAL AIR HDR DIFF PRESS,,LOABS,PULV LOW SEAL AIR HDR DIFF PRESS,ALM,1,3.98115,4,INH2O,!WP1001!WP1002!WP1003!WP1006!WP1007!WP1014!hist14!CP1004,1
2026-07-15 20:52:31.5,1PDF,SLPSL0001,PULV LOW SEAL AIR HDR DIFF PRESS,,LOABS,PULV LOW SEAL AIR HDR DIFF PRESS,RTN,1,4.12178,4,INH2O,!WP1001!WP1002!WP1003!WP1006!WP1007!WP1014!hist14!CP1004,1
2026-07-15 20:52:51.5,1PDF,SLPSL0001,PULV LOW SEAL AIR HDR DIFF PRESS,,LOABS,PULV LOW SEAL AIR HDR DIFF PRESS,ALM,1,3.98643,4,INH2O,!WP1001!WP1002!WP1003!WP1006!WP1007!WP1014!hist14!CP1004,1
2026-07-15 20:52:52.5,1PDF,SLPSL0001,PULV LOW SEAL AIR HDR DIFF PRESS,,LOABS,PULV LOW SEAL AIR HDR DIFF PRESS,RTN,1,4.11064,4,INH2O,!WP1001!WP1002!WP1003!WP1006!WP1007!WP1014!hist14!CP1004,1
2026-07-15 20:52:55.5,1PDF,SLPSL0001,PULV LOW SEAL AIR HDR DIFF PRESS,,LOABS,PULV LOW SEAL AIR HDR DIFF PRESS,ALM,1,3.89561,4,INH2O,!WP1001!WP1002!WP1003!WP1006!WP1007!WP1014!hist14!CP1004,1
2026-07-15 20:53:02.5,1PDF,SLPSL0001,PULV LOW SEAL AIR HDR DIFF PRESS,,LOABS,PULV LOW SEAL AIR HDR DIFF PRESS,RTN,1,4.11563,4,INH2O,!WP1001!WP1002!WP1003!WP1006!WP1007!WP1014!hist14!CP1004,1
2026-07-15 20:53:05.5,1PDF,SLPSL0001,PULV LOW SEAL AIR HDR DIFF PRESS,,LOABS,PULV LOW SEAL AIR HDR DIFF PRESS,ALM,1,3.92109,4,INH2O,!WP1001!WP1002!WP1003!WP1006!WP1007!WP1014!hist14!CP1004,1
2026-07-15 20:53:07.1,PAC_PLC,ACI_FDR_A_TR,ACI FDR A AC-WIC-5007 TRBLE ALM,,CHANGE,PAC FEEDER A TROUBLE,ALM,1,,,,!WP1001!WP1002!WP1003!WP1006!WP1007!WP1014!hist14!CP1003,1
2026-07-15 20:53:08.5,1PDF,SLPSL0001,PULV LOW SEAL AIR HDR DIFF PRESS,,LOABS,PULV LOW SEAL AIR HDR DIFF PRESS,RTN,1,4.00107,4,INH2O,!WP1001!WP1002!WP1003!WP1006!WP1007!WP1014!hist14!CP1004,1
2026-07-15 20:53:26.6,PAC_PLC,ACI_FDR_A_TR,ACI FDR A AC-WIC-5007 TRBLE ALM,,CHANGE,PAC FEEDER A TROUBLE,ALM,1,,,,!WP1001!WP1002!WP1003!WP1006!WP1007!WP1014!hist14!CP1003,1
2026-07-15 20:53:27.6,PAC_PLC,ACI_FDR_A_TR,ACI FDR A AC-WIC-5007 TRBLE ALM,,CHANGE,PAC FEEDER A TROUBLE,ALM,1,,,,!WP1001!WP1002!WP1003!WP1006!WP1007!WP1014!hist14!CP1003,1
2026-07-15 20:53:33.6,PAC_PLC,ACI_FDR_A_TR,ACI FDR A AC-WIC-5007 TRBLE ALM,,CHANGE,PAC FEEDER A TROUBLE,ALM,1,,,,!WP1001!WP1002!WP1003!WP1006!WP1007!WP1014!hist14!CP1003,1
2026-07-15 20:53:39.5,1PDF,SLPSL0001,PULV LOW SEAL AIR HDR DIFF PRESS,,LOABS,PULV LOW SEAL AIR HDR DIFF PRESS,ALM,1,3.9873,4,INH2O,!WP1001!WP1002!WP1003!WP1006!WP1007!WP1014!hist14!CP1004,1
2026-07-15 20:53:40.5,1PDF,SLPSL0001,PULV LOW SEAL AIR HDR DIFF PRESS,,LOABS,PULV LOW SEAL AIR HDR DIFF PRESS,RTN,1,4.08398,4,INH2O,!WP1001!WP1002!WP1003!WP1006!WP1007!WP1014!hist14!CP1004,1
2026-07-15 20:53:41.5,1PDF,SLPSL0001,PULV LOW SEAL AIR HDR DIFF PRESS,,LOABS,PULV LOW SEAL AIR HDR DIFF PRESS,ALM,1,3.95977,4,INH2O,!WP1001!WP1002!WP1003!WP1006!WP1007!WP1014!hist14!CP1004,1
2026-07-15 20:53:42.5,1PDF,SLPSL0001,PULV LOW SEAL AIR HDR DIFF PRESS,,LOABS,PULV LOW SEAL AIR HDR DIFF PRESS,RTN,1,4.09365,4,INH2O,!WP1001!WP1002!WP1003!WP1006!WP1007!WP1014!hist14!CP1004,1
2026-07-15 20:53:43.5,1PDF,SLPSL0001,PULV LOW SEAL AIR HDR DIFF PRESS,,LOABS,PULV LOW SEAL AIR HDR DIFF PRESS,ALM,1,3.94014,4,INH2O,!WP1001!WP1002!WP1003!WP1006!WP1007!WP1014!hist14!CP1004,1
2026-07-15 20:54:05.5,1TC,B21,DROOP ACTIVE,DROOP,STATE,ACTIVE,ALM,5,,,,!hist14!CP1001,2
2026-07-15 20:54:20.5,1PDF,SLPSL0001,PULV LOW SEAL AIR HDR DIFF PRESS,,LOABS,PULV LOW SEAL AIR HDR DIFF PRESS,RTN,1,4.0207,4,INH2O,!WP1001!WP1002!WP1003!WP1006!WP1007!WP1014!hist14!CP1004,1
2026-07-15 20:54:21.5,1PDF,SLPSL0001,PULV LOW SEAL AIR HDR DIFF PRESS,,LOABS,PULV LOW SEAL AIR HDR DIFF PRESS,ALM,1,3.81357,4,INH2O,!WP1001!WP1002!WP1003!WP1006!WP1007!WP1014!hist14!CP1004,1
2026-07-15 20:54:32.0,1TC,B21,DROOP ACTIVE,DROOP,STATE,NORMAL,RTN,5,,,,!hist14!CP1001,2
2026-07-15 20:54:32.5,1TC,B21,DROOP ACTIVE,DROOP,STATE,ACTIVE,ALM,5,,,,!hist14!CP1001,2
2026-07-15 20:54:44.4,1TC,B21,DROOP ACTIVE,DROOP,STATE,NORMAL,RTN,5,,,,!hist14!CP1001,2
2026-07-15 20:55:33.5,1AAIR,B16,WINDBOX/FURN DIFF PRESS,,LLABS,WINDBIX/FURN PRESS LOW,ALM,5,1.9905,2,INWC,!WP1001!WP1002!WP1003!WP1006!WP1007!WP1014!hist14!CP1001,1
2026-07-15 20:55:58.5,1PDF,SLPSL0001,PULV LOW SEAL AIR HDR DIFF PRESS,,LOABS,PULV LOW SEAL AIR HDR DIFF PRESS,RTN,1,4.05176,4,INH2O,!WP1001!WP1002!WP1003!WP1006!WP1007!WP1014!hist14!CP1004,1
2026-07-15 20:56:02.5,1PDF,SLPSL0001,PULV LOW SEAL AIR HDR DIFF PRESS,,LOABS,PULV LOW SEAL AIR HDR DIFF PRESS,ALM,1,3.9665,4,INH2O,!WP1001!WP1002!WP1003!WP1006!WP1007!WP1014!hist14!CP1004,1
2026-07-15 20:56:03.5,1PDF,SLPSL0001,PULV LOW SEAL AIR HDR DIFF PRESS,,LOABS,PULV LOW SEAL AIR HDR DIFF PRESS,RTN,1,4.1083,4,INH2O,!WP1001!WP1002!WP1003!WP1006!WP1007!WP1014!hist14!CP1004,1
2026-07-15 20:56:04.5,1PDF,SLPSL0001,PULV LOW SEAL AIR HDR DIFF PRESS,,LOABS,PULV LOW SEAL AIR HDR DIFF PRESS,ALM,1,3.92666,4,INH2O,!WP1001!WP1002!WP1003!WP1006!WP1007!WP1014!hist14!CP1004,1
2026-07-15 20:56:05.5,1PDF,SLPSL0001,PULV LOW SEAL AIR HDR DIFF PRESS,,LOABS,PULV LOW SEAL AIR HDR DIFF PRESS,RTN,1,4.09336,4,INH2O,!WP1001!WP1002!WP1003!WP1006!WP1007!WP1014!hist14!CP1004,1
2026-07-15 20:56:08.5,1PDF,SLPSL0001,PULV LOW SEAL AIR HDR DIFF PRESS,,LOABS,PULV LOW SEAL AIR HDR DIFF PRESS,ALM,1,3.96357,4,INH2O,!WP1001!WP1002!WP1003!WP1006!WP1007!WP1014!hist14!CP1004,1
2026-07-15 20:56:09.5,1PDF,SLPSL0001,PULV LOW SEAL AIR HDR DIFF PRESS,,LOABS,PULV LOW SEAL AIR HDR DIFF PRESS,RTN,1,4.00254,4,INH2O,!WP1001!WP1002!WP1003!WP1006!WP1007!WP1014!hist14!CP1004,1
2026-07-15 20:56:10.5,1PDF,SLPSL0001,PULV LOW SEAL AIR HDR DIFF PRESS,,LOABS,PULV LOW SEAL AIR HDR DIFF PRESS,ALM,1,3.83613,4,INH2O,!WP1001!WP1002!WP1003!WP1006!WP1007!WP1014!hist14!CP1004,1
2026-07-15 20:56:28.5,1PDF,SLPSL0001,PULV LOW SEAL AIR HDR DIFF PRESS,,LOABS,PULV LOW SEAL AIR HDR DIFF PRESS,RTN,1,4.08369,4,INH2O,!WP1001!WP1002!WP1003!WP1006!WP1007!WP1014!hist14!CP1004,1
2026-07-15 20:56:31.5,1PDF,SLPSL0001,PULV LOW SEAL AIR HDR DIFF PRESS,,LOABS,PULV LOW SEAL AIR HDR DIFF PRESS,ALM,1,3.96387,4,INH2O,!WP1001!WP1002!WP1003!WP1006!WP1007!WP1014!hist14!CP1004,1
2026-07-15 20:56:32.5,1PDF,SLPSL0001,PULV LOW SEAL AIR HDR DIFF PRESS,,LOABS,PULV LOW SEAL AIR HDR DIFF PRESS,RTN,1,4.01602,4,INH2O,!WP1001!WP1002!WP1003!WP1006!WP1007!WP1014!hist14!CP1004,1
2026-07-15 20:56:33.5,1PDF,SLPSL0001,PULV LOW SEAL AIR HDR DIFF PRESS,,LOABS,PULV LOW SEAL AIR HDR DIFF PRESS,ALM,1,3.9252,4,INH2O,!WP1001!WP1002!WP1003!WP1006!WP1007!WP1014!hist14!CP1004,1
2026-07-15 20:56:34.5,1PDF,SLPSL0001,PULV LOW SEAL AIR HDR DIFF PRESS,,LOABS,PULV LOW SEAL AIR HDR DIFF PRESS,RTN,1,4.05645,4,INH2O,!WP1001!WP1002!WP1003!WP1006!WP1007!WP1014!hist14!CP1004,1
2026-07-15 20:56:38.5,1PDF,SLPSL0001,PULV LOW SEAL AIR HDR DIFF PRESS,,LOABS,PULV LOW SEAL AIR HDR DIFF PRESS,ALM,1,3.99785,4,INH2O,!WP1001!WP1002!WP1003!WP1006!WP1007!WP1014!hist14!CP1004,1
2026-07-15 20:56:39.5,1PDF,SLPSL0001,PULV LOW SEAL AIR HDR DIFF PRESS,,LOABS,PULV LOW SEAL AIR HDR DIFF PRESS,RTN,1,4.07051,4,INH2O,!WP1001!WP1002!WP1003!WP1006!WP1007!WP1014!hist14!CP1004,1
2026-07-15 20:58:10.0,FD_FAN_VIB,A_FAN_VEL_AX,A FD FAN VEL AX,,HIABS,A FD FAN VEL AX HI VIB,ALM,1,3.03094,3,MILS,!WP1001!WP1002!WP1003!WP1006!WP1007!WP1014!hist14!CP1005,1
2026-07-15 20:58:31.5,1O2,B15_ALM,O2 ALARMS,,LOABS,O2 LOW,ALM,1,1.99873,2,%,!WP1001!WP1002!WP1003!WP1006!WP1007!WP1014!hist14!CP1001,1
2026-07-15 20:58:48.5,FD_FAN_VIB,A_FAN_VEL_AX,A FD FAN VEL AX,,HIABS,A FD FAN VEL AX HI VIB,RTN,1,2.45109,3,MILS,!WP1001!WP1002!WP1003!WP1006!WP1007!WP1014!hist14!CP1005,1
2026-07-15 20:59:02.8,1AR_LS,DEV_5803,LS SYS B,,STATE,VALVE 5803 DEVIATION,ALM,3,,,,!WP1001!WP1002!WP1003!WP1006!WP1007!WP1014!hist14!CP1017,1
2026-07-15 20:59:24.0,1O2,B15_ALM,O2 ALARMS,,LOABS,O2 LOW,RTN,1,2.20105,2,%,!WP1001!WP1002!WP1003!WP1006!WP1007!WP1014!hist14!CP1001,1
2026-07-15 20:59:25.3,1SCR_B_NH3,NOX_ERR_HIGH,SCR B NOX ERROR   HIGH,,STATE,ALARM,ALM,1,,,,!WP1001!WP1002!WP1003!WP1006!WP1007!WP1014!hist14!CP1016,1
2026-07-15 20:59:40.5,1PDF,SLPSL0001,PULV LOW SEAL AIR HDR DIFF PRESS,,LOABS,PULV LOW SEAL AIR HDR DIFF PRESS,ALM,1,3.86367,4,INH2O,!WP1001!WP1002!WP1003!WP1006!WP1007!WP1014!hist14!CP1004,1
2026-07-15 20:59:59.3,1AR_LS,DEV_5803,LS SYS B,,STATE,,RTN,3,,,,!WP1001!WP1002!WP1003!WP1006!WP1007!WP1014!hist14!CP1017,1
2026-07-15 21:00:30.3,1MELIM,ZDS5504,WET/DRY INTFC VLV  DM DEV,,HIDEV,HIGH DEVIATION ALARM,RTN,3,54.0645,57.5,%,!hist14!CP1017,2
2026-07-15 21:00:34.5,1PDF,SLPSL0001,PULV LOW SEAL AIR HDR DIFF PRESS,,LOABS,PULV LOW SEAL AIR HDR DIFF PRESS,RTN,1,4.02861,4,INH2O,!WP1001!WP1002!WP1003!WP1006!WP1007!WP1014!hist14!CP1004,1
2026-07-15 21:00:35.5,1PDF,SLPSL0001,PULV LOW SEAL AIR HDR DIFF PRESS,,LOABS,PULV LOW SEAL AIR HDR DIFF PRESS,ALM,1,3.95625,4,INH2O,!WP1001!WP1002!WP1003!WP1006!WP1007!WP1014!hist14!CP1004,1
2026-07-15 21:00:36.5,1PDF,SLPSL0001,PULV LOW SEAL AIR HDR DIFF PRESS,,LOABS,PULV LOW SEAL AIR HDR DIFF PRESS,RTN,1,4.13936,4,INH2O,!WP1001!WP1002!WP1003!WP1006!WP1007!WP1014!hist14!CP1004,1
2026-07-15 21:00:41.3,1SCR_B_NH3,NOX_ERR_HIGH,SCR B NOX ERROR   HIGH,,STATE,NORMAL,RTN,1,,,,!WP1001!WP1002!WP1003!WP1006!WP1007!WP1014!hist14!CP1016,1
2026-07-15 21:00:54.5,FD_FAN_VIB,A_FAN_VEL_AX,A FD FAN VEL AX,,HIABS,A FD FAN VEL AX HI VIB,ALM,1,3.00141,3,MILS,!WP1001!WP1002!WP1003!WP1006!WP1007!WP1014!hist14!CP1005,1
2026-07-15 21:01:17.0,1SCR_B_PRESS,FGPDI5228B,SCR B CAT LAYER 4 DP,1SR114 PNT 4,HHABS,HI HI DP,RTN,1,1.19798,1.7,INH2O,!WP1001!WP1002!WP1003!WP1006!WP1007!WP1014!hist14!CP1016,1
2026-07-15 21:01:18.0,1AAIR,B16,WINDBOX/FURN DIFF PRESS,,LLABS,WINDBIX/FURN PRESS LOW,RTN,5,2.50212,2,INWC,!WP1001!WP1002!WP1003!WP1006!WP1007!WP1014!hist14!CP1001,1
2026-07-15 21:02:01.3,1MELIM,ZDS5504,WET/DRY INTFC VLV  DM DEV,,HIDEV,HIGH DEVIATION ALARM,ALM,3,98.6387,5,%,!hist14!CP1017,2
2026-07-15 21:03:27.5,1PDF,SLPSL0001,PULV LOW SEAL AIR HDR DIFF PRESS,,LOABS,PULV LOW SEAL AIR HDR DIFF PRESS,ALM,1,3.97646,4,INH2O,!WP1001!WP1002!WP1003!WP1006!WP1007!WP1014!hist14!CP1004,1
2026-07-15 21:03:28.5,1PDF,SLPSL0001,PULV LOW SEAL AIR HDR DIFF PRESS,,LOABS,PULV LOW SEAL AIR HDR DIFF PRESS,RTN,1,4.02334,4,INH2O,!WP1001!WP1002!WP1003!WP1006!WP1007!WP1014!hist14!CP1004,1
2026-07-15 21:03:29.5,1PDF,SLPSL0001,PULV LOW SEAL AIR HDR DIFF PRESS,,LOABS,PULV LOW SEAL AIR HDR DIFF PRESS,ALM,1,3.9501,4,INH2O,!WP1001!WP1002!WP1003!WP1006!WP1007!WP1014!hist14!CP1004,1
2026-07-15 21:03:30.5,1PDF,SLPSL0001,PULV LOW SEAL AIR HDR DIFF PRESS,,LOABS,PULV LOW SEAL AIR HDR DIFF PRESS,RTN,1,4.05762,4,INH2O,!WP1001!WP1002!WP1003!WP1006!WP1007!WP1014!hist14!CP1004,1
2026-07-15 21:03:35.5,1PDF,SLPSL0001,PULV LOW SEAL AIR HDR DIFF PRESS,,LOABS,PULV LOW SEAL AIR HDR DIFF PRESS,ALM,1,3.99141,4,INH2O,!WP1001!WP1002!WP1003!WP1006!WP1007!WP1014!hist14!CP1004,1
2026-07-15 21:03:42.0,1MJ,B37,MILL J TEMP,,HIABS,>150 DEGF,ALM,1,150.164,150,DEGF,!WP1001!WP1002!WP1003!WP1006!WP1007!WP1014!hist14!CP1001,1
2026-07-15 21:04:12.5,1PDF,SLPSL0001,PULV LOW SEAL AIR HDR DIFF PRESS,,LOABS,PULV LOW SEAL AIR HDR DIFF PRESS,RTN,1,4.00459,4,INH2O,!WP1001!WP1002!WP1003!WP1006!WP1007!WP1014!hist14!CP1004,1
2026-07-15 21:04:13.5,1PDF,SLPSL0001,PULV LOW SEAL AIR HDR DIFF PRESS,,LOABS,PULV LOW SEAL AIR HDR DIFF PRESS,ALM,1,3.98057,4,INH2O,!WP1001!WP1002!WP1003!WP1006!WP1007!WP1014!hist14!CP1004,1
2026-07-15 21:04:15.5,1PDF,SLPSL0001,PULV LOW SEAL AIR HDR DIFF PRESS,,LOABS,PULV LOW SEAL AIR HDR DIFF PRESS,RTN,1,4.0002,4,INH2O,!WP1001!WP1002!WP1003!WP1006!WP1007!WP1014!hist14!CP1004,1
2026-07-15 21:04:16.5,1PDF,SLPSL0001,PULV LOW SEAL AIR HDR DIFF PRESS,,LOABS,PULV LOW SEAL AIR HDR DIFF PRESS,ALM,1,3.9457,4,INH2O,!WP1001!WP1002!WP1003!WP1006!WP1007!WP1014!hist14!CP1004,1
2026-07-15 21:04:17.5,1PDF,SLPSL0001,PULV LOW SEAL AIR HDR DIFF PRESS,,LOABS,PULV LOW SEAL AIR HDR DIFF PRESS,RTN,1,4.03213,4,INH2O,!WP1001!WP1002!WP1003!WP1006!WP1007!WP1014!hist14!CP1004,1
2026-07-15 21:04:18.5,1PDF,SLPSL0001,PULV LOW SEAL AIR HDR DIFF PRESS,,LOABS,PULV LOW SEAL AIR HDR DIFF PRESS,ALM,1,3.96563,4,INH2O,!WP1001!WP1002!WP1003!WP1006!WP1007!WP1014!hist14!CP1004,1
2026-07-15 21:04:19.5,1PDF,SLPSL0001,PULV LOW SEAL AIR HDR DIFF PRESS,,LOABS,PULV LOW SEAL AIR HDR DIFF PRESS,RTN,1,4.01397,4,INH2O,!WP1001!WP1002!WP1003!WP1006!WP1007!WP1014!hist14!CP1004,1
2026-07-15 21:04:20.5,1PDF,SLPSL0001,PULV LOW SEAL AIR HDR DIFF PRESS,,LOABS,PULV LOW SEAL AIR HDR DIFF PRESS,ALM,1,3.89883,4,INH2O,!WP1001!WP1002!WP1003!WP1006!WP1007!WP1014!hist14!CP1004,1
2026-07-15 21:04:23.5,1PDF,SLPSL0001,PULV LOW SEAL AIR HDR DIFF PRESS,,LOABS,PULV LOW SEAL AIR HDR DIFF PRESS,RTN,1,4.0166,4,INH2O,!WP1001!WP1002!WP1003!WP1006!WP1007!WP1014!hist14!CP1004,1
2026-07-15 21:04:24.5,1PDF,SLPSL0001,PULV LOW SEAL AIR HDR DIFF PRESS,,LOABS,PULV LOW SEAL AIR HDR DIFF PRESS,ALM,1,3.78838,4,INH2O,!WP1001!WP1002!WP1003!WP1006!WP1007!WP1014!hist14!CP1004,1
2026-07-15 21:04:59.5,1PDF,SLPSL0001,PULV LOW SEAL AIR HDR DIFF PRESS,,LOABS,PULV LOW SEAL AIR HDR DIFF PRESS,RTN,1,4.10156,4,INH2O,!WP1001!WP1002!WP1003!WP1006!WP1007!WP1014!hist14!CP1004,1
2026-07-15 21:05:00.5,1PDF,SLPSL0001,PULV LOW SEAL AIR HDR DIFF PRESS,,LOABS,PULV LOW SEAL AIR HDR DIFF PRESS,ALM,1,3.9791,4,INH2O,!WP1001!WP1002!WP1003!WP1006!WP1007!WP1014!hist14!CP1004,1
2026-07-15 21:05:01.5,1PDF,SLPSL0001,PULV LOW SEAL AIR HDR DIFF PRESS,,LOABS,PULV LOW SEAL AIR HDR DIFF PRESS,RTN,1,4.00986,4,INH2O,!WP1001!WP1002!WP1003!WP1006!WP1007!WP1014!hist14!CP1004,1
2026-07-15 21:05:02.5,1PDF,SLPSL0001,PULV LOW SEAL AIR HDR DIFF PRESS,,LOABS,PULV LOW SEAL AIR HDR DIFF PRESS,ALM,1,3.87773,4,INH2O,!WP1001!WP1002!WP1003!WP1006!WP1007!WP1014!hist14!CP1004,1
2026-07-15 21:05:07.5,1PDF,SLPSL0001,PULV LOW SEAL AIR HDR DIFF PRESS,,LOABS,PULV LOW SEAL AIR HDR DIFF PRESS,RTN,1,4.0998,4,INH2O,!WP1001!WP1002!WP1003!WP1006!WP1007!WP1014!hist14!CP1004,1
2026-07-15 21:05:35.5,1PDF,SLPSL0001,PULV LOW SEAL AIR HDR DIFF PRESS,,LOABS,PULV LOW SEAL AIR HDR DIFF PRESS,ALM,1,3.99551,4,INH2O,!WP1001!WP1002!WP1003!WP1006!WP1007!WP1014!hist14!CP1004,1
2026-07-15 21:05:36.5,1PDF,SLPSL0001,PULV LOW SEAL AIR HDR DIFF PRESS,,LOABS,PULV LOW SEAL AIR HDR DIFF PRESS,RTN,1,4.03506,4,INH2O,!WP1001!WP1002!WP1003!WP1006!WP1007!WP1014!hist14!CP1004,1
2026-07-15 21:05:44.5,1PDF,SLPSL0001,PULV LOW SEAL AIR HDR DIFF PRESS,,LOABS,PULV LOW SEAL AIR HDR DIFF PRESS,ALM,1,3.95889,4,INH2O,!WP1001!WP1002!WP1003!WP1006!WP1007!WP1014!hist14!CP1004,1
2026-07-15 21:05:45.5,1PDF,SLPSL0001,PULV LOW SEAL AIR HDR DIFF PRESS,,LOABS,PULV LOW SEAL AIR HDR DIFF PRESS,RTN,1,4.06641,4,INH2O,!WP1001!WP1002!WP1003!WP1006!WP1007!WP1014!hist14!CP1004,1
2026-07-15 21:05:48.5,1PDF,SLPSL0001,PULV LOW SEAL AIR HDR DIFF PRESS,,LOABS,PULV LOW SEAL AIR HDR DIFF PRESS,ALM,1,3.95156,4,INH2O,!WP1001!WP1002!WP1003!WP1006!WP1007!WP1014!hist14!CP1004,1
2026-07-15 21:05:49.5,1PDF,SLPSL0001,PULV LOW SEAL AIR HDR DIFF PRESS,,LOABS,PULV LOW SEAL AIR HDR DIFF PRESS,RTN,1,4.13906,4,INH2O,!WP1001!WP1002!WP1003!WP1006!WP1007!WP1014!hist14!CP1004,1
2026-07-15 21:06:22.5,1PDF,SLPSL0001,PULV LOW SEAL AIR HDR DIFF PRESS,,LOABS,PULV LOW SEAL AIR HDR DIFF PRESS,ALM,1,3.98789,4,INH2O,!WP1001!WP1002!WP1003!WP1006!WP1007!WP1014!hist14!CP1004,1
2026-07-15 21:06:23.5,1PDF,SLPSL0001,PULV LOW SEAL AIR HDR DIFF PRESS,,LOABS,PULV LOW SEAL AIR HDR DIFF PRESS,RTN,1,4.0708,4,INH2O,!WP1001!WP1002!WP1003!WP1006!WP1007!WP1014!hist14!CP1004,1
2026-07-15 21:06:24.5,1PDF,SLPSL0001,PULV LOW SEAL AIR HDR DIFF PRESS,,LOABS,PULV LOW SEAL AIR HDR DIFF PRESS,ALM,1,3.95098,4,INH2O,!WP1001!WP1002!WP1003!WP1006!WP1007!WP1014!hist14!CP1004,1
2026-07-15 21:06:25.5,1PDF,SLPSL0001,PULV LOW SEAL AIR HDR DIFF PRESS,,LOABS,PULV LOW SEAL AIR HDR DIFF PRESS,RTN,1,4.06641,4,INH2O,!WP1001!WP1002!WP1003!WP1006!WP1007!WP1014!hist14!CP1004,1
2026-07-15 21:06:26.5,1PDF,SLPSL0001,PULV LOW SEAL AIR HDR DIFF PRESS,,LOABS,PULV LOW SEAL AIR HDR DIFF PRESS,ALM,1,3.89531,4,INH2O,!WP1001!WP1002!WP1003!WP1006!WP1007!WP1014!hist14!CP1004,1
2026-07-15 21:06:27.5,1PDF,SLPSL0001,PULV LOW SEAL AIR HDR DIFF PRESS,,LOABS,PULV LOW SEAL AIR HDR DIFF PRESS,RTN,1,4.05059,4,INH2O,!WP1001!WP1002!WP1003!WP1006!WP1007!WP1014!hist14!CP1004,1
2026-07-15 21:07:08.5,1PDF,SLPSL0001,PULV LOW SEAL AIR HDR DIFF PRESS,,LOABS,PULV LOW SEAL AIR HDR DIFF PRESS,ALM,1,3.97559,4,INH2O,!WP1001!WP1002!WP1003!WP1006!WP1007!WP1014!hist14!CP1004,1
2026-07-15 21:07:09.5,1PDF,SLPSL0001,PULV LOW SEAL AIR HDR DIFF PRESS,,LOABS,PULV LOW SEAL AIR HDR DIFF PRESS,RTN,1,4.13701,4,INH2O,!WP1001!WP1002!WP1003!WP1006!WP1007!WP1014!hist14!CP1004,1
2026-07-15 21:07:12.5,1PDF,SLPSL0001,PULV LOW SEAL AIR HDR DIFF PRESS,,LOABS,PULV LOW SEAL AIR HDR DIFF PRESS,ALM,1,3.91934,4,INH2O,!WP1001!WP1002!WP1003!WP1006!WP1007!WP1014!hist14!CP1004,1
2026-07-15 21:07:26.5,1PDF,SLPSL0001,PULV LOW SEAL AIR HDR DIFF PRESS,,LOABS,PULV LOW SEAL AIR HDR DIFF PRESS,RTN,1,4.0459,4,INH2O,!WP1001!WP1002!WP1003!WP1006!WP1007!WP1014!hist14!CP1004,1
2026-07-15 21:07:29.5,1PDF,SLPSL0001,PULV LOW SEAL AIR HDR DIFF PRESS,,LOABS,PULV LOW SEAL AIR HDR DIFF PRESS,ALM,1,3.95215,4,INH2O,!WP1001!WP1002!WP1003!WP1006!WP1007!WP1014!hist14!CP1004,1
2026-07-15 21:07:30.5,1PDF,SLPSL0001,PULV LOW SEAL AIR HDR DIFF PRESS,,LOABS,PULV LOW SEAL AIR HDR DIFF PRESS,RTN,1,4.13057,4,INH2O,!WP1001!WP1002!WP1003!WP1006!WP1007!WP1014!hist14!CP1004,1
2026-07-15 21:07:31.5,1PDF,SLPSL0001,PULV LOW SEAL AIR HDR DIFF PRESS,,LOABS,PULV LOW SEAL AIR HDR DIFF PRESS,ALM,1,3.9876,4,INH2O,!WP1001!WP1002!WP1003!WP1006!WP1007!WP1014!hist14!CP1004,1
2026-07-15 21:07:32.5,1PDF,SLPSL0001,PULV LOW SEAL AIR HDR DIFF PRESS,,LOABS,PULV LOW SEAL AIR HDR DIFF PRESS,RTN,1,4.07959,4,INH2O,!WP1001!WP1002!WP1003!WP1006!WP1007!WP1014!hist14!CP1004,1
2026-07-15 21:07:33.5,1PDF,SLPSL0001,PULV LOW SEAL AIR HDR DIFF PRESS,,LOABS,PULV LOW SEAL AIR HDR DIFF PRESS,ALM,1,3.99961,4,INH2O,!WP1001!WP1002!WP1003!WP1006!WP1007!WP1014!hist14!CP1004,1
2026-07-15 21:07:34.5,1PDF,SLPSL0001,PULV LOW SEAL AIR HDR DIFF PRESS,,LOABS,PULV LOW SEAL AIR HDR DIFF PRESS,RTN,1,4.10273,4,INH2O,!WP1001!WP1002!WP1003!WP1006!WP1007!WP1014!hist14!CP1004,1
2026-07-15 21:08:07.5,1PDF,SLPSL0001,PULV LOW SEAL AIR HDR DIFF PRESS,,LOABS,PULV LOW SEAL AIR HDR DIFF PRESS,ALM,1,3.98613,4,INH2O,!WP1001!WP1002!WP1003!WP1006!WP1007!WP1014!hist14!CP1004,1
2026-07-15 21:08:08.5,1PDF,SLPSL0001,PULV LOW SEAL AIR HDR DIFF PRESS,,LOABS,PULV LOW SEAL AIR HDR DIFF PRESS,RTN,1,4.06934,4,INH2O,!WP1001!WP1002!WP1003!WP1006!WP1007!WP1014!hist14!CP1004,1
2026-07-15 21:08:11.5,1PDF,SLPSL0001,PULV LOW SEAL AIR HDR DIFF PRESS,,LOABS,PULV LOW SEAL AIR HDR DIFF PRESS,ALM,1,3.97295,4,INH2O,!WP1001!WP1002!WP1003!WP1006!WP1007!WP1014!hist14!CP1004,1
2026-07-15 21:08:12.5,1PDF,SLPSL0001,PULV LOW SEAL AIR HDR DIFF PRESS,,LOABS,PULV LOW SEAL AIR HDR DIFF PRESS,RTN,1,4.08984,4,INH2O,!WP1001!WP1002!WP1003!WP1006!WP1007!WP1014!hist14!CP1004,1
2026-07-15 21:08:13.5,1PDF,SLPSL0001,PULV LOW SEAL AIR HDR DIFF PRESS,,LOABS,PULV LOW SEAL AIR HDR DIFF PRESS,ALM,1,3.96416,4,INH2O,!WP1001!WP1002!WP1003!WP1006!WP1007!WP1014!hist14!CP1004,1
2026-07-15 21:08:14.5,1PDF,SLPSL0001,PULV LOW SEAL AIR HDR DIFF PRESS,,LOABS,PULV LOW SEAL AIR HDR DIFF PRESS,RTN,1,4.05732,4,INH2O,!WP1001!WP1002!WP1003!WP1006!WP1007!WP1014!hist14!CP1004,1
2026-07-15 21:08:45.5,1PDF,SLPSL0001,PULV LOW SEAL AIR HDR DIFF PRESS,,LOABS,PULV LOW SEAL AIR HDR DIFF PRESS,ALM,1,3.98262,4,INH2O,!WP1001!WP1002!WP1003!WP1006!WP1007!WP1014!hist14!CP1004,1
2026-07-15 21:08:46.5,1PDF,SLPSL0001,PULV LOW SEAL AIR HDR DIFF PRESS,,LOABS,PULV LOW SEAL AIR HDR DIFF PRESS,RTN,1,4.02217,4,INH2O,!WP1001!WP1002!WP1003!WP1006!WP1007!WP1014!hist14!CP1004,1
2026-07-15 21:08:47.5,1PDF,SLPSL0001,PULV LOW SEAL AIR HDR DIFF PRESS,,LOABS,PULV LOW SEAL AIR HDR DIFF PRESS,ALM,1,3.95772,4,INH2O,!WP1001!WP1002!WP1003!WP1006!WP1007!WP1014!hist14!CP1004,1
2026-07-15 21:08:48.5,1PDF,SLPSL0001,PULV LOW SEAL AIR HDR DIFF PRESS,,LOABS,PULV LOW SEAL AIR HDR DIFF PRESS,RTN,1,4.03389,4,INH2O,!WP1001!WP1002!WP1003!WP1006!WP1007!WP1014!hist14!CP1004,1
2026-07-15 21:08:49.5,1PDF,SLPSL0001,PULV LOW SEAL AIR HDR DIFF PRESS,,LOABS,PULV LOW SEAL AIR HDR DIFF PRESS,ALM,1,3.88359,4,INH2O,!WP1001!WP1002!WP1003!WP1006!WP1007!WP1014!hist14!CP1004,1
2026-07-15 21:08:50.5,1PDF,SLPSL0001,PULV LOW SEAL AIR HDR DIFF PRESS,,LOABS,PULV LOW SEAL AIR HDR DIFF PRESS,RTN,1,4.04092,4,INH2O,!WP1001!WP1002!WP1003!WP1006!WP1007!WP1014!hist14!CP1004,1
2026-07-15 21:08:51.5,1PDF,SLPSL0001,PULV LOW SEAL AIR HDR DIFF PRESS,,LOABS,PULV LOW SEAL AIR HDR DIFF PRESS,ALM,1,3.92373,4,INH2O,!WP1001!WP1002!WP1003!WP1006!WP1007!WP1014!hist14!CP1004,1
2026-07-15 21:08:51.0,FD_FAN_VIB,A_FAN_VEL_AX,A FD FAN VEL AX,,HIABS,A FD FAN VEL AX HI VIB,RTN,1,2.49391,3,MILS,!WP1001!WP1002!WP1003!WP1006!WP1007!WP1014!hist14!CP1005,1
2026-07-15 21:08:52.5,1PDF,SLPSL0001,PULV LOW SEAL AIR HDR DIFF PRESS,,LOABS,PULV LOW SEAL AIR HDR DIFF PRESS,RTN,1,4.02217,4,INH2O,!WP1001!WP1002!WP1003!WP1006!WP1007!WP1014!hist14!CP1004,1
2026-07-15 21:08:53.5,1PDF,SLPSL0001,PULV LOW SEAL AIR HDR DIFF PRESS,,LOABS,PULV LOW SEAL AIR HDR DIFF PRESS,ALM,1,3.88652,4,INH2O,!WP1001!WP1002!WP1003!WP1006!WP1007!WP1014!hist14!CP1004,1
2026-07-15 21:08:54.5,1PDF,SLPSL0001,PULV LOW SEAL AIR HDR DIFF PRESS,,LOABS,PULV LOW SEAL AIR HDR DIFF PRESS,RTN,1,4.01689,4,INH2O,!WP1001!WP1002!WP1003!WP1006!WP1007!WP1014!hist14!CP1004,1
2026-07-15 21:08:55.5,1AAIR,B16,WINDBOX/FURN DIFF PRESS,,LLABS,WINDBIX/FURN PRESS LOW,ALM,5,1.9819,2,INWC,!WP1001!WP1002!WP1003!WP1006!WP1007!WP1014!hist14!CP1001,1
2026-07-15 21:08:55.5,1PDF,SLPSL0001,PULV LOW SEAL AIR HDR DIFF PRESS,,LOABS,PULV LOW SEAL AIR HDR DIFF PRESS,ALM,1,3.81563,4,INH2O,!WP1001!WP1002!WP1003!WP1006!WP1007!WP1014!hist14!CP1004,1
2026-07-15 21:09:15.5,1PDF,SLPSL0001,PULV LOW SEAL AIR HDR DIFF PRESS,,LOABS,PULV LOW SEAL AIR HDR DIFF PRESS,RTN,1,4.01104,4,INH2O,!WP1001!WP1002!WP1003!WP1006!WP1007!WP1014!hist14!CP1004,1
2026-07-15 21:09:16.5,1PDF,SLPSL0001,PULV LOW SEAL AIR HDR DIFF PRESS,,LOABS,PULV LOW SEAL AIR HDR DIFF PRESS,ALM,1,3.86748,4,INH2O,!WP1001!WP1002!WP1003!WP1006!WP1007!WP1014!hist14!CP1004,1
2026-07-15 21:09:19.5,1PDF,SLPSL0001,PULV LOW SEAL AIR HDR DIFF PRESS,,LOABS,PULV LOW SEAL AIR HDR DIFF PRESS,RTN,1,4.00254,4,INH2O,!WP1001!WP1002!WP1003!WP1006!WP1007!WP1014!hist14!CP1004,1
2026-07-15 21:09:20.5,1PDF,SLPSL0001,PULV LOW SEAL AIR HDR DIFF PRESS,,LOABS,PULV LOW SEAL AIR HDR DIFF PRESS,ALM,1,3.9583,4,INH2O,!WP1001!WP1002!WP1003!WP1006!WP1007!WP1014!hist14!CP1004,1
2026-07-15 21:09:34.5,1PDF,SLPSL0001,PULV LOW SEAL AIR HDR DIFF PRESS,,LOABS,PULV LOW SEAL AIR HDR DIFF PRESS,RTN,1,4.03008,4,INH2O,!WP1001!WP1002!WP1003!WP1006!WP1007!WP1014!hist14!CP1004,1
2026-07-15 21:09:35.5,1PDF,SLPSL0001,PULV LOW SEAL AIR HDR DIFF PRESS,,LOABS,PULV LOW SEAL AIR HDR DIFF PRESS,ALM,1,3.87686,4,INH2O,!WP1001!WP1002!WP1003!WP1006!WP1007!WP1014!hist14!CP1004,1
2026-07-15 21:10:10.5,1PDF,SLPSL0001,PULV LOW SEAL AIR HDR DIFF PRESS,,LOABS,PULV LOW SEAL AIR HDR DIFF PRESS,RTN,1,4.02539,4,INH2O,!WP1001!WP1002!WP1003!WP1006!WP1007!WP1014!hist14!CP1004,1
2026-07-15 21:10:11.5,1PDF,SLPSL0001,PULV LOW SEAL AIR HDR DIFF PRESS,,LOABS,PULV LOW SEAL AIR HDR DIFF PRESS,ALM,1,3.90117,4,INH2O,!WP1001!WP1002!WP1003!WP1006!WP1007!WP1014!hist14!CP1004,1
2026-07-15 21:10:12.5,1PDF,SLPSL0001,PULV LOW SEAL AIR HDR DIFF PRESS,,LOABS,PULV LOW SEAL AIR HDR DIFF PRESS,RTN,1,4.03887,4,INH2O,!WP1001!WP1002!WP1003!WP1006!WP1007!WP1014!hist14!CP1004,1
2026-07-15 21:10:13.5,1PDF,SLPSL0001,PULV LOW SEAL AIR HDR DIFF PRESS,,LOABS,PULV LOW SEAL AIR HDR DIFF PRESS,ALM,1,3.93721,4,INH2O,!WP1001!WP1002!WP1003!WP1006!WP1007!WP1014!hist14!CP1004,1
2026-07-15 21:10:14.5,1PDF,SLPSL0001,PULV LOW SEAL AIR HDR DIFF PRESS,,LOABS,PULV LOW SEAL AIR HDR DIFF PRESS,RTN,1,4.06436,4,INH2O,!WP1001!WP1002!WP1003!WP1006!WP1007!WP1014!hist14!CP1004,1
2026-07-15 21:11:51.5,FD_FAN_VIB,A_FAN_VEL_AX,A FD FAN VEL AX,,HIABS,A FD FAN VEL AX HI VIB,ALM,1,3.05672,3,MILS,!WP1001!WP1002!WP1003!WP1006!WP1007!WP1014!hist14!CP1005,1
2026-07-15 21:12:34.5,1AAIR,B16,WINDBOX/FURN DIFF PRESS,,LLABS,WINDBIX/FURN PRESS LOW,RTN,5,2.50082,2,INWC,!WP1001!WP1002!WP1003!WP1006!WP1007!WP1014!hist14!CP1001,1
2026-07-15 21:12:39.0,1MJ,B37,MILL J TEMP,,HIABS,>150 DEGF,RTN,1,144.996,150,DEGF,!WP1001!WP1002!WP1003!WP1006!WP1007!WP1014!hist14!CP1001,1
2026-07-15 21:13:52.3,1MELIM,ZDS5504,WET/DRY INTFC VLV  DM DEV,,HIDEV,HIGH DEVIATION ALARM,RTN,3,54.0762,57.5,%,!hist14!CP1017,2
2026-07-15 21:13:57.5,1PDF,SLPSL0001,PULV LOW SEAL AIR HDR DIFF PRESS,,LOABS,PULV LOW SEAL AIR HDR DIFF PRESS,ALM,1,3.98555,4,INH2O,!WP1001!WP1002!WP1003!WP1006!WP1007!WP1014!hist14!CP1004,1
2026-07-15 21:14:32.5,1FUEL_SFTY,FPTX_ALM,DRAFT TRANSMITTER DEVIATION,,STATE,FURN DRAFT PRESS XMTR DEVIATION,ALM,5,,,,!WP1001!WP1002!WP1003!WP1006!WP1007!WP1014!hist14!CP1004,1
2026-07-15 21:14:36.5,1FUEL_SFTY,FPTX_ALM,DRAFT TRANSMITTER DEVIATION,,STATE,NO DEVIATION,RTN,5,,,,!WP1001!WP1002!WP1003!WP1006!WP1007!WP1014!hist14!CP1004,1
2026-07-15 21:14:59.5,1FUEL_SFTY,FPTX_ALM,DRAFT TRANSMITTER DEVIATION,,STATE,FURN DRAFT PRESS XMTR DEVIATION,ALM,5,,,,!WP1001!WP1002!WP1003!WP1006!WP1007!WP1014!hist14!CP1004,1
2026-07-15 21:15:01.5,1FUEL_SFTY,FPTX_ALM,DRAFT TRANSMITTER DEVIATION,,STATE,NO DEVIATION,RTN,5,,,,!WP1001!WP1002!WP1003!WP1006!WP1007!WP1014!hist14!CP1004,1
2026-07-15 21:15:08.0,FD_FAN_VIB,A_FAN_VEL_AX,A FD FAN VEL AX,,HIABS,A FD FAN VEL AX HI VIB,RTN,1,2.47109,3,MILS,!WP1001!WP1002!WP1003!WP1006!WP1007!WP1014!hist14!CP1005,1
2026-07-15 21:15:23.3,1MELIM,ZDS5504,WET/DRY INTFC VLV  DM DEV,,HIDEV,HIGH DEVIATION ALARM,ALM,3,98.5547,5,%,!hist14!CP1017,2
2026-07-15 21:15:27.0,1AAIR,B16,WINDBOX/FURN DIFF PRESS,,LLABS,WINDBIX/FURN PRESS LOW,ALM,5,1.98707,2,INWC,!WP1001!WP1002!WP1003!WP1006!WP1007!WP1014!hist14!CP1001,1
2026-07-15 21:15:44.5,1PDF,SLPSL0001,PULV LOW SEAL AIR HDR DIFF PRESS,,LOABS,PULV LOW SEAL AIR HDR DIFF PRESS,RTN,1,4.07959,4,INH2O,!WP1001!WP1002!WP1003!WP1006!WP1007!WP1014!hist14!CP1004,1
2026-07-15 21:15:45.5,1PDF,SLPSL0001,PULV LOW SEAL AIR HDR DIFF PRESS,,LOABS,PULV LOW SEAL AIR HDR DIFF PRESS,ALM,1,3.9208,4,INH2O,!WP1001!WP1002!WP1003!WP1006!WP1007!WP1014!hist14!CP1004,1
2026-07-15 21:15:50.5,1PDF,SLPSL0001,PULV LOW SEAL AIR HDR DIFF PRESS,,LOABS,PULV LOW SEAL AIR HDR DIFF PRESS,RTN,1,4.06846,4,INH2O,!WP1001!WP1002!WP1003!WP1006!WP1007!WP1014!hist14!CP1004,1
2026-07-15 21:15:51.5,1PDF,SLPSL0001,PULV LOW SEAL AIR HDR DIFF PRESS,,LOABS,PULV LOW SEAL AIR HDR DIFF PRESS,ALM,1,3.9873,4,INH2O,!WP1001!WP1002!WP1003!WP1006!WP1007!WP1014!hist14!CP1004,1
2026-07-15 21:15:52.5,1PDF,SLPSL0001,PULV LOW SEAL AIR HDR DIFF PRESS,,LOABS,PULV LOW SEAL AIR HDR DIFF PRESS,RTN,1,4.00781,4,INH2O,!WP1001!WP1002!WP1003!WP1006!WP1007!WP1014!hist14!CP1004,1
2026-07-15 21:15:53.5,1PDF,SLPSL0001,PULV LOW SEAL AIR HDR DIFF PRESS,,LOABS,PULV LOW SEAL AIR HDR DIFF PRESS,ALM,1,3.94424,4,INH2O,!WP1001!WP1002!WP1003!WP1006!WP1007!WP1014!hist14!CP1004,1
2026-07-15 21:15:54.5,1PDF,SLPSL0001,PULV LOW SEAL AIR HDR DIFF PRESS,,LOABS,PULV LOW SEAL AIR HDR DIFF PRESS,RTN,1,4.03623,4,INH2O,!WP1001!WP1002!WP1003!WP1006!WP1007!WP1014!hist14!CP1004,1
2026-07-15 21:15:55.5,1PDF,SLPSL0001,PULV LOW SEAL AIR HDR DIFF PRESS,,LOABS,PULV LOW SEAL AIR HDR DIFF PRESS,ALM,1,3.98965,4,INH2O,!WP1001!WP1002!WP1003!WP1006!WP1007!WP1014!hist14!CP1004,1
2026-07-15 21:15:59.5,1PDF,SLPSL0001,PULV LOW SEAL AIR HDR DIFF PRESS,,LOABS,PULV LOW SEAL AIR HDR DIFF PRESS,RTN,1,4.01367,4,INH2O,!WP1001!WP1002!WP1003!WP1006!WP1007!WP1014!hist14!CP1004,1
2026-07-15 21:16:00.5,1PDF,SLPSL0001,PULV LOW SEAL AIR HDR DIFF PRESS,,LOABS,PULV LOW SEAL AIR HDR DIFF PRESS,ALM,1,3.94893,4,INH2O,!WP1001!WP1002!WP1003!WP1006!WP1007!WP1014!hist14!CP1004,1
2026-07-15 21:16:01.5,1PDF,SLPSL0001,PULV LOW SEAL AIR HDR DIFF PRESS,,LOABS,PULV LOW SEAL AIR HDR DIFF PRESS,RTN,1,4.01572,4,INH2O,!WP1001!WP1002!WP1003!WP1006!WP1007!WP1014!hist14!CP1004,1
2026-07-15 21:16:02.5,1PDF,SLPSL0001,PULV LOW SEAL AIR HDR DIFF PRESS,,LOABS,PULV LOW SEAL AIR HDR DIFF PRESS,ALM,1,3.98584,4,INH2O,!WP1001!WP1002!WP1003!WP1006!WP1007!WP1014!hist14!CP1004,1
2026-07-15 21:16:03.5,1PDF,SLPSL0001,PULV LOW SEAL AIR HDR DIFF PRESS,,LOABS,PULV LOW SEAL AIR HDR DIFF PRESS,RTN,1,4.10947,4,INH2O,!WP1001!WP1002!WP1003!WP1006!WP1007!WP1014!hist14!CP1004,1
2026-07-15 21:18:12.5,FD_FAN_VIB,A_FAN_VEL_AX,A FD FAN VEL AX,,HIABS,A FD FAN VEL AX HI VIB,ALM,1,3.09203,3,MILS,!WP1001!WP1002!WP1003!WP1006!WP1007!WP1014!hist14!CP1005,1
2026-07-15 21:19:09.5,1PDF,SLPSL0001,PULV LOW SEAL AIR HDR DIFF PRESS,,LOABS,PULV LOW SEAL AIR HDR DIFF PRESS,ALM,1,3.96885,4,INH2O,!WP1001!WP1002!WP1003!WP1006!WP1007!WP1014!hist14!CP1004,1
2026-07-15 21:19:10.5,1PDF,SLPSL0001,PULV LOW SEAL AIR HDR DIFF PRESS,,LOABS,PULV LOW SEAL AIR HDR DIFF PRESS,RTN,1,4.07432,4,INH2O,!WP1001!WP1002!WP1003!WP1006!WP1007!WP1014!hist14!CP1004,1
2026-07-15 21:19:14.4,1BCS_7,IKTE3751,REHEAT TEMP RIGHT (REDUNDANT),,HIABS,HIGH,ALM,1,1012.19,1012.18,DEG.F,!WP1002!WP1006!WP1007!WP1001!WP1003!WP1014!hist14!CP1007,1
2026-07-15 21:20:25.0,1AAIR,B16,WINDBOX/FURN DIFF PRESS,,LLABS,WINDBIX/FURN PRESS LOW,RTN,5,2.5069,2,INWC,!WP1001!WP1002!WP1003!WP1006!WP1007!WP1014!hist14!CP1001,1
2026-07-15 21:20:55.4,1BCS_7,IKTE3751,REHEAT TEMP RIGHT (REDUNDANT),,HIABS,HIGH,RTN,1,1007.17,1012.18,DEG.F,!WP1002!WP1006!WP1007!WP1001!WP1003!WP1014!hist14!CP1007,1
2026-07-15 21:22:49.5,1PDF,SLPSL0001,PULV LOW SEAL AIR HDR DIFF PRESS,,LOABS,PULV LOW SEAL AIR HDR DIFF PRESS,ALM,1,3.98115,4,INH2O,!WP1001!WP1002!WP1003!WP1006!WP1007!WP1014!hist14!CP1004,1
2026-07-15 21:23:33.5,1FUEL_SFTY,FPTX_ALM,DRAFT TRANSMITTER DEVIATION,,STATE,FURN DRAFT PRESS XMTR DEVIATION,ALM,5,,,,!WP1001!WP1002!WP1003!WP1006!WP1007!WP1014!hist14!CP1004,1
2026-07-15 21:23:46.5,1FUEL_SFTY,FPTX_ALM,DRAFT TRANSMITTER DEVIATION,,STATE,NO DEVIATION,RTN,5,,,,!WP1001!WP1002!WP1003!WP1006!WP1007!WP1014!hist14!CP1004,1
2026-07-15 21:24:35.5,1PDF,SLPSL0001,PULV LOW SEAL AIR HDR DIFF PRESS,,LOABS,PULV LOW SEAL AIR HDR DIFF PRESS,RTN,1,4.00137,4,INH2O,!WP1001!WP1002!WP1003!WP1006!WP1007!WP1014!hist14!CP1004,1
2026-07-15 21:24:36.5,1PDF,SLPSL0001,PULV LOW SEAL AIR HDR DIFF PRESS,,LOABS,PULV LOW SEAL AIR HDR DIFF PRESS,ALM,1,3.90088,4,INH2O,!WP1001!WP1002!WP1003!WP1006!WP1007!WP1014!hist14!CP1004,1
2026-07-15 21:24:36.0,FD_FAN_VIB,A_FAN_VEL_AX,A FD FAN VEL AX,,HIABS,A FD FAN VEL AX HI VIB,RTN,1,2.45391,3,MILS,!WP1001!WP1002!WP1003!WP1006!WP1007!WP1014!hist14!CP1005,1
2026-07-15 21:24:59.5,1AAIR,B16,WINDBOX/FURN DIFF PRESS,,LLABS,WINDBIX/FURN PRESS LOW,ALM,5,1.99424,2,INWC,!WP1001!WP1002!WP1003!WP1006!WP1007!WP1014!hist14!CP1001,1
2026-07-15 21:25:09.5,1PDF,SLPSL0001,PULV LOW SEAL AIR HDR DIFF PRESS,,LOABS,PULV LOW SEAL AIR HDR DIFF PRESS,RTN,1,4.19268,4,INH2O,!WP1001!WP1002!WP1003!WP1006!WP1007!WP1014!hist14!CP1004,1
2026-07-15 21:25:21.8,1MELIM,ZDS5504,WET/DRY INTFC VLV  DM DEV,,HIDEV,HIGH DEVIATION ALARM,RTN,3,54.1016,57.5,%,!hist14!CP1017,2
2026-07-15 21:25:46.0,1TC,B21,DROOP ACTIVE,DROOP,STATE,ACTIVE,ALM,5,,,,!hist14!CP1001,2
2026-07-15 21:25:47.0,1TC,B21,DROOP ACTIVE,DROOP,STATE,NORMAL,RTN,5,,,,!hist14!CP1001,2
2026-07-15 21:26:22.8,1MELIM,ZDS5504,WET/DRY INTFC VLV  DM DEV,,LODEV,LOW DEVIATION ALARM,ALM,3,-1.23438,95,%,!hist14!CP1017,2
2026-07-15 21:26:32.5,1PDF,SLPSL0001,PULV LOW SEAL AIR HDR DIFF PRESS,,LOABS,PULV LOW SEAL AIR HDR DIFF PRESS,ALM,1,3.92344,4,INH2O,!WP1001!WP1002!WP1003!WP1006!WP1007!WP1014!hist14!CP1004,1
2026-07-15 21:28:20.5,1PDF,SLPSL0001,PULV LOW SEAL AIR HDR DIFF PRESS,,LOABS,PULV LOW SEAL AIR HDR DIFF PRESS,RTN,1,4.21846,4,INH2O,!WP1001!WP1002!WP1003!WP1006!WP1007!WP1014!hist14!CP1004,1
2026-07-15 21:29:34.1,FD_FAN_VIB,A_FAN_VEL_AX,A FD FAN VEL AX,,HIABS,A FD FAN VEL AX HI VIB,ALM,1,3.02906,3,MILS,!WP1001!WP1002!WP1003!WP1006!WP1007!WP1014!hist14!CP1005,1
2026-07-15 21:29:58.5,1PDF,SLPSL0001,PULV LOW SEAL AIR HDR DIFF PRESS,,LOABS,PULV LOW SEAL AIR HDR DIFF PRESS,ALM,1,3.98848,4,INH2O,!WP1001!WP1002!WP1003!WP1006!WP1007!WP1014!hist14!CP1004,1
2026-07-15 21:29:59.5,1PDF,SLPSL0001,PULV LOW SEAL AIR HDR DIFF PRESS,,LOABS,PULV LOW SEAL AIR HDR DIFF PRESS,RTN,1,4.08574,4,INH2O,!WP1001!WP1002!WP1003!WP1006!WP1007!WP1014!hist14!CP1004,1
2026-07-15 21:31:09.6,FD_FAN_VIB,A_FAN_VEL_AX,A FD FAN VEL AX,,HHABS,A FD FAN VEL AX HI HI VIB,ALM,1,5.12719,5,MILS,!WP1001!WP1002!WP1003!WP1006!WP1007!WP1014!hist14!CP1005,1
2026-07-15 21:31:37.5,1PDF,SLPSL0001,PULV LOW SEAL AIR HDR DIFF PRESS,,LOABS,PULV LOW SEAL AIR HDR DIFF PRESS,ALM,1,3.94014,4,INH2O,!WP1001!WP1002!WP1003!WP1006!WP1007!WP1014!hist14!CP1004,1
2026-07-15 21:31:40.5,1PDF,SLPSL0001,PULV LOW SEAL AIR HDR DIFF PRESS,,LOABS,PULV LOW SEAL AIR HDR DIFF PRESS,RTN,1,4.06641,4,INH2O,!WP1001!WP1002!WP1003!WP1006!WP1007!WP1014!hist14!CP1004,1
2026-07-15 21:31:59.0,1AAIR,B16,WINDBOX/FURN DIFF PRESS,,LLABS,WINDBIX/FURN PRESS LOW,RTN,5,2.50063,2,INWC,!WP1001!WP1002!WP1003!WP1006!WP1007!WP1014!hist14!CP1001,1
2026-07-15 21:32:28.5,1PDF,SLPSL0001,PULV LOW SEAL AIR HDR DIFF PRESS,,LOABS,PULV LOW SEAL AIR HDR DIFF PRESS,ALM,1,3.99287,4,INH2O,!WP1001!WP1002!WP1003!WP1006!WP1007!WP1014!hist14!CP1004,1
2026-07-15 21:32:30.5,1PDF,SLPSL0001,PULV LOW SEAL AIR HDR DIFF PRESS,,LOABS,PULV LOW SEAL AIR HDR DIFF PRESS,RTN,1,4.06289,4,INH2O,!WP1001!WP1002!WP1003!WP1006!WP1007!WP1014!hist14!CP1004,1
2026-07-15 21:33:57.6,FD_FAN_VIB,A_FAN_VEL_AX,A FD FAN VEL AX,,HHABS,A FD FAN VEL AX HI HI VIB,RTN,1,4.43203,5,MILS,!WP1001!WP1002!WP1003!WP1006!WP1007!WP1014!hist14!CP1005,1
2026-07-15 21:35:22.5,1PDF,SLPSL0001,PULV LOW SEAL AIR HDR DIFF PRESS,,LOABS,PULV LOW SEAL AIR HDR DIFF PRESS,ALM,1,3.9791,4,INH2O,!WP1001!WP1002!WP1003!WP1006!WP1007!WP1014!hist14!CP1004,1
2026-07-15 21:35:29.5,1PDF,SLPSL0001,PULV LOW SEAL AIR HDR DIFF PRESS,,LOABS,PULV LOW SEAL AIR HDR DIFF PRESS,RTN,1,4.00898,4,INH2O,!WP1001!WP1002!WP1003!WP1006!WP1007!WP1014!hist14!CP1004,1
2026-07-15 21:35:30.5,1PDF,SLPSL0001,PULV LOW SEAL AIR HDR DIFF PRESS,,LOABS,PULV LOW SEAL AIR HDR DIFF PRESS,ALM,1,3.92813,4,INH2O,!WP1001!WP1002!WP1003!WP1006!WP1007!WP1014!hist14!CP1004,1
2026-07-15 21:35:58.5,1FUEL_SFTY,FPTX_ALM,DRAFT TRANSMITTER DEVIATION,,STATE,FURN DRAFT PRESS XMTR DEVIATION,ALM,5,,,,!WP1001!WP1002!WP1003!WP1006!WP1007!WP1014!hist14!CP1004,1
2026-07-15 21:36:16.5,1FUEL_SFTY,FPTX_ALM,DRAFT TRANSMITTER DEVIATION,,STATE,NO DEVIATION,RTN,5,,,,!WP1001!WP1002!WP1003!WP1006!WP1007!WP1014!hist14!CP1004,1
2026-07-15 21:38:00.5,1PDF,SLPSL0001,PULV LOW SEAL AIR HDR DIFF PRESS,,LOABS,PULV LOW SEAL AIR HDR DIFF PRESS,RTN,1,4.02217,4,INH2O,!WP1001!WP1002!WP1003!WP1006!WP1007!WP1014!hist14!CP1004,1
2026-07-15 21:38:02.5,1PDF,SLPSL0001,PULV LOW SEAL AIR HDR DIFF PRESS,,LOABS,PULV LOW SEAL AIR HDR DIFF PRESS,ALM,1,3.99434,4,INH2O,!WP1001!WP1002!WP1003!WP1006!WP1007!WP1014!hist14!CP1004,1
2026-07-15 21:38:03.5,1JMILL,LO_TSL,J PULV LUBE OIL   TEMP ALM,,LOABS,LOW PULV LUBE OIL TEMPERATURE,ALM,5,89.9902,90,DEGF,!WP1001!WP1002!WP1003!WP1006!WP1007!WP1014!hist14!CP1004,1
2026-07-15 21:38:07.5,1PDF,SLPSL0001,PULV LOW SEAL AIR HDR DIFF PRESS,,LOABS,PULV LOW SEAL AIR HDR DIFF PRESS,RTN,1,4.02129,4,INH2O,!WP1001!WP1002!WP1003!WP1006!WP1007!WP1014!hist14!CP1004,1
2026-07-15 21:38:10.5,1PDF,SLPSL0001,PULV LOW SEAL AIR HDR DIFF PRESS,,LOABS,PULV LOW SEAL AIR HDR DIFF PRESS,ALM,1,3.95156,4,INH2O,!WP1001!WP1002!WP1003!WP1006!WP1007!WP1014!hist14!CP1004,1
2026-07-15 21:38:37.0,1AAIR,B16,WINDBOX/FURN DIFF PRESS,,LLABS,WINDBIX/FURN PRESS LOW,ALM,5,1.99595,2,INWC,!WP1001!WP1002!WP1003!WP1006!WP1007!WP1014!hist14!CP1001,1
2026-07-15 21:38:40.5,1PDF,SLPSL0001,PULV LOW SEAL AIR HDR DIFF PRESS,,LOABS,PULV LOW SEAL AIR HDR DIFF PRESS,RTN,1,4.04736,4,INH2O,!WP1001!WP1002!WP1003!WP1006!WP1007!WP1014!hist14!CP1004,1
2026-07-15 21:40:11.1,FD_FAN_VIB,A_FAN_VEL_AX,A FD FAN VEL AX,,HIABS,A FD FAN VEL AX HI VIB,RTN,1,2.46062,3,MILS,!WP1001!WP1002!WP1003!WP1006!WP1007!WP1014!hist14!CP1005,1
2026-07-15 21:40:30.5,1PDF,SLPSL0001,PULV LOW SEAL AIR HDR DIFF PRESS,,LOABS,PULV LOW SEAL AIR HDR DIFF PRESS,ALM,1,3.99639,4,INH2O,!WP1001!WP1002!WP1003!WP1006!WP1007!WP1014!hist14!CP1004,1
2026-07-15 21:40:31.5,1PDF,SLPSL0001,PULV LOW SEAL AIR HDR DIFF PRESS,,LOABS,PULV LOW SEAL AIR HDR DIFF PRESS,RTN,1,4.13027,4,INH2O,!WP1001!WP1002!WP1003!WP1006!WP1007!WP1014!hist14!CP1004,1
2026-07-15 21:40:45.5,1PDF,SLPSL0001,PULV LOW SEAL AIR HDR DIFF PRESS,,LOABS,PULV LOW SEAL AIR HDR DIFF PRESS,ALM,1,3.95684,4,INH2O,!WP1001!WP1002!WP1003!WP1006!WP1007!WP1014!hist14!CP1004,1
2026-07-15 21:40:48.5,1PDF,SLPSL0001,PULV LOW SEAL AIR HDR DIFF PRESS,,LOABS,PULV LOW SEAL AIR HDR DIFF PRESS,RTN,1,4.10244,4,INH2O,!WP1001!WP1002!WP1003!WP1006!WP1007!WP1014!hist14!CP1004,1
2026-07-15 21:40:51.5,1PDF,SLPSL0001,PULV LOW SEAL AIR HDR DIFF PRESS,,LOABS,PULV LOW SEAL AIR HDR DIFF PRESS,ALM,1,3.90996,4,INH2O,!WP1001!WP1002!WP1003!WP1006!WP1007!WP1014!hist14!CP1004,1
2026-07-15 21:41:07.5,1PDF,SLPSL0001,PULV LOW SEAL AIR HDR DIFF PRESS,,LOABS,PULV LOW SEAL AIR HDR DIFF PRESS,RTN,1,4.004,4,INH2O,!WP1001!WP1002!WP1003!WP1006!WP1007!WP1014!hist14!CP1004,1
2026-07-15 21:41:08.5,1PDF,SLPSL0001,PULV LOW SEAL AIR HDR DIFF PRESS,,LOABS,PULV LOW SEAL AIR HDR DIFF PRESS,ALM,1,3.93252,4,INH2O,!WP1001!WP1002!WP1003!WP1006!WP1007!WP1014!hist14!CP1004,1
2026-07-15 21:41:12.5,1PDF,SLPSL0001,PULV LOW SEAL AIR HDR DIFF PRESS,,LOABS,PULV LOW SEAL AIR HDR DIFF PRESS,RTN,1,4.00166,4,INH2O,!WP1001!WP1002!WP1003!WP1006!WP1007!WP1014!hist14!CP1004,1
2026-07-15 21:41:14.5,1PDF,SLPSL0001,PULV LOW SEAL AIR HDR DIFF PRESS,,LOABS,PULV LOW SEAL AIR HDR DIFF PRESS,ALM,1,3.98525,4,INH2O,!WP1001!WP1002!WP1003!WP1006!WP1007!WP1014!hist14!CP1004,1
2026-07-15 21:41:15.5,1PDF,SLPSL0001,PULV LOW SEAL AIR HDR DIFF PRESS,,LOABS,PULV LOW SEAL AIR HDR DIFF PRESS,RTN,1,4.03359,4,INH2O,!WP1001!WP1002!WP1003!WP1006!WP1007!WP1014!hist14!CP1004,1
2026-07-15 21:41:17.5,1PDF,SLPSL0001,PULV LOW SEAL AIR HDR DIFF PRESS,,LOABS,PULV LOW SEAL AIR HDR DIFF PRESS,ALM,1,3.95449,4,INH2O,!WP1001!WP1002!WP1003!WP1006!WP1007!WP1014!hist14!CP1004,1
2026-07-15 21:41:18.5,1PDF,SLPSL0001,PULV LOW SEAL AIR HDR DIFF PRESS,,LOABS,PULV LOW SEAL AIR HDR DIFF PRESS,RTN,1,4.02393,4,INH2O,!WP1001!WP1002!WP1003!WP1006!WP1007!WP1014!hist14!CP1004,1
2026-07-15 21:41:19.5,1PDF,SLPSL0001,PULV LOW SEAL AIR HDR DIFF PRESS,,LOABS,PULV LOW SEAL AIR HDR DIFF PRESS,ALM,1,3.95742,4,INH2O,!WP1001!WP1002!WP1003!WP1006!WP1007!WP1014!hist14!CP1004,1
2026-07-15 21:41:22.5,1PDF,SLPSL0001,PULV LOW SEAL AIR HDR DIFF PRESS,,LOABS,PULV LOW SEAL AIR HDR DIFF PRESS,RTN,1,4.11885,4,INH2O,!WP1001!WP1002!WP1003!WP1006!WP1007!WP1014!hist14!CP1004,1
2026-07-15 21:41:25.5,1PDF,SLPSL0001,PULV LOW SEAL AIR HDR DIFF PRESS,,LOABS,PULV LOW SEAL AIR HDR DIFF PRESS,ALM,1,3.97295,4,INH2O,!WP1001!WP1002!WP1003!WP1006!WP1007!WP1014!hist14!CP1004,1
2026-07-15 21:41:26.5,1PDF,SLPSL0001,PULV LOW SEAL AIR HDR DIFF PRESS,,LOABS,PULV LOW SEAL AIR HDR DIFF PRESS,RTN,1,4.07725,4,INH2O,!WP1001!WP1002!WP1003!WP1006!WP1007!WP1014!hist14!CP1004,1
2026-07-15 21:41:42.5,1PDF,SLPSL0001,PULV LOW SEAL AIR HDR DIFF PRESS,,LOABS,PULV LOW SEAL AIR HDR DIFF PRESS,ALM,1,3.9208,4,INH2O,!WP1001!WP1002!WP1003!WP1006!WP1007!WP1014!hist14!CP1004,1
2026-07-15 21:41:43.5,1PDF,SLPSL0001,PULV LOW SEAL AIR HDR DIFF PRESS,,LOABS,PULV LOW SEAL AIR HDR DIFF PRESS,RTN,1,4.06406,4,INH2O,!WP1001!WP1002!WP1003!WP1006!WP1007!WP1014!hist14!CP1004,1
2026-07-15 21:41:44.5,1PDF,SLPSL0001,PULV LOW SEAL AIR HDR DIFF PRESS,,LOABS,PULV LOW SEAL AIR HDR DIFF PRESS,ALM,1,3.96885,4,INH2O,!WP1001!WP1002!WP1003!WP1006!WP1007!WP1014!hist14!CP1004,1
2026-07-15 21:41:47.5,1PDF,SLPSL0001,PULV LOW SEAL AIR HDR DIFF PRESS,,LOABS,PULV LOW SEAL AIR HDR DIFF PRESS,RTN,1,4.09248,4,INH2O,!WP1001!WP1002!WP1003!WP1006!WP1007!WP1014!hist14!CP1004,1
2026-07-15 21:41:50.5,1PDF,SLPSL0001,PULV LOW SEAL AIR HDR DIFF PRESS,,LOABS,PULV LOW SEAL AIR HDR DIFF PRESS,ALM,1,3.95039,4,INH2O,!WP1001!WP1002!WP1003!WP1006!WP1007!WP1014!hist14!CP1004,1
2026-07-15 21:41:55.5,1PDF,SLPSL0001,PULV LOW SEAL AIR HDR DIFF PRESS,,LOABS,PULV LOW SEAL AIR HDR DIFF PRESS,RTN,1,4.06406,4,INH2O,!WP1001!WP1002!WP1003!WP1006!WP1007!WP1014!hist14!CP1004,1
2026-07-15 21:42:01.5,1PDF,SLPSL0001,PULV LOW SEAL AIR HDR DIFF PRESS,,LOABS,PULV LOW SEAL AIR HDR DIFF PRESS,ALM,1,3.99404,4,INH2O,!WP1001!WP1002!WP1003!WP1006!WP1007!WP1014!hist14!CP1004,1
2026-07-15 21:42:02.5,1PDF,SLPSL0001,PULV LOW SEAL AIR HDR DIFF PRESS,,LOABS,PULV LOW SEAL AIR HDR DIFF PRESS,RTN,1,4.05938,4,INH2O,!WP1001!WP1002!WP1003!WP1006!WP1007!WP1014!hist14!CP1004,1
2026-07-15 21:42:03.5,1PDF,SLPSL0001,PULV LOW SEAL AIR HDR DIFF PRESS,,LOABS,PULV LOW SEAL AIR HDR DIFF PRESS,ALM,1,3.99521,4,INH2O,!WP1001!WP1002!WP1003!WP1006!WP1007!WP1014!hist14!CP1004,1
2026-07-15 21:42:04.5,1PDF,SLPSL0001,PULV LOW SEAL AIR HDR DIFF PRESS,,LOABS,PULV LOW SEAL AIR HDR DIFF PRESS,RTN,1,4.08105,4,INH2O,!WP1001!WP1002!WP1003!WP1006!WP1007!WP1014!hist14!CP1004,1
2026-07-15 21:42:07.5,1PDF,SLPSL0001,PULV LOW SEAL AIR HDR DIFF PRESS,,LOABS,PULV LOW SEAL AIR HDR DIFF PRESS,ALM,1,3.99258,4,INH2O,!WP1001!WP1002!WP1003!WP1006!WP1007!WP1014!hist14!CP1004,1
2026-07-15 21:42:08.5,1PDF,SLPSL0001,PULV LOW SEAL AIR HDR DIFF PRESS,,LOABS,PULV LOW SEAL AIR HDR DIFF PRESS,RTN,1,4.05322,4,INH2O,!WP1001!WP1002!WP1003!WP1006!WP1007!WP1014!hist14!CP1004,1
2026-07-15 21:42:09.5,1PDF,SLPSL0001,PULV LOW SEAL AIR HDR DIFF PRESS,,LOABS,PULV LOW SEAL AIR HDR DIFF PRESS,ALM,1,3.98789,4,INH2O,!WP1001!WP1002!WP1003!WP1006!WP1007!WP1014!hist14!CP1004,1
2026-07-15 21:42:10.5,1PDF,SLPSL0001,PULV LOW SEAL AIR HDR DIFF PRESS,,LOABS,PULV LOW SEAL AIR HDR DIFF PRESS,RTN,1,4.04971,4,INH2O,!WP1001!WP1002!WP1003!WP1006!WP1007!WP1014!hist14!CP1004,1
2026-07-15 21:42:28.6,FD_FAN_VIB,A_FAN_VEL_AX,A FD FAN VEL AX,,HIABS,A FD FAN VEL AX HI VIB,ALM,1,3.00609,3,MILS,!WP1001!WP1002!WP1003!WP1006!WP1007!WP1014!hist14!CP1005,1
2026-07-15 21:42:34.5,1PDF,SLPSL0001,PULV LOW SEAL AIR HDR DIFF PRESS,,LOABS,PULV LOW SEAL AIR HDR DIFF PRESS,ALM,1,3.95977,4,INH2O,!WP1001!WP1002!WP1003!WP1006!WP1007!WP1014!hist14!CP1004,1
2026-07-15 21:42:37.5,1PDF,SLPSL0001,PULV LOW SEAL AIR HDR DIFF PRESS,,LOABS,PULV LOW SEAL AIR HDR DIFF PRESS,RTN,1,4.02568,4,INH2O,!WP1001!WP1002!WP1003!WP1006!WP1007!WP1014!hist14!CP1004,1
2026-07-15 21:43:21.5,1PDF,SLPSL0001,PULV LOW SEAL AIR HDR DIFF PRESS,,LOABS,PULV LOW SEAL AIR HDR DIFF PRESS,ALM,1,3.99111,4,INH2O,!WP1001!WP1002!WP1003!WP1006!WP1007!WP1014!hist14!CP1004,1
2026-07-15 21:43:28.5,1PDF,SLPSL0001,PULV LOW SEAL AIR HDR DIFF PRESS,,LOABS,PULV LOW SEAL AIR HDR DIFF PRESS,RTN,1,4.08545,4,INH2O,!WP1001!WP1002!WP1003!WP1006!WP1007!WP1014!hist14!CP1004,1
2026-07-15 21:43:31.5,1PDF,SLPSL0001,PULV LOW SEAL AIR HDR DIFF PRESS,,LOABS,PULV LOW SEAL AIR HDR DIFF PRESS,ALM,1,3.9252,4,INH2O,!WP1001!WP1002!WP1003!WP1006!WP1007!WP1014!hist14!CP1004,1
2026-07-15 21:43:34.5,1PDF,SLPSL0001,PULV LOW SEAL AIR HDR DIFF PRESS,,LOABS,PULV LOW SEAL AIR HDR DIFF PRESS,RTN,1,4.01221,4,INH2O,!WP1001!WP1002!WP1003!WP1006!WP1007!WP1014!hist14!CP1004,1
2026-07-15 21:43:35.5,1PDF,SLPSL0001,PULV LOW SEAL AIR HDR DIFF PRESS,,LOABS,PULV LOW SEAL AIR HDR DIFF PRESS,ALM,1,3.94922,4,INH2O,!WP1001!WP1002!WP1003!WP1006!WP1007!WP1014!hist14!CP1004,1
2026-07-15 21:43:38.5,1PDF,SLPSL0001,PULV LOW SEAL AIR HDR DIFF PRESS,,LOABS,PULV LOW SEAL AIR HDR DIFF PRESS,RTN,1,4.04443,4,INH2O,!WP1001!WP1002!WP1003!WP1006!WP1007!WP1014!hist14!CP1004,1
2026-07-15 21:43:40.5,1PDF,SLPSL0001,PULV LOW SEAL AIR HDR DIFF PRESS,,LOABS,PULV LOW SEAL AIR HDR DIFF PRESS,ALM,1,3.97559,4,INH2O,!WP1001!WP1002!WP1003!WP1006!WP1007!WP1014!hist14!CP1004,1
2026-07-15 21:44:10.1,FD_FAN_VIB,A_FAN_VEL_AX,A FD FAN VEL AX,,HIABS,A FD FAN VEL AX HI VIB,RTN,1,2.45484,3,MILS,!WP1001!WP1002!WP1003!WP1006!WP1007!WP1014!hist14!CP1005,1
2026-07-15 21:45:25.5,1PDF,SLPSL0001,PULV LOW SEAL AIR HDR DIFF PRESS,,LOABS,PULV LOW SEAL AIR HDR DIFF PRESS,RTN,1,4.05147,4,INH2O,!WP1001!WP1002!WP1003!WP1006!WP1007!WP1014!hist14!CP1004,1
2026-07-15 21:45:29.5,1PDF,SLPSL0001,PULV LOW SEAL AIR HDR DIFF PRESS,,LOABS,PULV LOW SEAL AIR HDR DIFF PRESS,ALM,1,3.93721,4,INH2O,!WP1001!WP1002!WP1003!WP1006!WP1007!WP1014!hist14!CP1004,1
2026-07-15 21:45:34.5,1PDF,SLPSL0001,PULV LOW SEAL AIR HDR DIFF PRESS,,LOABS,PULV LOW SEAL AIR HDR DIFF PRESS,RTN,1,4.18066,4,INH2O,!WP1001!WP1002!WP1003!WP1006!WP1007!WP1014!hist14!CP1004,1
2026-07-15 21:46:24.1,FD_FAN_VIB,A_FAN_VEL_AX,A FD FAN VEL AX,,HIABS,A FD FAN VEL AX HI VIB,ALM,1,3.01953,3,MILS,!WP1001!WP1002!WP1003!WP1006!WP1007!WP1014!hist14!CP1005,1
2026-07-15 21:47:49.0,1AAIR,B16,WINDBOX/FURN DIFF PRESS,,LLABS,WINDBIX/FURN PRESS LOW,RTN,5,2.50456,2,INWC,!WP1001!WP1002!WP1003!WP1006!WP1007!WP1014!hist14!CP1001,1
2026-07-15 21:47:49.5,1PDF,SLPSL0001,PULV LOW SEAL AIR HDR DIFF PRESS,,LOABS,PULV LOW SEAL AIR HDR DIFF PRESS,ALM,1,3.99844,4,INH2O,!WP1001!WP1002!WP1003!WP1006!WP1007!WP1014!hist14!CP1004,1
2026-07-15 21:47:50.5,1PDF,SLPSL0001,PULV LOW SEAL AIR HDR DIFF PRESS,,LOABS,PULV LOW SEAL AIR HDR DIFF PRESS,RTN,1,4.04385,4,INH2O,!WP1001!WP1002!WP1003!WP1006!WP1007!WP1014!hist14!CP1004,1
2026-07-15 21:47:53.5,1PDF,SLPSL0001,PULV LOW SEAL AIR HDR DIFF PRESS,,LOABS,PULV LOW SEAL AIR HDR DIFF PRESS,ALM,1,3.9542,4,INH2O,!WP1001!WP1002!WP1003!WP1006!WP1007!WP1014!hist14!CP1004,1
2026-07-15 21:48:43.5,1AAIR,B16,WINDBOX/FURN DIFF PRESS,,LLABS,WINDBIX/FURN PRESS LOW,ALM,5,1.99476,2,INWC,!WP1001!WP1002!WP1003!WP1006!WP1007!WP1014!hist14!CP1001,1
2026-07-15 21:48:44.1,FD_FAN_VIB,A_FAN_VEL_AX,A FD FAN VEL AX,,HIABS,A FD FAN VEL AX HI VIB,RTN,1,2.36812,3,MILS,!WP1001!WP1002!WP1003!WP1006!WP1007!WP1014!hist14!CP1005,1
2026-07-15 21:49:46.5,1PDF,SLPSL0001,PULV LOW SEAL AIR HDR DIFF PRESS,,LOABS,PULV LOW SEAL AIR HDR DIFF PRESS,RTN,1,4.05234,4,INH2O,!WP1001!WP1002!WP1003!WP1006!WP1007!WP1014!hist14!CP1004,1
2026-07-15 21:50:17.1,FD_FAN_VIB,A_FAN_VEL_AX,A FD FAN VEL AX,,HIABS,A FD FAN VEL AX HI VIB,ALM,1,3.00141,3,MILS,!WP1001!WP1002!WP1003!WP1006!WP1007!WP1014!hist14!CP1005,1
2026-07-15 21:51:47.6,1PDF,SLPSL0001,PULV LOW SEAL AIR HDR DIFF PRESS,,LOABS,PULV LOW SEAL AIR HDR DIFF PRESS,ALM,1,3.92988,4,INH2O,!WP1001!WP1002!WP1003!WP1006!WP1007!WP1014!hist14!CP1004,1
2026-07-15 21:51:52.5,1PDF,SLPSL0001,PULV LOW SEAL AIR HDR DIFF PRESS,,LOABS,PULV LOW SEAL AIR HDR DIFF PRESS,RTN,1,4.07783,4,INH2O,!WP1001!WP1002!WP1003!WP1006!WP1007!WP1014!hist14!CP1004,1
2026-07-15 21:51:54.5,1PDF,SLPSL0001,PULV LOW SEAL AIR HDR DIFF PRESS,,LOABS,PULV LOW SEAL AIR HDR DIFF PRESS,ALM,1,3.99141,4,INH2O,!WP1001!WP1002!WP1003!WP1006!WP1007!WP1014!hist14!CP1004,1
2026-07-15 21:51:56.5,1PDF,SLPSL0001,PULV LOW SEAL AIR HDR DIFF PRESS,,LOABS,PULV LOW SEAL AIR HDR DIFF PRESS,RTN,1,4.00576,4,INH2O,!WP1001!WP1002!WP1003!WP1006!WP1007!WP1014!hist14!CP1004,1
2026-07-15 21:52:31.5,1PDF,SLPSL0001,PULV LOW SEAL AIR HDR DIFF PRESS,,LOABS,PULV LOW SEAL AIR HDR DIFF PRESS,ALM,1,3.99961,4,INH2O,!WP1001!WP1002!WP1003!WP1006!WP1007!WP1014!hist14!CP1004,1
2026-07-15 21:52:33.5,1PDF,SLPSL0001,PULV LOW SEAL AIR HDR DIFF PRESS,,LOABS,PULV LOW SEAL AIR HDR DIFF PRESS,RTN,1,4.00107,4,INH2O,!WP1001!WP1002!WP1003!WP1006!WP1007!WP1014!hist14!CP1004,1
2026-07-15 21:52:35.5,1PDF,SLPSL0001,PULV LOW SEAL AIR HDR DIFF PRESS,,LOABS,PULV LOW SEAL AIR HDR DIFF PRESS,ALM,1,3.93662,4,INH2O,!WP1001!WP1002!WP1003!WP1006!WP1007!WP1014!hist14!CP1004,1
2026-07-15 21:54:45.1,FD_FAN_VIB,A_FAN_VEL_AX,A FD FAN VEL AX,,HIABS,A FD FAN VEL AX HI VIB,RTN,1,2.49297,3,MILS,!WP1001!WP1002!WP1003!WP1006!WP1007!WP1014!hist14!CP1005,1
2026-07-15 21:56:04.5,1PDF,SLPSL0001,PULV LOW SEAL AIR HDR DIFF PRESS,,LOABS,PULV LOW SEAL AIR HDR DIFF PRESS,RTN,1,4.04531,4,INH2O,!WP1001!WP1002!WP1003!WP1006!WP1007!WP1014!hist14!CP1004,1
2026-07-15 21:56:46.6,FD_FAN_VIB,A_FAN_VEL_AX,A FD FAN VEL AX,,HIABS,A FD FAN VEL AX HI VIB,ALM,1,3.07,3,MILS,!WP1001!WP1002!WP1003!WP1006!WP1007!WP1014!hist14!CP1005,1
2026-07-15 21:57:42.6,1PDF,SLPSL0001,PULV LOW SEAL AIR HDR DIFF PRESS,,LOABS,PULV LOW SEAL AIR HDR DIFF PRESS,ALM,1,3.96855,4,INH2O,!WP1001!WP1002!WP1003!WP1006!WP1007!WP1014!hist14!CP1004,1
2026-07-15 21:57:44.6,1PDF,SLPSL0001,PULV LOW SEAL AIR HDR DIFF PRESS,,LOABS,PULV LOW SEAL AIR HDR DIFF PRESS,RTN,1,4.01484,4,INH2O,!WP1001!WP1002!WP1003!WP1006!WP1007!WP1014!hist14!CP1004,1
2026-07-15 21:57:57.6,1PDF,SLPSL0001,PULV LOW SEAL AIR HDR DIFF PRESS,,LOABS,PULV LOW SEAL AIR HDR DIFF PRESS,ALM,1,3.94658,4,INH2O,!WP1001!WP1002!WP1003!WP1006!WP1007!WP1014!hist14!CP1004,1
2026-07-15 21:58:11.5,1PDF,SLPSL0001,PULV LOW SEAL AIR HDR DIFF PRESS,,LOABS,PULV LOW SEAL AIR HDR DIFF PRESS,RTN,1,4.08867,4,INH2O,!WP1001!WP1002!WP1003!WP1006!WP1007!WP1014!hist14!CP1004,1
2026-07-15 21:58:13.5,1PDF,SLPSL0001,PULV LOW SEAL AIR HDR DIFF PRESS,,LOABS,PULV LOW SEAL AIR HDR DIFF PRESS,ALM,1,3.99287,4,INH2O,!WP1001!WP1002!WP1003!WP1006!WP1007!WP1014!hist14!CP1004,1
2026-07-15 21:58:15.5,1PDF,SLPSL0001,PULV LOW SEAL AIR HDR DIFF PRESS,,LOABS,PULV LOW SEAL AIR HDR DIFF PRESS,RTN,1,4.00195,4,INH2O,!WP1001!WP1002!WP1003!WP1006!WP1007!WP1014!hist14!CP1004,1
2026-07-15 21:58:19.5,1PDF,SLPSL0001,PULV LOW SEAL AIR HDR DIFF PRESS,,LOABS,PULV LOW SEAL AIR HDR DIFF PRESS,ALM,1,3.97969,4,INH2O,!WP1001!WP1002!WP1003!WP1006!WP1007!WP1014!hist14!CP1004,1
2026-07-15 21:58:42.1,FD_FAN_VIB,A_FAN_VEL_AX,A FD FAN VEL AX,,HIABS,A FD FAN VEL AX HI VIB,RTN,1,2.47109,3,MILS,!WP1001!WP1002!WP1003!WP1006!WP1007!WP1014!hist14!CP1005,1
2026-07-15 21:59:03.0,1AR_LS,DEV_5803,LS SYS B,,STATE,VALVE 5803 DEVIATION,ALM,3,,,,!WP1001!WP1002!WP1003!WP1006!WP1007!WP1014!hist14!CP1017,1
2026-07-15 21:59:55.4,1AR_LS,DEV_5803,LS SYS B,,STATE,,RTN,3,,,,!WP1001!WP1002!WP1003!WP1006!WP1007!WP1014!hist14!CP1017,1
2026-07-15 21:59:59.5,1PDF,SLPSL0001,PULV LOW SEAL AIR HDR DIFF PRESS,,LOABS,PULV LOW SEAL AIR HDR DIFF PRESS,RTN,1,4.04268,4,INH2O,!WP1001!WP1002!WP1003!WP1006!WP1007!WP1014!hist14!CP1004,1
2026-07-15 22:00:00.5,1PDF,SLPSL0001,PULV LOW SEAL AIR HDR DIFF PRESS,,LOABS,PULV LOW SEAL AIR HDR DIFF PRESS,ALM,1,3.97236,4,INH2O,!WP1001!WP1002!WP1003!WP1006!WP1007!WP1014!hist14!CP1004,1
2026-07-15 22:01:36.4,1SCR_B_PRESS,FGPDI5228B,SCR B CAT LAYER 4 DP,1SR114 PNT 4,HHABS,HI HI DP,ALM,1,1.70259,1.7,INH2O,!WP1001!WP1002!WP1003!WP1006!WP1007!WP1014!hist14!CP1016,1
2026-07-15 22:01:57.1,FD_FAN_VIB,A_FAN_VEL_AX,A FD FAN VEL AX,,HIABS,A FD FAN VEL AX HI VIB,ALM,1,3.01281,3,MILS,!WP1001!WP1002!WP1003!WP1006!WP1007!WP1014!hist14!CP1005,1
2026-07-15 22:02:49.6,FD_FAN_VIB,A_FAN_VEL_AX,A FD FAN VEL AX,,HIABS,A FD FAN VEL AX HI VIB,RTN,1,2.47672,3,MILS,!WP1001!WP1002!WP1003!WP1006!WP1007!WP1014!hist14!CP1005,1
2026-07-15 22:03:16.5,1PDF,SLPSL0001,PULV LOW SEAL AIR HDR DIFF PRESS,,LOABS,PULV LOW SEAL AIR HDR DIFF PRESS,RTN,1,4.02627,4,INH2O,!WP1001!WP1002!WP1003!WP1006!WP1007!WP1014!hist14!CP1004,1
2026-07-15 22:03:18.5,1PDF,SLPSL0001,PULV LOW SEAL AIR HDR DIFF PRESS,,LOABS,PULV LOW SEAL AIR HDR DIFF PRESS,ALM,1,3.93779,4,INH2O,!WP1001!WP1002!WP1003!WP1006!WP1007!WP1014!hist14!CP1004,1
2026-07-15 22:03:21.5,1PDF,SLPSL0001,PULV LOW SEAL AIR HDR DIFF PRESS,,LOABS,PULV LOW SEAL AIR HDR DIFF PRESS,RTN,1,4.0125,4,INH2O,!WP1001!WP1002!WP1003!WP1006!WP1007!WP1014!hist14!CP1004,1
2026-07-15 22:03:23.5,1PDF,SLPSL0001,PULV LOW SEAL AIR HDR DIFF PRESS,,LOABS,PULV LOW SEAL AIR HDR DIFF PRESS,ALM,1,3.96973,4,INH2O,!WP1001!WP1002!WP1003!WP1006!WP1007!WP1014!hist14!CP1004,1
2026-07-15 22:04:04.5,1PDF,SLPSL0001,PULV LOW SEAL AIR HDR DIFF PRESS,,LOABS,PULV LOW SEAL AIR HDR DIFF PRESS,RTN,1,4.00869,4,INH2O,!WP1001!WP1002!WP1003!WP1006!WP1007!WP1014!hist14!CP1004,1
2026-07-15 22:04:07.5,1PDF,SLPSL0001,PULV LOW SEAL AIR HDR DIFF PRESS,,LOABS,PULV LOW SEAL AIR HDR DIFF PRESS,ALM,1,3.97383,4,INH2O,!WP1001!WP1002!WP1003!WP1006!WP1007!WP1014!hist14!CP1004,1
2026-07-15 22:04:11.5,1PDF,SLPSL0001,PULV LOW SEAL AIR HDR DIFF PRESS,,LOABS,PULV LOW SEAL AIR HDR DIFF PRESS,RTN,1,4.89844,4,INH2O,!WP1001!WP1002!WP1003!WP1006!WP1007!WP1014!hist14!CP1004,1
2026-07-15 22:04:14.6,FD_FAN_VIB,A_FAN_VEL_AX,A FD FAN VEL AX,,HIABS,A FD FAN VEL AX HI VIB,ALM,1,3.12719,3,MILS,!WP1001!WP1002!WP1003!WP1006!WP1007!WP1014!hist14!CP1005,1
2026-07-15 22:04:15.5,1JMILL,UBOWL_LO,JPULV SEAL AIR UND BOWL DP < 5,,STATE,PULV SEAL AIR UND BOWL DP < 5,ALM,5,,,,!WP1001!WP1002!WP1003!WP1006!WP1007!WP1014!hist14!CP1004,1
2026-07-15 22:06:53.1,FD_FAN_VIB,A_FAN_VEL_AX,A FD FAN VEL AX,,HIABS,A FD FAN VEL AX HI VIB,RTN,1,2.48531,3,MILS,!WP1001!WP1002!WP1003!WP1006!WP1007!WP1014!hist14!CP1005,1
2026-07-15 22:08:46.6,FD_FAN_VIB,A_FAN_VEL_AX,A FD FAN VEL AX,,HIABS,A FD FAN VEL AX HI VIB,ALM,1,3.07859,3,MILS,!WP1001!WP1002!WP1003!WP1006!WP1007!WP1014!hist14!CP1005,1
2026-07-15 22:10:13.6,FD_FAN_VIB,A_FAN_VEL_AX,A FD FAN VEL AX,,HIABS,A FD FAN VEL AX HI VIB,RTN,1,2.46625,3,MILS,!WP1001!WP1002!WP1003!WP1006!WP1007!WP1014!hist14!CP1005,1
2026-07-15 22:10:46.4,1SCR_B_PRESS,FGPDI5228B,SCR B CAT LAYER 4 DP,1SR114 PNT 4,HHABS,HI HI DP,RTN,1,1.19803,1.7,INH2O,!WP1001!WP1002!WP1003!WP1006!WP1007!WP1014!hist14!CP1016,1
2026-07-15 22:15:10.7,1NW_ESP_SMP,NWAI6702B,PRECIP SUMP PMP B DSCH PH,,IOBAD,BAD CHANNEL,RTN,3,,,,!WP1002!WP1011!WP1001!hist14!CP1020,1
2026-07-15 22:15:12.7,1NW_ESP_SMP,NWAI6702B,PRECIP SUMP PMP B DSCH PH,,IOBAD,BAD CHANNEL,ALM,3,,,,!WP1002!WP1011!WP1001!hist14!CP1020,1
2026-07-15 22:15:13.2,1NW_ESP_SMP,NWAI6702B,PRECIP SUMP PMP B DSCH PH,,IOBAD,BAD CHANNEL,RTN,3,,,,!WP1002!WP1011!WP1001!hist14!CP1020,1
2026-07-15 22:15:24.1,FD_FAN_VIB,A_FAN_VEL_AX,A FD FAN VEL AX,,HIABS,A FD FAN VEL AX HI VIB,ALM,1,3.19313,3,MILS,!WP1001!WP1002!WP1003!WP1006!WP1007!WP1014!hist14!CP1005,1
2026-07-15 22:17:15.6,FD_FAN_VIB,A_FAN_VEL_AX,A FD FAN VEL AX,,HIABS,A FD FAN VEL AX HI VIB,RTN,1,2.46719,3,MILS,!WP1001!WP1002!WP1003!WP1006!WP1007!WP1014!hist14!CP1005,1
2026-07-15 22:17:27.6,FD_FAN_VIB,A_FAN_VEL_AX,A FD FAN VEL AX,,HIABS,A FD FAN VEL AX HI VIB,ALM,1,3.09578,3,MILS,!WP1001!WP1002!WP1003!WP1006!WP1007!WP1014!hist14!CP1005,1
2026-07-15 22:18:35.5,1DAS10,IACE3211,COND MAKE-UP SPEC CNDCT,,HIABS,HIGH,RTN,1,0.279922,0.3,US/CM,!WP1002!WP1006!WP1007!WP1001!WP1003!WP1014!hist14!CP1008,1
2026-07-15 22:20:48.6,FD_FAN_VIB,A_FAN_VEL_AX,A FD FAN VEL AX,,HIABS,A FD FAN VEL AX HI VIB,RTN,1,2.49016,3,MILS,!WP1001!WP1002!WP1003!WP1006!WP1007!WP1014!hist14!CP1005,1
2026-07-15 22:22:11.6,FD_FAN_VIB,A_FAN_VEL_AX,A FD FAN VEL AX,,HIABS,A FD FAN VEL AX HI VIB,ALM,1,3.01187,3,MILS,!WP1001!WP1002!WP1003!WP1006!WP1007!WP1014!hist14!CP1005,1
2026-07-15 22:24:20.7,1NW_ESP_SMP,NWAI6702B,PRECIP SUMP PMP B DSCH PH,,IOBAD,BAD CHANNEL,RTN,3,,,,!WP1002!WP1011!WP1001!hist14!CP1020,1
2026-07-15 22:24:20.2,1NW_ESP_SMP,NWAI6702B,PRECIP SUMP PMP B DSCH PH,,IOBAD,BAD CHANNEL,ALM,3,,,,!WP1002!WP1011!WP1001!hist14!CP1020,1
2026-07-15 22:24:31.2,1NW_ESP_SMP,NWAI6702B,PRECIP SUMP PMP B DSCH PH,,IOBAD,BAD CHANNEL,ALM,3,,,,!WP1002!WP1011!WP1001!hist14!CP1020,1
2026-07-15 22:24:32.7,1NW_ESP_SMP,NWAI6702B,PRECIP SUMP PMP B DSCH PH,,IOBAD,BAD CHANNEL,RTN,3,,,,!WP1002!WP1011!WP1001!hist14!CP1020,1
2026-07-15 22:24:39.2,1NW_ESP_SMP,NWAI6702B,PRECIP SUMP PMP B DSCH PH,,IOBAD,BAD CHANNEL,ALM,3,,,,!WP1002!WP1011!WP1001!hist14!CP1020,1
2026-07-15 22:30:23.2,PAC_PLC,ACI_FDR_A_TR,ACI FDR A AC-WIC-5007 TRBLE ALM,,CHANGE,PAC FEEDER A TROUBLE,ALM,1,,,,!WP1001!WP1002!WP1003!WP1006!WP1007!WP1014!hist14!CP1003,1
2026-07-15 22:30:53.7,PAC_PLC,ACI_FDR_A_TR,ACI FDR A AC-WIC-5007 TRBLE ALM,,CHANGE,PAC FEEDER A TROUBLE,ALM,1,,,,!WP1001!WP1002!WP1003!WP1006!WP1007!WP1014!hist14!CP1003,1
2026-07-15 22:30:56.7,PAC_PLC,ACI_FDR_A_TR,ACI FDR A AC-WIC-5007 TRBLE ALM,,CHANGE,PAC FEEDER A TROUBLE,ALM,1,,,,!WP1001!WP1002!WP1003!WP1006!WP1007!WP1014!hist14!CP1003,1
2026-07-15 22:30:58.7,PAC_PLC,ACI_FDR_A_TR,ACI FDR A AC-WIC-5007 TRBLE ALM,,CHANGE,PAC FEEDER A TROUBLE,ALM,1,,,,!WP1001!WP1002!WP1003!WP1006!WP1007!WP1014!hist14!CP1003,1
2026-07-15 22:31:41.1,1DAS11,IAAH335CC,DRUM WTR CC HI CALL LAB ASAP,1233,HIABS,HIGH,RTN,1,1.13906,1.4,US/CM,!WP1002!WP1006!WP1007!WP1001!WP1003!WP1014!hist14!CP1008,1
2026-07-15 22:35:39.2,1AB_SURGEA,FCVA153AL,LINE A TO SILO    B,TRANSPORT LIN,STATE,FAIL,ALM,3,,,,!WP1002!WP1011!WP1001!hist14!CP1020,1
2026-07-15 22:35:41.2,1AB_SURGEA,FCVA153AL,LINE A TO SILO    B,TRANSPORT LIN,STATE,OK,RTN,3,,,,!WP1002!WP1011!WP1001!hist14!CP1020,1
2026-07-15 22:41:59.7,IDFAN_PEEC,OPCY_ALM,PRECIP OUT > 50%,PRECIP OUTLET,STATE,ALARM,ALM,3,,,,!WP1001!WP1002!WP1003!WP1006!WP1007!WP1014!hist14!CP1003,1
2026-07-15 22:42:08.0,1WB_DEV,SOFA_ANY_DEV,SOFA ANY DEVIATION,,STATE,NORMAL,RTN,5,,,,,0
2026-07-15 22:42:09.7,IDFAN_PEEC,OPCY_ALM,PRECIP OUT > 50%,PRECIP OUTLET,STATE,NORMAL,RTN,3,,,,!WP1001!WP1002!WP1003!WP1006!WP1007!WP1014!hist14!CP1003,1
2026-07-15 22:46:13.0,1WB_DEV,SOFA_ANY_DEV,SOFA ANY DEVIATION,,STATE,DEVIATION,ALM,5,,,MILS,,0
2026-07-15 22:47:32.6,FD_FAN_VIB,A_FAN_VEL_AX,A FD FAN VEL AX,,HIABS,A FD FAN VEL AX HI VIB,RTN,1,2.46719,3,MILS,!WP1001!WP1002!WP1003!WP1006!WP1007!WP1014!hist14!CP1005,1
2026-07-15 22:47:40.6,FD_FAN_VIB,A_FAN_VEL_AX,A FD FAN VEL AX,,HIABS,A FD FAN VEL AX HI VIB,ALM,1,3.04516,3,MILS,!WP1001!WP1002!WP1003!WP1006!WP1007!WP1014!hist14!CP1005,1
2026-07-15 22:48:27.5,1TC,B21,DROOP ACTIVE,DROOP,STATE,NORMAL,RTN,5,,,,!hist14!CP1001,2
2026-07-15 22:48:27.0,1TC,B21,DROOP ACTIVE,DROOP,STATE,ACTIVE,ALM,5,,,,!hist14!CP1001,2
2026-07-15 22:49:30.5,1TC,B21,DROOP ACTIVE,DROOP,STATE,ACTIVE,ALM,5,,,,!hist14!CP1001,2
2026-07-15 22:49:31.5,1TC,B21,DROOP ACTIVE,DROOP,STATE,NORMAL,RTN,5,,,,!hist14!CP1001,2
2026-07-15 22:50:53.6,FD_FAN_VIB,A_FAN_VEL_AX,A FD FAN VEL AX,,HIABS,A FD FAN VEL AX HI VIB,RTN,1,2.36609,3,MILS,!WP1001!WP1002!WP1003!WP1006!WP1007!WP1014!hist14!CP1005,1
2026-07-15 22:55:02.6,FD_FAN_VIB,A_FAN_VEL_AX,A FD FAN VEL AX,,HIABS,A FD FAN VEL AX HI VIB,ALM,1,3.06437,3,MILS,!WP1001!WP1002!WP1003!WP1006!WP1007!WP1014!hist14!CP1005,1
2026-07-15 22:55:11.1,FD_FAN_VIB,A_FAN_VEL_AX,A FD FAN VEL AX,,HIABS,A FD FAN VEL AX HI VIB,RTN,1,2.42047,3,MILS,!WP1001!WP1002!WP1003!WP1006!WP1007!WP1014!hist14!CP1005,1
2026-07-15 22:57:35.0,1TF,B24,TOTAL FUEL MOCS,,HIOUT,HIGH AVG MILL LOAD,ALM,5,80.0435,80,%,!WP1001!WP1002!WP1003!WP1006!WP1007!WP1014!hist14!CP1001,1
2026-07-15 22:58:02.0,1TF,B24,TOTAL FUEL MOCS,,HIOUT,HIGH AVG MILL LOAD,RTN,5,79.2395,80,%,!WP1001!WP1002!WP1003!WP1006!WP1007!WP1014!hist14!CP1001,1
2026-07-15 22:58:08.7,1LP_HTRLVL1,LDA048,LP HTR 1 EMERG VALVE DMD POS DEV,,LODEV,LOW DEV,ALM,1,1.01953,1.46363,%,!WP1001!WP1002!WP1003!WP1006!WP1007!WP1014!hist14!CP1013,1
2026-07-15 22:58:12.7,1LP_HTRLVL1,LDA048,LP HTR 1 EMERG VALVE DMD POS DEV,,LODEV,LOW DEV,RTN,1,6.49219,5.21919,%,!WP1001!WP1002!WP1003!WP1006!WP1007!WP1014!hist14!CP1013,1
2026-07-15 22:58:17.6,FD_FAN_VIB,A_FAN_VEL_AX,A FD FAN VEL AX,,HIABS,A FD FAN VEL AX HI VIB,ALM,1,3.0175,3,MILS,!WP1001!WP1002!WP1003!WP1006!WP1007!WP1014!hist14!CP1005,1
2026-07-15 22:59:04.0,1AR_LS,DEV_5803,LS SYS B,,STATE,VALVE 5803 DEVIATION,ALM,3,,,,!WP1001!WP1002!WP1003!WP1006!WP1007!WP1014!hist14!CP1017,1
2026-07-15 22:59:08.1,FD_FAN_VIB,A_FAN_VEL_AX,A FD FAN VEL AX,,HIABS,A FD FAN VEL AX HI VIB,RTN,1,2.47875,3,MILS,!WP1001!WP1002!WP1003!WP1006!WP1007!WP1014!hist14!CP1005,1
2026-07-15 22:59:41.6,1HMILL,ISTC102,H PULV LUBE OIL   TEMP CTRLR,,HIABS,H MILL OIL TEMP >130DEG,RTN,5,127.998,130,DEGF,!WP1001!WP1002!WP1003!WP1006!WP1007!WP1014!hist14!CP1004,1
2026-07-15 22:59:44.6,FD_FAN_VIB,A_FAN_VEL_AX,A FD FAN VEL AX,,HIABS,A FD FAN VEL AX HI VIB,ALM,1,3.20547,3,MILS,!WP1001!WP1002!WP1003!WP1006!WP1007!WP1014!hist14!CP1005,1
2026-07-15 22:59:48.6,FD_FAN_VIB,A_FAN_VEL_AX,A FD FAN VEL AX,,HIABS,A FD FAN VEL AX HI VIB,RTN,1,2.26703,3,MILS,!WP1001!WP1002!WP1003!WP1006!WP1007!WP1014!hist14!CP1005,1
2026-07-15 22:59:57.1,1DAS11,IAAH3281,COND PUMP DISCH   SILICA,1233,HIABS,HIGH,RTN,1,9.06836,10,ppb,!WP1002!WP1006!WP1007!WP1001!WP1003!WP1014!hist14!CP1008,1
2026-07-15 22:59:59.1,FD_FAN_VIB,A_FAN_VEL_AX,A FD FAN VEL AX,,HIABS,A FD FAN VEL AX HI VIB,ALM,1,3.20062,3,MILS,!WP1001!WP1002!WP1003!WP1006!WP1007!WP1014!hist14!CP1005,1
2026-07-15 23:00:00.4,1AR_LS,DEV_5803,LS SYS B,,STATE,,RTN,3,,,,!WP1001!WP1002!WP1003!WP1006!WP1007!WP1014!hist14!CP1017,1
2026-07-15 23:00:05.1,FD_FAN_VIB,A_FAN_VEL_AX,A FD FAN VEL AX,,HIABS,A FD FAN VEL AX HI VIB,RTN,1,2.07344,3,MILS,!WP1001!WP1002!WP1003!WP1006!WP1007!WP1014!hist14!CP1005,1
2026-07-15 23:00:06.0,1BCS_7,IKTE3741,REHEAT TEMP LEFT (REDUNDANT),,HIABS,HIGH,ALM,1,1012.2,1012.18,DEG.F,!WP1002!WP1006!WP1007!WP1001!WP1003!WP1014!hist14!CP1007,1
2026-07-15 23:00:10.0,1BCS_7,IKTE3441,REHEAT TEMP LEFT (NORM),,HIABS,HIGH,ALM,1,1012.2,1012.18,DEG.F,!WP1002!WP1006!WP1007!WP1001!WP1003!WP1014!hist14!CP1007,1
2026-07-15 23:00:15.1,FD_FAN_VIB,A_FAN_VEL_AX,A FD FAN VEL AX,,HIABS,A FD FAN VEL AX HI VIB,ALM,1,3.15391,3,MILS,!WP1001!WP1002!WP1003!WP1006!WP1007!WP1014!hist14!CP1005,1
2026-07-15 23:00:17.1,FD_FAN_VIB,A_FAN_VEL_AX,A FD FAN VEL AX,,HIABS,A FD FAN VEL AX HI VIB,RTN,1,2.47672,3,MILS,!WP1001!WP1002!WP1003!WP1006!WP1007!WP1014!hist14!CP1005,1
2026-07-15 23:00:29.1,FD_FAN_VIB,A_FAN_VEL_AX,A FD FAN VEL AX,,HIABS,A FD FAN VEL AX HI VIB,ALM,1,3.21219,3,MILS,!WP1001!WP1002!WP1003!WP1006!WP1007!WP1014!hist14!CP1005,1
2026-07-15 23:00:33.1,FD_FAN_VIB,A_FAN_VEL_AX,A FD FAN VEL AX,,HIABS,A FD FAN VEL AX HI VIB,RTN,1,2.44906,3,MILS,!WP1001!WP1002!WP1003!WP1006!WP1007!WP1014!hist14!CP1005,1
2026-07-15 23:02:42.4,1BCS_7,IKTE3441,REHEAT TEMP LEFT (NORM),,HIABS,HIGH,RTN,1,1007.18,1012.18,DEG.F,!WP1002!WP1006!WP1007!WP1001!WP1003!WP1014!hist14!CP1007,1
2026-07-15 23:02:48.4,1BCS_7,IKTE3741,REHEAT TEMP LEFT (REDUNDANT),,HIABS,HIGH,RTN,1,1007.17,1012.18,DEG.F,!WP1002!WP1006!WP1007!WP1001!WP1003!WP1014!hist14!CP1007,1
2026-07-15 23:02:52.5,1TC,B21,DROOP ACTIVE,DROOP,STATE,ACTIVE,ALM,5,,,,!hist14!CP1001,2
2026-07-15 23:02:55.5,1TC,B21,DROOP ACTIVE,DROOP,STATE,NORMAL,RTN,5,,,,!hist14!CP1001,2
2026-07-15 23:03:01.2,IDFAN_PEEC,OPCY_ALM,PRECIP OUT > 50%,PRECIP OUTLET,STATE,ALARM,ALM,3,,,,!WP1001!WP1002!WP1003!WP1006!WP1007!WP1014!hist14!CP1003,1
2026-07-15 23:03:06.2,IDFAN_PEEC,OPCY_ALM,PRECIP OUT > 50%,PRECIP OUTLET,STATE,NORMAL,RTN,3,,,,!WP1001!WP1002!WP1003!WP1006!WP1007!WP1014!hist14!CP1003,1
2026-07-15 23:03:08.1,1DAS10,IACE3211,COND MAKE-UP SPEC CNDCT,,HIABS,HIGH,ALM,1,0.300078,0.3,US/CM,!WP1002!WP1006!WP1007!WP1001!WP1003!WP1014!hist14!CP1008,1
2026-07-15 23:05:25.4,1MELIM,ZDS5504,WET/DRY INTFC VLV  DM DEV,,LODEV,LOW DEVIATION ALARM,RTN,3,46.5371,42.5,%,!hist14!CP1017,2
2026-07-15 23:06:26.4,1MELIM,ZDS5504,WET/DRY INTFC VLV  DM DEV,,HIDEV,HIGH DEVIATION ALARM,ALM,3,98.4219,5,%,!hist14!CP1017,2
2026-07-15 23:06:35.2,IDFAN_PEEC,OPCY_ALM,PRECIP OUT > 50%,PRECIP OUTLET,STATE,ALARM,ALM,3,,,,!WP1001!WP1002!WP1003!WP1006!WP1007!WP1014!hist14!CP1003,1
2026-07-15 23:06:42.7,IDFAN_PEEC,OPCY_ALM,PRECIP OUT > 50%,PRECIP OUTLET,STATE,NORMAL,RTN,3,,,,!WP1001!WP1002!WP1003!WP1006!WP1007!WP1014!hist14!CP1003,1
2026-07-15 23:09:21.4,1MELIM,ZDS5504,WET/DRY INTFC VLV  DM DEV,,HIDEV,HIGH DEVIATION ALARM,RTN,3,54.0879,57.5,%,!hist14!CP1017,2
2026-07-15 23:09:49.1,FD_FAN_VIB,A_FAN_VEL_AX,A FD FAN VEL AX,,HIABS,A FD FAN VEL AX HI VIB,ALM,1,3.01656,3,MILS,!WP1001!WP1002!WP1003!WP1006!WP1007!WP1014!hist14!CP1005,1
2026-07-15 23:09:51.1,FD_FAN_VIB,A_FAN_VEL_AX,A FD FAN VEL AX,,HIABS,A FD FAN VEL AX HI VIB,RTN,1,2.33844,3,MILS,!WP1001!WP1002!WP1003!WP1006!WP1007!WP1014!hist14!CP1005,1
2026-07-15 23:10:52.4,1MELIM,ZDS5504,WET/DRY INTFC VLV  DM DEV,,HIDEV,HIGH DEVIATION ALARM,ALM,3,98.5801,5,%,!hist14!CP1017,2
2026-07-15 23:11:02.0,1MELIM,SEQ1_ALMS,MIST ELIM VALVE FAIL ALARMS,ARXV5631F,STA_6,ARXV5631F FAILURE,ALM,1,98.5801,0,,!WP1001!WP1002!WP1003!WP1006!WP1007!WP1014!hist14!CP1017,1
2026-07-15 23:11:23.4,1SCR_B_PRESS,FGPDI5228B,SCR B CAT LAYER 4 DP,1SR114 PNT 4,HHABS,HI HI DP,ALM,1,1.70133,1.7,INH2O,!WP1001!WP1002!WP1003!WP1006!WP1007!WP1014!hist14!CP1016,1
2026-07-15 23:11:49.4,1MELIM,SEQ1_ALMS,MIST ELIM VALVE FAIL ALARMS,ARXV5631F,STA_6,VLV FAILURE CLEAR,RTN,1,780.109,0,,!WP1001!WP1002!WP1003!WP1006!WP1007!WP1014!hist14!CP1017,1
2026-07-15 23:13:31.4,1MELIM,ME_FLOW,MIST ELIMINATOR WASH FLOW,,STATE,ME WASH LOW FLOW,ALM,3,,,,!hist14!CP1017,2
2026-07-15 23:14:01.4,1MELIM,ME_FLOW,MIST ELIMINATOR WASH FLOW,,STATE,ME WASH FLOW OK,RTN,3,,,,!hist14!CP1017,2
2026-07-15 23:17:37.7,PAC_PLC,ACI_FDR_A_TR,ACI FDR A AC-WIC-5007 TRBLE ALM,,CHANGE,PAC FEEDER A TROUBLE,ALM,1,,,,!WP1001!WP1002!WP1003!WP1006!WP1007!WP1014!hist14!CP1003,1
2026-07-15 23:17:39.6,FD_FAN_VIB,A_FAN_VEL_AX,A FD FAN VEL AX,,HIABS,A FD FAN VEL AX HI VIB,ALM,1,3.07281,3,MILS,!WP1001!WP1002!WP1003!WP1006!WP1007!WP1014!hist14!CP1005,1
2026-07-15 23:18:11.2,PAC_PLC,ACI_FDR_A_TR,ACI FDR A AC-WIC-5007 TRBLE ALM,,CHANGE,PAC FEEDER A TROUBLE,ALM,1,,,,!WP1001!WP1002!WP1003!WP1006!WP1007!WP1014!hist14!CP1003,1
2026-07-15 23:19:47.1,1DAS11,IAAH3281,COND PUMP DISCH   SILICA,1233,HIABS,HIGH,ALM,1,10.6113,10,ppb,!WP1002!WP1006!WP1007!WP1001!WP1003!WP1014!hist14!CP1008,1
2026-07-15 23:23:37.0,1WB_DEV,SOFA_ANY_DEV,SOFA ANY DEVIATION,,STATE,NORMAL,RTN,5,,,%,,0
2026-07-15 23:24:21.4,1MELIM,ZDS5504,WET/DRY INTFC VLV  DM DEV,,HIDEV,HIGH DEVIATION ALARM,RTN,3,53.9727,57.5,%,!hist14!CP1017,2
2026-07-15 23:25:52.4,1MELIM,ZDS5504,WET/DRY INTFC VLV  DM DEV,,HIDEV,HIGH DEVIATION ALARM,ALM,3,98.6523,5,%,!hist14!CP1017,2
2026-07-15 23:27:48.0,1MELIM,ME_FLOW,MIST ELIMINATOR WASH FLOW,,STATE,ME WASH LOW FLOW,ALM,3,,,,!hist14!CP1017,2
2026-07-15 23:28:18.4,1MELIM,ME_FLOW,MIST ELIMINATOR WASH FLOW,,STATE,ME WASH FLOW OK,RTN,3,,,,!hist14!CP1017,2
2026-07-15 23:29:42.1,1DAS11,IAAH3281,COND PUMP DISCH   SILICA,1233,HIABS,HIGH,RTN,1,9.3457,10,ppb,!WP1002!WP1006!WP1007!WP1001!WP1003!WP1014!hist14!CP1008,1
2026-07-15 23:30:02.0,1WB_DEV,SOFA_ANY_DEV,SOFA ANY DEVIATION,,STATE,DEVIATION,ALM,5,,,INH2O,,0
2026-07-15 23:32:48.0,1WB_DEV,SOFA_ANY_DEV,SOFA ANY DEVIATION,,STATE,NORMAL,RTN,5,,,INH2O,,0
2026-07-15 23:35:32.0,1WB_DEV,SOFA_ANY_DEV,SOFA ANY DEVIATION,,STATE,DEVIATION,ALM,5,,,INH2O,,0
2026-07-15 23:39:07.4,1SCRA_IDSAV,SLPDI5416A,A IDMPR SCR SA PSG TO FG DUCT DP,,LOABS,SCR A IN DMPR SEAL DP LOW (SERV),RTN,5,2.20684,2,INH2O,!hist14!CP1016,2
2026-07-15 23:39:10.1,1SCRA_IDSAV,SLPDI5416A,A IDMPR SCR SA PSG TO FG DUCT DP,,LOABS,SCR A IN DMPR SEAL DP LOW (SERV),ALM,5,1.99473,2,INH2O,!hist14!CP1016,2
2026-07-15 23:39:21.4,1MELIM,ZDS5504,WET/DRY INTFC VLV  DM DEV,,HIDEV,HIGH DEVIATION ALARM,RTN,3,54.1289,57.5,%,!hist14!CP1017,2
2026-07-15 23:40:52.4,1MELIM,ZDS5504,WET/DRY INTFC VLV  DM DEV,,HIDEV,HIGH DEVIATION ALARM,ALM,3,98.75,5,%,!hist14!CP1017,2
2026-07-15 23:44:39.4,1SCRA_IDSAV,SLPDI5416A,A IDMPR SCR SA PSG TO FG DUCT DP,,LOABS,SCR A IN DMPR SEAL DP LOW (SERV),RTN,5,2.20762,2,INH2O,!hist14!CP1016,2
2026-07-15 23:44:43.4,1SCRA_IDSAV,SLPDI5416A,A IDMPR SCR SA PSG TO FG DUCT DP,,LOABS,SCR A IN DMPR SEAL DP LOW (SERV),ALM,5,1.99727,2,INH2O,!hist14!CP1016,2
2026-07-15 23:46:48.1,1SCRA_IDSAV,SLPDI5416A,A IDMPR SCR SA PSG TO FG DUCT DP,,LOABS,SCR A IN DMPR SEAL DP LOW (SERV),RTN,5,2.20273,2,INH2O,!hist14!CP1016,2
2026-07-15 23:46:51.1,1SCRA_IDSAV,SLPDI5416A,A IDMPR SCR SA PSG TO FG DUCT DP,,LOABS,SCR A IN DMPR SEAL DP LOW (SERV),ALM,5,1.98555,2,INH2O,!hist14!CP1016,2
2026-07-15 23:46:59.1,1SCRA_IDSAV,SLPDI5416A,A IDMPR SCR SA PSG TO FG DUCT DP,,LOABS,SCR A IN DMPR SEAL DP LOW (SERV),RTN,5,2.22852,2,INH2O,!hist14!CP1016,2
2026-07-15 23:47:28.1,1SCRA_IDSAV,SLPDI5416A,A IDMPR SCR SA PSG TO FG DUCT DP,,LOABS,SCR A IN DMPR SEAL DP LOW (SERV),ALM,5,1.98926,2,INH2O,!hist14!CP1016,2
2026-07-15 23:51:46.4,1SCR_B_PRESS,FGPDI5228B,SCR B CAT LAYER 4 DP,1SR114 PNT 4,HHABS,HI HI DP,RTN,1,1.19982,1.7,INH2O,!WP1001!WP1002!WP1003!WP1006!WP1007!WP1014!hist14!CP1016,1
2026-07-15 23:52:13.0,1SCRA_IDSAV,SLPDI5416A,A IDMPR SCR SA PSG TO FG DUCT DP,,LOABS,SCR A IN DMPR SEAL DP LOW (SERV),RTN,5,2.20879,2,INH2O,!hist14!CP1016,2
2026-07-15 23:52:19.4,1SCRA_IDSAV,SLPDI5416A,A IDMPR SCR SA PSG TO FG DUCT DP,,LOABS,SCR A IN DMPR SEAL DP LOW (SERV),ALM,5,1.97891,2,INH2O,!hist14!CP1016,2
2026-07-15 23:54:10.2,1AB_FILTERB,ACXV5141BAL,VAC PRDCR B INLT  VLV,VACUUM PRODUC,STATE,FAIL,ALM,3,,,,!WP1002!WP1011!WP1001!hist14!CP1020,1
2026-07-15 23:54:21.4,1MELIM,ZDS5504,WET/DRY INTFC VLV  DM DEV,,HIDEV,HIGH DEVIATION ALARM,RTN,3,54.209,57.5,%,!hist14!CP1017,2
2026-07-15 23:54:42.0,1SCRA_IDSAV,SLPDI5416A,A IDMPR SCR SA PSG TO FG DUCT DP,,LOABS,SCR A IN DMPR SEAL DP LOW (SERV),RTN,5,2.22012,2,INH2O,!hist14!CP1016,2
2026-07-15 23:54:47.4,1SCRA_IDSAV,SLPDI5416A,A IDMPR SCR SA PSG TO FG DUCT DP,,LOABS,SCR A IN DMPR SEAL DP LOW (SERV),ALM,5,1.99297,2,INH2O,!hist14!CP1016,2
2026-07-15 23:55:52.4,1MELIM,ZDS5504,WET/DRY INTFC VLV  DM DEV,,HIDEV,HIGH DEVIATION ALARM,ALM,3,98.6113,5,%,!hist14!CP1017,2
2026-07-15 23:56:49.4,1SCRA_IDSAV,SLPDI5416A,A IDMPR SCR SA PSG TO FG DUCT DP,,LOABS,SCR A IN DMPR SEAL DP LOW (SERV),RTN,5,2.20254,2,INH2O,!hist14!CP1016,2
2026-07-15 23:57:14.4,1SCRA_IDSAV,SLPDI5416A,A IDMPR SCR SA PSG TO FG DUCT DP,,LOABS,SCR A IN DMPR SEAL DP LOW (SERV),ALM,5,1.99688,2,INH2O,!hist14!CP1016,2
2026-07-15 23:57:19.0,1SCRA_IDSAV,SLPDI5416A,A IDMPR SCR SA PSG TO FG DUCT DP,,LOABS,SCR A IN DMPR SEAL DP LOW (SERV),RTN,5,2.20332,2,INH2O,!hist14!CP1016,2
2026-07-15 23:57:37.4,1SCRA_IDSAV,SLPDI5416A,A IDMPR SCR SA PSG TO FG DUCT DP,,LOABS,SCR A IN DMPR SEAL DP LOW (SERV),ALM,5,1.99902,2,INH2O,!hist14!CP1016,2
2026-07-15 23:57:48.4,1SCRA_IDSAV,SLPDI5416A,A IDMPR SCR SA PSG TO FG DUCT DP,,LOABS,SCR A IN DMPR SEAL DP LOW (SERV),RTN,5,2.20332,2,INH2O,!hist14!CP1016,2
2026-07-15 23:58:00.2,IDFAN_PEEC,OPCY_ALM,PRECIP OUT > 50%,PRECIP OUTLET,STATE,ALARM,ALM,3,,,,!WP1001!WP1002!WP1003!WP1006!WP1007!WP1014!hist14!CP1003,1
2026-07-15 23:58:03.4,1SCRA_IDSAV,SLPDI5416A,A IDMPR SCR SA PSG TO FG DUCT DP,,LOABS,SCR A IN DMPR SEAL DP LOW (SERV),ALM,5,1.98867,2,INH2O,!hist14!CP1016,2
2026-07-15 23:58:08.2,IDFAN_PEEC,OPCY_ALM,PRECIP OUT > 50%,PRECIP OUTLET,STATE,NORMAL,RTN,3,,,,!WP1001!WP1002!WP1003!WP1006!WP1007!WP1014!hist14!CP1003,1
2026-07-15 23:58:15.0,1SCRA_IDSAV,SLPDI5416A,A IDMPR SCR SA PSG TO FG DUCT DP,,LOABS,SCR A IN DMPR SEAL DP LOW (SERV),RTN,5,2.22813,2,INH2O,!hist14!CP1016,2
2026-07-15 23:58:35.4,1SCRA_IDSAV,SLPDI5416A,A IDMPR SCR SA PSG TO FG DUCT DP,,LOABS,SCR A IN DMPR SEAL DP LOW (SERV),ALM,5,1.97637,2,INH2O,!hist14!CP1016,2
2026-07-15 23:59:05.9,1AR_LS,DEV_5803,LS SYS B,,STATE,VALVE 5803 DEVIATION,ALM,3,,,,!WP1001!WP1002!WP1003!WP1006!WP1007!WP1014!hist14!CP1017,1
2026-07-15 23:59:27.2,1DAS11,IAAH3281,COND PUMP DISCH   SILICA,1233,HIABS,HIGH,ALM,1,10.8301,10,ppb,!WP1002!WP1006!WP1007!WP1001!WP1003!WP1014!hist14!CP1008,1
2026-07-15 23:59:33.4,1SCRA_IDSAV,SLPDI5416A,A IDMPR SCR SA PSG TO FG DUCT DP,,LOABS,SCR A IN DMPR SEAL DP LOW (SERV),RTN,5,2.20449,2,INH2O,!hist14!CP1016,2
2026-07-15 23:59:37.0,1MELIM,SEQ3_ALMS,MIST ELIM VALVE FAIL ALARMS,ARXV5622J,STA_3,ARXV5622J FAILURE,ALM,1,93.7969,0,,!WP1001!WP1002!WP1003!WP1006!WP1007!WP1014!hist14!CP1017,1
2026-07-16 00:00:05.4,1AR_LS,DEV_5803,LS SYS B,,STATE,,RTN,3,,,,!WP1001!WP1002!WP1003!WP1006!WP1007!WP1014!hist14!CP1017,1
2026-07-16 00:00:22.0,1MELIM,SEQ3_ALMS,MIST ELIM VALVE FAIL ALARMS,ARXV5622J,STA_3,VLV FAILURE CLEAR,RTN,1,21.502,0,,!WP1001!WP1002!WP1003!WP1006!WP1007!WP1014!hist14!CP1017,1
2026-07-16 00:00:37.4,1SCRA_IDSAV,SLPDI5416A,A IDMPR SCR SA PSG TO FG DUCT DP,,LOABS,SCR A IN DMPR SEAL DP LOW (SERV),ALM,5,1.98184,2,INH2O,!hist14!CP1016,2
2026-07-16 00:00:42.4,1SCRA_IDSAV,SLPDI5416A,A IDMPR SCR SA PSG TO FG DUCT DP,,LOABS,SCR A IN DMPR SEAL DP LOW (SERV),RTN,5,2.22383,2,INH2O,!hist14!CP1016,2
2026-07-16 00:00:47.2,1DAS11,IVVH0031,BFP A INB BRG  X  VIB,1725,HIABS,HIGH,ALM,1,2.10381,2,MILS,!WP1002!WP1006!WP1007!WP1001!WP1003!WP1014!hist14!CP1008,1
2026-07-16 00:00:49.2,1DAS11,IVVH0031,BFP A INB BRG  X  VIB,1725,HIABS,HIGH,RTN,1,1.72424,2,MILS,!WP1002!WP1006!WP1007!WP1001!WP1003!WP1014!hist14!CP1008,1
2026-07-16 00:01:00.5,1TC,B21,DROOP ACTIVE,DROOP,STATE,ACTIVE,ALM,5,,,,!hist14!CP1001,2
2026-07-16 00:01:03.4,1SCR_B_PRESS,FGPDI5228B,SCR B CAT LAYER 4 DP,1SR114 PNT 4,HHABS,HI HI DP,ALM,1,1.70259,1.7,INH2O,!WP1001!WP1002!WP1003!WP1006!WP1007!WP1014!hist14!CP1016,1
2026-07-16 00:01:15.2,1DAS11,IVVH0031,BFP A INB BRG  X  VIB,1725,HIABS,HIGH,ALM,1,2.09236,2,MILS,!WP1002!WP1006!WP1007!WP1001!WP1003!WP1014!hist14!CP1008,1
2026-07-16 00:01:19.2,1DAS11,IVVH0031,BFP A INB BRG  X  VIB,1725,HIABS,HIGH,RTN,1,1.68228,2,MILS,!WP1002!WP1006!WP1007!WP1001!WP1003!WP1014!hist14!CP1008,1
2026-07-16 00:01:22.4,1MELIM,ZDS5504,WET/DRY INTFC VLV  DM DEV,,HIDEV,HIGH DEVIATION ALARM,RTN,3,54.1484,57.5,%,!hist14!CP1017,2
2026-07-16 00:01:27.0,1SCRA_IDSAV,SLPDI5416A,A IDMPR SCR SA PSG TO FG DUCT DP,,LOABS,SCR A IN DMPR SEAL DP LOW (SERV),ALM,5,1.98867,2,INH2O,!hist14!CP1016,2
2026-07-16 00:01:38.5,1TC,B21,DROOP ACTIVE,DROOP,STATE,NORMAL,RTN,5,,,,!hist14!CP1001,2
2026-07-16 00:01:41.4,1SCRA_IDSAV,SLPDI5416A,A IDMPR SCR SA PSG TO FG DUCT DP,,LOABS,SCR A IN DMPR SEAL DP LOW (SERV),RTN,5,2.2252,2,INH2O,!hist14!CP1016,2
2026-07-16 00:01:54.5,1TF,B24,TOTAL FUEL MOCS,,LOOUT,LOW AVG MILL LOAD,ALM,5,49.9654,50,%,!WP1001!WP1002!WP1003!WP1006!WP1007!WP1014!hist14!CP1001,1
2026-07-16 00:02:02.0,1TC,B21,DROOP ACTIVE,DROOP,STATE,ACTIVE,ALM,5,,,,!hist14!CP1001,2
2026-07-16 00:02:21.0,1TC,B21,DROOP ACTIVE,DROOP,STATE,NORMAL,RTN,5,,,,!hist14!CP1001,2
2026-07-16 00:02:23.4,1MELIM,ZDS5504,WET/DRY INTFC VLV  DM DEV,,LODEV,LOW DEVIATION ALARM,ALM,3,-1.23438,95,%,!hist14!CP1017,2
2026-07-16 00:02:44.6,FD_FAN_VIB,A_FAN_VEL_AX,A FD FAN VEL AX,,HIABS,A FD FAN VEL AX HI VIB,RTN,1,2.47875,3,MILS,!WP1001!WP1002!WP1003!WP1006!WP1007!WP1014!hist14!CP1005,1
2026-07-16 00:03:17.2,1DAS11,IVVH0031,BFP A INB BRG  X  VIB,1725,HIABS,HIGH,ALM,1,2.15531,2,MILS,!WP1002!WP1006!WP1007!WP1001!WP1003!WP1014!hist14!CP1008,1
2026-07-16 00:03:19.9,1SCRA_IDSAV,SLPDI5416A,A IDMPR SCR SA PSG TO FG DUCT DP,,LOABS,SCR A IN DMPR SEAL DP LOW (SERV),ALM,5,1.99199,2,INH2O,!hist14!CP1016,2
2026-07-16 00:03:23.2,1DAS11,IVVH0031,BFP A INB BRG  X  VIB,1725,HIABS,HIGH,RTN,1,1.65749,2,MILS,!WP1002!WP1006!WP1007!WP1001!WP1003!WP1014!hist14!CP1008,1
2026-07-16 00:03:29.2,1DAS11,IVVH0031,BFP A INB BRG  X  VIB,1725,HIABS,HIGH,ALM,1,2.06185,2,MILS,!WP1002!WP1006!WP1007!WP1001!WP1003!WP1014!hist14!CP1008,1
2026-07-16 00:03:32.9,1SCRA_IDSAV,SLPDI5416A,A IDMPR SCR SA PSG TO FG DUCT DP,,LOABS,SCR A IN DMPR SEAL DP LOW (SERV),RTN,5,2.22754,2,INH2O,!hist14!CP1016,2
2026-07-16 00:03:35.2,1DAS11,IVVH0031,BFP A INB BRG  X  VIB,1725,HIABS,HIGH,RTN,1,1.69945,2,MILS,!WP1002!WP1006!WP1007!WP1001!WP1003!WP1014!hist14!CP1008,1
2026-07-16 00:03:53.6,FD_FAN_VIB,A_FAN_VEL_AX,A FD FAN VEL AX,,HIABS,A FD FAN VEL AX HI VIB,ALM,1,3.01281,3,MILS,!WP1001!WP1002!WP1003!WP1006!WP1007!WP1014!hist14!CP1005,1
2026-07-16 00:03:55.1,1MKVIE_ALM2,B1A,MARK VIE A BFPT GENERAL ALARM,,STATE,ALARM,ALM,1,,,,!WP1001!WP1002!WP1003!WP1006!WP1007!WP1014!hist14!CP1002,1
2026-07-16 00:03:55.1,1MKVIE_ALM2,B2A,MARK VIE B BFPT GENERAL ALARM,,STATE,ALARM,ALM,1,,,,!WP1001!WP1002!WP1003!WP1006!WP1007!WP1014!hist14!CP1002,1
2026-07-16 00:03:55.2,1DAS11,IVVH0031,BFP A INB BRG  X  VIB,1725,HIABS,HIGH,ALM,1,2.15912,2,MILS,!WP1002!WP1006!WP1007!WP1001!WP1003!WP1014!hist14!CP1008,1
2026-07-16 00:03:56.5,1BFA_GSM_ALM,BFA_ALM12,MARK VIE A BFPT ALARM,,STA_4,BENTLY VIBRATION ALARM,ALM,1,0,0,,!WP1001!WP1002!WP1003!WP1006!WP1007!WP1014!hist14!CP1011,1
2026-07-16 00:03:56.5,1BFB_GSM_ALM,BFB_ALM12,MARK VIE B BFPT ALARM,,STA_4,BENTLY VIBRATION ALARM,ALM,1,0,0,,!WP1001!WP1002!WP1003!WP1006!WP1007!WP1014!hist14!CP1011,1
2026-07-16 00:03:58.5,1BFA_GSM_ALM,BFA_ALM12,MARK VIE A BFPT ALARM,,STA_4,BENTLY VIBRATION OK,RTN,1,0,0,,!WP1001!WP1002!WP1003!WP1006!WP1007!WP1014!hist14!CP1011,1
2026-07-16 00:03:58.5,1BFB_GSM_ALM,BFB_ALM12,MARK VIE B BFPT ALARM,,STA_4,BENTLY VIBRATION OK,RTN,1,0,0,,!WP1001!WP1002!WP1003!WP1006!WP1007!WP1014!hist14!CP1011,1
2026-07-16 00:04:01.2,1DAS11,IVVH0031,BFP A INB BRG  X  VIB,1725,HIABS,HIGH,RTN,1,1.70326,2,MILS,!WP1002!WP1006!WP1007!WP1001!WP1003!WP1014!hist14!CP1008,1
2026-07-16 00:04:27.0,1STM_GSM_ALM,STM_ALM2,MARK VIE STEAM SEAL ALARM,,STA_5,STM SEAL DIV VLV TO CNDR ALM,ALM,3,0,0,,!WP1001!WP1002!WP1003!WP1006!WP1007!WP1014!hist14!CP1011,1
2026-07-16 00:04:31.2,1DAS11,IVVH0031,BFP A INB BRG  X  VIB,1725,HIABS,HIGH,ALM,1,2.06757,2,MILS,!WP1002!WP1006!WP1007!WP1001!WP1003!WP1014!hist14!CP1008,1
2026-07-16 00:04:39.2,1DAS11,IVVH0031,BFP A INB BRG  X  VIB,1725,HIABS,HIGH,RTN,1,1.74904,2,MILS,!WP1002!WP1006!WP1007!WP1001!WP1003!WP1014!hist14!CP1008,1
2026-07-16 00:04:43.2,1DAS11,IVVH0031,BFP A INB BRG  X  VIB,1725,HIABS,HIGH,ALM,1,2.02179,2,MILS,!WP1002!WP1006!WP1007!WP1001!WP1003!WP1014!hist14!CP1008,1
2026-07-16 00:04:49.2,1DAS11,IVVH0031,BFP A INB BRG  X  VIB,1725,HIABS,HIGH,RTN,1,1.69182,2,MILS,!WP1002!WP1006!WP1007!WP1001!WP1003!WP1014!hist14!CP1008,1
2026-07-16 00:04:51.2,1DAS11,IVVH0031,BFP A INB BRG  X  VIB,1725,HIABS,HIGH,ALM,1,2.0504,2,MILS,!WP1002!WP1006!WP1007!WP1001!WP1003!WP1014!hist14!CP1008,1
2026-07-16 00:04:54.6,FD_FAN_VIB,A_FAN_VEL_AX,A FD FAN VEL AX,,HIABS,A FD FAN VEL AX HI VIB,RTN,1,1.99422,3,MILS,!WP1001!WP1002!WP1003!WP1006!WP1007!WP1014!hist14!CP1005,1
2026-07-16 00:04:55.1,1MKVIE_ALM2,B1A,MARK VIE A BFPT GENERAL ALARM,,STATE,NORMAL,RTN,1,,,,!WP1001!WP1002!WP1003!WP1006!WP1007!WP1014!hist14!CP1002,1
2026-07-16 00:04:55.1,1MKVIE_ALM2,B2A,MARK VIE B BFPT GENERAL ALARM,,STATE,NORMAL,RTN,1,,,,!WP1001!WP1002!WP1003!WP1006!WP1007!WP1014!hist14!CP1002,1
2026-07-16 00:04:59.2,1DAS11,IVVH0031,BFP A INB BRG  X  VIB,1725,HIABS,HIGH,RTN,1,1.67847,2,MILS,!WP1002!WP1006!WP1007!WP1001!WP1003!WP1014!hist14!CP1008,1
2026-07-16 00:05:03.2,1DAS11,IVVH0031,BFP A INB BRG  X  VIB,1725,HIABS,HIGH,ALM,1,2.10571,2,MILS,!WP1002!WP1006!WP1007!WP1001!WP1003!WP1014!hist14!CP1008,1
2026-07-16 00:05:37.6,1MKVIE_ALM2,B1A,MARK VIE A BFPT GENERAL ALARM,,STATE,ALARM,ALM,1,,,,!WP1001!WP1002!WP1003!WP1006!WP1007!WP1014!hist14!CP1002,1
2026-07-16 00:05:37.6,1MKVIE_ALM2,B2A,MARK VIE B BFPT GENERAL ALARM,,STATE,ALARM,ALM,1,,,,!WP1001!WP1002!WP1003!WP1006!WP1007!WP1014!hist14!CP1002,1
2026-07-16 00:05:38.5,1BFA_GSM_ALM,BFA_ALM12,MARK VIE A BFPT ALARM,,STA_4,BENTLY VIBRATION ALARM,ALM,1,0,0,,!WP1001!WP1002!WP1003!WP1006!WP1007!WP1014!hist14!CP1011,1
2026-07-16 00:05:38.5,1BFB_GSM_ALM,BFB_ALM12,MARK VIE B BFPT ALARM,,STA_4,BENTLY VIBRATION ALARM,ALM,1,0,0,,!WP1001!WP1002!WP1003!WP1006!WP1007!WP1014!hist14!CP1011,1
2026-07-16 00:05:47.0,1BFA_GSM_ALM,BFA_ALM12,MARK VIE A BFPT ALARM,,STA_4,BENTLY VIBRATION OK,RTN,1,0,0,,!WP1001!WP1002!WP1003!WP1006!WP1007!WP1014!hist14!CP1011,1
2026-07-16 00:05:47.0,1BFB_GSM_ALM,BFB_ALM12,MARK VIE B BFPT ALARM,,STA_4,BENTLY VIBRATION OK,RTN,1,0,0,,!WP1001!WP1002!WP1003!WP1006!WP1007!WP1014!hist14!CP1011,1
2026-07-16 00:05:57.0,1BFA_GSM_ALM,BFA_ALM12,MARK VIE A BFPT ALARM,,STA_4,BENTLY VIBRATION ALARM,ALM,1,0,0,,!WP1001!WP1002!WP1003!WP1006!WP1007!WP1014!hist14!CP1011,1
2026-07-16 00:05:57.0,1BFB_GSM_ALM,BFB_ALM12,MARK VIE B BFPT ALARM,,STA_4,BENTLY VIBRATION ALARM,ALM,1,0,0,,!WP1001!WP1002!WP1003!WP1006!WP1007!WP1014!hist14!CP1011,1
2026-07-16 00:06:00.5,1BFA_GSM_ALM,BFA_ALM12,MARK VIE A BFPT ALARM,,STA_4,BENTLY VIBRATION OK,RTN,1,0,0,,!WP1001!WP1002!WP1003!WP1006!WP1007!WP1014!hist14!CP1011,1
2026-07-16 00:06:00.5,1BFB_GSM_ALM,BFB_ALM12,MARK VIE B BFPT ALARM,,STA_4,BENTLY VIBRATION OK,RTN,1,0,0,,!WP1001!WP1002!WP1003!WP1006!WP1007!WP1014!hist14!CP1011,1
2026-07-16 00:06:01.2,1DAS11,IVVH0031,BFP A INB BRG  X  VIB,1725,HIABS,HIGH,RTN,1,1.70899,2,MILS,!WP1002!WP1006!WP1007!WP1001!WP1003!WP1014!hist14!CP1008,1
2026-07-16 00:06:05.2,1DAS11,IVVH0031,BFP A INB BRG  X  VIB,1725,HIABS,HIGH,ALM,1,2.17056,2,MILS,!WP1002!WP1006!WP1007!WP1001!WP1003!WP1014!hist14!CP1008,1
2026-07-16 00:06:06.5,1BFA_GSM_ALM,BFA_ALM12,MARK VIE A BFPT ALARM,,STA_4,BENTLY VIBRATION ALARM,ALM,1,0,0,,!WP1001!WP1002!WP1003!WP1006!WP1007!WP1014!hist14!CP1011,1
2026-07-16 00:06:06.5,1BFB_GSM_ALM,BFB_ALM12,MARK VIE B BFPT ALARM,,STA_4,BENTLY VIBRATION ALARM,ALM,1,0,0,,!WP1001!WP1002!WP1003!WP1006!WP1007!WP1014!hist14!CP1011,1
2026-07-16 00:06:13.0,1BFA_GSM_ALM,BFA_ALM12,MARK VIE A BFPT ALARM,,STA_4,BENTLY VIBRATION OK,RTN,1,0,0,,!WP1001!WP1002!WP1003!WP1006!WP1007!WP1014!hist14!CP1011,1
2026-07-16 00:06:13.0,1BFB_GSM_ALM,BFB_ALM12,MARK VIE B BFPT ALARM,,STA_4,BENTLY VIBRATION OK,RTN,1,0,0,,!WP1001!WP1002!WP1003!WP1006!WP1007!WP1014!hist14!CP1011,1
2026-07-16 00:06:16.9,1SCRA_IDSAV,SLPDI5416A,A IDMPR SCR SA PSG TO FG DUCT DP,,LOABS,SCR A IN DMPR SEAL DP LOW (SERV),ALM,5,1.99395,2,INH2O,!hist14!CP1016,2
2026-07-16 00:06:19.0,1BFA_GSM_ALM,BFA_ALM12,MARK VIE A BFPT ALARM,,STA_4,BENTLY VIBRATION ALARM,ALM,1,0,0,,!WP1001!WP1002!WP1003!WP1006!WP1007!WP1014!hist14!CP1011,1
2026-07-16 00:06:19.0,1BFB_GSM_ALM,BFB_ALM12,MARK VIE B BFPT ALARM,,STA_4,BENTLY VIBRATION ALARM,ALM,1,0,0,,!WP1001!WP1002!WP1003!WP1006!WP1007!WP1014!hist14!CP1011,1
2026-07-16 00:06:21.4,1SCRA_IDSAV,SLPDI5416A,A IDMPR SCR SA PSG TO FG DUCT DP,,LOABS,SCR A IN DMPR SEAL DP LOW (SERV),RTN,5,2.20371,2,INH2O,!hist14!CP1016,2
2026-07-16 00:06:23.0,1BFA_GSM_ALM,BFA_ALM12,MARK VIE A BFPT ALARM,,STA_4,BENTLY VIBRATION OK,RTN,1,0,0,,!WP1001!WP1002!WP1003!WP1006!WP1007!WP1014!hist14!CP1011,1
2026-07-16 00:06:23.0,1BFB_GSM_ALM,BFB_ALM12,MARK VIE B BFPT ALARM,,STA_4,BENTLY VIBRATION OK,RTN,1,0,0,,!WP1001!WP1002!WP1003!WP1006!WP1007!WP1014!hist14!CP1011,1
2026-07-16 00:06:23.2,1DAS11,IVVH0031,BFP A INB BRG  X  VIB,1725,HIABS,HIGH,RTN,1,1.47057,2,MILS,!WP1002!WP1006!WP1007!WP1001!WP1003!WP1014!hist14!CP1008,1
2026-07-16 00:06:27.2,1DAS11,IVVH0031,BFP A INB BRG  X  VIB,1725,HIABS,HIGH,ALM,1,2.25258,2,MILS,!WP1002!WP1006!WP1007!WP1001!WP1003!WP1014!hist14!CP1008,1
2026-07-16 00:06:28.5,1BFA_GSM_ALM,BFA_ALM12,MARK VIE A BFPT ALARM,,STA_4,BENTLY VIBRATION ALARM,ALM,1,0,0,,!WP1001!WP1002!WP1003!WP1006!WP1007!WP1014!hist14!CP1011,1
2026-07-16 00:06:28.5,1BFB_GSM_ALM,BFB_ALM12,MARK VIE B BFPT ALARM,,STA_4,BENTLY VIBRATION ALARM,ALM,1,0,0,,!WP1001!WP1002!WP1003!WP1006!WP1007!WP1014!hist14!CP1011,1
2026-07-16 00:06:32.5,1BFA_GSM_ALM,BFA_ALM12,MARK VIE A BFPT ALARM,,STA_4,BENTLY VIBRATION OK,RTN,1,0,0,,!WP1001!WP1002!WP1003!WP1006!WP1007!WP1014!hist14!CP1011,1
2026-07-16 00:06:32.5,1BFB_GSM_ALM,BFB_ALM12,MARK VIE B BFPT ALARM,,STA_4,BENTLY VIBRATION OK,RTN,1,0,0,,!WP1001!WP1002!WP1003!WP1006!WP1007!WP1014!hist14!CP1011,1
2026-07-16 00:06:33.2,1DAS11,IVVH0031,BFP A INB BRG  X  VIB,1725,HIABS,HIGH,RTN,1,1.30463,2,MILS,!WP1002!WP1006!WP1007!WP1001!WP1003!WP1014!hist14!CP1008,1
2026-07-16 00:06:37.2,1DAS11,IVVH0021,BFP A OUTB BRG     Y  VIB,1724,HIABS,HIGH,ALM,1,2.12479,2,MILS,!WP1002!WP1006!WP1007!WP1001!WP1003!WP1014!hist14!CP1008,1
2026-07-16 00:06:37.2,1DAS11,IVVH0031,BFP A INB BRG  X  VIB,1725,HIABS,HIGH,ALM,1,2.99835,2,MILS,!WP1002!WP1006!WP1007!WP1001!WP1003!WP1014!hist14!CP1008,1
2026-07-16 00:06:39.0,1BFA_GSM_ALM,BFA_ALM12,MARK VIE A BFPT ALARM,,STA_4,BENTLY VIBRATION ALARM,ALM,1,0,0,,!WP1001!WP1002!WP1003!WP1006!WP1007!WP1014!hist14!CP1011,1
2026-07-16 00:06:39.0,1BFB_GSM_ALM,BFB_ALM12,MARK VIE B BFPT ALARM,,STA_4,BENTLY VIBRATION ALARM,ALM,1,0,0,,!WP1001!WP1002!WP1003!WP1006!WP1007!WP1014!hist14!CP1011,1
2026-07-16 00:06:39.2,1DAS11,IVVH0441,BFP A INB BRG      Y  VIB,1726,HIABS,HIGH,ALM,1,2.28501,2,MILS,!WP1002!WP1006!WP1007!WP1001!WP1003!WP1014!hist14!CP1008,1
2026-07-16 00:06:43.0,1BFA_GSM_ALM,BFA_ALM12,MARK VIE A BFPT ALARM,,STA_4,BENTLY VIBRATION OK,RTN,1,0,0,,!WP1001!WP1002!WP1003!WP1006!WP1007!WP1014!hist14!CP1011,1
2026-07-16 00:06:43.0,1BFB_GSM_ALM,BFB_ALM12,MARK VIE B BFPT ALARM,,STA_4,BENTLY VIBRATION OK,RTN,1,0,0,,!WP1001!WP1002!WP1003!WP1006!WP1007!WP1014!hist14!CP1011,1
2026-07-16 00:06:43.2,1DAS11,IVVH0021,BFP A OUTB BRG     Y  VIB,1724,HIABS,HIGH,RTN,1,1.11389,2,MILS,!WP1002!WP1006!WP1007!WP1001!WP1003!WP1014!hist14!CP1008,1
2026-07-16 00:06:43.2,1DAS11,IVVH0031,BFP A INB BRG  X  VIB,1725,HIABS,HIGH,RTN,1,1.42861,2,MILS,!WP1002!WP1006!WP1007!WP1001!WP1003!WP1014!hist14!CP1008,1
2026-07-16 00:06:43.2,1DAS11,IVVH0441,BFP A INB BRG      Y  VIB,1726,HIABS,HIGH,RTN,1,0.926972,2,MILS,!WP1002!WP1006!WP1007!WP1001!WP1003!WP1014!hist14!CP1008,1
2026-07-16 00:06:47.2,1DAS11,IVVH0031,BFP A INB BRG  X  VIB,1725,HIABS,HIGH,ALM,1,2.55776,2,MILS,!WP1002!WP1006!WP1007!WP1001!WP1003!WP1014!hist14!CP1008,1
2026-07-16 00:06:49.0,1BFA_GSM_ALM,BFA_ALM12,MARK VIE A BFPT ALARM,,STA_4,BENTLY VIBRATION ALARM,ALM,1,0,0,,!WP1001!WP1002!WP1003!WP1006!WP1007!WP1014!hist14!CP1011,1
2026-07-16 00:06:49.0,1BFB_GSM_ALM,BFB_ALM12,MARK VIE B BFPT ALARM,,STA_4,BENTLY VIBRATION ALARM,ALM,1,0,0,,!WP1001!WP1002!WP1003!WP1006!WP1007!WP1014!hist14!CP1011,1
2026-07-16 00:06:49.2,1DAS11,IVVH0441,BFP A INB BRG      Y  VIB,1726,HIABS,HIGH,ALM,1,2.09618,2,MILS,!WP1002!WP1006!WP1007!WP1001!WP1003!WP1014!hist14!CP1008,1
2026-07-16 00:06:51.2,1DAS11,IVVH0021,BFP A OUTB BRG     Y  VIB,1724,HIABS,HIGH,ALM,1,2.10762,2,MILS,!WP1002!WP1006!WP1007!WP1001!WP1003!WP1014!hist14!CP1008,1
2026-07-16 00:06:54.9,1SCRA_IDSAV,SLPDI5416A,A IDMPR SCR SA PSG TO FG DUCT DP,,LOABS,SCR A IN DMPR SEAL DP LOW (SERV),ALM,5,1.99434,2,INH2O,!hist14!CP1016,2
2026-07-16 00:06:54.5,1BFA_GSM_ALM,BFA_ALM12,MARK VIE A BFPT ALARM,,STA_4,BENTLY VIBRATION OK,RTN,1,0,0,,!WP1001!WP1002!WP1003!WP1006!WP1007!WP1014!hist14!CP1011,1
2026-07-16 00:06:54.5,1BFB_GSM_ALM,BFB_ALM12,MARK VIE B BFPT ALARM,,STA_4,BENTLY VIBRATION OK,RTN,1,0,0,,!WP1001!WP1002!WP1003!WP1006!WP1007!WP1014!hist14!CP1011,1
2026-07-16 00:06:55.2,1DAS11,IVVH0021,BFP A OUTB BRG     Y  VIB,1724,HIABS,HIGH,RTN,1,1.52588,2,MILS,!WP1002!WP1006!WP1007!WP1001!WP1003!WP1014!hist14!CP1008,1
2026-07-16 00:06:55.2,1DAS11,IVVH0031,BFP A INB BRG  X  VIB,1725,HIABS,HIGH,RTN,1,1.33896,2,MILS,!WP1002!WP1006!WP1007!WP1001!WP1003!WP1014!hist14!CP1008,1
2026-07-16 00:06:55.2,1DAS11,IVVH0441,BFP A INB BRG      Y  VIB,1726,HIABS,HIGH,RTN,1,0.848771,2,MILS,!WP1002!WP1006!WP1007!WP1001!WP1003!WP1014!hist14!CP1008,1
2026-07-16 00:06:59.1,1BWCP_PURGE,OUTLET_TEMP,BWCP PURGE COOLER OUTLET TEMP,,HIABS,,RTN,2,101.97,105,DEGF,!WP1001!WP1002!WP1003!WP1006!WP1007!WP1014!hist14!CP1005,1
2026-07-16 00:06:59.2,1DAS11,IVVH0021,BFP A OUTB BRG     Y  VIB,1724,HIABS,HIGH,ALM,1,2.14958,2,MILS,!WP1002!WP1006!WP1007!WP1001!WP1003!WP1014!hist14!CP1008,1
2026-07-16 00:06:59.2,1DAS11,IVVH0031,BFP A INB BRG  X  VIB,1725,HIABS,HIGH,ALM,1,3.26538,2,MILS,!WP1002!WP1006!WP1007!WP1001!WP1003!WP1014!hist14!CP1008,1
2026-07-16 00:07:00.5,1BFA_GSM_ALM,BFA_ALM12,MARK VIE A BFPT ALARM,,STA_4,BENTLY VIBRATION ALARM,ALM,1,0,0,,!WP1001!WP1002!WP1003!WP1006!WP1007!WP1014!hist14!CP1011,1
2026-07-16 00:07:00.5,1BFB_GSM_ALM,BFB_ALM12,MARK VIE B BFPT ALARM,,STA_4,BENTLY VIBRATION ALARM,ALM,1,0,0,,!WP1001!WP1002!WP1003!WP1006!WP1007!WP1014!hist14!CP1011,1
2026-07-16 00:07:01.2,1DAS11,IVVH0441,BFP A INB BRG      Y  VIB,1726,HIABS,HIGH,ALM,1,2.35558,2,MILS,!WP1002!WP1006!WP1007!WP1001!WP1003!WP1014!hist14!CP1008,1
2026-07-16 00:07:02.9,1SCRA_IDSAV,SLPDI5416A,A IDMPR SCR SA PSG TO FG DUCT DP,,LOABS,SCR A IN DMPR SEAL DP LOW (SERV),RTN,5,2.20664,2,INH2O,!hist14!CP1016,2
2026-07-16 00:07:07.0,1BFA_GSM_ALM,BFA_ALM12,MARK VIE A BFPT ALARM,,STA_4,BENTLY VIBRATION OK,RTN,1,0,0,,!WP1001!WP1002!WP1003!WP1006!WP1007!WP1014!hist14!CP1011,1
2026-07-16 00:07:07.0,1BFB_GSM_ALM,BFB_ALM12,MARK VIE B BFPT ALARM,,STA_4,BENTLY VIBRATION OK,RTN,1,0,0,,!WP1001!WP1002!WP1003!WP1006!WP1007!WP1014!hist14!CP1011,1
2026-07-16 00:07:07.2,1DAS11,IVVH0021,BFP A OUTB BRG     Y  VIB,1724,HIABS,HIGH,RTN,1,1.67084,2,MILS,!WP1002!WP1006!WP1007!WP1001!WP1003!WP1014!hist14!CP1008,1
2026-07-16 00:07:07.2,1DAS11,IVVH0031,BFP A INB BRG  X  VIB,1725,HIABS,HIGH,RTN,1,1.37901,2,MILS,!WP1002!WP1006!WP1007!WP1001!WP1003!WP1014!hist14!CP1008,1
2026-07-16 00:07:07.2,1DAS11,IVVH0441,BFP A INB BRG      Y  VIB,1726,HIABS,HIGH,RTN,1,0.858308,2,MILS,!WP1002!WP1006!WP1007!WP1001!WP1003!WP1014!hist14!CP1008,1
2026-07-16 00:07:11.2,1DAS11,IVVH0031,BFP A INB BRG  X  VIB,1725,HIABS,HIGH,ALM,1,2.61307,2,MILS,!WP1002!WP1006!WP1007!WP1001!WP1003!WP1014!hist14!CP1008,1
2026-07-16 00:07:13.0,1BFA_GSM_ALM,BFA_ALM12,MARK VIE A BFPT ALARM,,STA_4,BENTLY VIBRATION ALARM,ALM,1,0,0,,!WP1001!WP1002!WP1003!WP1006!WP1007!WP1014!hist14!CP1011,1
2026-07-16 00:07:13.0,1BFB_GSM_ALM,BFB_ALM12,MARK VIE B BFPT ALARM,,STA_4,BENTLY VIBRATION ALARM,ALM,1,0,0,,!WP1001!WP1002!WP1003!WP1006!WP1007!WP1014!hist14!CP1011,1
2026-07-16 00:07:13.2,1DAS11,IVVH0441,BFP A INB BRG      Y  VIB,1726,HIABS,HIGH,ALM,1,2.27547,2,MILS,!WP1002!WP1006!WP1007!WP1001!WP1003!WP1014!hist14!CP1008,1
2026-07-16 00:07:15.2,1DAS11,IVVH0011,BFP A OUTB BRG     X  VIB,1723,HIABS,HIGH,ALM,1,2.06375,2,MILS,!WP1002!WP1006!WP1007!WP1001!WP1003!WP1014!hist14!CP1008,1
2026-07-16 00:07:15.2,1DAS11,IVVH0021,BFP A OUTB BRG     Y  VIB,1724,HIABS,HIGH,ALM,1,2.05803,2,MILS,!WP1002!WP1006!WP1007!WP1001!WP1003!WP1014!hist14!CP1008,1
2026-07-16 00:07:17.2,1DAS11,IVVH0021,BFP A OUTB BRG     Y  VIB,1724,HIABS,HIGH,RTN,1,1.68228,2,MILS,!WP1002!WP1006!WP1007!WP1001!WP1003!WP1014!hist14!CP1008,1
2026-07-16 00:07:18.5,1BFA_GSM_ALM,BFA_ALM12,MARK VIE A BFPT ALARM,,STA_4,BENTLY VIBRATION OK,RTN,1,0,0,,!WP1001!WP1002!WP1003!WP1006!WP1007!WP1014!hist14!CP1011,1
2026-07-16 00:07:18.5,1BFB_GSM_ALM,BFB_ALM12,MARK VIE B BFPT ALARM,,STA_4,BENTLY VIBRATION OK,RTN,1,0,0,,!WP1001!WP1002!WP1003!WP1006!WP1007!WP1014!hist14!CP1011,1
2026-07-16 00:07:19.2,1DAS11,IVVH0011,BFP A OUTB BRG     X  VIB,1723,HIABS,HIGH,RTN,1,0.787736,2,MILS,!WP1002!WP1006!WP1007!WP1001!WP1003!WP1014!hist14!CP1008,1
2026-07-16 00:07:19.2,1DAS11,IVVH0441,BFP A INB BRG      Y  VIB,1726,HIABS,HIGH,RTN,1,0.801087,2,MILS,!WP1002!WP1006!WP1007!WP1001!WP1003!WP1014!hist14!CP1008,1
2026-07-16 00:07:21.2,1DAS11,IVVH0031,BFP A INB BRG  X  VIB,1725,HIABS,HIGH,RTN,1,1.51634,2,MILS,!WP1002!WP1006!WP1007!WP1001!WP1003!WP1014!hist14!CP1008,1
2026-07-16 00:07:23.2,1DAS11,IVVH0031,BFP A INB BRG  X  VIB,1725,HIABS,HIGH,ALM,1,3.1929,2,MILS,!WP1002!WP1006!WP1007!WP1001!WP1003!WP1014!hist14!CP1008,1
2026-07-16 00:07:24.5,1BFA_GSM_ALM,BFA_ALM12,MARK VIE A BFPT ALARM,,STA_4,BENTLY VIBRATION ALARM,ALM,1,0,0,,!WP1001!WP1002!WP1003!WP1006!WP1007!WP1014!hist14!CP1011,1
2026-07-16 00:07:24.5,1BFB_GSM_ALM,BFB_ALM12,MARK VIE B BFPT ALARM,,STA_4,BENTLY VIBRATION ALARM,ALM,1,0,0,,!WP1001!WP1002!WP1003!WP1006!WP1007!WP1014!hist14!CP1011,1
2026-07-16 00:07:25.2,1DAS11,IVVH0011,BFP A OUTB BRG     X  VIB,1723,HIABS,HIGH,ALM,1,2.08283,2,MILS,!WP1002!WP1006!WP1007!WP1001!WP1003!WP1014!hist14!CP1008,1
2026-07-16 00:07:25.2,1DAS11,IVVH0021,BFP A OUTB BRG     Y  VIB,1724,HIABS,HIGH,ALM,1,2.22969,2,MILS,!WP1002!WP1006!WP1007!WP1001!WP1003!WP1014!hist14!CP1008,1
2026-07-16 00:07:25.2,1DAS11,IVVH0441,BFP A INB BRG      Y  VIB,1726,HIABS,HIGH,ALM,1,2.30026,2,MILS,!WP1002!WP1006!WP1007!WP1001!WP1003!WP1014!hist14!CP1008,1
2026-07-16 00:07:29.2,1DAS11,IVVH0011,BFP A OUTB BRG     X  VIB,1723,HIABS,HIGH,RTN,1,1.54305,2,MILS,!WP1002!WP1006!WP1007!WP1001!WP1003!WP1014!hist14!CP1008,1
2026-07-16 00:07:31.0,1BFA_GSM_ALM,BFA_ALM12,MARK VIE A BFPT ALARM,,STA_4,BENTLY VIBRATION OK,RTN,1,0,0,,!WP1001!WP1002!WP1003!WP1006!WP1007!WP1014!hist14!CP1011,1
2026-07-16 00:07:31.0,1BFB_GSM_ALM,BFB_ALM12,MARK VIE B BFPT ALARM,,STA_4,BENTLY VIBRATION OK,RTN,1,0,0,,!WP1001!WP1002!WP1003!WP1006!WP1007!WP1014!hist14!CP1011,1
2026-07-16 00:07:31.2,1DAS11,IVVH0021,BFP A OUTB BRG     Y  VIB,1724,HIABS,HIGH,RTN,1,1.05667,2,MILS,!WP1002!WP1006!WP1007!WP1001!WP1003!WP1014!hist14!CP1008,1
2026-07-16 00:07:31.2,1DAS11,IVVH0031,BFP A INB BRG  X  VIB,1725,HIABS,HIGH,RTN,1,1.29318,2,MILS,!WP1002!WP1006!WP1007!WP1001!WP1003!WP1014!hist14!CP1008,1
2026-07-16 00:07:31.2,1DAS11,IVVH0441,BFP A INB BRG      Y  VIB,1726,HIABS,HIGH,RTN,1,0.79918,2,MILS,!WP1002!WP1006!WP1007!WP1001!WP1003!WP1014!hist14!CP1008,1
2026-07-16 00:07:35.2,1DAS11,IVVH0011,BFP A OUTB BRG     X  VIB,1723,HIABS,HIGH,ALM,1,2.11716,2,MILS,!WP1002!WP1006!WP1007!WP1001!WP1003!WP1014!hist14!CP1008,1
2026-07-16 00:07:35.2,1DAS11,IVVH0031,BFP A INB BRG  X  VIB,1725,HIABS,HIGH,ALM,1,2.84958,2,MILS,!WP1002!WP1006!WP1007!WP1001!WP1003!WP1014!hist14!CP1008,1
2026-07-16 00:07:35.2,1DAS11,IVVH0441,BFP A INB BRG      Y  VIB,1726,HIABS,HIGH,ALM,1,2.01035,2,MILS,!WP1002!WP1006!WP1007!WP1001!WP1003!WP1014!hist14!CP1008,1
2026-07-16 00:07:37.6,1MKVIE_ALM2,B1A,MARK VIE A BFPT GENERAL ALARM,,STATE,NORMAL,RTN,1,,,,!WP1001!WP1002!WP1003!WP1006!WP1007!WP1014!hist14!CP1002,1
2026-07-16 00:07:37.6,1MKVIE_ALM2,B2A,MARK VIE B BFPT GENERAL ALARM,,STATE,NORMAL,RTN,1,,,,!WP1001!WP1002!WP1003!WP1006!WP1007!WP1014!hist14!CP1002,1
2026-07-16 00:07:37.0,1BFA_GSM_ALM,BFA_ALM12,MARK VIE A BFPT ALARM,,STA_4,BENTLY VIBRATION ALARM,ALM,1,0,0,,!WP1001!WP1002!WP1003!WP1006!WP1007!WP1014!hist14!CP1011,1
2026-07-16 00:07:37.0,1BFB_GSM_ALM,BFB_ALM12,MARK VIE B BFPT ALARM,,STA_4,BENTLY VIBRATION ALARM,ALM,1,0,0,,!WP1001!WP1002!WP1003!WP1006!WP1007!WP1014!hist14!CP1011,1
2026-07-16 00:07:37.2,1DAS11,IVVH0021,BFP A OUTB BRG     Y  VIB,1724,HIABS,HIGH,ALM,1,2.01607,2,MILS,!WP1002!WP1006!WP1007!WP1001!WP1003!WP1014!hist14!CP1008,1
2026-07-16 00:07:41.2,1DAS11,IVVH0011,BFP A OUTB BRG     X  VIB,1723,HIABS,HIGH,RTN,1,1.6613,2,MILS,!WP1002!WP1006!WP1007!WP1001!WP1003!WP1014!hist14!CP1008,1
2026-07-16 00:07:41.2,1DAS11,IVVH0021,BFP A OUTB BRG     Y  VIB,1724,HIABS,HIGH,RTN,1,1.46294,2,MILS,!WP1002!WP1006!WP1007!WP1001!WP1003!WP1014!hist14!CP1008,1
2026-07-16 00:07:41.2,1DAS11,IVVH0441,BFP A INB BRG      Y  VIB,1726,HIABS,HIGH,RTN,1,1.69373,2,MILS,!WP1002!WP1006!WP1007!WP1001!WP1003!WP1014!hist14!CP1008,1
2026-07-16 00:07:42.5,1BFA_GSM_ALM,BFA_ALM12,MARK VIE A BFPT ALARM,,STA_4,BENTLY VIBRATION OK,RTN,1,0,0,,!WP1001!WP1002!WP1003!WP1006!WP1007!WP1014!hist14!CP1011,1
2026-07-16 00:07:42.5,1BFB_GSM_ALM,BFB_ALM12,MARK VIE B BFPT ALARM,,STA_4,BENTLY VIBRATION OK,RTN,1,0,0,,!WP1001!WP1002!WP1003!WP1006!WP1007!WP1014!hist14!CP1011,1
2026-07-16 00:07:43.2,1DAS11,IVVH0031,BFP A INB BRG  X  VIB,1725,HIABS,HIGH,RTN,1,1.29891,2,MILS,!WP1002!WP1006!WP1007!WP1001!WP1003!WP1014!hist14!CP1008,1
2026-07-16 00:07:47.1,1MKVIE_ALM2,B1A,MARK VIE A BFPT GENERAL ALARM,,STATE,ALARM,ALM,1,,,,!WP1001!WP1002!WP1003!WP1006!WP1007!WP1014!hist14!CP1002,1
2026-07-16 00:07:47.1,1MKVIE_ALM2,B2A,MARK VIE B BFPT GENERAL ALARM,,STATE,ALARM,ALM,1,,,,!WP1001!WP1002!WP1003!WP1006!WP1007!WP1014!hist14!CP1002,1
2026-07-16 00:07:47.2,1DAS11,IVVH0011,BFP A OUTB BRG     X  VIB,1723,HIABS,HIGH,ALM,1,2.09618,2,MILS,!WP1002!WP1006!WP1007!WP1001!WP1003!WP1014!hist14!CP1008,1
2026-07-16 00:07:47.2,1DAS11,IVVH0031,BFP A INB BRG  X  VIB,1725,HIABS,HIGH,ALM,1,3.05367,2,MILS,!WP1002!WP1006!WP1007!WP1001!WP1003!WP1014!hist14!CP1008,1
2026-07-16 00:07:47.2,1DAS11,IVVH0441,BFP A INB BRG      Y  VIB,1726,HIABS,HIGH,ALM,1,2.04849,2,MILS,!WP1002!WP1006!WP1007!WP1001!WP1003!WP1014!hist14!CP1008,1
2026-07-16 00:07:48.5,1BFA_GSM_ALM,BFA_ALM12,MARK VIE A BFPT ALARM,,STA_4,BENTLY VIBRATION ALARM,ALM,1,0,0,,!WP1001!WP1002!WP1003!WP1006!WP1007!WP1014!hist14!CP1011,1
2026-07-16 00:07:48.5,1BFB_GSM_ALM,BFB_ALM12,MARK VIE B BFPT ALARM,,STA_4,BENTLY VIBRATION ALARM,ALM,1,0,0,,!WP1001!WP1002!WP1003!WP1006!WP1007!WP1014!hist14!CP1011,1
2026-07-16 00:07:49.2,1DAS11,IVVH0021,BFP A OUTB BRG     Y  VIB,1724,HIABS,HIGH,ALM,1,2.10762,2,MILS,!WP1002!WP1006!WP1007!WP1001!WP1003!WP1014!hist14!CP1008,1
2026-07-16 00:07:53.0,1BFA_GSM_ALM,BFA_ALM12,MARK VIE A BFPT ALARM,,STA_4,BENTLY VIBRATION OK,RTN,1,0,0,,!WP1001!WP1002!WP1003!WP1006!WP1007!WP1014!hist14!CP1011,1
2026-07-16 00:07:53.0,1BFB_GSM_ALM,BFB_ALM12,MARK VIE B BFPT ALARM,,STA_4,BENTLY VIBRATION OK,RTN,1,0,0,,!WP1001!WP1002!WP1003!WP1006!WP1007!WP1014!hist14!CP1011,1
2026-07-16 00:07:53.2,1DAS11,IVVH0011,BFP A OUTB BRG     X  VIB,1723,HIABS,HIGH,RTN,1,0.995637,2,MILS,!WP1002!WP1006!WP1007!WP1001!WP1003!WP1014!hist14!CP1008,1
2026-07-16 00:07:53.2,1DAS11,IVVH0021,BFP A OUTB BRG     Y  VIB,1724,HIABS,HIGH,RTN,1,0.951768,2,MILS,!WP1002!WP1006!WP1007!WP1001!WP1003!WP1014!hist14!CP1008,1
2026-07-16 00:07:53.2,1DAS11,IVVH0031,BFP A INB BRG  X  VIB,1725,HIABS,HIGH,RTN,1,1.4019,2,MILS,!WP1002!WP1006!WP1007!WP1001!WP1003!WP1014!hist14!CP1008,1
2026-07-16 00:07:53.2,1DAS11,IVVH0441,BFP A INB BRG      Y  VIB,1726,HIABS,HIGH,RTN,1,0.915528,2,MILS,!WP1002!WP1006!WP1007!WP1001!WP1003!WP1014!hist14!CP1008,1
2026-07-16 00:07:59.2,1DAS11,IVVH0021,BFP A OUTB BRG     Y  VIB,1724,HIABS,HIGH,ALM,1,2.37847,2,MILS,!WP1002!WP1006!WP1007!WP1001!WP1003!WP1014!hist14!CP1008,1
2026-07-16 00:07:59.2,1DAS11,IVVH0031,BFP A INB BRG  X  VIB,1725,HIABS,HIGH,ALM,1,3.32833,2,MILS,!WP1002!WP1006!WP1007!WP1001!WP1003!WP1014!hist14!CP1008,1
2026-07-16 00:07:59.2,1DAS11,IVVH0441,BFP A INB BRG      Y  VIB,1726,HIABS,HIGH,ALM,1,2.10762,2,MILS,!WP1002!WP1006!WP1007!WP1001!WP1003!WP1014!hist14!CP1008,1
2026-07-16 00:08:01.0,1BFA_GSM_ALM,BFA_ALM12,MARK VIE A BFPT ALARM,,STA_4,BENTLY VIBRATION ALARM,ALM,1,0,0,,!WP1001!WP1002!WP1003!WP1006!WP1007!WP1014!hist14!CP1011,1
2026-07-16 00:08:01.0,1BFB_GSM_ALM,BFB_ALM12,MARK VIE B BFPT ALARM,,STA_4,BENTLY VIBRATION ALARM,ALM,1,0,0,,!WP1001!WP1002!WP1003!WP1006!WP1007!WP1014!hist14!CP1011,1
2026-07-16 00:08:01.2,1DAS11,IVVH0011,BFP A OUTB BRG     X  VIB,1723,HIABS,HIGH,ALM,1,2.04086,2,MILS,!WP1002!WP1006!WP1007!WP1001!WP1003!WP1014!hist14!CP1008,1
2026-07-16 00:08:03.2,1DAS11,IVVH0011,BFP A OUTB BRG     X  VIB,1723,HIABS,HIGH,RTN,1,1.55831,2,MILS,!WP1002!WP1006!WP1007!WP1001!WP1003!WP1014!hist14!CP1008,1
2026-07-16 00:08:05.0,1BFA_GSM_ALM,BFA_ALM12,MARK VIE A BFPT ALARM,,STA_4,BENTLY VIBRATION OK,RTN,1,0,0,,!WP1001!WP1002!WP1003!WP1006!WP1007!WP1014!hist14!CP1011,1
2026-07-16 00:08:05.0,1BFB_GSM_ALM,BFB_ALM12,MARK VIE B BFPT ALARM,,STA_4,BENTLY VIBRATION OK,RTN,1,0,0,,!WP1001!WP1002!WP1003!WP1006!WP1007!WP1014!hist14!CP1011,1
2026-07-16 00:08:05.2,1DAS11,IVVH0021,BFP A OUTB BRG     Y  VIB,1724,HIABS,HIGH,RTN,1,0.902177,2,MILS,!WP1002!WP1006!WP1007!WP1001!WP1003!WP1014!hist14!CP1008,1
2026-07-16 00:08:05.2,1DAS11,IVVH0031,BFP A INB BRG  X  VIB,1725,HIABS,HIGH,RTN,1,1.25694,2,MILS,!WP1002!WP1006!WP1007!WP1001!WP1003!WP1014!hist14!CP1008,1
2026-07-16 00:08:05.2,1DAS11,IVVH0441,BFP A INB BRG      Y  VIB,1726,HIABS,HIGH,RTN,1,0.766755,2,MILS,!WP1002!WP1006!WP1007!WP1001!WP1003!WP1014!hist14!CP1008,1
2026-07-16 00:08:09.2,1DAS11,IVVH0031,BFP A INB BRG  X  VIB,1725,HIABS,HIGH,ALM,1,2.27738,2,MILS,!WP1002!WP1006!WP1007!WP1001!WP1003!WP1014!hist14!CP1008,1
2026-07-16 00:08:11.2,1DAS11,IVVH0021,BFP A OUTB BRG     Y  VIB,1724,HIABS,HIGH,ALM,1,2.17819,2,MILS,!WP1002!WP1006!WP1007!WP1001!WP1003!WP1014!hist14!CP1008,1
2026-07-16 00:08:11.2,1DAS11,IVVH0441,BFP A INB BRG      Y  VIB,1726,HIABS,HIGH,ALM,1,2.11716,2,MILS,!WP1002!WP1006!WP1007!WP1001!WP1003!WP1014!hist14!CP1008,1
2026-07-16 00:08:12.5,1BFA_GSM_ALM,BFA_ALM12,MARK VIE A BFPT ALARM,,STA_4,BENTLY VIBRATION ALARM,ALM,1,0,0,,!WP1001!WP1002!WP1003!WP1006!WP1007!WP1014!hist14!CP1011,1
2026-07-16 00:08:12.5,1BFB_GSM_ALM,BFB_ALM12,MARK VIE B BFPT ALARM,,STA_4,BENTLY VIBRATION ALARM,ALM,1,0,0,,!WP1001!WP1002!WP1003!WP1006!WP1007!WP1014!hist14!CP1011,1
2026-07-16 00:08:13.2,1DAS11,IVVH0011,BFP A OUTB BRG     X  VIB,1723,HIABS,HIGH,ALM,1,2.11716,2,MILS,!WP1002!WP1006!WP1007!WP1001!WP1003!WP1014!hist14!CP1008,1
2026-07-16 00:08:13.7,1NW_ESP_SMP,NWAI6702B,PRECIP SUMP PMP B DSCH PH,,IOBAD,BAD CHANNEL,RTN,3,,,,!WP1002!WP1011!WP1001!hist14!CP1020,1
2026-07-16 00:08:14.5,1BFA_GSM_ALM,BFA_ALM12,MARK VIE A BFPT ALARM,,STA_4,BENTLY VIBRATION OK,RTN,1,0,0,,!WP1001!WP1002!WP1003!WP1006!WP1007!WP1014!hist14!CP1011,1
2026-07-16 00:08:14.5,1BFB_GSM_ALM,BFB_ALM12,MARK VIE B BFPT ALARM,,STA_4,BENTLY VIBRATION OK,RTN,1,0,0,,!WP1001!WP1002!WP1003!WP1006!WP1007!WP1014!hist14!CP1011,1
2026-07-16 00:08:15.2,1DAS11,IVVH0011,BFP A OUTB BRG     X  VIB,1723,HIABS,HIGH,RTN,1,1.74523,2,MILS,!WP1002!WP1006!WP1007!WP1001!WP1003!WP1014!hist14!CP1008,1
2026-07-16 00:08:15.2,1DAS11,IVVH0441,BFP A INB BRG      Y  VIB,1726,HIABS,HIGH,RTN,1,1.35613,2,MILS,!WP1002!WP1006!WP1007!WP1001!WP1003!WP1014!hist14!CP1008,1
2026-07-16 00:08:17.2,PAC_PLC,ACI_FDR_A_TR,ACI FDR A AC-WIC-5007 TRBLE ALM,,CHANGE,PAC FEEDER A TROUBLE,ALM,1,,,,!WP1001!WP1002!WP1003!WP1006!WP1007!WP1014!hist14!CP1003,1
2026-07-16 00:08:17.2,1DAS11,IVVH0021,BFP A OUTB BRG     Y  VIB,1724,HIABS,HIGH,RTN,1,1.01471,2,MILS,!WP1002!WP1006!WP1007!WP1001!WP1003!WP1014!hist14!CP1008,1
2026-07-16 00:08:17.2,1DAS11,IVVH0031,BFP A INB BRG  X  VIB,1725,HIABS,HIGH,RTN,1,1.25504,2,MILS,!WP1002!WP1006!WP1007!WP1001!WP1003!WP1014!hist14!CP1008,1
2026-07-16 00:08:21.2,1DAS11,IVVH0031,BFP A INB BRG  X  VIB,1725,HIABS,HIGH,ALM,1,3.35121,2,MILS,!WP1002!WP1006!WP1007!WP1001!WP1003!WP1014!hist14!CP1008,1
2026-07-16 00:08:23.0,1BFA_GSM_ALM,BFA_ALM12,MARK VIE A BFPT ALARM,,STA_4,BENTLY VIBRATION ALARM,ALM,1,0,0,,!WP1001!WP1002!WP1003!WP1006!WP1007!WP1014!hist14!CP1011,1
2026-07-16 00:08:23.0,1BFB_GSM_ALM,BFB_ALM12,MARK VIE B BFPT ALARM,,STA_4,BENTLY VIBRATION ALARM,ALM,1,0,0,,!WP1001!WP1002!WP1003!WP1006!WP1007!WP1014!hist14!CP1011,1
2026-07-16 00:08:23.2,1DAS11,IVVH0011,BFP A OUTB BRG     X  VIB,1723,HIABS,HIGH,ALM,1,2.08092,2,MILS,!WP1002!WP1006!WP1007!WP1001!WP1003!WP1014!hist14!CP1008,1
2026-07-16 00:08:23.2,1DAS11,IVVH0021,BFP A OUTB BRG     Y  VIB,1724,HIABS,HIGH,ALM,1,2.03705,2,MILS,!WP1002!WP1006!WP1007!WP1001!WP1003!WP1014!hist14!CP1008,1
2026-07-16 00:08:23.2,1DAS11,IVVH0441,BFP A INB BRG      Y  VIB,1726,HIABS,HIGH,ALM,1,2.50817,2,MILS,!WP1002!WP1006!WP1007!WP1001!WP1003!WP1014!hist14!CP1008,1
2026-07-16 00:08:27.2,PAC_PLC,ACI_FDR_A_TR,ACI FDR A AC-WIC-5007 TRBLE ALM,,CHANGE,PAC FEEDER A TROUBLE,ALM,1,,,,!WP1001!WP1002!WP1003!WP1006!WP1007!WP1014!hist14!CP1003,1
2026-07-16 00:08:27.0,1BFA_GSM_ALM,BFA_ALM12,MARK VIE A BFPT ALARM,,STA_4,BENTLY VIBRATION OK,RTN,1,0,0,,!WP1001!WP1002!WP1003!WP1006!WP1007!WP1014!hist14!CP1011,1
2026-07-16 00:08:27.0,1BFB_GSM_ALM,BFB_ALM12,MARK VIE B BFPT ALARM,,STA_4,BENTLY VIBRATION OK,RTN,1,0,0,,!WP1001!WP1002!WP1003!WP1006!WP1007!WP1014!hist14!CP1011,1
2026-07-16 00:08:27.2,1DAS11,IVVH0011,BFP A OUTB BRG     X  VIB,1723,HIABS,HIGH,RTN,1,0.89264,2,MILS,!WP1002!WP1006!WP1007!WP1001!WP1003!WP1014!hist14!CP1008,1
2026-07-16 00:08:27.2,1DAS11,IVVH0021,BFP A OUTB BRG     Y  VIB,1724,HIABS,HIGH,RTN,1,1.0891,2,MILS,!WP1002!WP1006!WP1007!WP1001!WP1003!WP1014!hist14!CP1008,1
2026-07-16 00:08:27.2,1DAS11,IVVH0031,BFP A INB BRG  X  VIB,1725,HIABS,HIGH,RTN,1,1.4534,2,MILS,!WP1002!WP1006!WP1007!WP1001!WP1003!WP1014!hist14!CP1008,1
2026-07-16 00:08:27.2,1DAS11,IVVH0441,BFP A INB BRG      Y  VIB,1726,HIABS,HIGH,RTN,1,0.911713,2,MILS,!WP1002!WP1006!WP1007!WP1001!WP1003!WP1014!hist14!CP1008,1
2026-07-16 00:08:33.2,1DAS11,IVVH0011,BFP A OUTB BRG     X  VIB,1723,HIABS,HIGH,ALM,1,2.28691,2,MILS,!WP1002!WP1006!WP1007!WP1001!WP1003!WP1014!hist14!CP1008,1
2026-07-16 00:08:33.2,1DAS11,IVVH0021,BFP A OUTB BRG     Y  VIB,1724,HIABS,HIGH,ALM,1,2.35939,2,MILS,!WP1002!WP1006!WP1007!WP1001!WP1003!WP1014!hist14!CP1008,1
2026-07-16 00:08:33.2,1DAS11,IVVH0031,BFP A INB BRG  X  VIB,1725,HIABS,HIGH,ALM,1,3.36075,2,MILS,!WP1002!WP1006!WP1007!WP1001!WP1003!WP1014!hist14!CP1008,1
2026-07-16 00:08:33.2,1DAS11,IVVH0441,BFP A INB BRG      Y  VIB,1726,HIABS,HIGH,ALM,1,2.29263,2,MILS,!WP1002!WP1006!WP1007!WP1001!WP1003!WP1014!hist14!CP1008,1
2026-07-16 00:08:34.5,1BFA_GSM_ALM,BFA_ALM12,MARK VIE A BFPT ALARM,,STA_4,BENTLY VIBRATION ALARM,ALM,1,0,0,,!WP1001!WP1002!WP1003!WP1006!WP1007!WP1014!hist14!CP1011,1
2026-07-16 00:08:34.5,1BFB_GSM_ALM,BFB_ALM12,MARK VIE B BFPT ALARM,,STA_4,BENTLY VIBRATION ALARM,ALM,1,0,0,,!WP1001!WP1002!WP1003!WP1006!WP1007!WP1014!hist14!CP1011,1
2026-07-16 00:08:37.2,1DAS11,IVVH0011,BFP A OUTB BRG     X  VIB,1723,HIABS,HIGH,RTN,1,1.49727,2,MILS,!WP1002!WP1006!WP1007!WP1001!WP1003!WP1014!hist14!CP1008,1
2026-07-16 00:08:37.2,1DAS11,IVVH0441,BFP A INB BRG      Y  VIB,1726,HIABS,HIGH,RTN,1,1.30081,2,MILS,!WP1002!WP1006!WP1007!WP1001!WP1003!WP1014!hist14!CP1008,1
2026-07-16 00:08:38.5,1BFA_GSM_ALM,BFA_ALM12,MARK VIE A BFPT ALARM,,STA_4,BENTLY VIBRATION OK,RTN,1,0,0,,!WP1001!WP1002!WP1003!WP1006!WP1007!WP1014!hist14!CP1011,1
2026-07-16 00:08:38.5,1BFB_GSM_ALM,BFB_ALM12,MARK VIE B BFPT ALARM,,STA_4,BENTLY VIBRATION OK,RTN,1,0,0,,!WP1001!WP1002!WP1003!WP1006!WP1007!WP1014!hist14!CP1011,1
2026-07-16 00:08:39.2,1DAS11,IVVH0021,BFP A OUTB BRG     Y  VIB,1724,HIABS,HIGH,RTN,1,0.934601,2,MILS,!WP1002!WP1006!WP1007!WP1001!WP1003!WP1014!hist14!CP1008,1
2026-07-16 00:08:39.2,1DAS11,IVVH0031,BFP A INB BRG  X  VIB,1725,HIABS,HIGH,RTN,1,1.2722,2,MILS,!WP1002!WP1006!WP1007!WP1001!WP1003!WP1014!hist14!CP1008,1
2026-07-16 00:08:43.2,1DAS11,IVVH0031,BFP A INB BRG  X  VIB,1725,HIABS,HIGH,ALM,1,2.64549,2,MILS,!WP1002!WP1006!WP1007!WP1001!WP1003!WP1014!hist14!CP1008,1
2026-07-16 00:08:45.2,1DAS11,IVVH0011,BFP A OUTB BRG     X  VIB,1723,HIABS,HIGH,ALM,1,2.01035,2,MILS,!WP1002!WP1006!WP1007!WP1001!WP1003!WP1014!hist14!CP1008,1
2026-07-16 00:08:45.2,1DAS11,IVVH0021,BFP A OUTB BRG     Y  VIB,1724,HIABS,HIGH,ALM,1,2.31934,2,MILS,!WP1002!WP1006!WP1007!WP1001!WP1003!WP1014!hist14!CP1008,1
2026-07-16 00:08:45.2,1DAS11,IVVH0441,BFP A INB BRG      Y  VIB,1726,HIABS,HIGH,ALM,1,2.13814,2,MILS,!WP1002!WP1006!WP1007!WP1001!WP1003!WP1014!hist14!CP1008,1
2026-07-16 00:08:47.1,1MKVIE_ALM2,B1A,MARK VIE A BFPT GENERAL ALARM,,STATE,NORMAL,RTN,1,,,,!WP1001!WP1002!WP1003!WP1006!WP1007!WP1014!hist14!CP1002,1
2026-07-16 00:08:47.1,1MKVIE_ALM2,B2A,MARK VIE B BFPT GENERAL ALARM,,STATE,NORMAL,RTN,1,,,,!WP1001!WP1002!WP1003!WP1006!WP1007!WP1014!hist14!CP1002,1
2026-07-16 00:08:47.0,1BFA_GSM_ALM,BFA_ALM12,MARK VIE A BFPT ALARM,,STA_4,BENTLY VIBRATION ALARM,ALM,1,0,0,,!WP1001!WP1002!WP1003!WP1006!WP1007!WP1014!hist14!CP1011,1
2026-07-16 00:08:47.0,1BFB_GSM_ALM,BFB_ALM12,MARK VIE B BFPT ALARM,,STA_4,BENTLY VIBRATION ALARM,ALM,1,0,0,,!WP1001!WP1002!WP1003!WP1006!WP1007!WP1014!hist14!CP1011,1
2026-07-16 00:08:49.0,1BFA_GSM_ALM,BFA_ALM12,MARK VIE A BFPT ALARM,,STA_4,BENTLY VIBRATION OK,RTN,1,0,0,,!WP1001!WP1002!WP1003!WP1006!WP1007!WP1014!hist14!CP1011,1
2026-07-16 00:08:49.0,1BFB_GSM_ALM,BFB_ALM12,MARK VIE B BFPT ALARM,,STA_4,BENTLY VIBRATION OK,RTN,1,0,0,,!WP1001!WP1002!WP1003!WP1006!WP1007!WP1014!hist14!CP1011,1
2026-07-16 00:08:49.2,1DAS11,IVVH0011,BFP A OUTB BRG     X  VIB,1723,HIABS,HIGH,RTN,1,1.69945,2,MILS,!WP1002!WP1006!WP1007!WP1001!WP1003!WP1014!hist14!CP1008,1
2026-07-16 00:08:49.2,1DAS11,IVVH0021,BFP A OUTB BRG     Y  VIB,1724,HIABS,HIGH,RTN,1,1.07002,2,MILS,!WP1002!WP1006!WP1007!WP1001!WP1003!WP1014!hist14!CP1008,1
2026-07-16 00:08:49.2,1DAS11,IVVH0441,BFP A INB BRG      Y  VIB,1726,HIABS,HIGH,RTN,1,1.38283,2,MILS,!WP1002!WP1006!WP1007!WP1001!WP1003!WP1014!hist14!CP1008,1
2026-07-16 00:08:51.2,1DAS11,IVVH0031,BFP A INB BRG  X  VIB,1725,HIABS,HIGH,RTN,1,1.18828,2,MILS,!WP1002!WP1006!WP1007!WP1001!WP1003!WP1014!hist14!CP1008,1
2026-07-16 00:08:55.2,1DAS11,IVVH0031,BFP A INB BRG  X  VIB,1725,HIABS,HIGH,ALM,1,2.47765,2,MILS,!WP1002!WP1006!WP1007!WP1001!WP1003!WP1014!hist14!CP1008,1
2026-07-16 00:08:55.2,1DAS11,IVVH0441,BFP A INB BRG      Y  VIB,1726,HIABS,HIGH,ALM,1,2.0752,2,MILS,!WP1002!WP1006!WP1007!WP1001!WP1003!WP1014!hist14!CP1008,1
2026-07-16 00:08:56.1,1MKVIE_ALM2,B1A,MARK VIE A BFPT GENERAL ALARM,,STATE,ALARM,ALM,1,,,,!WP1001!WP1002!WP1003!WP1006!WP1007!WP1014!hist14!CP1002,1
2026-07-16 00:08:56.1,1MKVIE_ALM2,B2A,MARK VIE B BFPT GENERAL ALARM,,STATE,ALARM,ALM,1,,,,!WP1001!WP1002!WP1003!WP1006!WP1007!WP1014!hist14!CP1002,1
2026-07-16 00:08:57.0,1BFA_GSM_ALM,BFA_ALM12,MARK VIE A BFPT ALARM,,STA_4,BENTLY VIBRATION ALARM,ALM,1,0,0,,!WP1001!WP1002!WP1003!WP1006!WP1007!WP1014!hist14!CP1011,1
2026-07-16 00:08:57.0,1BFB_GSM_ALM,BFB_ALM12,MARK VIE B BFPT ALARM,,STA_4,BENTLY VIBRATION ALARM,ALM,1,0,0,,!WP1001!WP1002!WP1003!WP1006!WP1007!WP1014!hist14!CP1011,1
2026-07-16 00:08:57.2,1DAS11,IVVH0021,BFP A OUTB BRG     Y  VIB,1724,HIABS,HIGH,ALM,1,2.14958,2,MILS,!WP1002!WP1006!WP1007!WP1001!WP1003!WP1014!hist14!CP1008,1
2026-07-16 00:09:00.5,1BFA_GSM_ALM,BFA_ALM12,MARK VIE A BFPT ALARM,,STA_4,BENTLY VIBRATION OK,RTN,1,0,0,,!WP1001!WP1002!WP1003!WP1006!WP1007!WP1014!hist14!CP1011,1
2026-07-16 00:09:00.5,1BFB_GSM_ALM,BFB_ALM12,MARK VIE B BFPT ALARM,,STA_4,BENTLY VIBRATION OK,RTN,1,0,0,,!WP1001!WP1002!WP1003!WP1006!WP1007!WP1014!hist14!CP1011,1
2026-07-16 00:09:01.2,1DAS11,IVVH0021,BFP A OUTB BRG     Y  VIB,1724,HIABS,HIGH,RTN,1,1.10245,2,MILS,!WP1002!WP1006!WP1007!WP1001!WP1003!WP1014!hist14!CP1008,1
2026-07-16 00:09:01.2,1DAS11,IVVH0441,BFP A INB BRG      Y  VIB,1726,HIABS,HIGH,RTN,1,0.79155,2,MILS,!WP1002!WP1006!WP1007!WP1001!WP1003!WP1014!hist14!CP1008,1
2026-07-16 00:09:03.2,1DAS11,IVVH0031,BFP A INB BRG  X  VIB,1725,HIABS,HIGH,RTN,1,1.22452,2,MILS,!WP1002!WP1006!WP1007!WP1001!WP1003!WP1014!hist14!CP1008,1
2026-07-16 00:09:07.2,1DAS11,IVVH0021,BFP A OUTB BRG     Y  VIB,1724,HIABS,HIGH,ALM,1,2.2049,2,MILS,!WP1002!WP1006!WP1007!WP1001!WP1003!WP1014!hist14!CP1008,1
2026-07-16 00:09:07.2,1DAS11,IVVH0031,BFP A INB BRG  X  VIB,1725,HIABS,HIGH,ALM,1,3.29781,2,MILS,!WP1002!WP1006!WP1007!WP1001!WP1003!WP1014!hist14!CP1008,1
2026-07-16 00:09:08.5,1BFA_GSM_ALM,BFA_ALM12,MARK VIE A BFPT ALARM,,STA_4,BENTLY VIBRATION ALARM,ALM,1,0,0,,!WP1001!WP1002!WP1003!WP1006!WP1007!WP1014!hist14!CP1011,1
2026-07-16 00:09:08.5,1BFB_GSM_ALM,BFB_ALM12,MARK VIE B BFPT ALARM,,STA_4,BENTLY VIBRATION ALARM,ALM,1,0,0,,!WP1001!WP1002!WP1003!WP1006!WP1007!WP1014!hist14!CP1011,1
2026-07-16 00:09:09.2,1DAS11,IVVH0441,BFP A INB BRG      Y  VIB,1726,HIABS,HIGH,ALM,1,2.37465,2,MILS,!WP1002!WP1006!WP1007!WP1001!WP1003!WP1014!hist14!CP1008,1
2026-07-16 00:09:13.0,1BFA_GSM_ALM,BFA_ALM12,MARK VIE A BFPT ALARM,,STA_4,BENTLY VIBRATION OK,RTN,1,0,0,,!WP1001!WP1002!WP1003!WP1006!WP1007!WP1014!hist14!CP1011,1
2026-07-16 00:09:13.0,1BFB_GSM_ALM,BFB_ALM12,MARK VIE B BFPT ALARM,,STA_4,BENTLY VIBRATION OK,RTN,1,0,0,,!WP1001!WP1002!WP1003!WP1006!WP1007!WP1014!hist14!CP1011,1
2026-07-16 00:09:13.2,1DAS11,IVVH0021,BFP A OUTB BRG     Y  VIB,1724,HIABS,HIGH,RTN,1,0.942231,2,MILS,!WP1002!WP1006!WP1007!WP1001!WP1003!WP1014!hist14!CP1008,1
2026-07-16 00:09:13.2,1DAS11,IVVH0031,BFP A INB BRG  X  VIB,1725,HIABS,HIGH,RTN,1,1.28555,2,MILS,!WP1002!WP1006!WP1007!WP1001!WP1003!WP1014!hist14!CP1008,1
2026-07-16 00:09:13.2,1DAS11,IVVH0441,BFP A INB BRG      Y  VIB,1726,HIABS,HIGH,RTN,1,0.713349,2,MILS,!WP1002!WP1006!WP1007!WP1001!WP1003!WP1014!hist14!CP1008,1
2026-07-16 00:09:17.2,1DAS11,IVVH0031,BFP A INB BRG  X  VIB,1725,HIABS,HIGH,ALM,1,2.19917,2,MILS,!WP1002!WP1006!WP1007!WP1001!WP1003!WP1014!hist14!CP1008,1
2026-07-16 00:09:19.2,1DAS11,IVVH0021,BFP A OUTB BRG     Y  VIB,1724,HIABS,HIGH,ALM,1,2.22397,2,MILS,!WP1002!WP1006!WP1007!WP1001!WP1003!WP1014!hist14!CP1008,1
2026-07-16 00:09:19.2,1DAS11,IVVH0441,BFP A INB BRG      Y  VIB,1726,HIABS,HIGH,ALM,1,2.29454,2,MILS,!WP1002!WP1006!WP1007!WP1001!WP1003!WP1014!hist14!CP1008,1
2026-07-16 00:09:21.0,1BFA_GSM_ALM,BFA_ALM12,MARK VIE A BFPT ALARM,,STA_4,BENTLY VIBRATION ALARM,ALM,1,0,0,,!WP1001!WP1002!WP1003!WP1006!WP1007!WP1014!hist14!CP1011,1
2026-07-16 00:09:21.0,1BFB_GSM_ALM,BFB_ALM12,MARK VIE B BFPT ALARM,,STA_4,BENTLY VIBRATION ALARM,ALM,1,0,0,,!WP1001!WP1002!WP1003!WP1006!WP1007!WP1014!hist14!CP1011,1
2026-07-16 00:09:23.0,1BFA_GSM_ALM,BFA_ALM12,MARK VIE A BFPT ALARM,,STA_4,BENTLY VIBRATION OK,RTN,1,0,0,,!WP1001!WP1002!WP1003!WP1006!WP1007!WP1014!hist14!CP1011,1
2026-07-16 00:09:23.0,1BFB_GSM_ALM,BFB_ALM12,MARK VIE B BFPT ALARM,,STA_4,BENTLY VIBRATION OK,RTN,1,0,0,,!WP1001!WP1002!WP1003!WP1006!WP1007!WP1014!hist14!CP1011,1
2026-07-16 00:09:23.2,1DAS11,IVVH0021,BFP A OUTB BRG     Y  VIB,1724,HIABS,HIGH,RTN,1,1.4801,2,MILS,!WP1002!WP1006!WP1007!WP1001!WP1003!WP1014!hist14!CP1008,1
2026-07-16 00:09:25.2,1DAS11,IVVH0031,BFP A INB BRG  X  VIB,1725,HIABS,HIGH,RTN,1,1.18637,2,MILS,!WP1002!WP1006!WP1007!WP1001!WP1003!WP1014!hist14!CP1008,1
2026-07-16 00:09:25.2,1DAS11,IVVH0441,BFP A INB BRG      Y  VIB,1726,HIABS,HIGH,RTN,1,0.703812,2,MILS,!WP1002!WP1006!WP1007!WP1001!WP1003!WP1014!hist14!CP1008,1
2026-07-16 00:09:29.2,1DAS11,IVVH0031,BFP A INB BRG  X  VIB,1725,HIABS,HIGH,ALM,1,2.32315,2,MILS,!WP1002!WP1006!WP1007!WP1001!WP1003!WP1014!hist14!CP1008,1
2026-07-16 00:09:30.6,FD_FAN_VIB,A_FAN_VEL_AX,A FD FAN VEL AX,,HIABS,A FD FAN VEL AX HI VIB,ALM,1,3.03469,3,MILS,!WP1001!WP1002!WP1003!WP1006!WP1007!WP1014!hist14!CP1005,1
2026-07-16 00:09:30.5,1BFA_GSM_ALM,BFA_ALM12,MARK VIE A BFPT ALARM,,STA_4,BENTLY VIBRATION ALARM,ALM,1,0,0,,!WP1001!WP1002!WP1003!WP1006!WP1007!WP1014!hist14!CP1011,1
2026-07-16 00:09:30.5,1BFB_GSM_ALM,BFB_ALM12,MARK VIE B BFPT ALARM,,STA_4,BENTLY VIBRATION ALARM,ALM,1,0,0,,!WP1001!WP1002!WP1003!WP1006!WP1007!WP1014!hist14!CP1011,1
2026-07-16 00:09:31.2,1DAS11,IVVH0441,BFP A INB BRG      Y  VIB,1726,HIABS,HIGH,ALM,1,2.1267,2,MILS,!WP1002!WP1006!WP1007!WP1001!WP1003!WP1014!hist14!CP1008,1
2026-07-16 00:09:33.2,1DAS11,IVVH0021,BFP A OUTB BRG     Y  VIB,1724,HIABS,HIGH,ALM,1,2.03514,2,MILS,!WP1002!WP1006!WP1007!WP1001!WP1003!WP1014!hist14!CP1008,1
2026-07-16 00:09:34.5,1BFA_GSM_ALM,BFA_ALM12,MARK VIE A BFPT ALARM,,STA_4,BENTLY VIBRATION OK,RTN,1,0,0,,!WP1001!WP1002!WP1003!WP1006!WP1007!WP1014!hist14!CP1011,1
2026-07-16 00:09:34.5,1BFB_GSM_ALM,BFB_ALM12,MARK VIE B BFPT ALARM,,STA_4,BENTLY VIBRATION OK,RTN,1,0,0,,!WP1001!WP1002!WP1003!WP1006!WP1007!WP1014!hist14!CP1011,1
2026-07-16 00:09:35.2,1DAS11,IVVH0021,BFP A OUTB BRG     Y  VIB,1724,HIABS,HIGH,RTN,1,1.36948,2,MILS,!WP1002!WP1006!WP1007!WP1001!WP1003!WP1014!hist14!CP1008,1
2026-07-16 00:09:35.2,1DAS11,IVVH0031,BFP A INB BRG  X  VIB,1725,HIABS,HIGH,RTN,1,1.32179,2,MILS,!WP1002!WP1006!WP1007!WP1001!WP1003!WP1014!hist14!CP1008,1
2026-07-16 00:09:35.2,1DAS11,IVVH0441,BFP A INB BRG      Y  VIB,1726,HIABS,HIGH,RTN,1,0.768662,2,MILS,!WP1002!WP1006!WP1007!WP1001!WP1003!WP1014!hist14!CP1008,1
2026-07-16 00:09:40.6,FD_FAN_VIB,A_FAN_VEL_AX,A FD FAN VEL AX,,HIABS,A FD FAN VEL AX HI VIB,RTN,1,2.49109,3,MILS,!WP1001!WP1002!WP1003!WP1006!WP1007!WP1014!hist14!CP1005,1
2026-07-16 00:09:41.2,1DAS11,IVVH0021,BFP A OUTB BRG     Y  VIB,1724,HIABS,HIGH,ALM,1,2.15721,2,MILS,!WP1002!WP1006!WP1007!WP1001!WP1003!WP1014!hist14!CP1008,1
2026-07-16 00:09:41.2,1DAS11,IVVH0031,BFP A INB BRG  X  VIB,1725,HIABS,HIGH,ALM,1,3.33214,2,MILS,!WP1002!WP1006!WP1007!WP1001!WP1003!WP1014!hist14!CP1008,1
2026-07-16 00:09:41.2,1DAS11,IVVH0441,BFP A INB BRG      Y  VIB,1726,HIABS,HIGH,ALM,1,2.0771,2,MILS,!WP1002!WP1006!WP1007!WP1001!WP1003!WP1014!hist14!CP1008,1
2026-07-16 00:09:43.0,1BFA_GSM_ALM,BFA_ALM12,MARK VIE A BFPT ALARM,,STA_4,BENTLY VIBRATION ALARM,ALM,1,0,0,,!WP1001!WP1002!WP1003!WP1006!WP1007!WP1014!hist14!CP1011,1
2026-07-16 00:09:43.0,1BFB_GSM_ALM,BFB_ALM12,MARK VIE B BFPT ALARM,,STA_4,BENTLY VIBRATION ALARM,ALM,1,0,0,,!WP1001!WP1002!WP1003!WP1006!WP1007!WP1014!hist14!CP1011,1
2026-07-16 00:09:47.0,1BFA_GSM_ALM,BFA_ALM12,MARK VIE A BFPT ALARM,,STA_4,BENTLY VIBRATION OK,RTN,1,0,0,,!WP1001!WP1002!WP1003!WP1006!WP1007!WP1014!hist14!CP1011,1
2026-07-16 00:09:47.0,1BFB_GSM_ALM,BFB_ALM12,MARK VIE B BFPT ALARM,,STA_4,BENTLY VIBRATION OK,RTN,1,0,0,,!WP1001!WP1002!WP1003!WP1006!WP1007!WP1014!hist14!CP1011,1
2026-07-16 00:09:47.2,1DAS11,IVVH0021,BFP A OUTB BRG     Y  VIB,1724,HIABS,HIGH,RTN,1,1.01471,2,MILS,!WP1002!WP1006!WP1007!WP1001!WP1003!WP1014!hist14!CP1008,1
2026-07-16 00:09:47.2,1DAS11,IVVH0031,BFP A INB BRG  X  VIB,1725,HIABS,HIGH,RTN,1,1.23596,2,MILS,!WP1002!WP1006!WP1007!WP1001!WP1003!WP1014!hist14!CP1008,1
2026-07-16 00:09:47.2,1DAS11,IVVH0441,BFP A INB BRG      Y  VIB,1726,HIABS,HIGH,RTN,1,0.776291,2,MILS,!WP1002!WP1006!WP1007!WP1001!WP1003!WP1014!hist14!CP1008,1
2026-07-16 00:09:48.6,FD_FAN_VIB,A_FAN_VEL_AX,A FD FAN VEL AX,,HIABS,A FD FAN VEL AX HI VIB,ALM,1,3.16156,3,MILS,!WP1001!WP1002!WP1003!WP1006!WP1007!WP1014!hist14!CP1005,1
2026-07-16 00:09:51.2,1DAS11,IVVH0031,BFP A INB BRG  X  VIB,1725,HIABS,HIGH,ALM,1,2.02942,2,MILS,!WP1002!WP1006!WP1007!WP1001!WP1003!WP1014!hist14!CP1008,1
2026-07-16 00:09:53.2,1DAS11,IVVH0021,BFP A OUTB BRG     Y  VIB,1724,HIABS,HIGH,ALM,1,2.09046,2,MILS,!WP1002!WP1006!WP1007!WP1001!WP1003!WP1014!hist14!CP1008,1
2026-07-16 00:09:53.2,1DAS11,IVVH0441,BFP A INB BRG      Y  VIB,1726,HIABS,HIGH,ALM,1,2.04468,2,MILS,!WP1002!WP1006!WP1007!WP1001!WP1003!WP1014!hist14!CP1008,1
2026-07-16 00:09:54.5,1BFA_GSM_ALM,BFA_ALM12,MARK VIE A BFPT ALARM,,STA_4,BENTLY VIBRATION ALARM,ALM,1,0,0,,!WP1001!WP1002!WP1003!WP1006!WP1007!WP1014!hist14!CP1011,1
2026-07-16 00:09:54.5,1BFB_GSM_ALM,BFB_ALM12,MARK VIE B BFPT ALARM,,STA_4,BENTLY VIBRATION ALARM,ALM,1,0,0,,!WP1001!WP1002!WP1003!WP1006!WP1007!WP1014!hist14!CP1011,1
2026-07-16 00:09:56.1,1MKVIE_ALM2,B1A,MARK VIE A BFPT GENERAL ALARM,,STATE,NORMAL,RTN,1,,,,!WP1001!WP1002!WP1003!WP1006!WP1007!WP1014!hist14!CP1002,1
2026-07-16 00:09:56.1,1MKVIE_ALM2,B2A,MARK VIE B BFPT GENERAL ALARM,,STATE,NORMAL,RTN,1,,,,!WP1001!WP1002!WP1003!WP1006!WP1007!WP1014!hist14!CP1002,1
2026-07-16 00:09:57.2,1DAS11,IVVH0021,BFP A OUTB BRG     Y  VIB,1724,HIABS,HIGH,RTN,1,1.54877,2,MILS,!WP1002!WP1006!WP1007!WP1001!WP1003!WP1014!hist14!CP1008,1
2026-07-16 00:09:57.2,1DAS11,IVVH0441,BFP A INB BRG      Y  VIB,1726,HIABS,HIGH,RTN,1,1.22452,2,MILS,!WP1002!WP1006!WP1007!WP1001!WP1003!WP1014!hist14!CP1008,1
2026-07-16 00:09:58.5,1BFA_GSM_ALM,BFA_ALM12,MARK VIE A BFPT ALARM,,STA_4,BENTLY VIBRATION OK,RTN,1,0,0,,!WP1001!WP1002!WP1003!WP1006!WP1007!WP1014!hist14!CP1011,1
2026-07-16 00:09:58.5,1BFB_GSM_ALM,BFB_ALM12,MARK VIE B BFPT ALARM,,STA_4,BENTLY VIBRATION OK,RTN,1,0,0,,!WP1001!WP1002!WP1003!WP1006!WP1007!WP1014!hist14!CP1011,1
2026-07-16 00:09:59.2,1DAS11,IAAH3281,COND PUMP DISCH   SILICA,1233,HIABS,HIGH,RTN,1,9.5,10,ppb,!WP1002!WP1006!WP1007!WP1001!WP1003!WP1014!hist14!CP1008,1
2026-07-16 00:09:59.2,1DAS11,IVVH0031,BFP A INB BRG  X  VIB,1725,HIABS,HIGH,RTN,1,1.2722,2,MILS,!WP1002!WP1006!WP1007!WP1001!WP1003!WP1014!hist14!CP1008,1
2026-07-16 00:10:03.2,1DAS11,IVVH0031,BFP A INB BRG  X  VIB,1725,HIABS,HIGH,ALM,1,3.07656,2,MILS,!WP1002!WP1006!WP1007!WP1001!WP1003!WP1014!hist14!CP1008,1
2026-07-16 00:10:04.1,1MKVIE_ALM2,B1A,MARK VIE A BFPT GENERAL ALARM,,STATE,ALARM,ALM,1,,,,!WP1001!WP1002!WP1003!WP1006!WP1007!WP1014!hist14!CP1002,1
2026-07-16 00:10:04.1,1MKVIE_ALM2,B2A,MARK VIE B BFPT GENERAL ALARM,,STATE,ALARM,ALM,1,,,,!WP1001!WP1002!WP1003!WP1006!WP1007!WP1014!hist14!CP1002,1
2026-07-16 00:10:05.0,1BFA_GSM_ALM,BFA_ALM12,MARK VIE A BFPT ALARM,,STA_4,BENTLY VIBRATION ALARM,ALM,1,0,0,,!WP1001!WP1002!WP1003!WP1006!WP1007!WP1014!hist14!CP1011,1
2026-07-16 00:10:05.0,1BFB_GSM_ALM,BFB_ALM12,MARK VIE B BFPT ALARM,,STA_4,BENTLY VIBRATION ALARM,ALM,1,0,0,,!WP1001!WP1002!WP1003!WP1006!WP1007!WP1014!hist14!CP1011,1
2026-07-16 00:10:05.2,1DAS11,IVVH0021,BFP A OUTB BRG     Y  VIB,1724,HIABS,HIGH,ALM,1,2.15531,2,MILS,!WP1002!WP1006!WP1007!WP1001!WP1003!WP1014!hist14!CP1008,1
2026-07-16 00:10:05.2,1DAS11,IVVH0441,BFP A INB BRG      Y  VIB,1726,HIABS,HIGH,ALM,1,2.08664,2,MILS,!WP1002!WP1006!WP1007!WP1001!WP1003!WP1014!hist14!CP1008,1
2026-07-16 00:10:09.0,1BFA_GSM_ALM,BFA_ALM12,MARK VIE A BFPT ALARM,,STA_4,BENTLY VIBRATION OK,RTN,1,0,0,,!WP1001!WP1002!WP1003!WP1006!WP1007!WP1014!hist14!CP1011,1
2026-07-16 00:10:09.0,1BFB_GSM_ALM,BFB_ALM12,MARK VIE B BFPT ALARM,,STA_4,BENTLY VIBRATION OK,RTN,1,0,0,,!WP1001!WP1002!WP1003!WP1006!WP1007!WP1014!hist14!CP1011,1
2026-07-16 00:10:09.2,1DAS11,IVVH0021,BFP A OUTB BRG     Y  VIB,1724,HIABS,HIGH,RTN,1,1.03569,2,MILS,!WP1002!WP1006!WP1007!WP1001!WP1003!WP1014!hist14!CP1008,1
2026-07-16 00:10:09.2,1DAS11,IVVH0031,BFP A INB BRG  X  VIB,1725,HIABS,HIGH,RTN,1,1.3752,2,MILS,!WP1002!WP1006!WP1007!WP1001!WP1003!WP1014!hist14!CP1008,1
2026-07-16 00:10:09.2,1DAS11,IVVH0441,BFP A INB BRG      Y  VIB,1726,HIABS,HIGH,RTN,1,0.917435,2,MILS,!WP1002!WP1006!WP1007!WP1001!WP1003!WP1014!hist14!CP1008,1
2026-07-16 00:10:15.2,1DAS11,IVVH0011,BFP A OUTB BRG     X  VIB,1723,HIABS,HIGH,ALM,1,2.1801,2,MILS,!WP1002!WP1006!WP1007!WP1001!WP1003!WP1014!hist14!CP1008,1
2026-07-16 00:10:15.2,1DAS11,IVVH0021,BFP A OUTB BRG     Y  VIB,1724,HIABS,HIGH,ALM,1,2.13432,2,MILS,!WP1002!WP1006!WP1007!WP1001!WP1003!WP1014!hist14!CP1008,1
2026-07-16 00:10:15.2,1DAS11,IVVH0031,BFP A INB BRG  X  VIB,1725,HIABS,HIGH,ALM,1,3.43514,2,MILS,!WP1002!WP1006!WP1007!WP1001!WP1003!WP1014!hist14!CP1008,1
2026-07-16 00:10:15.2,1DAS11,IVVH0441,BFP A INB BRG      Y  VIB,1726,HIABS,HIGH,ALM,1,2.06375,2,MILS,!WP1002!WP1006!WP1007!WP1001!WP1003!WP1014!hist14!CP1008,1
2026-07-16 00:10:16.5,1BFA_GSM_ALM,BFA_ALM12,MARK VIE A BFPT ALARM,,STA_4,BENTLY VIBRATION ALARM,ALM,1,0,0,,!WP1001!WP1002!WP1003!WP1006!WP1007!WP1014!hist14!CP1011,1
2026-07-16 00:10:17.0,1BFB_GSM_ALM,BFB_ALM12,MARK VIE B BFPT ALARM,,STA_4,BENTLY VIBRATION ALARM,ALM,1,0,0,,!WP1001!WP1002!WP1003!WP1006!WP1007!WP1014!hist14!CP1011,1
2026-07-16 00:10:20.5,1BFA_GSM_ALM,BFA_ALM12,MARK VIE A BFPT ALARM,,STA_4,BENTLY VIBRATION OK,RTN,1,0,0,,!WP1001!WP1002!WP1003!WP1006!WP1007!WP1014!hist14!CP1011,1
2026-07-16 00:10:20.5,1BFB_GSM_ALM,BFB_ALM12,MARK VIE B BFPT ALARM,,STA_4,BENTLY VIBRATION OK,RTN,1,0,0,,!WP1001!WP1002!WP1003!WP1006!WP1007!WP1014!hist14!CP1011,1
2026-07-16 00:10:21.2,1DAS11,IVVH0011,BFP A OUTB BRG     X  VIB,1723,HIABS,HIGH,RTN,1,0.926972,2,MILS,!WP1002!WP1006!WP1007!WP1001!WP1003!WP1014!hist14!CP1008,1
2026-07-16 00:10:21.2,1DAS11,IVVH0021,BFP A OUTB BRG     Y  VIB,1724,HIABS,HIGH,RTN,1,1.05667,2,MILS,!WP1002!WP1006!WP1007!WP1001!WP1003!WP1014!hist14!CP1008,1
2026-07-16 00:10:21.2,1DAS11,IVVH0031,BFP A INB BRG  X  VIB,1725,HIABS,HIGH,RTN,1,1.30272,2,MILS,!WP1002!WP1006!WP1007!WP1001!WP1003!WP1014!hist14!CP1008,1
2026-07-16 00:10:21.2,1DAS11,IVVH0441,BFP A INB BRG      Y  VIB,1726,HIABS,HIGH,RTN,1,0.812531,2,MILS,!WP1002!WP1006!WP1007!WP1001!WP1003!WP1014!hist14!CP1008,1
2026-07-16 00:10:27.2,1DAS11,IVVH0011,BFP A OUTB BRG     X  VIB,1723,HIABS,HIGH,ALM,1,2.02179,2,MILS,!WP1002!WP1006!WP1007!WP1001!WP1003!WP1014!hist14!CP1008,1
2026-07-16 00:10:27.2,1DAS11,IVVH0031,BFP A INB BRG  X  VIB,1725,HIABS,HIGH,ALM,1,3.70789,2,MILS,!WP1002!WP1006!WP1007!WP1001!WP1003!WP1014!hist14!CP1008,1
2026-07-16 00:10:27.2,1DAS11,IVVH0441,BFP A INB BRG      Y  VIB,1726,HIABS,HIGH,ALM,1,2.26593,2,MILS,!WP1002!WP1006!WP1007!WP1001!WP1003!WP1014!hist14!CP1008,1
2026-07-16 00:10:29.0,1BFA_GSM_ALM,BFA_ALM12,MARK VIE A BFPT ALARM,,STA_4,BENTLY VIBRATION ALARM,ALM,1,0,0,,!WP1001!WP1002!WP1003!WP1006!WP1007!WP1014!hist14!CP1011,1
2026-07-16 00:10:29.0,1BFB_GSM_ALM,BFB_ALM12,MARK VIE B BFPT ALARM,,STA_4,BENTLY VIBRATION ALARM,ALM,1,0,0,,!WP1001!WP1002!WP1003!WP1006!WP1007!WP1014!hist14!CP1011,1
2026-07-16 00:10:29.2,1DAS11,IVVH0021,BFP A OUTB BRG     Y  VIB,1724,HIABS,HIGH,ALM,1,2.20871,2,MILS,!WP1002!WP1006!WP1007!WP1001!WP1003!WP1014!hist14!CP1008,1
2026-07-16 00:10:31.2,1DAS11,IVVH0011,BFP A OUTB BRG     X  VIB,1723,HIABS,HIGH,RTN,1,1.47057,2,MILS,!WP1002!WP1006!WP1007!WP1001!WP1003!WP1014!hist14!CP1008,1
2026-07-16 00:10:31.2,1DAS11,IVVH0441,BFP A INB BRG      Y  VIB,1726,HIABS,HIGH,RTN,1,1.31989,2,MILS,!WP1002!WP1006!WP1007!WP1001!WP1003!WP1014!hist14!CP1008,1
2026-07-16 00:10:33.0,1BFA_GSM_ALM,BFA_ALM12,MARK VIE A BFPT ALARM,,STA_4,BENTLY VIBRATION OK,RTN,1,0,0,,!WP1001!WP1002!WP1003!WP1006!WP1007!WP1014!hist14!CP1011,1
2026-07-16 00:10:33.0,1BFB_GSM_ALM,BFB_ALM12,MARK VIE B BFPT ALARM,,STA_4,BENTLY VIBRATION OK,RTN,1,0,0,,!WP1001!WP1002!WP1003!WP1006!WP1007!WP1014!hist14!CP1011,1
2026-07-16 00:10:33.2,1DAS11,IVVH0021,BFP A OUTB BRG     Y  VIB,1724,HIABS,HIGH,RTN,1,0.89264,2,MILS,!WP1002!WP1006!WP1007!WP1001!WP1003!WP1014!hist14!CP1008,1
2026-07-16 00:10:33.2,1DAS11,IVVH0031,BFP A INB BRG  X  VIB,1725,HIABS,HIGH,RTN,1,1.23406,2,MILS,!WP1002!WP1006!WP1007!WP1001!WP1003!WP1014!hist14!CP1008,1
2026-07-16 00:10:37.0,1TF,B24,TOTAL FUEL MOCS,,LOOUT,LOW AVG MILL LOAD,RTN,5,50.0253,50,%,!WP1001!WP1002!WP1003!WP1006!WP1007!WP1014!hist14!CP1001,1
2026-07-16 00:10:37.2,1DAS11,IVVH0031,BFP A INB BRG  X  VIB,1725,HIABS,HIGH,ALM,1,3.17765,2,MILS,!WP1002!WP1006!WP1007!WP1001!WP1003!WP1014!hist14!CP1008,1
2026-07-16 00:10:38.0,1TF,B24,TOTAL FUEL MOCS,,LOOUT,LOW AVG MILL LOAD,ALM,5,49.9979,50,%,!WP1001!WP1002!WP1003!WP1006!WP1007!WP1014!hist14!CP1001,1
2026-07-16 00:10:39.0,1BFA_GSM_ALM,BFA_ALM12,MARK VIE A BFPT ALARM,,STA_4,BENTLY VIBRATION ALARM,ALM,1,0,0,,!WP1001!WP1002!WP1003!WP1006!WP1007!WP1014!hist14!CP1011,1
2026-07-16 00:10:39.0,1BFB_GSM_ALM,BFB_ALM12,MARK VIE B BFPT ALARM,,STA_4,BENTLY VIBRATION ALARM,ALM,1,0,0,,!WP1001!WP1002!WP1003!WP1006!WP1007!WP1014!hist14!CP1011,1
2026-07-16 00:10:39.2,1DAS11,IVVH0021,BFP A OUTB BRG     Y  VIB,1724,HIABS,HIGH,ALM,1,2.1019,2,MILS,!WP1002!WP1006!WP1007!WP1001!WP1003!WP1014!hist14!CP1008,1
2026-07-16 00:10:39.2,1DAS11,IVVH0441,BFP A INB BRG      Y  VIB,1726,HIABS,HIGH,ALM,1,2.22778,2,MILS,!WP1002!WP1006!WP1007!WP1001!WP1003!WP1014!hist14!CP1008,1
2026-07-16 00:10:42.5,1BFA_GSM_ALM,BFA_ALM12,MARK VIE A BFPT ALARM,,STA_4,BENTLY VIBRATION OK,RTN,1,0,0,,!WP1001!WP1002!WP1003!WP1006!WP1007!WP1014!hist14!CP1011,1
2026-07-16 00:10:42.5,1BFB_GSM_ALM,BFB_ALM12,MARK VIE B BFPT ALARM,,STA_4,BENTLY VIBRATION OK,RTN,1,0,0,,!WP1001!WP1002!WP1003!WP1006!WP1007!WP1014!hist14!CP1011,1
2026-07-16 00:10:43.2,1DAS11,IVVH0021,BFP A OUTB BRG     Y  VIB,1724,HIABS,HIGH,RTN,1,0.982285,2,MILS,!WP1002!WP1006!WP1007!WP1001!WP1003!WP1014!hist14!CP1008,1
2026-07-16 00:10:43.2,1DAS11,IVVH0031,BFP A INB BRG  X  VIB,1725,HIABS,HIGH,RTN,1,1.51634,2,MILS,!WP1002!WP1006!WP1007!WP1001!WP1003!WP1014!hist14!CP1008,1
2026-07-16 00:10:43.2,1DAS11,IVVH0441,BFP A INB BRG      Y  VIB,1726,HIABS,HIGH,RTN,1,1.22452,2,MILS,!WP1002!WP1006!WP1007!WP1001!WP1003!WP1014!hist14!CP1008,1
2026-07-16 00:10:46.5,1TF,B24,TOTAL FUEL MOCS,,LOOUT,LOW AVG MILL LOAD,RTN,5,50.0042,50,%,!WP1001!WP1002!WP1003!WP1006!WP1007!WP1014!hist14!CP1001,1
2026-07-16 00:10:49.2,1DAS11,IVVH0021,BFP A OUTB BRG     Y  VIB,1724,HIABS,HIGH,ALM,1,2.16866,2,MILS,!WP1002!WP1006!WP1007!WP1001!WP1003!WP1014!hist14!CP1008,1
2026-07-16 00:10:49.2,1DAS11,IVVH0031,BFP A INB BRG  X  VIB,1725,HIABS,HIGH,ALM,1,3.1929,2,MILS,!WP1002!WP1006!WP1007!WP1001!WP1003!WP1014!hist14!CP1008,1
2026-07-16 00:10:49.2,1DAS11,IVVH0441,BFP A INB BRG      Y  VIB,1726,HIABS,HIGH,ALM,1,2.19536,2,MILS,!WP1002!WP1006!WP1007!WP1001!WP1003!WP1014!hist14!CP1008,1
2026-07-16 00:10:50.5,1BFA_GSM_ALM,BFA_ALM12,MARK VIE A BFPT ALARM,,STA_4,BENTLY VIBRATION ALARM,ALM,1,0,0,,!WP1001!WP1002!WP1003!WP1006!WP1007!WP1014!hist14!CP1011,1
2026-07-16 00:10:50.5,1BFB_GSM_ALM,BFB_ALM12,MARK VIE B BFPT ALARM,,STA_4,BENTLY VIBRATION ALARM,ALM,1,0,0,,!WP1001!WP1002!WP1003!WP1006!WP1007!WP1014!hist14!CP1011,1
2026-07-16 00:10:51.0,1TF,B24,TOTAL FUEL MOCS,,LOOUT,LOW AVG MILL LOAD,ALM,5,49.9262,50,%,!WP1001!WP1002!WP1003!WP1006!WP1007!WP1014!hist14!CP1001,1
2026-07-16 00:10:55.0,1BFA_GSM_ALM,BFA_ALM12,MARK VIE A BFPT ALARM,,STA_4,BENTLY VIBRATION OK,RTN,1,0,0,,!WP1001!WP1002!WP1003!WP1006!WP1007!WP1014!hist14!CP1011,1
2026-07-16 00:10:55.0,1BFB_GSM_ALM,BFB_ALM12,MARK VIE B BFPT ALARM,,STA_4,BENTLY VIBRATION OK,RTN,1,0,0,,!WP1001!WP1002!WP1003!WP1006!WP1007!WP1014!hist14!CP1011,1
2026-07-16 00:10:55.2,1DAS11,IVVH0021,BFP A OUTB BRG     Y  VIB,1724,HIABS,HIGH,RTN,1,0.902177,2,MILS,!WP1002!WP1006!WP1007!WP1001!WP1003!WP1014!hist14!CP1008,1
2026-07-16 00:10:55.2,1DAS11,IVVH0031,BFP A INB BRG  X  VIB,1725,HIABS,HIGH,RTN,1,1.29128,2,MILS,!WP1002!WP1006!WP1007!WP1001!WP1003!WP1014!hist14!CP1008,1
2026-07-16 00:10:55.2,1DAS11,IVVH0441,BFP A INB BRG      Y  VIB,1726,HIABS,HIGH,RTN,1,0.804902,2,MILS,!WP1002!WP1006!WP1007!WP1001!WP1003!WP1014!hist14!CP1008,1
2026-07-16 00:10:58.0,1TF,B24,TOTAL FUEL MOCS,,LOOUT,LOW AVG MILL LOAD,RTN,5,50.0464,50,%,!WP1001!WP1002!WP1003!WP1006!WP1007!WP1014!hist14!CP1001,1
2026-07-16 00:11:01.2,1DAS11,IVVH0021,BFP A OUTB BRG     Y  VIB,1724,HIABS,HIGH,ALM,1,2.04849,2,MILS,!WP1002!WP1006!WP1007!WP1001!WP1003!WP1014!hist14!CP1008,1
2026-07-16 00:11:01.2,1DAS11,IVVH0031,BFP A INB BRG  X  VIB,1725,HIABS,HIGH,ALM,1,3.50762,2,MILS,!WP1002!WP1006!WP1007!WP1001!WP1003!WP1014!hist14!CP1008,1
2026-07-16 00:11:01.2,1DAS11,IVVH0441,BFP A INB BRG      Y  VIB,1726,HIABS,HIGH,ALM,1,2.2049,2,MILS,!WP1002!WP1006!WP1007!WP1001!WP1003!WP1014!hist14!CP1008,1
2026-07-16 00:11:02.0,1TF,B24,TOTAL FUEL MOCS,,LOOUT,LOW AVG MILL LOAD,ALM,5,49.9217,50,%,!WP1001!WP1002!WP1003!WP1006!WP1007!WP1014!hist14!CP1001,1
2026-07-16 00:11:03.0,1BFA_GSM_ALM,BFA_ALM12,MARK VIE A BFPT ALARM,,STA_4,BENTLY VIBRATION ALARM,ALM,1,0,0,,!WP1001!WP1002!WP1003!WP1006!WP1007!WP1014!hist14!CP1011,1
2026-07-16 00:11:03.0,1BFB_GSM_ALM,BFB_ALM12,MARK VIE B BFPT ALARM,,STA_4,BENTLY VIBRATION ALARM,ALM,1,0,0,,!WP1001!WP1002!WP1003!WP1006!WP1007!WP1014!hist14!CP1011,1
2026-07-16 00:11:04.1,1MKVIE_ALM2,B1A,MARK VIE A BFPT GENERAL ALARM,,STATE,NORMAL,RTN,1,,,,!WP1001!WP1002!WP1003!WP1006!WP1007!WP1014!hist14!CP1002,1
2026-07-16 00:11:04.1,1MKVIE_ALM2,B2A,MARK VIE B BFPT GENERAL ALARM,,STATE,NORMAL,RTN,1,,,,!WP1001!WP1002!WP1003!WP1006!WP1007!WP1014!hist14!CP1002,1
2026-07-16 00:11:05.6,FD_FAN_VIB,A_FAN_VEL_AX,A FD FAN VEL AX,,HIABS,A FD FAN VEL AX HI VIB,RTN,1,2.45969,3,MILS,!WP1001!WP1002!WP1003!WP1006!WP1007!WP1014!hist14!CP1005,1
2026-07-16 00:11:05.0,1BFA_GSM_ALM,BFA_ALM12,MARK VIE A BFPT ALARM,,STA_4,BENTLY VIBRATION OK,RTN,1,0,0,,!WP1001!WP1002!WP1003!WP1006!WP1007!WP1014!hist14!CP1011,1
2026-07-16 00:11:05.0,1BFB_GSM_ALM,BFB_ALM12,MARK VIE B BFPT ALARM,,STA_4,BENTLY VIBRATION OK,RTN,1,0,0,,!WP1001!WP1002!WP1003!WP1006!WP1007!WP1014!hist14!CP1011,1
2026-07-16 00:11:05.2,1DAS11,IVVH0021,BFP A OUTB BRG     Y  VIB,1724,HIABS,HIGH,RTN,1,1.51062,2,MILS,!WP1002!WP1006!WP1007!WP1001!WP1003!WP1014!hist14!CP1008,1
2026-07-16 00:11:06.9,1SCRA_IDSAV,SLPDI5416A,A IDMPR SCR SA PSG TO FG DUCT DP,,LOABS,SCR A IN DMPR SEAL DP LOW (SERV),ALM,5,1.99395,2,INH2O,!hist14!CP1016,2
2026-07-16 00:11:07.2,1DAS11,IVVH0031,BFP A INB BRG  X  VIB,1725,HIABS,HIGH,RTN,1,1.20163,2,MILS,!WP1002!WP1006!WP1007!WP1001!WP1003!WP1014!hist14!CP1008,1
2026-07-16 00:11:07.2,1DAS11,IVVH0441,BFP A INB BRG      Y  VIB,1726,HIABS,HIGH,RTN,1,0.7267,2,MILS,!WP1002!WP1006!WP1007!WP1001!WP1003!WP1014!hist14!CP1008,1
2026-07-16 00:11:09.5,1TF,B24,TOTAL FUEL MOCS,,LOOUT,LOW AVG MILL LOAD,RTN,5,50.0258,50,%,!WP1001!WP1002!WP1003!WP1006!WP1007!WP1014!hist14!CP1001,1
2026-07-16 00:11:11.2,1DAS11,IVVH0031,BFP A INB BRG  X  VIB,1725,HIABS,HIGH,ALM,1,2.48909,2,MILS,!WP1002!WP1006!WP1007!WP1001!WP1003!WP1014!hist14!CP1008,1
2026-07-16 00:11:12.1,1SCRA_IDSAV,SLPDI5416A,A IDMPR SCR SA PSG TO FG DUCT DP,,LOABS,SCR A IN DMPR SEAL DP LOW (SERV),RTN,5,2.21289,2,INH2O,!hist14!CP1016,2
2026-07-16 00:11:12.1,1MKVIE_ALM2,B1A,MARK VIE A BFPT GENERAL ALARM,,STATE,ALARM,ALM,1,,,,!WP1001!WP1002!WP1003!WP1006!WP1007!WP1014!hist14!CP1002,1
2026-07-16 00:11:12.1,1MKVIE_ALM2,B2A,MARK VIE B BFPT GENERAL ALARM,,STATE,ALARM,ALM,1,,,,!WP1001!WP1002!WP1003!WP1006!WP1007!WP1014!hist14!CP1002,1
2026-07-16 00:11:12.5,1BFA_GSM_ALM,BFA_ALM12,MARK VIE A BFPT ALARM,,STA_4,BENTLY VIBRATION ALARM,ALM,1,0,0,,!WP1001!WP1002!WP1003!WP1006!WP1007!WP1014!hist14!CP1011,1
2026-07-16 00:11:12.5,1BFB_GSM_ALM,BFB_ALM12,MARK VIE B BFPT ALARM,,STA_4,BENTLY VIBRATION ALARM,ALM,1,0,0,,!WP1001!WP1002!WP1003!WP1006!WP1007!WP1014!hist14!CP1011,1
2026-07-16 00:11:13.0,1TF,B24,TOTAL FUEL MOCS,,LOOUT,LOW AVG MILL LOAD,ALM,5,49.901,50,%,!WP1001!WP1002!WP1003!WP1006!WP1007!WP1014!hist14!CP1001,1
2026-07-16 00:11:13.2,1DAS11,IVVH0011,BFP A OUTB BRG     X  VIB,1723,HIABS,HIGH,ALM,1,2.00081,2,MILS,!WP1002!WP1006!WP1007!WP1001!WP1003!WP1014!hist14!CP1008,1
2026-07-16 00:11:13.2,1DAS11,IVVH0021,BFP A OUTB BRG     Y  VIB,1724,HIABS,HIGH,ALM,1,2.37465,2,MILS,!WP1002!WP1006!WP1007!WP1001!WP1003!WP1014!hist14!CP1008,1
2026-07-16 00:11:13.2,1DAS11,IVVH0441,BFP A INB BRG      Y  VIB,1726,HIABS,HIGH,ALM,1,2.06375,2,MILS,!WP1002!WP1006!WP1007!WP1001!WP1003!WP1014!hist14!CP1008,1
2026-07-16 00:11:15.2,1DAS11,IVVH0011,BFP A OUTB BRG     X  VIB,1723,HIABS,HIGH,RTN,1,1.66512,2,MILS,!WP1002!WP1006!WP1007!WP1001!WP1003!WP1014!hist14!CP1008,1
2026-07-16 00:11:16.5,1BFA_GSM_ALM,BFA_ALM12,MARK VIE A BFPT ALARM,,STA_4,BENTLY VIBRATION OK,RTN,1,0,0,,!WP1001!WP1002!WP1003!WP1006!WP1007!WP1014!hist14!CP1011,1
2026-07-16 00:11:16.5,1BFB_GSM_ALM,BFB_ALM12,MARK VIE B BFPT ALARM,,STA_4,BENTLY VIBRATION OK,RTN,1,0,0,,!WP1001!WP1002!WP1003!WP1006!WP1007!WP1014!hist14!CP1011,1
2026-07-16 00:11:17.2,1DAS11,IVVH0021,BFP A OUTB BRG     Y  VIB,1724,HIABS,HIGH,RTN,1,1.09673,2,MILS,!WP1002!WP1006!WP1007!WP1001!WP1003!WP1014!hist14!CP1008,1
2026-07-16 00:11:17.2,1DAS11,IVVH0031,BFP A INB BRG  X  VIB,1725,HIABS,HIGH,RTN,1,1.49536,2,MILS,!WP1002!WP1006!WP1007!WP1001!WP1003!WP1014!hist14!CP1008,1
2026-07-16 00:11:17.2,1DAS11,IVVH0441,BFP A INB BRG      Y  VIB,1726,HIABS,HIGH,RTN,1,1.07765,2,MILS,!WP1002!WP1006!WP1007!WP1001!WP1003!WP1014!hist14!CP1008,1
2026-07-16 00:11:21.5,1TF,B24,TOTAL FUEL MOCS,,LOOUT,LOW AVG MILL LOAD,RTN,5,50.0577,50,%,!WP1001!WP1002!WP1003!WP1006!WP1007!WP1014!hist14!CP1001,1
2026-07-16 00:11:23.2,1DAS11,IVVH0011,BFP A OUTB BRG     X  VIB,1723,HIABS,HIGH,ALM,1,2.02561,2,MILS,!WP1002!WP1006!WP1007!WP1001!WP1003!WP1014!hist14!CP1008,1
2026-07-16 00:11:23.2,1DAS11,IVVH0021,BFP A OUTB BRG     Y  VIB,1724,HIABS,HIGH,ALM,1,2.23923,2,MILS,!WP1002!WP1006!WP1007!WP1001!WP1003!WP1014!hist14!CP1008,1
2026-07-16 00:11:23.2,1DAS11,IVVH0031,BFP A INB BRG  X  VIB,1725,HIABS,HIGH,ALM,1,2.99454,2,MILS,!WP1002!WP1006!WP1007!WP1001!WP1003!WP1014!hist14!CP1008,1
2026-07-16 00:11:24.5,1TF,B24,TOTAL FUEL MOCS,,LOOUT,LOW AVG MILL LOAD,ALM,5,49.9543,50,%,!WP1001!WP1002!WP1003!WP1006!WP1007!WP1014!hist14!CP1001,1
2026-07-16 00:11:25.0,1BFA_GSM_ALM,BFA_ALM12,MARK VIE A BFPT ALARM,,STA_4,BENTLY VIBRATION ALARM,ALM,1,0,0,,!WP1001!WP1002!WP1003!WP1006!WP1007!WP1014!hist14!CP1011,1
2026-07-16 00:11:25.0,1BFB_GSM_ALM,BFB_ALM12,MARK VIE B BFPT ALARM,,STA_4,BENTLY VIBRATION ALARM,ALM,1,0,0,,!WP1001!WP1002!WP1003!WP1006!WP1007!WP1014!hist14!CP1011,1
2026-07-16 00:11:25.2,1DAS11,IVVH0441,BFP A INB BRG      Y  VIB,1726,HIABS,HIGH,ALM,1,2.05994,2,MILS,!WP1002!WP1006!WP1007!WP1001!WP1003!WP1014!hist14!CP1008,1
2026-07-16 00:11:29.0,1BFA_GSM_ALM,BFA_ALM12,MARK VIE A BFPT ALARM,,STA_4,BENTLY VIBRATION OK,RTN,1,0,0,,!WP1001!WP1002!WP1003!WP1006!WP1007!WP1014!hist14!CP1011,1
2026-07-16 00:11:29.0,1BFB_GSM_ALM,BFB_ALM12,MARK VIE B BFPT ALARM,,STA_4,BENTLY VIBRATION OK,RTN,1,0,0,,!WP1001!WP1002!WP1003!WP1006!WP1007!WP1014!hist14!CP1011,1
2026-07-16 00:11:29.2,1DAS11,IVVH0011,BFP A OUTB BRG     X  VIB,1723,HIABS,HIGH,RTN,1,0.829697,2,MILS,!WP1002!WP1006!WP1007!WP1001!WP1003!WP1014!hist14!CP1008,1
2026-07-16 00:11:29.2,1DAS11,IVVH0021,BFP A OUTB BRG     Y  VIB,1724,HIABS,HIGH,RTN,1,0.982285,2,MILS,!WP1002!WP1006!WP1007!WP1001!WP1003!WP1014!hist14!CP1008,1
2026-07-16 00:11:29.2,1DAS11,IVVH0031,BFP A INB BRG  X  VIB,1725,HIABS,HIGH,RTN,1,1.36376,2,MILS,!WP1002!WP1006!WP1007!WP1001!WP1003!WP1014!hist14!CP1008,1
2026-07-16 00:11:29.2,1DAS11,IVVH0441,BFP A INB BRG      Y  VIB,1726,HIABS,HIGH,RTN,1,0.711442,2,MILS,!WP1002!WP1006!WP1007!WP1001!WP1003!WP1014!hist14!CP1008,1
2026-07-16 00:11:31.5,1TF,B24,TOTAL FUEL MOCS,,LOOUT,LOW AVG MILL LOAD,RTN,5,50.1211,50,%,!WP1001!WP1002!WP1003!WP1006!WP1007!WP1014!hist14!CP1001,1
2026-07-16 00:11:33.2,1DAS11,IVVH0031,BFP A INB BRG  X  VIB,1725,HIABS,HIGH,ALM,1,2.43187,2,MILS,!WP1002!WP1006!WP1007!WP1001!WP1003!WP1014!hist14!CP1008,1
2026-07-16 00:11:35.2,1DAS11,IVVH0021,BFP A OUTB BRG     Y  VIB,1724,HIABS,HIGH,ALM,1,2.06757,2,MILS,!WP1002!WP1006!WP1007!WP1001!WP1003!WP1014!hist14!CP1008,1
2026-07-16 00:11:35.2,1DAS11,IVVH0441,BFP A INB BRG      Y  VIB,1726,HIABS,HIGH,ALM,1,2.09236,2,MILS,!WP1002!WP1006!WP1007!WP1001!WP1003!WP1014!hist14!CP1008,1
2026-07-16 00:11:36.5,1BFA_GSM_ALM,BFA_ALM12,MARK VIE A BFPT ALARM,,STA_4,BENTLY VIBRATION ALARM,ALM,1,0,0,,!WP1001!WP1002!WP1003!WP1006!WP1007!WP1014!hist14!CP1011,1
2026-07-16 00:11:36.5,1BFB_GSM_ALM,BFB_ALM12,MARK VIE B BFPT ALARM,,STA_4,BENTLY VIBRATION ALARM,ALM,1,0,0,,!WP1001!WP1002!WP1003!WP1006!WP1007!WP1014!hist14!CP1011,1
2026-07-16 00:11:37.0,1TF,B24,TOTAL FUEL MOCS,,LOOUT,LOW AVG MILL LOAD,ALM,5,49.9187,50,%,!WP1001!WP1002!WP1003!WP1006!WP1007!WP1014!hist14!CP1001,1
2026-07-16 00:11:40.5,1BFA_GSM_ALM,BFA_ALM12,MARK VIE A BFPT ALARM,,STA_4,BENTLY VIBRATION OK,RTN,1,0,0,,!WP1001!WP1002!WP1003!WP1006!WP1007!WP1014!hist14!CP1011,1
2026-07-16 00:11:40.5,1BFB_GSM_ALM,BFB_ALM12,MARK VIE B BFPT ALARM,,STA_4,BENTLY VIBRATION OK,RTN,1,0,0,,!WP1001!WP1002!WP1003!WP1006!WP1007!WP1014!hist14!CP1011,1
2026-07-16 00:11:41.2,1DAS11,IVVH0021,BFP A OUTB BRG     Y  VIB,1724,HIABS,HIGH,RTN,1,0.963212,2,MILS,!WP1002!WP1006!WP1007!WP1001!WP1003!WP1014!hist14!CP1008,1
2026-07-16 00:11:41.2,1DAS11,IVVH0031,BFP A INB BRG  X  VIB,1725,HIABS,HIGH,RTN,1,1.11961,2,MILS,!WP1002!WP1006!WP1007!WP1001!WP1003!WP1014!hist14!CP1008,1
2026-07-16 00:11:41.2,1DAS11,IVVH0441,BFP A INB BRG      Y  VIB,1726,HIABS,HIGH,RTN,1,0.69809,2,MILS,!WP1002!WP1006!WP1007!WP1001!WP1003!WP1014!hist14!CP1008,1
2026-07-16 00:11:43.0,1TF,B24,TOTAL FUEL MOCS,,LOOUT,LOW AVG MILL LOAD,RTN,5,50.1044,50,%,!WP1001!WP1002!WP1003!WP1006!WP1007!WP1014!hist14!CP1001,1
2026-07-16 00:11:45.2,1DAS11,IVVH0021,BFP A OUTB BRG     Y  VIB,1724,HIABS,HIGH,ALM,1,2.12288,2,MILS,!WP1002!WP1006!WP1007!WP1001!WP1003!WP1014!hist14!CP1008,1
2026-07-16 00:11:45.2,1DAS11,IVVH0031,BFP A INB BRG  X  VIB,1725,HIABS,HIGH,ALM,1,3.5553,2,MILS,!WP1002!WP1006!WP1007!WP1001!WP1003!WP1014!hist14!CP1008,1
2026-07-16 00:11:47.5,1TF,B24,TOTAL FUEL MOCS,,LOOUT,LOW AVG MILL LOAD,ALM,5,49.9496,50,%,!WP1001!WP1002!WP1003!WP1006!WP1007!WP1014!hist14!CP1001,1
2026-07-16 00:11:47.0,1BFA_GSM_ALM,BFA_ALM12,MARK VIE A BFPT ALARM,,STA_4,BENTLY VIBRATION ALARM,ALM,1,0,0,,!WP1001!WP1002!WP1003!WP1006!WP1007!WP1014!hist14!CP1011,1
2026-07-16 00:11:47.0,1BFB_GSM_ALM,BFB_ALM12,MARK VIE B BFPT ALARM,,STA_4,BENTLY VIBRATION ALARM,ALM,1,0,0,,!WP1001!WP1002!WP1003!WP1006!WP1007!WP1014!hist14!CP1011,1
2026-07-16 00:11:47.2,1DAS11,IVVH0441,BFP A INB BRG      Y  VIB,1726,HIABS,HIGH,ALM,1,2.13623,2,MILS,!WP1002!WP1006!WP1007!WP1001!WP1003!WP1014!hist14!CP1008,1
2026-07-16 00:11:51.0,1BFA_GSM_ALM,BFA_ALM12,MARK VIE A BFPT ALARM,,STA_4,BENTLY VIBRATION OK,RTN,1,0,0,,!WP1001!WP1002!WP1003!WP1006!WP1007!WP1014!hist14!CP1011,1
2026-07-16 00:11:51.0,1BFB_GSM_ALM,BFB_ALM12,MARK VIE B BFPT ALARM,,STA_4,BENTLY VIBRATION OK,RTN,1,0,0,,!WP1001!WP1002!WP1003!WP1006!WP1007!WP1014!hist14!CP1011,1
2026-07-16 00:11:51.2,1DAS11,IVVH0021,BFP A OUTB BRG     Y  VIB,1724,HIABS,HIGH,RTN,1,1.09291,2,MILS,!WP1002!WP1006!WP1007!WP1001!WP1003!WP1014!hist14!CP1008,1
2026-07-16 00:11:51.2,1DAS11,IVVH0031,BFP A INB BRG  X  VIB,1725,HIABS,HIGH,RTN,1,1.37138,2,MILS,!WP1002!WP1006!WP1007!WP1001!WP1003!WP1014!hist14!CP1008,1
2026-07-16 00:11:51.2,1DAS11,IVVH0441,BFP A INB BRG      Y  VIB,1726,HIABS,HIGH,RTN,1,0.894547,2,MILS,!WP1002!WP1006!WP1007!WP1001!WP1003!WP1014!hist14!CP1008,1
2026-07-16 00:11:54.0,1TF,B24,TOTAL FUEL MOCS,,LOOUT,LOW AVG MILL LOAD,RTN,5,50.0262,50,%,!WP1001!WP1002!WP1003!WP1006!WP1007!WP1014!hist14!CP1001,1
2026-07-16 00:11:57.2,1DAS11,IVVH0011,BFP A OUTB BRG     X  VIB,1723,HIABS,HIGH,ALM,1,2.14768,2,MILS,!WP1002!WP1006!WP1007!WP1001!WP1003!WP1014!hist14!CP1008,1
2026-07-16 00:11:57.2,1DAS11,IVVH0021,BFP A OUTB BRG     Y  VIB,1724,HIABS,HIGH,ALM,1,2.11907,2,MILS,!WP1002!WP1006!WP1007!WP1001!WP1003!WP1014!hist14!CP1008,1
2026-07-16 00:11:57.2,1DAS11,IVVH0031,BFP A INB BRG  X  VIB,1725,HIABS,HIGH,ALM,1,3.54004,2,MILS,!WP1002!WP1006!WP1007!WP1001!WP1003!WP1014!hist14!CP1008,1
2026-07-16 00:11:57.2,1DAS11,IVVH0441,BFP A INB BRG      Y  VIB,1726,HIABS,HIGH,ALM,1,2.35176,2,MILS,!WP1002!WP1006!WP1007!WP1001!WP1003!WP1014!hist14!CP1008,1
2026-07-16 00:11:58.0,1TF,B24,TOTAL FUEL MOCS,,LOOUT,LOW AVG MILL LOAD,ALM,5,49.9938,50,%,!WP1001!WP1002!WP1003!WP1006!WP1007!WP1014!hist14!CP1001,1
2026-07-16 00:11:59.0,1BFA_GSM_ALM,BFA_ALM12,MARK VIE A BFPT ALARM,,STA_4,BENTLY VIBRATION ALARM,ALM,1,0,0,,!WP1001!WP1002!WP1003!WP1006!WP1007!WP1014!hist14!CP1011,1
2026-07-16 00:11:59.0,1BFB_GSM_ALM,BFB_ALM12,MARK VIE B BFPT ALARM,,STA_4,BENTLY VIBRATION ALARM,ALM,1,0,0,,!WP1001!WP1002!WP1003!WP1006!WP1007!WP1014!hist14!CP1011,1
2026-07-16 00:12:01.2,1DAS11,IVVH0011,BFP A OUTB BRG     X  VIB,1723,HIABS,HIGH,RTN,1,1.72424,2,MILS,!WP1002!WP1006!WP1007!WP1001!WP1003!WP1014!hist14!CP1008,1
2026-07-16 00:12:02.5,1BFA_GSM_ALM,BFA_ALM12,MARK VIE A BFPT ALARM,,STA_4,BENTLY VIBRATION OK,RTN,1,0,0,,!WP1001!WP1002!WP1003!WP1006!WP1007!WP1014!hist14!CP1011,1
2026-07-16 00:12:02.5,1BFB_GSM_ALM,BFB_ALM12,MARK VIE B BFPT ALARM,,STA_4,BENTLY VIBRATION OK,RTN,1,0,0,,!WP1001!WP1002!WP1003!WP1006!WP1007!WP1014!hist14!CP1011,1
2026-07-16 00:12:03.2,1DAS11,IVVH0021,BFP A OUTB BRG     Y  VIB,1724,HIABS,HIGH,RTN,1,0.877381,2,MILS,!WP1002!WP1006!WP1007!WP1001!WP1003!WP1014!hist14!CP1008,1
2026-07-16 00:12:03.2,1DAS11,IVVH0031,BFP A INB BRG  X  VIB,1725,HIABS,HIGH,RTN,1,1.22261,2,MILS,!WP1002!WP1006!WP1007!WP1001!WP1003!WP1014!hist14!CP1008,1
2026-07-16 00:12:03.2,1DAS11,IVVH0441,BFP A INB BRG      Y  VIB,1726,HIABS,HIGH,RTN,1,0.782014,2,MILS,!WP1002!WP1006!WP1007!WP1001!WP1003!WP1014!hist14!CP1008,1
2026-07-16 00:12:07.5,1TF,B24,TOTAL FUEL MOCS,,LOOUT,LOW AVG MILL LOAD,RTN,5,50.021,50,%,!WP1001!WP1002!WP1003!WP1006!WP1007!WP1014!hist14!CP1001,1
2026-07-16 00:12:08.5,1TF,B24,TOTAL FUEL MOCS,,LOOUT,LOW AVG MILL LOAD,ALM,5,49.9939,50,%,!WP1001!WP1002!WP1003!WP1006!WP1007!WP1014!hist14!CP1001,1
2026-07-16 00:12:09.2,1DAS11,IVVH0031,BFP A INB BRG  X  VIB,1725,HIABS,HIGH,ALM,1,3.54576,2,MILS,!WP1002!WP1006!WP1007!WP1001!WP1003!WP1014!hist14!CP1008,1
2026-07-16 00:12:09.2,1DAS11,IVVH0441,BFP A INB BRG      Y  VIB,1726,HIABS,HIGH,ALM,1,2.25258,2,MILS,!WP1002!WP1006!WP1007!WP1001!WP1003!WP1014!hist14!CP1008,1
2026-07-16 00:12:11.0,1BFA_GSM_ALM,BFA_ALM12,MARK VIE A BFPT ALARM,,STA_4,BENTLY VIBRATION ALARM,ALM,1,0,0,,!WP1001!WP1002!WP1003!WP1006!WP1007!WP1014!hist14!CP1011,1
2026-07-16 00:12:11.0,1BFB_GSM_ALM,BFB_ALM12,MARK VIE B BFPT ALARM,,STA_4,BENTLY VIBRATION ALARM,ALM,1,0,0,,!WP1001!WP1002!WP1003!WP1006!WP1007!WP1014!hist14!CP1011,1
2026-07-16 00:12:12.1,1MKVIE_ALM2,B1A,MARK VIE A BFPT GENERAL ALARM,,STATE,NORMAL,RTN,1,,,,!WP1001!WP1002!WP1003!WP1006!WP1007!WP1014!hist14!CP1002,1
2026-07-16 00:12:12.1,1MKVIE_ALM2,B2A,MARK VIE B BFPT GENERAL ALARM,,STATE,NORMAL,RTN,1,,,,!WP1001!WP1002!WP1003!WP1006!WP1007!WP1014!hist14!CP1002,1
2026-07-16 00:12:13.0,1BFA_GSM_ALM,BFA_ALM12,MARK VIE A BFPT ALARM,,STA_4,BENTLY VIBRATION OK,RTN,1,0,0,,!WP1001!WP1002!WP1003!WP1006!WP1007!WP1014!hist14!CP1011,1
2026-07-16 00:12:13.0,1BFB_GSM_ALM,BFB_ALM12,MARK VIE B BFPT ALARM,,STA_4,BENTLY VIBRATION OK,RTN,1,0,0,,!WP1001!WP1002!WP1003!WP1006!WP1007!WP1014!hist14!CP1011,1
2026-07-16 00:12:13.2,1DAS11,IVVH0441,BFP A INB BRG      Y  VIB,1726,HIABS,HIGH,RTN,1,1.23978,2,MILS,!WP1002!WP1006!WP1007!WP1001!WP1003!WP1014!hist14!CP1008,1
2026-07-16 00:12:15.2,1DAS11,IVVH0031,BFP A INB BRG  X  VIB,1725,HIABS,HIGH,RTN,1,1.17302,2,MILS,!WP1002!WP1006!WP1007!WP1001!WP1003!WP1014!hist14!CP1008,1
2026-07-16 00:12:19.2,1DAS11,IVVH0021,BFP A OUTB BRG     Y  VIB,1724,HIABS,HIGH,ALM,1,2.35176,2,MILS,!WP1002!WP1006!WP1007!WP1001!WP1003!WP1014!hist14!CP1008,1
2026-07-16 00:12:19.2,1DAS11,IVVH0031,BFP A INB BRG  X  VIB,1725,HIABS,HIGH,ALM,1,2.82288,2,MILS,!WP1002!WP1006!WP1007!WP1001!WP1003!WP1014!hist14!CP1008,1
2026-07-16 00:12:20.1,1MKVIE_ALM2,B1A,MARK VIE A BFPT GENERAL ALARM,,STATE,ALARM,ALM,1,,,,!WP1001!WP1002!WP1003!WP1006!WP1007!WP1014!hist14!CP1002,1
2026-07-16 00:12:20.1,1MKVIE_ALM2,B2A,MARK VIE B BFPT GENERAL ALARM,,STATE,ALARM,ALM,1,,,,!WP1001!WP1002!WP1003!WP1006!WP1007!WP1014!hist14!CP1002,1
2026-07-16 00:12:21.0,1BFA_GSM_ALM,BFA_ALM12,MARK VIE A BFPT ALARM,,STA_4,BENTLY VIBRATION ALARM,ALM,1,0,0,,!WP1001!WP1002!WP1003!WP1006!WP1007!WP1014!hist14!CP1011,1
2026-07-16 00:12:21.0,1BFB_GSM_ALM,BFB_ALM12,MARK VIE B BFPT ALARM,,STA_4,BENTLY VIBRATION ALARM,ALM,1,0,0,,!WP1001!WP1002!WP1003!WP1006!WP1007!WP1014!hist14!CP1011,1
2026-07-16 00:12:21.2,1DAS11,IVVH0441,BFP A INB BRG      Y  VIB,1726,HIABS,HIGH,ALM,1,2.38609,2,MILS,!WP1002!WP1006!WP1007!WP1001!WP1003!WP1014!hist14!CP1008,1
2026-07-16 00:12:24.5,1BFA_GSM_ALM,BFA_ALM12,MARK VIE A BFPT ALARM,,STA_4,BENTLY VIBRATION OK,RTN,1,0,0,,!WP1001!WP1002!WP1003!WP1006!WP1007!WP1014!hist14!CP1011,1
2026-07-16 00:12:24.5,1BFB_GSM_ALM,BFB_ALM12,MARK VIE B BFPT ALARM,,STA_4,BENTLY VIBRATION OK,RTN,1,0,0,,!WP1001!WP1002!WP1003!WP1006!WP1007!WP1014!hist14!CP1011,1
2026-07-16 00:12:25.2,1DAS11,IVVH0021,BFP A OUTB BRG     Y  VIB,1724,HIABS,HIGH,RTN,1,0.953675,2,MILS,!WP1002!WP1006!WP1007!WP1001!WP1003!WP1014!hist14!CP1008,1
2026-07-16 00:12:25.2,1DAS11,IVVH0441,BFP A INB BRG      Y  VIB,1726,HIABS,HIGH,RTN,1,0.757218,2,MILS,!WP1002!WP1006!WP1007!WP1001!WP1003!WP1014!hist14!CP1008,1
2026-07-16 00:12:27.2,1DAS11,IVVH0031,BFP A INB BRG  X  VIB,1725,HIABS,HIGH,RTN,1,1.21307,2,MILS,!WP1002!WP1006!WP1007!WP1001!WP1003!WP1014!hist14!CP1008,1
2026-07-16 00:12:31.2,1DAS11,IVVH0011,BFP A OUTB BRG     X  VIB,1723,HIABS,HIGH,ALM,1,2.19155,2,MILS,!WP1002!WP1006!WP1007!WP1001!WP1003!WP1014!hist14!CP1008,1
2026-07-16 00:12:31.2,1DAS11,IVVH0021,BFP A OUTB BRG     Y  VIB,1724,HIABS,HIGH,ALM,1,2.19536,2,MILS,!WP1002!WP1006!WP1007!WP1001!WP1003!WP1014!hist14!CP1008,1
2026-07-16 00:12:31.2,1DAS11,IVVH0031,BFP A INB BRG  X  VIB,1725,HIABS,HIGH,ALM,1,3.54576,2,MILS,!WP1002!WP1006!WP1007!WP1001!WP1003!WP1014!hist14!CP1008,1
2026-07-16 00:12:31.2,1DAS11,IVVH0441,BFP A INB BRG      Y  VIB,1726,HIABS,HIGH,ALM,1,2.44141,2,MILS,!WP1002!WP1006!WP1007!WP1001!WP1003!WP1014!hist14!CP1008,1
2026-07-16 00:12:32.5,1BFA_GSM_ALM,BFA_ALM12,MARK VIE A BFPT ALARM,,STA_4,BENTLY VIBRATION ALARM,ALM,1,0,0,,!WP1001!WP1002!WP1003!WP1006!WP1007!WP1014!hist14!CP1011,1
2026-07-16 00:12:32.5,1BFB_GSM_ALM,BFB_ALM12,MARK VIE B BFPT ALARM,,STA_4,BENTLY VIBRATION ALARM,ALM,1,0,0,,!WP1001!WP1002!WP1003!WP1006!WP1007!WP1014!hist14!CP1011,1
2026-07-16 00:12:35.2,1DAS11,IVVH0011,BFP A OUTB BRG     X  VIB,1723,HIABS,HIGH,RTN,1,1.71662,2,MILS,!WP1002!WP1006!WP1007!WP1001!WP1003!WP1014!hist14!CP1008,1
2026-07-16 00:12:35.2,1DAS11,IVVH0021,BFP A OUTB BRG     Y  VIB,1724,HIABS,HIGH,RTN,1,1.70899,2,MILS,!WP1002!WP1006!WP1007!WP1001!WP1003!WP1014!hist14!CP1008,1
2026-07-16 00:12:37.0,1BFA_GSM_ALM,BFA_ALM12,MARK VIE A BFPT ALARM,,STA_4,BENTLY VIBRATION OK,RTN,1,0,0,,!WP1001!WP1002!WP1003!WP1006!WP1007!WP1014!hist14!CP1011,1
2026-07-16 00:12:37.0,1BFB_GSM_ALM,BFB_ALM12,MARK VIE B BFPT ALARM,,STA_4,BENTLY VIBRATION OK,RTN,1,0,0,,!WP1001!WP1002!WP1003!WP1006!WP1007!WP1014!hist14!CP1011,1
2026-07-16 00:12:37.2,1DAS11,IVVH0031,BFP A INB BRG  X  VIB,1725,HIABS,HIGH,RTN,1,1.20163,2,MILS,!WP1002!WP1006!WP1007!WP1001!WP1003!WP1014!hist14!CP1008,1
2026-07-16 00:12:37.2,1DAS11,IVVH0441,BFP A INB BRG      Y  VIB,1726,HIABS,HIGH,RTN,1,0.738144,2,MILS,!WP1002!WP1006!WP1007!WP1001!WP1003!WP1014!hist14!CP1008,1
2026-07-16 00:12:41.1,1SCRA_IDSAV,SLPDI5416A,A IDMPR SCR SA PSG TO FG DUCT DP,,LOABS,SCR A IN DMPR SEAL DP LOW (SERV),ALM,5,1.99922,2,INH2O,!hist14!CP1016,2
2026-07-16 00:12:41.5,1TF,B24,TOTAL FUEL MOCS,,LOOUT,LOW AVG MILL LOAD,RTN,5,50.0085,50,%,!WP1001!WP1002!WP1003!WP1006!WP1007!WP1014!hist14!CP1001,1
2026-07-16 00:12:42.5,1TF,B24,TOTAL FUEL MOCS,,LOOUT,LOW AVG MILL LOAD,ALM,5,49.9733,50,%,!WP1001!WP1002!WP1003!WP1006!WP1007!WP1014!hist14!CP1001,1
2026-07-16 00:12:43.4,1SCR_B_PRESS,FGPDI5228B,SCR B CAT LAYER 4 DP,1SR114 PNT 4,HHABS,HI HI DP,RTN,1,1.19847,1.7,INH2O,!WP1001!WP1002!WP1003!WP1006!WP1007!WP1014!hist14!CP1016,1
2026-07-16 00:12:43.2,1DAS11,IVVH0011,BFP A OUTB BRG     X  VIB,1723,HIABS,HIGH,ALM,1,2.23541,2,MILS,!WP1002!WP1006!WP1007!WP1001!WP1003!WP1014!hist14!CP1008,1
2026-07-16 00:12:43.2,1DAS11,IVVH0031,BFP A INB BRG  X  VIB,1725,HIABS,HIGH,ALM,1,3.41606,2,MILS,!WP1002!WP1006!WP1007!WP1001!WP1003!WP1014!hist14!CP1008,1
2026-07-16 00:12:43.2,1DAS11,IVVH0441,BFP A INB BRG      Y  VIB,1726,HIABS,HIGH,ALM,1,2.18582,2,MILS,!WP1002!WP1006!WP1007!WP1001!WP1003!WP1014!hist14!CP1008,1
2026-07-16 00:12:45.0,1BFA_GSM_ALM,BFA_ALM12,MARK VIE A BFPT ALARM,,STA_4,BENTLY VIBRATION ALARM,ALM,1,0,0,,!WP1001!WP1002!WP1003!WP1006!WP1007!WP1014!hist14!CP1011,1
2026-07-16 00:12:45.0,1BFB_GSM_ALM,BFB_ALM12,MARK VIE B BFPT ALARM,,STA_4,BENTLY VIBRATION ALARM,ALM,1,0,0,,!WP1001!WP1002!WP1003!WP1006!WP1007!WP1014!hist14!CP1011,1
2026-07-16 00:12:47.0,1BFA_GSM_ALM,BFA_ALM12,MARK VIE A BFPT ALARM,,STA_4,BENTLY VIBRATION OK,RTN,1,0,0,,!WP1001!WP1002!WP1003!WP1006!WP1007!WP1014!hist14!CP1011,1
2026-07-16 00:12:47.0,1BFB_GSM_ALM,BFB_ALM12,MARK VIE B BFPT ALARM,,STA_4,BENTLY VIBRATION OK,RTN,1,0,0,,!WP1001!WP1002!WP1003!WP1006!WP1007!WP1014!hist14!CP1011,1
2026-07-16 00:12:47.2,1DAS11,IVVH0441,BFP A INB BRG      Y  VIB,1726,HIABS,HIGH,RTN,1,1.41144,2,MILS,!WP1002!WP1006!WP1007!WP1001!WP1003!WP1014!hist14!CP1008,1
2026-07-16 00:12:49.2,1DAS11,IVVH0011,BFP A OUTB BRG     X  VIB,1723,HIABS,HIGH,RTN,1,0.722886,2,MILS,!WP1002!WP1006!WP1007!WP1001!WP1003!WP1014!hist14!CP1008,1
2026-07-16 00:12:49.2,1DAS11,IVVH0031,BFP A INB BRG  X  VIB,1725,HIABS,HIGH,RTN,1,1.18828,2,MILS,!WP1002!WP1006!WP1007!WP1001!WP1003!WP1014!hist14!CP1008,1
2026-07-16 00:12:53.2,1DAS11,IVVH0031,BFP A INB BRG  X  VIB,1725,HIABS,HIGH,ALM,1,2.46811,2,MILS,!WP1002!WP1006!WP1007!WP1001!WP1003!WP1014!hist14!CP1008,1
2026-07-16 00:12:54.5,1BFA_GSM_ALM,BFA_ALM12,MARK VIE A BFPT ALARM,,STA_4,BENTLY VIBRATION ALARM,ALM,1,0,0,,!WP1001!WP1002!WP1003!WP1006!WP1007!WP1014!hist14!CP1011,1
2026-07-16 00:12:54.5,1BFB_GSM_ALM,BFB_ALM12,MARK VIE B BFPT ALARM,,STA_4,BENTLY VIBRATION ALARM,ALM,1,0,0,,!WP1001!WP1002!WP1003!WP1006!WP1007!WP1014!hist14!CP1011,1
2026-07-16 00:12:55.2,1DAS11,IVVH0011,BFP A OUTB BRG     X  VIB,1723,HIABS,HIGH,ALM,1,2.0504,2,MILS,!WP1002!WP1006!WP1007!WP1001!WP1003!WP1014!hist14!CP1008,1
2026-07-16 00:12:55.2,1DAS11,IVVH0441,BFP A INB BRG      Y  VIB,1726,HIABS,HIGH,ALM,1,2.22969,2,MILS,!WP1002!WP1006!WP1007!WP1001!WP1003!WP1014!hist14!CP1008,1
2026-07-16 00:12:56.0,1SCRA_IDSAV,SLPDI5416A,A IDMPR SCR SA PSG TO FG DUCT DP,,LOABS,SCR A IN DMPR SEAL DP LOW (SERV),RTN,5,2.21992,2,INH2O,!hist14!CP1016,2
2026-07-16 00:12:57.2,1DAS11,IVVH0011,BFP A OUTB BRG     X  VIB,1723,HIABS,HIGH,RTN,1,1.7376,2,MILS,!WP1002!WP1006!WP1007!WP1001!WP1003!WP1014!hist14!CP1008,1
2026-07-16 00:12:57.2,1DAS11,IVVH0021,BFP A OUTB BRG     Y  VIB,1724,HIABS,HIGH,ALM,1,2.14386,2,MILS,!WP1002!WP1006!WP1007!WP1001!WP1003!WP1014!hist14!CP1008,1
2026-07-16 00:12:58.5,1BFA_GSM_ALM,BFA_ALM12,MARK VIE A BFPT ALARM,,STA_4,BENTLY VIBRATION OK,RTN,1,0,0,,!WP1001!WP1002!WP1003!WP1006!WP1007!WP1014!hist14!CP1011,1
2026-07-16 00:12:58.5,1BFB_GSM_ALM,BFB_ALM12,MARK VIE B BFPT ALARM,,STA_4,BENTLY VIBRATION OK,RTN,1,0,0,,!WP1001!WP1002!WP1003!WP1006!WP1007!WP1014!hist14!CP1011,1
2026-07-16 00:12:59.1,FD_FAN_VIB,A_FAN_VEL_AX,A FD FAN VEL AX,,HIABS,A FD FAN VEL AX HI VIB,ALM,1,3.01859,3,MILS,!WP1001!WP1002!WP1003!WP1006!WP1007!WP1014!hist14!CP1005,1
2026-07-16 00:12:59.2,1DAS11,IVVH0021,BFP A OUTB BRG     Y  VIB,1724,HIABS,HIGH,RTN,1,1.15204,2,MILS,!WP1002!WP1006!WP1007!WP1001!WP1003!WP1014!hist14!CP1008,1
2026-07-16 00:12:59.2,1DAS11,IVVH0441,BFP A INB BRG      Y  VIB,1726,HIABS,HIGH,RTN,1,0.774384,2,MILS,!WP1002!WP1006!WP1007!WP1001!WP1003!WP1014!hist14!CP1008,1
2026-07-16 00:13:01.2,1DAS11,IVVH0031,BFP A INB BRG  X  VIB,1725,HIABS,HIGH,RTN,1,1.19209,2,MILS,!WP1002!WP1006!WP1007!WP1001!WP1003!WP1014!hist14!CP1008,1
2026-07-16 00:13:04.5,1TF,B24,TOTAL FUEL MOCS,,LOOUT,LOW AVG MILL LOAD,RTN,5,50.0086,50,%,!WP1001!WP1002!WP1003!WP1006!WP1007!WP1014!hist14!CP1001,1
2026-07-16 00:13:05.5,1TF,B24,TOTAL FUEL MOCS,,LOOUT,LOW AVG MILL LOAD,ALM,5,49.9676,50,%,!WP1001!WP1002!WP1003!WP1006!WP1007!WP1014!hist14!CP1001,1
2026-07-16 00:13:05.2,1DAS11,IVVH0021,BFP A OUTB BRG     Y  VIB,1724,HIABS,HIGH,ALM,1,2.56539,2,MILS,!WP1002!WP1006!WP1007!WP1001!WP1003!WP1014!hist14!CP1008,1
2026-07-16 00:13:05.2,1DAS11,IVVH0031,BFP A INB BRG  X  VIB,1725,HIABS,HIGH,ALM,1,3.40843,2,MILS,!WP1002!WP1006!WP1007!WP1001!WP1003!WP1014!hist14!CP1008,1
2026-07-16 00:13:05.2,1DAS11,IVVH0441,BFP A INB BRG      Y  VIB,1726,HIABS,HIGH,ALM,1,2.20108,2,MILS,!WP1002!WP1006!WP1007!WP1001!WP1003!WP1014!hist14!CP1008,1
2026-07-16 00:13:07.0,1BFA_GSM_ALM,BFA_ALM12,MARK VIE A BFPT ALARM,,STA_4,BENTLY VIBRATION ALARM,ALM,1,0,0,,!WP1001!WP1002!WP1003!WP1006!WP1007!WP1014!hist14!CP1011,1
2026-07-16 00:13:07.0,1BFB_GSM_ALM,BFB_ALM12,MARK VIE B BFPT ALARM,,STA_4,BENTLY VIBRATION ALARM,ALM,1,0,0,,!WP1001!WP1002!WP1003!WP1006!WP1007!WP1014!hist14!CP1011,1
2026-07-16 00:13:07.2,1DAS11,IVVH0011,BFP A OUTB BRG     X  VIB,1723,HIABS,HIGH,ALM,1,2.08092,2,MILS,!WP1002!WP1006!WP1007!WP1001!WP1003!WP1014!hist14!CP1008,1
2026-07-16 00:13:11.0,1BFA_GSM_ALM,BFA_ALM12,MARK VIE A BFPT ALARM,,STA_4,BENTLY VIBRATION OK,RTN,1,0,0,,!WP1001!WP1002!WP1003!WP1006!WP1007!WP1014!hist14!CP1011,1
2026-07-16 00:13:11.0,1BFB_GSM_ALM,BFB_ALM12,MARK VIE B BFPT ALARM,,STA_4,BENTLY VIBRATION OK,RTN,1,0,0,,!WP1001!WP1002!WP1003!WP1006!WP1007!WP1014!hist14!CP1011,1
2026-07-16 00:13:11.2,1DAS11,IVVH0011,BFP A OUTB BRG     X  VIB,1723,HIABS,HIGH,RTN,1,0.837327,2,MILS,!WP1002!WP1006!WP1007!WP1001!WP1003!WP1014!hist14!CP1008,1
2026-07-16 00:13:11.2,1DAS11,IVVH0021,BFP A OUTB BRG     Y  VIB,1724,HIABS,HIGH,RTN,1,1.01662,2,MILS,!WP1002!WP1006!WP1007!WP1001!WP1003!WP1014!hist14!CP1008,1
2026-07-16 00:13:11.2,1DAS11,IVVH0031,BFP A INB BRG  X  VIB,1725,HIABS,HIGH,RTN,1,1.3752,2,MILS,!WP1002!WP1006!WP1007!WP1001!WP1003!WP1014!hist14!CP1008,1
2026-07-16 00:13:11.2,1DAS11,IVVH0441,BFP A INB BRG      Y  VIB,1726,HIABS,HIGH,RTN,1,0.852585,2,MILS,!WP1002!WP1006!WP1007!WP1001!WP1003!WP1014!hist14!CP1008,1
2026-07-16 00:13:17.2,1DAS11,IVVH0011,BFP A OUTB BRG     X  VIB,1723,HIABS,HIGH,ALM,1,2.00081,2,MILS,!WP1002!WP1006!WP1007!WP1001!WP1003!WP1014!hist14!CP1008,1
2026-07-16 00:13:17.2,1DAS11,IVVH0021,BFP A OUTB BRG     Y  VIB,1724,HIABS,HIGH,ALM,1,2.00653,2,MILS,!WP1002!WP1006!WP1007!WP1001!WP1003!WP1014!hist14!CP1008,1
2026-07-16 00:13:17.2,1DAS11,IVVH0031,BFP A INB BRG  X  VIB,1725,HIABS,HIGH,ALM,1,3.29209,2,MILS,!WP1002!WP1006!WP1007!WP1001!WP1003!WP1014!hist14!CP1008,1
2026-07-16 00:13:17.2,1DAS11,IVVH0441,BFP A INB BRG      Y  VIB,1726,HIABS,HIGH,ALM,1,2.10953,2,MILS,!WP1002!WP1006!WP1007!WP1001!WP1003!WP1014!hist14!CP1008,1
2026-07-16 00:13:18.5,1BFA_GSM_ALM,BFA_ALM12,MARK VIE A BFPT ALARM,,STA_4,BENTLY VIBRATION ALARM,ALM,1,0,0,,!WP1001!WP1002!WP1003!WP1006!WP1007!WP1014!hist14!CP1011,1
2026-07-16 00:13:18.5,1BFB_GSM_ALM,BFB_ALM12,MARK VIE B BFPT ALARM,,STA_4,BENTLY VIBRATION ALARM,ALM,1,0,0,,!WP1001!WP1002!WP1003!WP1006!WP1007!WP1014!hist14!CP1011,1
2026-07-16 00:13:19.2,1DAS11,IVVH0011,BFP A OUTB BRG     X  VIB,1723,HIABS,HIGH,RTN,1,1.7395,2,MILS,!WP1002!WP1006!WP1007!WP1001!WP1003!WP1014!hist14!CP1008,1
2026-07-16 00:13:20.4,1SCRA_IDSAV,SLPDI5416A,A IDMPR SCR SA PSG TO FG DUCT DP,,LOABS,SCR A IN DMPR SEAL DP LOW (SERV),ALM,5,1.9873,2,INH2O,!hist14!CP1016,2
2026-07-16 00:13:20.1,1MKVIE_ALM2,B1A,MARK VIE A BFPT GENERAL ALARM,,STATE,NORMAL,RTN,1,,,,!WP1001!WP1002!WP1003!WP1006!WP1007!WP1014!hist14!CP1002,1
2026-07-16 00:13:20.1,1MKVIE_ALM2,B2A,MARK VIE B BFPT GENERAL ALARM,,STATE,NORMAL,RTN,1,,,,!WP1001!WP1002!WP1003!WP1006!WP1007!WP1014!hist14!CP1002,1
2026-07-16 00:13:20.5,1BFA_GSM_ALM,BFA_ALM12,MARK VIE A BFPT ALARM,,STA_4,BENTLY VIBRATION OK,RTN,1,0,0,,!WP1001!WP1002!WP1003!WP1006!WP1007!WP1014!hist14!CP1011,1
2026-07-16 00:13:20.5,1BFB_GSM_ALM,BFB_ALM12,MARK VIE B BFPT ALARM,,STA_4,BENTLY VIBRATION OK,RTN,1,0,0,,!WP1001!WP1002!WP1003!WP1006!WP1007!WP1014!hist14!CP1011,1
2026-07-16 00:13:21.2,1DAS11,IVVH0021,BFP A OUTB BRG     Y  VIB,1724,HIABS,HIGH,RTN,1,1.48583,2,MILS,!WP1002!WP1006!WP1007!WP1001!WP1003!WP1014!hist14!CP1008,1
2026-07-16 00:13:21.2,1DAS11,IVVH0441,BFP A INB BRG      Y  VIB,1726,HIABS,HIGH,RTN,1,1.04523,2,MILS,!WP1002!WP1006!WP1007!WP1001!WP1003!WP1014!hist14!CP1008,1
2026-07-16 00:13:23.2,1DAS11,IVVH0031,BFP A INB BRG  X  VIB,1725,HIABS,HIGH,RTN,1,1.18637,2,MILS,!WP1002!WP1006!WP1007!WP1001!WP1003!WP1014!hist14!CP1008,1
2026-07-16 00:13:25.4,1SCRA_IDSAV,SLPDI5416A,A IDMPR SCR SA PSG TO FG DUCT DP,,LOABS,SCR A IN DMPR SEAL DP LOW (SERV),RTN,5,2.21113,2,INH2O,!hist14!CP1016,2
2026-07-16 00:13:25.5,1TF,B24,TOTAL FUEL MOCS,,LOOUT,LOW AVG MILL LOAD,RTN,5,50.1414,50,%,!WP1001!WP1002!WP1003!WP1006!WP1007!WP1014!hist14!CP1001,1
2026-07-16 00:13:27.2,1DAS11,IVVH0031,BFP A INB BRG  X  VIB,1725,HIABS,HIGH,ALM,1,3.29018,2,MILS,!WP1002!WP1006!WP1007!WP1001!WP1003!WP1014!hist14!CP1008,1
2026-07-16 00:13:28.1,1MKVIE_ALM2,B1A,MARK VIE A BFPT GENERAL ALARM,,STATE,ALARM,ALM,1,,,,!WP1001!WP1002!WP1003!WP1006!WP1007!WP1014!hist14!CP1002,1
2026-07-16 00:13:28.1,1MKVIE_ALM2,B2A,MARK VIE B BFPT GENERAL ALARM,,STATE,ALARM,ALM,1,,,,!WP1001!WP1002!WP1003!WP1006!WP1007!WP1014!hist14!CP1002,1
2026-07-16 00:13:29.0,1BFA_GSM_ALM,BFA_ALM12,MARK VIE A BFPT ALARM,,STA_4,BENTLY VIBRATION ALARM,ALM,1,0,0,,!WP1001!WP1002!WP1003!WP1006!WP1007!WP1014!hist14!CP1011,1
2026-07-16 00:13:29.0,1BFB_GSM_ALM,BFB_ALM12,MARK VIE B BFPT ALARM,,STA_4,BENTLY VIBRATION ALARM,ALM,1,0,0,,!WP1001!WP1002!WP1003!WP1006!WP1007!WP1014!hist14!CP1011,1
2026-07-16 00:13:29.2,1DAS11,IVVH0021,BFP A OUTB BRG     Y  VIB,1724,HIABS,HIGH,ALM,1,2.30217,2,MILS,!WP1002!WP1006!WP1007!WP1001!WP1003!WP1014!hist14!CP1008,1
2026-07-16 00:13:29.2,1DAS11,IVVH0441,BFP A INB BRG      Y  VIB,1726,HIABS,HIGH,ALM,1,2.19727,2,MILS,!WP1002!WP1006!WP1007!WP1001!WP1003!WP1014!hist14!CP1008,1
2026-07-16 00:13:31.2,1DAS11,IVVH0011,BFP A OUTB BRG     X  VIB,1723,HIABS,HIGH,ALM,1,2.05994,2,MILS,!WP1002!WP1006!WP1007!WP1001!WP1003!WP1014!hist14!CP1008,1
2026-07-16 00:13:33.0,1BFA_GSM_ALM,BFA_ALM12,MARK VIE A BFPT ALARM,,STA_4,BENTLY VIBRATION OK,RTN,1,0,0,,!WP1001!WP1002!WP1003!WP1006!WP1007!WP1014!hist14!CP1011,1
2026-07-16 00:13:33.0,1BFB_GSM_ALM,BFB_ALM12,MARK VIE B BFPT ALARM,,STA_4,BENTLY VIBRATION OK,RTN,1,0,0,,!WP1001!WP1002!WP1003!WP1006!WP1007!WP1014!hist14!CP1011,1
2026-07-16 00:13:33.2,1DAS11,IVVH0011,BFP A OUTB BRG     X  VIB,1723,HIABS,HIGH,RTN,1,0.833512,2,MILS,!WP1002!WP1006!WP1007!WP1001!WP1003!WP1014!hist14!CP1008,1
2026-07-16 00:13:33.2,1DAS11,IVVH0021,BFP A OUTB BRG     Y  VIB,1724,HIABS,HIGH,RTN,1,1.02043,2,MILS,!WP1002!WP1006!WP1007!WP1001!WP1003!WP1014!hist14!CP1008,1
2026-07-16 00:13:33.2,1DAS11,IVVH0031,BFP A INB BRG  X  VIB,1725,HIABS,HIGH,RTN,1,1.52588,2,MILS,!WP1002!WP1006!WP1007!WP1001!WP1003!WP1014!hist14!CP1008,1
2026-07-16 00:13:33.2,1DAS11,IVVH0441,BFP A INB BRG      Y  VIB,1726,HIABS,HIGH,RTN,1,1.25313,2,MILS,!WP1002!WP1006!WP1007!WP1001!WP1003!WP1014!hist14!CP1008,1
2026-07-16 00:13:39.2,1DAS11,IVVH0011,BFP A OUTB BRG     X  VIB,1723,HIABS,HIGH,ALM,1,2.11716,2,MILS,!WP1002!WP1006!WP1007!WP1001!WP1003!WP1014!hist14!CP1008,1
2026-07-16 00:13:39.2,1DAS11,IVVH0021,BFP A OUTB BRG     Y  VIB,1724,HIABS,HIGH,ALM,1,2.25067,2,MILS,!WP1002!WP1006!WP1007!WP1001!WP1003!WP1014!hist14!CP1008,1
2026-07-16 00:13:39.2,1DAS11,IVVH0031,BFP A INB BRG  X  VIB,1725,HIABS,HIGH,ALM,1,3.40271,2,MILS,!WP1002!WP1006!WP1007!WP1001!WP1003!WP1014!hist14!CP1008,1
2026-07-16 00:13:39.2,1DAS11,IVVH0441,BFP A INB BRG      Y  VIB,1726,HIABS,HIGH,ALM,1,2.08092,2,MILS,!WP1002!WP1006!WP1007!WP1001!WP1003!WP1014!hist14!CP1008,1
2026-07-16 00:13:41.0,1BFA_GSM_ALM,BFA_ALM12,MARK VIE A BFPT ALARM,,STA_4,BENTLY VIBRATION ALARM,ALM,1,0,0,,!WP1001!WP1002!WP1003!WP1006!WP1007!WP1014!hist14!CP1011,1
2026-07-16 00:13:41.0,1BFB_GSM_ALM,BFB_ALM12,MARK VIE B BFPT ALARM,,STA_4,BENTLY VIBRATION ALARM,ALM,1,0,0,,!WP1001!WP1002!WP1003!WP1006!WP1007!WP1014!hist14!CP1011,1
2026-07-16 00:13:44.5,1BFA_GSM_ALM,BFA_ALM12,MARK VIE A BFPT ALARM,,STA_4,BENTLY VIBRATION OK,RTN,1,0,0,,!WP1001!WP1002!WP1003!WP1006!WP1007!WP1014!hist14!CP1011,1
2026-07-16 00:13:44.5,1BFB_GSM_ALM,BFB_ALM12,MARK VIE B BFPT ALARM,,STA_4,BENTLY VIBRATION OK,RTN,1,0,0,,!WP1001!WP1002!WP1003!WP1006!WP1007!WP1014!hist14!CP1011,1
2026-07-16 00:13:45.2,1DAS11,IVVH0011,BFP A OUTB BRG     X  VIB,1723,HIABS,HIGH,RTN,1,0.881196,2,MILS,!WP1002!WP1006!WP1007!WP1001!WP1003!WP1014!hist14!CP1008,1
2026-07-16 00:13:45.2,1DAS11,IVVH0021,BFP A OUTB BRG     Y  VIB,1724,HIABS,HIGH,RTN,1,1.04332,2,MILS,!WP1002!WP1006!WP1007!WP1001!WP1003!WP1014!hist14!CP1008,1
2026-07-16 00:13:45.2,1DAS11,IVVH0031,BFP A INB BRG  X  VIB,1725,HIABS,HIGH,RTN,1,1.33324,2,MILS,!WP1002!WP1006!WP1007!WP1001!WP1003!WP1014!hist14!CP1008,1
2026-07-16 00:13:45.2,1DAS11,IVVH0441,BFP A INB BRG      Y  VIB,1726,HIABS,HIGH,RTN,1,0.717164,2,MILS,!WP1002!WP1006!WP1007!WP1001!WP1003!WP1014!hist14!CP1008,1
2026-07-16 00:13:49.2,1DAS11,IVVH0031,BFP A INB BRG  X  VIB,1725,HIABS,HIGH,ALM,1,2.76375,2,MILS,!WP1002!WP1006!WP1007!WP1001!WP1003!WP1014!hist14!CP1008,1
2026-07-16 00:13:51.2,1DAS11,IVVH0021,BFP A OUTB BRG     Y  VIB,1724,HIABS,HIGH,ALM,1,2.28882,2,MILS,!WP1002!WP1006!WP1007!WP1001!WP1003!WP1014!hist14!CP1008,1
2026-07-16 00:13:53.0,1BFA_GSM_ALM,BFA_ALM12,MARK VIE A BFPT ALARM,,STA_4,BENTLY VIBRATION ALARM,ALM,1,0,0,,!WP1001!WP1002!WP1003!WP1006!WP1007!WP1014!hist14!CP1011,1
2026-07-16 00:13:53.0,1BFB_GSM_ALM,BFB_ALM12,MARK VIE B BFPT ALARM,,STA_4,BENTLY VIBRATION ALARM,ALM,1,0,0,,!WP1001!WP1002!WP1003!WP1006!WP1007!WP1014!hist14!CP1011,1
2026-07-16 00:13:53.2,1DAS11,IVVH0441,BFP A INB BRG      Y  VIB,1726,HIABS,HIGH,ALM,1,2.25449,2,MILS,!WP1002!WP1006!WP1007!WP1001!WP1003!WP1014!hist14!CP1008,1
2026-07-16 00:13:55.0,1BFA_GSM_ALM,BFA_ALM12,MARK VIE A BFPT ALARM,,STA_4,BENTLY VIBRATION OK,RTN,1,0,0,,!WP1001!WP1002!WP1003!WP1006!WP1007!WP1014!hist14!CP1011,1
2026-07-16 00:13:55.0,1BFB_GSM_ALM,BFB_ALM12,MARK VIE B BFPT ALARM,,STA_4,BENTLY VIBRATION OK,RTN,1,0,0,,!WP1001!WP1002!WP1003!WP1006!WP1007!WP1014!hist14!CP1011,1
2026-07-16 00:13:55.2,1DAS11,IVVH0021,BFP A OUTB BRG     Y  VIB,1724,HIABS,HIGH,RTN,1,1.4801,2,MILS,!WP1002!WP1006!WP1007!WP1001!WP1003!WP1014!hist14!CP1008,1
2026-07-16 00:13:57.2,1DAS11,IVVH0031,BFP A INB BRG  X  VIB,1725,HIABS,HIGH,RTN,1,1.22452,2,MILS,!WP1002!WP1006!WP1007!WP1001!WP1003!WP1014!hist14!CP1008,1
2026-07-16 00:13:57.2,1DAS11,IVVH0441,BFP A INB BRG      Y  VIB,1726,HIABS,HIGH,RTN,1,0.719071,2,MILS,!WP1002!WP1006!WP1007!WP1001!WP1003!WP1014!hist14!CP1008,1
2026-07-16 00:14:01.2,1DAS11,IVVH0011,BFP A OUTB BRG     X  VIB,1723,HIABS,HIGH,ALM,1,2.13623,2,MILS,!WP1002!WP1006!WP1007!WP1001!WP1003!WP1014!hist14!CP1008,1
2026-07-16 00:14:01.2,1DAS11,IVVH0021,BFP A OUTB BRG     Y  VIB,1724,HIABS,HIGH,ALM,1,2.16103,2,MILS,!WP1002!WP1006!WP1007!WP1001!WP1003!WP1014!hist14!CP1008,1
2026-07-16 00:14:01.2,1DAS11,IVVH0031,BFP A INB BRG  X  VIB,1725,HIABS,HIGH,ALM,1,3.60298,2,MILS,!WP1002!WP1006!WP1007!WP1001!WP1003!WP1014!hist14!CP1008,1
2026-07-16 00:14:01.2,1DAS11,IVVH0441,BFP A INB BRG      Y  VIB,1726,HIABS,HIGH,ALM,1,2.10762,2,MILS,!WP1002!WP1006!WP1007!WP1001!WP1003!WP1014!hist14!CP1008,1
2026-07-16 00:14:03.0,1BFA_GSM_ALM,BFA_ALM12,MARK VIE A BFPT ALARM,,STA_4,BENTLY VIBRATION ALARM,ALM,1,0,0,,!WP1001!WP1002!WP1003!WP1006!WP1007!WP1014!hist14!CP1011,1
2026-07-16 00:14:03.0,1BFB_GSM_ALM,BFB_ALM12,MARK VIE B BFPT ALARM,,STA_4,BENTLY VIBRATION ALARM,ALM,1,0,0,,!WP1001!WP1002!WP1003!WP1006!WP1007!WP1014!hist14!CP1011,1
2026-07-16 00:14:05.2,1DAS11,IVVH0011,BFP A OUTB BRG     X  VIB,1723,HIABS,HIGH,RTN,1,1.62697,2,MILS,!WP1002!WP1006!WP1007!WP1001!WP1003!WP1014!hist14!CP1008,1
2026-07-16 00:14:06.5,1BFA_GSM_ALM,BFA_ALM12,MARK VIE A BFPT ALARM,,STA_4,BENTLY VIBRATION OK,RTN,1,0,0,,!WP1001!WP1002!WP1003!WP1006!WP1007!WP1014!hist14!CP1011,1
2026-07-16 00:14:06.5,1BFB_GSM_ALM,BFB_ALM12,MARK VIE B BFPT ALARM,,STA_4,BENTLY VIBRATION OK,RTN,1,0,0,,!WP1001!WP1002!WP1003!WP1006!WP1007!WP1014!hist14!CP1011,1
2026-07-16 00:14:07.2,1DAS11,IVVH0021,BFP A OUTB BRG     Y  VIB,1724,HIABS,HIGH,RTN,1,1.21689,2,MILS,!WP1002!WP1006!WP1007!WP1001!WP1003!WP1014!hist14!CP1008,1
2026-07-16 00:14:07.2,1DAS11,IVVH0031,BFP A INB BRG  X  VIB,1725,HIABS,HIGH,RTN,1,1.33896,2,MILS,!WP1002!WP1006!WP1007!WP1001!WP1003!WP1014!hist14!CP1008,1
2026-07-16 00:14:07.2,1DAS11,IVVH0441,BFP A INB BRG      Y  VIB,1726,HIABS,HIGH,RTN,1,0.802994,2,MILS,!WP1002!WP1006!WP1007!WP1001!WP1003!WP1014!hist14!CP1008,1
2026-07-16 00:14:13.2,1DAS11,IVVH0011,BFP A OUTB BRG     X  VIB,1723,HIABS,HIGH,ALM,1,2.00844,2,MILS,!WP1002!WP1006!WP1007!WP1001!WP1003!WP1014!hist14!CP1008,1
2026-07-16 00:14:13.2,1DAS11,IVVH0021,BFP A OUTB BRG     Y  VIB,1724,HIABS,HIGH,ALM,1,2.29263,2,MILS,!WP1002!WP1006!WP1007!WP1001!WP1003!WP1014!hist14!CP1008,1
2026-07-16 00:14:13.2,1DAS11,IVVH0031,BFP A INB BRG  X  VIB,1725,HIABS,HIGH,ALM,1,3.1929,2,MILS,!WP1002!WP1006!WP1007!WP1001!WP1003!WP1014!hist14!CP1008,1
2026-07-16 00:14:13.2,1DAS11,IVVH0441,BFP A INB BRG      Y  VIB,1726,HIABS,HIGH,ALM,1,2.11144,2,MILS,!WP1002!WP1006!WP1007!WP1001!WP1003!WP1014!hist14!CP1008,1
2026-07-16 00:14:14.5,1BFA_GSM_ALM,BFA_ALM12,MARK VIE A BFPT ALARM,,STA_4,BENTLY VIBRATION ALARM,ALM,1,0,0,,!WP1001!WP1002!WP1003!WP1006!WP1007!WP1014!hist14!CP1011,1
2026-07-16 00:14:14.5,1BFB_GSM_ALM,BFB_ALM12,MARK VIE B BFPT ALARM,,STA_4,BENTLY VIBRATION ALARM,ALM,1,0,0,,!WP1001!WP1002!WP1003!WP1006!WP1007!WP1014!hist14!CP1011,1
2026-07-16 00:14:15.2,1DAS11,IVVH0011,BFP A OUTB BRG     X  VIB,1723,HIABS,HIGH,RTN,1,1.67465,2,MILS,!WP1002!WP1006!WP1007!WP1001!WP1003!WP1014!hist14!CP1008,1
2026-07-16 00:14:17.2,1DAS11,IVVH0021,BFP A OUTB BRG     Y  VIB,1724,HIABS,HIGH,RTN,1,1.70708,2,MILS,!WP1002!WP1006!WP1007!WP1001!WP1003!WP1014!hist14!CP1008,1
2026-07-16 00:14:17.2,1DAS11,IVVH0441,BFP A INB BRG      Y  VIB,1726,HIABS,HIGH,RTN,1,1.22643,2,MILS,!WP1002!WP1006!WP1007!WP1001!WP1003!WP1014!hist14!CP1008,1
2026-07-16 00:14:19.0,1BFA_GSM_ALM,BFA_ALM12,MARK VIE A BFPT ALARM,,STA_4,BENTLY VIBRATION OK,RTN,1,0,0,,!WP1001!WP1002!WP1003!WP1006!WP1007!WP1014!hist14!CP1011,1
2026-07-16 00:14:19.0,1BFB_GSM_ALM,BFB_ALM12,MARK VIE B BFPT ALARM,,STA_4,BENTLY VIBRATION OK,RTN,1,0,0,,!WP1001!WP1002!WP1003!WP1006!WP1007!WP1014!hist14!CP1011,1
2026-07-16 00:14:19.2,1DAS11,IVVH0031,BFP A INB BRG  X  VIB,1725,HIABS,HIGH,RTN,1,1.25885,2,MILS,!WP1002!WP1006!WP1007!WP1001!WP1003!WP1014!hist14!CP1008,1
2026-07-16 00:14:23.2,1DAS11,IVVH0031,BFP A INB BRG  X  VIB,1725,HIABS,HIGH,ALM,1,3.3741,2,MILS,!WP1002!WP1006!WP1007!WP1001!WP1003!WP1014!hist14!CP1008,1
2026-07-16 00:14:25.2,1DAS11,IVVH0021,BFP A OUTB BRG     Y  VIB,1724,HIABS,HIGH,ALM,1,2.05994,2,MILS,!WP1002!WP1006!WP1007!WP1001!WP1003!WP1014!hist14!CP1008,1
2026-07-16 00:14:25.2,1DAS11,IVVH0441,BFP A INB BRG      Y  VIB,1726,HIABS,HIGH,ALM,1,2.41089,2,MILS,!WP1002!WP1006!WP1007!WP1001!WP1003!WP1014!hist14!CP1008,1
2026-07-16 00:14:27.0,1TF,B24,TOTAL FUEL MOCS,,LOOUT,LOW AVG MILL LOAD,ALM,5,49.9186,50,%,!WP1001!WP1002!WP1003!WP1006!WP1007!WP1014!hist14!CP1001,1
2026-07-16 00:14:27.0,1BFA_GSM_ALM,BFA_ALM12,MARK VIE A BFPT ALARM,,STA_4,BENTLY VIBRATION ALARM,ALM,1,0,0,,!WP1001!WP1002!WP1003!WP1006!WP1007!WP1014!hist14!CP1011,1
2026-07-16 00:14:27.0,1BFB_GSM_ALM,BFB_ALM12,MARK VIE B BFPT ALARM,,STA_4,BENTLY VIBRATION ALARM,ALM,1,0,0,,!WP1001!WP1002!WP1003!WP1006!WP1007!WP1014!hist14!CP1011,1
2026-07-16 00:14:28.1,1MKVIE_ALM2,B1A,MARK VIE A BFPT GENERAL ALARM,,STATE,NORMAL,RTN,1,,,,!WP1001!WP1002!WP1003!WP1006!WP1007!WP1014!hist14!CP1002,1
2026-07-16 00:14:28.1,1MKVIE_ALM2,B2A,MARK VIE B BFPT GENERAL ALARM,,STATE,NORMAL,RTN,1,,,,!WP1001!WP1002!WP1003!WP1006!WP1007!WP1014!hist14!CP1002,1
2026-07-16 00:14:29.0,1BFA_GSM_ALM,BFA_ALM12,MARK VIE A BFPT ALARM,,STA_4,BENTLY VIBRATION OK,RTN,1,0,0,,!WP1001!WP1002!WP1003!WP1006!WP1007!WP1014!hist14!CP1011,1
2026-07-16 00:14:29.0,1BFB_GSM_ALM,BFB_ALM12,MARK VIE B BFPT ALARM,,STA_4,BENTLY VIBRATION OK,RTN,1,0,0,,!WP1001!WP1002!WP1003!WP1006!WP1007!WP1014!hist14!CP1011,1
2026-07-16 00:14:29.2,1DAS11,IVVH0021,BFP A OUTB BRG     Y  VIB,1724,HIABS,HIGH,RTN,1,1.6613,2,MILS,!WP1002!WP1006!WP1007!WP1001!WP1003!WP1014!hist14!CP1008,1
2026-07-16 00:14:29.2,1DAS11,IVVH0441,BFP A INB BRG      Y  VIB,1726,HIABS,HIGH,RTN,1,0.909806,2,MILS,!WP1002!WP1006!WP1007!WP1001!WP1003!WP1014!hist14!CP1008,1
2026-07-16 00:14:31.2,1DAS11,IVVH0031,BFP A INB BRG  X  VIB,1725,HIABS,HIGH,RTN,1,1.17111,2,MILS,!WP1002!WP1006!WP1007!WP1001!WP1003!WP1014!hist14!CP1008,1
2026-07-16 00:14:35.6,1MKVIE_ALM2,B1A,MARK VIE A BFPT GENERAL ALARM,,STATE,ALARM,ALM,1,,,,!WP1001!WP1002!WP1003!WP1006!WP1007!WP1014!hist14!CP1002,1
2026-07-16 00:14:35.6,1MKVIE_ALM2,B2A,MARK VIE B BFPT GENERAL ALARM,,STATE,ALARM,ALM,1,,,,!WP1001!WP1002!WP1003!WP1006!WP1007!WP1014!hist14!CP1002,1
2026-07-16 00:14:35.2,1DAS11,IVVH0021,BFP A OUTB BRG     Y  VIB,1724,HIABS,HIGH,ALM,1,2.17629,2,MILS,!WP1002!WP1006!WP1007!WP1001!WP1003!WP1014!hist14!CP1008,1
2026-07-16 00:14:35.2,1DAS11,IVVH0031,BFP A INB BRG  X  VIB,1725,HIABS,HIGH,ALM,1,3.36647,2,MILS,!WP1002!WP1006!WP1007!WP1001!WP1003!WP1014!hist14!CP1008,1
2026-07-16 00:14:36.5,1BFA_GSM_ALM,BFA_ALM12,MARK VIE A BFPT ALARM,,STA_4,BENTLY VIBRATION ALARM,ALM,1,0,0,,!WP1001!WP1002!WP1003!WP1006!WP1007!WP1014!hist14!CP1011,1
2026-07-16 00:14:36.5,1BFB_GSM_ALM,BFB_ALM12,MARK VIE B BFPT ALARM,,STA_4,BENTLY VIBRATION ALARM,ALM,1,0,0,,!WP1001!WP1002!WP1003!WP1006!WP1007!WP1014!hist14!CP1011,1
2026-07-16 00:14:37.2,1DAS11,IVVH0011,BFP A OUTB BRG     X  VIB,1723,HIABS,HIGH,ALM,1,2.0237,2,MILS,!WP1002!WP1006!WP1007!WP1001!WP1003!WP1014!hist14!CP1008,1
2026-07-16 00:14:37.2,1DAS11,IVVH0441,BFP A INB BRG      Y  VIB,1726,HIABS,HIGH,ALM,1,2.25258,2,MILS,!WP1002!WP1006!WP1007!WP1001!WP1003!WP1014!hist14!CP1008,1
2026-07-16 00:14:39.2,1DAS11,IVVH0011,BFP A OUTB BRG     X  VIB,1723,HIABS,HIGH,RTN,1,1.65177,2,MILS,!WP1002!WP1006!WP1007!WP1001!WP1003!WP1014!hist14!CP1008,1
2026-07-16 00:14:40.5,1BFA_GSM_ALM,BFA_ALM12,MARK VIE A BFPT ALARM,,STA_4,BENTLY VIBRATION OK,RTN,1,0,0,,!WP1001!WP1002!WP1003!WP1006!WP1007!WP1014!hist14!CP1011,1
2026-07-16 00:14:40.5,1BFB_GSM_ALM,BFB_ALM12,MARK VIE B BFPT ALARM,,STA_4,BENTLY VIBRATION OK,RTN,1,0,0,,!WP1001!WP1002!WP1003!WP1006!WP1007!WP1014!hist14!CP1011,1
2026-07-16 00:14:41.2,1DAS11,IVVH0021,BFP A OUTB BRG     Y  VIB,1724,HIABS,HIGH,RTN,1,0.982285,2,MILS,!WP1002!WP1006!WP1007!WP1001!WP1003!WP1014!hist14!CP1008,1
2026-07-16 00:14:41.2,1DAS11,IVVH0031,BFP A INB BRG  X  VIB,1725,HIABS,HIGH,RTN,1,1.32561,2,MILS,!WP1002!WP1006!WP1007!WP1001!WP1003!WP1014!hist14!CP1008,1
2026-07-16 00:14:41.2,1DAS11,IVVH0441,BFP A INB BRG      Y  VIB,1726,HIABS,HIGH,RTN,1,0.816346,2,MILS,!WP1002!WP1006!WP1007!WP1001!WP1003!WP1014!hist14!CP1008,1
2026-07-16 00:14:47.2,1DAS11,IVVH0021,BFP A OUTB BRG     Y  VIB,1724,HIABS,HIGH,ALM,1,2.14005,2,MILS,!WP1002!WP1006!WP1007!WP1001!WP1003!WP1014!hist14!CP1008,1
2026-07-16 00:14:47.2,1DAS11,IVVH0031,BFP A INB BRG  X  VIB,1725,HIABS,HIGH,ALM,1,3.53813,2,MILS,!WP1002!WP1006!WP1007!WP1001!WP1003!WP1014!hist14!CP1008,1
2026-07-16 00:14:47.2,1DAS11,IVVH0441,BFP A INB BRG      Y  VIB,1726,HIABS,HIGH,ALM,1,2.19536,2,MILS,!WP1002!WP1006!WP1007!WP1001!WP1003!WP1014!hist14!CP1008,1
2026-07-16 00:14:49.0,1BFA_GSM_ALM,BFA_ALM12,MARK VIE A BFPT ALARM,,STA_4,BENTLY VIBRATION ALARM,ALM,1,0,0,,!WP1001!WP1002!WP1003!WP1006!WP1007!WP1014!hist14!CP1011,1
2026-07-16 00:14:49.0,1BFB_GSM_ALM,BFB_ALM12,MARK VIE B BFPT ALARM,,STA_4,BENTLY VIBRATION ALARM,ALM,1,0,0,,!WP1001!WP1002!WP1003!WP1006!WP1007!WP1014!hist14!CP1011,1
2026-07-16 00:14:50.1,1SCRA_IDSAV,SLPDI5416A,A IDMPR SCR SA PSG TO FG DUCT DP,,LOABS,SCR A IN DMPR SEAL DP LOW (SERV),ALM,5,1.9916,2,INH2O,!hist14!CP1016,2
2026-07-16 00:14:51.2,1DAS11,IVVH0441,BFP A INB BRG      Y  VIB,1726,HIABS,HIGH,RTN,1,1.32179,2,MILS,!WP1002!WP1006!WP1007!WP1001!WP1003!WP1014!hist14!CP1008,1
2026-07-16 00:14:53.0,1BFA_GSM_ALM,BFA_ALM12,MARK VIE A BFPT ALARM,,STA_4,BENTLY VIBRATION OK,RTN,1,0,0,,!WP1001!WP1002!WP1003!WP1006!WP1007!WP1014!hist14!CP1011,1
2026-07-16 00:14:53.0,1BFB_GSM_ALM,BFB_ALM12,MARK VIE B BFPT ALARM,,STA_4,BENTLY VIBRATION OK,RTN,1,0,0,,!WP1001!WP1002!WP1003!WP1006!WP1007!WP1014!hist14!CP1011,1
2026-07-16 00:14:53.2,1DAS11,IVVH0021,BFP A OUTB BRG     Y  VIB,1724,HIABS,HIGH,RTN,1,0.991822,2,MILS,!WP1002!WP1006!WP1007!WP1001!WP1003!WP1014!hist14!CP1008,1
2026-07-16 00:14:53.2,1DAS11,IVVH0031,BFP A INB BRG  X  VIB,1725,HIABS,HIGH,RTN,1,1.22452,2,MILS,!WP1002!WP1006!WP1007!WP1001!WP1003!WP1014!hist14!CP1008,1
2026-07-16 00:14:55.5,1TF,B24,TOTAL FUEL MOCS,,LOOUT,LOW AVG MILL LOAD,RTN,5,50.045,50,%,!WP1001!WP1002!WP1003!WP1006!WP1007!WP1014!hist14!CP1001,1
2026-07-16 00:14:57.2,1DAS11,IVVH0031,BFP A INB BRG  X  VIB,1725,HIABS,HIGH,ALM,1,3.15857,2,MILS,!WP1002!WP1006!WP1007!WP1001!WP1003!WP1014!hist14!CP1008,1
2026-07-16 00:14:59.5,1TF,B24,TOTAL FUEL MOCS,,LOOUT,LOW AVG MILL LOAD,ALM,5,49.9639,50,%,!WP1001!WP1002!WP1003!WP1006!WP1007!WP1014!hist14!CP1001,1
2026-07-16 00:14:59.2,1DAS11,IVVH0021,BFP A OUTB BRG     Y  VIB,1724,HIABS,HIGH,ALM,1,2.29836,2,MILS,!WP1002!WP1006!WP1007!WP1001!WP1003!WP1014!hist14!CP1008,1
2026-07-16 00:14:59.2,1DAS11,IVVH0441,BFP A INB BRG      Y  VIB,1726,HIABS,HIGH,ALM,1,2.36321,2,MILS,!WP1002!WP1006!WP1007!WP1001!WP1003!WP1014!hist14!CP1008,1
2026-07-16 00:15:00.5,1BFA_GSM_ALM,BFA_ALM12,MARK VIE A BFPT ALARM,,STA_4,BENTLY VIBRATION ALARM,ALM,1,0,0,,!WP1001!WP1002!WP1003!WP1006!WP1007!WP1014!hist14!CP1011,1
2026-07-16 00:15:00.5,1BFB_GSM_ALM,BFB_ALM12,MARK VIE B BFPT ALARM,,STA_4,BENTLY VIBRATION ALARM,ALM,1,0,0,,!WP1001!WP1002!WP1003!WP1006!WP1007!WP1014!hist14!CP1011,1
2026-07-16 00:15:05.4,1SCRA_IDSAV,SLPDI5416A,A IDMPR SCR SA PSG TO FG DUCT DP,,LOABS,SCR A IN DMPR SEAL DP LOW (SERV),RTN,5,2.22539,2,INH2O,!hist14!CP1016,2
2026-07-16 00:15:07.0,1TF,B24,TOTAL FUEL MOCS,,LOOUT,LOW AVG MILL LOAD,RTN,5,50.2444,50,%,!WP1001!WP1002!WP1003!WP1006!WP1007!WP1014!hist14!CP1001,1
2026-07-16 00:15:17.2,1DAS11,IVVH0011,BFP A OUTB BRG     X  VIB,1723,HIABS,HIGH,ALM,1,2.03324,2,MILS,!WP1002!WP1006!WP1007!WP1001!WP1003!WP1014!hist14!CP1008,1
2026-07-16 00:15:21.2,1DAS11,IVVH0021,BFP A OUTB BRG     Y  VIB,1724,HIABS,HIGH,RTN,1,1.6861,2,MILS,!WP1002!WP1006!WP1007!WP1001!WP1003!WP1014!hist14!CP1008,1
2026-07-16 00:15:23.2,1DAS11,IVVH0021,BFP A OUTB BRG     Y  VIB,1724,HIABS,HIGH,ALM,1,2.30026,2,MILS,!WP1002!WP1006!WP1007!WP1001!WP1003!WP1014!hist14!CP1008,1
2026-07-16 00:15:31.2,1DAS11,IVVH0011,BFP A OUTB BRG     X  VIB,1723,HIABS,HIGH,RTN,1,1.72806,2,MILS,!WP1002!WP1006!WP1007!WP1001!WP1003!WP1014!hist14!CP1008,1
2026-07-16 00:15:33.2,1DAS11,IVVH0011,BFP A OUTB BRG     X  VIB,1723,HIABS,HIGH,ALM,1,2.01035,2,MILS,!WP1002!WP1006!WP1007!WP1001!WP1003!WP1014!hist14!CP1008,1
2026-07-16 00:15:35.6,1MKVIE_ALM2,B1A,MARK VIE A BFPT GENERAL ALARM,,STATE,NORMAL,RTN,1,,,,!WP1001!WP1002!WP1003!WP1006!WP1007!WP1014!hist14!CP1002,1
2026-07-16 00:15:35.6,1MKVIE_ALM2,B2A,MARK VIE B BFPT GENERAL ALARM,,STATE,NORMAL,RTN,1,,,,!WP1001!WP1002!WP1003!WP1006!WP1007!WP1014!hist14!CP1002,1
2026-07-16 00:15:37.2,1DAS11,IVVH0011,BFP A OUTB BRG     X  VIB,1723,HIABS,HIGH,RTN,1,1.74523,2,MILS,!WP1002!WP1006!WP1007!WP1001!WP1003!WP1014!hist14!CP1008,1
2026-07-16 00:15:43.2,1DAS11,IVVH0011,BFP A OUTB BRG     X  VIB,1723,HIABS,HIGH,ALM,1,2.12288,2,MILS,!WP1002!WP1006!WP1007!WP1001!WP1003!WP1014!hist14!CP1008,1
2026-07-16 00:15:46.4,1SCRA_IDSAV,SLPDI5416A,A IDMPR SCR SA PSG TO FG DUCT DP,,LOABS,SCR A IN DMPR SEAL DP LOW (SERV),ALM,5,1.99648,2,INH2O,!hist14!CP1016,2
2026-07-16 00:15:51.5,1TC,B21,DROOP ACTIVE,DROOP,STATE,ACTIVE,ALM,5,,,,!hist14!CP1001,2
2026-07-16 00:15:51.2,1DAS11,IVVH0011,BFP A OUTB BRG     X  VIB,1723,HIABS,HIGH,RTN,1,1.73569,2,MILS,!WP1002!WP1006!WP1007!WP1001!WP1003!WP1014!hist14!CP1008,1
2026-07-16 00:15:56.0,1SCRA_IDSAV,SLPDI5416A,A IDMPR SCR SA PSG TO FG DUCT DP,,LOABS,SCR A IN DMPR SEAL DP LOW (SERV),RTN,5,2.20605,2,INH2O,!hist14!CP1016,2
2026-07-16 00:15:57.2,1DAS11,IVVH0011,BFP A OUTB BRG     X  VIB,1723,HIABS,HIGH,ALM,1,2.13623,2,MILS,!WP1002!WP1006!WP1007!WP1001!WP1003!WP1014!hist14!CP1008,1
2026-07-16 00:15:58.0,1TC,B21,DROOP ACTIVE,DROOP,STATE,NORMAL,RTN,5,,,,!hist14!CP1001,2
2026-07-16 00:16:09.2,1DAS11,IVVH0011,BFP A OUTB BRG     X  VIB,1723,HIABS,HIGH,RTN,1,1.74713,2,MILS,!WP1002!WP1006!WP1007!WP1001!WP1003!WP1014!hist14!CP1008,1
2026-07-16 00:16:11.2,1DAS11,IVVH0011,BFP A OUTB BRG     X  VIB,1723,HIABS,HIGH,ALM,1,2.0504,2,MILS,!WP1002!WP1006!WP1007!WP1001!WP1003!WP1014!hist14!CP1008,1
2026-07-16 00:16:12.0,1TC,B21,DROOP ACTIVE,DROOP,STATE,ACTIVE,ALM,5,,,,!hist14!CP1001,2
2026-07-16 00:16:12.0,1SCRA_IDSAV,SLPDI5416A,A IDMPR SCR SA PSG TO FG DUCT DP,,LOABS,SCR A IN DMPR SEAL DP LOW (SERV),ALM,5,1.99141,2,INH2O,!hist14!CP1016,2
2026-07-16 00:16:13.2,1DAS11,IVVH0011,BFP A OUTB BRG     X  VIB,1723,HIABS,HIGH,RTN,1,1.67465,2,MILS,!WP1002!WP1006!WP1007!WP1001!WP1003!WP1014!hist14!CP1008,1
2026-07-16 00:16:20.0,1TC,B21,DROOP ACTIVE,DROOP,STATE,NORMAL,RTN,5,,,,!hist14!CP1001,2
2026-07-16 00:16:20.5,1TC,B21,DROOP ACTIVE,DROOP,STATE,ACTIVE,ALM,5,,,,!hist14!CP1001,2
2026-07-16 00:16:21.0,1TC,B21,DROOP ACTIVE,DROOP,STATE,NORMAL,RTN,5,,,,!hist14!CP1001,2
2026-07-16 00:16:21.2,1DAS11,IVVH0011,BFP A OUTB BRG     X  VIB,1723,HIABS,HIGH,ALM,1,2.02751,2,MILS,!WP1002!WP1006!WP1007!WP1001!WP1003!WP1014!hist14!CP1008,1
2026-07-16 00:16:23.2,1DAS11,IVVH0011,BFP A OUTB BRG     X  VIB,1723,HIABS,HIGH,RTN,1,1.56784,2,MILS,!WP1002!WP1006!WP1007!WP1001!WP1003!WP1014!hist14!CP1008,1
2026-07-16 00:16:29.0,1SCRA_IDSAV,SLPDI5416A,A IDMPR SCR SA PSG TO FG DUCT DP,,LOABS,SCR A IN DMPR SEAL DP LOW (SERV),RTN,5,2.20313,2,INH2O,!hist14!CP1016,2
2026-07-16 00:16:37.2,1DAS11,IVVH0021,BFP A OUTB BRG     Y  VIB,1724,HIABS,HIGH,RTN,1,1.70899,2,MILS,!WP1002!WP1006!WP1007!WP1001!WP1003!WP1014!hist14!CP1008,1
2026-07-16 00:16:39.2,1DAS11,IVVH0021,BFP A OUTB BRG     Y  VIB,1724,HIABS,HIGH,ALM,1,2.22588,2,MILS,!WP1002!WP1006!WP1007!WP1001!WP1003!WP1014!hist14!CP1008,1
2026-07-16 00:16:47.2,1DAS11,IVVH0011,BFP A OUTB BRG     X  VIB,1723,HIABS,HIGH,ALM,1,2.03514,2,MILS,!WP1002!WP1006!WP1007!WP1001!WP1003!WP1014!hist14!CP1008,1
2026-07-16 00:16:49.2,1DAS11,IVVH0011,BFP A OUTB BRG     X  VIB,1723,HIABS,HIGH,RTN,1,1.71852,2,MILS,!WP1002!WP1006!WP1007!WP1001!WP1003!WP1014!hist14!CP1008,1
2026-07-16 00:16:50.0,1TC,B21,DROOP ACTIVE,DROOP,STATE,ACTIVE,ALM,5,,,,!hist14!CP1001,2
2026-07-16 00:16:53.2,1DAS11,IVVH0011,BFP A OUTB BRG     X  VIB,1723,HIABS,HIGH,ALM,1,2.09427,2,MILS,!WP1002!WP1006!WP1007!WP1001!WP1003!WP1014!hist14!CP1008,1
2026-07-16 00:16:55.2,1DAS11,IVVH0011,BFP A OUTB BRG     X  VIB,1723,HIABS,HIGH,RTN,1,1.71089,2,MILS,!WP1002!WP1006!WP1007!WP1001!WP1003!WP1014!hist14!CP1008,1
2026-07-16 00:17:00.0,1TC,B21,DROOP ACTIVE,DROOP,STATE,NORMAL,RTN,5,,,,!hist14!CP1001,2
2026-07-16 00:17:01.2,1DAS11,IVVH0021,BFP A OUTB BRG     Y  VIB,1724,HIABS,HIGH,RTN,1,1.7128,2,MILS,!WP1002!WP1006!WP1007!WP1001!WP1003!WP1014!hist14!CP1008,1
2026-07-16 00:17:07.2,1DAS11,IVVH0021,BFP A OUTB BRG     Y  VIB,1724,HIABS,HIGH,ALM,1,2.04468,2,MILS,!WP1002!WP1006!WP1007!WP1001!WP1003!WP1014!hist14!CP1008,1
2026-07-16 00:17:11.2,1DAS11,IVVH0011,BFP A OUTB BRG     X  VIB,1723,HIABS,HIGH,ALM,1,2.00081,2,MILS,!WP1002!WP1006!WP1007!WP1001!WP1003!WP1014!hist14!CP1008,1
2026-07-16 00:17:13.2,1DAS11,IVVH0011,BFP A OUTB BRG     X  VIB,1723,HIABS,HIGH,RTN,1,1.71852,2,MILS,!WP1002!WP1006!WP1007!WP1001!WP1003!WP1014!hist14!CP1008,1
2026-07-16 00:17:15.2,1DAS11,IVVH0021,BFP A OUTB BRG     Y  VIB,1724,HIABS,HIGH,RTN,1,1.61934,2,MILS,!WP1002!WP1006!WP1007!WP1001!WP1003!WP1014!hist14!CP1008,1
2026-07-16 00:17:19.2,1DAS11,IVVH0021,BFP A OUTB BRG     Y  VIB,1724,HIABS,HIGH,ALM,1,2.02561,2,MILS,!WP1002!WP1006!WP1007!WP1001!WP1003!WP1014!hist14!CP1008,1
2026-07-16 00:17:29.1,FD_FAN_VIB,A_FAN_VEL_AX,A FD FAN VEL AX,,HIABS,A FD FAN VEL AX HI VIB,RTN,1,2.41,3,MILS,!WP1001!WP1002!WP1003!WP1006!WP1007!WP1014!hist14!CP1005,1
2026-07-16 00:17:31.2,1DAS11,IVVH0011,BFP A OUTB BRG     X  VIB,1723,HIABS,HIGH,ALM,1,2.09046,2,MILS,!WP1002!WP1006!WP1007!WP1001!WP1003!WP1014!hist14!CP1008,1
2026-07-16 00:17:33.2,1DAS11,IVVH0011,BFP A OUTB BRG     X  VIB,1723,HIABS,HIGH,RTN,1,1.54114,2,MILS,!WP1002!WP1006!WP1007!WP1001!WP1003!WP1014!hist14!CP1008,1
2026-07-16 00:17:33.2,1DAS11,IVVH0021,BFP A OUTB BRG     Y  VIB,1724,HIABS,HIGH,RTN,1,1.62315,2,MILS,!WP1002!WP1006!WP1007!WP1001!WP1003!WP1014!hist14!CP1008,1
2026-07-16 00:18:03.6,FD_FAN_VIB,A_FAN_VEL_AX,A FD FAN VEL AX,,HIABS,A FD FAN VEL AX HI VIB,ALM,1,3.01,3,MILS,!WP1001!WP1002!WP1003!WP1006!WP1007!WP1014!hist14!CP1005,1
2026-07-16 00:18:09.2,1DAS11,IVVH0441,BFP A INB BRG      Y  VIB,1726,HIABS,HIGH,RTN,1,1.73187,2,MILS,!WP1002!WP1006!WP1007!WP1001!WP1003!WP1014!hist14!CP1008,1
2026-07-16 00:18:11.2,1DAS11,IVVH0441,BFP A INB BRG      Y  VIB,1726,HIABS,HIGH,ALM,1,2.09236,2,MILS,!WP1002!WP1006!WP1007!WP1001!WP1003!WP1014!hist14!CP1008,1
2026-07-16 00:18:47.2,1DAS11,IVVH0441,BFP A INB BRG      Y  VIB,1726,HIABS,HIGH,RTN,1,1.73569,2,MILS,!WP1002!WP1006!WP1007!WP1001!WP1003!WP1014!hist14!CP1008,1
2026-07-16 00:19:00.5,1BFA_GSM_ALM,BFA_ALM12,MARK VIE A BFPT ALARM,,STA_4,BENTLY VIBRATION OK,RTN,1,0,0,,!WP1001!WP1002!WP1003!WP1006!WP1007!WP1014!hist14!CP1011,1
2026-07-16 00:19:00.5,1BFB_GSM_ALM,BFB_ALM12,MARK VIE B BFPT ALARM,,STA_4,BENTLY VIBRATION OK,RTN,1,0,0,,!WP1001!WP1002!WP1003!WP1006!WP1007!WP1014!hist14!CP1011,1
2026-07-16 00:19:03.2,1DAS11,IVVH0031,BFP A INB BRG  X  VIB,1725,HIABS,HIGH,RTN,1,1.65749,2,MILS,!WP1002!WP1006!WP1007!WP1001!WP1003!WP1014!hist14!CP1008,1
2026-07-16 00:19:07.2,1DAS11,IVVH0031,BFP A INB BRG  X  VIB,1725,HIABS,HIGH,ALM,1,2.01988,2,MILS,!WP1002!WP1006!WP1007!WP1001!WP1003!WP1014!hist14!CP1008,1
2026-07-16 00:19:09.2,1DAS11,IVVH0031,BFP A INB BRG  X  VIB,1725,HIABS,HIGH,RTN,1,1.62697,2,MILS,!WP1002!WP1006!WP1007!WP1001!WP1003!WP1014!hist14!CP1008,1
2026-07-16 00:19:15.2,1DAS11,IVVH0031,BFP A INB BRG  X  VIB,1725,HIABS,HIGH,ALM,1,2.05994,2,MILS,!WP1002!WP1006!WP1007!WP1001!WP1003!WP1014!hist14!CP1008,1
2026-07-16 00:19:17.2,1DAS11,IVVH0031,BFP A INB BRG  X  VIB,1725,HIABS,HIGH,RTN,1,1.37138,2,MILS,!WP1002!WP1006!WP1007!WP1001!WP1003!WP1014!hist14!CP1008,1
2026-07-16 00:19:20.5,1BFA_GSM_ALM,BFA_ALM14,MARK VIE A BFPT ALARM,,STA_7,SPD DEV FROM SETPOINT,ALM,5,0,0,,!WP1001!WP1002!WP1003!WP1006!WP1007!WP1014!hist14!CP1011,1
2026-07-16 00:19:52.4,1SCRA_IDSAV,SLPDI5416A,A IDMPR SCR SA PSG TO FG DUCT DP,,LOABS,SCR A IN DMPR SEAL DP LOW (SERV),ALM,5,1.99238,2,INH2O,!hist14!CP1016,2
2026-07-16 00:20:00.9,1SCRA_IDSAV,SLPDI5416A,A IDMPR SCR SA PSG TO FG DUCT DP,,LOABS,SCR A IN DMPR SEAL DP LOW (SERV),RTN,5,2.20215,2,INH2O,!hist14!CP1016,2
2026-07-16 00:20:17.2,1NW_ESP_SMP,NWAI6702B,PRECIP SUMP PMP B DSCH PH,,IOBAD,BAD CHANNEL,ALM,3,,,,!WP1002!WP1011!WP1001!hist14!CP1020,1
2026-07-16 00:20:21.2,1NW_ESP_SMP,NWAI6702B,PRECIP SUMP PMP B DSCH PH,,IOBAD,BAD CHANNEL,RTN,3,,,,!WP1002!WP1011!WP1001!hist14!CP1020,1
2026-07-16 00:20:22.2,1NW_ESP_SMP,NWAI6702B,PRECIP SUMP PMP B DSCH PH,,IOBAD,BAD CHANNEL,ALM,3,,,,!WP1002!WP1011!WP1001!hist14!CP1020,1
2026-07-16 00:21:25.4,1SCRA_IDSAV,SLPDI5416A,A IDMPR SCR SA PSG TO FG DUCT DP,,LOABS,SCR A IN DMPR SEAL DP LOW (SERV),ALM,5,1.98965,2,INH2O,!hist14!CP1016,2
2026-07-16 00:21:28.4,1SCRA_IDSAV,SLPDI5416A,A IDMPR SCR SA PSG TO FG DUCT DP,,LOABS,SCR A IN DMPR SEAL DP LOW (SERV),RTN,5,2.21191,2,INH2O,!hist14!CP1016,2
2026-07-16 00:21:46.4,1SCRA_IDSAV,SLPDI5416A,A IDMPR SCR SA PSG TO FG DUCT DP,,LOABS,SCR A IN DMPR SEAL DP LOW (SERV),ALM,5,1.97832,2,INH2O,!hist14!CP1016,2
2026-07-16 00:21:59.4,1SCRA_IDSAV,SLPDI5416A,A IDMPR SCR SA PSG TO FG DUCT DP,,LOABS,SCR A IN DMPR SEAL DP LOW (SERV),RTN,5,2.20176,2,INH2O,!hist14!CP1016,2
2026-07-16 00:22:16.5,1BFA_GSM_ALM,BFA_ALM14,MARK VIE A BFPT ALARM,,STA_7,SPD DEV OK,RTN,5,0,0,,!WP1001!WP1002!WP1003!WP1006!WP1007!WP1014!hist14!CP1011,1
2026-07-16 00:22:37.9,1SCRA_IDSAV,SLPDI5416A,A IDMPR SCR SA PSG TO FG DUCT DP,,LOABS,SCR A IN DMPR SEAL DP LOW (SERV),ALM,5,1.9998,2,INH2O,!hist14!CP1016,2
2026-07-16 00:22:55.9,1SCRA_IDSAV,SLPDI5416A,A IDMPR SCR SA PSG TO FG DUCT DP,,LOABS,SCR A IN DMPR SEAL DP LOW (SERV),RTN,5,2.21855,2,INH2O,!hist14!CP1016,2
2026-07-16 00:23:31.6,1PDF,SLPSL0001,PULV LOW SEAL AIR HDR DIFF PRESS,,LOABS,PULV LOW SEAL AIR HDR DIFF PRESS,ALM,1,3.94219,4,INH2O,!WP1001!WP1002!WP1003!WP1006!WP1007!WP1014!hist14!CP1004,1
2026-07-16 00:23:31.4,1SCR_B_NH3,NOX_ERR_HIGH,SCR B NOX ERROR   HIGH,,STATE,ALARM,ALM,1,,,,!WP1001!WP1002!WP1003!WP1006!WP1007!WP1014!hist14!CP1016,1
2026-07-16 00:23:32.6,1PDF,SLPSL0001,PULV LOW SEAL AIR HDR DIFF PRESS,,LOABS,PULV LOW SEAL AIR HDR DIFF PRESS,RTN,1,4.06172,4,INH2O,!WP1001!WP1002!WP1003!WP1006!WP1007!WP1014!hist14!CP1004,1
2026-07-16 00:23:49.4,1SCR_A_NH3,NOX_ERR_HIGH,SCR A NOX ERROR   HIGH,,STATE,ALARM,ALM,1,,,,!WP1001!WP1002!WP1003!WP1006!WP1007!WP1014!hist14!CP1016,1
2026-07-16 00:25:15.9,1SCRA_IDSAV,SLPDI5416A,A IDMPR SCR SA PSG TO FG DUCT DP,,LOABS,SCR A IN DMPR SEAL DP LOW (SERV),ALM,5,1.99473,2,INH2O,!hist14!CP1016,2
2026-07-16 00:27:37.4,1SCRA_IDSAV,SLPDI5416A,A IDMPR SCR SA PSG TO FG DUCT DP,,LOABS,SCR A IN DMPR SEAL DP LOW (SERV),RTN,5,2.20215,2,INH2O,!hist14!CP1016,2
2026-07-16 00:27:49.4,1SCRA_IDSAV,SLPDI5416A,A IDMPR SCR SA PSG TO FG DUCT DP,,LOABS,SCR A IN DMPR SEAL DP LOW (SERV),ALM,5,1.99707,2,INH2O,!hist14!CP1016,2
2026-07-16 00:28:41.4,1SCRA_IDSAV,SLPDI5416A,A IDMPR SCR SA PSG TO FG DUCT DP,,LOABS,SCR A IN DMPR SEAL DP LOW (SERV),RTN,5,2.21621,2,INH2O,!hist14!CP1016,2
2026-07-16 00:28:46.4,1SCRA_IDSAV,SLPDI5416A,A IDMPR SCR SA PSG TO FG DUCT DP,,LOABS,SCR A IN DMPR SEAL DP LOW (SERV),ALM,5,1.98535,2,INH2O,!hist14!CP1016,2
2026-07-16 00:29:31.4,1SCRA_IDSAV,SLPDI5416A,A IDMPR SCR SA PSG TO FG DUCT DP,,LOABS,SCR A IN DMPR SEAL DP LOW (SERV),RTN,5,2.20527,2,INH2O,!hist14!CP1016,2
2026-07-16 00:29:34.9,1SCRA_IDSAV,SLPDI5416A,A IDMPR SCR SA PSG TO FG DUCT DP,,LOABS,SCR A IN DMPR SEAL DP LOW (SERV),ALM,5,1.96172,2,INH2O,!hist14!CP1016,2
2026-07-16 00:29:34.7,1AB_PYRITE,ABMO5173AAL1,SLUICE PMP A,,STA_4,DISCHARGE PRESS >= 50 PSIG,RTN,1,285.672,0,,!WP1002!WP1011!WP1001!hist14!CP1020,1
2026-07-16 00:29:34.7,1AB_PYRITE,ABMO5173AII,PYRITES SLC PMP A MOTOR CURRENT,,IOBAD,BAD CHANNEL,ALM,3,,,,!WP1002!WP1011!WP1001!hist14!CP1020,1
2026-07-16 00:29:34.2,1AB_PYRITE,ABMO5173AII,PYRITES SLC PMP A MOTOR CURRENT,,HIABS,HI,ALM,3,285.672,215,AMPS,!WP1002!WP1011!WP1001!hist14!CP1020,1
2026-07-16 00:29:34.2,1AB_PYRITE,ABMO5173AII,PYRITES SLC PMP A MOTOR CURRENT,,HHABS,HIHI,ALM,3,285.672,230,AMPS,!WP1002!WP1011!WP1001!hist14!CP1020,1
2026-07-16 00:29:35.2,1AB_PYRITE,ABMO5173AII,PYRITES SLC PMP A MOTOR CURRENT,,IOBAD,BAD CHANNEL,RTN,3,,,,!WP1002!WP1011!WP1001!hist14!CP1020,1
2026-07-16 00:29:35.7,1AB_PYRITE,ABMO5173AII,PYRITES SLC PMP A MOTOR CURRENT,,HIABS,HI,RTN,3,86.0391,215,AMPS,!WP1002!WP1011!WP1001!hist14!CP1020,1
2026-07-16 00:29:35.7,1AB_PYRITE,ABMO5173AII,PYRITES SLC PMP A MOTOR CURRENT,,HHABS,HIHI,RTN,3,86.0391,230,AMPS,!WP1002!WP1011!WP1001!hist14!CP1020,1
2026-07-16 00:29:39.7,1AB_PYRITE,ABMO5173AAL1,SLUICE PMP A,,STA_4,DISCHARGE PRESS < 50 PSIG,ALM,1,86.0391,0,,!WP1002!WP1011!WP1001!hist14!CP1020,1
2026-07-16 00:31:21.9,1SCRA_IDSAV,SLPDI5416A,A IDMPR SCR SA PSG TO FG DUCT DP,,LOABS,SCR A IN DMPR SEAL DP LOW (SERV),RTN,5,2.20293,2,INH2O,!hist14!CP1016,2
2026-07-16 00:31:25.4,1SCRA_IDSAV,SLPDI5416A,A IDMPR SCR SA PSG TO FG DUCT DP,,LOABS,SCR A IN DMPR SEAL DP LOW (SERV),ALM,5,1.97227,2,INH2O,!hist14!CP1016,2
2026-07-16 00:31:59.0,1STM_GSM_ALM,STM_ALM2,MARK VIE STEAM SEAL ALARM,,STA_5,STM SEAL DIV VLV TO CNDR OK,RTN,3,0,0,,!WP1001!WP1002!WP1003!WP1006!WP1007!WP1014!hist14!CP1011,1
2026-07-16 00:33:03.1,1SCR_A_NH3,NOX_ERR_HIGH,SCR A NOX ERROR   HIGH,,STATE,NORMAL,RTN,1,,,,!WP1001!WP1002!WP1003!WP1006!WP1007!WP1014!hist14!CP1016,1
2026-07-16 00:33:47.4,1SCRA_IDSAV,SLPDI5416A,A IDMPR SCR SA PSG TO FG DUCT DP,,LOABS,SCR A IN DMPR SEAL DP LOW (SERV),RTN,5,2.21602,2,INH2O,!hist14!CP1016,2
2026-07-16 00:33:52.4,1SCRA_IDSAV,SLPDI5416A,A IDMPR SCR SA PSG TO FG DUCT DP,,LOABS,SCR A IN DMPR SEAL DP LOW (SERV),ALM,5,1.99004,2,INH2O,!hist14!CP1016,2
2026-07-16 00:33:59.4,1SCRA_IDSAV,SLPDI5416A,A IDMPR SCR SA PSG TO FG DUCT DP,,LOABS,SCR A IN DMPR SEAL DP LOW (SERV),RTN,5,2.2209,2,INH2O,!hist14!CP1016,2
2026-07-16 00:34:08.9,1SCRA_IDSAV,SLPDI5416A,A IDMPR SCR SA PSG TO FG DUCT DP,,LOABS,SCR A IN DMPR SEAL DP LOW (SERV),ALM,5,1.97578,2,INH2O,!hist14!CP1016,2
2026-07-16 00:34:19.9,1SCRA_IDSAV,SLPDI5416A,A IDMPR SCR SA PSG TO FG DUCT DP,,LOABS,SCR A IN DMPR SEAL DP LOW (SERV),RTN,5,2.23125,2,INH2O,!hist14!CP1016,2
2026-07-16 00:34:31.4,1SCRA_IDSAV,SLPDI5416A,A IDMPR SCR SA PSG TO FG DUCT DP,,LOABS,SCR A IN DMPR SEAL DP LOW (SERV),ALM,5,1.99316,2,INH2O,!hist14!CP1016,2
2026-07-16 00:34:38.4,1SCRA_IDSAV,SLPDI5416A,A IDMPR SCR SA PSG TO FG DUCT DP,,LOABS,SCR A IN DMPR SEAL DP LOW (SERV),RTN,5,2.22051,2,INH2O,!hist14!CP1016,2
2026-07-16 00:34:47.4,1SCRA_IDSAV,SLPDI5416A,A IDMPR SCR SA PSG TO FG DUCT DP,,LOABS,SCR A IN DMPR SEAL DP LOW (SERV),ALM,5,1.99844,2,INH2O,!hist14!CP1016,2
2026-07-16 00:35:00.9,1SCRA_IDSAV,SLPDI5416A,A IDMPR SCR SA PSG TO FG DUCT DP,,LOABS,SCR A IN DMPR SEAL DP LOW (SERV),RTN,5,2.21152,2,INH2O,!hist14!CP1016,2
2026-07-16 00:35:54.9,1SCRA_IDSAV,SLPDI5416A,A IDMPR SCR SA PSG TO FG DUCT DP,,LOABS,SCR A IN DMPR SEAL DP LOW (SERV),ALM,5,1.9832,2,INH2O,!hist14!CP1016,2
2026-07-16 00:36:00.4,1SCRA_IDSAV,SLPDI5416A,A IDMPR SCR SA PSG TO FG DUCT DP,,LOABS,SCR A IN DMPR SEAL DP LOW (SERV),RTN,5,2.20625,2,INH2O,!hist14!CP1016,2
2026-07-16 00:36:47.4,1SCRA_IDSAV,SLPDI5416A,A IDMPR SCR SA PSG TO FG DUCT DP,,LOABS,SCR A IN DMPR SEAL DP LOW (SERV),ALM,5,1.98516,2,INH2O,!hist14!CP1016,2
2026-07-16 00:36:56.4,1SCRA_IDSAV,SLPDI5416A,A IDMPR SCR SA PSG TO FG DUCT DP,,LOABS,SCR A IN DMPR SEAL DP LOW (SERV),RTN,5,2.21309,2,INH2O,!hist14!CP1016,2
2026-07-16 00:37:04.1,1SCR_B_NH3,NOX_ERR_HIGH,SCR B NOX ERROR   HIGH,,STATE,NORMAL,RTN,1,,,,!WP1001!WP1002!WP1003!WP1006!WP1007!WP1014!hist14!CP1016,1
2026-07-16 00:37:07.4,1SCRA_IDSAV,SLPDI5416A,A IDMPR SCR SA PSG TO FG DUCT DP,,LOABS,SCR A IN DMPR SEAL DP LOW (SERV),ALM,5,1.99727,2,INH2O,!hist14!CP1016,2
2026-07-16 00:37:09.0,1STM_GSM_ALM,STM_ALM2,MARK VIE STEAM SEAL ALARM,,STA_5,STM SEAL DIV VLV TO CNDR ALM,ALM,3,0,0,,!WP1001!WP1002!WP1003!WP1006!WP1007!WP1014!hist14!CP1011,1
2026-07-16 00:38:18.4,1SCRA_IDSAV,SLPDI5416A,A IDMPR SCR SA PSG TO FG DUCT DP,,LOABS,SCR A IN DMPR SEAL DP LOW (SERV),RTN,5,2.20332,2,INH2O,!hist14!CP1016,2
2026-07-16 00:38:36.9,1SCRA_IDSAV,SLPDI5416A,A IDMPR SCR SA PSG TO FG DUCT DP,,LOABS,SCR A IN DMPR SEAL DP LOW (SERV),ALM,5,1.96934,2,INH2O,!hist14!CP1016,2
2026-07-16 00:38:45.9,1SCRA_IDSAV,SLPDI5416A,A IDMPR SCR SA PSG TO FG DUCT DP,,LOABS,SCR A IN DMPR SEAL DP LOW (SERV),RTN,5,2.20469,2,INH2O,!hist14!CP1016,2
2026-07-16 00:39:08.2,1DAS11,IAAH3281,COND PUMP DISCH   SILICA,1233,HIABS,HIGH,ALM,1,10.5352,10,ppb,!WP1002!WP1006!WP1007!WP1001!WP1003!WP1014!hist14!CP1008,1
2026-07-16 00:39:50.4,1MELIM,ZDS5504,WET/DRY INTFC VLV  DM DEV,,LODEV,LOW DEVIATION ALARM,RTN,3,46.5215,42.5,%,!hist14!CP1017,2
2026-07-16 00:40:51.4,1MELIM,ZDS5504,WET/DRY INTFC VLV  DM DEV,,HIDEV,HIGH DEVIATION ALARM,ALM,3,98.2676,5,%,!hist14!CP1017,2
2026-07-16 00:42:09.4,1SCRA_IDSAV,SLPDI5416A,A IDMPR SCR SA PSG TO FG DUCT DP,,LOABS,SCR A IN DMPR SEAL DP LOW (SERV),ALM,5,1.99766,2,INH2O,!hist14!CP1016,2
2026-07-16 00:42:21.4,1SCRA_IDSAV,SLPDI5416A,A IDMPR SCR SA PSG TO FG DUCT DP,,LOABS,SCR A IN DMPR SEAL DP LOW (SERV),RTN,5,2.20488,2,INH2O,!hist14!CP1016,2
2026-07-16 00:43:17.4,1SCRA_IDSAV,SLPDI5416A,A IDMPR SCR SA PSG TO FG DUCT DP,,LOABS,SCR A IN DMPR SEAL DP LOW (SERV),ALM,5,1.9752,2,INH2O,!hist14!CP1016,2
2026-07-16 00:43:25.9,1SCRA_IDSAV,SLPDI5416A,A IDMPR SCR SA PSG TO FG DUCT DP,,LOABS,SCR A IN DMPR SEAL DP LOW (SERV),RTN,5,2.20508,2,INH2O,!hist14!CP1016,2
2026-07-16 00:43:44.4,1SCRA_IDSAV,SLPDI5416A,A IDMPR SCR SA PSG TO FG DUCT DP,,LOABS,SCR A IN DMPR SEAL DP LOW (SERV),ALM,5,1.99141,2,INH2O,!hist14!CP1016,2
2026-07-16 00:44:16.4,1SCRA_IDSAV,SLPDI5416A,A IDMPR SCR SA PSG TO FG DUCT DP,,LOABS,SCR A IN DMPR SEAL DP LOW (SERV),RTN,5,2.21074,2,INH2O,!hist14!CP1016,2
2026-07-16 00:44:37.9,1SCRA_IDSAV,SLPDI5416A,A IDMPR SCR SA PSG TO FG DUCT DP,,LOABS,SCR A IN DMPR SEAL DP LOW (SERV),ALM,5,1.99785,2,INH2O,!hist14!CP1016,2
2026-07-16 00:44:57.9,1SCRA_IDSAV,SLPDI5416A,A IDMPR SCR SA PSG TO FG DUCT DP,,LOABS,SCR A IN DMPR SEAL DP LOW (SERV),RTN,5,2.22715,2,INH2O,!hist14!CP1016,2
2026-07-16 00:45:42.6,1TC,B21,DROOP ACTIVE,DROOP,STATE,ACTIVE,ALM,5,,,,!hist14!CP1001,2
2026-07-16 00:46:01.1,1TC,B21,DROOP ACTIVE,DROOP,STATE,NORMAL,RTN,5,,,,!hist14!CP1001,2
2026-07-16 00:47:23.0,1BFA_GSM_ALM,BFA_ALM20,MARK VIE A BFPT ALARM,,STA_6,VALVE TEST IN PROGRESS,ALM,5,0,0,,!WP1001!WP1002!WP1003!WP1006!WP1007!WP1014!hist14!CP1011,1
2026-07-16 00:47:23.0,1BFA_GSM_ALM,BFA_ALM20,MARK VIE A BFPT ALARM,,STA_5,LP SV TEST IN PROGRESS,ALM,5,0,0,,!WP1001!WP1002!WP1003!WP1006!WP1007!WP1014!hist14!CP1011,1
2026-07-16 00:47:29.0,1BFA_GSM_ALM,BFA_ALM20,MARK VIE A BFPT ALARM,,STA_6,VALVE TEST NOT IN PROGRESS,RTN,5,0,0,,!WP1001!WP1002!WP1003!WP1006!WP1007!WP1014!hist14!CP1011,1
2026-07-16 00:47:29.0,1BFA_GSM_ALM,BFA_ALM20,MARK VIE A BFPT ALARM,,STA_5,LP SV TEST NOT IN PROGRESS,RTN,5,0,0,,!WP1001!WP1002!WP1003!WP1006!WP1007!WP1014!hist14!CP1011,1
2026-07-16 00:47:33.0,1BFA_GSM_ALM,BFA_ALM20,MARK VIE A BFPT ALARM,,STA_6,VALVE TEST IN PROGRESS,ALM,5,0,0,,!WP1001!WP1002!WP1003!WP1006!WP1007!WP1014!hist14!CP1011,1
2026-07-16 00:47:33.0,1BFA_GSM_ALM,BFA_ALM20,MARK VIE A BFPT ALARM,,STA_4,HP SV TEST IN PROGRESS,ALM,5,0,0,,!WP1001!WP1002!WP1003!WP1006!WP1007!WP1014!hist14!CP1011,1
2026-07-16 00:47:36.5,1BFA_GSM_ALM,BFA_ALM20,MARK VIE A BFPT ALARM,,STA_6,VALVE TEST NOT IN PROGRESS,RTN,5,0,0,,!WP1001!WP1002!WP1003!WP1006!WP1007!WP1014!hist14!CP1011,1
2026-07-16 00:47:36.5,1BFA_GSM_ALM,BFA_ALM20,MARK VIE A BFPT ALARM,,STA_4,HP SV TEST NOT IN PROGRESS,RTN,5,0,0,,!WP1001!WP1002!WP1003!WP1006!WP1007!WP1014!hist14!CP1011,1
2026-07-16 00:47:47.0,1BFB_GSM_ALM,BFB_ALM20,MARK VIE B BFPT ALARM,,STA_6,VALVE TEST IN PROGRESS,ALM,5,0,0,,!WP1001!WP1002!WP1003!WP1006!WP1007!WP1014!hist14!CP1011,1
2026-07-16 00:47:47.0,1BFB_GSM_ALM,BFB_ALM20,MARK VIE B BFPT ALARM,,STA_5,LP SV TEST IN PROGRESS,ALM,5,0,0,,!WP1001!WP1002!WP1003!WP1006!WP1007!WP1014!hist14!CP1011,1
2026-07-16 00:47:49.0,1BFB_GSM_ALM,BFB_ALM20,MARK VIE B BFPT ALARM,,STA_6,VALVE TEST NOT IN PROGRESS,RTN,5,0,0,,!WP1001!WP1002!WP1003!WP1006!WP1007!WP1014!hist14!CP1011,1
2026-07-16 00:47:49.0,1BFB_GSM_ALM,BFB_ALM20,MARK VIE B BFPT ALARM,,STA_5,LP SV TEST NOT IN PROGRESS,RTN,5,0,0,,!WP1001!WP1002!WP1003!WP1006!WP1007!WP1014!hist14!CP1011,1
2026-07-16 00:47:55.0,1BFB_GSM_ALM,BFB_ALM20,MARK VIE B BFPT ALARM,,STA_6,VALVE TEST IN PROGRESS,ALM,5,0,0,,!WP1001!WP1002!WP1003!WP1006!WP1007!WP1014!hist14!CP1011,1
2026-07-16 00:47:55.0,1BFB_GSM_ALM,BFB_ALM20,MARK VIE B BFPT ALARM,,STA_4,HP SV TEST IN PROGRESS,ALM,5,0,0,,!WP1001!WP1002!WP1003!WP1006!WP1007!WP1014!hist14!CP1011,1
2026-07-16 00:47:57.0,1BFB_GSM_ALM,BFB_ALM20,MARK VIE B BFPT ALARM,,STA_6,VALVE TEST NOT IN PROGRESS,RTN,5,0,0,,!WP1001!WP1002!WP1003!WP1006!WP1007!WP1014!hist14!CP1011,1
2026-07-16 00:47:57.0,1BFB_GSM_ALM,BFB_ALM20,MARK VIE B BFPT ALARM,,STA_4,HP SV TEST NOT IN PROGRESS,RTN,5,0,0,,!WP1001!WP1002!WP1003!WP1006!WP1007!WP1014!hist14!CP1011,1
2026-07-16 00:48:11.6,1DL,FW_MAN_ALM,FW MSTR IN MAN OR TRACK,,STATE,,ALM,1,,,,!WP1001!WP1002!WP1003!WP1006!WP1007!WP1014!hist14!CP1002,1
2026-07-16 00:48:37.0,1BFB_GSM_ALM,BFB_ALM14,MARK VIE B BFPT ALARM,,STA_7,B BFPT SPD DEV FROM SETPOINT,ALM,5,0,0,,!WP1001!WP1002!WP1003!WP1006!WP1007!WP1014!hist14!CP1011,1
2026-07-16 00:48:49.0,1BFA_GSM_ALM,BFA_ALM20,MARK VIE A BFPT ALARM,,STA_7,A BFPT MANUAL/DCS OK,RTN,5,0,0,,!WP1001!WP1002!WP1003!WP1006!WP1007!WP1014!hist14!CP1011,1
2026-07-16 00:48:50.1,1DL,FW_MAN_ALM,FW MSTR IN MAN OR TRACK,,STATE,,RTN,1,,,,!WP1001!WP1002!WP1003!WP1006!WP1007!WP1014!hist14!CP1002,1
2026-07-16 00:49:03.2,1DAS11,IAAH3281,COND PUMP DISCH   SILICA,1233,HIABS,HIGH,RTN,1,8.2793,10,ppb,!WP1002!WP1006!WP1007!WP1001!WP1003!WP1014!hist14!CP1008,1
2026-07-16 00:49:05.0,1BFA_GSM_ALM,BFA_ALM20,MARK VIE A BFPT ALARM,,STA_7,A BFPT MANUAL/DCS ERROR,ALM,5,0,0,,!WP1001!WP1002!WP1003!WP1006!WP1007!WP1014!hist14!CP1011,1
2026-07-16 00:49:57.2,1DAS11,IVVH0031,BFP A INB BRG  X  VIB,1725,HIABS,HIGH,ALM,1,2.00844,2,MILS,!WP1002!WP1006!WP1007!WP1001!WP1003!WP1014!hist14!CP1008,1
2026-07-16 00:50:05.2,1DAS11,IVVH0031,BFP A INB BRG  X  VIB,1725,HIABS,HIGH,RTN,1,1.69945,2,MILS,!WP1002!WP1006!WP1007!WP1001!WP1003!WP1014!hist14!CP1008,1
2026-07-16 00:50:07.2,1DAS11,IVVH0031,BFP A INB BRG  X  VIB,1725,HIABS,HIGH,ALM,1,2.18582,2,MILS,!WP1002!WP1006!WP1007!WP1001!WP1003!WP1014!hist14!CP1008,1
2026-07-16 00:50:15.6,1MKVIE_ALM2,B1A,MARK VIE A BFPT GENERAL ALARM,,STATE,ALARM,ALM,1,,,,!WP1001!WP1002!WP1003!WP1006!WP1007!WP1014!hist14!CP1002,1
2026-07-16 00:50:15.6,1MKVIE_ALM2,B2A,MARK VIE B BFPT GENERAL ALARM,,STATE,ALARM,ALM,1,,,,!WP1001!WP1002!WP1003!WP1006!WP1007!WP1014!hist14!CP1002,1
2026-07-16 00:50:16.5,1BFA_GSM_ALM,BFA_ALM12,MARK VIE A BFPT ALARM,,STA_4,BENTLY VIBRATION ALARM,ALM,1,0,0,,!WP1001!WP1002!WP1003!WP1006!WP1007!WP1014!hist14!CP1011,1
2026-07-16 00:50:16.5,1BFB_GSM_ALM,BFB_ALM12,MARK VIE B BFPT ALARM,,STA_4,BENTLY VIBRATION ALARM,ALM,1,0,0,,!WP1001!WP1002!WP1003!WP1006!WP1007!WP1014!hist14!CP1011,1
2026-07-16 00:50:23.0,1BFA_GSM_ALM,BFA_ALM12,MARK VIE A BFPT ALARM,,STA_4,BENTLY VIBRATION OK,RTN,1,0,0,,!WP1001!WP1002!WP1003!WP1006!WP1007!WP1014!hist14!CP1011,1
2026-07-16 00:50:23.0,1BFB_GSM_ALM,BFB_ALM12,MARK VIE B BFPT ALARM,,STA_4,BENTLY VIBRATION OK,RTN,1,0,0,,!WP1001!WP1002!WP1003!WP1006!WP1007!WP1014!hist14!CP1011,1
2026-07-16 00:50:23.2,1DAS11,IVVH0031,BFP A INB BRG  X  VIB,1725,HIABS,HIGH,RTN,1,1.70517,2,MILS,!WP1002!WP1006!WP1007!WP1001!WP1003!WP1014!hist14!CP1008,1
2026-07-16 00:50:25.2,1DAS11,IVVH0031,BFP A INB BRG  X  VIB,1725,HIABS,HIGH,ALM,1,2.06757,2,MILS,!WP1002!WP1006!WP1007!WP1001!WP1003!WP1014!hist14!CP1008,1
2026-07-16 00:50:31.0,1BFA_GSM_ALM,BFA_ALM12,MARK VIE A BFPT ALARM,,STA_4,BENTLY VIBRATION ALARM,ALM,1,0,0,,!WP1001!WP1002!WP1003!WP1006!WP1007!WP1014!hist14!CP1011,1
2026-07-16 00:50:31.0,1BFB_GSM_ALM,BFB_ALM12,MARK VIE B BFPT ALARM,,STA_4,BENTLY VIBRATION ALARM,ALM,1,0,0,,!WP1001!WP1002!WP1003!WP1006!WP1007!WP1014!hist14!CP1011,1
2026-07-16 00:50:35.2,1DAS11,IVVH0441,BFP A INB BRG      Y  VIB,1726,HIABS,HIGH,ALM,1,2.09046,2,MILS,!WP1002!WP1006!WP1007!WP1001!WP1003!WP1014!hist14!CP1008,1
2026-07-16 00:50:47.2,1DAS11,IVVH0021,BFP A OUTB BRG     Y  VIB,1724,HIABS,HIGH,ALM,1,2.04086,2,MILS,!WP1002!WP1006!WP1007!WP1001!WP1003!WP1014!hist14!CP1008,1
2026-07-16 00:51:13.2,1DAS11,IVVH0021,BFP A OUTB BRG     Y  VIB,1724,HIABS,HIGH,RTN,1,1.72997,2,MILS,!WP1002!WP1006!WP1007!WP1001!WP1003!WP1014!hist14!CP1008,1
2026-07-16 00:51:15.6,1MKVIE_ALM2,B1A,MARK VIE A BFPT GENERAL ALARM,,STATE,NORMAL,RTN,1,,,,!WP1001!WP1002!WP1003!WP1006!WP1007!WP1014!hist14!CP1002,1
2026-07-16 00:51:15.6,1MKVIE_ALM2,B2A,MARK VIE B BFPT GENERAL ALARM,,STATE,NORMAL,RTN,1,,,,!WP1001!WP1002!WP1003!WP1006!WP1007!WP1014!hist14!CP1002,1
2026-07-16 00:51:15.2,1DAS11,IVVH0021,BFP A OUTB BRG     Y  VIB,1724,HIABS,HIGH,ALM,1,2.5959,2,MILS,!WP1002!WP1006!WP1007!WP1001!WP1003!WP1014!hist14!CP1008,1
2026-07-16 00:51:17.2,1DAS11,IVVH0011,BFP A OUTB BRG     X  VIB,1723,HIABS,HIGH,ALM,1,2.08283,2,MILS,!WP1002!WP1006!WP1007!WP1001!WP1003!WP1014!hist14!CP1008,1
2026-07-16 00:51:23.4,1SCRA_IDSAV,SLPDI5416A,A IDMPR SCR SA PSG TO FG DUCT DP,,LOABS,SCR A IN DMPR SEAL DP LOW (SERV),ALM,5,1.9957,2,INH2O,!hist14!CP1016,2
2026-07-16 00:51:28.0,1SCRA_IDSAV,SLPDI5416A,A IDMPR SCR SA PSG TO FG DUCT DP,,LOABS,SCR A IN DMPR SEAL DP LOW (SERV),RTN,5,2.20273,2,INH2O,!hist14!CP1016,2
2026-07-16 00:51:29.1,1DL,B81,BFP DEMAND,,HIABS,BLOCK INC,ALM,5,98.008,98,%,!WP1001!WP1002!WP1003!WP1006!WP1007!WP1014!hist14!CP1002,1
2026-07-16 00:51:32.5,1BFB_GSM_ALM,BFB_ALM1,MARK VIE B BFPT ALARM,,STA_2,DCS SPD INPUT OUTSIDE LIMIT,ALM,5,0,0,,!WP1001!WP1002!WP1003!WP1006!WP1007!WP1014!hist14!CP1011,1
2026-07-16 00:51:37.2,1DAS11,IVVH0011,BFP A OUTB BRG     X  VIB,1723,HIABS,HIGH,RTN,1,1.68991,2,MILS,!WP1002!WP1006!WP1007!WP1001!WP1003!WP1014!hist14!CP1008,1
2026-07-16 00:51:38.1,1DL,B81,BFP DEMAND,,HIABS,BLOCK INC,RTN,5,96.7314,98,%,!WP1001!WP1002!WP1003!WP1006!WP1007!WP1014!hist14!CP1002,1
2026-07-16 00:51:39.0,1BFA_GSM_ALM,BFA_ALM12,MARK VIE A BFPT ALARM,,STA_4,BENTLY VIBRATION OK,RTN,1,0,0,,!WP1001!WP1002!WP1003!WP1006!WP1007!WP1014!hist14!CP1011,1
2026-07-16 00:51:39.0,1BFB_GSM_ALM,BFB_ALM1,MARK VIE B BFPT ALARM,,STA_2,DCS SPD INPUT OK,RTN,5,0,0,,!WP1001!WP1002!WP1003!WP1006!WP1007!WP1014!hist14!CP1011,1
2026-07-16 00:51:39.0,1BFB_GSM_ALM,BFB_ALM12,MARK VIE B BFPT ALARM,,STA_4,BENTLY VIBRATION OK,RTN,1,0,0,,!WP1001!WP1002!WP1003!WP1006!WP1007!WP1014!hist14!CP1011,1
2026-07-16 00:51:39.2,1DAS11,IVVH0021,BFP A OUTB BRG     Y  VIB,1724,HIABS,HIGH,RTN,1,1.46866,2,MILS,!WP1002!WP1006!WP1007!WP1001!WP1003!WP1014!hist14!CP1008,1
2026-07-16 00:51:39.2,1DAS11,IVVH0031,BFP A INB BRG  X  VIB,1725,HIABS,HIGH,RTN,1,1.44577,2,MILS,!WP1002!WP1006!WP1007!WP1001!WP1003!WP1014!hist14!CP1008,1
2026-07-16 00:51:39.2,1DAS11,IVVH0441,BFP A INB BRG      Y  VIB,1726,HIABS,HIGH,RTN,1,1.12915,2,MILS,!WP1002!WP1006!WP1007!WP1001!WP1003!WP1014!hist14!CP1008,1
2026-07-16 00:51:51.0,1BFB_GSM_ALM,BFB_ALM14,MARK VIE B BFPT ALARM,,STA_7,B BFPT SPD DEV OK,RTN,5,0,0,,!WP1001!WP1002!WP1003!WP1006!WP1007!WP1014!hist14!CP1011,1
2026-07-16 00:51:57.2,1DAS11,IVVH0031,BFP A INB BRG  X  VIB,1725,HIABS,HIGH,ALM,1,2.43569,2,MILS,!WP1002!WP1006!WP1007!WP1001!WP1003!WP1014!hist14!CP1008,1
2026-07-16 00:51:58.6,1MKVIE_ALM2,B1A,MARK VIE A BFPT GENERAL ALARM,,STATE,ALARM,ALM,1,,,,!WP1001!WP1002!WP1003!WP1006!WP1007!WP1014!hist14!CP1002,1
2026-07-16 00:51:58.6,1MKVIE_ALM2,B2A,MARK VIE B BFPT GENERAL ALARM,,STATE,ALARM,ALM,1,,,,!WP1001!WP1002!WP1003!WP1006!WP1007!WP1014!hist14!CP1002,1
2026-07-16 00:51:59.2,1DAS11,IVVH0021,BFP A OUTB BRG     Y  VIB,1724,HIABS,HIGH,ALM,1,2.26975,2,MILS,!WP1002!WP1006!WP1007!WP1001!WP1003!WP1014!hist14!CP1008,1
2026-07-16 00:51:59.2,1DAS11,IVVH0441,BFP A INB BRG      Y  VIB,1726,HIABS,HIGH,ALM,1,2.43378,2,MILS,!WP1002!WP1006!WP1007!WP1001!WP1003!WP1014!hist14!CP1008,1
2026-07-16 00:52:00.5,1BFA_GSM_ALM,BFA_ALM12,MARK VIE A BFPT ALARM,,STA_4,BENTLY VIBRATION ALARM,ALM,1,0,0,,!WP1001!WP1002!WP1003!WP1006!WP1007!WP1014!hist14!CP1011,1
2026-07-16 00:52:00.5,1BFB_GSM_ALM,BFB_ALM12,MARK VIE B BFPT ALARM,,STA_4,BENTLY VIBRATION ALARM,ALM,1,0,0,,!WP1001!WP1002!WP1003!WP1006!WP1007!WP1014!hist14!CP1011,1
2026-07-16 00:52:03.0,1BFA_GSM_ALM,BFA_ALM12,MARK VIE A BFPT ALARM,,STA_4,BENTLY VIBRATION OK,RTN,1,0,0,,!WP1001!WP1002!WP1003!WP1006!WP1007!WP1014!hist14!CP1011,1
2026-07-16 00:52:03.0,1BFB_GSM_ALM,BFB_ALM12,MARK VIE B BFPT ALARM,,STA_4,BENTLY VIBRATION OK,RTN,1,0,0,,!WP1001!WP1002!WP1003!WP1006!WP1007!WP1014!hist14!CP1011,1
2026-07-16 00:52:03.2,1DAS11,IVVH0021,BFP A OUTB BRG     Y  VIB,1724,HIABS,HIGH,RTN,1,1.18256,2,MILS,!WP1002!WP1006!WP1007!WP1001!WP1003!WP1014!hist14!CP1008,1
2026-07-16 00:52:03.2,1DAS11,IVVH0031,BFP A INB BRG  X  VIB,1725,HIABS,HIGH,RTN,1,1.17111,2,MILS,!WP1002!WP1006!WP1007!WP1001!WP1003!WP1014!hist14!CP1008,1
2026-07-16 00:52:03.2,1DAS11,IVVH0441,BFP A INB BRG      Y  VIB,1726,HIABS,HIGH,RTN,1,1.02234,2,MILS,!WP1002!WP1006!WP1007!WP1001!WP1003!WP1014!hist14!CP1008,1
2026-07-16 00:52:05.6,1ULD,B3_ALM,BLOCK LOAD INC/DEC ALM,,STATE,BLOCK LOAD INCREASE/DECREASE,ALM,3,,,,!WP1001!WP1002!WP1003!WP1006!WP1007!WP1014!hist14!CP1001,1
2026-07-16 00:52:09.2,1DAS11,IVVH0021,BFP A OUTB BRG     Y  VIB,1724,HIABS,HIGH,ALM,1,2.0504,2,MILS,!WP1002!WP1006!WP1007!WP1001!WP1003!WP1014!hist14!CP1008,1
2026-07-16 00:52:09.2,1DAS11,IVVH0031,BFP A INB BRG  X  VIB,1725,HIABS,HIGH,ALM,1,3.28827,2,MILS,!WP1002!WP1006!WP1007!WP1001!WP1003!WP1014!hist14!CP1008,1
2026-07-16 00:52:09.2,1DAS11,IVVH0441,BFP A INB BRG      Y  VIB,1726,HIABS,HIGH,ALM,1,2.20299,2,MILS,!WP1002!WP1006!WP1007!WP1001!WP1003!WP1014!hist14!CP1008,1
2026-07-16 00:52:11.0,1BFA_GSM_ALM,BFA_ALM12,MARK VIE A BFPT ALARM,,STA_4,BENTLY VIBRATION ALARM,ALM,1,0,0,,!WP1001!WP1002!WP1003!WP1006!WP1007!WP1014!hist14!CP1011,1
2026-07-16 00:52:11.0,1BFB_GSM_ALM,BFB_ALM12,MARK VIE B BFPT ALARM,,STA_4,BENTLY VIBRATION ALARM,ALM,1,0,0,,!WP1001!WP1002!WP1003!WP1006!WP1007!WP1014!hist14!CP1011,1
2026-07-16 00:52:14.1,1ULD,B3_ALM,BLOCK LOAD INC/DEC ALM,,STATE,LOAD BLOCK NOT IN SERVICE,RTN,3,,,,!WP1001!WP1002!WP1003!WP1006!WP1007!WP1014!hist14!CP1001,1
2026-07-16 00:52:16.5,1BFB_GSM_ALM,BFB_ALM12,MARK VIE B BFPT ALARM,,STA_4,BENTLY VIBRATION OK,RTN,1,0,0,,!WP1001!WP1002!WP1003!WP1006!WP1007!WP1014!hist14!CP1011,1
2026-07-16 00:52:17.0,1BFA_GSM_ALM,BFA_ALM12,MARK VIE A BFPT ALARM,,STA_4,BENTLY VIBRATION OK,RTN,1,0,0,,!WP1001!WP1002!WP1003!WP1006!WP1007!WP1014!hist14!CP1011,1
2026-07-16 00:52:17.2,1DAS11,IVVH0021,BFP A OUTB BRG     Y  VIB,1724,HIABS,HIGH,RTN,1,1.08528,2,MILS,!WP1002!WP1006!WP1007!WP1001!WP1003!WP1014!hist14!CP1008,1
2026-07-16 00:52:17.2,1DAS11,IVVH0031,BFP A INB BRG  X  VIB,1725,HIABS,HIGH,RTN,1,1.14822,2,MILS,!WP1002!WP1006!WP1007!WP1001!WP1003!WP1014!hist14!CP1008,1
2026-07-16 00:52:17.2,1DAS11,IVVH0441,BFP A INB BRG      Y  VIB,1726,HIABS,HIGH,RTN,1,1.02806,2,MILS,!WP1002!WP1006!WP1007!WP1001!WP1003!WP1014!hist14!CP1008,1
2026-07-16 00:52:20.5,1BFB_GSM_ALM,BFB_ALM14,MARK VIE B BFPT ALARM,,STA_7,B BFPT SPD DEV FROM SETPOINT,ALM,5,0,0,,!WP1001!WP1002!WP1003!WP1006!WP1007!WP1014!hist14!CP1011,1
2026-07-16 00:52:21.2,1DAS11,IVVH0021,BFP A OUTB BRG     Y  VIB,1724,HIABS,HIGH,ALM,1,2.32887,2,MILS,!WP1002!WP1006!WP1007!WP1001!WP1003!WP1014!hist14!CP1008,1
2026-07-16 00:52:21.2,1DAS11,IVVH0031,BFP A INB BRG  X  VIB,1725,HIABS,HIGH,ALM,1,2.99263,2,MILS,!WP1002!WP1006!WP1007!WP1001!WP1003!WP1014!hist14!CP1008,1
2026-07-16 00:52:21.2,1DAS11,IVVH0441,BFP A INB BRG      Y  VIB,1726,HIABS,HIGH,ALM,1,2.23923,2,MILS,!WP1002!WP1006!WP1007!WP1001!WP1003!WP1014!hist14!CP1008,1
2026-07-16 00:52:22.5,1BFA_GSM_ALM,BFA_ALM12,MARK VIE A BFPT ALARM,,STA_4,BENTLY VIBRATION ALARM,ALM,1,0,0,,!WP1001!WP1002!WP1003!WP1006!WP1007!WP1014!hist14!CP1011,1
2026-07-16 00:52:22.5,1BFB_GSM_ALM,BFB_ALM12,MARK VIE B BFPT ALARM,,STA_4,BENTLY VIBRATION ALARM,ALM,1,0,0,,!WP1001!WP1002!WP1003!WP1006!WP1007!WP1014!hist14!CP1011,1
2026-07-16 00:52:31.0,1BFA_GSM_ALM,BFA_ALM12,MARK VIE A BFPT ALARM,,STA_4,BENTLY VIBRATION OK,RTN,1,0,0,,!WP1001!WP1002!WP1003!WP1006!WP1007!WP1014!hist14!CP1011,1
2026-07-16 00:52:31.0,1BFB_GSM_ALM,BFB_ALM12,MARK VIE B BFPT ALARM,,STA_4,BENTLY VIBRATION OK,RTN,1,0,0,,!WP1001!WP1002!WP1003!WP1006!WP1007!WP1014!hist14!CP1011,1
2026-07-16 00:52:31.2,1DAS11,IVVH0021,BFP A OUTB BRG     Y  VIB,1724,HIABS,HIGH,RTN,1,1.08528,2,MILS,!WP1002!WP1006!WP1007!WP1001!WP1003!WP1014!hist14!CP1008,1
2026-07-16 00:52:31.2,1DAS11,IVVH0031,BFP A INB BRG  X  VIB,1725,HIABS,HIGH,RTN,1,1.21117,2,MILS,!WP1002!WP1006!WP1007!WP1001!WP1003!WP1014!hist14!CP1008,1
2026-07-16 00:52:31.2,1DAS11,IVVH0441,BFP A INB BRG      Y  VIB,1726,HIABS,HIGH,RTN,1,1.05858,2,MILS,!WP1002!WP1006!WP1007!WP1001!WP1003!WP1014!hist14!CP1008,1
2026-07-16 00:52:35.2,1DAS11,IVVH0031,BFP A INB BRG  X  VIB,1725,HIABS,HIGH,ALM,1,3.00026,2,MILS,!WP1002!WP1006!WP1007!WP1001!WP1003!WP1014!hist14!CP1008,1
2026-07-16 00:52:35.2,1DAS11,IVVH0441,BFP A INB BRG      Y  VIB,1726,HIABS,HIGH,ALM,1,2.42424,2,MILS,!WP1002!WP1006!WP1007!WP1001!WP1003!WP1014!hist14!CP1008,1
2026-07-16 00:52:37.0,1BFA_GSM_ALM,BFA_ALM12,MARK VIE A BFPT ALARM,,STA_4,BENTLY VIBRATION ALARM,ALM,1,0,0,,!WP1001!WP1002!WP1003!WP1006!WP1007!WP1014!hist14!CP1011,1
2026-07-16 00:52:37.0,1BFB_GSM_ALM,BFB_ALM12,MARK VIE B BFPT ALARM,,STA_4,BENTLY VIBRATION ALARM,ALM,1,0,0,,!WP1001!WP1002!WP1003!WP1006!WP1007!WP1014!hist14!CP1011,1
2026-07-16 00:52:37.2,1DAS11,IVVH0021,BFP A OUTB BRG     Y  VIB,1724,HIABS,HIGH,ALM,1,2.32506,2,MILS,!WP1002!WP1006!WP1007!WP1001!WP1003!WP1014!hist14!CP1008,1
2026-07-16 00:52:41.0,1BFA_GSM_ALM,BFA_ALM12,MARK VIE A BFPT ALARM,,STA_4,BENTLY VIBRATION OK,RTN,1,0,0,,!WP1001!WP1002!WP1003!WP1006!WP1007!WP1014!hist14!CP1011,1
2026-07-16 00:52:41.0,1BFB_GSM_ALM,BFB_ALM12,MARK VIE B BFPT ALARM,,STA_4,BENTLY VIBRATION OK,RTN,1,0,0,,!WP1001!WP1002!WP1003!WP1006!WP1007!WP1014!hist14!CP1011,1
2026-07-16 00:52:43.0,1BFB_GSM_ALM,BFB_ALM14,MARK VIE B BFPT ALARM,,STA_7,B BFPT SPD DEV OK,RTN,5,0,0,,!WP1001!WP1002!WP1003!WP1006!WP1007!WP1014!hist14!CP1011,1
2026-07-16 00:52:43.2,1DAS11,IVVH0021,BFP A OUTB BRG     Y  VIB,1724,HIABS,HIGH,RTN,1,0.812531,2,MILS,!WP1002!WP1006!WP1007!WP1001!WP1003!WP1014!hist14!CP1008,1
2026-07-16 00:52:43.2,1DAS11,IVVH0031,BFP A INB BRG  X  VIB,1725,HIABS,HIGH,RTN,1,1.08147,2,MILS,!WP1002!WP1006!WP1007!WP1001!WP1003!WP1014!hist14!CP1008,1
2026-07-16 00:52:43.2,1DAS11,IVVH0441,BFP A INB BRG      Y  VIB,1726,HIABS,HIGH,RTN,1,0.942231,2,MILS,!WP1002!WP1006!WP1007!WP1001!WP1003!WP1014!hist14!CP1008,1
2026-07-16 00:52:58.6,1MKVIE_ALM2,B1A,MARK VIE A BFPT GENERAL ALARM,,STATE,NORMAL,RTN,1,,,,!WP1001!WP1002!WP1003!WP1006!WP1007!WP1014!hist14!CP1002,1
2026-07-16 00:52:58.6,1MKVIE_ALM2,B2A,MARK VIE B BFPT GENERAL ALARM,,STATE,NORMAL,RTN,1,,,,!WP1001!WP1002!WP1003!WP1006!WP1007!WP1014!hist14!CP1002,1
2026-07-16 00:53:08.0,1SCRA_IDSAV,SLPDI5416A,A IDMPR SCR SA PSG TO FG DUCT DP,,LOABS,SCR A IN DMPR SEAL DP LOW (SERV),ALM,5,1.99844,2,INH2O,!hist14!CP1016,2
2026-07-16 00:53:17.0,1SCRA_IDSAV,SLPDI5416A,A IDMPR SCR SA PSG TO FG DUCT DP,,LOABS,SCR A IN DMPR SEAL DP LOW (SERV),RTN,5,2.2291,2,INH2O,!hist14!CP1016,2
2026-07-16 00:53:26.1,1MKVIE_ALM2,B1A,MARK VIE A BFPT GENERAL ALARM,,STATE,ALARM,ALM,1,,,,!WP1001!WP1002!WP1003!WP1006!WP1007!WP1014!hist14!CP1002,1
2026-07-16 00:53:26.1,1MKVIE_ALM2,B2A,MARK VIE B BFPT GENERAL ALARM,,STATE,ALARM,ALM,1,,,,!WP1001!WP1002!WP1003!WP1006!WP1007!WP1014!hist14!CP1002,1
2026-07-16 00:53:33.0,1BFA_GSM_ALM,BFA_ALM12,MARK VIE A BFPT ALARM,,STA_4,BENTLY VIBRATION ALARM,ALM,1,0,0,,!WP1001!WP1002!WP1003!WP1006!WP1007!WP1014!hist14!CP1011,1
2026-07-16 00:53:33.0,1BFB_GSM_ALM,BFB_ALM12,MARK VIE B BFPT ALARM,,STA_4,BENTLY VIBRATION ALARM,ALM,1,0,0,,!WP1001!WP1002!WP1003!WP1006!WP1007!WP1014!hist14!CP1011,1
2026-07-16 00:53:38.5,1BFA_GSM_ALM,BFA_ALM12,MARK VIE A BFPT ALARM,,STA_4,BENTLY VIBRATION OK,RTN,1,0,0,,!WP1001!WP1002!WP1003!WP1006!WP1007!WP1014!hist14!CP1011,1
2026-07-16 00:53:38.5,1BFB_GSM_ALM,BFB_ALM12,MARK VIE B BFPT ALARM,,STA_4,BENTLY VIBRATION OK,RTN,1,0,0,,!WP1001!WP1002!WP1003!WP1006!WP1007!WP1014!hist14!CP1011,1
2026-07-16 00:53:40.2,1AB_PYR_SEQ,PYR_TIME,PULL PYRITE ALARM,,PTARG,PULL PYRITE ALARM,RTN,3,0,8,HR,!WP1002!WP1011!WP1001!hist14!CP1020,1
2026-07-16 00:54:06.0,1SCRA_IDSAV,SLPDI5416A,A IDMPR SCR SA PSG TO FG DUCT DP,,LOABS,SCR A IN DMPR SEAL DP LOW (SERV),ALM,5,1.99023,2,INH2O,!hist14!CP1016,2
2026-07-16 00:54:06.3,1AB_PYRITE,SV_617AL,MILL HPR 1J EJCT  WTR VLV,MILL HOPPER 1,STATE,FAIL,ALM,3,,,,!WP1002!WP1011!WP1001!hist14!CP1020,1
2026-07-16 00:54:10.0,1SCRA_IDSAV,SLPDI5416A,A IDMPR SCR SA PSG TO FG DUCT DP,,LOABS,SCR A IN DMPR SEAL DP LOW (SERV),RTN,5,2.20039,2,INH2O,!hist14!CP1016,2
2026-07-16 00:54:20.4,1MELIM,ZDS5504,WET/DRY INTFC VLV  DM DEV,,HIDEV,HIGH DEVIATION ALARM,RTN,3,54.002,57.5,%,!hist14!CP1017,2
2026-07-16 00:54:26.1,1MKVIE_ALM2,B1A,MARK VIE A BFPT GENERAL ALARM,,STATE,NORMAL,RTN,1,,,,!WP1001!WP1002!WP1003!WP1006!WP1007!WP1014!hist14!CP1002,1
2026-07-16 00:54:26.1,1MKVIE_ALM2,B2A,MARK VIE B BFPT GENERAL ALARM,,STATE,NORMAL,RTN,1,,,,!WP1001!WP1002!WP1003!WP1006!WP1007!WP1014!hist14!CP1002,1
2026-07-16 00:54:32.0,1SCRA_IDSAV,SLPDI5416A,A IDMPR SCR SA PSG TO FG DUCT DP,,LOABS,SCR A IN DMPR SEAL DP LOW (SERV),ALM,5,1.96738,2,INH2O,!hist14!CP1016,2
2026-07-16 00:54:42.0,1SCRA_IDSAV,SLPDI5416A,A IDMPR SCR SA PSG TO FG DUCT DP,,LOABS,SCR A IN DMPR SEAL DP LOW (SERV),RTN,5,2.21172,2,INH2O,!hist14!CP1016,2
2026-07-16 00:54:42.6,1MKVIE_ALM2,B2A,MARK VIE B BFPT GENERAL ALARM,,STATE,ALARM,ALM,1,,,,!WP1001!WP1002!WP1003!WP1006!WP1007!WP1014!hist14!CP1002,1
2026-07-16 00:54:43.1,1MKVIE_ALM2,B1A,MARK VIE A BFPT GENERAL ALARM,,STATE,ALARM,ALM,1,,,,!WP1001!WP1002!WP1003!WP1006!WP1007!WP1014!hist14!CP1002,1
2026-07-16 00:54:45.0,1BFA_GSM_ALM,BFA_ALM12,MARK VIE A BFPT ALARM,,STA_4,BENTLY VIBRATION ALARM,ALM,1,0,0,,!WP1001!WP1002!WP1003!WP1006!WP1007!WP1014!hist14!CP1011,1
2026-07-16 00:54:45.0,1BFB_GSM_ALM,BFB_ALM12,MARK VIE B BFPT ALARM,,STA_4,BENTLY VIBRATION ALARM,ALM,1,0,0,,!WP1001!WP1002!WP1003!WP1006!WP1007!WP1014!hist14!CP1011,1
2026-07-16 00:54:47.0,1BFA_GSM_ALM,BFA_ALM12,MARK VIE A BFPT ALARM,,STA_4,BENTLY VIBRATION OK,RTN,1,0,0,,!WP1001!WP1002!WP1003!WP1006!WP1007!WP1014!hist14!CP1011,1
2026-07-16 00:54:47.0,1BFB_GSM_ALM,BFB_ALM12,MARK VIE B BFPT ALARM,,STA_4,BENTLY VIBRATION OK,RTN,1,0,0,,!WP1001!WP1002!WP1003!WP1006!WP1007!WP1014!hist14!CP1011,1
2026-07-16 00:54:55.0,1SCRA_IDSAV,SLPDI5416A,A IDMPR SCR SA PSG TO FG DUCT DP,,LOABS,SCR A IN DMPR SEAL DP LOW (SERV),ALM,5,1.99551,2,INH2O,!hist14!CP1016,2
2026-07-16 00:55:08.0,1SCRA_IDSAV,SLPDI5416A,A IDMPR SCR SA PSG TO FG DUCT DP,,LOABS,SCR A IN DMPR SEAL DP LOW (SERV),RTN,5,2.20078,2,INH2O,!hist14!CP1016,2
2026-07-16 00:55:35.0,1BFA_GSM_ALM,BFA_ALM12,MARK VIE A BFPT ALARM,,STA_4,BENTLY VIBRATION ALARM,ALM,1,0,0,,!WP1001!WP1002!WP1003!WP1006!WP1007!WP1014!hist14!CP1011,1
2026-07-16 00:55:35.0,1BFB_GSM_ALM,BFB_ALM12,MARK VIE B BFPT ALARM,,STA_4,BENTLY VIBRATION ALARM,ALM,1,0,0,,!WP1001!WP1002!WP1003!WP1006!WP1007!WP1014!hist14!CP1011,1
2026-07-16 00:55:37.0,1SCRA_IDSAV,SLPDI5416A,A IDMPR SCR SA PSG TO FG DUCT DP,,LOABS,SCR A IN DMPR SEAL DP LOW (SERV),ALM,5,1.96621,2,INH2O,!hist14!CP1016,2
2026-07-16 00:55:39.0,1BFA_GSM_ALM,BFA_ALM12,MARK VIE A BFPT ALARM,,STA_4,BENTLY VIBRATION OK,RTN,1,0,0,,!WP1001!WP1002!WP1003!WP1006!WP1007!WP1014!hist14!CP1011,1
2026-07-16 00:55:39.0,1BFB_GSM_ALM,BFB_ALM12,MARK VIE B BFPT ALARM,,STA_4,BENTLY VIBRATION OK,RTN,1,0,0,,!WP1001!WP1002!WP1003!WP1006!WP1007!WP1014!hist14!CP1011,1
2026-07-16 00:55:42.6,1MKVIE_ALM2,B2A,MARK VIE B BFPT GENERAL ALARM,,STATE,NORMAL,RTN,1,,,,!WP1001!WP1002!WP1003!WP1006!WP1007!WP1014!hist14!CP1002,1
2026-07-16 00:55:43.1,1MKVIE_ALM2,B1A,MARK VIE A BFPT GENERAL ALARM,,STATE,NORMAL,RTN,1,,,,!WP1001!WP1002!WP1003!WP1006!WP1007!WP1014!hist14!CP1002,1
2026-07-16 00:55:51.0,1SCRA_IDSAV,SLPDI5416A,A IDMPR SCR SA PSG TO FG DUCT DP,,LOABS,SCR A IN DMPR SEAL DP LOW (SERV),RTN,5,2.20586,2,INH2O,!hist14!CP1016,2
2026-07-16 00:55:51.4,1MELIM,ZDS5504,WET/DRY INTFC VLV  DM DEV,,HIDEV,HIGH DEVIATION ALARM,ALM,3,98.6387,5,%,!hist14!CP1017,2
2026-07-16 00:56:18.6,1MKVIE_ALM2,B1A,MARK VIE A BFPT GENERAL ALARM,,STATE,ALARM,ALM,1,,,,!WP1001!WP1002!WP1003!WP1006!WP1007!WP1014!hist14!CP1002,1
2026-07-16 00:56:18.6,1MKVIE_ALM2,B2A,MARK VIE B BFPT GENERAL ALARM,,STATE,ALARM,ALM,1,,,,!WP1001!WP1002!WP1003!WP1006!WP1007!WP1014!hist14!CP1002,1
2026-07-16 00:56:21.0,1BFA_GSM_ALM,BFA_ALM12,MARK VIE A BFPT ALARM,,STA_4,BENTLY VIBRATION ALARM,ALM,1,0,0,,!WP1001!WP1002!WP1003!WP1006!WP1007!WP1014!hist14!CP1011,1
2026-07-16 00:56:21.0,1BFB_GSM_ALM,BFB_ALM12,MARK VIE B BFPT ALARM,,STA_4,BENTLY VIBRATION ALARM,ALM,1,0,0,,!WP1001!WP1002!WP1003!WP1006!WP1007!WP1014!hist14!CP1011,1
2026-07-16 00:56:45.0,1BFA_GSM_ALM,BFA_ALM12,MARK VIE A BFPT ALARM,,STA_4,BENTLY VIBRATION OK,RTN,1,0,0,,!WP1001!WP1002!WP1003!WP1006!WP1007!WP1014!hist14!CP1011,1
2026-07-16 00:56:45.0,1BFB_GSM_ALM,BFB_ALM12,MARK VIE B BFPT ALARM,,STA_4,BENTLY VIBRATION OK,RTN,1,0,0,,!WP1001!WP1002!WP1003!WP1006!WP1007!WP1014!hist14!CP1011,1
2026-07-16 00:57:01.1,1SCRA_IDSAV,SLPDI5416A,A IDMPR SCR SA PSG TO FG DUCT DP,,LOABS,SCR A IN DMPR SEAL DP LOW (SERV),ALM,5,1.98516,2,INH2O,!hist14!CP1016,2
2026-07-16 00:57:07.1,1SCRA_IDSAV,SLPDI5416A,A IDMPR SCR SA PSG TO FG DUCT DP,,LOABS,SCR A IN DMPR SEAL DP LOW (SERV),RTN,5,2.2125,2,INH2O,!hist14!CP1016,2
2026-07-16 00:57:11.2,1DAS11,IVVH0021,BFP A OUTB BRG     Y  VIB,1724,HIABS,HIGH,ALM,1,2.14386,2,MILS,!WP1002!WP1006!WP1007!WP1001!WP1003!WP1014!hist14!CP1008,1
2026-07-16 00:57:11.2,1DAS11,IVVH0031,BFP A INB BRG  X  VIB,1725,HIABS,HIGH,ALM,1,3.04032,2,MILS,!WP1002!WP1006!WP1007!WP1001!WP1003!WP1014!hist14!CP1008,1
2026-07-16 00:57:11.2,1DAS11,IVVH0441,BFP A INB BRG      Y  VIB,1726,HIABS,HIGH,ALM,1,2.47002,2,MILS,!WP1002!WP1006!WP1007!WP1001!WP1003!WP1014!hist14!CP1008,1
2026-07-16 00:57:13.0,1BFA_GSM_ALM,BFA_ALM12,MARK VIE A BFPT ALARM,,STA_4,BENTLY VIBRATION ALARM,ALM,1,0,0,,!WP1001!WP1002!WP1003!WP1006!WP1007!WP1014!hist14!CP1011,1
2026-07-16 00:57:13.0,1BFB_GSM_ALM,BFB_ALM12,MARK VIE B BFPT ALARM,,STA_4,BENTLY VIBRATION ALARM,ALM,1,0,0,,!WP1001!WP1002!WP1003!WP1006!WP1007!WP1014!hist14!CP1011,1
2026-07-16 00:57:18.6,1MKVIE_ALM2,B1A,MARK VIE A BFPT GENERAL ALARM,,STATE,NORMAL,RTN,1,,,,!WP1001!WP1002!WP1003!WP1006!WP1007!WP1014!hist14!CP1002,1
2026-07-16 00:57:18.6,1MKVIE_ALM2,B2A,MARK VIE B BFPT GENERAL ALARM,,STATE,NORMAL,RTN,1,,,,!WP1001!WP1002!WP1003!WP1006!WP1007!WP1014!hist14!CP1002,1
2026-07-16 00:57:21.0,1BFA_GSM_ALM,BFA_ALM12,MARK VIE A BFPT ALARM,,STA_4,BENTLY VIBRATION OK,RTN,1,0,0,,!WP1001!WP1002!WP1003!WP1006!WP1007!WP1014!hist14!CP1011,1
2026-07-16 00:57:21.0,1BFB_GSM_ALM,BFB_ALM12,MARK VIE B BFPT ALARM,,STA_4,BENTLY VIBRATION OK,RTN,1,0,0,,!WP1001!WP1002!WP1003!WP1006!WP1007!WP1014!hist14!CP1011,1
2026-07-16 00:57:21.2,1DAS11,IVVH0021,BFP A OUTB BRG     Y  VIB,1724,HIABS,HIGH,RTN,1,1.30272,2,MILS,!WP1002!WP1006!WP1007!WP1001!WP1003!WP1014!hist14!CP1008,1
2026-07-16 00:57:21.2,1DAS11,IVVH0441,BFP A INB BRG      Y  VIB,1726,HIABS,HIGH,RTN,1,1.37138,2,MILS,!WP1002!WP1006!WP1007!WP1001!WP1003!WP1014!hist14!CP1008,1
2026-07-16 00:57:23.2,1DAS11,IVVH0031,BFP A INB BRG  X  VIB,1725,HIABS,HIGH,RTN,1,1.25313,2,MILS,!WP1002!WP1006!WP1007!WP1001!WP1003!WP1014!hist14!CP1008,1
2026-07-16 00:57:25.6,1MKVIE_ALM2,B1A,MARK VIE A BFPT GENERAL ALARM,,STATE,ALARM,ALM,1,,,,!WP1001!WP1002!WP1003!WP1006!WP1007!WP1014!hist14!CP1002,1
2026-07-16 00:57:25.6,1MKVIE_ALM2,B2A,MARK VIE B BFPT GENERAL ALARM,,STATE,ALARM,ALM,1,,,,!WP1001!WP1002!WP1003!WP1006!WP1007!WP1014!hist14!CP1002,1
2026-07-16 00:57:25.2,1DAS11,IVVH0021,BFP A OUTB BRG     Y  VIB,1724,HIABS,HIGH,ALM,1,2.22397,2,MILS,!WP1002!WP1006!WP1007!WP1001!WP1003!WP1014!hist14!CP1008,1
2026-07-16 00:57:25.2,1DAS11,IVVH0031,BFP A INB BRG  X  VIB,1725,HIABS,HIGH,ALM,1,3.09944,2,MILS,!WP1002!WP1006!WP1007!WP1001!WP1003!WP1014!hist14!CP1008,1
2026-07-16 00:57:25.2,1DAS11,IVVH0441,BFP A INB BRG      Y  VIB,1726,HIABS,HIGH,ALM,1,2.10381,2,MILS,!WP1002!WP1006!WP1007!WP1001!WP1003!WP1014!hist14!CP1008,1
2026-07-16 00:57:26.5,1BFA_GSM_ALM,BFA_ALM12,MARK VIE A BFPT ALARM,,STA_4,BENTLY VIBRATION ALARM,ALM,1,0,0,,!WP1001!WP1002!WP1003!WP1006!WP1007!WP1014!hist14!CP1011,1
2026-07-16 00:57:26.5,1BFB_GSM_ALM,BFB_ALM12,MARK VIE B BFPT ALARM,,STA_4,BENTLY VIBRATION ALARM,ALM,1,0,0,,!WP1001!WP1002!WP1003!WP1006!WP1007!WP1014!hist14!CP1011,1
2026-07-16 00:57:32.5,1BFA_GSM_ALM,BFA_ALM12,MARK VIE A BFPT ALARM,,STA_4,BENTLY VIBRATION OK,RTN,1,0,0,,!WP1001!WP1002!WP1003!WP1006!WP1007!WP1014!hist14!CP1011,1
2026-07-16 00:57:32.5,1BFB_GSM_ALM,BFB_ALM12,MARK VIE B BFPT ALARM,,STA_4,BENTLY VIBRATION OK,RTN,1,0,0,,!WP1001!WP1002!WP1003!WP1006!WP1007!WP1014!hist14!CP1011,1
2026-07-16 00:57:33.2,1DAS11,IVVH0031,BFP A INB BRG  X  VIB,1725,HIABS,HIGH,RTN,1,1.66893,2,MILS,!WP1002!WP1006!WP1007!WP1001!WP1003!WP1014!hist14!CP1008,1
2026-07-16 00:57:33.2,1DAS11,IVVH0441,BFP A INB BRG      Y  VIB,1726,HIABS,HIGH,RTN,1,1.46866,2,MILS,!WP1002!WP1006!WP1007!WP1001!WP1003!WP1014!hist14!CP1008,1
2026-07-16 00:57:35.2,1DAS11,IVVH0021,BFP A OUTB BRG     Y  VIB,1724,HIABS,HIGH,RTN,1,1.42861,2,MILS,!WP1002!WP1006!WP1007!WP1001!WP1003!WP1014!hist14!CP1008,1
2026-07-16 00:57:43.2,1DAS11,IVVH0031,BFP A INB BRG  X  VIB,1725,HIABS,HIGH,ALM,1,2.05803,2,MILS,!WP1002!WP1006!WP1007!WP1001!WP1003!WP1014!hist14!CP1008,1
2026-07-16 00:57:45.2,1DAS11,IVVH0441,BFP A INB BRG      Y  VIB,1726,HIABS,HIGH,ALM,1,2.09808,2,MILS,!WP1002!WP1006!WP1007!WP1001!WP1003!WP1014!hist14!CP1008,1
2026-07-16 00:57:47.0,1BFA_GSM_ALM,BFA_ALM12,MARK VIE A BFPT ALARM,,STA_4,BENTLY VIBRATION ALARM,ALM,1,0,0,,!WP1001!WP1002!WP1003!WP1006!WP1007!WP1014!hist14!CP1011,1
2026-07-16 00:57:47.0,1BFB_GSM_ALM,BFB_ALM12,MARK VIE B BFPT ALARM,,STA_4,BENTLY VIBRATION ALARM,ALM,1,0,0,,!WP1001!WP1002!WP1003!WP1006!WP1007!WP1014!hist14!CP1011,1
2026-07-16 00:57:47.2,1DAS11,IVVH0011,BFP A OUTB BRG     X  VIB,1723,HIABS,HIGH,ALM,1,2.06757,2,MILS,!WP1002!WP1006!WP1007!WP1001!WP1003!WP1014!hist14!CP1008,1
2026-07-16 00:57:47.2,1DAS11,IVVH0021,BFP A OUTB BRG     Y  VIB,1724,HIABS,HIGH,ALM,1,2.67792,2,MILS,!WP1002!WP1006!WP1007!WP1001!WP1003!WP1014!hist14!CP1008,1
2026-07-16 00:58:03.2,1DAS11,IVVH0011,BFP A OUTB BRG     X  VIB,1723,HIABS,HIGH,RTN,1,1.7128,2,MILS,!WP1002!WP1006!WP1007!WP1001!WP1003!WP1014!hist14!CP1008,1
2026-07-16 00:58:07.2,1DAS11,IVVH0011,BFP A OUTB BRG     X  VIB,1723,HIABS,HIGH,ALM,1,2.05994,2,MILS,!WP1002!WP1006!WP1007!WP1001!WP1003!WP1014!hist14!CP1008,1
2026-07-16 00:58:14.1,1SCRA_IDSAV,SLPDI5416A,A IDMPR SCR SA PSG TO FG DUCT DP,,LOABS,SCR A IN DMPR SEAL DP LOW (SERV),ALM,5,1.99629,2,INH2O,!hist14!CP1016,2
2026-07-16 00:58:17.2,1DAS11,IVVH0011,BFP A OUTB BRG     X  VIB,1723,HIABS,HIGH,RTN,1,1.57547,2,MILS,!WP1002!WP1006!WP1007!WP1001!WP1003!WP1014!hist14!CP1008,1
2026-07-16 00:58:19.4,1SCRA_IDSAV,SLPDI5416A,A IDMPR SCR SA PSG TO FG DUCT DP,,LOABS,SCR A IN DMPR SEAL DP LOW (SERV),RTN,5,2.20098,2,INH2O,!hist14!CP1016,2
2026-07-16 00:58:22.2,PAC_PLC,ACI_FDR_A_TR,ACI FDR A AC-WIC-5007 TRBLE ALM,,CHANGE,PAC FEEDER A TROUBLE,ALM,1,,,,!WP1001!WP1002!WP1003!WP1006!WP1007!WP1014!hist14!CP1003,1
2026-07-16 00:58:25.6,1MKVIE_ALM2,B1A,MARK VIE A BFPT GENERAL ALARM,,STATE,NORMAL,RTN,1,,,,!WP1001!WP1002!WP1003!WP1006!WP1007!WP1014!hist14!CP1002,1
2026-07-16 00:58:25.6,1MKVIE_ALM2,B2A,MARK VIE B BFPT GENERAL ALARM,,STATE,NORMAL,RTN,1,,,,!WP1001!WP1002!WP1003!WP1006!WP1007!WP1014!hist14!CP1002,1
2026-07-16 00:58:27.2,PAC_PLC,ACI_FDR_A_TR,ACI FDR A AC-WIC-5007 TRBLE ALM,,CHANGE,PAC FEEDER A TROUBLE,ALM,1,,,,!WP1001!WP1002!WP1003!WP1006!WP1007!WP1014!hist14!CP1003,1
2026-07-16 00:58:31.2,1DAS11,IVVH0011,BFP A OUTB BRG     X  VIB,1723,HIABS,HIGH,ALM,1,2.00653,2,MILS,!WP1002!WP1006!WP1007!WP1001!WP1003!WP1014!hist14!CP1008,1
2026-07-16 00:58:33.2,PAC_PLC,ACI_FDR_A_TR,ACI FDR A AC-WIC-5007 TRBLE ALM,,CHANGE,PAC FEEDER A TROUBLE,ALM,1,,,,!WP1001!WP1002!WP1003!WP1006!WP1007!WP1014!hist14!CP1003,1
2026-07-16 00:58:35.2,PAC_PLC,ACI_FDR_A_TR,ACI FDR A AC-WIC-5007 TRBLE ALM,,CHANGE,PAC FEEDER A TROUBLE,ALM,1,,,,!WP1001!WP1002!WP1003!WP1006!WP1007!WP1014!hist14!CP1003,1
2026-07-16 00:58:39.2,1DAS11,IVVH0011,BFP A OUTB BRG     X  VIB,1723,HIABS,HIGH,RTN,1,1.74713,2,MILS,!WP1002!WP1006!WP1007!WP1001!WP1003!WP1014!hist14!CP1008,1
2026-07-16 00:58:42.7,PAC_PLC,ACI_FDR_A_TR,ACI FDR A AC-WIC-5007 TRBLE ALM,,CHANGE,PAC FEEDER A TROUBLE,ALM,1,,,,!WP1001!WP1002!WP1003!WP1006!WP1007!WP1014!hist14!CP1003,1
2026-07-16 00:58:43.7,PAC_PLC,ACI_FDR_A_TR,ACI FDR A AC-WIC-5007 TRBLE ALM,,CHANGE,PAC FEEDER A TROUBLE,ALM,1,,,,!WP1001!WP1002!WP1003!WP1006!WP1007!WP1014!hist14!CP1003,1
2026-07-16 00:58:51.2,1DAS11,IVVH0011,BFP A OUTB BRG     X  VIB,1723,HIABS,HIGH,ALM,1,2.01798,2,MILS,!WP1002!WP1006!WP1007!WP1001!WP1003!WP1014!hist14!CP1008,1
2026-07-16 00:59:06.9,1AR_LS,DEV_5803,LS SYS B,,STATE,VALVE 5803 DEVIATION,ALM,3,,,,!WP1001!WP1002!WP1003!WP1006!WP1007!WP1014!hist14!CP1017,1
2026-07-16 00:59:09.2,1DAS11,IVVH0011,BFP A OUTB BRG     X  VIB,1723,HIABS,HIGH,RTN,1,1.70899,2,MILS,!WP1002!WP1006!WP1007!WP1001!WP1003!WP1014!hist14!CP1008,1
2026-07-16 00:59:12.4,1SCRA_IDSAV,SLPDI5416A,A IDMPR SCR SA PSG TO FG DUCT DP,,LOABS,SCR A IN DMPR SEAL DP LOW (SERV),ALM,5,1.94219,2,INH2O,!hist14!CP1016,2
2026-07-16 00:59:23.1,1SCRA_IDSAV,SLPDI5416A,A IDMPR SCR SA PSG TO FG DUCT DP,,LOABS,SCR A IN DMPR SEAL DP LOW (SERV),RTN,5,2.20469,2,INH2O,!hist14!CP1016,2
2026-07-16 00:59:35.2,1DAS11,IVVH0011,BFP A OUTB BRG     X  VIB,1723,HIABS,HIGH,ALM,1,2.01035,2,MILS,!WP1002!WP1006!WP1007!WP1001!WP1003!WP1014!hist14!CP1008,1
2026-07-16 00:59:39.2,1DAS11,IVVH0011,BFP A OUTB BRG     X  VIB,1723,HIABS,HIGH,RTN,1,1.59073,2,MILS,!WP1002!WP1006!WP1007!WP1001!WP1003!WP1014!hist14!CP1008,1
2026-07-16 00:59:39.2,1DAS11,IVVH0021,BFP A OUTB BRG     Y  VIB,1724,HIABS,HIGH,RTN,1,1.72806,2,MILS,!WP1002!WP1006!WP1007!WP1001!WP1003!WP1014!hist14!CP1008,1
2026-07-16 00:59:41.9,1AR_LS,DEV_5803,LS SYS B,,STATE,,RTN,3,,,,!WP1001!WP1002!WP1003!WP1006!WP1007!WP1014!hist14!CP1017,1
2026-07-16 00:59:45.2,1DAS11,IVVH0021,BFP A OUTB BRG     Y  VIB,1724,HIABS,HIGH,ALM,1,2.39372,2,MILS,!WP1002!WP1006!WP1007!WP1001!WP1003!WP1014!hist14!CP1008,1
2026-07-16 00:59:51.1,1SCRA_IDSAV,SLPDI5416A,A IDMPR SCR SA PSG TO FG DUCT DP,,LOABS,SCR A IN DMPR SEAL DP LOW (SERV),ALM,5,1.98496,2,INH2O,!hist14!CP1016,2
2026-07-16 00:59:51.2,1DAS11,IVVH0011,BFP A OUTB BRG     X  VIB,1723,HIABS,HIGH,ALM,1,2.06375,2,MILS,!WP1002!WP1006!WP1007!WP1001!WP1003!WP1014!hist14!CP1008,1
2026-07-16 00:59:53.2,1DAS11,IVVH0011,BFP A OUTB BRG     X  VIB,1723,HIABS,HIGH,RTN,1,1.6098,2,MILS,!WP1002!WP1006!WP1007!WP1001!WP1003!WP1014!hist14!CP1008,1
2026-07-16 00:59:53.2,1DAS11,IVVH0021,BFP A OUTB BRG     Y  VIB,1724,HIABS,HIGH,RTN,1,1.63841,2,MILS,!WP1002!WP1006!WP1007!WP1001!WP1003!WP1014!hist14!CP1008,1
2026-07-16 00:59:56.4,1SCRA_IDSAV,SLPDI5416A,A IDMPR SCR SA PSG TO FG DUCT DP,,LOABS,SCR A IN DMPR SEAL DP LOW (SERV),RTN,5,2.20703,2,INH2O,!hist14!CP1016,2
2026-07-16 00:59:59.2,1DAS11,IVVH0021,BFP A OUTB BRG     Y  VIB,1724,HIABS,HIGH,ALM,1,2.20871,2,MILS,!WP1002!WP1006!WP1007!WP1001!WP1003!WP1014!hist14!CP1008,1
2026-07-16 01:00:07.2,1DAS11,IVVH0021,BFP A OUTB BRG     Y  VIB,1724,HIABS,HIGH,RTN,1,1.65177,2,MILS,!WP1002!WP1006!WP1007!WP1001!WP1003!WP1014!hist14!CP1008,1
2026-07-16 01:00:21.2,1DAS11,IVVH0021,BFP A OUTB BRG     Y  VIB,1724,HIABS,HIGH,ALM,1,2.15912,2,MILS,!WP1002!WP1006!WP1007!WP1001!WP1003!WP1014!hist14!CP1008,1
2026-07-16 01:00:23.2,1DAS11,IVVH0021,BFP A OUTB BRG     Y  VIB,1724,HIABS,HIGH,RTN,1,1.74332,2,MILS,!WP1002!WP1006!WP1007!WP1001!WP1003!WP1014!hist14!CP1008,1
2026-07-16 01:00:38.4,1SCRA_IDSAV,SLPDI5416A,A IDMPR SCR SA PSG TO FG DUCT DP,,LOABS,SCR A IN DMPR SEAL DP LOW (SERV),ALM,5,1.99453,2,INH2O,!hist14!CP1016,2
2026-07-16 01:00:43.2,1DAS11,IVVH0021,BFP A OUTB BRG     Y  VIB,1724,HIABS,HIGH,ALM,1,2.09999,2,MILS,!WP1002!WP1006!WP1007!WP1001!WP1003!WP1014!hist14!CP1008,1
2026-07-16 01:00:45.2,1DAS11,IVVH0021,BFP A OUTB BRG     Y  VIB,1724,HIABS,HIGH,RTN,1,1.74904,2,MILS,!WP1002!WP1006!WP1007!WP1001!WP1003!WP1014!hist14!CP1008,1
2026-07-16 01:00:56.4,1SCRA_IDSAV,SLPDI5416A,A IDMPR SCR SA PSG TO FG DUCT DP,,LOABS,SCR A IN DMPR SEAL DP LOW (SERV),RTN,5,2.20781,2,INH2O,!hist14!CP1016,2
2026-07-16 01:01:31.2,1DAS11,IVVH0011,BFP A OUTB BRG     X  VIB,1723,HIABS,HIGH,ALM,1,2.01416,2,MILS,!WP1002!WP1006!WP1007!WP1001!WP1003!WP1014!hist14!CP1008,1
2026-07-16 01:01:33.2,1DAS11,IVVH0011,BFP A OUTB BRG     X  VIB,1723,HIABS,HIGH,RTN,1,1.41144,2,MILS,!WP1002!WP1006!WP1007!WP1001!WP1003!WP1014!hist14!CP1008,1
2026-07-16 01:01:41.2,1DAS11,IVVH0441,BFP A INB BRG      Y  VIB,1726,HIABS,HIGH,RTN,1,1.72043,2,MILS,!WP1002!WP1006!WP1007!WP1001!WP1003!WP1014!hist14!CP1008,1
2026-07-16 01:01:45.2,1DAS11,IVVH0441,BFP A INB BRG      Y  VIB,1726,HIABS,HIGH,ALM,1,2.19727,2,MILS,!WP1002!WP1006!WP1007!WP1001!WP1003!WP1014!hist14!CP1008,1
2026-07-16 01:01:49.2,1DAS11,IVVH0441,BFP A INB BRG      Y  VIB,1726,HIABS,HIGH,RTN,1,1.61553,2,MILS,!WP1002!WP1006!WP1007!WP1001!WP1003!WP1014!hist14!CP1008,1
2026-07-16 01:01:53.0,1BFA_GSM_ALM,BFA_ALM12,MARK VIE A BFPT ALARM,,STA_4,BENTLY VIBRATION OK,RTN,1,0,0,,!WP1001!WP1002!WP1003!WP1006!WP1007!WP1014!hist14!CP1011,1
2026-07-16 01:01:53.0,1BFB_GSM_ALM,BFB_ALM12,MARK VIE B BFPT ALARM,,STA_4,BENTLY VIBRATION OK,RTN,1,0,0,,!WP1001!WP1002!WP1003!WP1006!WP1007!WP1014!hist14!CP1011,1
2026-07-16 01:01:53.2,1DAS11,IVVH0031,BFP A INB BRG  X  VIB,1725,HIABS,HIGH,RTN,1,1.66512,2,MILS,!WP1002!WP1006!WP1007!WP1001!WP1003!WP1014!hist14!CP1008,1
2026-07-16 01:01:59.0,1BFA_GSM_ALM,BFA_ALM14,MARK VIE A BFPT ALARM,,STA_7,SPD DEV FROM SETPOINT,ALM,5,0,0,,!WP1001!WP1002!WP1003!WP1006!WP1007!WP1014!hist14!CP1011,1
2026-07-16 01:04:53.0,1BFA_GSM_ALM,BFA_ALM14,MARK VIE A BFPT ALARM,,STA_7,SPD DEV OK,RTN,5,0,0,,!WP1001!WP1002!WP1003!WP1006!WP1007!WP1014!hist14!CP1011,1
2026-07-16 01:04:58.4,1MELIM,ZDS5504,WET/DRY INTFC VLV  DM DEV,,HIDEV,HIGH DEVIATION ALARM,RTN,3,54.1152,57.5,%,!hist14!CP1017,2
2026-07-16 01:05:34.4,1SCRA_IDSAV,SLPDI5416A,A IDMPR SCR SA PSG TO FG DUCT DP,,LOABS,SCR A IN DMPR SEAL DP LOW (SERV),ALM,5,1.97852,2,INH2O,!hist14!CP1016,2
2026-07-16 01:05:42.4,1SCRA_IDSAV,SLPDI5416A,A IDMPR SCR SA PSG TO FG DUCT DP,,LOABS,SCR A IN DMPR SEAL DP LOW (SERV),RTN,5,2.20352,2,INH2O,!hist14!CP1016,2
2026-07-16 01:06:29.4,1MELIM,ZDS5504,WET/DRY INTFC VLV  DM DEV,,HIDEV,HIGH DEVIATION ALARM,ALM,3,98.7598,5,%,!hist14!CP1017,2
2026-07-16 01:07:44.4,1SCRA_IDSAV,SLPDI5416A,A IDMPR SCR SA PSG TO FG DUCT DP,,LOABS,SCR A IN DMPR SEAL DP LOW (SERV),ALM,5,1.9873,2,INH2O,!hist14!CP1016,2
2026-07-16 01:07:47.1,1SCRA_IDSAV,SLPDI5416A,A IDMPR SCR SA PSG TO FG DUCT DP,,LOABS,SCR A IN DMPR SEAL DP LOW (SERV),RTN,5,2.2,2,INH2O,!hist14!CP1016,2
2026-07-16 01:08:41.4,1SCRA_IDSAV,SLPDI5416A,A IDMPR SCR SA PSG TO FG DUCT DP,,LOABS,SCR A IN DMPR SEAL DP LOW (SERV),ALM,5,1.99473,2,INH2O,!hist14!CP1016,2
2026-07-16 01:08:53.2,1DAS11,IAAH3281,COND PUMP DISCH   SILICA,1233,HIABS,HIGH,ALM,1,10.1348,10,ppb,!WP1002!WP1006!WP1007!WP1001!WP1003!WP1014!hist14!CP1008,1
2026-07-16 01:08:56.4,1SCRA_IDSAV,SLPDI5416A,A IDMPR SCR SA PSG TO FG DUCT DP,,LOABS,SCR A IN DMPR SEAL DP LOW (SERV),RTN,5,2.20195,2,INH2O,!hist14!CP1016,2
2026-07-16 01:09:54.1,1SCRA_IDSAV,SLPDI5416A,A IDMPR SCR SA PSG TO FG DUCT DP,,LOABS,SCR A IN DMPR SEAL DP LOW (SERV),ALM,5,1.99199,2,INH2O,!hist14!CP1016,2
2026-07-16 01:10:10.1,1SCRA_IDSAV,SLPDI5416A,A IDMPR SCR SA PSG TO FG DUCT DP,,LOABS,SCR A IN DMPR SEAL DP LOW (SERV),RTN,5,2.22266,2,INH2O,!hist14!CP1016,2
2026-07-16 01:11:06.4,1SCRA_IDSAV,SLPDI5416A,A IDMPR SCR SA PSG TO FG DUCT DP,,LOABS,SCR A IN DMPR SEAL DP LOW (SERV),ALM,5,1.99844,2,INH2O,!hist14!CP1016,2
2026-07-16 01:11:13.4,1SCRA_IDSAV,SLPDI5416A,A IDMPR SCR SA PSG TO FG DUCT DP,,LOABS,SCR A IN DMPR SEAL DP LOW (SERV),RTN,5,2.21348,2,INH2O,!hist14!CP1016,2
2026-07-16 01:11:39.6,1ULD,B27A,UNIT OFF AGC,,STATE,AGC UNAVAILABLE,ALM,5,,,,!WP1001!WP1002!WP1003!WP1006!WP1007!WP1014!hist14!CP1001,1
2026-07-16 01:11:45.4,1SCRA_IDSAV,SLPDI5416A,A IDMPR SCR SA PSG TO FG DUCT DP,,LOABS,SCR A IN DMPR SEAL DP LOW (SERV),ALM,5,1.99336,2,INH2O,!hist14!CP1016,2
2026-07-16 01:12:15.1,1SCRA_IDSAV,SLPDI5416A,A IDMPR SCR SA PSG TO FG DUCT DP,,LOABS,SCR A IN DMPR SEAL DP LOW (SERV),RTN,5,2.21191,2,INH2O,!hist14!CP1016,2
2026-07-16 01:12:43.1,1SCRA_IDSAV,SLPDI5416A,A IDMPR SCR SA PSG TO FG DUCT DP,,LOABS,SCR A IN DMPR SEAL DP LOW (SERV),ALM,5,1.98145,2,INH2O,!hist14!CP1016,2
2026-07-16 01:12:51.1,1SCRA_IDSAV,SLPDI5416A,A IDMPR SCR SA PSG TO FG DUCT DP,,LOABS,SCR A IN DMPR SEAL DP LOW (SERV),RTN,5,2.20449,2,INH2O,!hist14!CP1016,2
2026-07-16 01:13:37.0,1VLV_GSM_ALM,MT_VLV_ALM1,MARK VIE VALVE ALARM,,STA_3,STEAM PIPE DRAIN VALVE TROUBLE,ALM,5,0,0,,!WP1001!WP1002!WP1003!WP1006!WP1007!WP1014!hist14!CP1011,1
2026-07-16 01:13:44.5,1VLV_GSM_ALM,MT_VLV_ALM1,MARK VIE VALVE ALARM,,STA_3,STEAM PIPE DRAIN VALVE OK,RTN,5,0,0,,!WP1001!WP1002!WP1003!WP1006!WP1007!WP1014!hist14!CP1011,1
2026-07-16 01:13:45.1,1SCRA_IDSAV,SLPDI5416A,A IDMPR SCR SA PSG TO FG DUCT DP,,LOABS,SCR A IN DMPR SEAL DP LOW (SERV),ALM,5,1.98867,2,INH2O,!hist14!CP1016,2
2026-07-16 01:13:51.4,1SCRA_IDSAV,SLPDI5416A,A IDMPR SCR SA PSG TO FG DUCT DP,,LOABS,SCR A IN DMPR SEAL DP LOW (SERV),RTN,5,2.22246,2,INH2O,!hist14!CP1016,2
2026-07-16 01:14:31.0,1VLV_GSM_ALM,MT_VLV_ALM1,MARK VIE VALVE ALARM,,STA_3,STEAM PIPE DRAIN VALVE TROUBLE,ALM,5,0,0,,!WP1001!WP1002!WP1003!WP1006!WP1007!WP1014!hist14!CP1011,1
2026-07-16 01:14:58.5,1MON_GSM_ALM,MON_ALM13,MARK VIE EQUIPMENT MONITOR ALARM,,STA_5,HYD FLUID PUMP #1 MTR CUR HIGH,ALM,5,0,0,,!WP1001!WP1002!WP1003!WP1006!WP1007!WP1014!hist14!CP1011,1
2026-07-16 01:14:59.1,1SCRA_IDSAV,SLPDI5416A,A IDMPR SCR SA PSG TO FG DUCT DP,,LOABS,SCR A IN DMPR SEAL DP LOW (SERV),ALM,5,1.99805,2,INH2O,!hist14!CP1016,2
2026-07-16 01:15:00.5,1MON_GSM_ALM,MON_ALM13,MARK VIE EQUIPMENT MONITOR ALARM,,STA_5,HYD FLUID PUMP #1 MTR CUR OK,RTN,5,0,0,,!WP1001!WP1002!WP1003!WP1006!WP1007!WP1014!hist14!CP1011,1
2026-07-16 01:15:08.5,1VLV_GSM_ALM,MT_VLV_ALM1,MARK VIE VALVE ALARM,,STA_3,STEAM PIPE DRAIN VALVE OK,RTN,5,0,0,,!WP1001!WP1002!WP1003!WP1006!WP1007!WP1014!hist14!CP1011,1
2026-07-16 01:15:14.1,1SCRA_IDSAV,SLPDI5416A,A IDMPR SCR SA PSG TO FG DUCT DP,,LOABS,SCR A IN DMPR SEAL DP LOW (SERV),RTN,5,2.20645,2,INH2O,!hist14!CP1016,2
2026-07-16 01:15:17.0,1MON_GSM_ALM,MON_ALM13,MARK VIE EQUIPMENT MONITOR ALARM,,STA_5,HYD FLUID PUMP #1 MTR CUR HIGH,ALM,5,0,0,,!WP1001!WP1002!WP1003!WP1006!WP1007!WP1014!hist14!CP1011,1
2026-07-16 01:15:19.0,1MON_GSM_ALM,MON_ALM13,MARK VIE EQUIPMENT MONITOR ALARM,,STA_5,HYD FLUID PUMP #1 MTR CUR OK,RTN,5,0,0,,!WP1001!WP1002!WP1003!WP1006!WP1007!WP1014!hist14!CP1011,1
2026-07-16 01:15:21.1,1SCRA_IDSAV,SLPDI5416A,A IDMPR SCR SA PSG TO FG DUCT DP,,LOABS,SCR A IN DMPR SEAL DP LOW (SERV),ALM,5,1.99766,2,INH2O,!hist14!CP1016,2
2026-07-16 01:15:26.8,1AB_PYRITE,SV_617AL,MILL HPR 1J EJCT  WTR VLV,MILL HOPPER 1,STATE,OK,RTN,3,,,,!WP1002!WP1011!WP1001!hist14!CP1020,1
2026-07-16 01:15:33.4,1SCRA_IDSAV,SLPDI5416A,A IDMPR SCR SA PSG TO FG DUCT DP,,LOABS,SCR A IN DMPR SEAL DP LOW (SERV),RTN,5,2.20566,2,INH2O,!hist14!CP1016,2
2026-07-16 01:16:03.0,1MON_GSM_ALM,MON_ALM13,MARK VIE EQUIPMENT MONITOR ALARM,,STA_5,HYD FLUID PUMP #1 MTR CUR HIGH,ALM,5,0,0,,!WP1001!WP1002!WP1003!WP1006!WP1007!WP1014!hist14!CP1011,1
2026-07-16 01:16:05.0,1MON_GSM_ALM,MON_ALM13,MARK VIE EQUIPMENT MONITOR ALARM,,STA_5,HYD FLUID PUMP #1 MTR CUR OK,RTN,5,0,0,,!WP1001!WP1002!WP1003!WP1006!WP1007!WP1014!hist14!CP1011,1
2026-07-16 01:16:11.0,1MELIM,ZDS5504,WET/DRY INTFC VLV  DM DEV,,HIDEV,HIGH DEVIATION ALARM,RTN,3,54.1074,57.5,%,!hist14!CP1017,2
2026-07-16 01:16:19.6,1ULD,B27A,UNIT OFF AGC,,STATE,,RTN,5,,,,!WP1001!WP1002!WP1003!WP1006!WP1007!WP1014!hist14!CP1001,1
2026-07-16 01:16:24.4,1SCRA_IDSAV,SLPDI5416A,A IDMPR SCR SA PSG TO FG DUCT DP,,LOABS,SCR A IN DMPR SEAL DP LOW (SERV),ALM,5,1.99961,2,INH2O,!hist14!CP1016,2
2026-07-16 01:16:34.4,1SCRA_IDSAV,SLPDI5416A,A IDMPR SCR SA PSG TO FG DUCT DP,,LOABS,SCR A IN DMPR SEAL DP LOW (SERV),RTN,5,2.20488,2,INH2O,!hist14!CP1016,2
2026-07-16 01:17:12.9,1MELIM,ZDS5504,WET/DRY INTFC VLV  DM DEV,,LODEV,LOW DEVIATION ALARM,ALM,3,-1.23438,95,%,!hist14!CP1017,2
2026-07-16 01:17:59.0,1SCRA_IDSAV,SLPDI5416A,A IDMPR SCR SA PSG TO FG DUCT DP,,LOABS,SCR A IN DMPR SEAL DP LOW (SERV),ALM,5,1.99609,2,INH2O,!hist14!CP1016,2
2026-07-16 01:18:06.0,1SCRA_IDSAV,SLPDI5416A,A IDMPR SCR SA PSG TO FG DUCT DP,,LOABS,SCR A IN DMPR SEAL DP LOW (SERV),RTN,5,2.22715,2,INH2O,!hist14!CP1016,2
2026-07-16 01:18:48.3,1DAS11,IAAH3281,COND PUMP DISCH   SILICA,1233,HIABS,HIGH,RTN,1,7.44141,10,ppb,!WP1002!WP1006!WP1007!WP1001!WP1003!WP1014!hist14!CP1008,1
2026-07-16 01:18:50.0,1SCRA_IDSAV,SLPDI5416A,A IDMPR SCR SA PSG TO FG DUCT DP,,LOABS,SCR A IN DMPR SEAL DP LOW (SERV),ALM,5,1.98926,2,INH2O,!hist14!CP1016,2
2026-07-16 01:18:55.4,1SCRA_IDSAV,SLPDI5416A,A IDMPR SCR SA PSG TO FG DUCT DP,,LOABS,SCR A IN DMPR SEAL DP LOW (SERV),RTN,5,2.22813,2,INH2O,!hist14!CP1016,2
2026-07-16 01:20:53.4,1SCRA_IDSAV,SLPDI5416A,A IDMPR SCR SA PSG TO FG DUCT DP,,LOABS,SCR A IN DMPR SEAL DP LOW (SERV),ALM,5,1.99512,2,INH2O,!hist14!CP1016,2
2026-07-16 01:20:55.0,1SCRA_IDSAV,SLPDI5416A,A IDMPR SCR SA PSG TO FG DUCT DP,,LOABS,SCR A IN DMPR SEAL DP LOW (SERV),RTN,5,2.21641,2,INH2O,!hist14!CP1016,2
2026-07-16 01:21:05.6,FD_FAN_VIB,A_FAN_VEL_AX,A FD FAN VEL AX,,HIABS,A FD FAN VEL AX HI VIB,RTN,1,2.47391,3,MILS,!WP1001!WP1002!WP1003!WP1006!WP1007!WP1014!hist14!CP1005,1
2026-07-16 01:21:17.6,FD_FAN_VIB,A_FAN_VEL_AX,A FD FAN VEL AX,,HIABS,A FD FAN VEL AX HI VIB,ALM,1,3.07578,3,MILS,!WP1001!WP1002!WP1003!WP1006!WP1007!WP1014!hist14!CP1005,1
2026-07-16 01:21:46.4,1SCRA_IDSAV,SLPDI5416A,A IDMPR SCR SA PSG TO FG DUCT DP,,LOABS,SCR A IN DMPR SEAL DP LOW (SERV),ALM,5,1.98535,2,INH2O,!hist14!CP1016,2
2026-07-16 01:21:57.4,1SCRA_IDSAV,SLPDI5416A,A IDMPR SCR SA PSG TO FG DUCT DP,,LOABS,SCR A IN DMPR SEAL DP LOW (SERV),RTN,5,2.2,2,INH2O,!hist14!CP1016,2
2026-07-16 01:24:13.4,1SCRA_IDSAV,SLPDI5416A,A IDMPR SCR SA PSG TO FG DUCT DP,,LOABS,SCR A IN DMPR SEAL DP LOW (SERV),ALM,5,1.99238,2,INH2O,!hist14!CP1016,2
2026-07-16 01:24:24.4,1SCRA_IDSAV,SLPDI5416A,A IDMPR SCR SA PSG TO FG DUCT DP,,LOABS,SCR A IN DMPR SEAL DP LOW (SERV),RTN,5,2.21445,2,INH2O,!hist14!CP1016,2
2026-07-16 01:24:57.9,1SCRA_IDSAV,SLPDI5416A,A IDMPR SCR SA PSG TO FG DUCT DP,,LOABS,SCR A IN DMPR SEAL DP LOW (SERV),ALM,5,1.99473,2,INH2O,!hist14!CP1016,2
2026-07-16 01:26:09.4,1SCRA_IDSAV,SLPDI5416A,A IDMPR SCR SA PSG TO FG DUCT DP,,LOABS,SCR A IN DMPR SEAL DP LOW (SERV),RTN,5,2.2332,2,INH2O,!hist14!CP1016,2
2026-07-16 01:26:17.4,1SCRA_IDSAV,SLPDI5416A,A IDMPR SCR SA PSG TO FG DUCT DP,,LOABS,SCR A IN DMPR SEAL DP LOW (SERV),ALM,5,1.98711,2,INH2O,!hist14!CP1016,2
2026-07-16 01:26:38.9,1SCRA_IDSAV,SLPDI5416A,A IDMPR SCR SA PSG TO FG DUCT DP,,LOABS,SCR A IN DMPR SEAL DP LOW (SERV),RTN,5,2.22187,2,INH2O,!hist14!CP1016,2
2026-07-16 01:26:46.9,1SCRA_IDSAV,SLPDI5416A,A IDMPR SCR SA PSG TO FG DUCT DP,,LOABS,SCR A IN DMPR SEAL DP LOW (SERV),ALM,5,1.99063,2,INH2O,!hist14!CP1016,2
2026-07-16 01:27:06.9,1SCRA_IDSAV,SLPDI5416A,A IDMPR SCR SA PSG TO FG DUCT DP,,LOABS,SCR A IN DMPR SEAL DP LOW (SERV),RTN,5,2.2,2,INH2O,!hist14!CP1016,2
2026-07-16 01:27:16.9,1SCRA_IDSAV,SLPDI5416A,A IDMPR SCR SA PSG TO FG DUCT DP,,LOABS,SCR A IN DMPR SEAL DP LOW (SERV),ALM,5,1.99746,2,INH2O,!hist14!CP1016,2
2026-07-16 01:27:55.4,1SCRA_IDSAV,SLPDI5416A,A IDMPR SCR SA PSG TO FG DUCT DP,,LOABS,SCR A IN DMPR SEAL DP LOW (SERV),RTN,5,2.21484,2,INH2O,!hist14!CP1016,2
2026-07-16 01:28:06.9,1SCRA_IDSAV,SLPDI5416A,A IDMPR SCR SA PSG TO FG DUCT DP,,LOABS,SCR A IN DMPR SEAL DP LOW (SERV),ALM,5,1.99922,2,INH2O,!hist14!CP1016,2
2026-07-16 01:28:43.3,1DAS11,IAAH3281,COND PUMP DISCH   SILICA,1233,HIABS,HIGH,ALM,1,10.4004,10,ppb,!WP1002!WP1006!WP1007!WP1001!WP1003!WP1014!hist14!CP1008,1
2026-07-16 01:29:04.4,1SCRA_IDSAV,SLPDI5416A,A IDMPR SCR SA PSG TO FG DUCT DP,,LOABS,SCR A IN DMPR SEAL DP LOW (SERV),RTN,5,2.21855,2,INH2O,!hist14!CP1016,2
2026-07-16 01:29:09.9,1SCRA_IDSAV,SLPDI5416A,A IDMPR SCR SA PSG TO FG DUCT DP,,LOABS,SCR A IN DMPR SEAL DP LOW (SERV),ALM,5,1.98027,2,INH2O,!hist14!CP1016,2
2026-07-16 01:30:00.4,1SCRA_IDSAV,SLPDI5416A,A IDMPR SCR SA PSG TO FG DUCT DP,,LOABS,SCR A IN DMPR SEAL DP LOW (SERV),RTN,5,2.20195,2,INH2O,!hist14!CP1016,2
2026-07-16 01:30:26.4,1SCRA_IDSAV,SLPDI5416A,A IDMPR SCR SA PSG TO FG DUCT DP,,LOABS,SCR A IN DMPR SEAL DP LOW (SERV),ALM,5,1.98691,2,INH2O,!hist14!CP1016,2
2026-07-16 01:31:07.0,1STM_GSM_ALM,STM_ALM2,MARK VIE STEAM SEAL ALARM,,STA_5,STM SEAL DIV VLV TO CNDR OK,RTN,3,0,0,,!WP1001!WP1002!WP1003!WP1006!WP1007!WP1014!hist14!CP1011,1
2026-07-16 01:35:21.6,1TF,B24,TOTAL FUEL MOCS,,HIOUT,HIGH AVG MILL LOAD,ALM,5,80.0045,80,%,!WP1001!WP1002!WP1003!WP1006!WP1007!WP1014!hist14!CP1001,1
2026-07-16 01:35:32.1,1TF,B24,TOTAL FUEL MOCS,,HIOUT,HIGH AVG MILL LOAD,RTN,5,79.9665,80,%,!WP1001!WP1002!WP1003!WP1006!WP1007!WP1014!hist14!CP1001,1
2026-07-16 01:35:34.3,1DAS11,ISPT0201,CONDENSATE PUMP   DISCH PRS,1191,LOABS,LOW,ALM,1,419.742,420,PG,!WP1002!WP1006!WP1007!WP1001!WP1003!WP1014!hist14!CP1008,1
2026-07-16 01:35:40.3,1AB_SURGEA,FCVA153AL,LINE A TO SILO    B,TRANSPORT LIN,STATE,FAIL,ALM,3,,,,!WP1002!WP1011!WP1001!hist14!CP1020,1
2026-07-16 01:35:42.8,1AB_SURGEA,FCVA153AL,LINE A TO SILO    B,TRANSPORT LIN,STATE,OK,RTN,3,,,,!WP1002!WP1011!WP1001!hist14!CP1020,1
2026-07-16 01:35:50.3,1DAS11,ISPT0201,CONDENSATE PUMP   DISCH PRS,1191,LOABS,LOW,RTN,1,531.633,420,PG,!WP1002!WP1006!WP1007!WP1001!WP1003!WP1014!hist14!CP1008,1
2026-07-16 01:36:31.6,1BWCP_PURGE,OUTLET_TEMP,BWCP PURGE COOLER OUTLET TEMP,,HIABS,,ALM,2,105.043,105,DEGF,!WP1001!WP1002!WP1003!WP1006!WP1007!WP1014!hist14!CP1005,1
2026-07-16 01:37:24.0,1SCRA_IDSAV,SLPDI5416A,A IDMPR SCR SA PSG TO FG DUCT DP,,LOABS,SCR A IN DMPR SEAL DP LOW (SERV),RTN,5,2.21953,2,INH2O,!hist14!CP1016,2
2026-07-16 01:37:28.0,1SCRA_IDSAV,SLPDI5416A,A IDMPR SCR SA PSG TO FG DUCT DP,,LOABS,SCR A IN DMPR SEAL DP LOW (SERV),ALM,5,1.9873,2,INH2O,!hist14!CP1016,2
2026-07-16 01:37:35.4,1SCRA_IDSAV,SLPDI5416A,A IDMPR SCR SA PSG TO FG DUCT DP,,LOABS,SCR A IN DMPR SEAL DP LOW (SERV),RTN,5,2.20879,2,INH2O,!hist14!CP1016,2
2026-07-16 01:37:40.4,1SCRA_IDSAV,SLPDI5416A,A IDMPR SCR SA PSG TO FG DUCT DP,,LOABS,SCR A IN DMPR SEAL DP LOW (SERV),ALM,5,1.97754,2,INH2O,!hist14!CP1016,2
2026-07-16 01:37:57.4,1SCRA_IDSAV,SLPDI5416A,A IDMPR SCR SA PSG TO FG DUCT DP,,LOABS,SCR A IN DMPR SEAL DP LOW (SERV),RTN,5,2.20938,2,INH2O,!hist14!CP1016,2
2026-07-16 01:38:07.4,1SCRA_IDSAV,SLPDI5416A,A IDMPR SCR SA PSG TO FG DUCT DP,,LOABS,SCR A IN DMPR SEAL DP LOW (SERV),ALM,5,1.99766,2,INH2O,!hist14!CP1016,2
2026-07-16 01:38:19.0,1SCRA_IDSAV,SLPDI5416A,A IDMPR SCR SA PSG TO FG DUCT DP,,LOABS,SCR A IN DMPR SEAL DP LOW (SERV),RTN,5,2.22539,2,INH2O,!hist14!CP1016,2
2026-07-16 01:38:32.0,1SCRA_IDSAV,SLPDI5416A,A IDMPR SCR SA PSG TO FG DUCT DP,,LOABS,SCR A IN DMPR SEAL DP LOW (SERV),ALM,5,1.98555,2,INH2O,!hist14!CP1016,2
2026-07-16 01:38:38.3,1DAS11,IAAH3281,COND PUMP DISCH   SILICA,1233,HIABS,HIGH,RTN,1,9.00195,10,ppb,!WP1002!WP1006!WP1007!WP1001!WP1003!WP1014!hist14!CP1008,1
2026-07-16 01:39:51.0,1SCRA_IDSAV,SLPDI5416A,A IDMPR SCR SA PSG TO FG DUCT DP,,LOABS,SCR A IN DMPR SEAL DP LOW (SERV),RTN,5,2.21777,2,INH2O,!hist14!CP1016,2
2026-07-16 01:39:58.0,1SCRA_IDSAV,SLPDI5416A,A IDMPR SCR SA PSG TO FG DUCT DP,,LOABS,SCR A IN DMPR SEAL DP LOW (SERV),ALM,5,1.98145,2,INH2O,!hist14!CP1016,2
2026-07-16 01:41:46.4,1SCRA_IDSAV,SLPDI5416A,A IDMPR SCR SA PSG TO FG DUCT DP,,LOABS,SCR A IN DMPR SEAL DP LOW (SERV),RTN,5,2.22441,2,INH2O,!hist14!CP1016,2
2026-07-16 01:41:56.0,1SCRA_IDSAV,SLPDI5416A,A IDMPR SCR SA PSG TO FG DUCT DP,,LOABS,SCR A IN DMPR SEAL DP LOW (SERV),ALM,5,1.99629,2,INH2O,!hist14!CP1016,2
2026-07-16 01:42:02.4,1SCRA_IDSAV,SLPDI5416A,A IDMPR SCR SA PSG TO FG DUCT DP,,LOABS,SCR A IN DMPR SEAL DP LOW (SERV),RTN,5,2.23359,2,INH2O,!hist14!CP1016,2
2026-07-16 01:42:07.1,FD_FAN_VIB,A_FAN_VEL_AX,A FD FAN VEL AX,,HIABS,A FD FAN VEL AX HI VIB,RTN,1,2.48438,3,MILS,!WP1001!WP1002!WP1003!WP1006!WP1007!WP1014!hist14!CP1005,1
2026-07-16 01:42:11.2,FD_FAN_VIB,A_FAN_VEL_AX,A FD FAN VEL AX,,HIABS,A FD FAN VEL AX HI VIB,ALM,1,3.11859,3,MILS,!WP1001!WP1002!WP1003!WP1006!WP1007!WP1014!hist14!CP1005,1
2026-07-16 01:44:36.4,1SCRA_IDSAV,SLPDI5416A,A IDMPR SCR SA PSG TO FG DUCT DP,,LOABS,SCR A IN DMPR SEAL DP LOW (SERV),ALM,5,1.9959,2,INH2O,!hist14!CP1016,2
2026-07-16 01:44:37.1,1SCR_B_PRESS,FGPDI5228B,SCR B CAT LAYER 4 DP,1SR114 PNT 4,HHABS,HI HI DP,ALM,1,1.70433,1.7,INH2O,!WP1001!WP1002!WP1003!WP1006!WP1007!WP1014!hist14!CP1016,1
2026-07-16 01:44:43.2,FD_FAN_VIB,A_FAN_VEL_AX,A FD FAN VEL AX,,HIABS,A FD FAN VEL AX HI VIB,RTN,1,2.48344,3,MILS,!WP1001!WP1002!WP1003!WP1006!WP1007!WP1014!hist14!CP1005,1
2026-07-16 01:44:45.9,1SCRA_IDSAV,SLPDI5416A,A IDMPR SCR SA PSG TO FG DUCT DP,,LOABS,SCR A IN DMPR SEAL DP LOW (SERV),RTN,5,2.20176,2,INH2O,!hist14!CP1016,2
2026-07-16 01:45:19.7,FD_FAN_VIB,A_FAN_VEL_AX,A FD FAN VEL AX,,HIABS,A FD FAN VEL AX HI VIB,ALM,1,3.00609,3,MILS,!WP1001!WP1002!WP1003!WP1006!WP1007!WP1014!hist14!CP1005,1
2026-07-16 01:45:58.5,1STM_GSM_ALM,STM_ALM2,MARK VIE STEAM SEAL ALARM,,STA_5,STM SEAL DIV VLV TO CNDR ALM,ALM,3,0,0,,!WP1001!WP1002!WP1003!WP1006!WP1007!WP1014!hist14!CP1011,1
2026-07-16 01:46:01.4,1SCRA_IDSAV,SLPDI5416A,A IDMPR SCR SA PSG TO FG DUCT DP,,LOABS,SCR A IN DMPR SEAL DP LOW (SERV),ALM,5,1.99355,2,INH2O,!hist14!CP1016,2
2026-07-16 01:46:10.9,1SCRA_IDSAV,SLPDI5416A,A IDMPR SCR SA PSG TO FG DUCT DP,,LOABS,SCR A IN DMPR SEAL DP LOW (SERV),RTN,5,2.20879,2,INH2O,!hist14!CP1016,2
2026-07-16 01:46:29.4,1SCR_B_PRESS,FGPDI5228B,SCR B CAT LAYER 4 DP,1SR114 PNT 4,HHABS,HI HI DP,RTN,1,1.19944,1.7,INH2O,!WP1001!WP1002!WP1003!WP1006!WP1007!WP1014!hist14!CP1016,1
2026-07-16 01:46:57.4,1SCRA_IDSAV,SLPDI5416A,A IDMPR SCR SA PSG TO FG DUCT DP,,LOABS,SCR A IN DMPR SEAL DP LOW (SERV),ALM,5,1.98672,2,INH2O,!hist14!CP1016,2
2026-07-16 01:47:04.4,1SCRA_IDSAV,SLPDI5416A,A IDMPR SCR SA PSG TO FG DUCT DP,,LOABS,SCR A IN DMPR SEAL DP LOW (SERV),RTN,5,2.22949,2,INH2O,!hist14!CP1016,2
2026-07-16 01:47:15.2,FD_FAN_VIB,A_FAN_VEL_AX,A FD FAN VEL AX,,HIABS,A FD FAN VEL AX HI VIB,RTN,1,2.49688,3,MILS,!WP1001!WP1002!WP1003!WP1006!WP1007!WP1014!hist14!CP1005,1
2026-07-16 01:47:58.9,1SCRA_IDSAV,SLPDI5416A,A IDMPR SCR SA PSG TO FG DUCT DP,,LOABS,SCR A IN DMPR SEAL DP LOW (SERV),ALM,5,1.95508,2,INH2O,!hist14!CP1016,2
2026-07-16 01:48:09.4,1SCRA_IDSAV,SLPDI5416A,A IDMPR SCR SA PSG TO FG DUCT DP,,LOABS,SCR A IN DMPR SEAL DP LOW (SERV),RTN,5,2.20137,2,INH2O,!hist14!CP1016,2
2026-07-16 01:49:53.2,PAC_PLC,ACI_FDR_A_TR,ACI FDR A AC-WIC-5007 TRBLE ALM,,CHANGE,PAC FEEDER A TROUBLE,ALM,1,,,,!WP1001!WP1002!WP1003!WP1006!WP1007!WP1014!hist14!CP1003,1
2026-07-16 01:50:00.4,1SCRA_IDSAV,SLPDI5416A,A IDMPR SCR SA PSG TO FG DUCT DP,,LOABS,SCR A IN DMPR SEAL DP LOW (SERV),ALM,5,1.97285,2,INH2O,!hist14!CP1016,2
2026-07-16 01:50:08.6,1TC,B21,DROOP ACTIVE,DROOP,STATE,ACTIVE,ALM,5,,,,!hist14!CP1001,2
2026-07-16 01:50:12.6,1TC,B21,DROOP ACTIVE,DROOP,STATE,NORMAL,RTN,5,,,,!hist14!CP1001,2
2026-07-16 01:50:16.4,1SCRA_IDSAV,SLPDI5416A,A IDMPR SCR SA PSG TO FG DUCT DP,,LOABS,SCR A IN DMPR SEAL DP LOW (SERV),RTN,5,2.20801,2,INH2O,!hist14!CP1016,2
2026-07-16 01:50:25.7,PAC_PLC,ACI_FDR_A_TR,ACI FDR A AC-WIC-5007 TRBLE ALM,,CHANGE,PAC FEEDER A TROUBLE,ALM,1,,,,!WP1001!WP1002!WP1003!WP1006!WP1007!WP1014!hist14!CP1003,1
2026-07-16 01:52:03.0,1RPF_VIB,ARVI15554F,AR PMP F MTR IBRD SHAFT VIB-DE4,,HHABS,,ALM,1,4.51203,4.5,MILS,!WP1001!WP1002!WP1003!WP1006!WP1007!WP1014!hist14!CP1017,1
2026-07-16 01:53:13.4,1SCRA_IDSAV,SLPDI5416A,A IDMPR SCR SA PSG TO FG DUCT DP,,LOABS,SCR A IN DMPR SEAL DP LOW (SERV),ALM,5,1.99629,2,INH2O,!hist14!CP1016,2
2026-07-16 01:53:22.0,1SCRA_IDSAV,SLPDI5416A,A IDMPR SCR SA PSG TO FG DUCT DP,,LOABS,SCR A IN DMPR SEAL DP LOW (SERV),RTN,5,2.23672,2,INH2O,!hist14!CP1016,2
2026-07-16 01:55:15.2,1BWCP_PURGE,OUTLET_TEMP,BWCP PURGE COOLER OUTLET TEMP,,HIABS,,RTN,2,101.997,105,DEGF,!WP1001!WP1002!WP1003!WP1006!WP1007!WP1014!hist14!CP1005,1
2026-07-16 01:55:24.8,1DAS10,IACE3211,COND MAKE-UP SPEC CNDCT,,HIABS,HIGH,RTN,1,0.279766,0.3,US/CM,!WP1002!WP1006!WP1007!WP1001!WP1003!WP1014!hist14!CP1008,1
2026-07-16 01:57:01.4,1SCRA_IDSAV,SLPDI5416A,A IDMPR SCR SA PSG TO FG DUCT DP,,LOABS,SCR A IN DMPR SEAL DP LOW (SERV),ALM,5,1.96797,2,INH2O,!hist14!CP1016,2
2026-07-16 01:57:10.4,1SCRA_IDSAV,SLPDI5416A,A IDMPR SCR SA PSG TO FG DUCT DP,,LOABS,SCR A IN DMPR SEAL DP LOW (SERV),RTN,5,2.20313,2,INH2O,!hist14!CP1016,2
2026-07-16 01:57:13.0,1SCRA_IDSAV,SLPDI5416A,A IDMPR SCR SA PSG TO FG DUCT DP,,LOABS,SCR A IN DMPR SEAL DP LOW (SERV),ALM,5,1.97148,2,INH2O,!hist14!CP1016,2
2026-07-16 01:58:34.4,1SCRA_IDSAV,SLPDI5416A,A IDMPR SCR SA PSG TO FG DUCT DP,,LOABS,SCR A IN DMPR SEAL DP LOW (SERV),RTN,5,2.20234,2,INH2O,!hist14!CP1016,2
2026-07-16 01:59:08.0,1AR_LS,DEV_5803,LS SYS B,,STATE,VALVE 5803 DEVIATION,ALM,3,,,,!WP1001!WP1002!WP1003!WP1006!WP1007!WP1014!hist14!CP1017,1
2026-07-16 02:00:02.0,1AR_LS,DEV_5803,LS SYS B,,STATE,,RTN,3,,,,!WP1001!WP1002!WP1003!WP1006!WP1007!WP1014!hist14!CP1017,1
2026-07-16 02:00:34.0,1SCRA_IDSAV,SLPDI5416A,A IDMPR SCR SA PSG TO FG DUCT DP,,LOABS,SCR A IN DMPR SEAL DP LOW (SERV),ALM,5,1.97227,2,INH2O,!hist14!CP1016,2
2026-07-16 02:00:38.0,1SCRA_IDSAV,SLPDI5416A,A IDMPR SCR SA PSG TO FG DUCT DP,,LOABS,SCR A IN DMPR SEAL DP LOW (SERV),RTN,5,2.21582,2,INH2O,!hist14!CP1016,2
2026-07-16 02:00:55.4,1SCR_B_PRESS,FGPDI5228B,SCR B CAT LAYER 4 DP,1SR114 PNT 4,HHABS,HI HI DP,ALM,1,1.70234,1.7,INH2O,!WP1001!WP1002!WP1003!WP1006!WP1007!WP1014!hist14!CP1016,1
2026-07-16 02:01:55.4,1SCRA_IDSAV,SLPDI5416A,A IDMPR SCR SA PSG TO FG DUCT DP,,LOABS,SCR A IN DMPR SEAL DP LOW (SERV),ALM,5,1.97852,2,INH2O,!hist14!CP1016,2
2026-07-16 02:02:19.0,1SCRA_IDSAV,SLPDI5416A,A IDMPR SCR SA PSG TO FG DUCT DP,,LOABS,SCR A IN DMPR SEAL DP LOW (SERV),RTN,5,2.20254,2,INH2O,!hist14!CP1016,2
2026-07-16 02:02:40.3,1NW_ESP_SMP,NWAI6702B,PRECIP SUMP PMP B DSCH PH,,IOBAD,BAD CHANNEL,RTN,3,,,,!WP1002!WP1011!WP1001!hist14!CP1020,1
2026-07-16 02:02:43.0,1SCRA_IDSAV,SLPDI5416A,A IDMPR SCR SA PSG TO FG DUCT DP,,LOABS,SCR A IN DMPR SEAL DP LOW (SERV),ALM,5,1.99258,2,INH2O,!hist14!CP1016,2
2026-07-16 02:03:15.4,1SCRA_IDSAV,SLPDI5416A,A IDMPR SCR SA PSG TO FG DUCT DP,,LOABS,SCR A IN DMPR SEAL DP LOW (SERV),RTN,5,2.21211,2,INH2O,!hist14!CP1016,2
2026-07-16 02:03:31.1,1SCR_B_PRESS,FGPDI5228B,SCR B CAT LAYER 4 DP,1SR114 PNT 4,HHABS,HI HI DP,RTN,1,1.19873,1.7,INH2O,!WP1001!WP1002!WP1003!WP1006!WP1007!WP1014!hist14!CP1016,1
2026-07-16 02:03:47.0,1SCRA_IDSAV,SLPDI5416A,A IDMPR SCR SA PSG TO FG DUCT DP,,LOABS,SCR A IN DMPR SEAL DP LOW (SERV),ALM,5,1.9998,2,INH2O,!hist14!CP1016,2
2026-07-16 02:04:24.4,1SCRA_IDSAV,SLPDI5416A,A IDMPR SCR SA PSG TO FG DUCT DP,,LOABS,SCR A IN DMPR SEAL DP LOW (SERV),RTN,5,2.21211,2,INH2O,!hist14!CP1016,2
2026-07-16 02:04:26.5,1MELIM,ZDS5504,WET/DRY INTFC VLV  DM DEV,,LODEV,LOW DEVIATION ALARM,RTN,3,46.5234,42.5,%,!hist14!CP1017,2
2026-07-16 02:04:30.4,1SCRA_IDSAV,SLPDI5416A,A IDMPR SCR SA PSG TO FG DUCT DP,,LOABS,SCR A IN DMPR SEAL DP LOW (SERV),ALM,5,1.97227,2,INH2O,!hist14!CP1016,2
2026-07-16 02:05:12.4,1SCRA_IDSAV,SLPDI5416A,A IDMPR SCR SA PSG TO FG DUCT DP,,LOABS,SCR A IN DMPR SEAL DP LOW (SERV),RTN,5,2.20527,2,INH2O,!hist14!CP1016,2
2026-07-16 02:05:27.5,1SCRA_IDSAV,SLPDI5416A,A IDMPR SCR SA PSG TO FG DUCT DP,,LOABS,SCR A IN DMPR SEAL DP LOW (SERV),ALM,5,1.97539,2,INH2O,!hist14!CP1016,2
2026-07-16 02:05:39.4,1SCRA_IDSAV,SLPDI5416A,A IDMPR SCR SA PSG TO FG DUCT DP,,LOABS,SCR A IN DMPR SEAL DP LOW (SERV),RTN,5,2.21113,2,INH2O,!hist14!CP1016,2
2026-07-16 02:06:30.5,1MELIM,ZDS5504,WET/DRY INTFC VLV  DM DEV,,HIDEV,HIGH DEVIATION ALARM,ALM,3,98.6582,5,%,!hist14!CP1017,2
2026-07-16 02:09:41.5,1SCRA_IDSAV,SLPDI5416A,A IDMPR SCR SA PSG TO FG DUCT DP,,LOABS,SCR A IN DMPR SEAL DP LOW (SERV),ALM,5,1.99766,2,INH2O,!hist14!CP1016,2
2026-07-16 02:10:03.0,1SCRA_IDSAV,SLPDI5416A,A IDMPR SCR SA PSG TO FG DUCT DP,,LOABS,SCR A IN DMPR SEAL DP LOW (SERV),RTN,5,2.21348,2,INH2O,!hist14!CP1016,2
2026-07-16 02:13:01.0,1SCRA_IDSAV,SLPDI5416A,A IDMPR SCR SA PSG TO FG DUCT DP,,LOABS,SCR A IN DMPR SEAL DP LOW (SERV),ALM,5,1.99004,2,INH2O,!hist14!CP1016,2
2026-07-16 02:13:04.7,FD_FAN_VIB,A_FAN_VEL_AX,A FD FAN VEL AX,,HIABS,A FD FAN VEL AX HI VIB,ALM,1,3.03094,3,MILS,!WP1001!WP1002!WP1003!WP1006!WP1007!WP1014!hist14!CP1005,1
2026-07-16 02:13:10.0,1SCRA_IDSAV,SLPDI5416A,A IDMPR SCR SA PSG TO FG DUCT DP,,LOABS,SCR A IN DMPR SEAL DP LOW (SERV),RTN,5,2.20898,2,INH2O,!hist14!CP1016,2
2026-07-16 02:13:18.5,1SCRA_IDSAV,SLPDI5416A,A IDMPR SCR SA PSG TO FG DUCT DP,,LOABS,SCR A IN DMPR SEAL DP LOW (SERV),ALM,5,1.99746,2,INH2O,!hist14!CP1016,2
2026-07-16 02:13:32.0,1SCRA_IDSAV,SLPDI5416A,A IDMPR SCR SA PSG TO FG DUCT DP,,LOABS,SCR A IN DMPR SEAL DP LOW (SERV),RTN,5,2.21563,2,INH2O,!hist14!CP1016,2
2026-07-16 02:13:53.2,FD_FAN_VIB,A_FAN_VEL_AX,A FD FAN VEL AX,,HIABS,A FD FAN VEL AX HI VIB,RTN,1,2.4825,3,MILS,!WP1001!WP1002!WP1003!WP1006!WP1007!WP1014!hist14!CP1005,1
2026-07-16 02:13:53.8,1NW_ESP_SMP,NWAI6702B,PRECIP SUMP PMP B DSCH PH,,IOBAD,BAD CHANNEL,ALM,3,,,,!WP1002!WP1011!WP1001!hist14!CP1020,1
2026-07-16 02:14:34.5,1SCRA_IDSAV,SLPDI5416A,A IDMPR SCR SA PSG TO FG DUCT DP,,LOABS,SCR A IN DMPR SEAL DP LOW (SERV),ALM,5,1.99199,2,INH2O,!hist14!CP1016,2
2026-07-16 02:14:46.0,1SCRA_IDSAV,SLPDI5416A,A IDMPR SCR SA PSG TO FG DUCT DP,,LOABS,SCR A IN DMPR SEAL DP LOW (SERV),RTN,5,2.21309,2,INH2O,!hist14!CP1016,2
2026-07-16 02:15:13.5,1SCRA_IDSAV,SLPDI5416A,A IDMPR SCR SA PSG TO FG DUCT DP,,LOABS,SCR A IN DMPR SEAL DP LOW (SERV),ALM,5,1.99766,2,INH2O,!hist14!CP1016,2
2026-07-16 02:15:20.0,1SCRA_IDSAV,SLPDI5416A,A IDMPR SCR SA PSG TO FG DUCT DP,,LOABS,SCR A IN DMPR SEAL DP LOW (SERV),RTN,5,2.23086,2,INH2O,!hist14!CP1016,2
2026-07-16 02:15:43.0,1SCR_B_PRESS,FGPDI5228B,SCR B CAT LAYER 4 DP,1SR114 PNT 4,HHABS,HI HI DP,ALM,1,1.70104,1.7,INH2O,!WP1001!WP1002!WP1003!WP1006!WP1007!WP1014!hist14!CP1016,1
2026-07-16 02:15:55.5,1SCRA_IDSAV,SLPDI5416A,A IDMPR SCR SA PSG TO FG DUCT DP,,LOABS,SCR A IN DMPR SEAL DP LOW (SERV),ALM,5,1.99238,2,INH2O,!hist14!CP1016,2
2026-07-16 02:16:47.5,1SCRA_IDSAV,SLPDI5416A,A IDMPR SCR SA PSG TO FG DUCT DP,,LOABS,SCR A IN DMPR SEAL DP LOW (SERV),RTN,5,2.22187,2,INH2O,!hist14!CP1016,2
2026-07-16 02:19:41.5,1SCRA_IDSAV,SLPDI5416A,A IDMPR SCR SA PSG TO FG DUCT DP,,LOABS,SCR A IN DMPR SEAL DP LOW (SERV),ALM,5,1.99551,2,INH2O,!hist14!CP1016,2
2026-07-16 02:19:52.5,1SCRA_IDSAV,SLPDI5416A,A IDMPR SCR SA PSG TO FG DUCT DP,,LOABS,SCR A IN DMPR SEAL DP LOW (SERV),RTN,5,2.20234,2,INH2O,!hist14!CP1016,2
2026-07-16 02:19:59.5,1MELIM,ZDS5504,WET/DRY INTFC VLV  DM DEV,,HIDEV,HIGH DEVIATION ALARM,RTN,3,53.9766,57.5,%,!hist14!CP1017,2
2026-07-16 02:20:42.0,1SCRA_IDSAV,SLPDI5416A,A IDMPR SCR SA PSG TO FG DUCT DP,,LOABS,SCR A IN DMPR SEAL DP LOW (SERV),ALM,5,1.9875,2,INH2O,!hist14!CP1016,2
2026-07-16 02:20:47.0,1SCRA_IDSAV,SLPDI5416A,A IDMPR SCR SA PSG TO FG DUCT DP,,LOABS,SCR A IN DMPR SEAL DP LOW (SERV),RTN,5,2.20293,2,INH2O,!hist14!CP1016,2
2026-07-16 02:21:30.5,1MELIM,ZDS5504,WET/DRY INTFC VLV  DM DEV,,HIDEV,HIGH DEVIATION ALARM,ALM,3,98.7324,5,%,!hist14!CP1017,2
2026-07-16 02:24:49.0,1SCR_B_PRESS,FGPDI5228B,SCR B CAT LAYER 4 DP,1SR114 PNT 4,HHABS,HI HI DP,RTN,1,1.1983,1.7,INH2O,!WP1001!WP1002!WP1003!WP1006!WP1007!WP1014!hist14!CP1016,1
2026-07-16 02:26:09.5,1SCRA_IDSAV,SLPDI5416A,A IDMPR SCR SA PSG TO FG DUCT DP,,LOABS,SCR A IN DMPR SEAL DP LOW (SERV),ALM,5,1.98945,2,INH2O,!hist14!CP1016,2
2026-07-16 02:26:17.5,1SCRA_IDSAV,SLPDI5416A,A IDMPR SCR SA PSG TO FG DUCT DP,,LOABS,SCR A IN DMPR SEAL DP LOW (SERV),RTN,5,2.21523,2,INH2O,!hist14!CP1016,2
2026-07-16 02:26:27.8,IDFAN_PEEC,OPCY_ALM,PRECIP OUT > 50%,PRECIP OUTLET,STATE,ALARM,ALM,3,,,,!WP1001!WP1002!WP1003!WP1006!WP1007!WP1014!hist14!CP1003,1
2026-07-16 02:26:29.3,IDFAN_PEEC,OPCY_ALM,PRECIP OUT > 50%,PRECIP OUTLET,STATE,NORMAL,RTN,3,,,,!WP1001!WP1002!WP1003!WP1006!WP1007!WP1014!hist14!CP1003,1
2026-07-16 02:27:50.5,1SCRA_IDSAV,SLPDI5416A,A IDMPR SCR SA PSG TO FG DUCT DP,,LOABS,SCR A IN DMPR SEAL DP LOW (SERV),ALM,5,1.99766,2,INH2O,!hist14!CP1016,2
2026-07-16 02:27:56.5,1SCRA_IDSAV,SLPDI5416A,A IDMPR SCR SA PSG TO FG DUCT DP,,LOABS,SCR A IN DMPR SEAL DP LOW (SERV),RTN,5,2.21582,2,INH2O,!hist14!CP1016,2
2026-07-16 02:28:20.0,1SCRA_IDSAV,SLPDI5416A,A IDMPR SCR SA PSG TO FG DUCT DP,,LOABS,SCR A IN DMPR SEAL DP LOW (SERV),ALM,5,1.98867,2,INH2O,!hist14!CP1016,2
2026-07-16 02:28:26.0,1SCRA_IDSAV,SLPDI5416A,A IDMPR SCR SA PSG TO FG DUCT DP,,LOABS,SCR A IN DMPR SEAL DP LOW (SERV),RTN,5,2.20996,2,INH2O,!hist14!CP1016,2
2026-07-16 02:28:43.6,1MA,B37,MILL A TEMP,,HIABS,>145 DEGF,RTN,1,139.701,145,DEGF,!WP1001!WP1002!WP1003!WP1006!WP1007!WP1014!hist14!CP1001,1
2026-07-16 02:30:46.3,1DAS10,IACE3211,COND MAKE-UP SPEC CNDCT,,HIABS,HIGH,ALM,1,0.300078,0.3,US/CM,!WP1002!WP1006!WP1007!WP1001!WP1003!WP1014!hist14!CP1008,1
2026-07-16 02:31:57.0,1SCRA_IDSAV,SLPDI5416A,A IDMPR SCR SA PSG TO FG DUCT DP,,LOABS,SCR A IN DMPR SEAL DP LOW (SERV),ALM,5,1.97637,2,INH2O,!hist14!CP1016,2
2026-07-16 02:32:02.0,1SCRA_IDSAV,SLPDI5416A,A IDMPR SCR SA PSG TO FG DUCT DP,,LOABS,SCR A IN DMPR SEAL DP LOW (SERV),RTN,5,2.22422,2,INH2O,!hist14!CP1016,2
2026-07-16 02:32:19.0,1SCRA_IDSAV,SLPDI5416A,A IDMPR SCR SA PSG TO FG DUCT DP,,LOABS,SCR A IN DMPR SEAL DP LOW (SERV),ALM,5,1.99707,2,INH2O,!hist14!CP1016,2
2026-07-16 02:32:25.5,1SCRA_IDSAV,SLPDI5416A,A IDMPR SCR SA PSG TO FG DUCT DP,,LOABS,SCR A IN DMPR SEAL DP LOW (SERV),RTN,5,2.21836,2,INH2O,!hist14!CP1016,2
2026-07-16 02:32:35.0,1SCRA_IDSAV,SLPDI5416A,A IDMPR SCR SA PSG TO FG DUCT DP,,LOABS,SCR A IN DMPR SEAL DP LOW (SERV),ALM,5,1.98848,2,INH2O,!hist14!CP1016,2
2026-07-16 02:32:44.5,1SCRA_IDSAV,SLPDI5416A,A IDMPR SCR SA PSG TO FG DUCT DP,,LOABS,SCR A IN DMPR SEAL DP LOW (SERV),RTN,5,2.21777,2,INH2O,!hist14!CP1016,2
2026-07-16 02:33:17.5,1SCRA_IDSAV,SLPDI5416A,A IDMPR SCR SA PSG TO FG DUCT DP,,LOABS,SCR A IN DMPR SEAL DP LOW (SERV),ALM,5,1.97832,2,INH2O,!hist14!CP1016,2
2026-07-16 02:33:23.0,1SCRA_IDSAV,SLPDI5416A,A IDMPR SCR SA PSG TO FG DUCT DP,,LOABS,SCR A IN DMPR SEAL DP LOW (SERV),RTN,5,2.22383,2,INH2O,!hist14!CP1016,2
2026-07-16 02:34:58.5,1MELIM,ZDS5504,WET/DRY INTFC VLV  DM DEV,,HIDEV,HIGH DEVIATION ALARM,RTN,3,53.957,57.5,%,!hist14!CP1017,2
2026-07-16 02:36:29.5,1MELIM,ZDS5504,WET/DRY INTFC VLV  DM DEV,,HIDEV,HIGH DEVIATION ALARM,ALM,3,98.791,5,%,!hist14!CP1017,2
2026-07-16 02:39:00.0,1SCRA_IDSAV,SLPDI5416A,A IDMPR SCR SA PSG TO FG DUCT DP,,LOABS,SCR A IN DMPR SEAL DP LOW (SERV),ALM,5,1.9918,2,INH2O,!hist14!CP1016,2
2026-07-16 02:39:06.0,1SCRA_IDSAV,SLPDI5416A,A IDMPR SCR SA PSG TO FG DUCT DP,,LOABS,SCR A IN DMPR SEAL DP LOW (SERV),RTN,5,2.21152,2,INH2O,!hist14!CP1016,2
2026-07-16 02:41:39.0,1MELIM,ZDS5504,WET/DRY INTFC VLV  DM DEV,,HIDEV,HIGH DEVIATION ALARM,RTN,3,54.002,57.5,%,!hist14!CP1017,2
2026-07-16 02:42:40.0,1MELIM,ZDS5504,WET/DRY INTFC VLV  DM DEV,,LODEV,LOW DEVIATION ALARM,ALM,3,-1.23438,95,%,!hist14!CP1017,2
2026-07-16 02:51:10.3,1AB_FILTERB,ACXV5141BAL,VAC PRDCR B INLT  VLV,VACUUM PRODUC,STATE,OK,RTN,3,,,,!WP1002!WP1011!WP1001!hist14!CP1020,1
2026-07-16 02:53:07.8,1AB_SURGEB,ABXV5104BAL,SURGE BIN AIRLCK BTOP VLV,SURGE BIN AIR,STATE,FAIL,ALM,3,,,,!WP1002!WP1011!WP1001!hist14!CP1020,1
2026-07-16 02:55:55.0,1DAS10,IACE3211,COND MAKE-UP SPEC CNDCT,,HIABS,HIGH,RTN,1,0.279687,0.3,US/CM,!WP1002!WP1006!WP1007!WP1001!WP1003!WP1014!hist14!CP1008,1
2026-07-16 02:56:26.8,1AB_SURGEB,ABXV5104BAL,SURGE BIN AIRLCK BTOP VLV,SURGE BIN AIR,STATE,OK,RTN,3,,,,!WP1002!WP1011!WP1001!hist14!CP1020,1
2026-07-16 02:56:42.3,1AB_SURGEB,ABXV5104BAL,SURGE BIN AIRLCK BTOP VLV,SURGE BIN AIR,STATE,FAIL,ALM,3,,,,!WP1002!WP1011!WP1001!hist14!CP1020,1
2026-07-16 02:57:51.5,1SCRA_IDSAV,SLPDI5416A,A IDMPR SCR SA PSG TO FG DUCT DP,,LOABS,SCR A IN DMPR SEAL DP LOW (SERV),ALM,5,1.99453,2,INH2O,!hist14!CP1016,2
2026-07-16 02:58:00.0,1SCRA_IDSAV,SLPDI5416A,A IDMPR SCR SA PSG TO FG DUCT DP,,LOABS,SCR A IN DMPR SEAL DP LOW (SERV),RTN,5,2.22793,2,INH2O,!hist14!CP1016,2
2026-07-16 02:58:11.3,1AB_SURGEB,ABXV5104BAL,SURGE BIN AIRLCK BTOP VLV,SURGE BIN AIR,STATE,OK,RTN,3,,,,!WP1002!WP1011!WP1001!hist14!CP1020,1
2026-07-16 02:58:27.3,1AB_SURGEB,ABXV5104BAL,SURGE BIN AIRLCK BTOP VLV,SURGE BIN AIR,STATE,FAIL,ALM,3,,,,!WP1002!WP1011!WP1001!hist14!CP1020,1
2026-07-16 02:58:39.8,1AB_SURGEB,ABXV5104BAL,SURGE BIN AIRLCK BTOP VLV,SURGE BIN AIR,STATE,OK,RTN,3,,,,!WP1002!WP1011!WP1001!hist14!CP1020,1
2026-07-16 02:59:09.0,1AR_LS,DEV_5803,LS SYS B,,STATE,VALVE 5803 DEVIATION,ALM,3,,,,!WP1001!WP1002!WP1003!WP1006!WP1007!WP1014!hist14!CP1017,1
2026-07-16 02:59:44.0,1AR_LS,DEV_5803,LS SYS B,,STATE,,RTN,3,,,,!WP1001!WP1002!WP1003!WP1006!WP1007!WP1014!hist14!CP1017,1
2026-07-16 03:00:44.8,1AB_SURGEB,ABXV5104BAL,SURGE BIN AIRLCK BTOP VLV,SURGE BIN AIR,STATE,FAIL,ALM,3,,,,!WP1002!WP1011!WP1001!hist14!CP1020,1
2026-07-16 03:01:39.3,1AB_ECON_SEQ,ECON_HOP_T10,ECON HOPPER SEQ XV5124 TIMER,,PTARG,TIMEOUT,ALM,3,240.01,240,SEC,!WP1002!WP1011!WP1001!hist14!CP1020,1
2026-07-16 03:01:40.3,1AB_ECON_SEQ,ECON_HOP_T10,ECON HOPPER SEQ XV5124 TIMER,,PTARG,TIMEOUT,RTN,3,0,240,SEC,!WP1002!WP1011!WP1001!hist14!CP1020,1
2026-07-16 03:02:41.5,1SCRA_IDSAV,SLPDI5416A,A IDMPR SCR SA PSG TO FG DUCT DP,,LOABS,SCR A IN DMPR SEAL DP LOW (SERV),ALM,5,1.99824,2,INH2O,!hist14!CP1016,2
2026-07-16 03:02:43.7,FD_FAN_VIB,A_FAN_VEL_AX,A FD FAN VEL AX,,HIABS,A FD FAN VEL AX HI VIB,ALM,1,3.10906,3,MILS,!WP1001!WP1002!WP1003!WP1006!WP1007!WP1014!hist14!CP1005,1
2026-07-16 03:02:47.5,1SCRA_IDSAV,SLPDI5416A,A IDMPR SCR SA PSG TO FG DUCT DP,,LOABS,SCR A IN DMPR SEAL DP LOW (SERV),RTN,5,2.23008,2,INH2O,!hist14!CP1016,2
2026-07-16 03:03:03.8,1AB_SURGEB,ABXV5104BAL,SURGE BIN AIRLCK BTOP VLV,SURGE BIN AIR,STATE,OK,RTN,3,,,,!WP1002!WP1011!WP1001!hist14!CP1020,1
2026-07-16 03:05:05.5,1SCRA_IDSAV,SLPDI5416A,A IDMPR SCR SA PSG TO FG DUCT DP,,LOABS,SCR A IN DMPR SEAL DP LOW (SERV),ALM,5,1.99102,2,INH2O,!hist14!CP1016,2
2026-07-16 03:05:11.5,1SCRA_IDSAV,SLPDI5416A,A IDMPR SCR SA PSG TO FG DUCT DP,,LOABS,SCR A IN DMPR SEAL DP LOW (SERV),RTN,5,2.21055,2,INH2O,!hist14!CP1016,2
2026-07-16 03:07:32.0,1SCRA_IDSAV,SLPDI5416A,A IDMPR SCR SA PSG TO FG DUCT DP,,LOABS,SCR A IN DMPR SEAL DP LOW (SERV),ALM,5,1.99238,2,INH2O,!hist14!CP1016,2
2026-07-16 03:07:51.0,1SCRA_IDSAV,SLPDI5416A,A IDMPR SCR SA PSG TO FG DUCT DP,,LOABS,SCR A IN DMPR SEAL DP LOW (SERV),RTN,5,2.2043,2,INH2O,!hist14!CP1016,2
2026-07-16 03:11:50.5,1SCRA_IDSAV,SLPDI5416A,A IDMPR SCR SA PSG TO FG DUCT DP,,LOABS,SCR A IN DMPR SEAL DP LOW (SERV),ALM,5,1.99961,2,INH2O,!hist14!CP1016,2
2026-07-16 03:12:13.5,1SCRA_IDSAV,SLPDI5416A,A IDMPR SCR SA PSG TO FG DUCT DP,,LOABS,SCR A IN DMPR SEAL DP LOW (SERV),RTN,5,2.20234,2,INH2O,!hist14!CP1016,2
2026-07-16 03:12:26.5,1SCRA_IDSAV,SLPDI5416A,A IDMPR SCR SA PSG TO FG DUCT DP,,LOABS,SCR A IN DMPR SEAL DP LOW (SERV),ALM,5,1.99512,2,INH2O,!hist14!CP1016,2
2026-07-16 03:12:33.5,1SCRA_IDSAV,SLPDI5416A,A IDMPR SCR SA PSG TO FG DUCT DP,,LOABS,SCR A IN DMPR SEAL DP LOW (SERV),RTN,5,2.20664,2,INH2O,!hist14!CP1016,2
2026-07-16 03:13:04.0,1SCRA_IDSAV,SLPDI5416A,A IDMPR SCR SA PSG TO FG DUCT DP,,LOABS,SCR A IN DMPR SEAL DP LOW (SERV),ALM,5,1.99551,2,INH2O,!hist14!CP1016,2
2026-07-16 03:13:09.5,1SCRA_IDSAV,SLPDI5416A,A IDMPR SCR SA PSG TO FG DUCT DP,,LOABS,SCR A IN DMPR SEAL DP LOW (SERV),RTN,5,2.22832,2,INH2O,!hist14!CP1016,2
2026-07-16 03:13:49.5,1SCRA_IDSAV,SLPDI5416A,A IDMPR SCR SA PSG TO FG DUCT DP,,LOABS,SCR A IN DMPR SEAL DP LOW (SERV),ALM,5,1.99824,2,INH2O,!hist14!CP1016,2
2026-07-16 03:13:58.0,1SCRA_IDSAV,SLPDI5416A,A IDMPR SCR SA PSG TO FG DUCT DP,,LOABS,SCR A IN DMPR SEAL DP LOW (SERV),RTN,5,2.20684,2,INH2O,!hist14!CP1016,2
2026-07-16 03:14:45.0,1SCRA_IDSAV,SLPDI5416A,A IDMPR SCR SA PSG TO FG DUCT DP,,LOABS,SCR A IN DMPR SEAL DP LOW (SERV),ALM,5,1.98652,2,INH2O,!hist14!CP1016,2
2026-07-16 03:14:48.0,1SCRA_IDSAV,SLPDI5416A,A IDMPR SCR SA PSG TO FG DUCT DP,,LOABS,SCR A IN DMPR SEAL DP LOW (SERV),RTN,5,2.20391,2,INH2O,!hist14!CP1016,2
2026-07-16 03:15:00.5,1SCRA_IDSAV,SLPDI5416A,A IDMPR SCR SA PSG TO FG DUCT DP,,LOABS,SCR A IN DMPR SEAL DP LOW (SERV),ALM,5,1.99004,2,INH2O,!hist14!CP1016,2
2026-07-16 03:15:10.5,1SCRA_IDSAV,SLPDI5416A,A IDMPR SCR SA PSG TO FG DUCT DP,,LOABS,SCR A IN DMPR SEAL DP LOW (SERV),RTN,5,2.21055,2,INH2O,!hist14!CP1016,2
2026-07-16 03:16:57.5,1SCRA_IDSAV,SLPDI5416A,A IDMPR SCR SA PSG TO FG DUCT DP,,LOABS,SCR A IN DMPR SEAL DP LOW (SERV),ALM,5,1.99238,2,INH2O,!hist14!CP1016,2
2026-07-16 03:17:04.5,1SCRA_IDSAV,SLPDI5416A,A IDMPR SCR SA PSG TO FG DUCT DP,,LOABS,SCR A IN DMPR SEAL DP LOW (SERV),RTN,5,2.22246,2,INH2O,!hist14!CP1016,2
2026-07-16 03:17:48.2,FD_FAN_VIB,A_FAN_VEL_AX,A FD FAN VEL AX,,HIABS,A FD FAN VEL AX HI VIB,RTN,1,2.46922,3,MILS,!WP1001!WP1002!WP1003!WP1006!WP1007!WP1014!hist14!CP1005,1
2026-07-16 03:17:48.4,1DAS11,IAAH3281,COND PUMP DISCH   SILICA,1233,HIABS,HIGH,ALM,1,10.0215,10,ppb,!WP1002!WP1006!WP1007!WP1001!WP1003!WP1014!hist14!CP1008,1
2026-07-16 03:18:44.8,1AB_SURGEA,ABXV5104AAL,SURGE BIN AIRLCK ATOP VLV,SURGE BIN AIR,STATE,FAIL,ALM,3,,,,!WP1002!WP1011!WP1001!hist14!CP1020,1
2026-07-16 03:19:07.3,1AB_SURGEA,ABXV5104AAL,SURGE BIN AIRLCK ATOP VLV,SURGE BIN AIR,STATE,OK,RTN,3,,,,!WP1002!WP1011!WP1001!hist14!CP1020,1
2026-07-16 03:22:23.3,IDFAN_PEEC,OPCY_ALM,PRECIP OUT > 50%,PRECIP OUTLET,STATE,ALARM,ALM,3,,,,!WP1001!WP1002!WP1003!WP1006!WP1007!WP1014!hist14!CP1003,1
2026-07-16 03:22:26.8,IDFAN_PEEC,OPCY_ALM,PRECIP OUT > 50%,PRECIP OUTLET,STATE,NORMAL,RTN,3,,,,!WP1001!WP1002!WP1003!WP1006!WP1007!WP1014!hist14!CP1003,1
2026-07-16 03:22:45.0,1SCRA_IDSAV,SLPDI5416A,A IDMPR SCR SA PSG TO FG DUCT DP,,LOABS,SCR A IN DMPR SEAL DP LOW (SERV),ALM,5,1.99277,2,INH2O,!hist14!CP1016,2
2026-07-16 03:22:51.0,1SCRA_IDSAV,SLPDI5416A,A IDMPR SCR SA PSG TO FG DUCT DP,,LOABS,SCR A IN DMPR SEAL DP LOW (SERV),RTN,5,2.22051,2,INH2O,!hist14!CP1016,2
2026-07-16 03:24:34.4,1DAS10,IACE3001,COND MAKE-UP      CATION CNDCT,,HIABS,HIGH,RTN,1,0.279863,0.3,US/CM,!WP1002!WP1006!WP1007!WP1001!WP1003!WP1014!hist14!CP1008,1
2026-07-16 03:27:08.5,1MELIM,ZDS5504,WET/DRY INTFC VLV  DM DEV,,LODEV,LOW DEVIATION ALARM,RTN,3,46.4883,42.5,%,!hist14!CP1017,2
2026-07-16 03:27:42.4,1DAS11,IAAH3281,COND PUMP DISCH   SILICA,1233,HIABS,HIGH,RTN,1,8.67578,10,ppb,!WP1002!WP1006!WP1007!WP1001!WP1003!WP1014!hist14!CP1008,1
2026-07-16 03:28:09.5,1MELIM,ZDS5504,WET/DRY INTFC VLV  DM DEV,,HIDEV,HIGH DEVIATION ALARM,ALM,3,98.4023,5,%,!hist14!CP1017,2
2026-07-16 03:28:42.0,1SCRA_IDSAV,SLPDI5416A,A IDMPR SCR SA PSG TO FG DUCT DP,,LOABS,SCR A IN DMPR SEAL DP LOW (SERV),ALM,5,1.99453,2,INH2O,!hist14!CP1016,2
2026-07-16 03:28:49.3,PAC_PLC,ACI_FDR_A_TR,ACI FDR A AC-WIC-5007 TRBLE ALM,,CHANGE,PAC FEEDER A TROUBLE,ALM,1,,,,!WP1001!WP1002!WP1003!WP1006!WP1007!WP1014!hist14!CP1003,1
2026-07-16 03:28:52.3,PAC_PLC,ACI_FDR_A_TR,ACI FDR A AC-WIC-5007 TRBLE ALM,,CHANGE,PAC FEEDER A TROUBLE,ALM,1,,,,!WP1001!WP1002!WP1003!WP1006!WP1007!WP1014!hist14!CP1003,1
2026-07-16 03:29:03.5,1SCRA_IDSAV,SLPDI5416A,A IDMPR SCR SA PSG TO FG DUCT DP,,LOABS,SCR A IN DMPR SEAL DP LOW (SERV),RTN,5,2.22559,2,INH2O,!hist14!CP1016,2
2026-07-16 03:29:13.7,FD_FAN_VIB,A_FAN_VEL_AX,A FD FAN VEL AX,,HIABS,A FD FAN VEL AX HI VIB,ALM,1,3.07187,3,MILS,!WP1001!WP1002!WP1003!WP1006!WP1007!WP1014!hist14!CP1005,1
2026-07-16 03:29:25.3,1AB_SURGEA,ABLI5100B,SURGE BIN         LEVEL B,,HIABS,HI,ALM,3,90.1563,90,%,!WP1002!WP1011!WP1001!hist14!CP1020,1
2026-07-16 03:29:28.3,1AB_SURGEA,ABLI5100B,SURGE BIN         LEVEL B,,HIABS,HI,RTN,3,69.043,90,%,!WP1002!WP1011!WP1001!hist14!CP1020,1
2026-07-16 03:29:44.2,FD_FAN_VIB,A_FAN_VEL_AX,A FD FAN VEL AX,,HIABS,A FD FAN VEL AX HI VIB,RTN,1,2.45203,3,MILS,!WP1001!WP1002!WP1003!WP1006!WP1007!WP1014!hist14!CP1005,1
2026-07-16 03:29:54.2,FD_FAN_VIB,A_FAN_VEL_AX,A FD FAN VEL AX,,HIABS,A FD FAN VEL AX HI VIB,ALM,1,3.00609,3,MILS,!WP1001!WP1002!WP1003!WP1006!WP1007!WP1014!hist14!CP1005,1
2026-07-16 03:30:22.7,FD_FAN_VIB,A_FAN_VEL_AX,A FD FAN VEL AX,,HIABS,A FD FAN VEL AX HI VIB,RTN,1,2.4825,3,MILS,!WP1001!WP1002!WP1003!WP1006!WP1007!WP1014!hist14!CP1005,1
2026-07-16 03:31:42.8,IDFAN_PEEC,OPCY_ALM,PRECIP OUT > 50%,PRECIP OUTLET,STATE,ALARM,ALM,3,,,,!WP1001!WP1002!WP1003!WP1006!WP1007!WP1014!hist14!CP1003,1
2026-07-16 03:31:45.8,IDFAN_PEEC,OPCY_ALM,PRECIP OUT > 50%,PRECIP OUTLET,STATE,NORMAL,RTN,3,,,,!WP1001!WP1002!WP1003!WP1006!WP1007!WP1014!hist14!CP1003,1
2026-07-16 03:35:32.0,1SCRA_IDSAV,SLPDI5416A,A IDMPR SCR SA PSG TO FG DUCT DP,,LOABS,SCR A IN DMPR SEAL DP LOW (SERV),ALM,5,1.99844,2,INH2O,!hist14!CP1016,2
2026-07-16 03:35:37.5,1SCRA_IDSAV,SLPDI5416A,A IDMPR SCR SA PSG TO FG DUCT DP,,LOABS,SCR A IN DMPR SEAL DP LOW (SERV),RTN,5,2.21074,2,INH2O,!hist14!CP1016,2
2026-07-16 03:36:31.5,1MELIM,ZDS5504,WET/DRY INTFC VLV  DM DEV,,HIDEV,HIGH DEVIATION ALARM,RTN,3,53.9648,57.5,%,!hist14!CP1017,2
2026-07-16 03:37:02.7,ASH_DCS,PLC_TRB,ASH PLC TROUBLE ALARM,ASH PLC,STATE,NORMAL,RTN,3,,,,!WP1002!WP1006!WP1007!WP1001!WP1003!WP1014!hist14!CP1006,1
2026-07-16 03:37:34.0,1SCRA_IDSAV,SLPDI5416A,A IDMPR SCR SA PSG TO FG DUCT DP,,LOABS,SCR A IN DMPR SEAL DP LOW (SERV),ALM,5,1.9957,2,INH2O,!hist14!CP1016,2
2026-07-16 03:37:38.5,1SCRA_IDSAV,SLPDI5416A,A IDMPR SCR SA PSG TO FG DUCT DP,,LOABS,SCR A IN DMPR SEAL DP LOW (SERV),RTN,5,2.20039,2,INH2O,!hist14!CP1016,2
2026-07-16 03:37:38.4,1DAS11,IAAH3281,COND PUMP DISCH   SILICA,1233,HIABS,HIGH,ALM,1,10.1738,10,ppb,!WP1002!WP1006!WP1007!WP1001!WP1003!WP1014!hist14!CP1008,1
2026-07-16 03:38:02.5,1MELIM,ZDS5504,WET/DRY INTFC VLV  DM DEV,,HIDEV,HIGH DEVIATION ALARM,ALM,3,98.7891,5,%,!hist14!CP1017,2
2026-07-16 03:38:56.8,1AB_PYRITE,ABMO5173AAL1,SLUICE PMP A,,STA_4,DISCHARGE PRESS >= 50 PSIG,RTN,1,286.031,0,,!WP1002!WP1011!WP1001!hist14!CP1020,1
2026-07-16 03:38:56.8,1AB_PYRITE,ABMO5173AII,PYRITES SLC PMP A MOTOR CURRENT,,IOBAD,BAD CHANNEL,ALM,3,,,,!WP1002!WP1011!WP1001!hist14!CP1020,1
2026-07-16 03:38:56.3,1AB_PYRITE,ABMO5173AII,PYRITES SLC PMP A MOTOR CURRENT,,HIABS,HI,ALM,3,286.031,215,AMPS,!WP1002!WP1011!WP1001!hist14!CP1020,1
2026-07-16 03:38:56.3,1AB_PYRITE,ABMO5173AII,PYRITES SLC PMP A MOTOR CURRENT,,HHABS,HIHI,ALM,3,286.031,230,AMPS,!WP1002!WP1011!WP1001!hist14!CP1020,1
2026-07-16 03:38:57.3,1AB_PYRITE,ABMO5173AII,PYRITES SLC PMP A MOTOR CURRENT,,IOBAD,BAD CHANNEL,RTN,3,,,,!WP1002!WP1011!WP1001!hist14!CP1020,1
2026-07-16 03:38:57.8,1AB_PYRITE,ABMO5173AII,PYRITES SLC PMP A MOTOR CURRENT,,HIABS,HI,RTN,3,84.6797,215,AMPS,!WP1002!WP1011!WP1001!hist14!CP1020,1
2026-07-16 03:38:57.8,1AB_PYRITE,ABMO5173AII,PYRITES SLC PMP A MOTOR CURRENT,,HHABS,HIHI,RTN,3,84.6797,230,AMPS,!WP1002!WP1011!WP1001!hist14!CP1020,1
2026-07-16 03:38:59.5,1SCRA_IDSAV,SLPDI5416A,A IDMPR SCR SA PSG TO FG DUCT DP,,LOABS,SCR A IN DMPR SEAL DP LOW (SERV),ALM,5,1.99258,2,INH2O,!hist14!CP1016,2
2026-07-16 03:39:01.8,1AB_PYRITE,ABMO5173AAL1,SLUICE PMP A,,STA_4,DISCHARGE PRESS < 50 PSIG,ALM,1,84.6797,0,,!WP1002!WP1011!WP1001!hist14!CP1020,1
2026-07-16 03:39:23.5,1SCRA_IDSAV,SLPDI5416A,A IDMPR SCR SA PSG TO FG DUCT DP,,LOABS,SCR A IN DMPR SEAL DP LOW (SERV),RTN,5,2.20859,2,INH2O,!hist14!CP1016,2
2026-07-16 03:41:12.0,1SCRA_IDSAV,SLPDI5416A,A IDMPR SCR SA PSG TO FG DUCT DP,,LOABS,SCR A IN DMPR SEAL DP LOW (SERV),ALM,5,1.9832,2,INH2O,!hist14!CP1016,2
2026-07-16 03:41:21.0,1SCRA_IDSAV,SLPDI5416A,A IDMPR SCR SA PSG TO FG DUCT DP,,LOABS,SCR A IN DMPR SEAL DP LOW (SERV),RTN,5,2.20469,2,INH2O,!hist14!CP1016,2
2026-07-16 03:42:32.7,1SOECIN,B2,CEMS GENERAL ALARM,CEMS GENERAL,STATE,CEMS GENERAL ALARM,ALM,1,,,,!WP1001!WP1002!WP1003!WP1006!WP1007!WP1014!hist14!CP1005,1
2026-07-16 03:42:49.7,1SOECIN,B2,CEMS GENERAL ALARM,CEMS GENERAL,STATE,NORMAL,RTN,1,,,,!WP1001!WP1002!WP1003!WP1006!WP1007!WP1014!hist14!CP1005,1
2026-07-16 03:43:47.7,FD_FAN_VIB,A_FAN_VEL_AX,A FD FAN VEL AX,,HIABS,A FD FAN VEL AX HI VIB,ALM,1,3.01953,3,MILS,!WP1001!WP1002!WP1003!WP1006!WP1007!WP1014!hist14!CP1005,1
2026-07-16 03:44:42.2,FD_FAN_VIB,A_FAN_VEL_AX,A FD FAN VEL AX,,HIABS,A FD FAN VEL AX HI VIB,RTN,1,2.49781,3,MILS,!WP1001!WP1002!WP1003!WP1006!WP1007!WP1014!hist14!CP1005,1
2026-07-16 03:45:07.5,1SCRA_IDSAV,SLPDI5416A,A IDMPR SCR SA PSG TO FG DUCT DP,,LOABS,SCR A IN DMPR SEAL DP LOW (SERV),ALM,5,1.99082,2,INH2O,!hist14!CP1016,2
2026-07-16 03:45:13.0,1SCRA_IDSAV,SLPDI5416A,A IDMPR SCR SA PSG TO FG DUCT DP,,LOABS,SCR A IN DMPR SEAL DP LOW (SERV),RTN,5,2.20898,2,INH2O,!hist14!CP1016,2
2026-07-16 03:46:19.3,1AB_PYRITE,SV_611AL,MILL HPR 1C EJCT  WTR VLV,MILL HOPPER 1,STATE,FAIL,ALM,3,,,,!WP1002!WP1011!WP1001!hist14!CP1020,1
2026-07-16 03:47:32.4,1DAS11,IAAH3281,COND PUMP DISCH   SILICA,1233,HIABS,HIGH,RTN,1,9.25195,10,ppb,!WP1002!WP1006!WP1007!WP1001!WP1003!WP1014!hist14!CP1008,1
2026-07-16 03:48:44.8,1AB_PYRITE,SV_611AL,MILL HPR 1C EJCT  WTR VLV,MILL HOPPER 1,STATE,OK,RTN,3,,,,!WP1002!WP1011!WP1001!hist14!CP1020,1
2026-07-16 03:49:07.0,1SCRA_IDSAV,SLPDI5416A,A IDMPR SCR SA PSG TO FG DUCT DP,,LOABS,SCR A IN DMPR SEAL DP LOW (SERV),ALM,5,1.99023,2,INH2O,!hist14!CP1016,2
2026-07-16 03:49:21.0,1SCRA_IDSAV,SLPDI5416A,A IDMPR SCR SA PSG TO FG DUCT DP,,LOABS,SCR A IN DMPR SEAL DP LOW (SERV),RTN,5,2.20293,2,INH2O,!hist14!CP1016,2
2026-07-16 03:49:29.3,1AB_PYRITE,SV_612AL,MILL HPR 1D EJCT  WTR VLV,MILL HOPPER 1,STATE,FAIL,ALM,3,,,,!WP1002!WP1011!WP1001!hist14!CP1020,1
2026-07-16 03:49:35.5,1SCRA_IDSAV,SLPDI5416A,A IDMPR SCR SA PSG TO FG DUCT DP,,LOABS,SCR A IN DMPR SEAL DP LOW (SERV),ALM,5,1.97832,2,INH2O,!hist14!CP1016,2
2026-07-16 03:49:44.0,1SCRA_IDSAV,SLPDI5416A,A IDMPR SCR SA PSG TO FG DUCT DP,,LOABS,SCR A IN DMPR SEAL DP LOW (SERV),RTN,5,2.20566,2,INH2O,!hist14!CP1016,2
2026-07-16 03:51:23.3,1AB_PYRITE,SV_612AL,MILL HPR 1D EJCT  WTR VLV,MILL HOPPER 1,STATE,OK,RTN,3,,,,!WP1002!WP1011!WP1001!hist14!CP1020,1
2026-07-16 03:51:31.5,1MELIM,ZDS5504,WET/DRY INTFC VLV  DM DEV,,HIDEV,HIGH DEVIATION ALARM,RTN,3,54.1133,57.5,%,!hist14!CP1017,2
2026-07-16 03:51:44.3,1AB_PYRITE,SV_612AL,MILL HPR 1D EJCT  WTR VLV,MILL HOPPER 1,STATE,FAIL,ALM,3,,,,!WP1002!WP1011!WP1001!hist14!CP1020,1
2026-07-16 03:52:22.3,1AB_PYRITE,SV_612AL,MILL HPR 1D EJCT  WTR VLV,MILL HOPPER 1,STATE,OK,RTN,3,,,,!WP1002!WP1011!WP1001!hist14!CP1020,1
2026-07-16 03:52:43.8,1AB_PYRITE,SV_612AL,MILL HPR 1D EJCT  WTR VLV,MILL HOPPER 1,STATE,FAIL,ALM,3,,,,!WP1002!WP1011!WP1001!hist14!CP1020,1
2026-07-16 03:53:02.5,1MELIM,ZDS5504,WET/DRY INTFC VLV  DM DEV,,HIDEV,HIGH DEVIATION ALARM,ALM,3,98.7129,5,%,!hist14!CP1017,2
2026-07-16 03:56:12.5,1SCRA_IDSAV,SLPDI5416A,A IDMPR SCR SA PSG TO FG DUCT DP,,LOABS,SCR A IN DMPR SEAL DP LOW (SERV),ALM,5,1.97832,2,INH2O,!hist14!CP1016,2
2026-07-16 03:56:20.0,1SCRA_IDSAV,SLPDI5416A,A IDMPR SCR SA PSG TO FG DUCT DP,,LOABS,SCR A IN DMPR SEAL DP LOW (SERV),RTN,5,2.20508,2,INH2O,!hist14!CP1016,2
2026-07-16 03:57:12.0,1AB_PYRITE,SV_612AL,MILL HPR 1D EJCT  WTR VLV,MILL HOPPER 1,STATE,OK,RTN,3,,,,!WP1002!WP1011!WP1001!hist14!CP1020,1
2026-07-16 03:57:41.0,1SCRA_IDSAV,SLPDI5416A,A IDMPR SCR SA PSG TO FG DUCT DP,,LOABS,SCR A IN DMPR SEAL DP LOW (SERV),ALM,5,1.9582,2,INH2O,!hist14!CP1016,2
2026-07-16 03:57:51.5,1SCRA_IDSAV,SLPDI5416A,A IDMPR SCR SA PSG TO FG DUCT DP,,LOABS,SCR A IN DMPR SEAL DP LOW (SERV),RTN,5,2.20352,2,INH2O,!hist14!CP1016,2
2026-07-16 03:59:10.0,1AR_LS,DEV_5803,LS SYS B,,STATE,VALVE 5803 DEVIATION,ALM,3,,,,!WP1001!WP1002!WP1003!WP1006!WP1007!WP1014!hist14!CP1017,1
2026-07-16 04:00:00.5,1AR_LS,DEV_5803,LS SYS B,,STATE,,RTN,3,,,,!WP1001!WP1002!WP1003!WP1006!WP1007!WP1014!hist14!CP1017,1
2026-07-16 04:00:35.4,1AB_PYRITE,SV_614AL,MILL HPR 1F EJCT  WTR VLV,MILL HOPPER 1,STATE,FAIL,ALM,3,,,,!WP1002!WP1011!WP1001!hist14!CP1020,1
2026-07-16 04:01:04.5,1SCRA_IDSAV,SLPDI5416A,A IDMPR SCR SA PSG TO FG DUCT DP,,LOABS,SCR A IN DMPR SEAL DP LOW (SERV),ALM,5,1.99766,2,INH2O,!hist14!CP1016,2
2026-07-16 04:01:09.0,1SCRA_IDSAV,SLPDI5416A,A IDMPR SCR SA PSG TO FG DUCT DP,,LOABS,SCR A IN DMPR SEAL DP LOW (SERV),RTN,5,2.20039,2,INH2O,!hist14!CP1016,2
2026-07-16 04:01:18.0,1SCRA_IDSAV,SLPDI5416A,A IDMPR SCR SA PSG TO FG DUCT DP,,LOABS,SCR A IN DMPR SEAL DP LOW (SERV),ALM,5,1.98184,2,INH2O,!hist14!CP1016,2
2026-07-16 04:01:25.5,1SCRA_IDSAV,SLPDI5416A,A IDMPR SCR SA PSG TO FG DUCT DP,,LOABS,SCR A IN DMPR SEAL DP LOW (SERV),RTN,5,2.21133,2,INH2O,!hist14!CP1016,2
2026-07-16 04:01:45.5,1SCRA_IDSAV,SLPDI5416A,A IDMPR SCR SA PSG TO FG DUCT DP,,LOABS,SCR A IN DMPR SEAL DP LOW (SERV),ALM,5,1.99824,2,INH2O,!hist14!CP1016,2
2026-07-16 04:01:45.0,1AB_PYRITE,SV_614AL,MILL HPR 1F EJCT  WTR VLV,MILL HOPPER 1,STATE,OK,RTN,3,,,,!WP1002!WP1011!WP1001!hist14!CP1020,1
2026-07-16 04:02:02.0,1AB_PYRITE,SV_614AL,MILL HPR 1F EJCT  WTR VLV,MILL HOPPER 1,STATE,FAIL,ALM,3,,,,!WP1002!WP1011!WP1001!hist14!CP1020,1
2026-07-16 04:02:10.0,1SCRA_IDSAV,SLPDI5416A,A IDMPR SCR SA PSG TO FG DUCT DP,,LOABS,SCR A IN DMPR SEAL DP LOW (SERV),RTN,5,2.20254,2,INH2O,!hist14!CP1016,2
2026-07-16 04:03:25.0,1AB_PYRITE,SV_614AL,MILL HPR 1F EJCT  WTR VLV,MILL HOPPER 1,STATE,OK,RTN,3,,,,!WP1002!WP1011!WP1001!hist14!CP1020,1
2026-07-16 04:03:50.0,1AB_PYRITE,SV_615AL,MILL HPR 1G EJCT  WTR VLV,MILL HOPPER 1,STATE,FAIL,ALM,3,,,,!WP1002!WP1011!WP1001!hist14!CP1020,1
2026-07-16 04:06:31.5,1MELIM,ZDS5504,WET/DRY INTFC VLV  DM DEV,,HIDEV,HIGH DEVIATION ALARM,RTN,3,54.0605,57.5,%,!hist14!CP1017,2
2026-07-16 04:06:40.4,1AB_PYRITE,SV_615AL,MILL HPR 1G EJCT  WTR VLV,MILL HOPPER 1,STATE,OK,RTN,3,,,,!WP1002!WP1011!WP1001!hist14!CP1020,1
2026-07-16 04:06:59.1,1AB_PYRITE,SV_616AL,MILL HPR 1H EJCT  WTR VLV,MILL HOPPER 1,STATE,FAIL,ALM,3,,,,!WP1002!WP1011!WP1001!hist14!CP1020,1
2026-07-16 04:07:23.5,1DAS11,IAAH3281,COND PUMP DISCH   SILICA,1233,HIABS,HIGH,ALM,1,10.0371,10,ppb,!WP1002!WP1006!WP1007!WP1001!WP1003!WP1014!hist14!CP1008,1
2026-07-16 04:07:49.5,1SCRA_IDSAV,SLPDI5416A,A IDMPR SCR SA PSG TO FG DUCT DP,,LOABS,SCR A IN DMPR SEAL DP LOW (SERV),ALM,5,1.99746,2,INH2O,!hist14!CP1016,2
2026-07-16 04:07:53.5,1SCRA_IDSAV,SLPDI5416A,A IDMPR SCR SA PSG TO FG DUCT DP,,LOABS,SCR A IN DMPR SEAL DP LOW (SERV),RTN,5,2.23145,2,INH2O,!hist14!CP1016,2
2026-07-16 04:08:02.5,1MELIM,ZDS5504,WET/DRY INTFC VLV  DM DEV,,HIDEV,HIGH DEVIATION ALARM,ALM,3,98.7578,5,%,!hist14!CP1017,2
2026-07-16 04:08:14.4,1AB_PYRITE,SV_616AL,MILL HPR 1H EJCT  WTR VLV,MILL HOPPER 1,STATE,OK,RTN,3,,,,!WP1002!WP1011!WP1001!hist14!CP1020,1
2026-07-16 04:08:16.0,1SCR_B_PRESS,FGPDI5228B,SCR B CAT LAYER 4 DP,1SR114 PNT 4,HHABS,HI HI DP,ALM,1,1.70371,1.7,INH2O,!WP1001!WP1002!WP1003!WP1006!WP1007!WP1014!hist14!CP1016,1
2026-07-16 04:08:32.4,1AB_PYRITE,SV_616AL,MILL HPR 1H EJCT  WTR VLV,MILL HOPPER 1,STATE,FAIL,ALM,3,,,,!WP1002!WP1011!WP1001!hist14!CP1020,1
2026-07-16 04:09:48.5,1MELIM,ZDS5504,WET/DRY INTFC VLV  DM DEV,,HIDEV,HIGH DEVIATION ALARM,RTN,3,54.084,57.5,%,!hist14!CP1017,2
2026-07-16 04:10:24.4,1AB_PYRITE,SV_616AL,MILL HPR 1H EJCT  WTR VLV,MILL HOPPER 1,STATE,OK,RTN,3,,,,!WP1002!WP1011!WP1001!hist14!CP1020,1
2026-07-16 04:10:49.5,1MELIM,ZDS5504,WET/DRY INTFC VLV  DM DEV,,LODEV,LOW DEVIATION ALARM,ALM,3,-1.23242,95,%,!hist14!CP1017,2
2026-07-16 04:12:12.0,1DAS10,IACE3001,COND MAKE-UP      CATION CNDCT,,HIABS,HIGH,ALM,1,0.300273,0.3,US/CM,!WP1002!WP1006!WP1007!WP1001!WP1003!WP1014!hist14!CP1008,1
2026-07-16 04:16:37.0,1SCRA_IDSAV,SLPDI5416A,A IDMPR SCR SA PSG TO FG DUCT DP,,LOABS,SCR A IN DMPR SEAL DP LOW (SERV),ALM,5,1.99922,2,INH2O,!hist14!CP1016,2
2026-07-16 04:16:40.5,1SCRA_IDSAV,SLPDI5416A,A IDMPR SCR SA PSG TO FG DUCT DP,,LOABS,SCR A IN DMPR SEAL DP LOW (SERV),RTN,5,2.21445,2,INH2O,!hist14!CP1016,2
2026-07-16 04:17:17.5,1DAS11,IAAH3281,COND PUMP DISCH   SILICA,1233,HIABS,HIGH,RTN,1,9.48438,10,ppb,!WP1002!WP1006!WP1007!WP1001!WP1003!WP1014!hist14!CP1008,1
2026-07-16 04:17:21.0,1SCRA_IDSAV,SLPDI5416A,A IDMPR SCR SA PSG TO FG DUCT DP,,LOABS,SCR A IN DMPR SEAL DP LOW (SERV),ALM,5,1.96328,2,INH2O,!hist14!CP1016,2
2026-07-16 04:17:29.5,1SCRA_IDSAV,SLPDI5416A,A IDMPR SCR SA PSG TO FG DUCT DP,,LOABS,SCR A IN DMPR SEAL DP LOW (SERV),RTN,5,2.20801,2,INH2O,!hist14!CP1016,2
2026-07-16 04:18:14.5,1SCRA_IDSAV,SLPDI5416A,A IDMPR SCR SA PSG TO FG DUCT DP,,LOABS,SCR A IN DMPR SEAL DP LOW (SERV),ALM,5,1.97461,2,INH2O,!hist14!CP1016,2
2026-07-16 04:18:19.5,1SCRA_IDSAV,SLPDI5416A,A IDMPR SCR SA PSG TO FG DUCT DP,,LOABS,SCR A IN DMPR SEAL DP LOW (SERV),RTN,5,2.20371,2,INH2O,!hist14!CP1016,2
2026-07-16 04:21:38.5,1SCR_B_PRESS,FGPDI5228B,SCR B CAT LAYER 4 DP,1SR114 PNT 4,HHABS,HI HI DP,RTN,1,1.1985,1.7,INH2O,!WP1001!WP1002!WP1003!WP1006!WP1007!WP1014!hist14!CP1016,1
2026-07-16 04:22:14.2,1MISC,B10,COOLING TOWER LEVEL CONTROL,,LOOUT,,ALM,5,0,0.001,%,!WP1001!WP1002!WP1003!WP1006!WP1007!WP1014!hist14!CP1002,1
2026-07-16 04:23:10.2,FD_FAN_VIB,A_FAN_VEL_AX,A FD FAN VEL AX,,HIABS,A FD FAN VEL AX HI VIB,ALM,1,3.02906,3,MILS,!WP1001!WP1002!WP1003!WP1006!WP1007!WP1014!hist14!CP1005,1
2026-07-16 04:23:47.3,IDFAN_PEEC,OPCY_ALM,PRECIP OUT > 50%,PRECIP OUTLET,STATE,ALARM,ALM,3,,,,!WP1001!WP1002!WP1003!WP1006!WP1007!WP1014!hist14!CP1003,1
2026-07-16 04:23:54.3,IDFAN_PEEC,OPCY_ALM,PRECIP OUT > 50%,PRECIP OUTLET,STATE,NORMAL,RTN,3,,,,!WP1001!WP1002!WP1003!WP1006!WP1007!WP1014!hist14!CP1003,1
2026-07-16 04:26:21.0,1SCR_B_PRESS,FGPDI5228B,SCR B CAT LAYER 4 DP,1SR114 PNT 4,HHABS,HI HI DP,ALM,1,1.70137,1.7,INH2O,!WP1001!WP1002!WP1003!WP1006!WP1007!WP1014!hist14!CP1016,1
2026-07-16 04:28:10.8,IDFAN_PEEC,OPCY_ALM,PRECIP OUT > 50%,PRECIP OUTLET,STATE,ALARM,ALM,3,,,,!WP1001!WP1002!WP1003!WP1006!WP1007!WP1014!hist14!CP1003,1
2026-07-16 04:28:14.3,IDFAN_PEEC,OPCY_ALM,PRECIP OUT > 50%,PRECIP OUTLET,STATE,NORMAL,RTN,3,,,,!WP1001!WP1002!WP1003!WP1006!WP1007!WP1014!hist14!CP1003,1
2026-07-16 04:30:57.8,IDFAN_PEEC,OPCY_ALM,PRECIP OUT > 50%,PRECIP OUTLET,STATE,ALARM,ALM,3,,,,!WP1001!WP1002!WP1003!WP1006!WP1007!WP1014!hist14!CP1003,1
2026-07-16 04:31:07.3,IDFAN_PEEC,OPCY_ALM,PRECIP OUT > 50%,PRECIP OUTLET,STATE,NORMAL,RTN,3,,,,!WP1001!WP1002!WP1003!WP1006!WP1007!WP1014!hist14!CP1003,1
2026-07-16 04:31:54.8,IDFAN_PEEC,OPCY_ALM,PRECIP OUT > 50%,PRECIP OUTLET,STATE,ALARM,ALM,3,,,,!WP1001!WP1002!WP1003!WP1006!WP1007!WP1014!hist14!CP1003,1
2026-07-16 04:32:06.3,IDFAN_PEEC,OPCY_ALM,PRECIP OUT > 50%,PRECIP OUTLET,STATE,NORMAL,RTN,3,,,,!WP1001!WP1002!WP1003!WP1006!WP1007!WP1014!hist14!CP1003,1
2026-07-16 04:32:09.0,1AB_PYRITE,ABMO5173AAL1,SLUICE PMP A,,STA_4,DISCHARGE PRESS >= 50 PSIG,RTN,1,282.633,0,,!WP1002!WP1011!WP1001!hist14!CP1020,1
2026-07-16 04:32:09.0,1AB_PYRITE,ABMO5173AII,PYRITES SLC PMP A MOTOR CURRENT,,IOBAD,BAD CHANNEL,ALM,3,,,,!WP1002!WP1011!WP1001!hist14!CP1020,1
2026-07-16 04:32:09.4,1AB_PYRITE,ABMO5173AII,PYRITES SLC PMP A MOTOR CURRENT,,HIABS,HI,ALM,3,282.633,215,AMPS,!WP1002!WP1011!WP1001!hist14!CP1020,1
2026-07-16 04:32:09.4,1AB_PYRITE,ABMO5173AII,PYRITES SLC PMP A MOTOR CURRENT,,HHABS,HIHI,ALM,3,282.633,230,AMPS,!WP1002!WP1011!WP1001!hist14!CP1020,1
2026-07-16 04:32:10.4,1AB_PYRITE,ABMO5173AII,PYRITES SLC PMP A MOTOR CURRENT,,IOBAD,BAD CHANNEL,RTN,3,,,,!WP1002!WP1011!WP1001!hist14!CP1020,1
2026-07-16 04:32:10.0,1AB_PYRITE,ABMO5173AII,PYRITES SLC PMP A MOTOR CURRENT,,HIABS,HI,RTN,3,84.1719,215,AMPS,!WP1002!WP1011!WP1001!hist14!CP1020,1
2026-07-16 04:32:10.0,1AB_PYRITE,ABMO5173AII,PYRITES SLC PMP A MOTOR CURRENT,,HHABS,HIHI,RTN,3,84.1719,230,AMPS,!WP1002!WP1011!WP1001!hist14!CP1020,1
2026-07-16 04:32:11.5,1SCR_B_PRESS,FGPDI5228B,SCR B CAT LAYER 4 DP,1SR114 PNT 4,HHABS,HI HI DP,RTN,1,1.19601,1.7,INH2O,!WP1001!WP1002!WP1003!WP1006!WP1007!WP1014!hist14!CP1016,1
2026-07-16 04:32:18.0,1SCRA_IDSAV,SLPDI5416A,A IDMPR SCR SA PSG TO FG DUCT DP,,LOABS,SCR A IN DMPR SEAL DP LOW (SERV),ALM,5,1.98594,2,INH2O,!hist14!CP1016,2
2026-07-16 04:33:06.0,1SCRA_IDSAV,SLPDI5416A,A IDMPR SCR SA PSG TO FG DUCT DP,,LOABS,SCR A IN DMPR SEAL DP LOW (SERV),RTN,5,2.20254,2,INH2O,!hist14!CP1016,2
2026-07-16 04:33:17.0,1SCRA_IDSAV,SLPDI5416A,A IDMPR SCR SA PSG TO FG DUCT DP,,LOABS,SCR A IN DMPR SEAL DP LOW (SERV),ALM,5,1.98984,2,INH2O,!hist14!CP1016,2
2026-07-16 04:33:38.5,1SCRA_IDSAV,SLPDI5416A,A IDMPR SCR SA PSG TO FG DUCT DP,,LOABS,SCR A IN DMPR SEAL DP LOW (SERV),RTN,5,2.21504,2,INH2O,!hist14!CP1016,2
2026-07-16 04:35:28.0,1DAS10,IACE3001,COND MAKE-UP      CATION CNDCT,,HIABS,HIGH,RTN,1,0.279687,0.3,US/CM,!WP1002!WP1006!WP1007!WP1001!WP1003!WP1014!hist14!CP1008,1
2026-07-16 04:35:41.4,1AB_SURGEA,FCVA153AL,LINE A TO SILO    B,TRANSPORT LIN,STATE,FAIL,ALM,3,,,,!WP1002!WP1011!WP1001!hist14!CP1020,1
2026-07-16 04:35:43.1,1AB_SURGEA,FCVA153AL,LINE A TO SILO    B,TRANSPORT LIN,STATE,OK,RTN,3,,,,!WP1002!WP1011!WP1001!hist14!CP1020,1
2026-07-16 04:36:02.0,1SCRA_IDSAV,SLPDI5416A,A IDMPR SCR SA PSG TO FG DUCT DP,,LOABS,SCR A IN DMPR SEAL DP LOW (SERV),ALM,5,1.99375,2,INH2O,!hist14!CP1016,2
2026-07-16 04:36:06.0,1SCRA_IDSAV,SLPDI5416A,A IDMPR SCR SA PSG TO FG DUCT DP,,LOABS,SCR A IN DMPR SEAL DP LOW (SERV),RTN,5,2.2041,2,INH2O,!hist14!CP1016,2
2026-07-16 04:36:41.0,1SCRA_IDSAV,SLPDI5416A,A IDMPR SCR SA PSG TO FG DUCT DP,,LOABS,SCR A IN DMPR SEAL DP LOW (SERV),ALM,5,1.99785,2,INH2O,!hist14!CP1016,2
2026-07-16 04:36:45.5,1SCRA_IDSAV,SLPDI5416A,A IDMPR SCR SA PSG TO FG DUCT DP,,LOABS,SCR A IN DMPR SEAL DP LOW (SERV),RTN,5,2.22227,2,INH2O,!hist14!CP1016,2
2026-07-16 04:37:05.0,1SCRA_IDSAV,SLPDI5416A,A IDMPR SCR SA PSG TO FG DUCT DP,,LOABS,SCR A IN DMPR SEAL DP LOW (SERV),ALM,5,1.99043,2,INH2O,!hist14!CP1016,2
2026-07-16 04:37:09.5,1SCRA_IDSAV,SLPDI5416A,A IDMPR SCR SA PSG TO FG DUCT DP,,LOABS,SCR A IN DMPR SEAL DP LOW (SERV),RTN,5,2.21055,2,INH2O,!hist14!CP1016,2
2026-07-16 04:37:21.5,1SCRA_IDSAV,SLPDI5416A,A IDMPR SCR SA PSG TO FG DUCT DP,,LOABS,SCR A IN DMPR SEAL DP LOW (SERV),ALM,5,1.99336,2,INH2O,!hist14!CP1016,2
2026-07-16 04:37:32.5,1SCRA_IDSAV,SLPDI5416A,A IDMPR SCR SA PSG TO FG DUCT DP,,LOABS,SCR A IN DMPR SEAL DP LOW (SERV),RTN,5,2.22676,2,INH2O,!hist14!CP1016,2
2026-07-16 04:42:10.0,1SCRA_IDSAV,SLPDI5416A,A IDMPR SCR SA PSG TO FG DUCT DP,,LOABS,SCR A IN DMPR SEAL DP LOW (SERV),ALM,5,1.97656,2,INH2O,!hist14!CP1016,2
2026-07-16 04:42:20.5,1SCRA_IDSAV,SLPDI5416A,A IDMPR SCR SA PSG TO FG DUCT DP,,LOABS,SCR A IN DMPR SEAL DP LOW (SERV),RTN,5,2.21133,2,INH2O,!hist14!CP1016,2
2026-07-16 04:42:28.5,1SCRA_IDSAV,SLPDI5416A,A IDMPR SCR SA PSG TO FG DUCT DP,,LOABS,SCR A IN DMPR SEAL DP LOW (SERV),ALM,5,1.98184,2,INH2O,!hist14!CP1016,2
2026-07-16 04:42:41.5,1SCRA_IDSAV,SLPDI5416A,A IDMPR SCR SA PSG TO FG DUCT DP,,LOABS,SCR A IN DMPR SEAL DP LOW (SERV),RTN,5,2.24375,2,INH2O,!hist14!CP1016,2
2026-07-16 04:43:21.5,1SCRA_IDSAV,SLPDI5416A,A IDMPR SCR SA PSG TO FG DUCT DP,,LOABS,SCR A IN DMPR SEAL DP LOW (SERV),ALM,5,1.97969,2,INH2O,!hist14!CP1016,2
2026-07-16 04:43:31.0,1SCRA_IDSAV,SLPDI5416A,A IDMPR SCR SA PSG TO FG DUCT DP,,LOABS,SCR A IN DMPR SEAL DP LOW (SERV),RTN,5,2.21133,2,INH2O,!hist14!CP1016,2
2026-07-16 04:43:40.5,1SCRA_IDSAV,SLPDI5416A,A IDMPR SCR SA PSG TO FG DUCT DP,,LOABS,SCR A IN DMPR SEAL DP LOW (SERV),ALM,5,1.9875,2,INH2O,!hist14!CP1016,2
2026-07-16 04:44:03.0,1SCRA_IDSAV,SLPDI5416A,A IDMPR SCR SA PSG TO FG DUCT DP,,LOABS,SCR A IN DMPR SEAL DP LOW (SERV),RTN,5,2.20332,2,INH2O,!hist14!CP1016,2
2026-07-16 04:44:25.5,1SCRA_IDSAV,SLPDI5416A,A IDMPR SCR SA PSG TO FG DUCT DP,,LOABS,SCR A IN DMPR SEAL DP LOW (SERV),ALM,5,1.94785,2,INH2O,!hist14!CP1016,2
2026-07-16 04:44:29.0,1SCRA_IDSAV,SLPDI5416A,A IDMPR SCR SA PSG TO FG DUCT DP,,LOABS,SCR A IN DMPR SEAL DP LOW (SERV),RTN,5,2.24141,2,INH2O,!hist14!CP1016,2
2026-07-16 04:46:58.0,1SCRA_IDSAV,SLPDI5416A,A IDMPR SCR SA PSG TO FG DUCT DP,,LOABS,SCR A IN DMPR SEAL DP LOW (SERV),ALM,5,1.97734,2,INH2O,!hist14!CP1016,2
2026-07-16 04:47:01.5,1SCRA_IDSAV,SLPDI5416A,A IDMPR SCR SA PSG TO FG DUCT DP,,LOABS,SCR A IN DMPR SEAL DP LOW (SERV),RTN,5,2.21211,2,INH2O,!hist14!CP1016,2
2026-07-16 04:47:44.0,1SCRA_IDSAV,SLPDI5416A,A IDMPR SCR SA PSG TO FG DUCT DP,,LOABS,SCR A IN DMPR SEAL DP LOW (SERV),ALM,5,1.98965,2,INH2O,!hist14!CP1016,2
2026-07-16 04:48:03.0,1SCRA_IDSAV,SLPDI5416A,A IDMPR SCR SA PSG TO FG DUCT DP,,LOABS,SCR A IN DMPR SEAL DP LOW (SERV),RTN,5,2.2082,2,INH2O,!hist14!CP1016,2
2026-07-16 04:49:42.5,1SCRA_IDSAV,SLPDI5416A,A IDMPR SCR SA PSG TO FG DUCT DP,,LOABS,SCR A IN DMPR SEAL DP LOW (SERV),ALM,5,1.99219,2,INH2O,!hist14!CP1016,2
2026-07-16 04:49:49.5,1SCRA_IDSAV,SLPDI5416A,A IDMPR SCR SA PSG TO FG DUCT DP,,LOABS,SCR A IN DMPR SEAL DP LOW (SERV),RTN,5,2.20645,2,INH2O,!hist14!CP1016,2
2026-07-16 04:50:53.5,1SCRA_IDSAV,SLPDI5416A,A IDMPR SCR SA PSG TO FG DUCT DP,,LOABS,SCR A IN DMPR SEAL DP LOW (SERV),ALM,5,1.99355,2,INH2O,!hist14!CP1016,2
2026-07-16 04:51:01.5,1SCRA_IDSAV,SLPDI5416A,A IDMPR SCR SA PSG TO FG DUCT DP,,LOABS,SCR A IN DMPR SEAL DP LOW (SERV),RTN,5,2.2002,2,INH2O,!hist14!CP1016,2
2026-07-16 04:51:58.2,FD_FAN_VIB,A_FAN_VEL_AX,A FD FAN VEL AX,,HIABS,A FD FAN VEL AX HI VIB,RTN,1,2.48438,3,MILS,!WP1001!WP1002!WP1003!WP1006!WP1007!WP1014!hist14!CP1005,1
2026-07-16 04:52:26.2,FD_FAN_VIB,A_FAN_VEL_AX,A FD FAN VEL AX,,HIABS,A FD FAN VEL AX HI VIB,ALM,1,3.00047,3,MILS,!WP1001!WP1002!WP1003!WP1006!WP1007!WP1014!hist14!CP1005,1
2026-07-16 04:52:32.3,1MISC,B10,COOLING TOWER LEVEL CONTROL,,LOOUT,,RTN,5,3.02668,0.001,%,!WP1001!WP1002!WP1003!WP1006!WP1007!WP1014!hist14!CP1002,1
2026-07-16 04:52:40.7,FD_FAN_VIB,A_FAN_VEL_AX,A FD FAN VEL AX,,HIABS,A FD FAN VEL AX HI VIB,RTN,1,2.47578,3,MILS,!WP1001!WP1002!WP1003!WP1006!WP1007!WP1014!hist14!CP1005,1
2026-07-16 04:53:45.1,1MELIM,ZDS5504,WET/DRY INTFC VLV  DM DEV,,LODEV,LOW DEVIATION ALARM,RTN,3,46.6328,42.5,%,!hist14!CP1017,2
2026-07-16 04:53:53.7,FD_FAN_VIB,A_FAN_VEL_AX,A FD FAN VEL AX,,HIABS,A FD FAN VEL AX HI VIB,ALM,1,3.00422,3,MILS,!WP1001!WP1002!WP1003!WP1006!WP1007!WP1014!hist14!CP1005,1
2026-07-16 04:54:14.0,1SCRA_IDSAV,SLPDI5416A,A IDMPR SCR SA PSG TO FG DUCT DP,,LOABS,SCR A IN DMPR SEAL DP LOW (SERV),ALM,5,1.99277,2,INH2O,!hist14!CP1016,2
2026-07-16 04:54:25.0,1SCRA_IDSAV,SLPDI5416A,A IDMPR SCR SA PSG TO FG DUCT DP,,LOABS,SCR A IN DMPR SEAL DP LOW (SERV),RTN,5,2.22637,2,INH2O,!hist14!CP1016,2
2026-07-16 04:54:46.1,1MELIM,ZDS5504,WET/DRY INTFC VLV  DM DEV,,HIDEV,HIGH DEVIATION ALARM,ALM,3,98.7031,5,%,!hist14!CP1017,2
2026-07-16 04:55:04.7,FD_FAN_VIB,A_FAN_VEL_AX,A FD FAN VEL AX,,HIABS,A FD FAN VEL AX HI VIB,RTN,1,2.46719,3,MILS,!WP1001!WP1002!WP1003!WP1006!WP1007!WP1014!hist14!CP1005,1
2026-07-16 04:55:13.0,1SCRA_IDSAV,SLPDI5416A,A IDMPR SCR SA PSG TO FG DUCT DP,,LOABS,SCR A IN DMPR SEAL DP LOW (SERV),ALM,5,1.99863,2,INH2O,!hist14!CP1016,2
2026-07-16 04:55:24.0,1SCRA_IDSAV,SLPDI5416A,A IDMPR SCR SA PSG TO FG DUCT DP,,LOABS,SCR A IN DMPR SEAL DP LOW (SERV),RTN,5,2.20996,2,INH2O,!hist14!CP1016,2
2026-07-16 04:56:27.7,FD_FAN_VIB,A_FAN_VEL_AX,A FD FAN VEL AX,,HIABS,A FD FAN VEL AX HI VIB,ALM,1,3.01563,3,MILS,!WP1001!WP1002!WP1003!WP1006!WP1007!WP1014!hist14!CP1005,1
2026-07-16 04:56:39.7,FD_FAN_VIB,A_FAN_VEL_AX,A FD FAN VEL AX,,HIABS,A FD FAN VEL AX HI VIB,RTN,1,2.48344,3,MILS,!WP1001!WP1002!WP1003!WP1006!WP1007!WP1014!hist14!CP1005,1
2026-07-16 04:58:38.0,1SCRA_IDSAV,SLPDI5416A,A IDMPR SCR SA PSG TO FG DUCT DP,,LOABS,SCR A IN DMPR SEAL DP LOW (SERV),ALM,5,1.98516,2,INH2O,!hist14!CP1016,2
2026-07-16 04:58:46.0,1SCRA_IDSAV,SLPDI5416A,A IDMPR SCR SA PSG TO FG DUCT DP,,LOABS,SCR A IN DMPR SEAL DP LOW (SERV),RTN,5,2.23379,2,INH2O,!hist14!CP1016,2
2026-07-16 04:59:11.1,1AR_LS,DEV_5803,LS SYS B,,STATE,VALVE 5803 DEVIATION,ALM,3,,,,!WP1001!WP1002!WP1003!WP1006!WP1007!WP1014!hist14!CP1017,1
2026-07-16 04:59:21.0,1SCRA_IDSAV,SLPDI5416A,A IDMPR SCR SA PSG TO FG DUCT DP,,LOABS,SCR A IN DMPR SEAL DP LOW (SERV),ALM,5,1.98809,2,INH2O,!hist14!CP1016,2
2026-07-16 04:59:24.0,1SCRA_IDSAV,SLPDI5416A,A IDMPR SCR SA PSG TO FG DUCT DP,,LOABS,SCR A IN DMPR SEAL DP LOW (SERV),RTN,5,2.2291,2,INH2O,!hist14!CP1016,2
2026-07-16 05:00:08.5,1SCRA_IDSAV,SLPDI5416A,A IDMPR SCR SA PSG TO FG DUCT DP,,LOABS,SCR A IN DMPR SEAL DP LOW (SERV),ALM,5,1.99785,2,INH2O,!hist14!CP1016,2
2026-07-16 05:00:08.6,1AR_LS,DEV_5803,LS SYS B,,STATE,,RTN,3,,,,!WP1001!WP1002!WP1003!WP1006!WP1007!WP1014!hist14!CP1017,1
2026-07-16 05:00:13.0,1SCRA_IDSAV,SLPDI5416A,A IDMPR SCR SA PSG TO FG DUCT DP,,LOABS,SCR A IN DMPR SEAL DP LOW (SERV),RTN,5,2.20176,2,INH2O,!hist14!CP1016,2
2026-07-16 05:00:26.0,1SCRA_IDSAV,SLPDI5416A,A IDMPR SCR SA PSG TO FG DUCT DP,,LOABS,SCR A IN DMPR SEAL DP LOW (SERV),ALM,5,1.99082,2,INH2O,!hist14!CP1016,2
2026-07-16 05:00:31.0,1SCRA_IDSAV,SLPDI5416A,A IDMPR SCR SA PSG TO FG DUCT DP,,LOABS,SCR A IN DMPR SEAL DP LOW (SERV),RTN,5,2.24707,2,INH2O,!hist14!CP1016,2
2026-07-16 05:00:37.2,FD_FAN_VIB,A_FAN_VEL_AX,A FD FAN VEL AX,,HIABS,A FD FAN VEL AX HI VIB,ALM,1,3.10344,3,MILS,!WP1001!WP1002!WP1003!WP1006!WP1007!WP1014!hist14!CP1005,1
2026-07-16 05:00:43.2,FD_FAN_VIB,A_FAN_VEL_AX,A FD FAN VEL AX,,HIABS,A FD FAN VEL AX HI VIB,RTN,1,2.48156,3,MILS,!WP1001!WP1002!WP1003!WP1006!WP1007!WP1014!hist14!CP1005,1
2026-07-16 05:00:57.2,FD_FAN_VIB,A_FAN_VEL_AX,A FD FAN VEL AX,,HIABS,A FD FAN VEL AX HI VIB,ALM,1,3.00797,3,MILS,!WP1001!WP1002!WP1003!WP1006!WP1007!WP1014!hist14!CP1005,1
2026-07-16 05:01:00.0,1SCRA_IDSAV,SLPDI5416A,A IDMPR SCR SA PSG TO FG DUCT DP,,LOABS,SCR A IN DMPR SEAL DP LOW (SERV),ALM,5,1.99473,2,INH2O,!hist14!CP1016,2
2026-07-16 05:01:18.5,1SCRA_IDSAV,SLPDI5416A,A IDMPR SCR SA PSG TO FG DUCT DP,,LOABS,SCR A IN DMPR SEAL DP LOW (SERV),RTN,5,2.20801,2,INH2O,!hist14!CP1016,2
2026-07-16 05:01:24.0,1SCRA_IDSAV,SLPDI5416A,A IDMPR SCR SA PSG TO FG DUCT DP,,LOABS,SCR A IN DMPR SEAL DP LOW (SERV),ALM,5,1.9916,2,INH2O,!hist14!CP1016,2
2026-07-16 05:01:36.0,1SCRA_IDSAV,SLPDI5416A,A IDMPR SCR SA PSG TO FG DUCT DP,,LOABS,SCR A IN DMPR SEAL DP LOW (SERV),RTN,5,2.21289,2,INH2O,!hist14!CP1016,2
2026-07-16 05:01:41.0,1SCRA_IDSAV,SLPDI5416A,A IDMPR SCR SA PSG TO FG DUCT DP,,LOABS,SCR A IN DMPR SEAL DP LOW (SERV),ALM,5,1.96641,2,INH2O,!hist14!CP1016,2
2026-07-16 05:02:15.5,1SCRA_IDSAV,SLPDI5416A,A IDMPR SCR SA PSG TO FG DUCT DP,,LOABS,SCR A IN DMPR SEAL DP LOW (SERV),RTN,5,2.20352,2,INH2O,!hist14!CP1016,2
2026-07-16 05:02:32.5,1SCRA_IDSAV,SLPDI5416A,A IDMPR SCR SA PSG TO FG DUCT DP,,LOABS,SCR A IN DMPR SEAL DP LOW (SERV),ALM,5,1.99277,2,INH2O,!hist14!CP1016,2
2026-07-16 05:03:37.6,1MELIM,ZDS5504,WET/DRY INTFC VLV  DM DEV,,HIDEV,HIGH DEVIATION ALARM,RTN,3,53.9102,57.5,%,!hist14!CP1017,2
2026-07-16 05:03:48.0,1SCRA_IDSAV,SLPDI5416A,A IDMPR SCR SA PSG TO FG DUCT DP,,LOABS,SCR A IN DMPR SEAL DP LOW (SERV),RTN,5,2.21016,2,INH2O,!hist14!CP1016,2
2026-07-16 05:03:50.5,1SCRA_IDSAV,SLPDI5416A,A IDMPR SCR SA PSG TO FG DUCT DP,,LOABS,SCR A IN DMPR SEAL DP LOW (SERV),ALM,5,1.99375,2,INH2O,!hist14!CP1016,2
2026-07-16 05:03:58.0,1SCRA_IDSAV,SLPDI5416A,A IDMPR SCR SA PSG TO FG DUCT DP,,LOABS,SCR A IN DMPR SEAL DP LOW (SERV),RTN,5,2.20469,2,INH2O,!hist14!CP1016,2
2026-07-16 05:04:02.5,1SCRA_IDSAV,SLPDI5416A,A IDMPR SCR SA PSG TO FG DUCT DP,,LOABS,SCR A IN DMPR SEAL DP LOW (SERV),ALM,5,1.96816,2,INH2O,!hist14!CP1016,2
2026-07-16 05:04:04.6,1AR17,JAS_TIMER,JAS AUTO FLUSH TIMER,,PTARG,RESET FLUSH TIMER,ALM,5,28801,28800,SEC,!hist14!CP1017,2
2026-07-16 05:04:05.6,1AR17,JAS_TIMER,JAS AUTO FLUSH TIMER,,PTARG,RESET FLUSH TIMER,RTN,5,0,28800,SEC,!hist14!CP1017,2
2026-07-16 05:04:08.0,1SCRA_IDSAV,SLPDI5416A,A IDMPR SCR SA PSG TO FG DUCT DP,,LOABS,SCR A IN DMPR SEAL DP LOW (SERV),RTN,5,2.20078,2,INH2O,!hist14!CP1016,2
2026-07-16 05:04:33.5,1SCRA_IDSAV,SLPDI5416A,A IDMPR SCR SA PSG TO FG DUCT DP,,LOABS,SCR A IN DMPR SEAL DP LOW (SERV),ALM,5,1.98828,2,INH2O,!hist14!CP1016,2
2026-07-16 05:04:59.0,1SCRA_IDSAV,SLPDI5416A,A IDMPR SCR SA PSG TO FG DUCT DP,,LOABS,SCR A IN DMPR SEAL DP LOW (SERV),RTN,5,2.22324,2,INH2O,!hist14!CP1016,2
2026-07-16 05:05:03.0,1STM_GSM_ALM,STM_ALM2,MARK VIE STEAM SEAL ALARM,,STA_5,STM SEAL DIV VLV TO CNDR OK,RTN,3,0,0,,!WP1001!WP1002!WP1003!WP1006!WP1007!WP1014!hist14!CP1011,1
2026-07-16 05:05:04.5,1SCRA_IDSAV,SLPDI5416A,A IDMPR SCR SA PSG TO FG DUCT DP,,LOABS,SCR A IN DMPR SEAL DP LOW (SERV),ALM,5,1.98984,2,INH2O,!hist14!CP1016,2
2026-07-16 05:05:08.6,1MELIM,ZDS5504,WET/DRY INTFC VLV  DM DEV,,HIDEV,HIGH DEVIATION ALARM,ALM,3,99.1172,5,%,!hist14!CP1017,2
2026-07-16 05:08:02.8,PAC_PLC,ACI_FDR_A_TR,ACI FDR A AC-WIC-5007 TRBLE ALM,,CHANGE,PAC FEEDER A TROUBLE,ALM,1,,,,!WP1001!WP1002!WP1003!WP1006!WP1007!WP1014!hist14!CP1003,1
2026-07-16 05:08:04.8,PAC_PLC,ACI_FDR_A_TR,ACI FDR A AC-WIC-5007 TRBLE ALM,,CHANGE,PAC FEEDER A TROUBLE,ALM,1,,,,!WP1001!WP1002!WP1003!WP1006!WP1007!WP1014!hist14!CP1003,1
2026-07-16 05:08:33.5,1SCRA_IDSAV,SLPDI5416A,A IDMPR SCR SA PSG TO FG DUCT DP,,LOABS,SCR A IN DMPR SEAL DP LOW (SERV),RTN,5,2.22227,2,INH2O,!hist14!CP1016,2
2026-07-16 05:08:36.6,1RPF_VIB,ARVI15554F,AR PMP F MTR IBRD SHAFT VIB-DE4,,HHABS,,RTN,1,4.39891,4.5,MILS,!WP1001!WP1002!WP1003!WP1006!WP1007!WP1014!hist14!CP1017,1
2026-07-16 05:08:40.0,1SCRA_IDSAV,SLPDI5416A,A IDMPR SCR SA PSG TO FG DUCT DP,,LOABS,SCR A IN DMPR SEAL DP LOW (SERV),ALM,5,1.96074,2,INH2O,!hist14!CP1016,2
2026-07-16 05:08:47.5,1SCRA_IDSAV,SLPDI5416A,A IDMPR SCR SA PSG TO FG DUCT DP,,LOABS,SCR A IN DMPR SEAL DP LOW (SERV),RTN,5,2.24531,2,INH2O,!hist14!CP1016,2
2026-07-16 05:08:53.0,1SCRA_IDSAV,SLPDI5416A,A IDMPR SCR SA PSG TO FG DUCT DP,,LOABS,SCR A IN DMPR SEAL DP LOW (SERV),ALM,5,1.99238,2,INH2O,!hist14!CP1016,2
2026-07-16 05:09:33.0,1SCRA_IDSAV,SLPDI5416A,A IDMPR SCR SA PSG TO FG DUCT DP,,LOABS,SCR A IN DMPR SEAL DP LOW (SERV),RTN,5,2.22187,2,INH2O,!hist14!CP1016,2
2026-07-16 05:09:40.5,1SCRA_IDSAV,SLPDI5416A,A IDMPR SCR SA PSG TO FG DUCT DP,,LOABS,SCR A IN DMPR SEAL DP LOW (SERV),ALM,5,1.98828,2,INH2O,!hist14!CP1016,2
2026-07-16 05:10:19.5,1SCRA_IDSAV,SLPDI5416A,A IDMPR SCR SA PSG TO FG DUCT DP,,LOABS,SCR A IN DMPR SEAL DP LOW (SERV),RTN,5,2.20703,2,INH2O,!hist14!CP1016,2
2026-07-16 05:10:27.5,1SCRA_IDSAV,SLPDI5416A,A IDMPR SCR SA PSG TO FG DUCT DP,,LOABS,SCR A IN DMPR SEAL DP LOW (SERV),ALM,5,1.99102,2,INH2O,!hist14!CP1016,2
2026-07-16 05:11:29.0,1AB_PYRITE,ABXV5170AL,DWTRNG BIN TO DSPLVLV,DEWATERING BI,STATE,FAIL,ALM,3,,,,!WP1002!WP1011!WP1001!hist14!CP1020,1
2026-07-16 05:11:34.0,1AB_PYRITE,ABXV5170AL,DWTRNG BIN TO DSPLVLV,DEWATERING BI,STATE,OK,RTN,3,,,,!WP1002!WP1011!WP1001!hist14!CP1020,1
2026-07-16 05:11:49.5,1SCR_B_PRESS,FGPDI5228B,SCR B CAT LAYER 4 DP,1SR114 PNT 4,HHABS,HI HI DP,ALM,1,1.70094,1.7,INH2O,!WP1001!WP1002!WP1003!WP1006!WP1007!WP1014!hist14!CP1016,1
2026-07-16 05:11:52.5,1SCRA_IDSAV,SLPDI5416A,A IDMPR SCR SA PSG TO FG DUCT DP,,LOABS,SCR A IN DMPR SEAL DP LOW (SERV),RTN,5,2.20684,2,INH2O,!hist14!CP1016,2
2026-07-16 05:11:58.0,1SCRA_IDSAV,SLPDI5416A,A IDMPR SCR SA PSG TO FG DUCT DP,,LOABS,SCR A IN DMPR SEAL DP LOW (SERV),ALM,5,1.97754,2,INH2O,!hist14!CP1016,2
2026-07-16 05:12:16.0,1AB_PYRITE,ABXV5170AL,DWTRNG BIN TO DSPLVLV,DEWATERING BI,STATE,FAIL,ALM,3,,,,!WP1002!WP1011!WP1001!hist14!CP1020,1
2026-07-16 05:12:24.0,1AB_PYRITE,ABXV5170AL,DWTRNG BIN TO DSPLVLV,DEWATERING BI,STATE,OK,RTN,3,,,,!WP1002!WP1011!WP1001!hist14!CP1020,1
2026-07-16 05:12:48.5,1SCRA_IDSAV,SLPDI5416A,A IDMPR SCR SA PSG TO FG DUCT DP,,LOABS,SCR A IN DMPR SEAL DP LOW (SERV),RTN,5,2.20859,2,INH2O,!hist14!CP1016,2
2026-07-16 05:13:00.5,1SCRA_IDSAV,SLPDI5416A,A IDMPR SCR SA PSG TO FG DUCT DP,,LOABS,SCR A IN DMPR SEAL DP LOW (SERV),ALM,5,1.98711,2,INH2O,!hist14!CP1016,2
2026-07-16 05:13:02.0,1AB_PYRITE,ABMO5173AII,PYRITES SLC PMP A MOTOR CURRENT,,IOBAD,BAD CHANNEL,ALM,3,,,,!WP1002!WP1011!WP1001!hist14!CP1020,1
2026-07-16 05:13:02.4,1AB_PYRITE,ABMO5173AII,PYRITES SLC PMP A MOTOR CURRENT,,HIABS,HI,ALM,3,296.594,215,AMPS,!WP1002!WP1011!WP1001!hist14!CP1020,1
2026-07-16 05:13:02.4,1AB_PYRITE,ABMO5173AII,PYRITES SLC PMP A MOTOR CURRENT,,HHABS,HIHI,ALM,3,296.594,230,AMPS,!WP1002!WP1011!WP1001!hist14!CP1020,1
2026-07-16 05:13:03.4,1AB_PYRITE,ABMO5173AII,PYRITES SLC PMP A MOTOR CURRENT,,IOBAD,BAD CHANNEL,RTN,3,,,,!WP1002!WP1011!WP1001!hist14!CP1020,1
2026-07-16 05:13:03.0,1AB_PYRITE,ABMO5173AII,PYRITES SLC PMP A MOTOR CURRENT,,HIABS,HI,RTN,3,84.4297,215,AMPS,!WP1002!WP1011!WP1001!hist14!CP1020,1
2026-07-16 05:13:03.0,1AB_PYRITE,ABMO5173AII,PYRITES SLC PMP A MOTOR CURRENT,,HHABS,HIHI,RTN,3,84.4297,230,AMPS,!WP1002!WP1011!WP1001!hist14!CP1020,1
2026-07-16 05:13:08.5,1SCRA_IDSAV,SLPDI5416A,A IDMPR SCR SA PSG TO FG DUCT DP,,LOABS,SCR A IN DMPR SEAL DP LOW (SERV),RTN,5,2.20391,2,INH2O,!hist14!CP1016,2
2026-07-16 05:13:13.5,1SCRA_IDSAV,SLPDI5416A,A IDMPR SCR SA PSG TO FG DUCT DP,,LOABS,SCR A IN DMPR SEAL DP LOW (SERV),ALM,5,1.99961,2,INH2O,!hist14!CP1016,2
2026-07-16 05:13:51.0,1NW_ESP_SMP,NWAI6702B,PRECIP SUMP PMP B DSCH PH,,IOBAD,BAD CHANNEL,RTN,3,,,,!WP1002!WP1011!WP1001!hist14!CP1020,1
2026-07-16 05:13:54.0,1SCRA_IDSAV,SLPDI5416A,A IDMPR SCR SA PSG TO FG DUCT DP,,LOABS,SCR A IN DMPR SEAL DP LOW (SERV),RTN,5,2.20664,2,INH2O,!hist14!CP1016,2
2026-07-16 05:13:57.0,1SCRA_IDSAV,SLPDI5416A,A IDMPR SCR SA PSG TO FG DUCT DP,,LOABS,SCR A IN DMPR SEAL DP LOW (SERV),ALM,5,1.9748,2,INH2O,!hist14!CP1016,2
2026-07-16 05:14:24.7,FD_FAN_VIB,A_FAN_VEL_AX,A FD FAN VEL AX,,HIABS,A FD FAN VEL AX HI VIB,RTN,1,2.42625,3,MILS,!WP1001!WP1002!WP1003!WP1006!WP1007!WP1014!hist14!CP1005,1
2026-07-16 05:14:36.5,1SCRA_IDSAV,SLPDI5416A,A IDMPR SCR SA PSG TO FG DUCT DP,,LOABS,SCR A IN DMPR SEAL DP LOW (SERV),RTN,5,2.24395,2,INH2O,!hist14!CP1016,2
2026-07-16 05:14:55.0,1SCRA_IDSAV,SLPDI5416A,A IDMPR SCR SA PSG TO FG DUCT DP,,LOABS,SCR A IN DMPR SEAL DP LOW (SERV),ALM,5,1.95234,2,INH2O,!hist14!CP1016,2
2026-07-16 05:15:29.2,FD_FAN_VIB,A_FAN_VEL_AX,A FD FAN VEL AX,,HIABS,A FD FAN VEL AX HI VIB,ALM,1,3.05469,3,MILS,!WP1001!WP1002!WP1003!WP1006!WP1007!WP1014!hist14!CP1005,1
2026-07-16 05:16:28.0,1DAS10,IACE3001,COND MAKE-UP      CATION CNDCT,,HIABS,HIGH,ALM,1,0.301602,0.3,US/CM,!WP1002!WP1006!WP1007!WP1001!WP1003!WP1014!hist14!CP1008,1
2026-07-16 05:17:18.9,1NW_ESP_SMP,NWAI6702B,PRECIP SUMP PMP B DSCH PH,,IOBAD,BAD CHANNEL,ALM,3,,,,!WP1002!WP1011!WP1001!hist14!CP1020,1
2026-07-16 05:17:23.3,IDFAN_PEEC,OPCY_ALM,PRECIP OUT > 50%,PRECIP OUTLET,STATE,ALARM,ALM,3,,,,!WP1001!WP1002!WP1003!WP1006!WP1007!WP1014!hist14!CP1003,1
2026-07-16 05:17:30.0,1AB_PYRITE,ABXV5191AL,OVFLW TNK FLUSH   VLV,PYRITE OVERFL,STATE,FAIL,ALM,3,,,,!WP1002!WP1011!WP1001!hist14!CP1020,1
2026-07-16 05:17:32.3,IDFAN_PEEC,OPCY_ALM,PRECIP OUT > 50%,PRECIP OUTLET,STATE,NORMAL,RTN,3,,,,!WP1001!WP1002!WP1003!WP1006!WP1007!WP1014!hist14!CP1003,1
2026-07-16 05:18:38.6,1MELIM,ZDS5504,WET/DRY INTFC VLV  DM DEV,,HIDEV,HIGH DEVIATION ALARM,RTN,3,54.0039,57.5,%,!hist14!CP1017,2
2026-07-16 05:18:39.3,1MSPULV,PUMAG011,PULV MILL G AMPS,,HHABS,,ALM,5,144.23,140,AMPS,!WP1001!WP1002!WP1003!WP1006!WP1007!WP1014!hist14!CP1003,1
2026-07-16 05:18:40.3,1MSPULV,PUMAG011,PULV MILL G AMPS,,HHABS,,RTN,5,84.7656,140,AMPS,!WP1001!WP1002!WP1003!WP1006!WP1007!WP1014!hist14!CP1003,1
2026-07-16 05:18:49.5,1SCR_B_PRESS,FGPDI5228B,SCR B CAT LAYER 4 DP,1SR114 PNT 4,HHABS,HI HI DP,RTN,1,1.19829,1.7,INH2O,!WP1001!WP1002!WP1003!WP1006!WP1007!WP1014!hist14!CP1016,1
2026-07-16 05:18:56.2,1BWCP_PURGE,OUTLET_TEMP,BWCP PURGE COOLER OUTLET TEMP,,HIABS,,ALM,2,105.047,105,DEGF,!WP1001!WP1002!WP1003!WP1006!WP1007!WP1014!hist14!CP1005,1
2026-07-16 05:18:59.0,1AB_PYRITE,ABXV5191AL,OVFLW TNK FLUSH   VLV,PYRITE OVERFL,STATE,OK,RTN,3,,,,!WP1002!WP1011!WP1001!hist14!CP1020,1
2026-07-16 05:19:06.0,1DAS10,IACE3001,COND MAKE-UP      CATION CNDCT,,HIABS,HIGH,RTN,1,0.278672,0.3,US/CM,!WP1002!WP1006!WP1007!WP1001!WP1003!WP1014!hist14!CP1008,1
2026-07-16 05:19:22.2,1TF,B24,TOTAL FUEL MOCS,,HIOUT,HIGH AVG MILL LOAD,ALM,5,80.0173,80,%,!WP1001!WP1002!WP1003!WP1006!WP1007!WP1014!hist14!CP1001,1
2026-07-16 05:19:36.7,1TF,B24,TOTAL FUEL MOCS,,HIOUT,HIGH AVG MILL LOAD,RTN,5,79.4347,80,%,!WP1001!WP1002!WP1003!WP1006!WP1007!WP1014!hist14!CP1001,1
2026-07-16 05:20:09.6,1MELIM,ZDS5504,WET/DRY INTFC VLV  DM DEV,,HIDEV,HIGH DEVIATION ALARM,ALM,3,99.0762,5,%,!hist14!CP1017,2
2026-07-16 05:20:09.1,1AB_PYRITE,ABPI5185,SLDG PMP DSCH     PRES,,LOABS,LO,RTN,3,18.3258,15,PSIG,!WP1002!WP1011!WP1001!hist14!CP1020,1
2026-07-16 05:20:11.1,1AB_PYRITE,ABPI5185,SLDG PMP DSCH     PRES,,HHABS,HIHI,ALM,5,38.3086,35,PSIG,!WP1002!WP1011!WP1001!hist14!CP1020,1
2026-07-16 05:20:12.4,1AB_PYRITE,ABPI5185,SLDG PMP DSCH     PRES,,IOBAD,BAD CHANNEL,ALM,3,,,,!WP1002!WP1011!WP1001!hist14!CP1020,1
2026-07-16 05:20:39.7,FD_FAN_VIB,A_FAN_VEL_AX,A FD FAN VEL AX,,HIABS,A FD FAN VEL AX HI VIB,RTN,1,2.4825,3,MILS,!WP1001!WP1002!WP1003!WP1006!WP1007!WP1014!hist14!CP1005,1
2026-07-16 05:21:18.5,1BCS_7,IKTE3741,REHEAT TEMP LEFT (REDUNDANT),,HIABS,HIGH,ALM,1,1012.2,1012.18,DEG.F,!WP1002!WP1006!WP1007!WP1001!WP1003!WP1014!hist14!CP1007,1
2026-07-16 05:21:28.0,1BCS_7,IKTE3441,REHEAT TEMP LEFT (NORM),,HIABS,HIGH,ALM,1,1012.2,1012.18,DEG.F,!WP1002!WP1006!WP1007!WP1001!WP1003!WP1014!hist14!CP1007,1
2026-07-16 05:21:44.5,1SCRA_IDSAV,SLPDI5416A,A IDMPR SCR SA PSG TO FG DUCT DP,,LOABS,SCR A IN DMPR SEAL DP LOW (SERV),RTN,5,2.21191,2,INH2O,!hist14!CP1016,2
2026-07-16 05:21:50.5,1SCRA_IDSAV,SLPDI5416A,A IDMPR SCR SA PSG TO FG DUCT DP,,LOABS,SCR A IN DMPR SEAL DP LOW (SERV),ALM,5,1.99844,2,INH2O,!hist14!CP1016,2
2026-07-16 05:22:59.7,FD_FAN_VIB,A_FAN_VEL_AX,A FD FAN VEL AX,,HIABS,A FD FAN VEL AX HI VIB,ALM,1,3.13875,3,MILS,!WP1001!WP1002!WP1003!WP1006!WP1007!WP1014!hist14!CP1005,1
2026-07-16 05:24:08.7,FD_FAN_VIB,A_FAN_VEL_AX,A FD FAN VEL AX,,HIABS,A FD FAN VEL AX HI VIB,RTN,1,2.44156,3,MILS,!WP1001!WP1002!WP1003!WP1006!WP1007!WP1014!hist14!CP1005,1
2026-07-16 05:24:24.0,1SCRA_IDSAV,SLPDI5416A,A IDMPR SCR SA PSG TO FG DUCT DP,,LOABS,SCR A IN DMPR SEAL DP LOW (SERV),RTN,5,2.20234,2,INH2O,!hist14!CP1016,2
2026-07-16 05:24:39.0,1SCRA_IDSAV,SLPDI5416A,A IDMPR SCR SA PSG TO FG DUCT DP,,LOABS,SCR A IN DMPR SEAL DP LOW (SERV),ALM,5,1.94961,2,INH2O,!hist14!CP1016,2
2026-07-16 05:25:09.2,FD_FAN_VIB,A_FAN_VEL_AX,A FD FAN VEL AX,,HIABS,A FD FAN VEL AX HI VIB,ALM,1,3.01,3,MILS,!WP1001!WP1002!WP1003!WP1006!WP1007!WP1014!hist14!CP1005,1
2026-07-16 05:26:16.2,FD_FAN_VIB,A_FAN_VEL_AX,A FD FAN VEL AX,,HIABS,A FD FAN VEL AX HI VIB,RTN,1,2.47484,3,MILS,!WP1001!WP1002!WP1003!WP1006!WP1007!WP1014!hist14!CP1005,1
2026-07-16 05:26:25.0,1SCRA_IDSAV,SLPDI5416A,A IDMPR SCR SA PSG TO FG DUCT DP,,LOABS,SCR A IN DMPR SEAL DP LOW (SERV),RTN,5,2.20078,2,INH2O,!hist14!CP1016,2
2026-07-16 05:26:42.5,1DAS11,IAAH3281,COND PUMP DISCH   SILICA,1233,HIABS,HIGH,ALM,1,12.7441,10,ppb,!WP1002!WP1006!WP1007!WP1001!WP1003!WP1014!hist14!CP1008,1
2026-07-16 05:26:51.0,1SCRA_IDSAV,SLPDI5416A,A IDMPR SCR SA PSG TO FG DUCT DP,,LOABS,SCR A IN DMPR SEAL DP LOW (SERV),ALM,5,1.99883,2,INH2O,!hist14!CP1016,2
2026-07-16 05:26:58.5,1SCRA_IDSAV,SLPDI5416A,A IDMPR SCR SA PSG TO FG DUCT DP,,LOABS,SCR A IN DMPR SEAL DP LOW (SERV),RTN,5,2.20449,2,INH2O,!hist14!CP1016,2
2026-07-16 05:26:58.0,1BCS_7,IKTE3441,REHEAT TEMP LEFT (NORM),,HIABS,HIGH,RTN,1,1007.17,1012.18,DEG.F,!WP1002!WP1006!WP1007!WP1001!WP1003!WP1014!hist14!CP1007,1
2026-07-16 05:27:02.0,1SCR_B_PRESS,FGPDI5228B,SCR B CAT LAYER 4 DP,1SR114 PNT 4,HHABS,HI HI DP,ALM,1,1.70373,1.7,INH2O,!WP1001!WP1002!WP1003!WP1006!WP1007!WP1014!hist14!CP1016,1
2026-07-16 05:27:10.0,1BCS_7,IKTE3741,REHEAT TEMP LEFT (REDUNDANT),,HIABS,HIGH,RTN,1,1007.17,1012.18,DEG.F,!WP1002!WP1006!WP1007!WP1001!WP1003!WP1014!hist14!CP1007,1
2026-07-16 05:27:46.0,1SCRA_IDSAV,SLPDI5416A,A IDMPR SCR SA PSG TO FG DUCT DP,,LOABS,SCR A IN DMPR SEAL DP LOW (SERV),ALM,5,1.98008,2,INH2O,!hist14!CP1016,2
2026-07-16 05:27:49.7,FD_FAN_VIB,A_FAN_VEL_AX,A FD FAN VEL AX,,HIABS,A FD FAN VEL AX HI VIB,ALM,1,3.01094,3,MILS,!WP1001!WP1002!WP1003!WP1006!WP1007!WP1014!hist14!CP1005,1
2026-07-16 05:27:53.7,FD_FAN_VIB,A_FAN_VEL_AX,A FD FAN VEL AX,,HIABS,A FD FAN VEL AX HI VIB,RTN,1,2.48531,3,MILS,!WP1001!WP1002!WP1003!WP1006!WP1007!WP1014!hist14!CP1005,1
2026-07-16 05:30:18.4,1AB_PYRITE,ABPI5185,SLDG PMP DSCH     PRES,,IOBAD,BAD CHANNEL,RTN,3,,,,!WP1002!WP1011!WP1001!hist14!CP1020,1
2026-07-16 05:30:19.4,1AB_PYRITE,ABPI5185,SLDG PMP DSCH     PRES,,HHABS,HIHI,RTN,5,32.5258,35,PSIG,!WP1002!WP1011!WP1001!hist14!CP1020,1
2026-07-16 05:30:23.9,1AB_PYRITE,ABPI5185,SLDG PMP DSCH     PRES,,LOABS,LO,ALM,3,14.0781,15,PSIG,!WP1002!WP1011!WP1001!hist14!CP1020,1
2026-07-16 05:30:32.0,1AB_PYRITE,ABXV5191AL,OVFLW TNK FLUSH   VLV,PYRITE OVERFL,STATE,FAIL,ALM,3,,,,!WP1002!WP1011!WP1001!hist14!CP1020,1
2026-07-16 05:31:11.0,1SCRA_IDSAV,SLPDI5416A,A IDMPR SCR SA PSG TO FG DUCT DP,,LOABS,SCR A IN DMPR SEAL DP LOW (SERV),RTN,5,2.20527,2,INH2O,!hist14!CP1016,2
2026-07-16 05:31:16.5,1SCRA_IDSAV,SLPDI5416A,A IDMPR SCR SA PSG TO FG DUCT DP,,LOABS,SCR A IN DMPR SEAL DP LOW (SERV),ALM,5,1.99883,2,INH2O,!hist14!CP1016,2
2026-07-16 05:31:34.8,IDFAN_PEEC,OPCY_ALM,PRECIP OUT > 50%,PRECIP OUTLET,STATE,ALARM,ALM,3,,,,!WP1001!WP1002!WP1003!WP1006!WP1007!WP1014!hist14!CP1003,1
2026-07-16 05:31:36.3,IDFAN_PEEC,OPCY_ALM,PRECIP OUT > 50%,PRECIP OUTLET,STATE,NORMAL,RTN,3,,,,!WP1001!WP1002!WP1003!WP1006!WP1007!WP1014!hist14!CP1003,1
2026-07-16 05:31:41.5,1SCRA_IDSAV,SLPDI5416A,A IDMPR SCR SA PSG TO FG DUCT DP,,LOABS,SCR A IN DMPR SEAL DP LOW (SERV),RTN,5,2.20117,2,INH2O,!hist14!CP1016,2
2026-07-16 05:31:57.0,1SCRA_IDSAV,SLPDI5416A,A IDMPR SCR SA PSG TO FG DUCT DP,,LOABS,SCR A IN DMPR SEAL DP LOW (SERV),ALM,5,1.97051,2,INH2O,!hist14!CP1016,2
2026-07-16 05:32:20.0,1SCRA_IDSAV,SLPDI5416A,A IDMPR SCR SA PSG TO FG DUCT DP,,LOABS,SCR A IN DMPR SEAL DP LOW (SERV),RTN,5,2.2125,2,INH2O,!hist14!CP1016,2
2026-07-16 05:32:41.0,1SCRA_IDSAV,SLPDI5416A,A IDMPR SCR SA PSG TO FG DUCT DP,,LOABS,SCR A IN DMPR SEAL DP LOW (SERV),ALM,5,1.97598,2,INH2O,!hist14!CP1016,2
2026-07-16 05:33:38.6,1MELIM,ZDS5504,WET/DRY INTFC VLV  DM DEV,,HIDEV,HIGH DEVIATION ALARM,RTN,3,54.0371,57.5,%,!hist14!CP1017,2
2026-07-16 05:33:59.4,1AB_PYRITE,ABXV5191AL,OVFLW TNK FLUSH   VLV,PYRITE OVERFL,STATE,OK,RTN,3,,,,!WP1002!WP1011!WP1001!hist14!CP1020,1
2026-07-16 05:35:09.6,1MELIM,ZDS5504,WET/DRY INTFC VLV  DM DEV,,HIDEV,HIGH DEVIATION ALARM,ALM,3,99.0566,5,%,!hist14!CP1017,2
2026-07-16 05:36:16.7,FD_FAN_VIB,A_FAN_VEL_AX,A FD FAN VEL AX,,HIABS,A FD FAN VEL AX HI VIB,ALM,1,3.05187,3,MILS,!WP1001!WP1002!WP1003!WP1006!WP1007!WP1014!hist14!CP1005,1
2026-07-16 05:36:37.6,1DAS11,IAAH3281,COND PUMP DISCH   SILICA,1233,HIABS,HIGH,RTN,1,8.7207,10,ppb,!WP1002!WP1006!WP1007!WP1001!WP1003!WP1014!hist14!CP1008,1
2026-07-16 05:36:49.2,FD_FAN_VIB,A_FAN_VEL_AX,A FD FAN VEL AX,,HIABS,A FD FAN VEL AX HI VIB,RTN,1,2.49484,3,MILS,!WP1001!WP1002!WP1003!WP1006!WP1007!WP1014!hist14!CP1005,1
2026-07-16 05:37:08.5,1SCRA_IDSAV,SLPDI5416A,A IDMPR SCR SA PSG TO FG DUCT DP,,LOABS,SCR A IN DMPR SEAL DP LOW (SERV),RTN,5,2.2002,2,INH2O,!hist14!CP1016,2
2026-07-16 05:37:11.5,1SCRA_IDSAV,SLPDI5416A,A IDMPR SCR SA PSG TO FG DUCT DP,,LOABS,SCR A IN DMPR SEAL DP LOW (SERV),ALM,5,1.99727,2,INH2O,!hist14!CP1016,2
2026-07-16 05:40:51.0,1SCRA_IDSAV,SLPDI5416A,A IDMPR SCR SA PSG TO FG DUCT DP,,LOABS,SCR A IN DMPR SEAL DP LOW (SERV),RTN,5,2.20879,2,INH2O,!hist14!CP1016,2
2026-07-16 05:41:26.5,1SCRA_IDSAV,SLPDI5416A,A IDMPR SCR SA PSG TO FG DUCT DP,,LOABS,SCR A IN DMPR SEAL DP LOW (SERV),ALM,5,1.99141,2,INH2O,!hist14!CP1016,2
2026-07-16 05:43:36.5,1SCRA_IDSAV,SLPDI5416A,A IDMPR SCR SA PSG TO FG DUCT DP,,LOABS,SCR A IN DMPR SEAL DP LOW (SERV),RTN,5,2.20234,2,INH2O,!hist14!CP1016,2
2026-07-16 05:43:44.5,1SCRA_IDSAV,SLPDI5416A,A IDMPR SCR SA PSG TO FG DUCT DP,,LOABS,SCR A IN DMPR SEAL DP LOW (SERV),ALM,5,1.99844,2,INH2O,!hist14!CP1016,2
2026-07-16 05:44:51.0,1SCRA_IDSAV,SLPDI5416A,A IDMPR SCR SA PSG TO FG DUCT DP,,LOABS,SCR A IN DMPR SEAL DP LOW (SERV),RTN,5,2.22539,2,INH2O,!hist14!CP1016,2
2026-07-16 05:45:08.5,1SCRA_IDSAV,SLPDI5416A,A IDMPR SCR SA PSG TO FG DUCT DP,,LOABS,SCR A IN DMPR SEAL DP LOW (SERV),ALM,5,1.98281,2,INH2O,!hist14!CP1016,2
2026-07-16 05:45:19.5,1SCRA_IDSAV,SLPDI5416A,A IDMPR SCR SA PSG TO FG DUCT DP,,LOABS,SCR A IN DMPR SEAL DP LOW (SERV),RTN,5,2.20137,2,INH2O,!hist14!CP1016,2
2026-07-16 05:45:27.0,1SCRA_IDSAV,SLPDI5416A,A IDMPR SCR SA PSG TO FG DUCT DP,,LOABS,SCR A IN DMPR SEAL DP LOW (SERV),ALM,5,1.99023,2,INH2O,!hist14!CP1016,2
2026-07-16 05:48:01.5,1SCR_B_PRESS,FGPDI5228B,SCR B CAT LAYER 4 DP,1SR114 PNT 4,HHABS,HI HI DP,RTN,1,1.19941,1.7,INH2O,!WP1001!WP1002!WP1003!WP1006!WP1007!WP1014!hist14!CP1016,1
2026-07-16 05:48:38.6,1MELIM,ZDS5504,WET/DRY INTFC VLV  DM DEV,,HIDEV,HIGH DEVIATION ALARM,RTN,3,53.7363,57.5,%,!hist14!CP1017,2
2026-07-16 05:48:52.0,1SCRA_IDSAV,SLPDI5416A,A IDMPR SCR SA PSG TO FG DUCT DP,,LOABS,SCR A IN DMPR SEAL DP LOW (SERV),RTN,5,2.20234,2,INH2O,!hist14!CP1016,2
2026-07-16 05:49:01.0,1SCRA_IDSAV,SLPDI5416A,A IDMPR SCR SA PSG TO FG DUCT DP,,LOABS,SCR A IN DMPR SEAL DP LOW (SERV),ALM,5,1.99961,2,INH2O,!hist14!CP1016,2
2026-07-16 05:50:09.6,1MELIM,ZDS5504,WET/DRY INTFC VLV  DM DEV,,HIDEV,HIGH DEVIATION ALARM,ALM,3,99.0293,5,%,!hist14!CP1017,2
2026-07-16 05:51:00.6,1DAS10,IACE3001,COND MAKE-UP      CATION CNDCT,,HIABS,HIGH,ALM,1,0.300273,0.3,US/CM,!WP1002!WP1006!WP1007!WP1001!WP1003!WP1014!hist14!CP1008,1
2026-07-16 05:53:25.6,1DAS10,IACE3001,COND MAKE-UP      CATION CNDCT,,HIABS,HIGH,RTN,1,0.279922,0.3,US/CM,!WP1002!WP1006!WP1007!WP1001!WP1003!WP1014!hist14!CP1008,1
2026-07-16 05:54:34.5,1SCRA_IDSAV,SLPDI5416A,A IDMPR SCR SA PSG TO FG DUCT DP,,LOABS,SCR A IN DMPR SEAL DP LOW (SERV),RTN,5,2.21406,2,INH2O,!hist14!CP1016,2
2026-07-16 05:54:38.0,1SCRA_IDSAV,SLPDI5416A,A IDMPR SCR SA PSG TO FG DUCT DP,,LOABS,SCR A IN DMPR SEAL DP LOW (SERV),ALM,5,1.98535,2,INH2O,!hist14!CP1016,2
2026-07-16 05:55:56.5,1SCRA_IDSAV,SLPDI5416A,A IDMPR SCR SA PSG TO FG DUCT DP,,LOABS,SCR A IN DMPR SEAL DP LOW (SERV),RTN,5,2.21602,2,INH2O,!hist14!CP1016,2
2026-07-16 05:56:04.5,1SCRA_IDSAV,SLPDI5416A,A IDMPR SCR SA PSG TO FG DUCT DP,,LOABS,SCR A IN DMPR SEAL DP LOW (SERV),ALM,5,1.97637,2,INH2O,!hist14!CP1016,2
2026-07-16 05:56:27.6,1DAS11,IAAH3281,COND PUMP DISCH   SILICA,1233,HIABS,HIGH,ALM,1,10.0332,10,ppb,!WP1002!WP1006!WP1007!WP1001!WP1003!WP1014!hist14!CP1008,1
2026-07-16 05:56:57.0,1SCRA_IDSAV,SLPDI5416A,A IDMPR SCR SA PSG TO FG DUCT DP,,LOABS,SCR A IN DMPR SEAL DP LOW (SERV),RTN,5,2.2043,2,INH2O,!hist14!CP1016,2
2026-07-16 05:57:04.5,1SCRA_IDSAV,SLPDI5416A,A IDMPR SCR SA PSG TO FG DUCT DP,,LOABS,SCR A IN DMPR SEAL DP LOW (SERV),ALM,5,1.97949,2,INH2O,!hist14!CP1016,2
2026-07-16 05:59:10.8,PAC_PLC,ACI_FDR_A_TR,ACI FDR A AC-WIC-5007 TRBLE ALM,,CHANGE,PAC FEEDER A TROUBLE,ALM,1,,,,!WP1001!WP1002!WP1003!WP1006!WP1007!WP1014!hist14!CP1003,1
2026-07-16 05:59:12.1,1AR_LS,DEV_5803,LS SYS B,,STATE,VALVE 5803 DEVIATION,ALM,3,,,,!WP1001!WP1002!WP1003!WP1006!WP1007!WP1014!hist14!CP1017,1
2026-07-16 05:59:13.8,FD_FAN_VIB,A_FAN_VEL_AX,A FD FAN VEL AX,,HIABS,A FD FAN VEL AX HI VIB,ALM,1,3.07859,3,MILS,!WP1001!WP1002!WP1003!WP1006!WP1007!WP1014!hist14!CP1005,1
2026-07-16 05:59:18.8,PAC_PLC,ACI_FDR_A_TR,ACI FDR A AC-WIC-5007 TRBLE ALM,,CHANGE,PAC FEEDER A TROUBLE,ALM,1,,,,!WP1001!WP1002!WP1003!WP1006!WP1007!WP1014!hist14!CP1003,1
2026-07-16 05:59:23.8,PAC_PLC,ACI_FDR_A_TR,ACI FDR A AC-WIC-5007 TRBLE ALM,,CHANGE,PAC FEEDER A TROUBLE,ALM,1,,,,!WP1001!WP1002!WP1003!WP1006!WP1007!WP1014!hist14!CP1003,1
2026-07-16 05:59:26.8,PAC_PLC,ACI_FDR_A_TR,ACI FDR A AC-WIC-5007 TRBLE ALM,,CHANGE,PAC FEEDER A TROUBLE,ALM,1,,,,!WP1001!WP1002!WP1003!WP1006!WP1007!WP1014!hist14!CP1003,1
2026-07-16 05:59:32.8,PAC_PLC,ACI_FDR_A_TR,ACI FDR A AC-WIC-5007 TRBLE ALM,,CHANGE,PAC FEEDER A TROUBLE,ALM,1,,,,!WP1001!WP1002!WP1003!WP1006!WP1007!WP1014!hist14!CP1003,1
2026-07-16 05:59:35.8,PAC_PLC,ACI_FDR_A_TR,ACI FDR A AC-WIC-5007 TRBLE ALM,,CHANGE,PAC FEEDER A TROUBLE,ALM,1,,,,!WP1001!WP1002!WP1003!WP1006!WP1007!WP1014!hist14!CP1003,1
2026-07-16 05:59:37.8,FD_FAN_VIB,A_FAN_VEL_AX,A FD FAN VEL AX,,HIABS,A FD FAN VEL AX HI VIB,RTN,1,2.42047,3,MILS,!WP1001!WP1002!WP1003!WP1006!WP1007!WP1014!hist14!CP1005,1
2026-07-16 05:59:40.8,PAC_PLC,ACI_FDR_A_TR,ACI FDR A AC-WIC-5007 TRBLE ALM,,CHANGE,PAC FEEDER A TROUBLE,ALM,1,,,,!WP1001!WP1002!WP1003!WP1006!WP1007!WP1014!hist14!CP1003,1
2026-07-16 05:59:41.8,PAC_PLC,ACI_FDR_A_TR,ACI FDR A AC-WIC-5007 TRBLE ALM,,CHANGE,PAC FEEDER A TROUBLE,ALM,1,,,,!WP1001!WP1002!WP1003!WP1006!WP1007!WP1014!hist14!CP1003,1
