DATE,COMPOUND,BLOCK,DESCRIPTION,NAME,ALARM TYPE Type,ALARM DESC,ALM_RTN,PRIORITY,VALUE,ALARM VALUE,UNITS,LOCATION,GRP
2026-07-16 06:00:06.6,1AR_LS,DEV_5803,LS SYS B,,STATE,,RTN,3,,,,!WP1001!WP1002!WP1003!WP1006!WP1007!WP1014!hist14!CP1017,1
2026-07-16 06:01:47.0,1BCS_7,IKTE3741,REHEAT TEMP LEFT (REDUNDANT),,HIABS,HIGH,ALM,1,1012.18,1012.18,DEG.F,!WP1002!WP1006!WP1007!WP1001!WP1003!WP1014!hist14!CP1007,1
2026-07-16 06:01:49.5,1BCS_7,IKTE3441,REHEAT TEMP LEFT (NORM),,HIABS,HIGH,ALM,1,1012.21,1012.18,DEG.F,!WP1002!WP1006!WP1007!WP1001!WP1003!WP1014!hist14!CP1007,1
2026-07-16 06:01:52.0,1BCS_7,IKTE3751,REHEAT TEMP RIGHT (REDUNDANT),,HIABS,HIGH,ALM,1,1012.21,1012.18,DEG.F,!WP1002!WP1006!WP1007!WP1001!WP1003!WP1014!hist14!CP1007,1
2026-07-16 06:02:04.0,1BCS_7,IKTE3451,REHEAT TEMP RIGHT (NORM),,HIABS,HIGH,ALM,1,1012.18,1012.18,DEG.F,!WP1002!WP1006!WP1007!WP1001!WP1003!WP1014!hist14!CP1007,1
2026-07-16 06:02:58.6,1DAS11,IVVH0031,BFP A INB BRG  X  VIB,1725,HIABS,HIGH,ALM,1,2.03705,2,MILS,!WP1002!WP1006!WP1007!WP1001!WP1003!WP1014!hist14!CP1008,1
2026-07-16 06:03:08.3,1MKVIE_ALM2,B1A,MARK VIE A BFPT GENERAL ALARM,,STATE,ALARM,ALM,1,,,,!WP1001!WP1002!WP1003!WP1006!WP1007!WP1014!hist14!CP1002,1
2026-07-16 06:03:08.3,1MKVIE_ALM2,B2A,MARK VIE B BFPT GENERAL ALARM,,STATE,ALARM,ALM,1,,,,!WP1001!WP1002!WP1003!WP1006!WP1007!WP1014!hist14!CP1002,1
2026-07-16 06:03:10.8,FD_FAN_VIB,A_FAN_VEL_AX,A FD FAN VEL AX,,HIABS,A FD FAN VEL AX HI VIB,ALM,1,3.11484,3,MILS,!WP1001!WP1002!WP1003!WP1006!WP1007!WP1014!hist14!CP1005,1
2026-07-16 06:03:11.0,1BFA_GSM_ALM,BFA_ALM12,MARK VIE A BFPT ALARM,,STA_4,BENTLY VIBRATION ALARM,ALM,1,0,0,,!WP1001!WP1002!WP1003!WP1006!WP1007!WP1014!hist14!CP1011,1
2026-07-16 06:03:11.0,1BFB_GSM_ALM,BFB_ALM12,MARK VIE B BFPT ALARM,,STA_4,BENTLY VIBRATION ALARM,ALM,1,0,0,,!WP1001!WP1002!WP1003!WP1006!WP1007!WP1014!hist14!CP1011,1
2026-07-16 06:03:13.6,1DAS11,IVVH0021,BFP A OUTB BRG     Y  VIB,1724,HIABS,HIGH,ALM,1,2.04849,2,MILS,!WP1002!WP1006!WP1007!WP1001!WP1003!WP1014!hist14!CP1008,1
2026-07-16 06:03:13.6,1DAS11,IVVH0441,BFP A INB BRG      Y  VIB,1726,HIABS,HIGH,ALM,1,2.17247,2,MILS,!WP1002!WP1006!WP1007!WP1001!WP1003!WP1014!hist14!CP1008,1
2026-07-16 06:03:15.0,1BFA_GSM_ALM,BFA_ALM12,MARK VIE A BFPT ALARM,,STA_4,BENTLY VIBRATION OK,RTN,1,0,0,,!WP1001!WP1002!WP1003!WP1006!WP1007!WP1014!hist14!CP1011,1
2026-07-16 06:03:15.0,1BFB_GSM_ALM,BFB_ALM12,MARK VIE B BFPT ALARM,,STA_4,BENTLY VIBRATION OK,RTN,1,0,0,,!WP1001!WP1002!WP1003!WP1006!WP1007!WP1014!hist14!CP1011,1
2026-07-16 06:03:15.6,1DAS11,IVVH0031,BFP A INB BRG  X  VIB,1725,HIABS,HIGH,RTN,1,1.43814,2,MILS,!WP1002!WP1006!WP1007!WP1001!WP1003!WP1014!hist14!CP1008,1
2026-07-16 06:03:15.6,1DAS11,IVVH0441,BFP A INB BRG      Y  VIB,1726,HIABS,HIGH,RTN,1,1.35231,2,MILS,!WP1002!WP1006!WP1007!WP1001!WP1003!WP1014!hist14!CP1008,1
2026-07-16 06:03:17.6,1DAS11,IVVH0021,BFP A OUTB BRG     Y  VIB,1724,HIABS,HIGH,RTN,1,1.52016,2,MILS,!WP1002!WP1006!WP1007!WP1001!WP1003!WP1014!hist14!CP1008,1
2026-07-16 06:03:38.6,1MELIM,ZDS5504,WET/DRY INTFC VLV  DM DEV,,HIDEV,HIGH DEVIATION ALARM,RTN,3,54.0645,57.5,%,!hist14!CP1017,2
2026-07-16 06:03:41.2,1ULD,B3_ALM,BLOCK LOAD INC/DEC ALM,,STATE,BLOCK LOAD INCREASE/DECREASE,ALM,3,,,,!WP1001!WP1002!WP1003!WP1006!WP1007!WP1014!hist14!CP1001,1
2026-07-16 06:03:51.7,1ULD,B3_ALM,BLOCK LOAD INC/DEC ALM,,STATE,LOAD BLOCK NOT IN SERVICE,RTN,3,,,,!WP1001!WP1002!WP1003!WP1006!WP1007!WP1014!hist14!CP1001,1
2026-07-16 06:04:08.3,1MKVIE_ALM2,B1A,MARK VIE A BFPT GENERAL ALARM,,STATE,NORMAL,RTN,1,,,,!WP1001!WP1002!WP1003!WP1006!WP1007!WP1014!hist14!CP1002,1
2026-07-16 06:04:08.3,1MKVIE_ALM2,B2A,MARK VIE B BFPT GENERAL ALARM,,STATE,NORMAL,RTN,1,,,,!WP1001!WP1002!WP1003!WP1006!WP1007!WP1014!hist14!CP1002,1
2026-07-16 06:04:40.3,FD_FAN_VIB,A_FAN_VEL_AX,A FD FAN VEL AX,,HIABS,A FD FAN VEL AX HI VIB,RTN,1,2.47484,3,MILS,!WP1001!WP1002!WP1003!WP1006!WP1007!WP1014!hist14!CP1005,1
2026-07-16 06:05:07.0,1WB_DEV,SOFA_ANY_DEV,SOFA ANY DEVIATION,,STATE,NORMAL,RTN,5,,,%,,0
2026-07-16 06:05:09.6,1MELIM,ZDS5504,WET/DRY INTFC VLV  DM DEV,,HIDEV,HIGH DEVIATION ALARM,ALM,3,98.8496,5,%,!hist14!CP1017,2
2026-07-16 06:05:26.8,1MSPULV,PUMAH011,PULV MILL H AMPS,,HHABS,,RTN,5,85.3828,140,AMPS,!WP1001!WP1002!WP1003!WP1006!WP1007!WP1014!hist14!CP1003,1
2026-07-16 06:05:26.3,1MSPULV,PUMAH011,PULV MILL H AMPS,,HHABS,,ALM,5,199.398,140,AMPS,!WP1001!WP1002!WP1003!WP1006!WP1007!WP1014!hist14!CP1003,1
2026-07-16 06:05:27.0,1WB_DEV,SOFA_ANY_DEV,SOFA ANY DEVIATION,,STATE,DEVIATION,ALM,5,,,MILS,,0
2026-07-16 06:06:11.3,FD_FAN_VIB,A_FAN_VEL_AX,A FD FAN VEL AX,,HIABS,A FD FAN VEL AX HI VIB,ALM,1,3.01563,3,MILS,!WP1001!WP1002!WP1003!WP1006!WP1007!WP1014!hist14!CP1005,1
2026-07-16 06:06:12.5,1BCS_7,IKTE3451,REHEAT TEMP RIGHT (NORM),,HIABS,HIGH,RTN,1,1007.18,1012.18,DEG.F,!WP1002!WP1006!WP1007!WP1001!WP1003!WP1014!hist14!CP1007,1
2026-07-16 06:06:26.5,1BCS_7,IKTE3751,REHEAT TEMP RIGHT (REDUNDANT),,HIABS,HIGH,RTN,1,1007.18,1012.18,DEG.F,!WP1002!WP1006!WP1007!WP1001!WP1003!WP1014!hist14!CP1007,1
2026-07-16 06:07:26.3,FD_FAN_VIB,A_FAN_VEL_AX,A FD FAN VEL AX,,HIABS,A FD FAN VEL AX HI VIB,RTN,1,2.45391,3,MILS,!WP1001!WP1002!WP1003!WP1006!WP1007!WP1014!hist14!CP1005,1
2026-07-16 06:07:57.8,1MISC,B143,AUX ATM VLV DEV ALM,,STATE,NORMAL,RTN,5,,,,!WP1001!WP1002!WP1003!WP1006!WP1007!WP1014!hist14!CP1002,1
2026-07-16 06:08:14.8,IDFAN_PEEC,OPCY_ALM,PRECIP OUT > 50%,PRECIP OUTLET,STATE,ALARM,ALM,3,,,,!WP1001!WP1002!WP1003!WP1006!WP1007!WP1014!hist14!CP1003,1
2026-07-16 06:08:21.3,IDFAN_PEEC,OPCY_ALM,PRECIP OUT > 50%,PRECIP OUTLET,STATE,NORMAL,RTN,3,,,,!WP1001!WP1002!WP1003!WP1006!WP1007!WP1014!hist14!CP1003,1
2026-07-16 06:08:28.6,1DAS10,IACE3001,COND MAKE-UP      CATION CNDCT,,HIABS,HIGH,ALM,1,0.302871,0.3,US/CM,!WP1002!WP1006!WP1007!WP1001!WP1003!WP1014!hist14!CP1008,1
2026-07-16 06:08:39.8,IDFAN_PEEC,OPCY_ALM,PRECIP OUT > 50%,PRECIP OUTLET,STATE,ALARM,ALM,3,,,,!WP1001!WP1002!WP1003!WP1006!WP1007!WP1014!hist14!CP1003,1
2026-07-16 06:08:43.3,IDFAN_PEEC,OPCY_ALM,PRECIP OUT > 50%,PRECIP OUTLET,STATE,NORMAL,RTN,3,,,,!WP1001!WP1002!WP1003!WP1006!WP1007!WP1014!hist14!CP1003,1
2026-07-16 06:10:15.0,1BCS_7,IKTE3751,REHEAT TEMP RIGHT (REDUNDANT),,HIABS,HIGH,ALM,1,1012.18,1012.18,DEG.F,!WP1002!WP1006!WP1007!WP1001!WP1003!WP1014!hist14!CP1007,1
2026-07-16 06:11:22.0,1BCS_7,IKTE3441,REHEAT TEMP LEFT (NORM),,HIABS,HIGH,RTN,1,1007.17,1012.18,DEG.F,!WP1002!WP1006!WP1007!WP1001!WP1003!WP1014!hist14!CP1007,1
2026-07-16 06:11:27.0,1BCS_7,IKTE3741,REHEAT TEMP LEFT (REDUNDANT),,HIABS,HIGH,RTN,1,1007.14,1012.18,DEG.F,!WP1002!WP1006!WP1007!WP1001!WP1003!WP1014!hist14!CP1007,1
2026-07-16 06:11:50.0,1BCS_7,IKTE3751,REHEAT TEMP RIGHT (REDUNDANT),,HIABS,HIGH,RTN,1,1007.1,1012.18,DEG.F,!WP1002!WP1006!WP1007!WP1001!WP1003!WP1014!hist14!CP1007,1
2026-07-16 06:12:55.3,1COND,B10,HOTWELL LEVEL XMTR - NORMAL,,HIABS,HIGH,ALM,1,3.00072,3,INCHES,!WP1001!WP1002!WP1003!WP1006!WP1007!WP1014!hist14!CP1002,1
2026-07-16 06:13:09.5,1SBRS,B13,R.H. SOOT BLOWING REG FBK,,HIABS,R.H. SOOTBLOWER FB @ 90%,ALM,5,91.627,90,PCT,!WP1002!WP1006!WP1007!WP1001!WP1003!WP1014!hist14!CP1009,1
2026-07-16 06:13:24.5,1SBRS,B13,R.H. SOOT BLOWING REG FBK,,HIABS,R.H. SOOTBLOWER FB @ 90%,RTN,5,87.9844,90,PCT,!WP1002!WP1006!WP1007!WP1001!WP1003!WP1014!hist14!CP1009,1
2026-07-16 06:14:47.3,1COND,B11,HOTWELL LEVEL XMTR - REDUNDANT,,HIABS,HIGH,ALM,1,3.00025,3,INCHES,!WP1001!WP1002!WP1003!WP1006!WP1007!WP1014!hist14!CP1002,1
2026-07-16 06:14:57.8,1MISC,B143,AUX ATM VLV DEV ALM,,STATE,DEVIATION,ALM,5,,,,!WP1001!WP1002!WP1003!WP1006!WP1007!WP1014!hist14!CP1002,1
2026-07-16 06:15:14.8,FD_FAN_VIB,A_FAN_VEL_AX,A FD FAN VEL AX,,HIABS,A FD FAN VEL AX HI VIB,ALM,1,3.10156,3,MILS,!WP1001!WP1002!WP1003!WP1006!WP1007!WP1014!hist14!CP1005,1
2026-07-16 06:15:42.8,1COND,B11,HOTWELL LEVEL XMTR - REDUNDANT,,HIABS,HIGH,RTN,1,2.49678,3,INCHES,!WP1001!WP1002!WP1003!WP1006!WP1007!WP1014!hist14!CP1002,1
2026-07-16 06:16:10.3,1COND,B10,HOTWELL LEVEL XMTR - NORMAL,,HIABS,HIGH,RTN,1,2.49951,3,INCHES,!WP1001!WP1002!WP1003!WP1006!WP1007!WP1014!hist14!CP1002,1
2026-07-16 06:16:46.3,FD_FAN_VIB,A_FAN_VEL_AX,A FD FAN VEL AX,,HIABS,A FD FAN VEL AX HI VIB,RTN,1,2.13922,3,MILS,!WP1001!WP1002!WP1003!WP1006!WP1007!WP1014!hist14!CP1005,1
2026-07-16 06:17:05.5,1SCRA_IDSAV,SLPDI5416A,A IDMPR SCR SA PSG TO FG DUCT DP,,LOABS,SCR A IN DMPR SEAL DP LOW (SERV),RTN,5,2.2043,2,INH2O,!hist14!CP1016,2
2026-07-16 06:17:05.5,1LP_HTRLVL1,LDA048,LP HTR 1 EMERG VALVE DMD POS DEV,,LODEV,LOW DEV,ALM,1,1.5625,1.61965,%,!WP1001!WP1002!WP1003!WP1006!WP1007!WP1014!hist14!CP1013,1
2026-07-16 06:17:07.5,1LP_HTRLVL1,LDA048,LP HTR 1 EMERG VALVE DMD POS DEV,,LODEV,LOW DEV,RTN,1,5.53516,3.53963,%,!WP1001!WP1002!WP1003!WP1006!WP1007!WP1014!hist14!CP1013,1
2026-07-16 06:17:14.3,FD_FAN_VIB,A_FAN_VEL_AX,A FD FAN VEL AX,,HIABS,A FD FAN VEL AX HI VIB,ALM,1,3.04813,3,MILS,!WP1001!WP1002!WP1003!WP1006!WP1007!WP1014!hist14!CP1005,1
2026-07-16 06:17:16.3,FD_FAN_VIB,A_FAN_VEL_AX,A FD FAN VEL AX,,HIABS,A FD FAN VEL AX HI VIB,RTN,1,2.225,3,MILS,!WP1001!WP1002!WP1003!WP1006!WP1007!WP1014!hist14!CP1005,1
2026-07-16 06:17:18.0,1SCRA_IDSAV,SLPDI5416A,A IDMPR SCR SA PSG TO FG DUCT DP,,LOABS,SCR A IN DMPR SEAL DP LOW (SERV),ALM,5,1.97109,2,INH2O,!hist14!CP1016,2
2026-07-16 06:18:38.6,1MELIM,ZDS5504,WET/DRY INTFC VLV  DM DEV,,HIDEV,HIGH DEVIATION ALARM,RTN,3,54.0469,57.5,%,!hist14!CP1017,2
2026-07-16 06:19:01.1,1DAS10,IACE3211,COND MAKE-UP SPEC CNDCT,,HIABS,HIGH,ALM,1,0.300215,0.3,US/CM,!WP1002!WP1006!WP1007!WP1001!WP1003!WP1014!hist14!CP1008,1
2026-07-16 06:20:09.6,1MELIM,ZDS5504,WET/DRY INTFC VLV  DM DEV,,HIDEV,HIGH DEVIATION ALARM,ALM,3,99.0352,5,%,!hist14!CP1017,2
2026-07-16 06:24:14.6,1MELIM,ZDS5504,WET/DRY INTFC VLV  DM DEV,,HIDEV,HIGH DEVIATION ALARM,RTN,3,53.9492,57.5,%,!hist14!CP1017,2
2026-07-16 06:25:15.6,1MELIM,ZDS5504,WET/DRY INTFC VLV  DM DEV,,LODEV,LOW DEVIATION ALARM,ALM,3,-1.23438,95,%,!hist14!CP1017,2
2026-07-16 06:25:54.5,1SCRA_IDSAV,SLPDI5416A,A IDMPR SCR SA PSG TO FG DUCT DP,,LOABS,SCR A IN DMPR SEAL DP LOW (SERV),RTN,5,2.20605,2,INH2O,!hist14!CP1016,2
2026-07-16 06:25:58.5,1SCRA_IDSAV,SLPDI5416A,A IDMPR SCR SA PSG TO FG DUCT DP,,LOABS,SCR A IN DMPR SEAL DP LOW (SERV),ALM,5,1.97207,2,INH2O,!hist14!CP1016,2
2026-07-16 06:26:12.6,1DAS11,IAAH3281,COND PUMP DISCH   SILICA,1233,HIABS,HIGH,RTN,1,9.33789,10,ppb,!WP1002!WP1006!WP1007!WP1001!WP1003!WP1014!hist14!CP1008,1
2026-07-16 06:29:32.7,ASH_DCS,PLC_TRB,ASH PLC TROUBLE ALARM,ASH PLC,STATE,TROUBLE ALARM,ALM,3,,,,!WP1002!WP1006!WP1007!WP1001!WP1003!WP1014!hist14!CP1006,1
2026-07-16 06:30:50.5,1SBRS,B13,R.H. SOOT BLOWING REG FBK,,HIABS,R.H. SOOTBLOWER FB @ 90%,ALM,5,96.2148,90,PCT,!WP1002!WP1006!WP1007!WP1001!WP1003!WP1014!hist14!CP1009,1
2026-07-16 06:31:01.5,1SBRS,B13,R.H. SOOT BLOWING REG FBK,,HIABS,R.H. SOOTBLOWER FB @ 90%,RTN,5,88.3184,90,PCT,!WP1002!WP1006!WP1007!WP1001!WP1003!WP1014!hist14!CP1009,1
2026-07-16 06:35:46.3,1MISC,B143,AUX ATM VLV DEV ALM,,STATE,NORMAL,RTN,5,,,,!WP1001!WP1002!WP1003!WP1006!WP1007!WP1014!hist14!CP1002,1
2026-07-16 06:45:44.5,1SCRA_IDSAV,SLPDI5416A,A IDMPR SCR SA PSG TO FG DUCT DP,,LOABS,SCR A IN DMPR SEAL DP LOW (SERV),RTN,5,2.20176,2,INH2O,!hist14!CP1016,2
2026-07-16 06:45:48.5,1SCRA_IDSAV,SLPDI5416A,A IDMPR SCR SA PSG TO FG DUCT DP,,LOABS,SCR A IN DMPR SEAL DP LOW (SERV),ALM,5,1.99805,2,INH2O,!hist14!CP1016,2
2026-07-16 06:46:17.4,IDFAN_PEEC,OPCY_ALM,PRECIP OUT > 50%,PRECIP OUTLET,STATE,ALARM,ALM,3,,,,!WP1001!WP1002!WP1003!WP1006!WP1007!WP1014!hist14!CP1003,1
2026-07-16 06:46:22.0,IDFAN_PEEC,OPCY_ALM,PRECIP OUT > 50%,PRECIP OUTLET,STATE,NORMAL,RTN,3,,,,!WP1001!WP1002!WP1003!WP1006!WP1007!WP1014!hist14!CP1003,1
2026-07-16 06:48:04.3,1MISC,B143,AUX ATM VLV DEV ALM,,STATE,DEVIATION,ALM,5,,,,!WP1001!WP1002!WP1003!WP1006!WP1007!WP1014!hist14!CP1002,1
2026-07-16 06:49:49.4,PAC_PLC,ACI_FDR_A_TR,ACI FDR A AC-WIC-5007 TRBLE ALM,,CHANGE,PAC FEEDER A TROUBLE,ALM,1,,,,!WP1001!WP1002!WP1003!WP1006!WP1007!WP1014!hist14!CP1003,1
2026-07-16 06:50:01.4,PAC_PLC,ACI_FDR_A_TR,ACI FDR A AC-WIC-5007 TRBLE ALM,,CHANGE,PAC FEEDER A TROUBLE,ALM,1,,,,!WP1001!WP1002!WP1003!WP1006!WP1007!WP1014!hist14!CP1003,1
2026-07-16 06:50:04.4,PAC_PLC,ACI_FDR_A_TR,ACI FDR A AC-WIC-5007 TRBLE ALM,,CHANGE,PAC FEEDER A TROUBLE,ALM,1,,,,!WP1001!WP1002!WP1003!WP1006!WP1007!WP1014!hist14!CP1003,1
2026-07-16 06:50:07.4,PAC_PLC,ACI_FDR_A_TR,ACI FDR A AC-WIC-5007 TRBLE ALM,,CHANGE,PAC FEEDER A TROUBLE,ALM,1,,,,!WP1001!WP1002!WP1003!WP1006!WP1007!WP1014!hist14!CP1003,1
2026-07-16 06:50:31.0,PAC_PLC,ACI_FDR_A_TR,ACI FDR A AC-WIC-5007 TRBLE ALM,,CHANGE,PAC FEEDER A TROUBLE,ALM,1,,,,!WP1001!WP1002!WP1003!WP1006!WP1007!WP1014!hist14!CP1003,1
2026-07-16 06:50:32.0,PAC_PLC,ACI_FDR_A_TR,ACI FDR A AC-WIC-5007 TRBLE ALM,,CHANGE,PAC FEEDER A TROUBLE,ALM,1,,,,!WP1001!WP1002!WP1003!WP1006!WP1007!WP1014!hist14!CP1003,1
2026-07-16 06:50:50.8,1MISC,B143,AUX ATM VLV DEV ALM,,STATE,NORMAL,RTN,5,,,,!WP1001!WP1002!WP1003!WP1006!WP1007!WP1014!hist14!CP1002,1
2026-07-16 06:54:10.4,1AB_SCR_SEQ,SCR_HOP_T13,SCR HOPPER SEQ XV5101 TIMER,,PTARG,TIMEOUT,ALM,3,241,240,SEC,!WP1002!WP1011!WP1001!hist14!CP1020,1
2026-07-16 06:54:11.4,1AB_SCR_SEQ,SCR_HOP_T13,SCR HOPPER SEQ XV5101 TIMER,,PTARG,TIMEOUT,RTN,3,0,240,SEC,!WP1002!WP1011!WP1001!hist14!CP1020,1
2026-07-16 06:54:38.0,1SCRA_IDSAV,SLPDI5416A,A IDMPR SCR SA PSG TO FG DUCT DP,,LOABS,SCR A IN DMPR SEAL DP LOW (SERV),RTN,5,2.20313,2,INH2O,!hist14!CP1016,2
2026-07-16 06:54:43.5,1SCRA_IDSAV,SLPDI5416A,A IDMPR SCR SA PSG TO FG DUCT DP,,LOABS,SCR A IN DMPR SEAL DP LOW (SERV),ALM,5,1.98555,2,INH2O,!hist14!CP1016,2
2026-07-16 06:59:13.1,1AR_LS,DEV_5803,LS SYS B,,STATE,VALVE 5803 DEVIATION,ALM,3,,,,!WP1001!WP1002!WP1003!WP1006!WP1007!WP1014!hist14!CP1017,1
2026-07-16 06:59:15.5,1AB_SCR_SEQ,SCR_HOP_T14,SCR HOPPER SEQ XV5102 TIMER,,PTARG,TIMEOUT,ALM,3,241,240,SEC,!WP1002!WP1011!WP1001!hist14!CP1020,1
2026-07-16 06:59:16.5,1AB_SCR_SEQ,SCR_HOP_T14,SCR HOPPER SEQ XV5102 TIMER,,PTARG,TIMEOUT,RTN,3,0,240,SEC,!WP1002!WP1011!WP1001!hist14!CP1020,1
2026-07-16 07:00:06.6,1SCRA_IDSAV,SLPDI5416A,A IDMPR SCR SA PSG TO FG DUCT DP,,LOABS,SCR A IN DMPR SEAL DP LOW (SERV),RTN,5,2.20098,2,INH2O,!hist14!CP1016,2
2026-07-16 07:00:07.1,1AR_LS,DEV_5803,LS SYS B,,STATE,,RTN,3,,,,!WP1001!WP1002!WP1003!WP1006!WP1007!WP1014!hist14!CP1017,1
2026-07-16 07:00:14.1,1SCRA_IDSAV,SLPDI5416A,A IDMPR SCR SA PSG TO FG DUCT DP,,LOABS,SCR A IN DMPR SEAL DP LOW (SERV),ALM,5,1.97031,2,INH2O,!hist14!CP1016,2
2026-07-16 07:02:07.0,1NW_ESP_SMP,NWAI6702B,PRECIP SUMP PMP B DSCH PH,,IOBAD,BAD CHANNEL,RTN,3,,,,!WP1002!WP1011!WP1001!hist14!CP1020,1
2026-07-16 07:02:35.1,1SCRA_IDSAV,SLPDI5416A,A IDMPR SCR SA PSG TO FG DUCT DP,,LOABS,SCR A IN DMPR SEAL DP LOW (SERV),RTN,5,2.20918,2,INH2O,!hist14!CP1016,2
2026-07-16 07:02:39.6,1SCRA_IDSAV,SLPDI5416A,A IDMPR SCR SA PSG TO FG DUCT DP,,LOABS,SCR A IN DMPR SEAL DP LOW (SERV),ALM,5,1.98965,2,INH2O,!hist14!CP1016,2
2026-07-16 07:03:11.1,1SCRA_IDSAV,SLPDI5416A,A IDMPR SCR SA PSG TO FG DUCT DP,,LOABS,SCR A IN DMPR SEAL DP LOW (SERV),RTN,5,2.20879,2,INH2O,!hist14!CP1016,2
2026-07-16 07:03:18.6,1SCRA_IDSAV,SLPDI5416A,A IDMPR SCR SA PSG TO FG DUCT DP,,LOABS,SCR A IN DMPR SEAL DP LOW (SERV),ALM,5,1.99961,2,INH2O,!hist14!CP1016,2
2026-07-16 07:04:04.1,1SCRA_IDSAV,SLPDI5416A,A IDMPR SCR SA PSG TO FG DUCT DP,,LOABS,SCR A IN DMPR SEAL DP LOW (SERV),RTN,5,2.21934,2,INH2O,!hist14!CP1016,2
2026-07-16 07:04:11.1,1SCRA_IDSAV,SLPDI5416A,A IDMPR SCR SA PSG TO FG DUCT DP,,LOABS,SCR A IN DMPR SEAL DP LOW (SERV),ALM,5,1.96445,2,INH2O,!hist14!CP1016,2
2026-07-16 07:04:18.3,1BWCP_PURGE,OUTLET_TEMP,BWCP PURGE COOLER OUTLET TEMP,,HIABS,,RTN,2,101.987,105,DEGF,!WP1001!WP1002!WP1003!WP1006!WP1007!WP1014!hist14!CP1005,1
2026-07-16 07:04:20.5,1AB_SCR_SEQ,SCR_HOP_T15,SCR HOPPER SEQ XV5103 TIMER,,PTARG,TIMEOUT,ALM,3,241,240,SEC,!WP1002!WP1011!WP1001!hist14!CP1020,1
2026-07-16 07:04:21.5,1AB_SCR_SEQ,SCR_HOP_T15,SCR HOPPER SEQ XV5103 TIMER,,PTARG,TIMEOUT,RTN,3,0,240,SEC,!WP1002!WP1011!WP1001!hist14!CP1020,1
2026-07-16 07:05:00.6,1SCRA_IDSAV,SLPDI5416A,A IDMPR SCR SA PSG TO FG DUCT DP,,LOABS,SCR A IN DMPR SEAL DP LOW (SERV),RTN,5,2.2043,2,INH2O,!hist14!CP1016,2
2026-07-16 07:05:04.1,1SCRA_IDSAV,SLPDI5416A,A IDMPR SCR SA PSG TO FG DUCT DP,,LOABS,SCR A IN DMPR SEAL DP LOW (SERV),ALM,5,1.98105,2,INH2O,!hist14!CP1016,2
2026-07-16 07:05:11.0,1MISC,B143,AUX ATM VLV DEV ALM,,STATE,DEVIATION,ALM,5,,,,!WP1001!WP1002!WP1003!WP1006!WP1007!WP1014!hist14!CP1002,1
2026-07-16 07:06:14.1,1SCRA_IDSAV,SLPDI5416A,A IDMPR SCR SA PSG TO FG DUCT DP,,LOABS,SCR A IN DMPR SEAL DP LOW (SERV),RTN,5,2.2252,2,INH2O,!hist14!CP1016,2
2026-07-16 07:06:18.1,1SCRA_IDSAV,SLPDI5416A,A IDMPR SCR SA PSG TO FG DUCT DP,,LOABS,SCR A IN DMPR SEAL DP LOW (SERV),ALM,5,1.97305,2,INH2O,!hist14!CP1016,2
2026-07-16 07:06:49.1,1SCRA_IDSAV,SLPDI5416A,A IDMPR SCR SA PSG TO FG DUCT DP,,LOABS,SCR A IN DMPR SEAL DP LOW (SERV),RTN,5,2.20742,2,INH2O,!hist14!CP1016,2
2026-07-16 07:06:53.6,1SCRA_IDSAV,SLPDI5416A,A IDMPR SCR SA PSG TO FG DUCT DP,,LOABS,SCR A IN DMPR SEAL DP LOW (SERV),ALM,5,1.98789,2,INH2O,!hist14!CP1016,2
2026-07-16 07:08:37.6,1SCRA_IDSAV,SLPDI5416A,A IDMPR SCR SA PSG TO FG DUCT DP,,LOABS,SCR A IN DMPR SEAL DP LOW (SERV),RTN,5,2.22109,2,INH2O,!hist14!CP1016,2
2026-07-16 07:08:47.6,1SCRA_IDSAV,SLPDI5416A,A IDMPR SCR SA PSG TO FG DUCT DP,,LOABS,SCR A IN DMPR SEAL DP LOW (SERV),ALM,5,1.99238,2,INH2O,!hist14!CP1016,2
2026-07-16 07:09:11.6,1SCRA_IDSAV,SLPDI5416A,A IDMPR SCR SA PSG TO FG DUCT DP,,LOABS,SCR A IN DMPR SEAL DP LOW (SERV),RTN,5,2.21133,2,INH2O,!hist14!CP1016,2
2026-07-16 07:09:25.5,1AB_SCR_SEQ,SCR_HOP_T16,SCR HOPPER SEQ XV5104 TIMER,,PTARG,TIMEOUT,ALM,3,241,240,SEC,!WP1002!WP1011!WP1001!hist14!CP1020,1
2026-07-16 07:09:26.5,1AB_SCR_SEQ,SCR_HOP_T16,SCR HOPPER SEQ XV5104 TIMER,,PTARG,TIMEOUT,RTN,3,0,240,SEC,!WP1002!WP1011!WP1001!hist14!CP1020,1
2026-07-16 07:09:46.1,1SCRA_IDSAV,SLPDI5416A,A IDMPR SCR SA PSG TO FG DUCT DP,,LOABS,SCR A IN DMPR SEAL DP LOW (SERV),ALM,5,1.98164,2,INH2O,!hist14!CP1016,2
2026-07-16 07:10:00.1,1SCRA_IDSAV,SLPDI5416A,A IDMPR SCR SA PSG TO FG DUCT DP,,LOABS,SCR A IN DMPR SEAL DP LOW (SERV),RTN,5,2.20117,2,INH2O,!hist14!CP1016,2
2026-07-16 07:10:16.1,1SCRA_IDSAV,SLPDI5416A,A IDMPR SCR SA PSG TO FG DUCT DP,,LOABS,SCR A IN DMPR SEAL DP LOW (SERV),ALM,5,1.99043,2,INH2O,!hist14!CP1016,2
2026-07-16 07:10:35.1,1SCRA_IDSAV,SLPDI5416A,A IDMPR SCR SA PSG TO FG DUCT DP,,LOABS,SCR A IN DMPR SEAL DP LOW (SERV),RTN,5,2.23535,2,INH2O,!hist14!CP1016,2
2026-07-16 07:10:39.1,1SCRA_IDSAV,SLPDI5416A,A IDMPR SCR SA PSG TO FG DUCT DP,,LOABS,SCR A IN DMPR SEAL DP LOW (SERV),ALM,5,1.98262,2,INH2O,!hist14!CP1016,2
2026-07-16 07:10:45.6,1SCRA_IDSAV,SLPDI5416A,A IDMPR SCR SA PSG TO FG DUCT DP,,LOABS,SCR A IN DMPR SEAL DP LOW (SERV),RTN,5,2.21289,2,INH2O,!hist14!CP1016,2
2026-07-16 07:10:51.1,1SCRA_IDSAV,SLPDI5416A,A IDMPR SCR SA PSG TO FG DUCT DP,,LOABS,SCR A IN DMPR SEAL DP LOW (SERV),ALM,5,1.99375,2,INH2O,!hist14!CP1016,2
2026-07-16 07:11:10.5,1NW_ESP_SMP,NWAI6702B,PRECIP SUMP PMP B DSCH PH,,IOBAD,BAD CHANNEL,ALM,3,,,,!WP1002!WP1011!WP1001!hist14!CP1020,1
2026-07-16 07:11:11.5,1NW_ESP_SMP,NWAI6702B,PRECIP SUMP PMP B DSCH PH,,IOBAD,BAD CHANNEL,RTN,3,,,,!WP1002!WP1011!WP1001!hist14!CP1020,1
2026-07-16 07:11:12.6,1SCRA_IDSAV,SLPDI5416A,A IDMPR SCR SA PSG TO FG DUCT DP,,LOABS,SCR A IN DMPR SEAL DP LOW (SERV),RTN,5,2.20117,2,INH2O,!hist14!CP1016,2
2026-07-16 07:11:19.5,1NW_ESP_SMP,NWAI6702B,PRECIP SUMP PMP B DSCH PH,,IOBAD,BAD CHANNEL,ALM,3,,,,!WP1002!WP1011!WP1001!hist14!CP1020,1
2026-07-16 07:11:20.5,1NW_ESP_SMP,NWAI6702B,PRECIP SUMP PMP B DSCH PH,,IOBAD,BAD CHANNEL,RTN,3,,,,!WP1002!WP1011!WP1001!hist14!CP1020,1
2026-07-16 07:11:21.5,1NW_ESP_SMP,NWAI6702B,PRECIP SUMP PMP B DSCH PH,,IOBAD,BAD CHANNEL,ALM,3,,,,!WP1002!WP1011!WP1001!hist14!CP1020,1
2026-07-16 07:11:32.6,1MELIM,ZDS5504,WET/DRY INTFC VLV  DM DEV,,LODEV,LOW DEVIATION ALARM,RTN,3,46.6641,42.5,%,!hist14!CP1017,2
2026-07-16 07:12:11.1,1SCRA_IDSAV,SLPDI5416A,A IDMPR SCR SA PSG TO FG DUCT DP,,LOABS,SCR A IN DMPR SEAL DP LOW (SERV),ALM,5,1.99629,2,INH2O,!hist14!CP1016,2
2026-07-16 07:12:20.1,1SCRA_IDSAV,SLPDI5416A,A IDMPR SCR SA PSG TO FG DUCT DP,,LOABS,SCR A IN DMPR SEAL DP LOW (SERV),RTN,5,2.20313,2,INH2O,!hist14!CP1016,2
2026-07-16 07:12:33.6,1MELIM,ZDS5504,WET/DRY INTFC VLV  DM DEV,,HIDEV,HIGH DEVIATION ALARM,ALM,3,98.6563,5,%,!hist14!CP1017,2
2026-07-16 07:13:05.6,1SCRA_IDSAV,SLPDI5416A,A IDMPR SCR SA PSG TO FG DUCT DP,,LOABS,SCR A IN DMPR SEAL DP LOW (SERV),ALM,5,1.99629,2,INH2O,!hist14!CP1016,2
2026-07-16 07:13:09.6,1SCRA_IDSAV,SLPDI5416A,A IDMPR SCR SA PSG TO FG DUCT DP,,LOABS,SCR A IN DMPR SEAL DP LOW (SERV),RTN,5,2.22227,2,INH2O,!hist14!CP1016,2
2026-07-16 07:14:30.5,1AB_SCR_SEQ,SCR_HOP_T17,SCR HOPPER SEQ XV5105 TIMER,,PTARG,TIMEOUT,ALM,3,240.99,240,SEC,!WP1002!WP1011!WP1001!hist14!CP1020,1
2026-07-16 07:14:31.5,1AB_SCR_SEQ,SCR_HOP_T17,SCR HOPPER SEQ XV5105 TIMER,,PTARG,TIMEOUT,RTN,3,0,240,SEC,!WP1002!WP1011!WP1001!hist14!CP1020,1
2026-07-16 07:16:06.6,1SCRA_IDSAV,SLPDI5416A,A IDMPR SCR SA PSG TO FG DUCT DP,,LOABS,SCR A IN DMPR SEAL DP LOW (SERV),ALM,5,1.96992,2,INH2O,!hist14!CP1016,2
2026-07-16 07:16:10.1,1SCRA_IDSAV,SLPDI5416A,A IDMPR SCR SA PSG TO FG DUCT DP,,LOABS,SCR A IN DMPR SEAL DP LOW (SERV),RTN,5,2.24531,2,INH2O,!hist14!CP1016,2
2026-07-16 07:18:17.7,1DAS11,IVVH0031,BFP A INB BRG  X  VIB,1725,HIABS,HIGH,ALM,1,2.02179,2,MILS,!WP1002!WP1006!WP1007!WP1001!WP1003!WP1014!hist14!CP1008,1
2026-07-16 07:18:19.7,1DAS11,IVVH0031,BFP A INB BRG  X  VIB,1725,HIABS,HIGH,RTN,1,1.66321,2,MILS,!WP1002!WP1006!WP1007!WP1001!WP1003!WP1014!hist14!CP1008,1
2026-07-16 07:18:34.1,1SCRA_IDSAV,SLPDI5416A,A IDMPR SCR SA PSG TO FG DUCT DP,,LOABS,SCR A IN DMPR SEAL DP LOW (SERV),ALM,5,1.99473,2,INH2O,!hist14!CP1016,2
2026-07-16 07:18:41.1,1SCRA_IDSAV,SLPDI5416A,A IDMPR SCR SA PSG TO FG DUCT DP,,LOABS,SCR A IN DMPR SEAL DP LOW (SERV),RTN,5,2.20254,2,INH2O,!hist14!CP1016,2
2026-07-16 07:18:43.2,1ULD,B3_ALM,BLOCK LOAD INC/DEC ALM,,STATE,BLOCK LOAD INCREASE/DECREASE,ALM,3,,,,!WP1001!WP1002!WP1003!WP1006!WP1007!WP1014!hist14!CP1001,1
2026-07-16 07:18:48.6,1SCRA_IDSAV,SLPDI5416A,A IDMPR SCR SA PSG TO FG DUCT DP,,LOABS,SCR A IN DMPR SEAL DP LOW (SERV),ALM,5,1.96504,2,INH2O,!hist14!CP1016,2
2026-07-16 07:18:49.7,1ULD,B3_ALM,BLOCK LOAD INC/DEC ALM,,STATE,LOAD BLOCK NOT IN SERVICE,RTN,3,,,,!WP1001!WP1002!WP1003!WP1006!WP1007!WP1014!hist14!CP1001,1
2026-07-16 07:19:03.1,1SCRA_IDSAV,SLPDI5416A,A IDMPR SCR SA PSG TO FG DUCT DP,,LOABS,SCR A IN DMPR SEAL DP LOW (SERV),RTN,5,2.21797,2,INH2O,!hist14!CP1016,2
2026-07-16 07:19:35.5,1AB_SCR_SEQ,SCR_HOP_T18,SCR HOPPER SEQ XV5106 TIMER,,PTARG,TIMEOUT,ALM,3,240.99,240,SEC,!WP1002!WP1011!WP1001!hist14!CP1020,1
2026-07-16 07:19:36.5,1AB_SCR_SEQ,SCR_HOP_T18,SCR HOPPER SEQ XV5106 TIMER,,PTARG,TIMEOUT,RTN,3,0,240,SEC,!WP1002!WP1011!WP1001!hist14!CP1020,1
2026-07-16 07:19:58.1,1SCRA_IDSAV,SLPDI5416A,A IDMPR SCR SA PSG TO FG DUCT DP,,LOABS,SCR A IN DMPR SEAL DP LOW (SERV),ALM,5,1.99668,2,INH2O,!hist14!CP1016,2
2026-07-16 07:20:01.1,1SCRA_IDSAV,SLPDI5416A,A IDMPR SCR SA PSG TO FG DUCT DP,,LOABS,SCR A IN DMPR SEAL DP LOW (SERV),RTN,5,2.20273,2,INH2O,!hist14!CP1016,2
2026-07-16 07:20:19.6,1SCRA_IDSAV,SLPDI5416A,A IDMPR SCR SA PSG TO FG DUCT DP,,LOABS,SCR A IN DMPR SEAL DP LOW (SERV),ALM,5,1.99297,2,INH2O,!hist14!CP1016,2
2026-07-16 07:20:41.6,1SCRA_IDSAV,SLPDI5416A,A IDMPR SCR SA PSG TO FG DUCT DP,,LOABS,SCR A IN DMPR SEAL DP LOW (SERV),RTN,5,2.20371,2,INH2O,!hist14!CP1016,2
2026-07-16 07:20:51.1,1SCRA_IDSAV,SLPDI5416A,A IDMPR SCR SA PSG TO FG DUCT DP,,LOABS,SCR A IN DMPR SEAL DP LOW (SERV),ALM,5,1.9998,2,INH2O,!hist14!CP1016,2
2026-07-16 07:20:59.6,1SCRA_IDSAV,SLPDI5416A,A IDMPR SCR SA PSG TO FG DUCT DP,,LOABS,SCR A IN DMPR SEAL DP LOW (SERV),RTN,5,2.22168,2,INH2O,!hist14!CP1016,2
2026-07-16 07:21:16.1,1SCRA_IDSAV,SLPDI5416A,A IDMPR SCR SA PSG TO FG DUCT DP,,LOABS,SCR A IN DMPR SEAL DP LOW (SERV),ALM,5,1.96133,2,INH2O,!hist14!CP1016,2
2026-07-16 07:21:50.1,1SCRA_IDSAV,SLPDI5416A,A IDMPR SCR SA PSG TO FG DUCT DP,,LOABS,SCR A IN DMPR SEAL DP LOW (SERV),RTN,5,2.20645,2,INH2O,!hist14!CP1016,2
2026-07-16 07:22:03.6,1SCRA_IDSAV,SLPDI5416A,A IDMPR SCR SA PSG TO FG DUCT DP,,LOABS,SCR A IN DMPR SEAL DP LOW (SERV),ALM,5,1.9793,2,INH2O,!hist14!CP1016,2
2026-07-16 07:22:48.1,1SCRA_IDSAV,SLPDI5416A,A IDMPR SCR SA PSG TO FG DUCT DP,,LOABS,SCR A IN DMPR SEAL DP LOW (SERV),RTN,5,2.20586,2,INH2O,!hist14!CP1016,2
2026-07-16 07:24:15.1,1SCRA_IDSAV,SLPDI5416A,A IDMPR SCR SA PSG TO FG DUCT DP,,LOABS,SCR A IN DMPR SEAL DP LOW (SERV),ALM,5,1.9998,2,INH2O,!hist14!CP1016,2
2026-07-16 07:24:23.6,1SCRA_IDSAV,SLPDI5416A,A IDMPR SCR SA PSG TO FG DUCT DP,,LOABS,SCR A IN DMPR SEAL DP LOW (SERV),RTN,5,2.22012,2,INH2O,!hist14!CP1016,2
2026-07-16 07:24:40.5,1AB_SCR_SEQ,SCR_HOP_T19,SCR HOPPER SEQ XV5107 TIMER,,PTARG,TIMEOUT,ALM,3,241,240,SEC,!WP1002!WP1011!WP1001!hist14!CP1020,1
2026-07-16 07:24:41.5,1AB_SCR_SEQ,SCR_HOP_T19,SCR HOPPER SEQ XV5107 TIMER,,PTARG,TIMEOUT,RTN,3,0,240,SEC,!WP1002!WP1011!WP1001!hist14!CP1020,1
2026-07-16 07:25:01.1,1SCRA_IDSAV,SLPDI5416A,A IDMPR SCR SA PSG TO FG DUCT DP,,LOABS,SCR A IN DMPR SEAL DP LOW (SERV),ALM,5,1.98379,2,INH2O,!hist14!CP1016,2
2026-07-16 07:25:08.6,1MELIM,ZDS5504,WET/DRY INTFC VLV  DM DEV,,HIDEV,HIGH DEVIATION ALARM,RTN,3,53.9512,57.5,%,!hist14!CP1017,2
2026-07-16 07:25:15.1,1SCRA_IDSAV,SLPDI5416A,A IDMPR SCR SA PSG TO FG DUCT DP,,LOABS,SCR A IN DMPR SEAL DP LOW (SERV),RTN,5,2.23105,2,INH2O,!hist14!CP1016,2
2026-07-16 07:25:59.1,1SCRA_IDSAV,SLPDI5416A,A IDMPR SCR SA PSG TO FG DUCT DP,,LOABS,SCR A IN DMPR SEAL DP LOW (SERV),ALM,5,1.95391,2,INH2O,!hist14!CP1016,2
2026-07-16 07:26:39.6,1MELIM,ZDS5504,WET/DRY INTFC VLV  DM DEV,,HIDEV,HIGH DEVIATION ALARM,ALM,3,98.7344,5,%,!hist14!CP1017,2
2026-07-16 07:26:41.6,1SCRA_IDSAV,SLPDI5416A,A IDMPR SCR SA PSG TO FG DUCT DP,,LOABS,SCR A IN DMPR SEAL DP LOW (SERV),RTN,5,2.21035,2,INH2O,!hist14!CP1016,2
2026-07-16 07:26:48.1,1SCRA_IDSAV,SLPDI5416A,A IDMPR SCR SA PSG TO FG DUCT DP,,LOABS,SCR A IN DMPR SEAL DP LOW (SERV),ALM,5,1.98613,2,INH2O,!hist14!CP1016,2
2026-07-16 07:26:58.6,1SCRA_IDSAV,SLPDI5416A,A IDMPR SCR SA PSG TO FG DUCT DP,,LOABS,SCR A IN DMPR SEAL DP LOW (SERV),RTN,5,2.20586,2,INH2O,!hist14!CP1016,2
2026-07-16 07:27:18.6,1SCRA_IDSAV,SLPDI5416A,A IDMPR SCR SA PSG TO FG DUCT DP,,LOABS,SCR A IN DMPR SEAL DP LOW (SERV),ALM,5,1.99434,2,INH2O,!hist14!CP1016,2
2026-07-16 07:27:31.6,1SCRA_IDSAV,SLPDI5416A,A IDMPR SCR SA PSG TO FG DUCT DP,,LOABS,SCR A IN DMPR SEAL DP LOW (SERV),RTN,5,2.21816,2,INH2O,!hist14!CP1016,2
2026-07-16 07:27:47.6,1SCRA_IDSAV,SLPDI5416A,A IDMPR SCR SA PSG TO FG DUCT DP,,LOABS,SCR A IN DMPR SEAL DP LOW (SERV),ALM,5,1.98945,2,INH2O,!hist14!CP1016,2
2026-07-16 07:28:09.1,1SCRA_IDSAV,SLPDI5416A,A IDMPR SCR SA PSG TO FG DUCT DP,,LOABS,SCR A IN DMPR SEAL DP LOW (SERV),RTN,5,2.21934,2,INH2O,!hist14!CP1016,2
2026-07-16 07:28:24.1,1SCRA_IDSAV,SLPDI5416A,A IDMPR SCR SA PSG TO FG DUCT DP,,LOABS,SCR A IN DMPR SEAL DP LOW (SERV),ALM,5,1.99707,2,INH2O,!hist14!CP1016,2
2026-07-16 07:28:45.1,1SCRA_IDSAV,SLPDI5416A,A IDMPR SCR SA PSG TO FG DUCT DP,,LOABS,SCR A IN DMPR SEAL DP LOW (SERV),RTN,5,2.21367,2,INH2O,!hist14!CP1016,2
2026-07-16 07:28:54.6,1SCRA_IDSAV,SLPDI5416A,A IDMPR SCR SA PSG TO FG DUCT DP,,LOABS,SCR A IN DMPR SEAL DP LOW (SERV),ALM,5,1.9793,2,INH2O,!hist14!CP1016,2
2026-07-16 07:29:11.6,1SCRA_IDSAV,SLPDI5416A,A IDMPR SCR SA PSG TO FG DUCT DP,,LOABS,SCR A IN DMPR SEAL DP LOW (SERV),RTN,5,2.21152,2,INH2O,!hist14!CP1016,2
2026-07-16 07:29:19.1,1SCRA_IDSAV,SLPDI5416A,A IDMPR SCR SA PSG TO FG DUCT DP,,LOABS,SCR A IN DMPR SEAL DP LOW (SERV),ALM,5,1.99824,2,INH2O,!hist14!CP1016,2
2026-07-16 07:29:44.5,1AB_SCR_SEQ,SCR_HOP_T20,SCR HOPPER SEQ XV5108 TIMER,,PTARG,TIMEOUT,ALM,3,240.01,240,SEC,!WP1002!WP1011!WP1001!hist14!CP1020,1
2026-07-16 07:29:45.5,1AB_SCR_SEQ,SCR_HOP_T20,SCR HOPPER SEQ XV5108 TIMER,,PTARG,TIMEOUT,RTN,3,0,240,SEC,!WP1002!WP1011!WP1001!hist14!CP1020,1
2026-07-16 07:31:03.6,1SCRA_IDSAV,SLPDI5416A,A IDMPR SCR SA PSG TO FG DUCT DP,,LOABS,SCR A IN DMPR SEAL DP LOW (SERV),RTN,5,2.21191,2,INH2O,!hist14!CP1016,2
2026-07-16 07:31:14.6,1SCRA_IDSAV,SLPDI5416A,A IDMPR SCR SA PSG TO FG DUCT DP,,LOABS,SCR A IN DMPR SEAL DP LOW (SERV),ALM,5,1.99238,2,INH2O,!hist14!CP1016,2
2026-07-16 07:31:34.6,1SCRA_IDSAV,SLPDI5416A,A IDMPR SCR SA PSG TO FG DUCT DP,,LOABS,SCR A IN DMPR SEAL DP LOW (SERV),RTN,5,2.21328,2,INH2O,!hist14!CP1016,2
2026-07-16 07:31:52.6,1SCRA_IDSAV,SLPDI5416A,A IDMPR SCR SA PSG TO FG DUCT DP,,LOABS,SCR A IN DMPR SEAL DP LOW (SERV),ALM,5,1.99004,2,INH2O,!hist14!CP1016,2
2026-07-16 07:32:09.1,1SCRA_IDSAV,SLPDI5416A,A IDMPR SCR SA PSG TO FG DUCT DP,,LOABS,SCR A IN DMPR SEAL DP LOW (SERV),RTN,5,2.20566,2,INH2O,!hist14!CP1016,2
2026-07-16 07:32:27.6,1SCRA_IDSAV,SLPDI5416A,A IDMPR SCR SA PSG TO FG DUCT DP,,LOABS,SCR A IN DMPR SEAL DP LOW (SERV),ALM,5,1.99648,2,INH2O,!hist14!CP1016,2
2026-07-16 07:33:58.6,1SCRA_IDSAV,SLPDI5416A,A IDMPR SCR SA PSG TO FG DUCT DP,,LOABS,SCR A IN DMPR SEAL DP LOW (SERV),RTN,5,2.20488,2,INH2O,!hist14!CP1016,2
2026-07-16 07:34:08.1,1SCRA_IDSAV,SLPDI5416A,A IDMPR SCR SA PSG TO FG DUCT DP,,LOABS,SCR A IN DMPR SEAL DP LOW (SERV),ALM,5,1.97305,2,INH2O,!hist14!CP1016,2
2026-07-16 07:34:48.5,1AB_SCR_SEQ,SCR_HOP_T21,SCR HOPPER SEQ XV5109 TIMER,,PTARG,TIMEOUT,ALM,3,241.01,240,SEC,!WP1002!WP1011!WP1001!hist14!CP1020,1
2026-07-16 07:34:49.5,1AB_SCR_SEQ,SCR_HOP_T21,SCR HOPPER SEQ XV5109 TIMER,,PTARG,TIMEOUT,RTN,3,0,240,SEC,!WP1002!WP1011!WP1001!hist14!CP1020,1
2026-07-16 07:35:23.6,1SCRA_IDSAV,SLPDI5416A,A IDMPR SCR SA PSG TO FG DUCT DP,,LOABS,SCR A IN DMPR SEAL DP LOW (SERV),RTN,5,2.2084,2,INH2O,!hist14!CP1016,2
2026-07-16 07:35:50.6,1SCRA_IDSAV,SLPDI5416A,A IDMPR SCR SA PSG TO FG DUCT DP,,LOABS,SCR A IN DMPR SEAL DP LOW (SERV),ALM,5,1.99355,2,INH2O,!hist14!CP1016,2
2026-07-16 07:35:55.0,1AB_SURGEA,FCVA153AL,LINE A TO SILO    B,TRANSPORT LIN,STATE,FAIL,ALM,3,,,,!WP1002!WP1011!WP1001!hist14!CP1020,1
2026-07-16 07:35:57.5,1AB_SURGEA,FCVA153AL,LINE A TO SILO    B,TRANSPORT LIN,STATE,OK,RTN,3,,,,!WP1002!WP1011!WP1001!hist14!CP1020,1
2026-07-16 07:37:02.6,1SCRA_IDSAV,SLPDI5416A,A IDMPR SCR SA PSG TO FG DUCT DP,,LOABS,SCR A IN DMPR SEAL DP LOW (SERV),RTN,5,2.21621,2,INH2O,!hist14!CP1016,2
2026-07-16 07:37:08.1,1SCRA_IDSAV,SLPDI5416A,A IDMPR SCR SA PSG TO FG DUCT DP,,LOABS,SCR A IN DMPR SEAL DP LOW (SERV),ALM,5,1.98965,2,INH2O,!hist14!CP1016,2
2026-07-16 07:38:06.1,1SCRA_IDSAV,SLPDI5416A,A IDMPR SCR SA PSG TO FG DUCT DP,,LOABS,SCR A IN DMPR SEAL DP LOW (SERV),RTN,5,2.20508,2,INH2O,!hist14!CP1016,2
2026-07-16 07:38:28.1,1SCRA_IDSAV,SLPDI5416A,A IDMPR SCR SA PSG TO FG DUCT DP,,LOABS,SCR A IN DMPR SEAL DP LOW (SERV),ALM,5,1.99609,2,INH2O,!hist14!CP1016,2
2026-07-16 07:38:56.1,1SCRA_IDSAV,SLPDI5416A,A IDMPR SCR SA PSG TO FG DUCT DP,,LOABS,SCR A IN DMPR SEAL DP LOW (SERV),RTN,5,2.20645,2,INH2O,!hist14!CP1016,2
2026-07-16 07:39:01.1,1SCRA_IDSAV,SLPDI5416A,A IDMPR SCR SA PSG TO FG DUCT DP,,LOABS,SCR A IN DMPR SEAL DP LOW (SERV),ALM,5,1.96719,2,INH2O,!hist14!CP1016,2
2026-07-16 07:39:19.6,1SCRA_IDSAV,SLPDI5416A,A IDMPR SCR SA PSG TO FG DUCT DP,,LOABS,SCR A IN DMPR SEAL DP LOW (SERV),RTN,5,2.20313,2,INH2O,!hist14!CP1016,2
2026-07-16 07:39:31.6,1SCR_B_NH3,NOX_ERR_HIGH,SCR B NOX ERROR   HIGH,,STATE,ALARM,ALM,1,,,,!WP1001!WP1002!WP1003!WP1006!WP1007!WP1014!hist14!CP1016,1
2026-07-16 07:39:53.5,1AB_SCR_SEQ,SCR_HOP_T22,SCR HOPPER SEQ XV5110 TIMER,,PTARG,TIMEOUT,ALM,3,241.01,240,SEC,!WP1002!WP1011!WP1001!hist14!CP1020,1
2026-07-16 07:39:54.5,1AB_SCR_SEQ,SCR_HOP_T22,SCR HOPPER SEQ XV5110 TIMER,,PTARG,TIMEOUT,RTN,3,0,240,SEC,!WP1002!WP1011!WP1001!hist14!CP1020,1
2026-07-16 07:40:08.6,1MELIM,ZDS5504,WET/DRY INTFC VLV  DM DEV,,HIDEV,HIGH DEVIATION ALARM,RTN,3,53.8652,57.5,%,!hist14!CP1017,2
2026-07-16 07:40:16.1,1SCRA_IDSAV,SLPDI5416A,A IDMPR SCR SA PSG TO FG DUCT DP,,LOABS,SCR A IN DMPR SEAL DP LOW (SERV),ALM,5,1.9582,2,INH2O,!hist14!CP1016,2
2026-07-16 07:40:34.7,ASH_DCS,PLC_TRB,ASH PLC TROUBLE ALARM,ASH PLC,STATE,NORMAL,RTN,3,,,,!WP1002!WP1006!WP1007!WP1001!WP1003!WP1014!hist14!CP1006,1
2026-07-16 07:41:11.6,1SCRA_IDSAV,SLPDI5416A,A IDMPR SCR SA PSG TO FG DUCT DP,,LOABS,SCR A IN DMPR SEAL DP LOW (SERV),RTN,5,2.20234,2,INH2O,!hist14!CP1016,2
2026-07-16 07:41:22.1,1SCR_B_NH3,NOX_ERR_HIGH,SCR B NOX ERROR   HIGH,,STATE,NORMAL,RTN,1,,,,!WP1001!WP1002!WP1003!WP1006!WP1007!WP1014!hist14!CP1016,1
2026-07-16 07:41:39.6,1MELIM,ZDS5504,WET/DRY INTFC VLV  DM DEV,,HIDEV,HIGH DEVIATION ALARM,ALM,3,99.1172,5,%,!hist14!CP1017,2
2026-07-16 07:41:42.1,1SCRA_IDSAV,SLPDI5416A,A IDMPR SCR SA PSG TO FG DUCT DP,,LOABS,SCR A IN DMPR SEAL DP LOW (SERV),ALM,5,1.99473,2,INH2O,!hist14!CP1016,2
2026-07-16 07:41:53.1,1SCRA_IDSAV,SLPDI5416A,A IDMPR SCR SA PSG TO FG DUCT DP,,LOABS,SCR A IN DMPR SEAL DP LOW (SERV),RTN,5,2.20625,2,INH2O,!hist14!CP1016,2
2026-07-16 07:42:16.6,1SCRA_IDSAV,SLPDI5416A,A IDMPR SCR SA PSG TO FG DUCT DP,,LOABS,SCR A IN DMPR SEAL DP LOW (SERV),ALM,5,1.98418,2,INH2O,!hist14!CP1016,2
2026-07-16 07:42:29.7,ASH_DCS,PLC_TRB,ASH PLC TROUBLE ALARM,ASH PLC,STATE,TROUBLE ALARM,ALM,3,,,,!WP1002!WP1006!WP1007!WP1001!WP1003!WP1014!hist14!CP1006,1
2026-07-16 07:42:30.6,1SCRA_IDSAV,SLPDI5416A,A IDMPR SCR SA PSG TO FG DUCT DP,,LOABS,SCR A IN DMPR SEAL DP LOW (SERV),RTN,5,2.20215,2,INH2O,!hist14!CP1016,2
2026-07-16 07:42:45.6,1SCRA_IDSAV,SLPDI5416A,A IDMPR SCR SA PSG TO FG DUCT DP,,LOABS,SCR A IN DMPR SEAL DP LOW (SERV),ALM,5,1.9877,2,INH2O,!hist14!CP1016,2
2026-07-16 07:42:54.6,1SCRA_IDSAV,SLPDI5416A,A IDMPR SCR SA PSG TO FG DUCT DP,,LOABS,SCR A IN DMPR SEAL DP LOW (SERV),RTN,5,2.20723,2,INH2O,!hist14!CP1016,2
2026-07-16 07:43:12.6,1SCRA_IDSAV,SLPDI5416A,A IDMPR SCR SA PSG TO FG DUCT DP,,LOABS,SCR A IN DMPR SEAL DP LOW (SERV),ALM,5,1.99473,2,INH2O,!hist14!CP1016,2
2026-07-16 07:43:53.6,1SCRA_IDSAV,SLPDI5416A,A IDMPR SCR SA PSG TO FG DUCT DP,,LOABS,SCR A IN DMPR SEAL DP LOW (SERV),RTN,5,2.20508,2,INH2O,!hist14!CP1016,2
2026-07-16 07:44:04.6,1SCRA_IDSAV,SLPDI5416A,A IDMPR SCR SA PSG TO FG DUCT DP,,LOABS,SCR A IN DMPR SEAL DP LOW (SERV),ALM,5,1.99375,2,INH2O,!hist14!CP1016,2
2026-07-16 07:44:58.5,1AB_SCR_SEQ,SCR_HOP_T23,SCR HOPPER SEQ XV5111 TIMER,,PTARG,TIMEOUT,ALM,3,241.01,240,SEC,!WP1002!WP1011!WP1001!hist14!CP1020,1
2026-07-16 07:44:59.5,1AB_SCR_SEQ,SCR_HOP_T23,SCR HOPPER SEQ XV5111 TIMER,,PTARG,TIMEOUT,RTN,3,0,240,SEC,!WP1002!WP1011!WP1001!hist14!CP1020,1
2026-07-16 07:45:43.6,1SCRA_IDSAV,SLPDI5416A,A IDMPR SCR SA PSG TO FG DUCT DP,,LOABS,SCR A IN DMPR SEAL DP LOW (SERV),RTN,5,2.20488,2,INH2O,!hist14!CP1016,2
2026-07-16 07:45:47.1,1SCRA_IDSAV,SLPDI5416A,A IDMPR SCR SA PSG TO FG DUCT DP,,LOABS,SCR A IN DMPR SEAL DP LOW (SERV),ALM,5,1.9916,2,INH2O,!hist14!CP1016,2
2026-07-16 07:46:03.1,1SCRA_IDSAV,SLPDI5416A,A IDMPR SCR SA PSG TO FG DUCT DP,,LOABS,SCR A IN DMPR SEAL DP LOW (SERV),RTN,5,2.22461,2,INH2O,!hist14!CP1016,2
2026-07-16 07:46:08.6,1SCRA_IDSAV,SLPDI5416A,A IDMPR SCR SA PSG TO FG DUCT DP,,LOABS,SCR A IN DMPR SEAL DP LOW (SERV),ALM,5,1.99121,2,INH2O,!hist14!CP1016,2
2026-07-16 07:46:57.1,1MELIM,ZDS5504,WET/DRY INTFC VLV  DM DEV,,HIDEV,HIGH DEVIATION ALARM,RTN,3,53.8418,57.5,%,!hist14!CP1017,2
2026-07-16 07:47:58.1,1MELIM,ZDS5504,WET/DRY INTFC VLV  DM DEV,,LODEV,LOW DEVIATION ALARM,ALM,3,-1.23438,95,%,!hist14!CP1017,2
2026-07-16 07:48:03.1,1SCRA_IDSAV,SLPDI5416A,A IDMPR SCR SA PSG TO FG DUCT DP,,LOABS,SCR A IN DMPR SEAL DP LOW (SERV),RTN,5,2.21152,2,INH2O,!hist14!CP1016,2
2026-07-16 07:48:17.1,1SCRA_IDSAV,SLPDI5416A,A IDMPR SCR SA PSG TO FG DUCT DP,,LOABS,SCR A IN DMPR SEAL DP LOW (SERV),ALM,5,1.9793,2,INH2O,!hist14!CP1016,2
2026-07-16 07:48:30.6,1SCRA_IDSAV,SLPDI5416A,A IDMPR SCR SA PSG TO FG DUCT DP,,LOABS,SCR A IN DMPR SEAL DP LOW (SERV),RTN,5,2.20234,2,INH2O,!hist14!CP1016,2
2026-07-16 07:48:36.1,1SCRA_IDSAV,SLPDI5416A,A IDMPR SCR SA PSG TO FG DUCT DP,,LOABS,SCR A IN DMPR SEAL DP LOW (SERV),ALM,5,1.98711,2,INH2O,!hist14!CP1016,2
2026-07-16 07:48:59.6,1SCRA_IDSAV,SLPDI5416A,A IDMPR SCR SA PSG TO FG DUCT DP,,LOABS,SCR A IN DMPR SEAL DP LOW (SERV),RTN,5,2.20859,2,INH2O,!hist14!CP1016,2
2026-07-16 07:49:11.6,1SCRA_IDSAV,SLPDI5416A,A IDMPR SCR SA PSG TO FG DUCT DP,,LOABS,SCR A IN DMPR SEAL DP LOW (SERV),ALM,5,1.99004,2,INH2O,!hist14!CP1016,2
2026-07-16 07:49:24.1,1SCRA_IDSAV,SLPDI5416A,A IDMPR SCR SA PSG TO FG DUCT DP,,LOABS,SCR A IN DMPR SEAL DP LOW (SERV),RTN,5,2.20234,2,INH2O,!hist14!CP1016,2
2026-07-16 07:49:30.6,1SCRA_IDSAV,SLPDI5416A,A IDMPR SCR SA PSG TO FG DUCT DP,,LOABS,SCR A IN DMPR SEAL DP LOW (SERV),ALM,5,1.96777,2,INH2O,!hist14!CP1016,2
2026-07-16 07:49:41.6,1SCRA_IDSAV,SLPDI5416A,A IDMPR SCR SA PSG TO FG DUCT DP,,LOABS,SCR A IN DMPR SEAL DP LOW (SERV),RTN,5,2.21621,2,INH2O,!hist14!CP1016,2
2026-07-16 07:49:52.6,1SCRA_IDSAV,SLPDI5416A,A IDMPR SCR SA PSG TO FG DUCT DP,,LOABS,SCR A IN DMPR SEAL DP LOW (SERV),ALM,5,1.99102,2,INH2O,!hist14!CP1016,2
2026-07-16 07:49:58.1,1SCRA_IDSAV,SLPDI5416A,A IDMPR SCR SA PSG TO FG DUCT DP,,LOABS,SCR A IN DMPR SEAL DP LOW (SERV),RTN,5,2.20137,2,INH2O,!hist14!CP1016,2
2026-07-16 07:50:02.5,1AB_SCR_SEQ,SCR_HOP_T24,SCR HOPPER SEQ XV5112 TIMER,,PTARG,TIMEOUT,ALM,3,241.01,240,SEC,!WP1002!WP1011!WP1001!hist14!CP1020,1
2026-07-16 07:50:03.5,1AB_SCR_SEQ,SCR_HOP_T24,SCR HOPPER SEQ XV5112 TIMER,,PTARG,TIMEOUT,RTN,3,0,240,SEC,!WP1002!WP1011!WP1001!hist14!CP1020,1
2026-07-16 07:50:17.6,1SCRA_IDSAV,SLPDI5416A,A IDMPR SCR SA PSG TO FG DUCT DP,,LOABS,SCR A IN DMPR SEAL DP LOW (SERV),ALM,5,1.98125,2,INH2O,!hist14!CP1016,2
2026-07-16 07:50:37.1,1SCRA_IDSAV,SLPDI5416A,A IDMPR SCR SA PSG TO FG DUCT DP,,LOABS,SCR A IN DMPR SEAL DP LOW (SERV),RTN,5,2.2168,2,INH2O,!hist14!CP1016,2
2026-07-16 07:50:38.1,1WB_DEV,SOFA_ANY_DEV,SOFA ANY DEVIATION,,STATE,NORMAL,RTN,5,,,INH2O,,0
2026-07-16 07:51:02.6,1SCRA_IDSAV,SLPDI5416A,A IDMPR SCR SA PSG TO FG DUCT DP,,LOABS,SCR A IN DMPR SEAL DP LOW (SERV),ALM,5,1.98965,2,INH2O,!hist14!CP1016,2
2026-07-16 07:51:43.1,1WB_DEV,SOFA_ANY_DEV,SOFA ANY DEVIATION,,STATE,DEVIATION,ALM,5,,,INH2O,,0
2026-07-16 07:51:50.6,1SCRA_IDSAV,SLPDI5416A,A IDMPR SCR SA PSG TO FG DUCT DP,,LOABS,SCR A IN DMPR SEAL DP LOW (SERV),RTN,5,2.20273,2,INH2O,!hist14!CP1016,2
2026-07-16 07:51:56.6,1SCRA_IDSAV,SLPDI5416A,A IDMPR SCR SA PSG TO FG DUCT DP,,LOABS,SCR A IN DMPR SEAL DP LOW (SERV),ALM,5,1.99727,2,INH2O,!hist14!CP1016,2
2026-07-16 07:52:09.6,1SCRA_IDSAV,SLPDI5416A,A IDMPR SCR SA PSG TO FG DUCT DP,,LOABS,SCR A IN DMPR SEAL DP LOW (SERV),RTN,5,2.22461,2,INH2O,!hist14!CP1016,2
2026-07-16 07:52:27.6,1SCRA_IDSAV,SLPDI5416A,A IDMPR SCR SA PSG TO FG DUCT DP,,LOABS,SCR A IN DMPR SEAL DP LOW (SERV),ALM,5,1.9998,2,INH2O,!hist14!CP1016,2
2026-07-16 07:53:40.1,1SCRA_IDSAV,SLPDI5416A,A IDMPR SCR SA PSG TO FG DUCT DP,,LOABS,SCR A IN DMPR SEAL DP LOW (SERV),RTN,5,2.20859,2,INH2O,!hist14!CP1016,2
2026-07-16 07:53:54.1,1SCRA_IDSAV,SLPDI5416A,A IDMPR SCR SA PSG TO FG DUCT DP,,LOABS,SCR A IN DMPR SEAL DP LOW (SERV),ALM,5,1.99648,2,INH2O,!hist14!CP1016,2
2026-07-16 07:54:03.6,1SCRA_IDSAV,SLPDI5416A,A IDMPR SCR SA PSG TO FG DUCT DP,,LOABS,SCR A IN DMPR SEAL DP LOW (SERV),RTN,5,2.24512,2,INH2O,!hist14!CP1016,2
2026-07-16 07:54:19.1,1SCRA_IDSAV,SLPDI5416A,A IDMPR SCR SA PSG TO FG DUCT DP,,LOABS,SCR A IN DMPR SEAL DP LOW (SERV),ALM,5,1.98809,2,INH2O,!hist14!CP1016,2
2026-07-16 07:54:43.6,1SCRA_IDSAV,SLPDI5416A,A IDMPR SCR SA PSG TO FG DUCT DP,,LOABS,SCR A IN DMPR SEAL DP LOW (SERV),RTN,5,2.20391,2,INH2O,!hist14!CP1016,2
2026-07-16 07:55:39.6,1SCRA_IDSAV,SLPDI5416A,A IDMPR SCR SA PSG TO FG DUCT DP,,LOABS,SCR A IN DMPR SEAL DP LOW (SERV),ALM,5,1.99805,2,INH2O,!hist14!CP1016,2
2026-07-16 07:56:00.6,1SCRA_IDSAV,SLPDI5416A,A IDMPR SCR SA PSG TO FG DUCT DP,,LOABS,SCR A IN DMPR SEAL DP LOW (SERV),RTN,5,2.20273,2,INH2O,!hist14!CP1016,2
2026-07-16 07:56:13.1,1SCRA_IDSAV,SLPDI5416A,A IDMPR SCR SA PSG TO FG DUCT DP,,LOABS,SCR A IN DMPR SEAL DP LOW (SERV),ALM,5,1.99941,2,INH2O,!hist14!CP1016,2
2026-07-16 07:57:45.6,1SCRA_IDSAV,SLPDI5416A,A IDMPR SCR SA PSG TO FG DUCT DP,,LOABS,SCR A IN DMPR SEAL DP LOW (SERV),RTN,5,2.225,2,INH2O,!hist14!CP1016,2
2026-07-16 07:58:09.6,1SCRA_IDSAV,SLPDI5416A,A IDMPR SCR SA PSG TO FG DUCT DP,,LOABS,SCR A IN DMPR SEAL DP LOW (SERV),ALM,5,1.98359,2,INH2O,!hist14!CP1016,2
2026-07-16 07:58:14.6,1SCRA_IDSAV,SLPDI5416A,A IDMPR SCR SA PSG TO FG DUCT DP,,LOABS,SCR A IN DMPR SEAL DP LOW (SERV),RTN,5,2.20039,2,INH2O,!hist14!CP1016,2
2026-07-16 07:58:35.6,1SCRA_IDSAV,SLPDI5416A,A IDMPR SCR SA PSG TO FG DUCT DP,,LOABS,SCR A IN DMPR SEAL DP LOW (SERV),ALM,5,1.98926,2,INH2O,!hist14!CP1016,2
2026-07-16 07:58:48.1,1SCRA_IDSAV,SLPDI5416A,A IDMPR SCR SA PSG TO FG DUCT DP,,LOABS,SCR A IN DMPR SEAL DP LOW (SERV),RTN,5,2.2416,2,INH2O,!hist14!CP1016,2
2026-07-16 07:58:56.1,1SCRA_IDSAV,SLPDI5416A,A IDMPR SCR SA PSG TO FG DUCT DP,,LOABS,SCR A IN DMPR SEAL DP LOW (SERV),ALM,5,1.97402,2,INH2O,!hist14!CP1016,2
2026-07-16 07:59:06.1,1SCRA_IDSAV,SLPDI5416A,A IDMPR SCR SA PSG TO FG DUCT DP,,LOABS,SCR A IN DMPR SEAL DP LOW (SERV),RTN,5,2.20859,2,INH2O,!hist14!CP1016,2
2026-07-16 07:59:14.1,1AR_LS,DEV_5803,LS SYS B,,STATE,VALVE 5803 DEVIATION,ALM,3,,,,!WP1001!WP1002!WP1003!WP1006!WP1007!WP1014!hist14!CP1017,1
2026-07-16 07:59:33.6,1SCRA_IDSAV,SLPDI5416A,A IDMPR SCR SA PSG TO FG DUCT DP,,LOABS,SCR A IN DMPR SEAL DP LOW (SERV),ALM,5,1.98027,2,INH2O,!hist14!CP1016,2
2026-07-16 07:59:41.1,1SCRA_IDSAV,SLPDI5416A,A IDMPR SCR SA PSG TO FG DUCT DP,,LOABS,SCR A IN DMPR SEAL DP LOW (SERV),RTN,5,2.20215,2,INH2O,!hist14!CP1016,2
2026-07-16 07:59:49.1,1AR_LS,DEV_5803,LS SYS B,,STATE,,RTN,3,,,,!WP1001!WP1002!WP1003!WP1006!WP1007!WP1014!hist14!CP1017,1
2026-07-16 08:00:55.6,1SCRA_IDSAV,SLPDI5416A,A IDMPR SCR SA PSG TO FG DUCT DP,,LOABS,SCR A IN DMPR SEAL DP LOW (SERV),ALM,5,1.99766,2,INH2O,!hist14!CP1016,2
2026-07-16 08:00:59.1,1SCRA_IDSAV,SLPDI5416A,A IDMPR SCR SA PSG TO FG DUCT DP,,LOABS,SCR A IN DMPR SEAL DP LOW (SERV),RTN,5,2.20215,2,INH2O,!hist14!CP1016,2
2026-07-16 08:01:25.1,1SCRA_IDSAV,SLPDI5416A,A IDMPR SCR SA PSG TO FG DUCT DP,,LOABS,SCR A IN DMPR SEAL DP LOW (SERV),ALM,5,1.99668,2,INH2O,!hist14!CP1016,2
2026-07-16 08:03:24.1,1SCRA_IDSAV,SLPDI5416A,A IDMPR SCR SA PSG TO FG DUCT DP,,LOABS,SCR A IN DMPR SEAL DP LOW (SERV),RTN,5,2.21484,2,INH2O,!hist14!CP1016,2
2026-07-16 08:03:42.1,1SCRA_IDSAV,SLPDI5416A,A IDMPR SCR SA PSG TO FG DUCT DP,,LOABS,SCR A IN DMPR SEAL DP LOW (SERV),ALM,5,1.97344,2,INH2O,!hist14!CP1016,2
2026-07-16 08:03:47.6,1SCRA_IDSAV,SLPDI5416A,A IDMPR SCR SA PSG TO FG DUCT DP,,LOABS,SCR A IN DMPR SEAL DP LOW (SERV),RTN,5,2.2791,2,INH2O,!hist14!CP1016,2
2026-07-16 08:05:22.7,1DAS11,IAAH3281,COND PUMP DISCH   SILICA,1233,HIABS,HIGH,ALM,1,10.1914,10,ppb,!WP1002!WP1006!WP1007!WP1001!WP1003!WP1014!hist14!CP1008,1
2026-07-16 08:05:37.6,1SCRA_IDSAV,SLPDI5416A,A IDMPR SCR SA PSG TO FG DUCT DP,,LOABS,SCR A IN DMPR SEAL DP LOW (SERV),ALM,5,1.98223,2,INH2O,!hist14!CP1016,2
2026-07-16 08:05:43.6,1SCRA_IDSAV,SLPDI5416A,A IDMPR SCR SA PSG TO FG DUCT DP,,LOABS,SCR A IN DMPR SEAL DP LOW (SERV),RTN,5,2.20313,2,INH2O,!hist14!CP1016,2
2026-07-16 08:08:03.6,1SCRA_IDSAV,SLPDI5416A,A IDMPR SCR SA PSG TO FG DUCT DP,,LOABS,SCR A IN DMPR SEAL DP LOW (SERV),ALM,5,1.99609,2,INH2O,!hist14!CP1016,2
2026-07-16 08:08:10.6,1SCRA_IDSAV,SLPDI5416A,A IDMPR SCR SA PSG TO FG DUCT DP,,LOABS,SCR A IN DMPR SEAL DP LOW (SERV),RTN,5,2.20996,2,INH2O,!hist14!CP1016,2
2026-07-16 08:08:58.1,1SCRA_IDSAV,SLPDI5416A,A IDMPR SCR SA PSG TO FG DUCT DP,,LOABS,SCR A IN DMPR SEAL DP LOW (SERV),ALM,5,1.99414,2,INH2O,!hist14!CP1016,2
2026-07-16 08:09:26.1,1SCRA_IDSAV,SLPDI5416A,A IDMPR SCR SA PSG TO FG DUCT DP,,LOABS,SCR A IN DMPR SEAL DP LOW (SERV),RTN,5,2.2293,2,INH2O,!hist14!CP1016,2
2026-07-16 08:10:00.1,1SCRA_IDSAV,SLPDI5416A,A IDMPR SCR SA PSG TO FG DUCT DP,,LOABS,SCR A IN DMPR SEAL DP LOW (SERV),ALM,5,1.98965,2,INH2O,!hist14!CP1016,2
2026-07-16 08:10:12.1,1SCRA_IDSAV,SLPDI5416A,A IDMPR SCR SA PSG TO FG DUCT DP,,LOABS,SCR A IN DMPR SEAL DP LOW (SERV),RTN,5,2.20801,2,INH2O,!hist14!CP1016,2
2026-07-16 08:10:45.1,1SBRS,B13,R.H. SOOT BLOWING REG FBK,,HIABS,R.H. SOOTBLOWER FB @ 90%,ALM,5,91.0195,90,PCT,!WP1002!WP1006!WP1007!WP1001!WP1003!WP1014!hist14!CP1009,1
2026-07-16 08:10:59.1,1SCRA_IDSAV,SLPDI5416A,A IDMPR SCR SA PSG TO FG DUCT DP,,LOABS,SCR A IN DMPR SEAL DP LOW (SERV),ALM,5,1.97715,2,INH2O,!hist14!CP1016,2
2026-07-16 08:11:12.1,1SCRA_IDSAV,SLPDI5416A,A IDMPR SCR SA PSG TO FG DUCT DP,,LOABS,SCR A IN DMPR SEAL DP LOW (SERV),RTN,5,2.20859,2,INH2O,!hist14!CP1016,2
2026-07-16 08:12:12.6,1SCRA_IDSAV,SLPDI5416A,A IDMPR SCR SA PSG TO FG DUCT DP,,LOABS,SCR A IN DMPR SEAL DP LOW (SERV),ALM,5,1.97676,2,INH2O,!hist14!CP1016,2
2026-07-16 08:12:20.6,1SCRA_IDSAV,SLPDI5416A,A IDMPR SCR SA PSG TO FG DUCT DP,,LOABS,SCR A IN DMPR SEAL DP LOW (SERV),RTN,5,2.22051,2,INH2O,!hist14!CP1016,2
2026-07-16 08:12:57.1,1SCRA_IDSAV,SLPDI5416A,A IDMPR SCR SA PSG TO FG DUCT DP,,LOABS,SCR A IN DMPR SEAL DP LOW (SERV),ALM,5,1.99629,2,INH2O,!hist14!CP1016,2
2026-07-16 08:13:13.6,1SCRA_IDSAV,SLPDI5416A,A IDMPR SCR SA PSG TO FG DUCT DP,,LOABS,SCR A IN DMPR SEAL DP LOW (SERV),RTN,5,2.20684,2,INH2O,!hist14!CP1016,2
2026-07-16 08:13:33.6,1SCRA_IDSAV,SLPDI5416A,A IDMPR SCR SA PSG TO FG DUCT DP,,LOABS,SCR A IN DMPR SEAL DP LOW (SERV),ALM,5,1.98848,2,INH2O,!hist14!CP1016,2
2026-07-16 08:13:36.6,1SCRA_IDSAV,SLPDI5416A,A IDMPR SCR SA PSG TO FG DUCT DP,,LOABS,SCR A IN DMPR SEAL DP LOW (SERV),RTN,5,2.22324,2,INH2O,!hist14!CP1016,2
2026-07-16 08:14:07.1,1SCRA_IDSAV,SLPDI5416A,A IDMPR SCR SA PSG TO FG DUCT DP,,LOABS,SCR A IN DMPR SEAL DP LOW (SERV),ALM,5,1.98477,2,INH2O,!hist14!CP1016,2
2026-07-16 08:14:15.1,1SCRA_IDSAV,SLPDI5416A,A IDMPR SCR SA PSG TO FG DUCT DP,,LOABS,SCR A IN DMPR SEAL DP LOW (SERV),RTN,5,2.20977,2,INH2O,!hist14!CP1016,2
2026-07-16 08:15:10.6,1SCRA_IDSAV,SLPDI5416A,A IDMPR SCR SA PSG TO FG DUCT DP,,LOABS,SCR A IN DMPR SEAL DP LOW (SERV),ALM,5,1.97891,2,INH2O,!hist14!CP1016,2
2026-07-16 08:15:17.1,1SCRA_IDSAV,SLPDI5416A,A IDMPR SCR SA PSG TO FG DUCT DP,,LOABS,SCR A IN DMPR SEAL DP LOW (SERV),RTN,5,2.2252,2,INH2O,!hist14!CP1016,2
2026-07-16 08:15:17.7,1DAS11,IAAH3281,COND PUMP DISCH   SILICA,1233,HIABS,HIGH,RTN,1,7.66406,10,ppb,!WP1002!WP1006!WP1007!WP1001!WP1003!WP1014!hist14!CP1008,1
2026-07-16 08:16:29.6,1SCRA_IDSAV,SLPDI5416A,A IDMPR SCR SA PSG TO FG DUCT DP,,LOABS,SCR A IN DMPR SEAL DP LOW (SERV),ALM,5,1.98535,2,INH2O,!hist14!CP1016,2
2026-07-16 08:16:43.1,1SCRA_IDSAV,SLPDI5416A,A IDMPR SCR SA PSG TO FG DUCT DP,,LOABS,SCR A IN DMPR SEAL DP LOW (SERV),RTN,5,2.21602,2,INH2O,!hist14!CP1016,2
2026-07-16 08:16:49.6,1SCRA_IDSAV,SLPDI5416A,A IDMPR SCR SA PSG TO FG DUCT DP,,LOABS,SCR A IN DMPR SEAL DP LOW (SERV),ALM,5,1.99121,2,INH2O,!hist14!CP1016,2
2026-07-16 08:16:52.6,1SCRA_IDSAV,SLPDI5416A,A IDMPR SCR SA PSG TO FG DUCT DP,,LOABS,SCR A IN DMPR SEAL DP LOW (SERV),RTN,5,2.20781,2,INH2O,!hist14!CP1016,2
2026-07-16 08:16:56.1,1SBRS,B13,R.H. SOOT BLOWING REG FBK,,HIABS,R.H. SOOTBLOWER FB @ 90%,RTN,5,83.6094,90,PCT,!WP1002!WP1006!WP1007!WP1001!WP1003!WP1014!hist14!CP1009,1
2026-07-16 08:17:46.1,1SCRA_IDSAV,SLPDI5416A,A IDMPR SCR SA PSG TO FG DUCT DP,,LOABS,SCR A IN DMPR SEAL DP LOW (SERV),ALM,5,1.98516,2,INH2O,!hist14!CP1016,2
2026-07-16 08:17:58.6,1SCRA_IDSAV,SLPDI5416A,A IDMPR SCR SA PSG TO FG DUCT DP,,LOABS,SCR A IN DMPR SEAL DP LOW (SERV),RTN,5,2.20293,2,INH2O,!hist14!CP1016,2
2026-07-16 08:18:45.1,1SCRA_IDSAV,SLPDI5416A,A IDMPR SCR SA PSG TO FG DUCT DP,,LOABS,SCR A IN DMPR SEAL DP LOW (SERV),ALM,5,1.99629,2,INH2O,!hist14!CP1016,2
2026-07-16 08:18:49.1,1SCRA_IDSAV,SLPDI5416A,A IDMPR SCR SA PSG TO FG DUCT DP,,LOABS,SCR A IN DMPR SEAL DP LOW (SERV),RTN,5,2.23184,2,INH2O,!hist14!CP1016,2
2026-07-16 08:19:16.6,1SCRA_IDSAV,SLPDI5416A,A IDMPR SCR SA PSG TO FG DUCT DP,,LOABS,SCR A IN DMPR SEAL DP LOW (SERV),ALM,5,1.99551,2,INH2O,!hist14!CP1016,2
2026-07-16 08:19:26.1,1SCRA_IDSAV,SLPDI5416A,A IDMPR SCR SA PSG TO FG DUCT DP,,LOABS,SCR A IN DMPR SEAL DP LOW (SERV),RTN,5,2.20078,2,INH2O,!hist14!CP1016,2
2026-07-16 08:20:30.6,1SCRA_IDSAV,SLPDI5416A,A IDMPR SCR SA PSG TO FG DUCT DP,,LOABS,SCR A IN DMPR SEAL DP LOW (SERV),ALM,5,1.97246,2,INH2O,!hist14!CP1016,2
2026-07-16 08:20:38.1,1SCRA_IDSAV,SLPDI5416A,A IDMPR SCR SA PSG TO FG DUCT DP,,LOABS,SCR A IN DMPR SEAL DP LOW (SERV),RTN,5,2.23184,2,INH2O,!hist14!CP1016,2
2026-07-16 08:20:57.6,1SCRA_IDSAV,SLPDI5416A,A IDMPR SCR SA PSG TO FG DUCT DP,,LOABS,SCR A IN DMPR SEAL DP LOW (SERV),ALM,5,1.99219,2,INH2O,!hist14!CP1016,2
2026-07-16 08:21:03.6,1SCRA_IDSAV,SLPDI5416A,A IDMPR SCR SA PSG TO FG DUCT DP,,LOABS,SCR A IN DMPR SEAL DP LOW (SERV),RTN,5,2.20215,2,INH2O,!hist14!CP1016,2
2026-07-16 08:21:24.6,1SCRA_IDSAV,SLPDI5416A,A IDMPR SCR SA PSG TO FG DUCT DP,,LOABS,SCR A IN DMPR SEAL DP LOW (SERV),ALM,5,1.97676,2,INH2O,!hist14!CP1016,2
2026-07-16 08:21:32.1,1SCRA_IDSAV,SLPDI5416A,A IDMPR SCR SA PSG TO FG DUCT DP,,LOABS,SCR A IN DMPR SEAL DP LOW (SERV),RTN,5,2.2041,2,INH2O,!hist14!CP1016,2
2026-07-16 08:22:04.6,1SCRA_IDSAV,SLPDI5416A,A IDMPR SCR SA PSG TO FG DUCT DP,,LOABS,SCR A IN DMPR SEAL DP LOW (SERV),ALM,5,1.98672,2,INH2O,!hist14!CP1016,2
2026-07-16 08:22:18.6,1SCRA_IDSAV,SLPDI5416A,A IDMPR SCR SA PSG TO FG DUCT DP,,LOABS,SCR A IN DMPR SEAL DP LOW (SERV),RTN,5,2.20938,2,INH2O,!hist14!CP1016,2
2026-07-16 08:23:04.0,1MISC,B10,COOLING TOWER LEVEL CONTROL,,LOOUT,,ALM,5,0,0.001,%,!WP1001!WP1002!WP1003!WP1006!WP1007!WP1014!hist14!CP1002,1
2026-07-16 08:25:02.5,1STM_GSM_ALM,STM_ALM2,MARK VIE STEAM SEAL ALARM,,STA_5,STM SEAL DIV VLV TO CNDR ALM,ALM,3,0,0,,!WP1001!WP1002!WP1003!WP1006!WP1007!WP1014!hist14!CP1011,1
2026-07-16 08:25:12.8,1DAS11,IAAH3281,COND PUMP DISCH   SILICA,1233,HIABS,HIGH,ALM,1,12.4219,10,ppb,!WP1002!WP1006!WP1007!WP1001!WP1003!WP1014!hist14!CP1008,1
2026-07-16 08:25:47.3,1TF,B24,TOTAL FUEL MOCS,,LOOUT,LOW AVG MILL LOAD,ALM,5,49.9795,50,%,!WP1001!WP1002!WP1003!WP1006!WP1007!WP1014!hist14!CP1001,1
2026-07-16 08:26:54.3,1TF,B24,TOTAL FUEL MOCS,,LOOUT,LOW AVG MILL LOAD,RTN,5,50.6348,50,%,!WP1001!WP1002!WP1003!WP1006!WP1007!WP1014!hist14!CP1001,1
2026-07-16 08:27:18.8,1DAS11,IVVH0031,BFP A INB BRG  X  VIB,1725,HIABS,HIGH,ALM,1,2.04659,2,MILS,!WP1002!WP1006!WP1007!WP1001!WP1003!WP1014!hist14!CP1008,1
2026-07-16 08:27:21.8,1DAS11,IVVH0031,BFP A INB BRG  X  VIB,1725,HIABS,HIGH,RTN,1,1.56975,2,MILS,!WP1002!WP1006!WP1007!WP1001!WP1003!WP1014!hist14!CP1008,1
2026-07-16 08:27:40.8,1DAS11,IVVH0031,BFP A INB BRG  X  VIB,1725,HIABS,HIGH,ALM,1,2.8286,2,MILS,!WP1002!WP1006!WP1007!WP1001!WP1003!WP1014!hist14!CP1008,1
2026-07-16 08:27:40.8,1DAS11,IVVH0441,BFP A INB BRG      Y  VIB,1726,HIABS,HIGH,ALM,1,2.08855,2,MILS,!WP1002!WP1006!WP1007!WP1001!WP1003!WP1014!hist14!CP1008,1
2026-07-16 08:27:41.0,1MKVIE_ALM2,B1A,MARK VIE A BFPT GENERAL ALARM,,STATE,ALARM,ALM,1,,,,!WP1001!WP1002!WP1003!WP1006!WP1007!WP1014!hist14!CP1002,1
2026-07-16 08:27:41.0,1MKVIE_ALM2,B2A,MARK VIE B BFPT GENERAL ALARM,,STATE,ALARM,ALM,1,,,,!WP1001!WP1002!WP1003!WP1006!WP1007!WP1014!hist14!CP1002,1
2026-07-16 08:27:42.5,1BFA_GSM_ALM,BFA_ALM1,MARK VIE A BFPT ALARM,,STA_3,DCS SPD INPUTS DIFFER,ALM,5,0,0,,!WP1001!WP1002!WP1003!WP1006!WP1007!WP1014!hist14!CP1011,1
2026-07-16 08:27:42.5,1BFA_GSM_ALM,BFA_ALM12,MARK VIE A BFPT ALARM,,STA_4,BENTLY VIBRATION ALARM,ALM,1,0,0,,!WP1001!WP1002!WP1003!WP1006!WP1007!WP1014!hist14!CP1011,1
2026-07-16 08:27:42.5,1BFB_GSM_ALM,BFB_ALM12,MARK VIE B BFPT ALARM,,STA_4,BENTLY VIBRATION ALARM,ALM,1,0,0,,!WP1001!WP1002!WP1003!WP1006!WP1007!WP1014!hist14!CP1011,1
2026-07-16 08:27:45.0,1BFA_GSM_ALM,BFA_ALM1,MARK VIE A BFPT ALARM,,STA_3,DCS SPD INPUTS DIFF OK,RTN,5,0,0,,!WP1001!WP1002!WP1003!WP1006!WP1007!WP1014!hist14!CP1011,1
2026-07-16 08:27:51.0,1BFA_GSM_ALM,BFA_ALM1,MARK VIE A BFPT ALARM,,STA_3,DCS SPD INPUTS DIFFER,ALM,5,0,0,,!WP1001!WP1002!WP1003!WP1006!WP1007!WP1014!hist14!CP1011,1
2026-07-16 08:27:53.0,1BFA_GSM_ALM,BFA_ALM1,MARK VIE A BFPT ALARM,,STA_3,DCS SPD INPUTS DIFF OK,RTN,5,0,0,,!WP1001!WP1002!WP1003!WP1006!WP1007!WP1014!hist14!CP1011,1
2026-07-16 08:27:56.8,1DAS11,IVVH0441,BFP A INB BRG      Y  VIB,1726,HIABS,HIGH,RTN,1,1.55449,2,MILS,!WP1002!WP1006!WP1007!WP1001!WP1003!WP1014!hist14!CP1008,1
2026-07-16 08:27:57.0,1BFA_GSM_ALM,BFA_ALM1,MARK VIE A BFPT ALARM,,STA_3,DCS SPD INPUTS DIFFER,ALM,5,0,0,,!WP1001!WP1002!WP1003!WP1006!WP1007!WP1014!hist14!CP1011,1
2026-07-16 08:28:00.5,1BFA_GSM_ALM,BFA_ALM12,MARK VIE A BFPT ALARM,,STA_4,BENTLY VIBRATION OK,RTN,1,0,0,,!WP1001!WP1002!WP1003!WP1006!WP1007!WP1014!hist14!CP1011,1
2026-07-16 08:28:00.5,1BFB_GSM_ALM,BFB_ALM12,MARK VIE B BFPT ALARM,,STA_4,BENTLY VIBRATION OK,RTN,1,0,0,,!WP1001!WP1002!WP1003!WP1006!WP1007!WP1014!hist14!CP1011,1
2026-07-16 08:28:04.8,1DAS11,IVVH0031,BFP A INB BRG  X  VIB,1725,HIABS,HIGH,RTN,1,1.51825,2,MILS,!WP1002!WP1006!WP1007!WP1001!WP1003!WP1014!hist14!CP1008,1
2026-07-16 08:28:08.5,1BFA_GSM_ALM,BFA_ALM14,MARK VIE A BFPT ALARM,,STA_7,SPD DEV FROM SETPOINT,ALM,5,0,0,,!WP1001!WP1002!WP1003!WP1006!WP1007!WP1014!hist14!CP1011,1
2026-07-16 08:28:11.0,1BFA_GSM_ALM,BFA_ALM1,MARK VIE A BFPT ALARM,,STA_3,DCS SPD INPUTS DIFF OK,RTN,5,0,0,,!WP1001!WP1002!WP1003!WP1006!WP1007!WP1014!hist14!CP1011,1
2026-07-16 08:28:19.0,1BFA_GSM_ALM,BFA_ALM1,MARK VIE A BFPT ALARM,,STA_3,DCS SPD INPUTS DIFFER,ALM,5,0,0,,!WP1001!WP1002!WP1003!WP1006!WP1007!WP1014!hist14!CP1011,1
2026-07-16 08:28:23.0,1BFA_GSM_ALM,BFA_ALM1,MARK VIE A BFPT ALARM,,STA_3,DCS SPD INPUTS DIFF OK,RTN,5,0,0,,!WP1001!WP1002!WP1003!WP1006!WP1007!WP1014!hist14!CP1011,1
2026-07-16 08:28:37.0,1BFA_GSM_ALM,BFA_ALM1,MARK VIE A BFPT ALARM,,STA_3,DCS SPD INPUTS DIFFER,ALM,5,0,0,,!WP1001!WP1002!WP1003!WP1006!WP1007!WP1014!hist14!CP1011,1
2026-07-16 08:28:39.0,1BFA_GSM_ALM,BFA_ALM1,MARK VIE A BFPT ALARM,,STA_3,DCS SPD INPUTS DIFF OK,RTN,5,0,0,,!WP1001!WP1002!WP1003!WP1006!WP1007!WP1014!hist14!CP1011,1
2026-07-16 08:28:41.0,1MKVIE_ALM2,B1A,MARK VIE A BFPT GENERAL ALARM,,STATE,NORMAL,RTN,1,,,,!WP1001!WP1002!WP1003!WP1006!WP1007!WP1014!hist14!CP1002,1
2026-07-16 08:28:41.0,1MKVIE_ALM2,B2A,MARK VIE B BFPT GENERAL ALARM,,STATE,NORMAL,RTN,1,,,,!WP1001!WP1002!WP1003!WP1006!WP1007!WP1014!hist14!CP1002,1
2026-07-16 08:29:37.4,1MISC,B143,AUX ATM VLV DEV ALM,,STATE,NORMAL,RTN,5,,,,!WP1001!WP1002!WP1003!WP1006!WP1007!WP1014!hist14!CP1002,1
2026-07-16 08:30:17.2,1MELIM,ZDS5504,WET/DRY INTFC VLV  DM DEV,,LODEV,LOW DEVIATION ALARM,RTN,3,46.5313,42.5,%,!hist14!CP1017,2
2026-07-16 08:30:45.0,1BFA_GSM_ALM,BFA_ALM14,MARK VIE A BFPT ALARM,,STA_7,SPD DEV OK,RTN,5,0,0,,!WP1001!WP1002!WP1003!WP1006!WP1007!WP1014!hist14!CP1011,1
2026-07-16 08:31:18.2,1MELIM,ZDS5504,WET/DRY INTFC VLV  DM DEV,,HIDEV,HIGH DEVIATION ALARM,ALM,3,98.6543,5,%,!hist14!CP1017,2
2026-07-16 08:31:36.4,PAC_PLC,ACI_FDR_A_TR,ACI FDR A AC-WIC-5007 TRBLE ALM,,CHANGE,PAC FEEDER A TROUBLE,ALM,1,,,,!WP1001!WP1002!WP1003!WP1006!WP1007!WP1014!hist14!CP1003,1
2026-07-16 08:31:43.1,PAC_PLC,ACI_FDR_A_TR,ACI FDR A AC-WIC-5007 TRBLE ALM,,CHANGE,PAC FEEDER A TROUBLE,ALM,1,,,,!WP1001!WP1002!WP1003!WP1006!WP1007!WP1014!hist14!CP1003,1
2026-07-16 08:31:45.1,PAC_PLC,ACI_FDR_A_TR,ACI FDR A AC-WIC-5007 TRBLE ALM,,CHANGE,PAC FEEDER A TROUBLE,ALM,1,,,,!WP1001!WP1002!WP1003!WP1006!WP1007!WP1014!hist14!CP1003,1
2026-07-16 08:31:48.1,PAC_PLC,ACI_FDR_A_TR,ACI FDR A AC-WIC-5007 TRBLE ALM,,CHANGE,PAC FEEDER A TROUBLE,ALM,1,,,,!WP1001!WP1002!WP1003!WP1006!WP1007!WP1014!hist14!CP1003,1
2026-07-16 08:32:40.3,1ULD,B27A,UNIT OFF AGC,,STATE,AGC UNAVAILABLE,ALM,5,,,,!WP1001!WP1002!WP1003!WP1006!WP1007!WP1014!hist14!CP1001,1
2026-07-16 08:33:28.5,1AB_ECON_SEQ,ECON_HOP_T10,ECON HOPPER SEQ XV5124 TIMER,,PTARG,TIMEOUT,ALM,3,241,240,SEC,!WP1002!WP1011!WP1001!hist14!CP1020,1
2026-07-16 08:33:29.5,1AB_ECON_SEQ,ECON_HOP_T10,ECON HOPPER SEQ XV5124 TIMER,,PTARG,TIMEOUT,RTN,3,0,240,SEC,!WP1002!WP1011!WP1001!hist14!CP1020,1
2026-07-16 08:33:40.0,1PDF,SLPSL0001,PULV LOW SEAL AIR HDR DIFF PRESS,,LOABS,PULV LOW SEAL AIR HDR DIFF PRESS,ALM,1,3.97324,4,INH2O,!WP1001!WP1002!WP1003!WP1006!WP1007!WP1014!hist14!CP1004,1
2026-07-16 08:33:41.0,1PDF,SLPSL0001,PULV LOW SEAL AIR HDR DIFF PRESS,,LOABS,PULV LOW SEAL AIR HDR DIFF PRESS,RTN,1,4.05,4,INH2O,!WP1001!WP1002!WP1003!WP1006!WP1007!WP1014!hist14!CP1004,1
2026-07-16 08:33:42.0,1PDF,SLPSL0001,PULV LOW SEAL AIR HDR DIFF PRESS,,LOABS,PULV LOW SEAL AIR HDR DIFF PRESS,ALM,1,3.91787,4,INH2O,!WP1001!WP1002!WP1003!WP1006!WP1007!WP1014!hist14!CP1004,1
2026-07-16 08:33:43.0,1PDF,SLPSL0001,PULV LOW SEAL AIR HDR DIFF PRESS,,LOABS,PULV LOW SEAL AIR HDR DIFF PRESS,RTN,1,4.03945,4,INH2O,!WP1001!WP1002!WP1003!WP1006!WP1007!WP1014!hist14!CP1004,1
2026-07-16 08:35:07.8,1DAS11,IAAH3281,COND PUMP DISCH   SILICA,1233,HIABS,HIGH,RTN,1,8.625,10,ppb,!WP1002!WP1006!WP1007!WP1001!WP1003!WP1014!hist14!CP1008,1
2026-07-16 08:39:37.4,1MISC,B10,COOLING TOWER LEVEL CONTROL,,LOOUT,,RTN,5,3.01588,0.001,%,!WP1001!WP1002!WP1003!WP1006!WP1007!WP1014!hist14!CP1002,1
2026-07-16 08:40:07.7,1MELIM,ZDS5504,WET/DRY INTFC VLV  DM DEV,,HIDEV,HIGH DEVIATION ALARM,RTN,3,53.8496,57.5,%,!hist14!CP1017,2
2026-07-16 08:41:38.7,1MELIM,ZDS5504,WET/DRY INTFC VLV  DM DEV,,HIDEV,HIGH DEVIATION ALARM,ALM,3,98.7031,5,%,!hist14!CP1017,2
2026-07-16 08:42:48.8,FD_FAN_VIB,A_FAN_VEL_AX,A FD FAN VEL AX,,HIABS,A FD FAN VEL AX HI VIB,ALM,1,3.03,3,MILS,!WP1001!WP1002!WP1003!WP1006!WP1007!WP1014!hist14!CP1005,1
2026-07-16 08:42:52.8,FD_FAN_VIB,A_FAN_VEL_AX,A FD FAN VEL AX,,HIABS,A FD FAN VEL AX HI VIB,RTN,1,2.46625,3,MILS,!WP1001!WP1002!WP1003!WP1006!WP1007!WP1014!hist14!CP1005,1
2026-07-16 08:45:02.8,FD_FAN_VIB,A_FAN_VEL_AX,A FD FAN VEL AX,,HIABS,A FD FAN VEL AX HI VIB,ALM,1,3.00703,3,MILS,!WP1001!WP1002!WP1003!WP1006!WP1007!WP1014!hist14!CP1005,1
2026-07-16 08:45:06.8,FD_FAN_VIB,A_FAN_VEL_AX,A FD FAN VEL AX,,HIABS,A FD FAN VEL AX HI VIB,RTN,1,2.46922,3,MILS,!WP1001!WP1002!WP1003!WP1006!WP1007!WP1014!hist14!CP1005,1
2026-07-16 08:45:46.6,1SBRS,B13,R.H. SOOT BLOWING REG FBK,,HIABS,R.H. SOOTBLOWER FB @ 90%,ALM,5,91.1406,90,PCT,!WP1002!WP1006!WP1007!WP1001!WP1003!WP1014!hist14!CP1009,1
2026-07-16 08:46:58.1,1SCRA_IDSAV,SLPDI5416A,A IDMPR SCR SA PSG TO FG DUCT DP,,LOABS,SCR A IN DMPR SEAL DP LOW (SERV),ALM,5,1.98496,2,INH2O,!hist14!CP1016,2
2026-07-16 08:47:02.1,1SBRS,B13,R.H. SOOT BLOWING REG FBK,,HIABS,R.H. SOOTBLOWER FB @ 90%,RTN,5,89.582,90,PCT,!WP1002!WP1006!WP1007!WP1001!WP1003!WP1014!hist14!CP1009,1
2026-07-16 08:47:04.6,1SCRA_IDSAV,SLPDI5416A,A IDMPR SCR SA PSG TO FG DUCT DP,,LOABS,SCR A IN DMPR SEAL DP LOW (SERV),RTN,5,2.20762,2,INH2O,!hist14!CP1016,2
2026-07-16 08:52:30.1,1SCRA_IDSAV,SLPDI5416A,A IDMPR SCR SA PSG TO FG DUCT DP,,LOABS,SCR A IN DMPR SEAL DP LOW (SERV),ALM,5,1.99531,2,INH2O,!hist14!CP1016,2
2026-07-16 08:52:36.1,1SCRA_IDSAV,SLPDI5416A,A IDMPR SCR SA PSG TO FG DUCT DP,,LOABS,SCR A IN DMPR SEAL DP LOW (SERV),RTN,5,2.20996,2,INH2O,!hist14!CP1016,2
2026-07-16 08:53:49.5,1AB_PYR_SEQ,PYR_TIME,PULL PYRITE ALARM,,PTARG,PULL PYRITE ALARM,ALM,3,8.00026,8,HR,!WP1002!WP1011!WP1001!hist14!CP1020,1
2026-07-16 08:55:07.7,1MELIM,ZDS5504,WET/DRY INTFC VLV  DM DEV,,HIDEV,HIGH DEVIATION ALARM,RTN,3,53.9453,57.5,%,!hist14!CP1017,2
2026-07-16 08:56:09.8,FD_FAN_VIB,A_FAN_VEL_AX,A FD FAN VEL AX,,HIABS,A FD FAN VEL AX HI VIB,ALM,1,3.04141,3,MILS,!WP1001!WP1002!WP1003!WP1006!WP1007!WP1014!hist14!CP1005,1
2026-07-16 08:56:38.7,1MELIM,ZDS5504,WET/DRY INTFC VLV  DM DEV,,HIDEV,HIGH DEVIATION ALARM,ALM,3,98.7832,5,%,!hist14!CP1017,2
2026-07-16 08:59:15.2,1AR_LS,DEV_5803,LS SYS B,,STATE,VALVE 5803 DEVIATION,ALM,3,,,,!WP1001!WP1002!WP1003!WP1006!WP1007!WP1014!hist14!CP1017,1
2026-07-16 08:59:50.2,1AR_LS,DEV_5803,LS SYS B,,STATE,,RTN,3,,,,!WP1001!WP1002!WP1003!WP1006!WP1007!WP1014!hist14!CP1017,1
2026-07-16 09:06:10.7,1MELIM,ZDS5504,WET/DRY INTFC VLV  DM DEV,,HIDEV,HIGH DEVIATION ALARM,RTN,3,53.8594,57.5,%,!hist14!CP1017,2
2026-07-16 09:06:37.4,1MISC,B143,AUX ATM VLV DEV ALM,,STATE,DEVIATION,ALM,5,,,,!WP1001!WP1002!WP1003!WP1006!WP1007!WP1014!hist14!CP1002,1
2026-07-16 09:07:41.7,1MELIM,ZDS5504,WET/DRY INTFC VLV  DM DEV,,HIDEV,HIGH DEVIATION ALARM,ALM,3,98.9375,5,%,!hist14!CP1017,2
2026-07-16 09:11:36.2,1MELIM,ZDS5504,WET/DRY INTFC VLV  DM DEV,,HIDEV,HIGH DEVIATION ALARM,RTN,3,53.873,57.5,%,!hist14!CP1017,2
2026-07-16 09:12:37.2,1MELIM,ZDS5504,WET/DRY INTFC VLV  DM DEV,,LODEV,LOW DEVIATION ALARM,ALM,3,-1.23438,95,%,!hist14!CP1017,2
2026-07-16 09:19:13.1,1SCRA_IDSAV,SLPDI5416A,A IDMPR SCR SA PSG TO FG DUCT DP,,LOABS,SCR A IN DMPR SEAL DP LOW (SERV),ALM,5,1.98066,2,INH2O,!hist14!CP1016,2
2026-07-16 09:19:20.1,1SCRA_IDSAV,SLPDI5416A,A IDMPR SCR SA PSG TO FG DUCT DP,,LOABS,SCR A IN DMPR SEAL DP LOW (SERV),RTN,5,2.20762,2,INH2O,!hist14!CP1016,2
2026-07-16 09:26:55.6,1SCRA_IDSAV,SLPDI5416A,A IDMPR SCR SA PSG TO FG DUCT DP,,LOABS,SCR A IN DMPR SEAL DP LOW (SERV),ALM,5,1.9998,2,INH2O,!hist14!CP1016,2
2026-07-16 09:27:01.1,1SCRA_IDSAV,SLPDI5416A,A IDMPR SCR SA PSG TO FG DUCT DP,,LOABS,SCR A IN DMPR SEAL DP LOW (SERV),RTN,5,2.20703,2,INH2O,!hist14!CP1016,2
2026-07-16 09:36:27.1,1SCRA_IDSAV,SLPDI5416A,A IDMPR SCR SA PSG TO FG DUCT DP,,LOABS,SCR A IN DMPR SEAL DP LOW (SERV),ALM,5,1.9625,2,INH2O,!hist14!CP1016,2
2026-07-16 09:36:55.6,1SCRA_IDSAV,SLPDI5416A,A IDMPR SCR SA PSG TO FG DUCT DP,,LOABS,SCR A IN DMPR SEAL DP LOW (SERV),RTN,5,2.21992,2,INH2O,!hist14!CP1016,2
2026-07-16 09:37:35.6,1SCRA_IDSAV,SLPDI5416A,A IDMPR SCR SA PSG TO FG DUCT DP,,LOABS,SCR A IN DMPR SEAL DP LOW (SERV),ALM,5,1.99531,2,INH2O,!hist14!CP1016,2
2026-07-16 09:37:39.3,1TC,B21,DROOP ACTIVE,DROOP,STATE,ACTIVE,ALM,5,,,,!hist14!CP1001,2
2026-07-16 09:37:56.6,1SCRA_IDSAV,SLPDI5416A,A IDMPR SCR SA PSG TO FG DUCT DP,,LOABS,SCR A IN DMPR SEAL DP LOW (SERV),RTN,5,2.22578,2,INH2O,!hist14!CP1016,2
2026-07-16 09:38:14.1,1SCRA_IDSAV,SLPDI5416A,A IDMPR SCR SA PSG TO FG DUCT DP,,LOABS,SCR A IN DMPR SEAL DP LOW (SERV),ALM,5,1.99316,2,INH2O,!hist14!CP1016,2
2026-07-16 09:38:21.2,1RPF_VIB,ARVI15554F,AR PMP F MTR IBRD SHAFT VIB-DE4,,HHABS,,ALM,1,4.52531,4.5,MILS,!WP1001!WP1002!WP1003!WP1006!WP1007!WP1014!hist14!CP1017,1
2026-07-16 09:38:24.6,1SCRA_IDSAV,SLPDI5416A,A IDMPR SCR SA PSG TO FG DUCT DP,,LOABS,SCR A IN DMPR SEAL DP LOW (SERV),RTN,5,2.21367,2,INH2O,!hist14!CP1016,2
2026-07-16 09:38:39.1,1SCRA_IDSAV,SLPDI5416A,A IDMPR SCR SA PSG TO FG DUCT DP,,LOABS,SCR A IN DMPR SEAL DP LOW (SERV),ALM,5,1.9918,2,INH2O,!hist14!CP1016,2
2026-07-16 09:38:54.6,1SCRA_IDSAV,SLPDI5416A,A IDMPR SCR SA PSG TO FG DUCT DP,,LOABS,SCR A IN DMPR SEAL DP LOW (SERV),RTN,5,2.20137,2,INH2O,!hist14!CP1016,2
2026-07-16 09:39:15.8,1SOECIN,SOEP8881,ELEV CD FURN B    FLAME SCANNER,888,STATE,FLAME SCANNER FAILURE,ALM,5,,,,!WP1001!WP1002!WP1003!WP1006!WP1007!WP1014!hist14!CP1005,1
2026-07-16 09:39:18.3,1TC,B21,DROOP ACTIVE,DROOP,STATE,NORMAL,RTN,5,,,,!hist14!CP1001,2
2026-07-16 09:39:21.6,1SCRA_IDSAV,SLPDI5416A,A IDMPR SCR SA PSG TO FG DUCT DP,,LOABS,SCR A IN DMPR SEAL DP LOW (SERV),ALM,5,1.99395,2,INH2O,!hist14!CP1016,2
2026-07-16 09:41:18.1,1SCRA_IDSAV,SLPDI5416A,A IDMPR SCR SA PSG TO FG DUCT DP,,LOABS,SCR A IN DMPR SEAL DP LOW (SERV),RTN,5,2.20547,2,INH2O,!hist14!CP1016,2
2026-07-16 09:41:23.3,1ULD,B27A,UNIT OFF AGC,,STATE,,RTN,5,,,,!WP1001!WP1002!WP1003!WP1006!WP1007!WP1014!hist14!CP1001,1
2026-07-16 09:41:49.6,1SCRA_IDSAV,SLPDI5416A,A IDMPR SCR SA PSG TO FG DUCT DP,,LOABS,SCR A IN DMPR SEAL DP LOW (SERV),ALM,5,1.99297,2,INH2O,!hist14!CP1016,2
2026-07-16 09:41:54.1,1SCRA_IDSAV,SLPDI5416A,A IDMPR SCR SA PSG TO FG DUCT DP,,LOABS,SCR A IN DMPR SEAL DP LOW (SERV),RTN,5,2.21348,2,INH2O,!hist14!CP1016,2
2026-07-16 09:42:20.1,1SCRA_IDSAV,SLPDI5416A,A IDMPR SCR SA PSG TO FG DUCT DP,,LOABS,SCR A IN DMPR SEAL DP LOW (SERV),ALM,5,1.98535,2,INH2O,!hist14!CP1016,2
2026-07-16 09:42:25.1,1SCRA_IDSAV,SLPDI5416A,A IDMPR SCR SA PSG TO FG DUCT DP,,LOABS,SCR A IN DMPR SEAL DP LOW (SERV),RTN,5,2.20234,2,INH2O,!hist14!CP1016,2
2026-07-16 09:42:59.1,1SCRA_IDSAV,SLPDI5416A,A IDMPR SCR SA PSG TO FG DUCT DP,,LOABS,SCR A IN DMPR SEAL DP LOW (SERV),ALM,5,1.99648,2,INH2O,!hist14!CP1016,2
2026-07-16 09:44:35.6,1BCS_7,IKTE3751,REHEAT TEMP RIGHT (REDUNDANT),,HIABS,HIGH,ALM,1,1012.19,1012.18,DEG.F,!WP1002!WP1006!WP1007!WP1001!WP1003!WP1014!hist14!CP1007,1
2026-07-16 09:44:47.6,1BCS_7,IKTE3741,REHEAT TEMP LEFT (REDUNDANT),,HIABS,HIGH,ALM,1,1012.21,1012.18,DEG.F,!WP1002!WP1006!WP1007!WP1001!WP1003!WP1014!hist14!CP1007,1
2026-07-16 09:44:50.1,1BCS_7,IKTE3451,REHEAT TEMP RIGHT (NORM),,HIABS,HIGH,ALM,1,1012.21,1012.18,DEG.F,!WP1002!WP1006!WP1007!WP1001!WP1003!WP1014!hist14!CP1007,1
2026-07-16 09:44:51.1,1BCS_7,IKTE3441,REHEAT TEMP LEFT (NORM),,HIABS,HIGH,ALM,1,1012.2,1012.18,DEG.F,!WP1002!WP1006!WP1007!WP1001!WP1003!WP1014!hist14!CP1007,1
2026-07-16 09:45:30.3,FD_FAN_VIB,A_FAN_VEL_AX,A FD FAN VEL AX,,HIABS,A FD FAN VEL AX HI VIB,RTN,1,2.43578,3,MILS,!WP1001!WP1002!WP1003!WP1006!WP1007!WP1014!hist14!CP1005,1
2026-07-16 09:45:38.1,1SCRA_IDSAV,SLPDI5416A,A IDMPR SCR SA PSG TO FG DUCT DP,,LOABS,SCR A IN DMPR SEAL DP LOW (SERV),RTN,5,2.22324,2,INH2O,!hist14!CP1016,2
2026-07-16 09:45:53.0,1STM_GSM_ALM,STM_ALM2,MARK VIE STEAM SEAL ALARM,,STA_5,STM SEAL DIV VLV TO CNDR OK,RTN,3,0,0,,!WP1001!WP1002!WP1003!WP1006!WP1007!WP1014!hist14!CP1011,1
2026-07-16 09:45:55.1,1SCRA_IDSAV,SLPDI5416A,A IDMPR SCR SA PSG TO FG DUCT DP,,LOABS,SCR A IN DMPR SEAL DP LOW (SERV),ALM,5,1.9873,2,INH2O,!hist14!CP1016,2
2026-07-16 09:46:02.6,1SCRA_IDSAV,SLPDI5416A,A IDMPR SCR SA PSG TO FG DUCT DP,,LOABS,SCR A IN DMPR SEAL DP LOW (SERV),RTN,5,2.21309,2,INH2O,!hist14!CP1016,2
2026-07-16 09:46:08.1,1SCRA_IDSAV,SLPDI5416A,A IDMPR SCR SA PSG TO FG DUCT DP,,LOABS,SCR A IN DMPR SEAL DP LOW (SERV),ALM,5,1.99473,2,INH2O,!hist14!CP1016,2
2026-07-16 09:46:33.1,1SCRA_IDSAV,SLPDI5416A,A IDMPR SCR SA PSG TO FG DUCT DP,,LOABS,SCR A IN DMPR SEAL DP LOW (SERV),RTN,5,2.23164,2,INH2O,!hist14!CP1016,2
2026-07-16 09:46:37.8,1SOECIN,SOEP8881,ELEV CD FURN B    FLAME SCANNER,888,STATE,,RTN,5,,,,!WP1001!WP1002!WP1003!WP1006!WP1007!WP1014!hist14!CP1005,1
2026-07-16 09:46:43.6,1SCRA_IDSAV,SLPDI5416A,A IDMPR SCR SA PSG TO FG DUCT DP,,LOABS,SCR A IN DMPR SEAL DP LOW (SERV),ALM,5,1.99863,2,INH2O,!hist14!CP1016,2
2026-07-16 09:47:09.6,1SCRA_IDSAV,SLPDI5416A,A IDMPR SCR SA PSG TO FG DUCT DP,,LOABS,SCR A IN DMPR SEAL DP LOW (SERV),RTN,5,2.22734,2,INH2O,!hist14!CP1016,2
2026-07-16 09:47:34.1,1SCRA_IDSAV,SLPDI5416A,A IDMPR SCR SA PSG TO FG DUCT DP,,LOABS,SCR A IN DMPR SEAL DP LOW (SERV),ALM,5,1.98535,2,INH2O,!hist14!CP1016,2
2026-07-16 09:47:44.1,1SCRA_IDSAV,SLPDI5416A,A IDMPR SCR SA PSG TO FG DUCT DP,,LOABS,SCR A IN DMPR SEAL DP LOW (SERV),RTN,5,2.20391,2,INH2O,!hist14!CP1016,2
2026-07-16 09:47:50.1,1SCRA_IDSAV,SLPDI5416A,A IDMPR SCR SA PSG TO FG DUCT DP,,LOABS,SCR A IN DMPR SEAL DP LOW (SERV),ALM,5,1.96367,2,INH2O,!hist14!CP1016,2
2026-07-16 09:48:39.1,1SCRA_IDSAV,SLPDI5416A,A IDMPR SCR SA PSG TO FG DUCT DP,,LOABS,SCR A IN DMPR SEAL DP LOW (SERV),RTN,5,2.20176,2,INH2O,!hist14!CP1016,2
2026-07-16 09:48:42.6,1SCRA_IDSAV,SLPDI5416A,A IDMPR SCR SA PSG TO FG DUCT DP,,LOABS,SCR A IN DMPR SEAL DP LOW (SERV),ALM,5,1.97168,2,INH2O,!hist14!CP1016,2
2026-07-16 09:49:03.6,1BCS_7,IKTE3451,REHEAT TEMP RIGHT (NORM),,HIABS,HIGH,RTN,1,1007.17,1012.18,DEG.F,!WP1002!WP1006!WP1007!WP1001!WP1003!WP1014!hist14!CP1007,1
2026-07-16 09:49:11.1,1BCS_7,IKTE3751,REHEAT TEMP RIGHT (REDUNDANT),,HIABS,HIGH,RTN,1,1007.14,1012.18,DEG.F,!WP1002!WP1006!WP1007!WP1001!WP1003!WP1014!hist14!CP1007,1
2026-07-16 09:51:10.6,1SCRA_IDSAV,SLPDI5416A,A IDMPR SCR SA PSG TO FG DUCT DP,,LOABS,SCR A IN DMPR SEAL DP LOW (SERV),RTN,5,2.21719,2,INH2O,!hist14!CP1016,2
2026-07-16 09:51:14.1,1SCRA_IDSAV,SLPDI5416A,A IDMPR SCR SA PSG TO FG DUCT DP,,LOABS,SCR A IN DMPR SEAL DP LOW (SERV),ALM,5,1.9959,2,INH2O,!hist14!CP1016,2
2026-07-16 09:54:11.7,1MELIM,ZDS5504,WET/DRY INTFC VLV  DM DEV,,LODEV,LOW DEVIATION ALARM,RTN,3,46.4395,42.5,%,!hist14!CP1017,2
2026-07-16 09:54:21.4,1MSBWC,BWCSB011,BWCP B AMPS,,DISABL,ALARM DETECTION DISABLED,,1,,,AMPS,!WP1001!WP1002!WP1003!WP1006!WP1007!WP1014!hist14!CP1003,1
2026-07-16 09:54:54.4,1MSBWC,BWCSB011,BWCP B AMPS,,ENABLE,ALARM DETECTION ENABLED,,1,,,AMPS,!WP1001!WP1002!WP1003!WP1006!WP1007!WP1014!hist14!CP1003,1
2026-07-16 09:55:12.7,1MELIM,ZDS5504,WET/DRY INTFC VLV  DM DEV,,HIDEV,HIGH DEVIATION ALARM,ALM,3,98.4766,5,%,!hist14!CP1017,2
2026-07-16 09:55:13.8,1BWCP_PURGE,OUTLET_TEMP,BWCP PURGE COOLER OUTLET TEMP,,HIABS,,ALM,2,105.001,105,DEGF,!WP1001!WP1002!WP1003!WP1006!WP1007!WP1014!hist14!CP1005,1
2026-07-16 09:57:20.6,1BCS_7,IKTE3751,REHEAT TEMP RIGHT (REDUNDANT),,HIABS,HIGH,ALM,1,1012.19,1012.18,DEG.F,!WP1002!WP1006!WP1007!WP1001!WP1003!WP1014!hist14!CP1007,1
2026-07-16 09:57:38.6,1BCS_7,IKTE3451,REHEAT TEMP RIGHT (NORM),,HIABS,HIGH,ALM,1,1012.23,1012.18,DEG.F,!WP1002!WP1006!WP1007!WP1001!WP1003!WP1014!hist14!CP1007,1
2026-07-16 09:57:53.5,1MKVIE_ALM2,B2A,MARK VIE B BFPT GENERAL ALARM,,STATE,ALARM,ALM,1,,,,!WP1001!WP1002!WP1003!WP1006!WP1007!WP1014!hist14!CP1002,1
2026-07-16 09:57:53.0,1DAS11,IVVH0031,BFP A INB BRG  X  VIB,1725,HIABS,HIGH,ALM,1,2.31743,2,MILS,!WP1002!WP1006!WP1007!WP1001!WP1003!WP1014!hist14!CP1008,1
2026-07-16 09:57:54.0,1MKVIE_ALM2,B1A,MARK VIE A BFPT GENERAL ALARM,,STATE,ALARM,ALM,1,,,,!WP1001!WP1002!WP1003!WP1006!WP1007!WP1014!hist14!CP1002,1
2026-07-16 09:57:55.0,1BFA_GSM_ALM,BFA_ALM12,MARK VIE A BFPT ALARM,,STA_4,BENTLY VIBRATION ALARM,ALM,1,0,0,,!WP1001!WP1002!WP1003!WP1006!WP1007!WP1014!hist14!CP1011,1
2026-07-16 09:57:55.0,1BFB_GSM_ALM,BFB_ALM12,MARK VIE B BFPT ALARM,,STA_4,BENTLY VIBRATION ALARM,ALM,1,0,0,,!WP1001!WP1002!WP1003!WP1006!WP1007!WP1014!hist14!CP1011,1
2026-07-16 09:58:03.0,1DAS11,IVVH0021,BFP A OUTB BRG     Y  VIB,1724,HIABS,HIGH,ALM,1,2.09618,2,MILS,!WP1002!WP1006!WP1007!WP1001!WP1003!WP1014!hist14!CP1008,1
2026-07-16 09:58:04.0,1DAS11,IVVH0021,BFP A OUTB BRG     Y  VIB,1724,HIABS,HIGH,RTN,1,1.64414,2,MILS,!WP1002!WP1006!WP1007!WP1001!WP1003!WP1014!hist14!CP1008,1
2026-07-16 09:58:06.0,1DAS11,IVVH0441,BFP A INB BRG      Y  VIB,1726,HIABS,HIGH,ALM,1,2.09236,2,MILS,!WP1002!WP1006!WP1007!WP1001!WP1003!WP1014!hist14!CP1008,1
2026-07-16 09:58:12.0,1DAS11,IVVH0011,BFP A OUTB BRG     X  VIB,1723,HIABS,HIGH,ALM,1,2.3365,2,MILS,!WP1002!WP1006!WP1007!WP1001!WP1003!WP1014!hist14!CP1008,1
2026-07-16 09:58:12.0,1DAS11,IVVH0021,BFP A OUTB BRG     Y  VIB,1724,HIABS,HIGH,ALM,1,2.31934,2,MILS,!WP1002!WP1006!WP1007!WP1001!WP1003!WP1014!hist14!CP1008,1
2026-07-16 09:58:14.0,1DAS11,IVVH0011,BFP A OUTB BRG     X  VIB,1723,HIABS,HIGH,RTN,1,1.58501,2,MILS,!WP1002!WP1006!WP1007!WP1001!WP1003!WP1014!hist14!CP1008,1
2026-07-16 09:58:19.0,1DAS11,IVVH0021,BFP A OUTB BRG     Y  VIB,1724,HIABS,HIGH,RTN,1,1.61934,2,MILS,!WP1002!WP1006!WP1007!WP1001!WP1003!WP1014!hist14!CP1008,1
2026-07-16 09:58:21.0,1BFA_GSM_ALM,BFA_ALM12,MARK VIE A BFPT ALARM,,STA_4,BENTLY VIBRATION OK,RTN,1,0,0,,!WP1001!WP1002!WP1003!WP1006!WP1007!WP1014!hist14!CP1011,1
2026-07-16 09:58:21.0,1BFB_GSM_ALM,BFB_ALM12,MARK VIE B BFPT ALARM,,STA_4,BENTLY VIBRATION OK,RTN,1,0,0,,!WP1001!WP1002!WP1003!WP1006!WP1007!WP1014!hist14!CP1011,1
2026-07-16 09:58:21.0,1DAS11,IVVH0031,BFP A INB BRG  X  VIB,1725,HIABS,HIGH,RTN,1,1.22261,2,MILS,!WP1002!WP1006!WP1007!WP1001!WP1003!WP1014!hist14!CP1008,1
2026-07-16 09:58:21.0,1DAS11,IVVH0441,BFP A INB BRG      Y  VIB,1726,HIABS,HIGH,RTN,1,1.08719,2,MILS,!WP1002!WP1006!WP1007!WP1001!WP1003!WP1014!hist14!CP1008,1
2026-07-16 09:58:34.9,1MSPULV,PUMAH011,PULV MILL H AMPS,,HHABS,,ALM,5,202.176,140,AMPS,!WP1001!WP1002!WP1003!WP1006!WP1007!WP1014!hist14!CP1003,1
2026-07-16 09:58:35.4,1MSPULV,PUMAH011,PULV MILL H AMPS,,HHABS,,RTN,5,88.1953,140,AMPS,!WP1001!WP1002!WP1003!WP1006!WP1007!WP1014!hist14!CP1003,1
2026-07-16 09:58:53.5,1MKVIE_ALM2,B2A,MARK VIE B BFPT GENERAL ALARM,,STATE,NORMAL,RTN,1,,,,!WP1001!WP1002!WP1003!WP1006!WP1007!WP1014!hist14!CP1002,1
2026-07-16 09:58:54.0,1MKVIE_ALM2,B1A,MARK VIE A BFPT GENERAL ALARM,,STATE,NORMAL,RTN,1,,,,!WP1001!WP1002!WP1003!WP1006!WP1007!WP1014!hist14!CP1002,1
2026-07-16 09:59:16.2,1AR_LS,DEV_5803,LS SYS B,,STATE,VALVE 5803 DEVIATION,ALM,3,,,,!WP1001!WP1002!WP1003!WP1006!WP1007!WP1014!hist14!CP1017,1
2026-07-16 10:00:10.7,1AR_LS,DEV_5803,LS SYS B,,STATE,,RTN,3,,,,!WP1001!WP1002!WP1003!WP1006!WP1007!WP1014!hist14!CP1017,1
2026-07-16 10:00:27.6,1BCS_7,IKTE3451,REHEAT TEMP RIGHT (NORM),,HIABS,HIGH,RTN,1,1007.13,1012.18,DEG.F,!WP1002!WP1006!WP1007!WP1001!WP1003!WP1014!hist14!CP1007,1
2026-07-16 10:00:36.1,1BCS_7,IKTE3751,REHEAT TEMP RIGHT (REDUNDANT),,HIABS,HIGH,RTN,1,1007.17,1012.18,DEG.F,!WP1002!WP1006!WP1007!WP1001!WP1003!WP1014!hist14!CP1007,1
2026-07-16 10:00:51.6,1SCRA_IDSAV,SLPDI5416A,A IDMPR SCR SA PSG TO FG DUCT DP,,LOABS,SCR A IN DMPR SEAL DP LOW (SERV),RTN,5,2.21113,2,INH2O,!hist14!CP1016,2
2026-07-16 10:00:59.6,1SCRA_IDSAV,SLPDI5416A,A IDMPR SCR SA PSG TO FG DUCT DP,,LOABS,SCR A IN DMPR SEAL DP LOW (SERV),ALM,5,1.98848,2,INH2O,!hist14!CP1016,2
2026-07-16 10:01:35.1,1SCRA_IDSAV,SLPDI5416A,A IDMPR SCR SA PSG TO FG DUCT DP,,LOABS,SCR A IN DMPR SEAL DP LOW (SERV),RTN,5,2.20488,2,INH2O,!hist14!CP1016,2
2026-07-16 10:01:56.6,1SCRA_IDSAV,SLPDI5416A,A IDMPR SCR SA PSG TO FG DUCT DP,,LOABS,SCR A IN DMPR SEAL DP LOW (SERV),ALM,5,1.99727,2,INH2O,!hist14!CP1016,2
2026-07-16 10:02:00.0,IDFAN_PEEC,OPCY_ALM,PRECIP OUT > 50%,PRECIP OUTLET,STATE,ALARM,ALM,3,,,,!WP1001!WP1002!WP1003!WP1006!WP1007!WP1014!hist14!CP1003,1
2026-07-16 10:02:08.0,IDFAN_PEEC,OPCY_ALM,PRECIP OUT > 50%,PRECIP OUTLET,STATE,NORMAL,RTN,3,,,,!WP1001!WP1002!WP1003!WP1006!WP1007!WP1014!hist14!CP1003,1
2026-07-16 10:02:39.6,1BCS_7,IKTE3441,REHEAT TEMP LEFT (NORM),,HIABS,HIGH,RTN,1,1007.17,1012.18,DEG.F,!WP1002!WP1006!WP1007!WP1001!WP1003!WP1014!hist14!CP1007,1
2026-07-16 10:02:43.6,1BCS_7,IKTE3741,REHEAT TEMP LEFT (REDUNDANT),,HIABS,HIGH,RTN,1,1007.17,1012.18,DEG.F,!WP1002!WP1006!WP1007!WP1001!WP1003!WP1014!hist14!CP1007,1
2026-07-16 10:02:53.6,1SCRA_IDSAV,SLPDI5416A,A IDMPR SCR SA PSG TO FG DUCT DP,,LOABS,SCR A IN DMPR SEAL DP LOW (SERV),RTN,5,2.22246,2,INH2O,!hist14!CP1016,2
2026-07-16 10:03:03.6,1SCRA_IDSAV,SLPDI5416A,A IDMPR SCR SA PSG TO FG DUCT DP,,LOABS,SCR A IN DMPR SEAL DP LOW (SERV),ALM,5,1.96113,2,INH2O,!hist14!CP1016,2
2026-07-16 10:03:27.8,1TC,B21,DROOP ACTIVE,DROOP,STATE,ACTIVE,ALM,5,,,,!hist14!CP1001,2
2026-07-16 10:04:00.6,1SCRA_IDSAV,SLPDI5416A,A IDMPR SCR SA PSG TO FG DUCT DP,,LOABS,SCR A IN DMPR SEAL DP LOW (SERV),RTN,5,2.20195,2,INH2O,!hist14!CP1016,2
2026-07-16 10:04:06.6,1SCRA_IDSAV,SLPDI5416A,A IDMPR SCR SA PSG TO FG DUCT DP,,LOABS,SCR A IN DMPR SEAL DP LOW (SERV),ALM,5,1.98379,2,INH2O,!hist14!CP1016,2
2026-07-16 10:04:17.3,1TC,B21,DROOP ACTIVE,DROOP,STATE,NORMAL,RTN,5,,,,!hist14!CP1001,2
2026-07-16 10:04:19.1,1SCRA_IDSAV,SLPDI5416A,A IDMPR SCR SA PSG TO FG DUCT DP,,LOABS,SCR A IN DMPR SEAL DP LOW (SERV),RTN,5,2.20781,2,INH2O,!hist14!CP1016,2
2026-07-16 10:04:22.8,1TC,B21,DROOP ACTIVE,DROOP,STATE,ACTIVE,ALM,5,,,,!hist14!CP1001,2
2026-07-16 10:04:24.8,1TC,B21,DROOP ACTIVE,DROOP,STATE,NORMAL,RTN,5,,,,!hist14!CP1001,2
2026-07-16 10:04:25.3,1TC,B21,DROOP ACTIVE,DROOP,STATE,ACTIVE,ALM,5,,,,!hist14!CP1001,2
2026-07-16 10:04:31.8,1TC,B21,DROOP ACTIVE,DROOP,STATE,NORMAL,RTN,5,,,,!hist14!CP1001,2
2026-07-16 10:04:32.8,1TC,B21,DROOP ACTIVE,DROOP,STATE,ACTIVE,ALM,5,,,,!hist14!CP1001,2
2026-07-16 10:04:34.3,1TC,B21,DROOP ACTIVE,DROOP,STATE,NORMAL,RTN,5,,,,!hist14!CP1001,2
2026-07-16 10:04:34.8,1TC,B21,DROOP ACTIVE,DROOP,STATE,ACTIVE,ALM,5,,,,!hist14!CP1001,2
2026-07-16 10:04:38.1,1SCRA_IDSAV,SLPDI5416A,A IDMPR SCR SA PSG TO FG DUCT DP,,LOABS,SCR A IN DMPR SEAL DP LOW (SERV),ALM,5,1.98438,2,INH2O,!hist14!CP1016,2
2026-07-16 10:04:45.3,1TC,B21,DROOP ACTIVE,DROOP,STATE,NORMAL,RTN,5,,,,!hist14!CP1001,2
2026-07-16 10:04:48.6,1SCRA_IDSAV,SLPDI5416A,A IDMPR SCR SA PSG TO FG DUCT DP,,LOABS,SCR A IN DMPR SEAL DP LOW (SERV),RTN,5,2.21152,2,INH2O,!hist14!CP1016,2
2026-07-16 10:06:05.6,1SCRA_IDSAV,SLPDI5416A,A IDMPR SCR SA PSG TO FG DUCT DP,,LOABS,SCR A IN DMPR SEAL DP LOW (SERV),ALM,5,1.99512,2,INH2O,!hist14!CP1016,2
2026-07-16 10:06:11.7,1MELIM,ZDS5504,WET/DRY INTFC VLV  DM DEV,,HIDEV,HIGH DEVIATION ALARM,RTN,3,53.8008,57.5,%,!hist14!CP1017,2
2026-07-16 10:06:12.6,1SCRA_IDSAV,SLPDI5416A,A IDMPR SCR SA PSG TO FG DUCT DP,,LOABS,SCR A IN DMPR SEAL DP LOW (SERV),RTN,5,2.20977,2,INH2O,!hist14!CP1016,2
2026-07-16 10:06:47.6,1SBRS,B13,R.H. SOOT BLOWING REG FBK,,HIABS,R.H. SOOTBLOWER FB @ 90%,ALM,5,90.2695,90,PCT,!WP1002!WP1006!WP1007!WP1001!WP1003!WP1014!hist14!CP1009,1
2026-07-16 10:07:08.1,1SCRA_IDSAV,SLPDI5416A,A IDMPR SCR SA PSG TO FG DUCT DP,,LOABS,SCR A IN DMPR SEAL DP LOW (SERV),ALM,5,1.99199,2,INH2O,!hist14!CP1016,2
2026-07-16 10:07:21.6,1SCRA_IDSAV,SLPDI5416A,A IDMPR SCR SA PSG TO FG DUCT DP,,LOABS,SCR A IN DMPR SEAL DP LOW (SERV),RTN,5,2.20977,2,INH2O,!hist14!CP1016,2
2026-07-16 10:07:42.7,1MELIM,ZDS5504,WET/DRY INTFC VLV  DM DEV,,HIDEV,HIGH DEVIATION ALARM,ALM,3,98.7422,5,%,!hist14!CP1017,2
2026-07-16 10:08:08.6,1SCRA_IDSAV,SLPDI5416A,A IDMPR SCR SA PSG TO FG DUCT DP,,LOABS,SCR A IN DMPR SEAL DP LOW (SERV),ALM,5,1.99004,2,INH2O,!hist14!CP1016,2
2026-07-16 10:09:41.0,PAC_PLC,ACI_FDR_A_TR,ACI FDR A AC-WIC-5007 TRBLE ALM,,CHANGE,PAC FEEDER A TROUBLE,ALM,1,,,,!WP1001!WP1002!WP1003!WP1006!WP1007!WP1014!hist14!CP1003,1
2026-07-16 10:10:39.1,1SCRA_IDSAV,SLPDI5416A,A IDMPR SCR SA PSG TO FG DUCT DP,,LOABS,SCR A IN DMPR SEAL DP LOW (SERV),RTN,5,2.20313,2,INH2O,!hist14!CP1016,2
2026-07-16 10:10:45.1,1SCRA_IDSAV,SLPDI5416A,A IDMPR SCR SA PSG TO FG DUCT DP,,LOABS,SCR A IN DMPR SEAL DP LOW (SERV),ALM,5,1.99648,2,INH2O,!hist14!CP1016,2
2026-07-16 10:11:25.4,PAC_PLC,ACI_FDR_A_TR,ACI FDR A AC-WIC-5007 TRBLE ALM,,CHANGE,PAC FEEDER A TROUBLE,ALM,1,,,,!WP1001!WP1002!WP1003!WP1006!WP1007!WP1014!hist14!CP1003,1
2026-07-16 10:11:27.4,PAC_PLC,ACI_FDR_A_TR,ACI FDR A AC-WIC-5007 TRBLE ALM,,CHANGE,PAC FEEDER A TROUBLE,ALM,1,,,,!WP1001!WP1002!WP1003!WP1006!WP1007!WP1014!hist14!CP1003,1
2026-07-16 10:11:29.4,PAC_PLC,ACI_FDR_A_TR,ACI FDR A AC-WIC-5007 TRBLE ALM,,CHANGE,PAC FEEDER A TROUBLE,ALM,1,,,,!WP1001!WP1002!WP1003!WP1006!WP1007!WP1014!hist14!CP1003,1
2026-07-16 10:12:45.1,1SCRA_IDSAV,SLPDI5416A,A IDMPR SCR SA PSG TO FG DUCT DP,,LOABS,SCR A IN DMPR SEAL DP LOW (SERV),RTN,5,2.21699,2,INH2O,!hist14!CP1016,2
2026-07-16 10:12:48.6,1SCRA_IDSAV,SLPDI5416A,A IDMPR SCR SA PSG TO FG DUCT DP,,LOABS,SCR A IN DMPR SEAL DP LOW (SERV),ALM,5,1.98301,2,INH2O,!hist14!CP1016,2
2026-07-16 10:12:57.1,1SBRS,B13,R.H. SOOT BLOWING REG FBK,,HIABS,R.H. SOOTBLOWER FB @ 90%,RTN,5,89.8848,90,PCT,!WP1002!WP1006!WP1007!WP1001!WP1003!WP1014!hist14!CP1009,1
2026-07-16 10:16:41.1,1AB_SURGEA,ABPDAH5119A,TRNSPT BLWR A INLTFLT DP HI,,STATE,HIGH,RTN,5,,,,!WP1002!WP1011!WP1001!hist14!CP1020,1
2026-07-16 10:21:08.1,1BCS_7,IKTE3741,REHEAT TEMP LEFT (REDUNDANT),,HIABS,HIGH,ALM,1,1012.2,1012.18,DEG.F,!WP1002!WP1006!WP1007!WP1001!WP1003!WP1014!hist14!CP1007,1
2026-07-16 10:21:11.7,1MELIM,ZDS5504,WET/DRY INTFC VLV  DM DEV,,HIDEV,HIGH DEVIATION ALARM,RTN,3,53.6094,57.5,%,!hist14!CP1017,2
2026-07-16 10:21:14.1,1BCS_7,IKTE3441,REHEAT TEMP LEFT (NORM),,HIABS,HIGH,ALM,1,1012.2,1012.18,DEG.F,!WP1002!WP1006!WP1007!WP1001!WP1003!WP1014!hist14!CP1007,1
2026-07-16 10:21:48.1,1BCS_7,IKTE3751,REHEAT TEMP RIGHT (REDUNDANT),,HIABS,HIGH,ALM,1,1012.23,1012.18,DEG.F,!WP1002!WP1006!WP1007!WP1001!WP1003!WP1014!hist14!CP1007,1
2026-07-16 10:22:02.6,1BCS_7,IKTE3451,REHEAT TEMP RIGHT (NORM),,HIABS,HIGH,ALM,1,1012.2,1012.18,DEG.F,!WP1002!WP1006!WP1007!WP1001!WP1003!WP1014!hist14!CP1007,1
2026-07-16 10:22:35.5,IDFAN_PEEC,OPCY_ALM,PRECIP OUT > 50%,PRECIP OUTLET,STATE,ALARM,ALM,3,,,,!WP1001!WP1002!WP1003!WP1006!WP1007!WP1014!hist14!CP1003,1
2026-07-16 10:22:42.7,1MELIM,ZDS5504,WET/DRY INTFC VLV  DM DEV,,HIDEV,HIGH DEVIATION ALARM,ALM,3,98.8047,5,%,!hist14!CP1017,2
2026-07-16 10:22:43.0,IDFAN_PEEC,OPCY_ALM,PRECIP OUT > 50%,PRECIP OUTLET,STATE,NORMAL,RTN,3,,,,!WP1001!WP1002!WP1003!WP1006!WP1007!WP1014!hist14!CP1003,1
2026-07-16 10:24:22.6,1BCS_7,IKTE3451,REHEAT TEMP RIGHT (NORM),,HIABS,HIGH,RTN,1,1007.08,1012.18,DEG.F,!WP1002!WP1006!WP1007!WP1001!WP1003!WP1014!hist14!CP1007,1
2026-07-16 10:24:30.6,1BCS_7,IKTE3751,REHEAT TEMP RIGHT (REDUNDANT),,HIABS,HIGH,RTN,1,1007.13,1012.18,DEG.F,!WP1002!WP1006!WP1007!WP1001!WP1003!WP1014!hist14!CP1007,1
2026-07-16 10:27:18.6,1SBRS,B13,R.H. SOOT BLOWING REG FBK,,HIABS,R.H. SOOTBLOWER FB @ 90%,ALM,5,92.2441,90,PCT,!WP1002!WP1006!WP1007!WP1001!WP1003!WP1014!hist14!CP1009,1
2026-07-16 10:27:30.5,IDFAN_PEEC,OPCY_ALM,PRECIP OUT > 50%,PRECIP OUTLET,STATE,ALARM,ALM,3,,,,!WP1001!WP1002!WP1003!WP1006!WP1007!WP1014!hist14!CP1003,1
2026-07-16 10:27:32.6,1SBRS,B13,R.H. SOOT BLOWING REG FBK,,HIABS,R.H. SOOTBLOWER FB @ 90%,RTN,5,89.2695,90,PCT,!WP1002!WP1006!WP1007!WP1001!WP1003!WP1014!hist14!CP1009,1
2026-07-16 10:27:34.5,IDFAN_PEEC,OPCY_ALM,PRECIP OUT > 50%,PRECIP OUTLET,STATE,NORMAL,RTN,3,,,,!WP1001!WP1002!WP1003!WP1006!WP1007!WP1014!hist14!CP1003,1
2026-07-16 10:27:37.8,1TF,B24,TOTAL FUEL MOCS,,HIOUT,HIGH AVG MILL LOAD,ALM,5,80.0349,80,%,!WP1001!WP1002!WP1003!WP1006!WP1007!WP1014!hist14!CP1001,1
2026-07-16 10:27:50.5,1MSPULV,PUMAH011,PULV MILL H AMPS,,HHABS,,ALM,5,197.355,140,AMPS,!WP1001!WP1002!WP1003!WP1006!WP1007!WP1014!hist14!CP1003,1
2026-07-16 10:27:51.0,1MSPULV,PUMAH011,PULV MILL H AMPS,,HHABS,,RTN,5,86.8398,140,AMPS,!WP1001!WP1002!WP1003!WP1006!WP1007!WP1014!hist14!CP1003,1
2026-07-16 10:28:05.5,IDFAN_PEEC,OPCY_ALM,PRECIP OUT > 50%,PRECIP OUTLET,STATE,ALARM,ALM,3,,,,!WP1001!WP1002!WP1003!WP1006!WP1007!WP1014!hist14!CP1003,1
2026-07-16 10:28:08.5,IDFAN_PEEC,OPCY_ALM,PRECIP OUT > 50%,PRECIP OUTLET,STATE,NORMAL,RTN,3,,,,!WP1001!WP1002!WP1003!WP1006!WP1007!WP1014!hist14!CP1003,1
2026-07-16 10:28:20.3,1TF,B24,TOTAL FUEL MOCS,,HIOUT,HIGH AVG MILL LOAD,RTN,5,79.9698,80,%,!WP1001!WP1002!WP1003!WP1006!WP1007!WP1014!hist14!CP1001,1
2026-07-16 10:28:21.1,1BCS_7,IKTE3751,REHEAT TEMP RIGHT (REDUNDANT),,HIABS,HIGH,ALM,1,1012.23,1012.18,DEG.F,!WP1002!WP1006!WP1007!WP1001!WP1003!WP1014!hist14!CP1007,1
2026-07-16 10:28:31.1,1BCS_7,IKTE3451,REHEAT TEMP RIGHT (NORM),,HIABS,HIGH,ALM,1,1012.23,1012.18,DEG.F,!WP1002!WP1006!WP1007!WP1001!WP1003!WP1014!hist14!CP1007,1
2026-07-16 10:28:50.8,1AAIR,B16,WINDBOX/FURN DIFF PRESS,,LLABS,WINDBIX/FURN PRESS LOW,RTN,5,2.50969,2,INWC,!WP1001!WP1002!WP1003!WP1006!WP1007!WP1014!hist14!CP1001,1
2026-07-16 10:28:52.7,1MELIM,ZDS5504,WET/DRY INTFC VLV  DM DEV,,HIDEV,HIGH DEVIATION ALARM,RTN,3,53.7422,57.5,%,!hist14!CP1017,2
2026-07-16 10:28:55.5,IDFAN_PEEC,OPCY_ALM,PRECIP OUT > 50%,PRECIP OUTLET,STATE,ALARM,ALM,3,,,,!WP1001!WP1002!WP1003!WP1006!WP1007!WP1014!hist14!CP1003,1
2026-07-16 10:29:23.1,1BCS_7,IKTE3441,REHEAT TEMP LEFT (NORM),,HIABS,HIGH,RTN,1,1007.12,1012.18,DEG.F,!WP1002!WP1006!WP1007!WP1001!WP1003!WP1014!hist14!CP1007,1
2026-07-16 10:29:25.6,1BCS_7,IKTE3741,REHEAT TEMP LEFT (REDUNDANT),,HIABS,HIGH,RTN,1,1007.08,1012.18,DEG.F,!WP1002!WP1006!WP1007!WP1001!WP1003!WP1014!hist14!CP1007,1
2026-07-16 10:30:05.0,IDFAN_PEEC,OPCY_ALM,PRECIP OUT > 50%,PRECIP OUTLET,STATE,NORMAL,RTN,3,,,,!WP1001!WP1002!WP1003!WP1006!WP1007!WP1014!hist14!CP1003,1
2026-07-16 10:30:08.5,IDFAN_PEEC,OPCY_ALM,PRECIP OUT > 50%,PRECIP OUTLET,STATE,ALARM,ALM,3,,,,!WP1001!WP1002!WP1003!WP1006!WP1007!WP1014!hist14!CP1003,1
2026-07-16 10:30:20.0,IDFAN_PEEC,OPCY_ALM,PRECIP OUT > 50%,PRECIP OUTLET,STATE,NORMAL,RTN,3,,,,!WP1001!WP1002!WP1003!WP1006!WP1007!WP1014!hist14!CP1003,1
2026-07-16 10:30:23.7,1MELIM,ZDS5504,WET/DRY INTFC VLV  DM DEV,,HIDEV,HIGH DEVIATION ALARM,ALM,3,98.8145,5,%,!hist14!CP1017,2
2026-07-16 10:30:27.5,IDFAN_PEEC,OPCY_ALM,PRECIP OUT > 50%,PRECIP OUTLET,STATE,ALARM,ALM,3,,,,!WP1001!WP1002!WP1003!WP1006!WP1007!WP1014!hist14!CP1003,1
2026-07-16 10:30:34.5,IDFAN_PEEC,OPCY_ALM,PRECIP OUT > 50%,PRECIP OUTLET,STATE,NORMAL,RTN,3,,,,!WP1001!WP1002!WP1003!WP1006!WP1007!WP1014!hist14!CP1003,1
2026-07-16 10:30:39.0,FD_FAN_VIB,A_FAN_VEL_AX,A FD FAN VEL AX,,HIABS,A FD FAN VEL AX HI VIB,ALM,1,3.05672,3,MILS,!WP1001!WP1002!WP1003!WP1006!WP1007!WP1014!hist14!CP1005,1
2026-07-16 10:30:41.5,IDFAN_PEEC,OPCY_ALM,PRECIP OUT > 50%,PRECIP OUTLET,STATE,ALARM,ALM,3,,,,!WP1001!WP1002!WP1003!WP1006!WP1007!WP1014!hist14!CP1003,1
2026-07-16 10:30:47.0,IDFAN_PEEC,OPCY_ALM,PRECIP OUT > 50%,PRECIP OUTLET,STATE,NORMAL,RTN,3,,,,!WP1001!WP1002!WP1003!WP1006!WP1007!WP1014!hist14!CP1003,1
2026-07-16 10:30:56.0,IDFAN_PEEC,OPCY_ALM,PRECIP OUT > 50%,PRECIP OUTLET,STATE,ALARM,ALM,3,,,,!WP1001!WP1002!WP1003!WP1006!WP1007!WP1014!hist14!CP1003,1
2026-07-16 10:31:03.1,1BCS_7,IKTE3451,REHEAT TEMP RIGHT (NORM),,HIABS,HIGH,RTN,1,1007.1,1012.18,DEG.F,!WP1002!WP1006!WP1007!WP1001!WP1003!WP1014!hist14!CP1007,1
2026-07-16 10:31:04.0,1JMILL,UBOWL_LO,JPULV SEAL AIR UND BOWL DP < 5,,STATE,PULV SEAL AIR UND BOWL DP NOT<5,RTN,5,,,,!WP1001!WP1002!WP1003!WP1006!WP1007!WP1014!hist14!CP1004,1
2026-07-16 10:31:06.0,1PDF,SLPSL0001,PULV LOW SEAL AIR HDR DIFF PRESS,,LOABS,PULV LOW SEAL AIR HDR DIFF PRESS,ALM,1,3.92783,4,INH2O,!WP1001!WP1002!WP1003!WP1006!WP1007!WP1014!hist14!CP1004,1
2026-07-16 10:31:09.1,1BCS_7,IKTE3751,REHEAT TEMP RIGHT (REDUNDANT),,HIABS,HIGH,RTN,1,1007.15,1012.18,DEG.F,!WP1002!WP1006!WP1007!WP1001!WP1003!WP1014!hist14!CP1007,1
2026-07-16 10:31:18.4,FD_FAN_VIB,A_FAN_VEL_AX,A FD FAN VEL AX,,HIABS,A FD FAN VEL AX HI VIB,RTN,1,2.28516,3,MILS,!WP1001!WP1002!WP1003!WP1006!WP1007!WP1014!hist14!CP1005,1
2026-07-16 10:31:24.4,FD_FAN_VIB,A_FAN_VEL_AX,A FD FAN VEL AX,,HIABS,A FD FAN VEL AX HI VIB,ALM,1,3.19594,3,MILS,!WP1001!WP1002!WP1003!WP1006!WP1007!WP1014!hist14!CP1005,1
2026-07-16 10:31:26.5,1MSPULV,PUMAJ011,PULV MILL J AMPS,,HHABS,,ALM,5,193.777,140,AMPS,!WP1001!WP1002!WP1003!WP1006!WP1007!WP1014!hist14!CP1003,1
2026-07-16 10:31:27.0,1MSPULV,PUMAJ011,PULV MILL J AMPS,,HHABS,,RTN,5,76.3672,140,AMPS,!WP1001!WP1002!WP1003!WP1006!WP1007!WP1014!hist14!CP1003,1
2026-07-16 10:31:36.9,1PDF,SLPSL0001,PULV LOW SEAL AIR HDR DIFF PRESS,,LOABS,PULV LOW SEAL AIR HDR DIFF PRESS,RTN,1,4.05322,4,INH2O,!WP1001!WP1002!WP1003!WP1006!WP1007!WP1014!hist14!CP1004,1
2026-07-16 10:31:50.0,FD_FAN_VIB,A_FAN_VEL_AX,A FD FAN VEL AX,,HIABS,A FD FAN VEL AX HI VIB,RTN,1,2.44719,3,MILS,!WP1001!WP1002!WP1003!WP1006!WP1007!WP1014!hist14!CP1005,1
2026-07-16 10:31:52.0,FD_FAN_VIB,A_FAN_VEL_AX,A FD FAN VEL AX,,HIABS,A FD FAN VEL AX HI VIB,ALM,1,3.00422,3,MILS,!WP1001!WP1002!WP1003!WP1006!WP1007!WP1014!hist14!CP1005,1
2026-07-16 10:31:58.0,FD_FAN_VIB,A_FAN_VEL_AX,A FD FAN VEL AX,,HIABS,A FD FAN VEL AX HI VIB,RTN,1,1.95422,3,MILS,!WP1001!WP1002!WP1003!WP1006!WP1007!WP1014!hist14!CP1005,1
2026-07-16 10:32:02.9,1PDF,SLPSL0001,PULV LOW SEAL AIR HDR DIFF PRESS,,LOABS,PULV LOW SEAL AIR HDR DIFF PRESS,ALM,1,3.95361,4,INH2O,!WP1001!WP1002!WP1003!WP1006!WP1007!WP1014!hist14!CP1004,1
2026-07-16 10:32:03.9,1PDF,SLPSL0001,PULV LOW SEAL AIR HDR DIFF PRESS,,LOABS,PULV LOW SEAL AIR HDR DIFF PRESS,RTN,1,4.02861,4,INH2O,!WP1001!WP1002!WP1003!WP1006!WP1007!WP1014!hist14!CP1004,1
2026-07-16 10:32:03.4,FD_FAN_VIB,A_FAN_VEL_AX,A FD FAN VEL AX,,HIABS,A FD FAN VEL AX HI VIB,ALM,1,3.13391,3,MILS,!WP1001!WP1002!WP1003!WP1006!WP1007!WP1014!hist14!CP1005,1
2026-07-16 10:32:04.9,1PDF,SLPSL0001,PULV LOW SEAL AIR HDR DIFF PRESS,,LOABS,PULV LOW SEAL AIR HDR DIFF PRESS,ALM,1,3.97529,4,INH2O,!WP1001!WP1002!WP1003!WP1006!WP1007!WP1014!hist14!CP1004,1
2026-07-16 10:32:04.6,1LP_HTRLVL1,LDA048,LP HTR 1 EMERG VALVE DMD POS DEV,,LODEV,LOW DEV,ALM,1,1.32227,1.51489,%,!WP1001!WP1002!WP1003!WP1006!WP1007!WP1014!hist14!CP1013,1
2026-07-16 10:32:07.9,1PDF,SLPSL0001,PULV LOW SEAL AIR HDR DIFF PRESS,,LOABS,PULV LOW SEAL AIR HDR DIFF PRESS,RTN,1,4.03652,4,INH2O,!WP1001!WP1002!WP1003!WP1006!WP1007!WP1014!hist14!CP1004,1
2026-07-16 10:32:08.1,1LP_HTRLVL1,LDA048,LP HTR 1 EMERG VALVE DMD POS DEV,,LODEV,LOW DEV,RTN,1,9.93555,8.13143,%,!WP1001!WP1002!WP1003!WP1006!WP1007!WP1014!hist14!CP1013,1
2026-07-16 10:32:11.4,FD_FAN_VIB,A_FAN_VEL_AX,A FD FAN VEL AX,,HIABS,A FD FAN VEL AX HI VIB,RTN,1,2.35562,3,MILS,!WP1001!WP1002!WP1003!WP1006!WP1007!WP1014!hist14!CP1005,1
2026-07-16 10:32:13.9,1PDF,SLPSL0001,PULV LOW SEAL AIR HDR DIFF PRESS,,LOABS,PULV LOW SEAL AIR HDR DIFF PRESS,ALM,1,3.98086,4,INH2O,!WP1001!WP1002!WP1003!WP1006!WP1007!WP1014!hist14!CP1004,1
2026-07-16 10:32:13.4,FD_FAN_VIB,A_FAN_VEL_AX,A FD FAN VEL AX,,HIABS,A FD FAN VEL AX HI VIB,ALM,1,3.34469,3,MILS,!WP1001!WP1002!WP1003!WP1006!WP1007!WP1014!hist14!CP1005,1
2026-07-16 10:32:14.9,1PDF,SLPSL0001,PULV LOW SEAL AIR HDR DIFF PRESS,,LOABS,PULV LOW SEAL AIR HDR DIFF PRESS,RTN,1,4.20176,4,INH2O,!WP1001!WP1002!WP1003!WP1006!WP1007!WP1014!hist14!CP1004,1
2026-07-16 10:32:17.4,FD_FAN_VIB,A_FAN_VEL_AX,A FD FAN VEL AX,,HIABS,A FD FAN VEL AX HI VIB,RTN,1,2.10766,3,MILS,!WP1001!WP1002!WP1003!WP1006!WP1007!WP1014!hist14!CP1005,1
2026-07-16 10:32:20.9,1PDF,SLPSL0001,PULV LOW SEAL AIR HDR DIFF PRESS,,LOABS,PULV LOW SEAL AIR HDR DIFF PRESS,ALM,1,3.98174,4,INH2O,!WP1001!WP1002!WP1003!WP1006!WP1007!WP1014!hist14!CP1004,1
2026-07-16 10:32:21.4,FD_FAN_VIB,A_FAN_VEL_AX,A FD FAN VEL AX,,HIABS,A FD FAN VEL AX HI VIB,ALM,1,3.01469,3,MILS,!WP1001!WP1002!WP1003!WP1006!WP1007!WP1014!hist14!CP1005,1
2026-07-16 10:32:25.4,FD_FAN_VIB,A_FAN_VEL_AX,A FD FAN VEL AX,,HIABS,A FD FAN VEL AX HI VIB,RTN,1,2.05625,3,MILS,!WP1001!WP1002!WP1003!WP1006!WP1007!WP1014!hist14!CP1005,1
2026-07-16 10:32:29.4,FD_FAN_VIB,A_FAN_VEL_AX,A FD FAN VEL AX,,HIABS,A FD FAN VEL AX HI VIB,ALM,1,3.08625,3,MILS,!WP1001!WP1002!WP1003!WP1006!WP1007!WP1014!hist14!CP1005,1
2026-07-16 10:32:33.9,1PDF,SLPSL0001,PULV LOW SEAL AIR HDR DIFF PRESS,,LOABS,PULV LOW SEAL AIR HDR DIFF PRESS,RTN,1,4.10684,4,INH2O,!WP1001!WP1002!WP1003!WP1006!WP1007!WP1014!hist14!CP1004,1
2026-07-16 10:32:33.4,FD_FAN_VIB,A_FAN_VEL_AX,A FD FAN VEL AX,,HIABS,A FD FAN VEL AX HI VIB,RTN,1,2.31375,3,MILS,!WP1001!WP1002!WP1003!WP1006!WP1007!WP1014!hist14!CP1005,1
2026-07-16 10:32:35.4,FD_FAN_VIB,A_FAN_VEL_AX,A FD FAN VEL AX,,HIABS,A FD FAN VEL AX HI VIB,ALM,1,3.33891,3,MILS,!WP1001!WP1002!WP1003!WP1006!WP1007!WP1014!hist14!CP1005,1
2026-07-16 10:32:36.9,1PDF,SLPSL0001,PULV LOW SEAL AIR HDR DIFF PRESS,,LOABS,PULV LOW SEAL AIR HDR DIFF PRESS,ALM,1,3.84229,4,INH2O,!WP1001!WP1002!WP1003!WP1006!WP1007!WP1014!hist14!CP1004,1
2026-07-16 10:32:41.0,FD_FAN_VIB,A_FAN_VEL_AX,A FD FAN VEL AX,,HIABS,A FD FAN VEL AX HI VIB,RTN,1,2.48438,3,MILS,!WP1001!WP1002!WP1003!WP1006!WP1007!WP1014!hist14!CP1005,1
2026-07-16 10:32:43.0,FD_FAN_VIB,A_FAN_VEL_AX,A FD FAN VEL AX,,HIABS,A FD FAN VEL AX HI VIB,ALM,1,3.51453,3,MILS,!WP1001!WP1002!WP1003!WP1006!WP1007!WP1014!hist14!CP1005,1
2026-07-16 10:32:49.0,FD_FAN_VIB,A_FAN_VEL_AX,A FD FAN VEL AX,,HIABS,A FD FAN VEL AX HI VIB,RTN,1,2.43672,3,MILS,!WP1001!WP1002!WP1003!WP1006!WP1007!WP1014!hist14!CP1005,1
2026-07-16 10:32:51.0,FD_FAN_VIB,A_FAN_VEL_AX,A FD FAN VEL AX,,HIABS,A FD FAN VEL AX HI VIB,ALM,1,3.29219,3,MILS,!WP1001!WP1002!WP1003!WP1006!WP1007!WP1014!hist14!CP1005,1
2026-07-16 10:32:55.1,1BCS_7,IKTE3741,REHEAT TEMP LEFT (REDUNDANT),,HIABS,HIGH,ALM,1,1012.2,1012.18,DEG.F,!WP1002!WP1006!WP1007!WP1001!WP1003!WP1014!hist14!CP1007,1
2026-07-16 10:32:57.0,FD_FAN_VIB,A_FAN_VEL_AX,A FD FAN VEL AX,,HIABS,A FD FAN VEL AX HI VIB,RTN,1,2.21062,3,MILS,!WP1001!WP1002!WP1003!WP1006!WP1007!WP1014!hist14!CP1005,1
2026-07-16 10:32:58.1,1BCS_7,IKTE3441,REHEAT TEMP LEFT (NORM),,HIABS,HIGH,ALM,1,1012.22,1012.18,DEG.F,!WP1002!WP1006!WP1007!WP1001!WP1003!WP1014!hist14!CP1007,1
2026-07-16 10:32:58.1,1AB_SURGEA,ABPDAH5119A,TRNSPT BLWR A INLTFLT DP HI,,STATE,NOT HIGH,ALM,5,,,,!WP1002!WP1011!WP1001!hist14!CP1020,1
2026-07-16 10:32:59.0,FD_FAN_VIB,A_FAN_VEL_AX,A FD FAN VEL AX,,HIABS,A FD FAN VEL AX HI VIB,ALM,1,3.03562,3,MILS,!WP1001!WP1002!WP1003!WP1006!WP1007!WP1014!hist14!CP1005,1
2026-07-16 10:33:26.4,FD_FAN_VIB,A_FAN_VEL_AX,A FD FAN VEL AX,,HIABS,A FD FAN VEL AX HI VIB,RTN,1,1.93031,3,MILS,!WP1001!WP1002!WP1003!WP1006!WP1007!WP1014!hist14!CP1005,1
2026-07-16 10:33:36.4,FD_FAN_VIB,A_FAN_VEL_AX,A FD FAN VEL AX,,HIABS,A FD FAN VEL AX HI VIB,ALM,1,3.05,3,MILS,!WP1001!WP1002!WP1003!WP1006!WP1007!WP1014!hist14!CP1005,1
2026-07-16 10:33:48.4,FD_FAN_VIB,A_FAN_VEL_AX,A FD FAN VEL AX,,HIABS,A FD FAN VEL AX HI VIB,RTN,1,2.24984,3,MILS,!WP1001!WP1002!WP1003!WP1006!WP1007!WP1014!hist14!CP1005,1
2026-07-16 10:33:50.4,FD_FAN_VIB,A_FAN_VEL_AX,A FD FAN VEL AX,,HIABS,A FD FAN VEL AX HI VIB,ALM,1,3.11766,3,MILS,!WP1001!WP1002!WP1003!WP1006!WP1007!WP1014!hist14!CP1005,1
2026-07-16 10:33:56.0,FD_FAN_VIB,A_FAN_VEL_AX,A FD FAN VEL AX,,HIABS,A FD FAN VEL AX HI VIB,RTN,1,2.34234,3,MILS,!WP1001!WP1002!WP1003!WP1006!WP1007!WP1014!hist14!CP1005,1
2026-07-16 10:33:58.0,FD_FAN_VIB,A_FAN_VEL_AX,A FD FAN VEL AX,,HIABS,A FD FAN VEL AX HI VIB,ALM,1,3.15781,3,MILS,!WP1001!WP1002!WP1003!WP1006!WP1007!WP1014!hist14!CP1005,1
2026-07-16 10:34:02.0,FD_FAN_VIB,A_FAN_VEL_AX,A FD FAN VEL AX,,HIABS,A FD FAN VEL AX HI VIB,RTN,1,1.95797,3,MILS,!WP1001!WP1002!WP1003!WP1006!WP1007!WP1014!hist14!CP1005,1
2026-07-16 10:34:15.1,1WB_DEV,AA_JJ_DEV,AUX AIR JJ ANY DEV,,STATE,DEVIATION,ALM,5,,,MILS,,0
2026-07-16 10:34:33.4,FD_FAN_VIB,A_FAN_VEL_AX,A FD FAN VEL AX,,HIABS,A FD FAN VEL AX HI VIB,ALM,1,3.06437,3,MILS,!WP1001!WP1002!WP1003!WP1006!WP1007!WP1014!hist14!CP1005,1
2026-07-16 10:34:35.4,FD_FAN_VIB,A_FAN_VEL_AX,A FD FAN VEL AX,,HIABS,A FD FAN VEL AX HI VIB,RTN,1,2.45109,3,MILS,!WP1001!WP1002!WP1003!WP1006!WP1007!WP1014!hist14!CP1005,1
2026-07-16 10:35:01.4,FD_FAN_VIB,A_FAN_VEL_AX,A FD FAN VEL AX,,HIABS,A FD FAN VEL AX HI VIB,ALM,1,3.04906,3,MILS,!WP1001!WP1002!WP1003!WP1006!WP1007!WP1014!hist14!CP1005,1
2026-07-16 10:35:03.4,FD_FAN_VIB,A_FAN_VEL_AX,A FD FAN VEL AX,,HIABS,A FD FAN VEL AX HI VIB,RTN,1,2.265,3,MILS,!WP1001!WP1002!WP1003!WP1006!WP1007!WP1014!hist14!CP1005,1
2026-07-16 10:35:07.1,1BCS_7,IKTE3441,REHEAT TEMP LEFT (NORM),,HIABS,HIGH,RTN,1,1007.15,1012.18,DEG.F,!WP1002!WP1006!WP1007!WP1001!WP1003!WP1014!hist14!CP1007,1
2026-07-16 10:35:09.1,1BCS_7,IKTE3751,REHEAT TEMP RIGHT (REDUNDANT),,HIABS,HIGH,ALM,1,1012.22,1012.18,DEG.F,!WP1002!WP1006!WP1007!WP1001!WP1003!WP1014!hist14!CP1007,1
2026-07-16 10:35:10.1,1BCS_7,IKTE3741,REHEAT TEMP LEFT (REDUNDANT),,HIABS,HIGH,RTN,1,1007.13,1012.18,DEG.F,!WP1002!WP1006!WP1007!WP1001!WP1003!WP1014!hist14!CP1007,1
2026-07-16 10:35:16.1,1BCS_7,IKTE3451,REHEAT TEMP RIGHT (NORM),,HIABS,HIGH,ALM,1,1012.2,1012.18,DEG.F,!WP1002!WP1006!WP1007!WP1001!WP1003!WP1014!hist14!CP1007,1
2026-07-16 10:35:50.7,1MELIM,ZDS5504,WET/DRY INTFC VLV  DM DEV,,HIDEV,HIGH DEVIATION ALARM,RTN,3,53.7793,57.5,%,!hist14!CP1017,2
2026-07-16 10:36:08.6,1AB_SURGEA,FCVA153AL,LINE A TO SILO    B,TRANSPORT LIN,STATE,FAIL,ALM,3,,,,!WP1002!WP1011!WP1001!hist14!CP1020,1
2026-07-16 10:36:10.6,1AB_SURGEA,FCVA153AL,LINE A TO SILO    B,TRANSPORT LIN,STATE,OK,RTN,3,,,,!WP1002!WP1011!WP1001!hist14!CP1020,1
2026-07-16 10:36:34.1,1AB_SURGEA,ABPDAH5119A,TRNSPT BLWR A INLTFLT DP HI,,STATE,HIGH,RTN,5,,,,!WP1002!WP1011!WP1001!hist14!CP1020,1
2026-07-16 10:36:43.0,IDFAN_PEEC,OPCY_ALM,PRECIP OUT > 50%,PRECIP OUTLET,STATE,NORMAL,RTN,3,,,,!WP1001!WP1002!WP1003!WP1006!WP1007!WP1014!hist14!CP1003,1
2026-07-16 10:36:45.5,IDFAN_PEEC,OPCY_ALM,PRECIP OUT > 50%,PRECIP OUTLET,STATE,ALARM,ALM,3,,,,!WP1001!WP1002!WP1003!WP1006!WP1007!WP1014!hist14!CP1003,1
2026-07-16 10:36:51.7,1MELIM,ZDS5504,WET/DRY INTFC VLV  DM DEV,,LODEV,LOW DEVIATION ALARM,ALM,3,-1.24023,95,%,!hist14!CP1017,2
2026-07-16 10:37:10.6,1BCS_7,IKTE3451,REHEAT TEMP RIGHT (NORM),,HIABS,HIGH,RTN,1,1007.18,1012.18,DEG.F,!WP1002!WP1006!WP1007!WP1001!WP1003!WP1014!hist14!CP1007,1
2026-07-16 10:37:15.1,1BCS_7,IKTE3751,REHEAT TEMP RIGHT (REDUNDANT),,HIABS,HIGH,RTN,1,1007.1,1012.18,DEG.F,!WP1002!WP1006!WP1007!WP1001!WP1003!WP1014!hist14!CP1007,1
2026-07-16 10:37:17.5,IDFAN_PEEC,OPCY_ALM,PRECIP OUT > 50%,PRECIP OUTLET,STATE,NORMAL,RTN,3,,,,!WP1001!WP1002!WP1003!WP1006!WP1007!WP1014!hist14!CP1003,1
2026-07-16 10:37:44.5,IDFAN_PEEC,OPCY_ALM,PRECIP OUT > 50%,PRECIP OUTLET,STATE,ALARM,ALM,3,,,,!WP1001!WP1002!WP1003!WP1006!WP1007!WP1014!hist14!CP1003,1
2026-07-16 10:37:53.0,IDFAN_PEEC,OPCY_ALM,PRECIP OUT > 50%,PRECIP OUTLET,STATE,NORMAL,RTN,3,,,,!WP1001!WP1002!WP1003!WP1006!WP1007!WP1014!hist14!CP1003,1
2026-07-16 10:38:16.0,1FG_B_HYD,MO5750B_ASTR,BF B HYD OIL CLR B AUTOSTART,,STATE,ON A FAILURE,ALM,3,,,,!WP1001!WP1002!WP1003!WP1006!WP1007!WP1014!hist14!CP1015,1
2026-07-16 10:38:16.1,1FG_B_HYD,TSHL5742A,BF B HYD OIL TANK ALM,HYDRAULIC OIL,HIABS,HI ALARM,ALM,1,122.023,122,DEGF,!WP1001!WP1002!WP1003!WP1006!WP1007!WP1014!hist14!CP1015,1
2026-07-16 10:38:18.0,1FG_B_HYD,MO5750B_ASTR,BF B HYD OIL CLR B AUTOSTART,,STATE,NORMAL,RTN,3,,,,!WP1001!WP1002!WP1003!WP1006!WP1007!WP1014!hist14!CP1015,1
2026-07-16 10:38:21.0,IDFAN_PEEC,OPCY_ALM,PRECIP OUT > 50%,PRECIP OUTLET,STATE,ALARM,ALM,3,,,,!WP1001!WP1002!WP1003!WP1006!WP1007!WP1014!hist14!CP1003,1
2026-07-16 10:38:25.0,IDFAN_PEEC,OPCY_ALM,PRECIP OUT > 50%,PRECIP OUTLET,STATE,NORMAL,RTN,3,,,,!WP1001!WP1002!WP1003!WP1006!WP1007!WP1014!hist14!CP1003,1
2026-07-16 10:38:27.1,1BCS_7,IKTE3741,REHEAT TEMP LEFT (REDUNDANT),,HIABS,HIGH,ALM,1,1012.2,1012.18,DEG.F,!WP1002!WP1006!WP1007!WP1001!WP1003!WP1014!hist14!CP1007,1
2026-07-16 10:38:29.1,1BCS_7,IKTE3441,REHEAT TEMP LEFT (NORM),,HIABS,HIGH,ALM,1,1012.2,1012.18,DEG.F,!WP1002!WP1006!WP1007!WP1001!WP1003!WP1014!hist14!CP1007,1
2026-07-16 10:38:42.5,IDFAN_PEEC,OPCY_ALM,PRECIP OUT > 50%,PRECIP OUTLET,STATE,ALARM,ALM,3,,,,!WP1001!WP1002!WP1003!WP1006!WP1007!WP1014!hist14!CP1003,1
2026-07-16 10:39:04.5,IDFAN_PEEC,OPCY_ALM,PRECIP OUT > 50%,PRECIP OUTLET,STATE,NORMAL,RTN,3,,,,!WP1001!WP1002!WP1003!WP1006!WP1007!WP1014!hist14!CP1003,1
2026-07-16 10:39:06.5,IDFAN_PEEC,OPCY_ALM,PRECIP OUT > 50%,PRECIP OUTLET,STATE,ALARM,ALM,3,,,,!WP1001!WP1002!WP1003!WP1006!WP1007!WP1014!hist14!CP1003,1
2026-07-16 10:40:18.4,1SEAL_AIR,PDI5735_ALM,BF B OUT DMPR SEAL CAV D/P LOW,,STATE,DP ALARM ACTIVE,ALM,3,,,,!WP1001!WP1002!WP1003!WP1006!WP1007!WP1014!hist14!CP1015,1
2026-07-16 10:40:31.4,1FG_B_HYD,TSHL5742A,BF B HYD OIL TANK ALM,HYDRAULIC OIL,HIABS,HI ALARM,RTN,1,121.484,122,DEGF,!WP1001!WP1002!WP1003!WP1006!WP1007!WP1014!hist14!CP1015,1
2026-07-16 10:40:39.1,1BCS_7,IKTE3441,REHEAT TEMP LEFT (NORM),,HIABS,HIGH,RTN,1,1007.18,1012.18,DEG.F,!WP1002!WP1006!WP1007!WP1001!WP1003!WP1014!hist14!CP1007,1
2026-07-16 10:40:41.6,1BCS_7,IKTE3741,REHEAT TEMP LEFT (REDUNDANT),,HIABS,HIGH,RTN,1,1007.16,1012.18,DEG.F,!WP1002!WP1006!WP1007!WP1001!WP1003!WP1014!hist14!CP1007,1
2026-07-16 10:40:45.0,1FG_A,ZSH5601A,BF A BLADE PITCH,,HIABS,BLADE PITCH ALARM,ALM,3,70.0391,70,%,!WP1001!WP1002!WP1003!WP1006!WP1007!WP1014!hist14!CP1015,1
2026-07-16 10:40:46.0,1FG_B,ZSH5701A,BF B BLADE PITCH,,HIABS,BLADE PITCH ALARM,ALM,3,70.0781,70,%,!WP1001!WP1002!WP1003!WP1006!WP1007!WP1014!hist14!CP1015,1
2026-07-16 10:40:54.0,1DAS11,ISPSH1131,LIGHTER OIL SUPPLY PRESS ALM,,HIABS,HI LIGHTER OIL SUPPLY PRESS,ALM,1,198.047,175,KPH,!WP1002!WP1006!WP1007!WP1001!WP1003!WP1014!hist14!CP1008,1
2026-07-16 10:42:56.0,1FG_A,ZSH5601A,BF A BLADE PITCH,,HIABS,BLADE PITCH ALARM,RTN,3,69.8672,70,%,!WP1001!WP1002!WP1003!WP1006!WP1007!WP1014!hist14!CP1015,1
2026-07-16 10:42:56.4,1FG_B,ZSH5701A,BF B BLADE PITCH,,HIABS,BLADE PITCH ALARM,RTN,3,69.8594,70,%,!WP1001!WP1002!WP1003!WP1006!WP1007!WP1014!hist14!CP1015,1
2026-07-16 10:43:28.5,IDFAN_PEEC,OPCY_ALM,PRECIP OUT > 50%,PRECIP OUTLET,STATE,NORMAL,RTN,3,,,,!WP1001!WP1002!WP1003!WP1006!WP1007!WP1014!hist14!CP1003,1
2026-07-16 10:44:39.0,IDFAN_PEEC,OPCY_ALM,PRECIP OUT > 50%,PRECIP OUTLET,STATE,ALARM,ALM,3,,,,!WP1001!WP1002!WP1003!WP1006!WP1007!WP1014!hist14!CP1003,1
2026-07-16 10:44:44.5,IDFAN_PEEC,OPCY_ALM,PRECIP OUT > 50%,PRECIP OUTLET,STATE,NORMAL,RTN,3,,,,!WP1001!WP1002!WP1003!WP1006!WP1007!WP1014!hist14!CP1003,1
2026-07-16 10:44:55.0,IDFAN_PEEC,OPCY_ALM,PRECIP OUT > 50%,PRECIP OUTLET,STATE,ALARM,ALM,3,,,,!WP1001!WP1002!WP1003!WP1006!WP1007!WP1014!hist14!CP1003,1
2026-07-16 10:44:59.0,IDFAN_PEEC,OPCY_ALM,PRECIP OUT > 50%,PRECIP OUTLET,STATE,NORMAL,RTN,3,,,,!WP1001!WP1002!WP1003!WP1006!WP1007!WP1014!hist14!CP1003,1
2026-07-16 10:44:59.6,1SBRS,B13,R.H. SOOT BLOWING REG FBK,,HIABS,R.H. SOOTBLOWER FB @ 90%,ALM,5,96.1816,90,PCT,!WP1002!WP1006!WP1007!WP1001!WP1003!WP1014!hist14!CP1009,1
2026-07-16 10:45:02.1,1SBRS,B13,R.H. SOOT BLOWING REG FBK,,HIABS,R.H. SOOTBLOWER FB @ 90%,RTN,5,89.9023,90,PCT,!WP1002!WP1006!WP1007!WP1001!WP1003!WP1014!hist14!CP1009,1
2026-07-16 10:45:17.0,1FG_A,ZSH5601A,BF A BLADE PITCH,,HIABS,BLADE PITCH ALARM,ALM,3,70.1074,70,%,!WP1001!WP1002!WP1003!WP1006!WP1007!WP1014!hist14!CP1015,1
2026-07-16 10:45:18.4,1FG_B,ZSH5701A,BF B BLADE PITCH,,HIABS,BLADE PITCH ALARM,ALM,3,70.2109,70,%,!WP1001!WP1002!WP1003!WP1006!WP1007!WP1014!hist14!CP1015,1
2026-07-16 10:45:22.0,IDFAN_PEEC,OPCY_ALM,PRECIP OUT > 50%,PRECIP OUTLET,STATE,ALARM,ALM,3,,,,!WP1001!WP1002!WP1003!WP1006!WP1007!WP1014!hist14!CP1003,1
2026-07-16 10:46:33.0,1PDF,SLPSL0001,PULV LOW SEAL AIR HDR DIFF PRESS,,LOABS,PULV LOW SEAL AIR HDR DIFF PRESS,RTN,1,4.00225,4,INH2O,!WP1001!WP1002!WP1003!WP1006!WP1007!WP1014!hist14!CP1004,1
2026-07-16 10:46:34.0,1PDF,SLPSL0001,PULV LOW SEAL AIR HDR DIFF PRESS,,LOABS,PULV LOW SEAL AIR HDR DIFF PRESS,ALM,1,3.90205,4,INH2O,!WP1001!WP1002!WP1003!WP1006!WP1007!WP1014!hist14!CP1004,1
2026-07-16 10:47:22.0,1PDF,SLPSL0001,PULV LOW SEAL AIR HDR DIFF PRESS,,LOABS,PULV LOW SEAL AIR HDR DIFF PRESS,RTN,1,4.004,4,INH2O,!WP1001!WP1002!WP1003!WP1006!WP1007!WP1014!hist14!CP1004,1
2026-07-16 10:47:25.0,1PDF,SLPSL0001,PULV LOW SEAL AIR HDR DIFF PRESS,,LOABS,PULV LOW SEAL AIR HDR DIFF PRESS,ALM,1,3.83525,4,INH2O,!WP1001!WP1002!WP1003!WP1006!WP1007!WP1014!hist14!CP1004,1
2026-07-16 10:47:34.0,1PDF,SLPSL0001,PULV LOW SEAL AIR HDR DIFF PRESS,,LOABS,PULV LOW SEAL AIR HDR DIFF PRESS,RTN,1,4.01719,4,INH2O,!WP1001!WP1002!WP1003!WP1006!WP1007!WP1014!hist14!CP1004,1
2026-07-16 10:47:35.0,1PDF,SLPSL0001,PULV LOW SEAL AIR HDR DIFF PRESS,,LOABS,PULV LOW SEAL AIR HDR DIFF PRESS,ALM,1,3.93926,4,INH2O,!WP1001!WP1002!WP1003!WP1006!WP1007!WP1014!hist14!CP1004,1
2026-07-16 10:52:24.6,1BCS_7,IKTE3751,REHEAT TEMP RIGHT (REDUNDANT),,HIABS,HIGH,ALM,1,1012.22,1012.18,DEG.F,!WP1002!WP1006!WP1007!WP1001!WP1003!WP1014!hist14!CP1007,1
2026-07-16 10:53:31.6,1BCS_7,IKTE3751,REHEAT TEMP RIGHT (REDUNDANT),,HIABS,HIGH,RTN,1,1007.18,1012.18,DEG.F,!WP1002!WP1006!WP1007!WP1001!WP1003!WP1014!hist14!CP1007,1
2026-07-16 10:53:52.5,IDFAN_PEEC,OPCY_ALM,PRECIP OUT > 50%,PRECIP OUTLET,STATE,NORMAL,RTN,3,,,,!WP1001!WP1002!WP1003!WP1006!WP1007!WP1014!hist14!CP1003,1
2026-07-16 10:54:18.0,IDFAN_PEEC,OPCY_ALM,PRECIP OUT > 50%,PRECIP OUTLET,STATE,ALARM,ALM,3,,,,!WP1001!WP1002!WP1003!WP1006!WP1007!WP1014!hist14!CP1003,1
2026-07-16 10:54:30.5,IDFAN_PEEC,OPCY_ALM,PRECIP OUT > 50%,PRECIP OUTLET,STATE,NORMAL,RTN,3,,,,!WP1001!WP1002!WP1003!WP1006!WP1007!WP1014!hist14!CP1003,1
2026-07-16 10:54:56.0,IDFAN_PEEC,OPCY_ALM,PRECIP OUT > 50%,PRECIP OUTLET,STATE,ALARM,ALM,3,,,,!WP1001!WP1002!WP1003!WP1006!WP1007!WP1014!hist14!CP1003,1
2026-07-16 10:55:00.0,IDFAN_PEEC,OPCY_ALM,PRECIP OUT > 50%,PRECIP OUTLET,STATE,NORMAL,RTN,3,,,,!WP1001!WP1002!WP1003!WP1006!WP1007!WP1014!hist14!CP1003,1
2026-07-16 10:55:38.0,IDFAN_PEEC,OPCY_ALM,PRECIP OUT > 50%,PRECIP OUTLET,STATE,ALARM,ALM,3,,,,!WP1001!WP1002!WP1003!WP1006!WP1007!WP1014!hist14!CP1003,1
2026-07-16 10:55:49.0,IDFAN_PEEC,OPCY_ALM,PRECIP OUT > 50%,PRECIP OUTLET,STATE,NORMAL,RTN,3,,,,!WP1001!WP1002!WP1003!WP1006!WP1007!WP1014!hist14!CP1003,1
2026-07-16 10:56:05.5,IDFAN_PEEC,OPCY_ALM,PRECIP OUT > 50%,PRECIP OUTLET,STATE,ALARM,ALM,3,,,,!WP1001!WP1002!WP1003!WP1006!WP1007!WP1014!hist14!CP1003,1
2026-07-16 10:56:21.5,IDFAN_PEEC,OPCY_ALM,PRECIP OUT > 50%,PRECIP OUTLET,STATE,NORMAL,RTN,3,,,,!WP1001!WP1002!WP1003!WP1006!WP1007!WP1014!hist14!CP1003,1
2026-07-16 10:56:23.5,IDFAN_PEEC,OPCY_ALM,PRECIP OUT > 50%,PRECIP OUTLET,STATE,ALARM,ALM,3,,,,!WP1001!WP1002!WP1003!WP1006!WP1007!WP1014!hist14!CP1003,1
2026-07-16 10:57:02.0,1FG_A,ZSH5601A,BF A BLADE PITCH,,HIABS,BLADE PITCH ALARM,RTN,3,69.8184,70,%,!WP1001!WP1002!WP1003!WP1006!WP1007!WP1014!hist14!CP1015,1
2026-07-16 10:57:02.0,1FG_B,ZSH5701A,BF B BLADE PITCH,,HIABS,BLADE PITCH ALARM,RTN,3,69.8223,70,%,!WP1001!WP1002!WP1003!WP1006!WP1007!WP1014!hist14!CP1015,1
2026-07-16 10:57:24.0,IDFAN_PEEC,OPCY_ALM,PRECIP OUT > 50%,PRECIP OUTLET,STATE,NORMAL,RTN,3,,,,!WP1001!WP1002!WP1003!WP1006!WP1007!WP1014!hist14!CP1003,1
2026-07-16 10:57:55.0,IDFAN_PEEC,OPCY_ALM,PRECIP OUT > 50%,PRECIP OUTLET,STATE,ALARM,ALM,3,,,,!WP1001!WP1002!WP1003!WP1006!WP1007!WP1014!hist14!CP1003,1
2026-07-16 10:57:56.5,IDFAN_PEEC,OPCY_ALM,PRECIP OUT > 50%,PRECIP OUTLET,STATE,NORMAL,RTN,3,,,,!WP1001!WP1002!WP1003!WP1006!WP1007!WP1014!hist14!CP1003,1
2026-07-16 10:58:11.0,1FUEL_SFTY,FPTX_ALM,DRAFT TRANSMITTER DEVIATION,,STATE,FURN DRAFT PRESS XMTR DEVIATION,ALM,5,,,,!WP1001!WP1002!WP1003!WP1006!WP1007!WP1014!hist14!CP1004,1
2026-07-16 10:58:26.0,1FUEL_SFTY,FPTX_ALM,DRAFT TRANSMITTER DEVIATION,,STATE,NO DEVIATION,RTN,5,,,,!WP1001!WP1002!WP1003!WP1006!WP1007!WP1014!hist14!CP1004,1
2026-07-16 10:58:26.4,1SEAL_AIR,PDI5735_ALM,BF B OUT DMPR SEAL CAV D/P LOW,,STATE,DP ALARM CLEAR,RTN,3,,,,!WP1001!WP1002!WP1003!WP1006!WP1007!WP1014!hist14!CP1015,1
2026-07-16 10:58:35.0,IDFAN_PEEC,OPCY_ALM,PRECIP OUT > 50%,PRECIP OUTLET,STATE,ALARM,ALM,3,,,,!WP1001!WP1002!WP1003!WP1006!WP1007!WP1014!hist14!CP1003,1
2026-07-16 10:58:40.5,IDFAN_PEEC,OPCY_ALM,PRECIP OUT > 50%,PRECIP OUTLET,STATE,NORMAL,RTN,3,,,,!WP1001!WP1002!WP1003!WP1006!WP1007!WP1014!hist14!CP1003,1
2026-07-16 10:59:17.2,1AR_LS,DEV_5803,LS SYS B,,STATE,VALVE 5803 DEVIATION,ALM,3,,,,!WP1001!WP1002!WP1003!WP1006!WP1007!WP1014!hist14!CP1017,1
2026-07-16 11:00:12.7,1AR_LS,DEV_5803,LS SYS B,,STATE,,RTN,3,,,,!WP1001!WP1002!WP1003!WP1006!WP1007!WP1014!hist14!CP1017,1
2026-07-16 11:01:24.6,1AB_ECON_SEQ,ECON_HOP_T7,ECON HOPPER SEQ XV5121 TIMER,,PTARG,TIMEOUT,ALM,3,240.01,240,SEC,!WP1002!WP1011!WP1001!hist14!CP1020,1
2026-07-16 11:01:25.6,1AB_ECON_SEQ,ECON_HOP_T7,ECON HOPPER SEQ XV5121 TIMER,,PTARG,TIMEOUT,RTN,3,0,240,SEC,!WP1002!WP1011!WP1001!hist14!CP1020,1
2026-07-16 11:02:34.5,PAC_PLC,ACI_FDR_A_TR,ACI FDR A AC-WIC-5007 TRBLE ALM,,CHANGE,PAC FEEDER A TROUBLE,ALM,1,,,,!WP1001!WP1002!WP1003!WP1006!WP1007!WP1014!hist14!CP1003,1
2026-07-16 11:02:41.5,PAC_PLC,ACI_FDR_A_TR,ACI FDR A AC-WIC-5007 TRBLE ALM,,CHANGE,PAC FEEDER A TROUBLE,ALM,1,,,,!WP1001!WP1002!WP1003!WP1006!WP1007!WP1014!hist14!CP1003,1
2026-07-16 11:02:48.5,PAC_PLC,ACI_FDR_A_TR,ACI FDR A AC-WIC-5007 TRBLE ALM,,CHANGE,PAC FEEDER A TROUBLE,ALM,1,,,,!WP1001!WP1002!WP1003!WP1006!WP1007!WP1014!hist14!CP1003,1
2026-07-16 11:02:50.5,PAC_PLC,ACI_FDR_A_TR,ACI FDR A AC-WIC-5007 TRBLE ALM,,CHANGE,PAC FEEDER A TROUBLE,ALM,1,,,,!WP1001!WP1002!WP1003!WP1006!WP1007!WP1014!hist14!CP1003,1
2026-07-16 11:02:56.5,PAC_PLC,ACI_FDR_A_TR,ACI FDR A AC-WIC-5007 TRBLE ALM,,CHANGE,PAC FEEDER A TROUBLE,ALM,1,,,,!WP1001!WP1002!WP1003!WP1006!WP1007!WP1014!hist14!CP1003,1
2026-07-16 11:03:01.0,PAC_PLC,ACI_FDR_A_TR,ACI FDR A AC-WIC-5007 TRBLE ALM,,CHANGE,PAC FEEDER A TROUBLE,ALM,1,,,,!WP1001!WP1002!WP1003!WP1006!WP1007!WP1014!hist14!CP1003,1
2026-07-16 11:03:05.0,PAC_PLC,ACI_FDR_A_TR,ACI FDR A AC-WIC-5007 TRBLE ALM,,CHANGE,PAC FEEDER A TROUBLE,ALM,1,,,,!WP1001!WP1002!WP1003!WP1006!WP1007!WP1014!hist14!CP1003,1
2026-07-16 11:03:10.0,PAC_PLC,ACI_FDR_A_TR,ACI FDR A AC-WIC-5007 TRBLE ALM,,CHANGE,PAC FEEDER A TROUBLE,ALM,1,,,,!WP1001!WP1002!WP1003!WP1006!WP1007!WP1014!hist14!CP1003,1
2026-07-16 11:03:55.1,1WB_DEV,AA_JJ_DEV,AUX AIR JJ ANY DEV,,STATE,NORMAL,RTN,5,,,,,0
2026-07-16 11:06:00.8,1AAIR,B16,WINDBOX/FURN DIFF PRESS,,LLABS,WINDBIX/FURN PRESS LOW,ALM,5,1.9927,2,INWC,!WP1001!WP1002!WP1003!WP1006!WP1007!WP1014!hist14!CP1001,1
2026-07-16 11:06:29.6,1AB_ECON_SEQ,ECON_HOP_T8,ECON HOPPER SEQ XV5122 TIMER,,PTARG,TIMEOUT,ALM,3,240.99,240,SEC,!WP1002!WP1011!WP1001!hist14!CP1020,1
2026-07-16 11:06:30.6,1AB_ECON_SEQ,ECON_HOP_T8,ECON HOPPER SEQ XV5122 TIMER,,PTARG,TIMEOUT,RTN,3,0,240,SEC,!WP1002!WP1011!WP1001!hist14!CP1020,1
2026-07-16 11:06:44.6,1SCR_B_PRESS,FGPDI5228B,SCR B CAT LAYER 4 DP,1SR114 PNT 4,HHABS,HI HI DP,ALM,1,1.70244,1.7,INH2O,!WP1001!WP1002!WP1003!WP1006!WP1007!WP1014!hist14!CP1016,1
2026-07-16 11:07:03.0,1BFB_GSM_ALM,BFB_ALM20,MARK VIE B BFPT ALARM,,STA_7,B BFPT MANUAL/DCS OK,RTN,5,0,0,,!WP1001!WP1002!WP1003!WP1006!WP1007!WP1014!hist14!CP1011,1
2026-07-16 11:07:21.0,1DAS11,ISPSH1131,LIGHTER OIL SUPPLY PRESS ALM,,HIABS,HI LIGHTER OIL SUPPLY PRESS,RTN,1,120.693,175,KPH,!WP1002!WP1006!WP1007!WP1001!WP1003!WP1014!hist14!CP1008,1
2026-07-16 11:07:41.0,1PDF,SLPSL0001,PULV LOW SEAL AIR HDR DIFF PRESS,,LOABS,PULV LOW SEAL AIR HDR DIFF PRESS,RTN,1,4.06494,4,INH2O,!WP1001!WP1002!WP1003!WP1006!WP1007!WP1014!hist14!CP1004,1
2026-07-16 11:07:42.1,1SCR_B_NH3,NOX_ERR_HIGH,SCR B NOX ERROR   HIGH,,STATE,ALARM,ALM,1,,,,!WP1001!WP1002!WP1003!WP1006!WP1007!WP1014!hist14!CP1016,1
2026-07-16 11:07:46.0,1PDF,SLPSL0001,PULV LOW SEAL AIR HDR DIFF PRESS,,LOABS,PULV LOW SEAL AIR HDR DIFF PRESS,ALM,1,3.97412,4,INH2O,!WP1001!WP1002!WP1003!WP1006!WP1007!WP1014!hist14!CP1004,1
2026-07-16 11:07:51.0,1PDF,SLPSL0001,PULV LOW SEAL AIR HDR DIFF PRESS,,LOABS,PULV LOW SEAL AIR HDR DIFF PRESS,RTN,1,4.07842,4,INH2O,!WP1001!WP1002!WP1003!WP1006!WP1007!WP1014!hist14!CP1004,1
2026-07-16 11:08:24.1,1SCR_B_PRESS,FGPDI5228B,SCR B CAT LAYER 4 DP,1SR114 PNT 4,HHABS,HI HI DP,RTN,1,1.19241,1.7,INH2O,!WP1001!WP1002!WP1003!WP1006!WP1007!WP1014!hist14!CP1016,1
2026-07-16 11:08:37.0,1PDF,SLPSL0001,PULV LOW SEAL AIR HDR DIFF PRESS,,LOABS,PULV LOW SEAL AIR HDR DIFF PRESS,ALM,1,3.9876,4,INH2O,!WP1001!WP1002!WP1003!WP1006!WP1007!WP1014!hist14!CP1004,1
2026-07-16 11:08:38.0,1PDF,SLPSL0001,PULV LOW SEAL AIR HDR DIFF PRESS,,LOABS,PULV LOW SEAL AIR HDR DIFF PRESS,RTN,1,4.01397,4,INH2O,!WP1001!WP1002!WP1003!WP1006!WP1007!WP1014!hist14!CP1004,1
2026-07-16 11:08:40.0,1PDF,SLPSL0001,PULV LOW SEAL AIR HDR DIFF PRESS,,LOABS,PULV LOW SEAL AIR HDR DIFF PRESS,ALM,1,3.9876,4,INH2O,!WP1001!WP1002!WP1003!WP1006!WP1007!WP1014!hist14!CP1004,1
2026-07-16 11:08:41.0,1PDF,SLPSL0001,PULV LOW SEAL AIR HDR DIFF PRESS,,LOABS,PULV LOW SEAL AIR HDR DIFF PRESS,RTN,1,4.05586,4,INH2O,!WP1001!WP1002!WP1003!WP1006!WP1007!WP1014!hist14!CP1004,1
2026-07-16 11:08:53.3,1AAIR,B16,WINDBOX/FURN DIFF PRESS,,LLABS,WINDBIX/FURN PRESS LOW,RTN,5,2.50426,2,INWC,!WP1001!WP1002!WP1003!WP1006!WP1007!WP1014!hist14!CP1001,1
2026-07-16 11:08:53.0,1PDF,SLPSL0001,PULV LOW SEAL AIR HDR DIFF PRESS,,LOABS,PULV LOW SEAL AIR HDR DIFF PRESS,ALM,1,3.99492,4,INH2O,!WP1001!WP1002!WP1003!WP1006!WP1007!WP1014!hist14!CP1004,1
2026-07-16 11:08:58.1,1SCR_B_NH3,NOX_ERR_HIGH,SCR B NOX ERROR   HIGH,,STATE,NORMAL,RTN,1,,,,!WP1001!WP1002!WP1003!WP1006!WP1007!WP1014!hist14!CP1016,1
2026-07-16 11:09:02.0,1PDF,SLPSL0001,PULV LOW SEAL AIR HDR DIFF PRESS,,LOABS,PULV LOW SEAL AIR HDR DIFF PRESS,RTN,1,4.05908,4,INH2O,!WP1001!WP1002!WP1003!WP1006!WP1007!WP1014!hist14!CP1004,1
2026-07-16 11:09:03.0,1PDF,SLPSL0001,PULV LOW SEAL AIR HDR DIFF PRESS,,LOABS,PULV LOW SEAL AIR HDR DIFF PRESS,ALM,1,3.90674,4,INH2O,!WP1001!WP1002!WP1003!WP1006!WP1007!WP1014!hist14!CP1004,1
2026-07-16 11:11:56.0,1PDF,SLPSL0001,PULV LOW SEAL AIR HDR DIFF PRESS,,LOABS,PULV LOW SEAL AIR HDR DIFF PRESS,RTN,1,4.07432,4,INH2O,!WP1001!WP1002!WP1003!WP1006!WP1007!WP1014!hist14!CP1004,1
2026-07-16 11:11:59.0,1PDF,SLPSL0001,PULV LOW SEAL AIR HDR DIFF PRESS,,LOABS,PULV LOW SEAL AIR HDR DIFF PRESS,ALM,1,3.91553,4,INH2O,!WP1001!WP1002!WP1003!WP1006!WP1007!WP1014!hist14!CP1004,1
2026-07-16 11:12:03.0,1PDF,SLPSL0001,PULV LOW SEAL AIR HDR DIFF PRESS,,LOABS,PULV LOW SEAL AIR HDR DIFF PRESS,RTN,1,4.03271,4,INH2O,!WP1001!WP1002!WP1003!WP1006!WP1007!WP1014!hist14!CP1004,1
2026-07-16 11:12:04.0,1PDF,SLPSL0001,PULV LOW SEAL AIR HDR DIFF PRESS,,LOABS,PULV LOW SEAL AIR HDR DIFF PRESS,ALM,1,3.97764,4,INH2O,!WP1001!WP1002!WP1003!WP1006!WP1007!WP1014!hist14!CP1004,1
2026-07-16 11:12:36.0,1PDF,SLPSL0001,PULV LOW SEAL AIR HDR DIFF PRESS,,LOABS,PULV LOW SEAL AIR HDR DIFF PRESS,RTN,1,4.15195,4,INH2O,!WP1001!WP1002!WP1003!WP1006!WP1007!WP1014!hist14!CP1004,1
2026-07-16 11:12:39.0,1PDF,SLPSL0001,PULV LOW SEAL AIR HDR DIFF PRESS,,LOABS,PULV LOW SEAL AIR HDR DIFF PRESS,ALM,1,3.9873,4,INH2O,!WP1001!WP1002!WP1003!WP1006!WP1007!WP1014!hist14!CP1004,1
2026-07-16 11:12:43.0,1PDF,SLPSL0001,PULV LOW SEAL AIR HDR DIFF PRESS,,LOABS,PULV LOW SEAL AIR HDR DIFF PRESS,RTN,1,4.05234,4,INH2O,!WP1001!WP1002!WP1003!WP1006!WP1007!WP1014!hist14!CP1004,1
2026-07-16 11:13:09.0,1PDF,SLPSL0001,PULV LOW SEAL AIR HDR DIFF PRESS,,LOABS,PULV LOW SEAL AIR HDR DIFF PRESS,ALM,1,3.96387,4,INH2O,!WP1001!WP1002!WP1003!WP1006!WP1007!WP1014!hist14!CP1004,1
2026-07-16 11:13:14.5,1BFB_GSM_ALM,BFB_ALM20,MARK VIE B BFPT ALARM,,STA_7,B BFPT MANUAL/DCS ERROR,ALM,5,0,0,,!WP1001!WP1002!WP1003!WP1006!WP1007!WP1014!hist14!CP1011,1
2026-07-16 11:13:47.0,1DAS11,IAAH3281,COND PUMP DISCH   SILICA,1233,HIABS,HIGH,ALM,1,10.0098,10,ppb,!WP1002!WP1006!WP1007!WP1001!WP1003!WP1014!hist14!CP1008,1
2026-07-16 11:14:47.1,1AB_SURGEA,ABPDAH5119A,TRNSPT BLWR A INLTFLT DP HI,,STATE,NOT HIGH,ALM,5,,,,!WP1002!WP1011!WP1001!hist14!CP1020,1
2026-07-16 11:14:59.1,1AB_SURGEA,ABPDAH5119A,TRNSPT BLWR A INLTFLT DP HI,,STATE,HIGH,RTN,5,,,,!WP1002!WP1011!WP1001!hist14!CP1020,1
2026-07-16 11:17:35.0,1PDF,SLPSL0001,PULV LOW SEAL AIR HDR DIFF PRESS,,LOABS,PULV LOW SEAL AIR HDR DIFF PRESS,RTN,1,4.03857,4,INH2O,!WP1001!WP1002!WP1003!WP1006!WP1007!WP1014!hist14!CP1004,1
2026-07-16 11:17:36.0,1PDF,SLPSL0001,PULV LOW SEAL AIR HDR DIFF PRESS,,LOABS,PULV LOW SEAL AIR HDR DIFF PRESS,ALM,1,3.96738,4,INH2O,!WP1001!WP1002!WP1003!WP1006!WP1007!WP1014!hist14!CP1004,1
2026-07-16 11:17:37.0,1PDF,SLPSL0001,PULV LOW SEAL AIR HDR DIFF PRESS,,LOABS,PULV LOW SEAL AIR HDR DIFF PRESS,RTN,1,4.04707,4,INH2O,!WP1001!WP1002!WP1003!WP1006!WP1007!WP1014!hist14!CP1004,1
2026-07-16 11:17:42.0,1PDF,SLPSL0001,PULV LOW SEAL AIR HDR DIFF PRESS,,LOABS,PULV LOW SEAL AIR HDR DIFF PRESS,ALM,1,3.99258,4,INH2O,!WP1001!WP1002!WP1003!WP1006!WP1007!WP1014!hist14!CP1004,1
2026-07-16 11:17:45.0,1PDF,SLPSL0001,PULV LOW SEAL AIR HDR DIFF PRESS,,LOABS,PULV LOW SEAL AIR HDR DIFF PRESS,RTN,1,4.03594,4,INH2O,!WP1001!WP1002!WP1003!WP1006!WP1007!WP1014!hist14!CP1004,1
2026-07-16 11:17:55.1,1WB_DEV,AA_JJ_DEV,AUX AIR JJ ANY DEV,,STATE,DEVIATION,ALM,5,,,INH2O,,0
2026-07-16 11:18:10.0,1PDF,SLPSL0001,PULV LOW SEAL AIR HDR DIFF PRESS,,LOABS,PULV LOW SEAL AIR HDR DIFF PRESS,ALM,1,3.94512,4,INH2O,!WP1001!WP1002!WP1003!WP1006!WP1007!WP1014!hist14!CP1004,1
2026-07-16 11:18:21.0,1PDF,SLPSL0001,PULV LOW SEAL AIR HDR DIFF PRESS,,LOABS,PULV LOW SEAL AIR HDR DIFF PRESS,RTN,1,4.00254,4,INH2O,!WP1001!WP1002!WP1003!WP1006!WP1007!WP1014!hist14!CP1004,1
2026-07-16 11:18:24.0,1PDF,SLPSL0001,PULV LOW SEAL AIR HDR DIFF PRESS,,LOABS,PULV LOW SEAL AIR HDR DIFF PRESS,ALM,1,3.95772,4,INH2O,!WP1001!WP1002!WP1003!WP1006!WP1007!WP1014!hist14!CP1004,1
2026-07-16 11:21:57.0,1PDF,SLPSL0001,PULV LOW SEAL AIR HDR DIFF PRESS,,LOABS,PULV LOW SEAL AIR HDR DIFF PRESS,RTN,1,4.01777,4,INH2O,!WP1001!WP1002!WP1003!WP1006!WP1007!WP1014!hist14!CP1004,1
2026-07-16 11:22:15.0,1PDF,SLPSL0001,PULV LOW SEAL AIR HDR DIFF PRESS,,LOABS,PULV LOW SEAL AIR HDR DIFF PRESS,ALM,1,3.96563,4,INH2O,!WP1001!WP1002!WP1003!WP1006!WP1007!WP1014!hist14!CP1004,1
2026-07-16 11:22:42.0,1PDF,SLPSL0001,PULV LOW SEAL AIR HDR DIFF PRESS,,LOABS,PULV LOW SEAL AIR HDR DIFF PRESS,RTN,1,4.02656,4,INH2O,!WP1001!WP1002!WP1003!WP1006!WP1007!WP1014!hist14!CP1004,1
2026-07-16 11:22:43.0,1PDF,SLPSL0001,PULV LOW SEAL AIR HDR DIFF PRESS,,LOABS,PULV LOW SEAL AIR HDR DIFF PRESS,ALM,1,3.929,4,INH2O,!WP1001!WP1002!WP1003!WP1006!WP1007!WP1014!hist14!CP1004,1
2026-07-16 11:22:52.0,1PDF,SLPSL0001,PULV LOW SEAL AIR HDR DIFF PRESS,,LOABS,PULV LOW SEAL AIR HDR DIFF PRESS,RTN,1,4.03096,4,INH2O,!WP1001!WP1002!WP1003!WP1006!WP1007!WP1014!hist14!CP1004,1
2026-07-16 11:22:53.0,1PDF,SLPSL0001,PULV LOW SEAL AIR HDR DIFF PRESS,,LOABS,PULV LOW SEAL AIR HDR DIFF PRESS,ALM,1,3.99492,4,INH2O,!WP1001!WP1002!WP1003!WP1006!WP1007!WP1014!hist14!CP1004,1
2026-07-16 11:22:58.0,1PDF,SLPSL0001,PULV LOW SEAL AIR HDR DIFF PRESS,,LOABS,PULV LOW SEAL AIR HDR DIFF PRESS,RTN,1,4.03184,4,INH2O,!WP1001!WP1002!WP1003!WP1006!WP1007!WP1014!hist14!CP1004,1
2026-07-16 11:23:15.0,1PDF,SLPSL0001,PULV LOW SEAL AIR HDR DIFF PRESS,,LOABS,PULV LOW SEAL AIR HDR DIFF PRESS,ALM,1,3.99199,4,INH2O,!WP1001!WP1002!WP1003!WP1006!WP1007!WP1014!hist14!CP1004,1
2026-07-16 11:25:53.0,1BFB_GSM_ALM,BFB_ALM20,MARK VIE B BFPT ALARM,,STA_7,B BFPT MANUAL/DCS OK,RTN,5,0,0,,!WP1001!WP1002!WP1003!WP1006!WP1007!WP1014!hist14!CP1011,1
2026-07-16 11:26:53.0,1PDF,SLPSL0001,PULV LOW SEAL AIR HDR DIFF PRESS,,LOABS,PULV LOW SEAL AIR HDR DIFF PRESS,RTN,1,4.08281,4,INH2O,!WP1001!WP1002!WP1003!WP1006!WP1007!WP1014!hist14!CP1004,1
2026-07-16 11:26:56.0,1PDF,SLPSL0001,PULV LOW SEAL AIR HDR DIFF PRESS,,LOABS,PULV LOW SEAL AIR HDR DIFF PRESS,ALM,1,3.97295,4,INH2O,!WP1001!WP1002!WP1003!WP1006!WP1007!WP1014!hist14!CP1004,1
2026-07-16 11:27:04.0,1PDF,SLPSL0001,PULV LOW SEAL AIR HDR DIFF PRESS,,LOABS,PULV LOW SEAL AIR HDR DIFF PRESS,RTN,1,4.0125,4,INH2O,!WP1001!WP1002!WP1003!WP1006!WP1007!WP1014!hist14!CP1004,1
2026-07-16 11:27:05.0,1PDF,SLPSL0001,PULV LOW SEAL AIR HDR DIFF PRESS,,LOABS,PULV LOW SEAL AIR HDR DIFF PRESS,ALM,1,3.90264,4,INH2O,!WP1001!WP1002!WP1003!WP1006!WP1007!WP1014!hist14!CP1004,1
2026-07-16 11:27:42.0,1PDF,SLPSL0001,PULV LOW SEAL AIR HDR DIFF PRESS,,LOABS,PULV LOW SEAL AIR HDR DIFF PRESS,RTN,1,4.0166,4,INH2O,!WP1001!WP1002!WP1003!WP1006!WP1007!WP1014!hist14!CP1004,1
2026-07-16 11:27:46.5,1BFB_GSM_ALM,BFB_ALM20,MARK VIE B BFPT ALARM,,STA_7,B BFPT MANUAL/DCS ERROR,ALM,5,0,0,,!WP1001!WP1002!WP1003!WP1006!WP1007!WP1014!hist14!CP1011,1
2026-07-16 11:28:38.0,1PDF,SLPSL0001,PULV LOW SEAL AIR HDR DIFF PRESS,,LOABS,PULV LOW SEAL AIR HDR DIFF PRESS,ALM,1,3.86484,4,INH2O,!WP1001!WP1002!WP1003!WP1006!WP1007!WP1014!hist14!CP1004,1
2026-07-16 11:28:45.0,1PDF,SLPSL0001,PULV LOW SEAL AIR HDR DIFF PRESS,,LOABS,PULV LOW SEAL AIR HDR DIFF PRESS,RTN,1,4.12676,4,INH2O,!WP1001!WP1002!WP1003!WP1006!WP1007!WP1014!hist14!CP1004,1
2026-07-16 11:28:46.0,1PDF,SLPSL0001,PULV LOW SEAL AIR HDR DIFF PRESS,,LOABS,PULV LOW SEAL AIR HDR DIFF PRESS,ALM,1,3.98613,4,INH2O,!WP1001!WP1002!WP1003!WP1006!WP1007!WP1014!hist14!CP1004,1
2026-07-16 11:28:53.0,1PDF,SLPSL0001,PULV LOW SEAL AIR HDR DIFF PRESS,,LOABS,PULV LOW SEAL AIR HDR DIFF PRESS,RTN,1,4.0292,4,INH2O,!WP1001!WP1002!WP1003!WP1006!WP1007!WP1014!hist14!CP1004,1
2026-07-16 11:28:54.0,1PDF,SLPSL0001,PULV LOW SEAL AIR HDR DIFF PRESS,,LOABS,PULV LOW SEAL AIR HDR DIFF PRESS,ALM,1,3.9208,4,INH2O,!WP1001!WP1002!WP1003!WP1006!WP1007!WP1014!hist14!CP1004,1
2026-07-16 11:29:25.0,1PDF,SLPSL0001,PULV LOW SEAL AIR HDR DIFF PRESS,,LOABS,PULV LOW SEAL AIR HDR DIFF PRESS,RTN,1,4.13496,4,INH2O,!WP1001!WP1002!WP1003!WP1006!WP1007!WP1014!hist14!CP1004,1
2026-07-16 11:29:28.0,1PDF,SLPSL0001,PULV LOW SEAL AIR HDR DIFF PRESS,,LOABS,PULV LOW SEAL AIR HDR DIFF PRESS,ALM,1,3.97324,4,INH2O,!WP1001!WP1002!WP1003!WP1006!WP1007!WP1014!hist14!CP1004,1
2026-07-16 11:29:32.0,1PDF,SLPSL0001,PULV LOW SEAL AIR HDR DIFF PRESS,,LOABS,PULV LOW SEAL AIR HDR DIFF PRESS,RTN,1,4.0043,4,INH2O,!WP1001!WP1002!WP1003!WP1006!WP1007!WP1014!hist14!CP1004,1
2026-07-16 11:29:38.0,1PDF,SLPSL0001,PULV LOW SEAL AIR HDR DIFF PRESS,,LOABS,PULV LOW SEAL AIR HDR DIFF PRESS,ALM,1,3.93867,4,INH2O,!WP1001!WP1002!WP1003!WP1006!WP1007!WP1014!hist14!CP1004,1
2026-07-16 11:38:29.0,1PDF,SLPSL0001,PULV LOW SEAL AIR HDR DIFF PRESS,,LOABS,PULV LOW SEAL AIR HDR DIFF PRESS,RTN,1,4.03418,4,INH2O,!WP1001!WP1002!WP1003!WP1006!WP1007!WP1014!hist14!CP1004,1
2026-07-16 11:39:33.0,1PDF,SLPSL0001,PULV LOW SEAL AIR HDR DIFF PRESS,,LOABS,PULV LOW SEAL AIR HDR DIFF PRESS,ALM,1,3.96563,4,INH2O,!WP1001!WP1002!WP1003!WP1006!WP1007!WP1014!hist14!CP1004,1
2026-07-16 11:39:48.0,1PDF,SLPSL0001,PULV LOW SEAL AIR HDR DIFF PRESS,,LOABS,PULV LOW SEAL AIR HDR DIFF PRESS,RTN,1,4.04736,4,INH2O,!WP1001!WP1002!WP1003!WP1006!WP1007!WP1014!hist14!CP1004,1
2026-07-16 11:39:52.0,1PDF,SLPSL0001,PULV LOW SEAL AIR HDR DIFF PRESS,,LOABS,PULV LOW SEAL AIR HDR DIFF PRESS,ALM,1,3.93018,4,INH2O,!WP1001!WP1002!WP1003!WP1006!WP1007!WP1014!hist14!CP1004,1
2026-07-16 11:39:59.3,1TC,B21,DROOP ACTIVE,DROOP,STATE,ACTIVE,ALM,5,,,,!hist14!CP1001,2
2026-07-16 11:40:39.8,1TC,B21,DROOP ACTIVE,DROOP,STATE,NORMAL,RTN,5,,,,!hist14!CP1001,2
2026-07-16 11:42:45.0,1PDF,SLPSL0001,PULV LOW SEAL AIR HDR DIFF PRESS,,LOABS,PULV LOW SEAL AIR HDR DIFF PRESS,RTN,1,4.00811,4,INH2O,!WP1001!WP1002!WP1003!WP1006!WP1007!WP1014!hist14!CP1004,1
2026-07-16 11:42:47.0,1PDF,SLPSL0001,PULV LOW SEAL AIR HDR DIFF PRESS,,LOABS,PULV LOW SEAL AIR HDR DIFF PRESS,ALM,1,3.95566,4,INH2O,!WP1001!WP1002!WP1003!WP1006!WP1007!WP1014!hist14!CP1004,1
2026-07-16 11:42:50.0,1PDF,SLPSL0001,PULV LOW SEAL AIR HDR DIFF PRESS,,LOABS,PULV LOW SEAL AIR HDR DIFF PRESS,RTN,1,4.08193,4,INH2O,!WP1001!WP1002!WP1003!WP1006!WP1007!WP1014!hist14!CP1004,1
2026-07-16 11:43:39.4,1FG_A,ZSH5601A,BF A BLADE PITCH,,HIABS,BLADE PITCH ALARM,ALM,3,70.0254,70,%,!WP1001!WP1002!WP1003!WP1006!WP1007!WP1014!hist14!CP1015,1
2026-07-16 11:43:39.0,1FG_B,ZSH5701A,BF B BLADE PITCH,,HIABS,BLADE PITCH ALARM,ALM,3,70.1191,70,%,!WP1001!WP1002!WP1003!WP1006!WP1007!WP1014!hist14!CP1015,1
2026-07-16 11:44:12.4,1SEAL_AIR,PDI5735_ALM,BF B OUT DMPR SEAL CAV D/P LOW,,STATE,DP ALARM ACTIVE,ALM,3,,,,!WP1001!WP1002!WP1003!WP1006!WP1007!WP1014!hist14!CP1015,1
2026-07-16 11:44:17.0,1PDF,SLPSL0001,PULV LOW SEAL AIR HDR DIFF PRESS,,LOABS,PULV LOW SEAL AIR HDR DIFF PRESS,ALM,1,3.96475,4,INH2O,!WP1001!WP1002!WP1003!WP1006!WP1007!WP1014!hist14!CP1004,1
2026-07-16 11:44:18.0,1PDF,SLPSL0001,PULV LOW SEAL AIR HDR DIFF PRESS,,LOABS,PULV LOW SEAL AIR HDR DIFF PRESS,RTN,1,4.02598,4,INH2O,!WP1001!WP1002!WP1003!WP1006!WP1007!WP1014!hist14!CP1004,1
2026-07-16 11:44:21.0,1PDF,SLPSL0001,PULV LOW SEAL AIR HDR DIFF PRESS,,LOABS,PULV LOW SEAL AIR HDR DIFF PRESS,ALM,1,3.99961,4,INH2O,!WP1001!WP1002!WP1003!WP1006!WP1007!WP1014!hist14!CP1004,1
2026-07-16 11:44:22.0,1PDF,SLPSL0001,PULV LOW SEAL AIR HDR DIFF PRESS,,LOABS,PULV LOW SEAL AIR HDR DIFF PRESS,RTN,1,4.09219,4,INH2O,!WP1001!WP1002!WP1003!WP1006!WP1007!WP1014!hist14!CP1004,1
2026-07-16 11:44:24.8,1TC,B21,DROOP ACTIVE,DROOP,STATE,ACTIVE,ALM,5,,,,!hist14!CP1001,2
2026-07-16 11:44:37.0,1PDF,SLPSL0001,PULV LOW SEAL AIR HDR DIFF PRESS,,LOABS,PULV LOW SEAL AIR HDR DIFF PRESS,ALM,1,3.92578,4,INH2O,!WP1001!WP1002!WP1003!WP1006!WP1007!WP1014!hist14!CP1004,1
2026-07-16 11:44:42.3,1TC,B21,DROOP ACTIVE,DROOP,STATE,NORMAL,RTN,5,,,,!hist14!CP1001,2
2026-07-16 11:45:12.0,1FG_B,ZSH5701A,BF B BLADE PITCH,,HIABS,BLADE PITCH ALARM,RTN,3,69.8223,70,%,!WP1001!WP1002!WP1003!WP1006!WP1007!WP1014!hist14!CP1015,1
2026-07-16 11:45:13.0,1FG_A,ZSH5601A,BF A BLADE PITCH,,HIABS,BLADE PITCH ALARM,RTN,3,69.8574,70,%,!WP1001!WP1002!WP1003!WP1006!WP1007!WP1014!hist14!CP1015,1
2026-07-16 11:45:39.0,1FUEL_SFTY,FPTX_ALM,DRAFT TRANSMITTER DEVIATION,,STATE,FURN DRAFT PRESS XMTR DEVIATION,ALM,5,,,,!WP1001!WP1002!WP1003!WP1006!WP1007!WP1014!hist14!CP1004,1
2026-07-16 11:45:45.4,1SEAL_AIR,PDI5735_ALM,BF B OUT DMPR SEAL CAV D/P LOW,,STATE,DP ALARM CLEAR,RTN,3,,,,!WP1001!WP1002!WP1003!WP1006!WP1007!WP1014!hist14!CP1015,1
2026-07-16 11:46:00.0,1FUEL_SFTY,FPTX_ALM,DRAFT TRANSMITTER DEVIATION,,STATE,NO DEVIATION,RTN,5,,,,!WP1001!WP1002!WP1003!WP1006!WP1007!WP1014!hist14!CP1004,1
2026-07-16 11:48:03.6,1AB_EXTRACT,ABPDI5051,ASH CLR EXTR      DIFF PRESS,,IOBAD,BAD CHANNEL,ALM,3,,,,!WP1002!WP1011!WP1001!hist14!CP1020,1
2026-07-16 11:50:20.1,1WB_DEV,AA_JJ_DEV,AUX AIR JJ ANY DEV,,STATE,NORMAL,RTN,5,,,INH2O,,0
2026-07-16 11:50:38.0,1PDF,SLPSL0001,PULV LOW SEAL AIR HDR DIFF PRESS,,LOABS,PULV LOW SEAL AIR HDR DIFF PRESS,RTN,1,4.07256,4,INH2O,!WP1001!WP1002!WP1003!WP1006!WP1007!WP1014!hist14!CP1004,1
2026-07-16 11:50:55.0,1PDF,SLPSL0001,PULV LOW SEAL AIR HDR DIFF PRESS,,LOABS,PULV LOW SEAL AIR HDR DIFF PRESS,ALM,1,3.95303,4,INH2O,!WP1001!WP1002!WP1003!WP1006!WP1007!WP1014!hist14!CP1004,1
2026-07-16 11:50:56.0,1PDF,SLPSL0001,PULV LOW SEAL AIR HDR DIFF PRESS,,LOABS,PULV LOW SEAL AIR HDR DIFF PRESS,RTN,1,4.02598,4,INH2O,!WP1001!WP1002!WP1003!WP1006!WP1007!WP1014!hist14!CP1004,1
2026-07-16 11:50:57.0,1PDF,SLPSL0001,PULV LOW SEAL AIR HDR DIFF PRESS,,LOABS,PULV LOW SEAL AIR HDR DIFF PRESS,ALM,1,3.97441,4,INH2O,!WP1001!WP1002!WP1003!WP1006!WP1007!WP1014!hist14!CP1004,1
2026-07-16 11:51:10.0,1PDF,SLPSL0001,PULV LOW SEAL AIR HDR DIFF PRESS,,LOABS,PULV LOW SEAL AIR HDR DIFF PRESS,RTN,1,4.004,4,INH2O,!WP1001!WP1002!WP1003!WP1006!WP1007!WP1014!hist14!CP1004,1
2026-07-16 11:51:12.0,1PDF,SLPSL0001,PULV LOW SEAL AIR HDR DIFF PRESS,,LOABS,PULV LOW SEAL AIR HDR DIFF PRESS,ALM,1,3.99375,4,INH2O,!WP1001!WP1002!WP1003!WP1006!WP1007!WP1014!hist14!CP1004,1
2026-07-16 11:51:13.0,1PDF,SLPSL0001,PULV LOW SEAL AIR HDR DIFF PRESS,,LOABS,PULV LOW SEAL AIR HDR DIFF PRESS,RTN,1,4.05,4,INH2O,!WP1001!WP1002!WP1003!WP1006!WP1007!WP1014!hist14!CP1004,1
2026-07-16 11:51:14.0,1PDF,SLPSL0001,PULV LOW SEAL AIR HDR DIFF PRESS,,LOABS,PULV LOW SEAL AIR HDR DIFF PRESS,ALM,1,3.96387,4,INH2O,!WP1001!WP1002!WP1003!WP1006!WP1007!WP1014!hist14!CP1004,1
2026-07-16 11:51:16.0,1PDF,SLPSL0001,PULV LOW SEAL AIR HDR DIFF PRESS,,LOABS,PULV LOW SEAL AIR HDR DIFF PRESS,RTN,1,4.04238,4,INH2O,!WP1001!WP1002!WP1003!WP1006!WP1007!WP1014!hist14!CP1004,1
2026-07-16 11:51:54.7,1SCR_B_PRESS,FGPDI5228B,SCR B CAT LAYER 4 DP,1SR114 PNT 4,HHABS,HI HI DP,ALM,1,1.70073,1.7,INH2O,!WP1001!WP1002!WP1003!WP1006!WP1007!WP1014!hist14!CP1016,1
2026-07-16 11:52:17.0,1PDF,SLPSL0001,PULV LOW SEAL AIR HDR DIFF PRESS,,LOABS,PULV LOW SEAL AIR HDR DIFF PRESS,ALM,1,3.98115,4,INH2O,!WP1001!WP1002!WP1003!WP1006!WP1007!WP1014!hist14!CP1004,1
2026-07-16 11:52:18.0,1PDF,SLPSL0001,PULV LOW SEAL AIR HDR DIFF PRESS,,LOABS,PULV LOW SEAL AIR HDR DIFF PRESS,RTN,1,4.11211,4,INH2O,!WP1001!WP1002!WP1003!WP1006!WP1007!WP1014!hist14!CP1004,1
2026-07-16 11:52:19.0,1PDF,SLPSL0001,PULV LOW SEAL AIR HDR DIFF PRESS,,LOABS,PULV LOW SEAL AIR HDR DIFF PRESS,ALM,1,3.98145,4,INH2O,!WP1001!WP1002!WP1003!WP1006!WP1007!WP1014!hist14!CP1004,1
2026-07-16 11:52:20.0,1PDF,SLPSL0001,PULV LOW SEAL AIR HDR DIFF PRESS,,LOABS,PULV LOW SEAL AIR HDR DIFF PRESS,RTN,1,4.05615,4,INH2O,!WP1001!WP1002!WP1003!WP1006!WP1007!WP1014!hist14!CP1004,1
2026-07-16 11:52:21.0,1PDF,SLPSL0001,PULV LOW SEAL AIR HDR DIFF PRESS,,LOABS,PULV LOW SEAL AIR HDR DIFF PRESS,ALM,1,3.90146,4,INH2O,!WP1001!WP1002!WP1003!WP1006!WP1007!WP1014!hist14!CP1004,1
2026-07-16 11:52:24.0,1PDF,SLPSL0001,PULV LOW SEAL AIR HDR DIFF PRESS,,LOABS,PULV LOW SEAL AIR HDR DIFF PRESS,RTN,1,4.02275,4,INH2O,!WP1001!WP1002!WP1003!WP1006!WP1007!WP1014!hist14!CP1004,1
2026-07-16 11:52:27.0,1PDF,SLPSL0001,PULV LOW SEAL AIR HDR DIFF PRESS,,LOABS,PULV LOW SEAL AIR HDR DIFF PRESS,ALM,1,3.96855,4,INH2O,!WP1001!WP1002!WP1003!WP1006!WP1007!WP1014!hist14!CP1004,1
2026-07-16 11:52:52.0,1PDF,SLPSL0001,PULV LOW SEAL AIR HDR DIFF PRESS,,LOABS,PULV LOW SEAL AIR HDR DIFF PRESS,RTN,1,4.04619,4,INH2O,!WP1001!WP1002!WP1003!WP1006!WP1007!WP1014!hist14!CP1004,1
2026-07-16 11:52:58.1,1WB_DEV,AA_JJ_DEV,AUX AIR JJ ANY DEV,,STATE,DEVIATION,ALM,5,,,INH2O,,0
2026-07-16 11:53:12.0,1PDF,SLPSL0001,PULV LOW SEAL AIR HDR DIFF PRESS,,LOABS,PULV LOW SEAL AIR HDR DIFF PRESS,ALM,1,3.95889,4,INH2O,!WP1001!WP1002!WP1003!WP1006!WP1007!WP1014!hist14!CP1004,1
2026-07-16 11:53:15.0,1PDF,SLPSL0001,PULV LOW SEAL AIR HDR DIFF PRESS,,LOABS,PULV LOW SEAL AIR HDR DIFF PRESS,RTN,1,4.01953,4,INH2O,!WP1001!WP1002!WP1003!WP1006!WP1007!WP1014!hist14!CP1004,1
2026-07-16 11:53:16.0,1PDF,SLPSL0001,PULV LOW SEAL AIR HDR DIFF PRESS,,LOABS,PULV LOW SEAL AIR HDR DIFF PRESS,ALM,1,3.96416,4,INH2O,!WP1001!WP1002!WP1003!WP1006!WP1007!WP1014!hist14!CP1004,1
2026-07-16 11:53:17.0,1PDF,SLPSL0001,PULV LOW SEAL AIR HDR DIFF PRESS,,LOABS,PULV LOW SEAL AIR HDR DIFF PRESS,RTN,1,4.02275,4,INH2O,!WP1001!WP1002!WP1003!WP1006!WP1007!WP1014!hist14!CP1004,1
2026-07-16 11:53:18.0,1PDF,SLPSL0001,PULV LOW SEAL AIR HDR DIFF PRESS,,LOABS,PULV LOW SEAL AIR HDR DIFF PRESS,ALM,1,3.82061,4,INH2O,!WP1001!WP1002!WP1003!WP1006!WP1007!WP1014!hist14!CP1004,1
2026-07-16 11:53:30.2,1SCR_B_PRESS,FGPDI5228B,SCR B CAT LAYER 4 DP,1SR114 PNT 4,HHABS,HI HI DP,RTN,1,1.1995,1.7,INH2O,!WP1001!WP1002!WP1003!WP1006!WP1007!WP1014!hist14!CP1016,1
2026-07-16 11:53:42.0,1PDF,SLPSL0001,PULV LOW SEAL AIR HDR DIFF PRESS,,LOABS,PULV LOW SEAL AIR HDR DIFF PRESS,RTN,1,4.00693,4,INH2O,!WP1001!WP1002!WP1003!WP1006!WP1007!WP1014!hist14!CP1004,1
2026-07-16 11:53:43.0,1PDF,SLPSL0001,PULV LOW SEAL AIR HDR DIFF PRESS,,LOABS,PULV LOW SEAL AIR HDR DIFF PRESS,ALM,1,3.84258,4,INH2O,!WP1001!WP1002!WP1003!WP1006!WP1007!WP1014!hist14!CP1004,1
2026-07-16 11:53:48.0,1PDF,SLPSL0001,PULV LOW SEAL AIR HDR DIFF PRESS,,LOABS,PULV LOW SEAL AIR HDR DIFF PRESS,RTN,1,4.09717,4,INH2O,!WP1001!WP1002!WP1003!WP1006!WP1007!WP1014!hist14!CP1004,1
2026-07-16 11:53:52.0,1PDF,SLPSL0001,PULV LOW SEAL AIR HDR DIFF PRESS,,LOABS,PULV LOW SEAL AIR HDR DIFF PRESS,ALM,1,3.93633,4,INH2O,!WP1001!WP1002!WP1003!WP1006!WP1007!WP1014!hist14!CP1004,1
2026-07-16 11:54:46.0,PAC_PLC,ACI_FDR_A_TR,ACI FDR A AC-WIC-5007 TRBLE ALM,,CHANGE,PAC FEEDER A TROUBLE,ALM,1,,,,!WP1001!WP1002!WP1003!WP1006!WP1007!WP1014!hist14!CP1003,1
2026-07-16 11:55:40.0,1PDF,SLPSL0001,PULV LOW SEAL AIR HDR DIFF PRESS,,LOABS,PULV LOW SEAL AIR HDR DIFF PRESS,RTN,1,4.04033,4,INH2O,!WP1001!WP1002!WP1003!WP1006!WP1007!WP1014!hist14!CP1004,1
2026-07-16 11:55:41.0,1PDF,SLPSL0001,PULV LOW SEAL AIR HDR DIFF PRESS,,LOABS,PULV LOW SEAL AIR HDR DIFF PRESS,ALM,1,3.96855,4,INH2O,!WP1001!WP1002!WP1003!WP1006!WP1007!WP1014!hist14!CP1004,1
2026-07-16 11:55:42.0,1PDF,SLPSL0001,PULV LOW SEAL AIR HDR DIFF PRESS,,LOABS,PULV LOW SEAL AIR HDR DIFF PRESS,RTN,1,4.05527,4,INH2O,!WP1001!WP1002!WP1003!WP1006!WP1007!WP1014!hist14!CP1004,1
2026-07-16 11:55:43.0,1PDF,SLPSL0001,PULV LOW SEAL AIR HDR DIFF PRESS,,LOABS,PULV LOW SEAL AIR HDR DIFF PRESS,ALM,1,3.93867,4,INH2O,!WP1001!WP1002!WP1003!WP1006!WP1007!WP1014!hist14!CP1004,1
2026-07-16 11:55:44.0,1PDF,SLPSL0001,PULV LOW SEAL AIR HDR DIFF PRESS,,LOABS,PULV LOW SEAL AIR HDR DIFF PRESS,RTN,1,4.05645,4,INH2O,!WP1001!WP1002!WP1003!WP1006!WP1007!WP1014!hist14!CP1004,1
2026-07-16 11:55:58.0,1PDF,SLPSL0001,PULV LOW SEAL AIR HDR DIFF PRESS,,LOABS,PULV LOW SEAL AIR HDR DIFF PRESS,ALM,1,3.9457,4,INH2O,!WP1001!WP1002!WP1003!WP1006!WP1007!WP1014!hist14!CP1004,1
2026-07-16 11:56:10.5,PAC_PLC,ACI_FDR_A_TR,ACI FDR A AC-WIC-5007 TRBLE ALM,,CHANGE,PAC FEEDER A TROUBLE,ALM,1,,,,!WP1001!WP1002!WP1003!WP1006!WP1007!WP1014!hist14!CP1003,1
2026-07-16 11:56:12.5,PAC_PLC,ACI_FDR_A_TR,ACI FDR A AC-WIC-5007 TRBLE ALM,,CHANGE,PAC FEEDER A TROUBLE,ALM,1,,,,!WP1001!WP1002!WP1003!WP1006!WP1007!WP1014!hist14!CP1003,1
2026-07-16 11:56:13.0,1PDF,SLPSL0001,PULV LOW SEAL AIR HDR DIFF PRESS,,LOABS,PULV LOW SEAL AIR HDR DIFF PRESS,RTN,1,4.05059,4,INH2O,!WP1001!WP1002!WP1003!WP1006!WP1007!WP1014!hist14!CP1004,1
2026-07-16 11:56:14.0,1PDF,SLPSL0001,PULV LOW SEAL AIR HDR DIFF PRESS,,LOABS,PULV LOW SEAL AIR HDR DIFF PRESS,ALM,1,3.929,4,INH2O,!WP1001!WP1002!WP1003!WP1006!WP1007!WP1014!hist14!CP1004,1
2026-07-16 11:56:19.5,PAC_PLC,ACI_FDR_A_TR,ACI FDR A AC-WIC-5007 TRBLE ALM,,CHANGE,PAC FEEDER A TROUBLE,ALM,1,,,,!WP1001!WP1002!WP1003!WP1006!WP1007!WP1014!hist14!CP1003,1
2026-07-16 11:56:20.0,1PDF,SLPSL0001,PULV LOW SEAL AIR HDR DIFF PRESS,,LOABS,PULV LOW SEAL AIR HDR DIFF PRESS,RTN,1,4.04971,4,INH2O,!WP1001!WP1002!WP1003!WP1006!WP1007!WP1014!hist14!CP1004,1
2026-07-16 11:56:23.0,1PDF,SLPSL0001,PULV LOW SEAL AIR HDR DIFF PRESS,,LOABS,PULV LOW SEAL AIR HDR DIFF PRESS,ALM,1,3.87744,4,INH2O,!WP1001!WP1002!WP1003!WP1006!WP1007!WP1014!hist14!CP1004,1
2026-07-16 11:56:28.0,1PDF,SLPSL0001,PULV LOW SEAL AIR HDR DIFF PRESS,,LOABS,PULV LOW SEAL AIR HDR DIFF PRESS,RTN,1,4.004,4,INH2O,!WP1001!WP1002!WP1003!WP1006!WP1007!WP1014!hist14!CP1004,1
2026-07-16 11:56:29.0,1PDF,SLPSL0001,PULV LOW SEAL AIR HDR DIFF PRESS,,LOABS,PULV LOW SEAL AIR HDR DIFF PRESS,ALM,1,3.96738,4,INH2O,!WP1001!WP1002!WP1003!WP1006!WP1007!WP1014!hist14!CP1004,1
2026-07-16 11:56:30.0,1PDF,SLPSL0001,PULV LOW SEAL AIR HDR DIFF PRESS,,LOABS,PULV LOW SEAL AIR HDR DIFF PRESS,RTN,1,4.04121,4,INH2O,!WP1001!WP1002!WP1003!WP1006!WP1007!WP1014!hist14!CP1004,1
2026-07-16 11:56:31.0,1PDF,SLPSL0001,PULV LOW SEAL AIR HDR DIFF PRESS,,LOABS,PULV LOW SEAL AIR HDR DIFF PRESS,ALM,1,3.95859,4,INH2O,!WP1001!WP1002!WP1003!WP1006!WP1007!WP1014!hist14!CP1004,1
2026-07-16 11:56:37.0,1PDF,SLPSL0001,PULV LOW SEAL AIR HDR DIFF PRESS,,LOABS,PULV LOW SEAL AIR HDR DIFF PRESS,RTN,1,4.11152,4,INH2O,!WP1001!WP1002!WP1003!WP1006!WP1007!WP1014!hist14!CP1004,1
2026-07-16 11:56:48.8,1TC,B21,DROOP ACTIVE,DROOP,STATE,ACTIVE,ALM,5,,,,!hist14!CP1001,2
2026-07-16 11:56:48.0,1PDF,SLPSL0001,PULV LOW SEAL AIR HDR DIFF PRESS,,LOABS,PULV LOW SEAL AIR HDR DIFF PRESS,ALM,1,3.92432,4,INH2O,!WP1001!WP1002!WP1003!WP1006!WP1007!WP1014!hist14!CP1004,1
2026-07-16 11:56:50.3,1TC,B21,DROOP ACTIVE,DROOP,STATE,NORMAL,RTN,5,,,,!hist14!CP1001,2
2026-07-16 11:56:58.3,1TC,B21,DROOP ACTIVE,DROOP,STATE,ACTIVE,ALM,5,,,,!hist14!CP1001,2
2026-07-16 11:56:59.8,1TC,B21,DROOP ACTIVE,DROOP,STATE,NORMAL,RTN,5,,,,!hist14!CP1001,2
2026-07-16 11:57:07.8,1TC,B21,DROOP ACTIVE,DROOP,STATE,ACTIVE,ALM,5,,,,!hist14!CP1001,2
2026-07-16 11:57:08.8,1TC,B21,DROOP ACTIVE,DROOP,STATE,NORMAL,RTN,5,,,,!hist14!CP1001,2
2026-07-16 11:57:14.8,1TC,B21,DROOP ACTIVE,DROOP,STATE,ACTIVE,ALM,5,,,,!hist14!CP1001,2
2026-07-16 11:57:20.3,1TC,B21,DROOP ACTIVE,DROOP,STATE,NORMAL,RTN,5,,,,!hist14!CP1001,2
2026-07-16 11:57:24.6,1NW_ESP_SMP,NWAI6702B,PRECIP SUMP PMP B DSCH PH,,IOBAD,BAD CHANNEL,RTN,3,,,,!WP1002!WP1011!WP1001!hist14!CP1020,1
2026-07-16 11:57:38.8,1TC,B21,DROOP ACTIVE,DROOP,STATE,ACTIVE,ALM,5,,,,!hist14!CP1001,2
2026-07-16 11:57:39.3,1TC,B21,DROOP ACTIVE,DROOP,STATE,NORMAL,RTN,5,,,,!hist14!CP1001,2
2026-07-16 11:58:37.8,1TC,B21,DROOP ACTIVE,DROOP,STATE,NORMAL,RTN,5,,,,!hist14!CP1001,2
2026-07-16 11:58:37.3,1TC,B21,DROOP ACTIVE,DROOP,STATE,ACTIVE,ALM,5,,,,!hist14!CP1001,2
2026-07-16 11:59:17.3,1TC,B21,DROOP ACTIVE,DROOP,STATE,ACTIVE,ALM,5,,,,!hist14!CP1001,2
2026-07-16 11:59:18.3,1TC,B21,DROOP ACTIVE,DROOP,STATE,NORMAL,RTN,5,,,,!hist14!CP1001,2
2026-07-16 11:59:18.8,1TC,B21,DROOP ACTIVE,DROOP,STATE,ACTIVE,ALM,5,,,,!hist14!CP1001,2
2026-07-16 11:59:18.3,1AR_LS,DEV_5803,LS SYS B,,STATE,VALVE 5803 DEVIATION,ALM,3,,,,!WP1001!WP1002!WP1003!WP1006!WP1007!WP1014!hist14!CP1017,1
2026-07-16 11:59:29.8,1TC,B21,DROOP ACTIVE,DROOP,STATE,NORMAL,RTN,5,,,,!hist14!CP1001,2
2026-07-16 11:59:32.8,1TC,B21,DROOP ACTIVE,DROOP,STATE,ACTIVE,ALM,5,,,,!hist14!CP1001,2
2026-07-16 11:59:39.3,1TC,B21,DROOP ACTIVE,DROOP,STATE,NORMAL,RTN,5,,,,!hist14!CP1001,2
2026-07-16 11:59:40.8,1TC,B21,DROOP ACTIVE,DROOP,STATE,ACTIVE,ALM,5,,,,!hist14!CP1001,2
2026-07-16 11:59:41.3,1TC,B21,DROOP ACTIVE,DROOP,STATE,NORMAL,RTN,5,,,,!hist14!CP1001,2
2026-07-16 11:59:44.3,1TC,B21,DROOP ACTIVE,DROOP,STATE,ACTIVE,ALM,5,,,,!hist14!CP1001,2
2026-07-16 11:59:47.3,1TC,B21,DROOP ACTIVE,DROOP,STATE,NORMAL,RTN,5,,,,!hist14!CP1001,2
2026-07-16 11:59:53.3,1TC,B21,DROOP ACTIVE,DROOP,STATE,ACTIVE,ALM,5,,,,!hist14!CP1001,2
2026-07-16 11:59:56.8,1TC,B21,DROOP ACTIVE,DROOP,STATE,NORMAL,RTN,5,,,,!hist14!CP1001,2
2026-07-16 12:00:14.8,1AR_LS,DEV_5803,LS SYS B,,STATE,,RTN,3,,,,!WP1001!WP1002!WP1003!WP1006!WP1007!WP1014!hist14!CP1017,1
2026-07-16 12:00:27.1,1WB_DEV,AA_JJ_DEV,AUX AIR JJ ANY DEV,,STATE,NORMAL,RTN,5,,,,,0
2026-07-16 12:01:10.3,1TC,B21,DROOP ACTIVE,DROOP,STATE,ACTIVE,ALM,5,,,,!hist14!CP1001,2
2026-07-16 12:01:11.3,1TC,B21,DROOP ACTIVE,DROOP,STATE,NORMAL,RTN,5,,,,!hist14!CP1001,2
2026-07-16 12:01:13.0,1PDF,SLPSL0001,PULV LOW SEAL AIR HDR DIFF PRESS,,LOABS,PULV LOW SEAL AIR HDR DIFF PRESS,RTN,1,4.02832,4,INH2O,!WP1001!WP1002!WP1003!WP1006!WP1007!WP1014!hist14!CP1004,1
2026-07-16 12:02:13.1,1WB_DEV,AA_JJ_DEV,AUX AIR JJ ANY DEV,,STATE,DEVIATION,ALM,5,,,INH2O,,0
2026-07-16 12:02:16.0,1PDF,SLPSL0001,PULV LOW SEAL AIR HDR DIFF PRESS,,LOABS,PULV LOW SEAL AIR HDR DIFF PRESS,ALM,1,3.99053,4,INH2O,!WP1001!WP1002!WP1003!WP1006!WP1007!WP1014!hist14!CP1004,1
2026-07-16 12:02:17.0,1PDF,SLPSL0001,PULV LOW SEAL AIR HDR DIFF PRESS,,LOABS,PULV LOW SEAL AIR HDR DIFF PRESS,RTN,1,4.00957,4,INH2O,!WP1001!WP1002!WP1003!WP1006!WP1007!WP1014!hist14!CP1004,1
2026-07-16 12:02:18.0,1PDF,SLPSL0001,PULV LOW SEAL AIR HDR DIFF PRESS,,LOABS,PULV LOW SEAL AIR HDR DIFF PRESS,ALM,1,3.90938,4,INH2O,!WP1001!WP1002!WP1003!WP1006!WP1007!WP1014!hist14!CP1004,1
2026-07-16 12:02:21.0,1PDF,SLPSL0001,PULV LOW SEAL AIR HDR DIFF PRESS,,LOABS,PULV LOW SEAL AIR HDR DIFF PRESS,RTN,1,4.05439,4,INH2O,!WP1001!WP1002!WP1003!WP1006!WP1007!WP1014!hist14!CP1004,1
2026-07-16 12:02:22.0,1PDF,SLPSL0001,PULV LOW SEAL AIR HDR DIFF PRESS,,LOABS,PULV LOW SEAL AIR HDR DIFF PRESS,ALM,1,3.93779,4,INH2O,!WP1001!WP1002!WP1003!WP1006!WP1007!WP1014!hist14!CP1004,1
2026-07-16 12:02:29.0,1PDF,SLPSL0001,PULV LOW SEAL AIR HDR DIFF PRESS,,LOABS,PULV LOW SEAL AIR HDR DIFF PRESS,RTN,1,4.04648,4,INH2O,!WP1001!WP1002!WP1003!WP1006!WP1007!WP1014!hist14!CP1004,1
2026-07-16 12:02:34.0,1PDF,SLPSL0001,PULV LOW SEAL AIR HDR DIFF PRESS,,LOABS,PULV LOW SEAL AIR HDR DIFF PRESS,ALM,1,3.96445,4,INH2O,!WP1001!WP1002!WP1003!WP1006!WP1007!WP1014!hist14!CP1004,1
2026-07-16 12:02:35.0,1PDF,SLPSL0001,PULV LOW SEAL AIR HDR DIFF PRESS,,LOABS,PULV LOW SEAL AIR HDR DIFF PRESS,RTN,1,4.02568,4,INH2O,!WP1001!WP1002!WP1003!WP1006!WP1007!WP1014!hist14!CP1004,1
2026-07-16 12:02:41.0,1PDF,SLPSL0001,PULV LOW SEAL AIR HDR DIFF PRESS,,LOABS,PULV LOW SEAL AIR HDR DIFF PRESS,ALM,1,3.91787,4,INH2O,!WP1001!WP1002!WP1003!WP1006!WP1007!WP1014!hist14!CP1004,1
2026-07-16 12:02:59.6,1NW_ESP_SMP,NWAI6702B,PRECIP SUMP PMP B DSCH PH,,IOBAD,BAD CHANNEL,ALM,3,,,,!WP1002!WP1011!WP1001!hist14!CP1020,1
2026-07-16 12:03:02.1,1NW_ESP_SMP,NWAI6702B,PRECIP SUMP PMP B DSCH PH,,IOBAD,BAD CHANNEL,RTN,3,,,,!WP1002!WP1011!WP1001!hist14!CP1020,1
2026-07-16 12:03:03.1,1WB_DEV,AA_JJ_DEV,AUX AIR JJ ANY DEV,,STATE,NORMAL,RTN,5,,,,,0
2026-07-16 12:03:22.6,1NW_ESP_SMP,NWAI6702B,PRECIP SUMP PMP B DSCH PH,,IOBAD,BAD CHANNEL,ALM,3,,,,!WP1002!WP1011!WP1001!hist14!CP1020,1
2026-07-16 12:04:54.0,1PDF,SLPSL0001,PULV LOW SEAL AIR HDR DIFF PRESS,,LOABS,PULV LOW SEAL AIR HDR DIFF PRESS,RTN,1,4.12148,4,INH2O,!WP1001!WP1002!WP1003!WP1006!WP1007!WP1014!hist14!CP1004,1
2026-07-16 12:04:57.0,1PDF,SLPSL0001,PULV LOW SEAL AIR HDR DIFF PRESS,,LOABS,PULV LOW SEAL AIR HDR DIFF PRESS,ALM,1,3.92461,4,INH2O,!WP1001!WP1002!WP1003!WP1006!WP1007!WP1014!hist14!CP1004,1
2026-07-16 12:05:59.0,1PDF,SLPSL0001,PULV LOW SEAL AIR HDR DIFF PRESS,,LOABS,PULV LOW SEAL AIR HDR DIFF PRESS,RTN,1,4.00078,4,INH2O,!WP1001!WP1002!WP1003!WP1006!WP1007!WP1014!hist14!CP1004,1
2026-07-16 12:06:00.0,1PDF,SLPSL0001,PULV LOW SEAL AIR HDR DIFF PRESS,,LOABS,PULV LOW SEAL AIR HDR DIFF PRESS,ALM,1,3.9293,4,INH2O,!WP1001!WP1002!WP1003!WP1006!WP1007!WP1014!hist14!CP1004,1
2026-07-16 12:06:12.0,1PDF,SLPSL0001,PULV LOW SEAL AIR HDR DIFF PRESS,,LOABS,PULV LOW SEAL AIR HDR DIFF PRESS,RTN,1,4.07344,4,INH2O,!WP1001!WP1002!WP1003!WP1006!WP1007!WP1014!hist14!CP1004,1
2026-07-16 12:06:13.0,1PDF,SLPSL0001,PULV LOW SEAL AIR HDR DIFF PRESS,,LOABS,PULV LOW SEAL AIR HDR DIFF PRESS,ALM,1,3.96621,4,INH2O,!WP1001!WP1002!WP1003!WP1006!WP1007!WP1014!hist14!CP1004,1
2026-07-16 12:06:14.0,1PDF,SLPSL0001,PULV LOW SEAL AIR HDR DIFF PRESS,,LOABS,PULV LOW SEAL AIR HDR DIFF PRESS,RTN,1,4.08896,4,INH2O,!WP1001!WP1002!WP1003!WP1006!WP1007!WP1014!hist14!CP1004,1
2026-07-16 12:07:13.1,1WB_DEV,AA_JJ_DEV,AUX AIR JJ ANY DEV,,STATE,DEVIATION,ALM,5,,,INH2O,,0
2026-07-16 12:07:20.0,1PDF,SLPSL0001,PULV LOW SEAL AIR HDR DIFF PRESS,,LOABS,PULV LOW SEAL AIR HDR DIFF PRESS,ALM,1,3.91816,4,INH2O,!WP1001!WP1002!WP1003!WP1006!WP1007!WP1014!hist14!CP1004,1
2026-07-16 12:07:21.0,1PDF,SLPSL0001,PULV LOW SEAL AIR HDR DIFF PRESS,,LOABS,PULV LOW SEAL AIR HDR DIFF PRESS,RTN,1,4.00957,4,INH2O,!WP1001!WP1002!WP1003!WP1006!WP1007!WP1014!hist14!CP1004,1
2026-07-16 12:07:22.0,1PDF,SLPSL0001,PULV LOW SEAL AIR HDR DIFF PRESS,,LOABS,PULV LOW SEAL AIR HDR DIFF PRESS,ALM,1,3.95977,4,INH2O,!WP1001!WP1002!WP1003!WP1006!WP1007!WP1014!hist14!CP1004,1
2026-07-16 12:07:23.0,1PDF,SLPSL0001,PULV LOW SEAL AIR HDR DIFF PRESS,,LOABS,PULV LOW SEAL AIR HDR DIFF PRESS,RTN,1,4.0582,4,INH2O,!WP1001!WP1002!WP1003!WP1006!WP1007!WP1014!hist14!CP1004,1
2026-07-16 12:07:35.0,1PDF,SLPSL0001,PULV LOW SEAL AIR HDR DIFF PRESS,,LOABS,PULV LOW SEAL AIR HDR DIFF PRESS,ALM,1,3.97969,4,INH2O,!WP1001!WP1002!WP1003!WP1006!WP1007!WP1014!hist14!CP1004,1
2026-07-16 12:07:36.0,1PDF,SLPSL0001,PULV LOW SEAL AIR HDR DIFF PRESS,,LOABS,PULV LOW SEAL AIR HDR DIFF PRESS,RTN,1,4.04473,4,INH2O,!WP1001!WP1002!WP1003!WP1006!WP1007!WP1014!hist14!CP1004,1
2026-07-16 12:07:37.0,1PDF,SLPSL0001,PULV LOW SEAL AIR HDR DIFF PRESS,,LOABS,PULV LOW SEAL AIR HDR DIFF PRESS,ALM,1,3.9252,4,INH2O,!WP1001!WP1002!WP1003!WP1006!WP1007!WP1014!hist14!CP1004,1
2026-07-16 12:07:38.0,1PDF,SLPSL0001,PULV LOW SEAL AIR HDR DIFF PRESS,,LOABS,PULV LOW SEAL AIR HDR DIFF PRESS,RTN,1,4.03213,4,INH2O,!WP1001!WP1002!WP1003!WP1006!WP1007!WP1014!hist14!CP1004,1
2026-07-16 12:07:39.0,1PDF,SLPSL0001,PULV LOW SEAL AIR HDR DIFF PRESS,,LOABS,PULV LOW SEAL AIR HDR DIFF PRESS,ALM,1,3.93838,4,INH2O,!WP1001!WP1002!WP1003!WP1006!WP1007!WP1014!hist14!CP1004,1
2026-07-16 12:07:40.0,1PDF,SLPSL0001,PULV LOW SEAL AIR HDR DIFF PRESS,,LOABS,PULV LOW SEAL AIR HDR DIFF PRESS,RTN,1,4.07109,4,INH2O,!WP1001!WP1002!WP1003!WP1006!WP1007!WP1014!hist14!CP1004,1
2026-07-16 12:07:41.0,1PDF,SLPSL0001,PULV LOW SEAL AIR HDR DIFF PRESS,,LOABS,PULV LOW SEAL AIR HDR DIFF PRESS,ALM,1,3.95713,4,INH2O,!WP1001!WP1002!WP1003!WP1006!WP1007!WP1014!hist14!CP1004,1
2026-07-16 12:07:59.0,1PDF,SLPSL0001,PULV LOW SEAL AIR HDR DIFF PRESS,,LOABS,PULV LOW SEAL AIR HDR DIFF PRESS,RTN,1,4.02861,4,INH2O,!WP1001!WP1002!WP1003!WP1006!WP1007!WP1014!hist14!CP1004,1
2026-07-16 12:08:00.0,1PDF,SLPSL0001,PULV LOW SEAL AIR HDR DIFF PRESS,,LOABS,PULV LOW SEAL AIR HDR DIFF PRESS,ALM,1,3.89941,4,INH2O,!WP1001!WP1002!WP1003!WP1006!WP1007!WP1014!hist14!CP1004,1
2026-07-16 12:12:34.0,1PDF,SLPSL0001,PULV LOW SEAL AIR HDR DIFF PRESS,,LOABS,PULV LOW SEAL AIR HDR DIFF PRESS,RTN,1,4.01777,4,INH2O,!WP1001!WP1002!WP1003!WP1006!WP1007!WP1014!hist14!CP1004,1
2026-07-16 12:12:40.0,1PDF,SLPSL0001,PULV LOW SEAL AIR HDR DIFF PRESS,,LOABS,PULV LOW SEAL AIR HDR DIFF PRESS,ALM,1,3.9832,4,INH2O,!WP1001!WP1002!WP1003!WP1006!WP1007!WP1014!hist14!CP1004,1
2026-07-16 12:12:41.0,1PDF,SLPSL0001,PULV LOW SEAL AIR HDR DIFF PRESS,,LOABS,PULV LOW SEAL AIR HDR DIFF PRESS,RTN,1,4.06025,4,INH2O,!WP1001!WP1002!WP1003!WP1006!WP1007!WP1014!hist14!CP1004,1
2026-07-16 12:13:31.0,1JMILL,LO_TSL,J PULV LUBE OIL   TEMP ALM,,LOABS,LOW PULV LUBE OIL TEMPERATURE,RTN,5,92.002,90,DEGF,!WP1001!WP1002!WP1003!WP1006!WP1007!WP1014!hist14!CP1004,1
2026-07-16 12:13:41.0,1PDF,SLPSL0001,PULV LOW SEAL AIR HDR DIFF PRESS,,LOABS,PULV LOW SEAL AIR HDR DIFF PRESS,ALM,1,3.97324,4,INH2O,!WP1001!WP1002!WP1003!WP1006!WP1007!WP1014!hist14!CP1004,1
2026-07-16 12:13:42.0,1PDF,SLPSL0001,PULV LOW SEAL AIR HDR DIFF PRESS,,LOABS,PULV LOW SEAL AIR HDR DIFF PRESS,RTN,1,4.04268,4,INH2O,!WP1001!WP1002!WP1003!WP1006!WP1007!WP1014!hist14!CP1004,1
2026-07-16 12:13:43.0,1PDF,SLPSL0001,PULV LOW SEAL AIR HDR DIFF PRESS,,LOABS,PULV LOW SEAL AIR HDR DIFF PRESS,ALM,1,3.93691,4,INH2O,!WP1001!WP1002!WP1003!WP1006!WP1007!WP1014!hist14!CP1004,1
2026-07-16 12:13:44.0,1PDF,SLPSL0001,PULV LOW SEAL AIR HDR DIFF PRESS,,LOABS,PULV LOW SEAL AIR HDR DIFF PRESS,RTN,1,4.02158,4,INH2O,!WP1001!WP1002!WP1003!WP1006!WP1007!WP1014!hist14!CP1004,1
2026-07-16 12:13:45.0,1PDF,SLPSL0001,PULV LOW SEAL AIR HDR DIFF PRESS,,LOABS,PULV LOW SEAL AIR HDR DIFF PRESS,ALM,1,3.96094,4,INH2O,!WP1001!WP1002!WP1003!WP1006!WP1007!WP1014!hist14!CP1004,1
2026-07-16 12:16:28.2,1SCR_AIR,SAMO5550RG,U1 SCR AIR COMP,1SR408 PNT 8,STATE,NOT RUNNING,RTN,5,,,,!WP1001!WP1002!WP1003!WP1006!WP1007!WP1014!hist14!CP1016,1
2026-07-16 12:16:28.2,1SCR_AIR,SAUA5550A,U1 SCR AIR COMP GEN,1SR415 PNT 6,STATE,SHUTDOWN,ALM,1,,,,!WP1001!WP1002!WP1003!WP1006!WP1007!WP1014!hist14!CP1016,1
2026-07-16 12:16:59.0,1PDF,SLPSL0001,PULV LOW SEAL AIR HDR DIFF PRESS,,LOABS,PULV LOW SEAL AIR HDR DIFF PRESS,RTN,1,4.04502,4,INH2O,!WP1001!WP1002!WP1003!WP1006!WP1007!WP1014!hist14!CP1004,1
2026-07-16 12:17:00.0,1PDF,SLPSL0001,PULV LOW SEAL AIR HDR DIFF PRESS,,LOABS,PULV LOW SEAL AIR HDR DIFF PRESS,ALM,1,3.9334,4,INH2O,!WP1001!WP1002!WP1003!WP1006!WP1007!WP1014!hist14!CP1004,1
2026-07-16 12:17:04.0,1PDF,SLPSL0001,PULV LOW SEAL AIR HDR DIFF PRESS,,LOABS,PULV LOW SEAL AIR HDR DIFF PRESS,RTN,1,4.03271,4,INH2O,!WP1001!WP1002!WP1003!WP1006!WP1007!WP1014!hist14!CP1004,1
2026-07-16 12:17:59.7,1SCR_AIR,SAPI5554,SCR SERVICE AIR   RECEIVER PRESS,1SR122 PNT 8,LOABS,SCR LO AIR PRESS,ALM,3,79.8896,80,PSIG,!WP1001!WP1002!WP1003!WP1006!WP1007!WP1014!hist14!CP1016,1
2026-07-16 12:18:14.0,1PDF,SLPSL0001,PULV LOW SEAL AIR HDR DIFF PRESS,,LOABS,PULV LOW SEAL AIR HDR DIFF PRESS,ALM,1,3.96152,4,INH2O,!WP1001!WP1002!WP1003!WP1006!WP1007!WP1014!hist14!CP1004,1
2026-07-16 12:18:31.2,1SCR_AIR,SAPI5554,SCR SERVICE AIR   RECEIVER PRESS,1SR122 PNT 8,LOABS,SCR LO AIR PRESS,RTN,3,80.6807,80,PSIG,!WP1001!WP1002!WP1003!WP1006!WP1007!WP1014!hist14!CP1016,1
2026-07-16 12:19:30.2,1BCS_7,IKTE3751,REHEAT TEMP RIGHT (REDUNDANT),,HIABS,HIGH,ALM,1,1012.26,1012.18,DEG.F,!WP1002!WP1006!WP1007!WP1001!WP1003!WP1014!hist14!CP1007,1
2026-07-16 12:19:43.2,1BCS_7,IKTE3451,REHEAT TEMP RIGHT (NORM),,HIABS,HIGH,ALM,1,1012.21,1012.18,DEG.F,!WP1002!WP1006!WP1007!WP1001!WP1003!WP1014!hist14!CP1007,1
2026-07-16 12:20:52.1,1WB_DEV,AA_JJ_DEV,AUX AIR JJ ANY DEV,,STATE,NORMAL,RTN,5,,,DEG.F,,0
2026-07-16 12:20:58.7,1BCS_7,IKTE3451,REHEAT TEMP RIGHT (NORM),,HIABS,HIGH,RTN,1,1007.1,1012.18,DEG.F,!WP1002!WP1006!WP1007!WP1001!WP1003!WP1014!hist14!CP1007,1
2026-07-16 12:21:04.7,1BCS_7,IKTE3751,REHEAT TEMP RIGHT (REDUNDANT),,HIABS,HIGH,RTN,1,1007.05,1012.18,DEG.F,!WP1002!WP1006!WP1007!WP1001!WP1003!WP1014!hist14!CP1007,1
2026-07-16 12:22:10.0,1PDF,SLPSL0001,PULV LOW SEAL AIR HDR DIFF PRESS,,LOABS,PULV LOW SEAL AIR HDR DIFF PRESS,RTN,1,4.02949,4,INH2O,!WP1001!WP1002!WP1003!WP1006!WP1007!WP1014!hist14!CP1004,1
2026-07-16 12:22:11.0,1PDF,SLPSL0001,PULV LOW SEAL AIR HDR DIFF PRESS,,LOABS,PULV LOW SEAL AIR HDR DIFF PRESS,ALM,1,3.92139,4,INH2O,!WP1001!WP1002!WP1003!WP1006!WP1007!WP1014!hist14!CP1004,1
2026-07-16 12:22:14.0,1PDF,SLPSL0001,PULV LOW SEAL AIR HDR DIFF PRESS,,LOABS,PULV LOW SEAL AIR HDR DIFF PRESS,RTN,1,4.00371,4,INH2O,!WP1001!WP1002!WP1003!WP1006!WP1007!WP1014!hist14!CP1004,1
2026-07-16 12:22:19.0,1PDF,SLPSL0001,PULV LOW SEAL AIR HDR DIFF PRESS,,LOABS,PULV LOW SEAL AIR HDR DIFF PRESS,ALM,1,3.96621,4,INH2O,!WP1001!WP1002!WP1003!WP1006!WP1007!WP1014!hist14!CP1004,1
2026-07-16 12:22:21.0,1PDF,SLPSL0001,PULV LOW SEAL AIR HDR DIFF PRESS,,LOABS,PULV LOW SEAL AIR HDR DIFF PRESS,RTN,1,4.03154,4,INH2O,!WP1001!WP1002!WP1003!WP1006!WP1007!WP1014!hist14!CP1004,1
2026-07-16 12:22:26.0,1PDF,SLPSL0001,PULV LOW SEAL AIR HDR DIFF PRESS,,LOABS,PULV LOW SEAL AIR HDR DIFF PRESS,ALM,1,3.94102,4,INH2O,!WP1001!WP1002!WP1003!WP1006!WP1007!WP1014!hist14!CP1004,1
2026-07-16 12:22:27.0,1PDF,SLPSL0001,PULV LOW SEAL AIR HDR DIFF PRESS,,LOABS,PULV LOW SEAL AIR HDR DIFF PRESS,RTN,1,4.04971,4,INH2O,!WP1001!WP1002!WP1003!WP1006!WP1007!WP1014!hist14!CP1004,1
2026-07-16 12:22:28.0,1PDF,SLPSL0001,PULV LOW SEAL AIR HDR DIFF PRESS,,LOABS,PULV LOW SEAL AIR HDR DIFF PRESS,ALM,1,3.854,4,INH2O,!WP1001!WP1002!WP1003!WP1006!WP1007!WP1014!hist14!CP1004,1
2026-07-16 12:22:29.0,1PDF,SLPSL0001,PULV LOW SEAL AIR HDR DIFF PRESS,,LOABS,PULV LOW SEAL AIR HDR DIFF PRESS,RTN,1,4.00576,4,INH2O,!WP1001!WP1002!WP1003!WP1006!WP1007!WP1014!hist14!CP1004,1
2026-07-16 12:22:30.0,1PDF,SLPSL0001,PULV LOW SEAL AIR HDR DIFF PRESS,,LOABS,PULV LOW SEAL AIR HDR DIFF PRESS,ALM,1,3.92959,4,INH2O,!WP1001!WP1002!WP1003!WP1006!WP1007!WP1014!hist14!CP1004,1
2026-07-16 12:22:31.0,1PDF,SLPSL0001,PULV LOW SEAL AIR HDR DIFF PRESS,,LOABS,PULV LOW SEAL AIR HDR DIFF PRESS,RTN,1,4.04268,4,INH2O,!WP1001!WP1002!WP1003!WP1006!WP1007!WP1014!hist14!CP1004,1
2026-07-16 12:22:32.0,1PDF,SLPSL0001,PULV LOW SEAL AIR HDR DIFF PRESS,,LOABS,PULV LOW SEAL AIR HDR DIFF PRESS,ALM,1,3.98584,4,INH2O,!WP1001!WP1002!WP1003!WP1006!WP1007!WP1014!hist14!CP1004,1
2026-07-16 12:22:33.0,1PDF,SLPSL0001,PULV LOW SEAL AIR HDR DIFF PRESS,,LOABS,PULV LOW SEAL AIR HDR DIFF PRESS,RTN,1,4.11504,4,INH2O,!WP1001!WP1002!WP1003!WP1006!WP1007!WP1014!hist14!CP1004,1
2026-07-16 12:22:36.0,1PDF,SLPSL0001,PULV LOW SEAL AIR HDR DIFF PRESS,,LOABS,PULV LOW SEAL AIR HDR DIFF PRESS,ALM,1,3.87451,4,INH2O,!WP1001!WP1002!WP1003!WP1006!WP1007!WP1014!hist14!CP1004,1
2026-07-16 12:25:13.0,1PDF,SLPSL0001,PULV LOW SEAL AIR HDR DIFF PRESS,,LOABS,PULV LOW SEAL AIR HDR DIFF PRESS,RTN,1,4.01807,4,INH2O,!WP1001!WP1002!WP1003!WP1006!WP1007!WP1014!hist14!CP1004,1
2026-07-16 12:25:14.0,1PDF,SLPSL0001,PULV LOW SEAL AIR HDR DIFF PRESS,,LOABS,PULV LOW SEAL AIR HDR DIFF PRESS,ALM,1,3.86045,4,INH2O,!WP1001!WP1002!WP1003!WP1006!WP1007!WP1014!hist14!CP1004,1
2026-07-16 12:25:17.0,1PDF,SLPSL0001,PULV LOW SEAL AIR HDR DIFF PRESS,,LOABS,PULV LOW SEAL AIR HDR DIFF PRESS,RTN,1,4.00781,4,INH2O,!WP1001!WP1002!WP1003!WP1006!WP1007!WP1014!hist14!CP1004,1
2026-07-16 12:25:18.0,1PDF,SLPSL0001,PULV LOW SEAL AIR HDR DIFF PRESS,,LOABS,PULV LOW SEAL AIR HDR DIFF PRESS,ALM,1,3.88945,4,INH2O,!WP1001!WP1002!WP1003!WP1006!WP1007!WP1014!hist14!CP1004,1
2026-07-16 12:25:19.0,1PDF,SLPSL0001,PULV LOW SEAL AIR HDR DIFF PRESS,,LOABS,PULV LOW SEAL AIR HDR DIFF PRESS,RTN,1,4.00635,4,INH2O,!WP1001!WP1002!WP1003!WP1006!WP1007!WP1014!hist14!CP1004,1
2026-07-16 12:25:20.0,1PDF,SLPSL0001,PULV LOW SEAL AIR HDR DIFF PRESS,,LOABS,PULV LOW SEAL AIR HDR DIFF PRESS,ALM,1,3.91172,4,INH2O,!WP1001!WP1002!WP1003!WP1006!WP1007!WP1014!hist14!CP1004,1
2026-07-16 12:25:38.0,1PDF,SLPSL0001,PULV LOW SEAL AIR HDR DIFF PRESS,,LOABS,PULV LOW SEAL AIR HDR DIFF PRESS,RTN,1,4.18682,4,INH2O,!WP1001!WP1002!WP1003!WP1006!WP1007!WP1014!hist14!CP1004,1
2026-07-16 12:25:52.0,1PDF,SLPSL0001,PULV LOW SEAL AIR HDR DIFF PRESS,,LOABS,PULV LOW SEAL AIR HDR DIFF PRESS,ALM,1,3.98232,4,INH2O,!WP1001!WP1002!WP1003!WP1006!WP1007!WP1014!hist14!CP1004,1
2026-07-16 12:25:53.0,1PDF,SLPSL0001,PULV LOW SEAL AIR HDR DIFF PRESS,,LOABS,PULV LOW SEAL AIR HDR DIFF PRESS,RTN,1,4.08809,4,INH2O,!WP1001!WP1002!WP1003!WP1006!WP1007!WP1014!hist14!CP1004,1
2026-07-16 12:25:58.0,1PDF,SLPSL0001,PULV LOW SEAL AIR HDR DIFF PRESS,,LOABS,PULV LOW SEAL AIR HDR DIFF PRESS,ALM,1,3.83057,4,INH2O,!WP1001!WP1002!WP1003!WP1006!WP1007!WP1014!hist14!CP1004,1
2026-07-16 12:26:01.0,1PDF,SLPSL0001,PULV LOW SEAL AIR HDR DIFF PRESS,,LOABS,PULV LOW SEAL AIR HDR DIFF PRESS,RTN,1,4.03096,4,INH2O,!WP1001!WP1002!WP1003!WP1006!WP1007!WP1014!hist14!CP1004,1
2026-07-16 12:26:02.0,1PDF,SLPSL0001,PULV LOW SEAL AIR HDR DIFF PRESS,,LOABS,PULV LOW SEAL AIR HDR DIFF PRESS,ALM,1,3.97119,4,INH2O,!WP1001!WP1002!WP1003!WP1006!WP1007!WP1014!hist14!CP1004,1
2026-07-16 12:26:03.0,1PDF,SLPSL0001,PULV LOW SEAL AIR HDR DIFF PRESS,,LOABS,PULV LOW SEAL AIR HDR DIFF PRESS,RTN,1,4.06289,4,INH2O,!WP1001!WP1002!WP1003!WP1006!WP1007!WP1014!hist14!CP1004,1
2026-07-16 12:26:04.0,1PDF,SLPSL0001,PULV LOW SEAL AIR HDR DIFF PRESS,,LOABS,PULV LOW SEAL AIR HDR DIFF PRESS,ALM,1,3.96328,4,INH2O,!WP1001!WP1002!WP1003!WP1006!WP1007!WP1014!hist14!CP1004,1
2026-07-16 12:26:35.0,1PDF,SLPSL0001,PULV LOW SEAL AIR HDR DIFF PRESS,,LOABS,PULV LOW SEAL AIR HDR DIFF PRESS,RTN,1,4.04268,4,INH2O,!WP1001!WP1002!WP1003!WP1006!WP1007!WP1014!hist14!CP1004,1
2026-07-16 12:26:36.0,1PDF,SLPSL0001,PULV LOW SEAL AIR HDR DIFF PRESS,,LOABS,PULV LOW SEAL AIR HDR DIFF PRESS,ALM,1,3.88037,4,INH2O,!WP1001!WP1002!WP1003!WP1006!WP1007!WP1014!hist14!CP1004,1
2026-07-16 12:27:19.0,1PDF,SLPSL0001,PULV LOW SEAL AIR HDR DIFF PRESS,,LOABS,PULV LOW SEAL AIR HDR DIFF PRESS,RTN,1,4.09688,4,INH2O,!WP1001!WP1002!WP1003!WP1006!WP1007!WP1014!hist14!CP1004,1
2026-07-16 12:27:20.0,1PDF,SLPSL0001,PULV LOW SEAL AIR HDR DIFF PRESS,,LOABS,PULV LOW SEAL AIR HDR DIFF PRESS,ALM,1,3.97031,4,INH2O,!WP1001!WP1002!WP1003!WP1006!WP1007!WP1014!hist14!CP1004,1
2026-07-16 12:27:21.0,1PDF,SLPSL0001,PULV LOW SEAL AIR HDR DIFF PRESS,,LOABS,PULV LOW SEAL AIR HDR DIFF PRESS,RTN,1,4.05908,4,INH2O,!WP1001!WP1002!WP1003!WP1006!WP1007!WP1014!hist14!CP1004,1
2026-07-16 12:27:22.0,1PDF,SLPSL0001,PULV LOW SEAL AIR HDR DIFF PRESS,,LOABS,PULV LOW SEAL AIR HDR DIFF PRESS,ALM,1,3.83496,4,INH2O,!WP1001!WP1002!WP1003!WP1006!WP1007!WP1014!hist14!CP1004,1
2026-07-16 12:27:46.1,1WB_DEV,AA_JJ_DEV,AUX AIR JJ ANY DEV,,STATE,DEVIATION,ALM,5,,,INH2O,,0
2026-07-16 12:28:09.0,1PDF,SLPSL0001,PULV LOW SEAL AIR HDR DIFF PRESS,,LOABS,PULV LOW SEAL AIR HDR DIFF PRESS,RTN,1,4.04092,4,INH2O,!WP1001!WP1002!WP1003!WP1006!WP1007!WP1014!hist14!CP1004,1
2026-07-16 12:28:10.0,1PDF,SLPSL0001,PULV LOW SEAL AIR HDR DIFF PRESS,,LOABS,PULV LOW SEAL AIR HDR DIFF PRESS,ALM,1,3.9624,4,INH2O,!WP1001!WP1002!WP1003!WP1006!WP1007!WP1014!hist14!CP1004,1
2026-07-16 12:28:16.0,1PDF,SLPSL0001,PULV LOW SEAL AIR HDR DIFF PRESS,,LOABS,PULV LOW SEAL AIR HDR DIFF PRESS,RTN,1,4.05469,4,INH2O,!WP1001!WP1002!WP1003!WP1006!WP1007!WP1014!hist14!CP1004,1
2026-07-16 12:28:17.0,1PDF,SLPSL0001,PULV LOW SEAL AIR HDR DIFF PRESS,,LOABS,PULV LOW SEAL AIR HDR DIFF PRESS,ALM,1,3.99961,4,INH2O,!WP1001!WP1002!WP1003!WP1006!WP1007!WP1014!hist14!CP1004,1
2026-07-16 12:28:18.0,1PDF,SLPSL0001,PULV LOW SEAL AIR HDR DIFF PRESS,,LOABS,PULV LOW SEAL AIR HDR DIFF PRESS,RTN,1,4.04531,4,INH2O,!WP1001!WP1002!WP1003!WP1006!WP1007!WP1014!hist14!CP1004,1
2026-07-16 12:28:19.0,1PDF,SLPSL0001,PULV LOW SEAL AIR HDR DIFF PRESS,,LOABS,PULV LOW SEAL AIR HDR DIFF PRESS,ALM,1,3.89561,4,INH2O,!WP1001!WP1002!WP1003!WP1006!WP1007!WP1014!hist14!CP1004,1
2026-07-16 12:28:24.0,1PDF,SLPSL0001,PULV LOW SEAL AIR HDR DIFF PRESS,,LOABS,PULV LOW SEAL AIR HDR DIFF PRESS,RTN,1,4.00752,4,INH2O,!WP1001!WP1002!WP1003!WP1006!WP1007!WP1014!hist14!CP1004,1
2026-07-16 12:28:25.0,1PDF,SLPSL0001,PULV LOW SEAL AIR HDR DIFF PRESS,,LOABS,PULV LOW SEAL AIR HDR DIFF PRESS,ALM,1,3.95244,4,INH2O,!WP1001!WP1002!WP1003!WP1006!WP1007!WP1014!hist14!CP1004,1
2026-07-16 12:28:26.0,1PDF,SLPSL0001,PULV LOW SEAL AIR HDR DIFF PRESS,,LOABS,PULV LOW SEAL AIR HDR DIFF PRESS,RTN,1,4.11943,4,INH2O,!WP1001!WP1002!WP1003!WP1006!WP1007!WP1014!hist14!CP1004,1
2026-07-16 12:28:27.0,1PDF,SLPSL0001,PULV LOW SEAL AIR HDR DIFF PRESS,,LOABS,PULV LOW SEAL AIR HDR DIFF PRESS,ALM,1,3.99053,4,INH2O,!WP1001!WP1002!WP1003!WP1006!WP1007!WP1014!hist14!CP1004,1
2026-07-16 12:28:35.0,1PDF,SLPSL0001,PULV LOW SEAL AIR HDR DIFF PRESS,,LOABS,PULV LOW SEAL AIR HDR DIFF PRESS,RTN,1,4.04268,4,INH2O,!WP1001!WP1002!WP1003!WP1006!WP1007!WP1014!hist14!CP1004,1
2026-07-16 12:28:36.0,1PDF,SLPSL0001,PULV LOW SEAL AIR HDR DIFF PRESS,,LOABS,PULV LOW SEAL AIR HDR DIFF PRESS,ALM,1,3.94629,4,INH2O,!WP1001!WP1002!WP1003!WP1006!WP1007!WP1014!hist14!CP1004,1
2026-07-16 12:29:00.0,1PDF,SLPSL0001,PULV LOW SEAL AIR HDR DIFF PRESS,,LOABS,PULV LOW SEAL AIR HDR DIFF PRESS,RTN,1,4.03389,4,INH2O,!WP1001!WP1002!WP1003!WP1006!WP1007!WP1014!hist14!CP1004,1
2026-07-16 12:29:01.0,1PDF,SLPSL0001,PULV LOW SEAL AIR HDR DIFF PRESS,,LOABS,PULV LOW SEAL AIR HDR DIFF PRESS,ALM,1,3.81211,4,INH2O,!WP1001!WP1002!WP1003!WP1006!WP1007!WP1014!hist14!CP1004,1
2026-07-16 12:29:19.0,1PDF,SLPSL0001,PULV LOW SEAL AIR HDR DIFF PRESS,,LOABS,PULV LOW SEAL AIR HDR DIFF PRESS,RTN,1,4.00254,4,INH2O,!WP1001!WP1002!WP1003!WP1006!WP1007!WP1014!hist14!CP1004,1
2026-07-16 12:29:20.0,1PDF,SLPSL0001,PULV LOW SEAL AIR HDR DIFF PRESS,,LOABS,PULV LOW SEAL AIR HDR DIFF PRESS,ALM,1,3.94131,4,INH2O,!WP1001!WP1002!WP1003!WP1006!WP1007!WP1014!hist14!CP1004,1
2026-07-16 12:29:23.0,1PDF,SLPSL0001,PULV LOW SEAL AIR HDR DIFF PRESS,,LOABS,PULV LOW SEAL AIR HDR DIFF PRESS,RTN,1,4.09072,4,INH2O,!WP1001!WP1002!WP1003!WP1006!WP1007!WP1014!hist14!CP1004,1
2026-07-16 12:29:28.0,1PDF,SLPSL0001,PULV LOW SEAL AIR HDR DIFF PRESS,,LOABS,PULV LOW SEAL AIR HDR DIFF PRESS,ALM,1,3.91436,4,INH2O,!WP1001!WP1002!WP1003!WP1006!WP1007!WP1014!hist14!CP1004,1
2026-07-16 12:29:29.0,1PDF,SLPSL0001,PULV LOW SEAL AIR HDR DIFF PRESS,,LOABS,PULV LOW SEAL AIR HDR DIFF PRESS,RTN,1,4.04385,4,INH2O,!WP1001!WP1002!WP1003!WP1006!WP1007!WP1014!hist14!CP1004,1
2026-07-16 12:29:30.0,1PDF,SLPSL0001,PULV LOW SEAL AIR HDR DIFF PRESS,,LOABS,PULV LOW SEAL AIR HDR DIFF PRESS,ALM,1,3.95977,4,INH2O,!WP1001!WP1002!WP1003!WP1006!WP1007!WP1014!hist14!CP1004,1
2026-07-16 12:29:33.0,1PDF,SLPSL0001,PULV LOW SEAL AIR HDR DIFF PRESS,,LOABS,PULV LOW SEAL AIR HDR DIFF PRESS,RTN,1,4.02129,4,INH2O,!WP1001!WP1002!WP1003!WP1006!WP1007!WP1014!hist14!CP1004,1
2026-07-16 12:29:34.0,1PDF,SLPSL0001,PULV LOW SEAL AIR HDR DIFF PRESS,,LOABS,PULV LOW SEAL AIR HDR DIFF PRESS,ALM,1,3.94688,4,INH2O,!WP1001!WP1002!WP1003!WP1006!WP1007!WP1014!hist14!CP1004,1
2026-07-16 12:29:44.0,1PDF,SLPSL0001,PULV LOW SEAL AIR HDR DIFF PRESS,,LOABS,PULV LOW SEAL AIR HDR DIFF PRESS,RTN,1,4.06787,4,INH2O,!WP1001!WP1002!WP1003!WP1006!WP1007!WP1014!hist14!CP1004,1
2026-07-16 12:29:45.0,1PDF,SLPSL0001,PULV LOW SEAL AIR HDR DIFF PRESS,,LOABS,PULV LOW SEAL AIR HDR DIFF PRESS,ALM,1,3.97236,4,INH2O,!WP1001!WP1002!WP1003!WP1006!WP1007!WP1014!hist14!CP1004,1
2026-07-16 12:29:46.0,1PDF,SLPSL0001,PULV LOW SEAL AIR HDR DIFF PRESS,,LOABS,PULV LOW SEAL AIR HDR DIFF PRESS,RTN,1,4.10244,4,INH2O,!WP1001!WP1002!WP1003!WP1006!WP1007!WP1014!hist14!CP1004,1
2026-07-16 12:30:19.0,1PDF,SLPSL0001,PULV LOW SEAL AIR HDR DIFF PRESS,,LOABS,PULV LOW SEAL AIR HDR DIFF PRESS,ALM,1,3.98408,4,INH2O,!WP1001!WP1002!WP1003!WP1006!WP1007!WP1014!hist14!CP1004,1
2026-07-16 12:30:22.0,1PDF,SLPSL0001,PULV LOW SEAL AIR HDR DIFF PRESS,,LOABS,PULV LOW SEAL AIR HDR DIFF PRESS,RTN,1,4.01133,4,INH2O,!WP1001!WP1002!WP1003!WP1006!WP1007!WP1014!hist14!CP1004,1
2026-07-16 12:30:23.0,1PDF,SLPSL0001,PULV LOW SEAL AIR HDR DIFF PRESS,,LOABS,PULV LOW SEAL AIR HDR DIFF PRESS,ALM,1,3.98672,4,INH2O,!WP1001!WP1002!WP1003!WP1006!WP1007!WP1014!hist14!CP1004,1
2026-07-16 12:30:24.0,1PDF,SLPSL0001,PULV LOW SEAL AIR HDR DIFF PRESS,,LOABS,PULV LOW SEAL AIR HDR DIFF PRESS,RTN,1,4.0667,4,INH2O,!WP1001!WP1002!WP1003!WP1006!WP1007!WP1014!hist14!CP1004,1
2026-07-16 12:30:25.0,1PDF,SLPSL0001,PULV LOW SEAL AIR HDR DIFF PRESS,,LOABS,PULV LOW SEAL AIR HDR DIFF PRESS,ALM,1,3.94453,4,INH2O,!WP1001!WP1002!WP1003!WP1006!WP1007!WP1014!hist14!CP1004,1
2026-07-16 12:32:24.0,1PDF,SLPSL0001,PULV LOW SEAL AIR HDR DIFF PRESS,,LOABS,PULV LOW SEAL AIR HDR DIFF PRESS,RTN,1,4.03799,4,INH2O,!WP1001!WP1002!WP1003!WP1006!WP1007!WP1014!hist14!CP1004,1
2026-07-16 12:32:25.0,1PDF,SLPSL0001,PULV LOW SEAL AIR HDR DIFF PRESS,,LOABS,PULV LOW SEAL AIR HDR DIFF PRESS,ALM,1,3.96973,4,INH2O,!WP1001!WP1002!WP1003!WP1006!WP1007!WP1014!hist14!CP1004,1
2026-07-16 12:32:26.0,1PDF,SLPSL0001,PULV LOW SEAL AIR HDR DIFF PRESS,,LOABS,PULV LOW SEAL AIR HDR DIFF PRESS,RTN,1,4.05147,4,INH2O,!WP1001!WP1002!WP1003!WP1006!WP1007!WP1014!hist14!CP1004,1
2026-07-16 12:32:27.0,1PDF,SLPSL0001,PULV LOW SEAL AIR HDR DIFF PRESS,,LOABS,PULV LOW SEAL AIR HDR DIFF PRESS,ALM,1,3.99727,4,INH2O,!WP1001!WP1002!WP1003!WP1006!WP1007!WP1014!hist14!CP1004,1
2026-07-16 12:32:28.0,1PDF,SLPSL0001,PULV LOW SEAL AIR HDR DIFF PRESS,,LOABS,PULV LOW SEAL AIR HDR DIFF PRESS,RTN,1,4.14902,4,INH2O,!WP1001!WP1002!WP1003!WP1006!WP1007!WP1014!hist14!CP1004,1
2026-07-16 12:32:33.0,1PDF,SLPSL0001,PULV LOW SEAL AIR HDR DIFF PRESS,,LOABS,PULV LOW SEAL AIR HDR DIFF PRESS,ALM,1,3.9583,4,INH2O,!WP1001!WP1002!WP1003!WP1006!WP1007!WP1014!hist14!CP1004,1
2026-07-16 12:32:34.0,1PDF,SLPSL0001,PULV LOW SEAL AIR HDR DIFF PRESS,,LOABS,PULV LOW SEAL AIR HDR DIFF PRESS,RTN,1,4.15693,4,INH2O,!WP1001!WP1002!WP1003!WP1006!WP1007!WP1014!hist14!CP1004,1
2026-07-16 12:32:38.5,1FG_B,ZSH5701A,BF B BLADE PITCH,,HIABS,BLADE PITCH ALARM,ALM,3,70.0879,70,%,!WP1001!WP1002!WP1003!WP1006!WP1007!WP1014!hist14!CP1015,1
2026-07-16 12:32:39.5,1FG_A,ZSH5601A,BF A BLADE PITCH,,HIABS,BLADE PITCH ALARM,ALM,3,70.002,70,%,!WP1001!WP1002!WP1003!WP1006!WP1007!WP1014!hist14!CP1015,1
2026-07-16 12:33:16.5,IDFAN_PEEC,OPCY_ALM,PRECIP OUT > 50%,PRECIP OUTLET,STATE,ALARM,ALM,3,,,,!WP1001!WP1002!WP1003!WP1006!WP1007!WP1014!hist14!CP1003,1
2026-07-16 12:33:22.0,IDFAN_PEEC,OPCY_ALM,PRECIP OUT > 50%,PRECIP OUTLET,STATE,NORMAL,RTN,3,,,,!WP1001!WP1002!WP1003!WP1006!WP1007!WP1014!hist14!CP1003,1
2026-07-16 12:33:23.5,1SEAL_AIR,PDI5735_ALM,BF B OUT DMPR SEAL CAV D/P LOW,,STATE,DP ALARM ACTIVE,ALM,3,,,,!WP1001!WP1002!WP1003!WP1006!WP1007!WP1014!hist14!CP1015,1
2026-07-16 12:33:53.0,1PDF,SLPSL0001,PULV LOW SEAL AIR HDR DIFF PRESS,,LOABS,PULV LOW SEAL AIR HDR DIFF PRESS,ALM,1,3.97559,4,INH2O,!WP1001!WP1002!WP1003!WP1006!WP1007!WP1014!hist14!CP1004,1
2026-07-16 12:33:56.0,1PDF,SLPSL0001,PULV LOW SEAL AIR HDR DIFF PRESS,,LOABS,PULV LOW SEAL AIR HDR DIFF PRESS,RTN,1,4.09863,4,INH2O,!WP1001!WP1002!WP1003!WP1006!WP1007!WP1014!hist14!CP1004,1
2026-07-16 12:34:14.0,1PDF,SLPSL0001,PULV LOW SEAL AIR HDR DIFF PRESS,,LOABS,PULV LOW SEAL AIR HDR DIFF PRESS,ALM,1,3.97383,4,INH2O,!WP1001!WP1002!WP1003!WP1006!WP1007!WP1014!hist14!CP1004,1
2026-07-16 12:34:15.0,1PDF,SLPSL0001,PULV LOW SEAL AIR HDR DIFF PRESS,,LOABS,PULV LOW SEAL AIR HDR DIFF PRESS,RTN,1,4.04619,4,INH2O,!WP1001!WP1002!WP1003!WP1006!WP1007!WP1014!hist14!CP1004,1
2026-07-16 12:34:16.0,1PDF,SLPSL0001,PULV LOW SEAL AIR HDR DIFF PRESS,,LOABS,PULV LOW SEAL AIR HDR DIFF PRESS,ALM,1,3.93252,4,INH2O,!WP1001!WP1002!WP1003!WP1006!WP1007!WP1014!hist14!CP1004,1
2026-07-16 12:34:17.0,1PDF,SLPSL0001,PULV LOW SEAL AIR HDR DIFF PRESS,,LOABS,PULV LOW SEAL AIR HDR DIFF PRESS,RTN,1,4.10098,4,INH2O,!WP1001!WP1002!WP1003!WP1006!WP1007!WP1014!hist14!CP1004,1
2026-07-16 12:34:29.0,1PDF,SLPSL0001,PULV LOW SEAL AIR HDR DIFF PRESS,,LOABS,PULV LOW SEAL AIR HDR DIFF PRESS,ALM,1,3.9501,4,INH2O,!WP1001!WP1002!WP1003!WP1006!WP1007!WP1014!hist14!CP1004,1
2026-07-16 12:35:37.5,IDFAN_PEEC,OPCY_ALM,PRECIP OUT > 50%,PRECIP OUTLET,STATE,ALARM,ALM,3,,,,!WP1001!WP1002!WP1003!WP1006!WP1007!WP1014!hist14!CP1003,1
2026-07-16 12:35:42.5,IDFAN_PEEC,OPCY_ALM,PRECIP OUT > 50%,PRECIP OUTLET,STATE,NORMAL,RTN,3,,,,!WP1001!WP1002!WP1003!WP1006!WP1007!WP1014!hist14!CP1003,1
2026-07-16 12:35:57.0,IDFAN_PEEC,OPCY_ALM,PRECIP OUT > 50%,PRECIP OUTLET,STATE,ALARM,ALM,3,,,,!WP1001!WP1002!WP1003!WP1006!WP1007!WP1014!hist14!CP1003,1
2026-07-16 12:36:08.5,1FG_B,ZSH5701A,BF B BLADE PITCH,,HIABS,BLADE PITCH ALARM,RTN,3,69.8457,70,%,!WP1001!WP1002!WP1003!WP1006!WP1007!WP1014!hist14!CP1015,1
2026-07-16 12:36:09.0,1FG_A,ZSH5601A,BF A BLADE PITCH,,HIABS,BLADE PITCH ALARM,RTN,3,69.877,70,%,!WP1001!WP1002!WP1003!WP1006!WP1007!WP1014!hist14!CP1015,1
2026-07-16 12:36:10.0,IDFAN_PEEC,OPCY_ALM,PRECIP OUT > 50%,PRECIP OUTLET,STATE,NORMAL,RTN,3,,,,!WP1001!WP1002!WP1003!WP1006!WP1007!WP1014!hist14!CP1003,1
2026-07-16 12:36:59.0,1PDF,SLPSL0001,PULV LOW SEAL AIR HDR DIFF PRESS,,LOABS,PULV LOW SEAL AIR HDR DIFF PRESS,RTN,1,4.0415,4,INH2O,!WP1001!WP1002!WP1003!WP1006!WP1007!WP1014!hist14!CP1004,1
2026-07-16 12:37:00.0,1PDF,SLPSL0001,PULV LOW SEAL AIR HDR DIFF PRESS,,LOABS,PULV LOW SEAL AIR HDR DIFF PRESS,ALM,1,3.95186,4,INH2O,!WP1001!WP1002!WP1003!WP1006!WP1007!WP1014!hist14!CP1004,1
2026-07-16 12:37:02.0,IDFAN_PEEC,OPCY_ALM,PRECIP OUT > 50%,PRECIP OUTLET,STATE,ALARM,ALM,3,,,,!WP1001!WP1002!WP1003!WP1006!WP1007!WP1014!hist14!CP1003,1
2026-07-16 12:37:03.0,1PDF,SLPSL0001,PULV LOW SEAL AIR HDR DIFF PRESS,,LOABS,PULV LOW SEAL AIR HDR DIFF PRESS,RTN,1,4.05439,4,INH2O,!WP1001!WP1002!WP1003!WP1006!WP1007!WP1014!hist14!CP1004,1
2026-07-16 12:37:04.0,1PDF,SLPSL0001,PULV LOW SEAL AIR HDR DIFF PRESS,,LOABS,PULV LOW SEAL AIR HDR DIFF PRESS,ALM,1,3.94834,4,INH2O,!WP1001!WP1002!WP1003!WP1006!WP1007!WP1014!hist14!CP1004,1
2026-07-16 12:37:05.0,1PDF,SLPSL0001,PULV LOW SEAL AIR HDR DIFF PRESS,,LOABS,PULV LOW SEAL AIR HDR DIFF PRESS,RTN,1,4.14023,4,INH2O,!WP1001!WP1002!WP1003!WP1006!WP1007!WP1014!hist14!CP1004,1
2026-07-16 12:37:08.5,IDFAN_PEEC,OPCY_ALM,PRECIP OUT > 50%,PRECIP OUTLET,STATE,NORMAL,RTN,3,,,,!WP1001!WP1002!WP1003!WP1006!WP1007!WP1014!hist14!CP1003,1
2026-07-16 12:37:29.5,1FG_A,ZSH5601A,BF A BLADE PITCH,,HIABS,BLADE PITCH ALARM,ALM,3,70.0566,70,%,!WP1001!WP1002!WP1003!WP1006!WP1007!WP1014!hist14!CP1015,1
2026-07-16 12:37:35.0,1FG_B,ZSH5701A,BF B BLADE PITCH,,HIABS,BLADE PITCH ALARM,ALM,3,70.002,70,%,!WP1001!WP1002!WP1003!WP1006!WP1007!WP1014!hist14!CP1015,1
2026-07-16 12:38:41.0,1PDF,SLPSL0001,PULV LOW SEAL AIR HDR DIFF PRESS,,LOABS,PULV LOW SEAL AIR HDR DIFF PRESS,ALM,1,3.88506,4,INH2O,!WP1001!WP1002!WP1003!WP1006!WP1007!WP1014!hist14!CP1004,1
2026-07-16 12:38:49.7,1BCS_7,IKTE3751,REHEAT TEMP RIGHT (REDUNDANT),,HIABS,HIGH,ALM,1,1012.22,1012.18,DEG.F,!WP1002!WP1006!WP1007!WP1001!WP1003!WP1014!hist14!CP1007,1
2026-07-16 12:39:00.7,1BCS_7,IKTE3451,REHEAT TEMP RIGHT (NORM),,HIABS,HIGH,ALM,1,1012.19,1012.18,DEG.F,!WP1002!WP1006!WP1007!WP1001!WP1003!WP1014!hist14!CP1007,1
2026-07-16 12:39:21.2,1BCS_7,IKTE3741,REHEAT TEMP LEFT (REDUNDANT),,HIABS,HIGH,ALM,1,1012.24,1012.18,DEG.F,!WP1002!WP1006!WP1007!WP1001!WP1003!WP1014!hist14!CP1007,1
2026-07-16 12:39:22.2,1BCS_7,IKTE3441,REHEAT TEMP LEFT (NORM),,HIABS,HIGH,ALM,1,1012.24,1012.18,DEG.F,!WP1002!WP1006!WP1007!WP1001!WP1003!WP1014!hist14!CP1007,1
2026-07-16 12:40:06.5,1FG_B,ZSH5701A,BF B BLADE PITCH,,HIABS,BLADE PITCH ALARM,RTN,3,69.8574,70,%,!WP1001!WP1002!WP1003!WP1006!WP1007!WP1014!hist14!CP1015,1
2026-07-16 12:40:14.5,1FG_A,ZSH5601A,BF A BLADE PITCH,,HIABS,BLADE PITCH ALARM,RTN,3,69.8496,70,%,!WP1001!WP1002!WP1003!WP1006!WP1007!WP1014!hist14!CP1015,1
2026-07-16 12:40:27.7,1BCS_7,IKTE3451,REHEAT TEMP RIGHT (NORM),,HIABS,HIGH,RTN,1,1007.12,1012.18,DEG.F,!WP1002!WP1006!WP1007!WP1001!WP1003!WP1014!hist14!CP1007,1
2026-07-16 12:40:33.2,1BCS_7,IKTE3751,REHEAT TEMP RIGHT (REDUNDANT),,HIABS,HIGH,RTN,1,1007.12,1012.18,DEG.F,!WP1002!WP1006!WP1007!WP1001!WP1003!WP1014!hist14!CP1007,1
2026-07-16 12:41:09.2,1BCS_7,IKTE3441,REHEAT TEMP LEFT (NORM),,HIABS,HIGH,RTN,1,1007.15,1012.18,DEG.F,!WP1002!WP1006!WP1007!WP1001!WP1003!WP1014!hist14!CP1007,1
2026-07-16 12:41:11.0,1FG_A,ZSH5601A,BF A BLADE PITCH,,HIABS,BLADE PITCH ALARM,ALM,3,70.0254,70,%,!WP1001!WP1002!WP1003!WP1006!WP1007!WP1014!hist14!CP1015,1
2026-07-16 12:41:12.2,1BCS_7,IKTE3741,REHEAT TEMP LEFT (REDUNDANT),,HIABS,HIGH,RTN,1,1007.15,1012.18,DEG.F,!WP1002!WP1006!WP1007!WP1001!WP1003!WP1014!hist14!CP1007,1
2026-07-16 12:41:15.5,1FG_B,ZSH5701A,BF B BLADE PITCH,,HIABS,BLADE PITCH ALARM,ALM,3,70.0898,70,%,!WP1001!WP1002!WP1003!WP1006!WP1007!WP1014!hist14!CP1015,1
2026-07-16 12:41:20.0,1PDF,SLPSL0001,PULV LOW SEAL AIR HDR DIFF PRESS,,LOABS,PULV LOW SEAL AIR HDR DIFF PRESS,RTN,1,4.01836,4,INH2O,!WP1001!WP1002!WP1003!WP1006!WP1007!WP1014!hist14!CP1004,1
2026-07-16 12:41:21.0,1PDF,SLPSL0001,PULV LOW SEAL AIR HDR DIFF PRESS,,LOABS,PULV LOW SEAL AIR HDR DIFF PRESS,ALM,1,3.98027,4,INH2O,!WP1001!WP1002!WP1003!WP1006!WP1007!WP1014!hist14!CP1004,1
2026-07-16 12:41:30.0,1PDF,SLPSL0001,PULV LOW SEAL AIR HDR DIFF PRESS,,LOABS,PULV LOW SEAL AIR HDR DIFF PRESS,RTN,1,4.01719,4,INH2O,!WP1001!WP1002!WP1003!WP1006!WP1007!WP1014!hist14!CP1004,1
2026-07-16 12:41:31.0,1PDF,SLPSL0001,PULV LOW SEAL AIR HDR DIFF PRESS,,LOABS,PULV LOW SEAL AIR HDR DIFF PRESS,ALM,1,3.92139,4,INH2O,!WP1001!WP1002!WP1003!WP1006!WP1007!WP1014!hist14!CP1004,1
2026-07-16 12:41:32.0,1PDF,SLPSL0001,PULV LOW SEAL AIR HDR DIFF PRESS,,LOABS,PULV LOW SEAL AIR HDR DIFF PRESS,RTN,1,4.0251,4,INH2O,!WP1001!WP1002!WP1003!WP1006!WP1007!WP1014!hist14!CP1004,1
2026-07-16 12:41:33.0,1PDF,SLPSL0001,PULV LOW SEAL AIR HDR DIFF PRESS,,LOABS,PULV LOW SEAL AIR HDR DIFF PRESS,ALM,1,3.92783,4,INH2O,!WP1001!WP1002!WP1003!WP1006!WP1007!WP1014!hist14!CP1004,1
2026-07-16 12:41:34.0,1PDF,SLPSL0001,PULV LOW SEAL AIR HDR DIFF PRESS,,LOABS,PULV LOW SEAL AIR HDR DIFF PRESS,RTN,1,4.08105,4,INH2O,!WP1001!WP1002!WP1003!WP1006!WP1007!WP1014!hist14!CP1004,1
2026-07-16 12:41:39.0,1PDF,SLPSL0001,PULV LOW SEAL AIR HDR DIFF PRESS,,LOABS,PULV LOW SEAL AIR HDR DIFF PRESS,ALM,1,3.98789,4,INH2O,!WP1001!WP1002!WP1003!WP1006!WP1007!WP1014!hist14!CP1004,1
2026-07-16 12:41:41.0,1PDF,SLPSL0001,PULV LOW SEAL AIR HDR DIFF PRESS,,LOABS,PULV LOW SEAL AIR HDR DIFF PRESS,RTN,1,4.05029,4,INH2O,!WP1001!WP1002!WP1003!WP1006!WP1007!WP1014!hist14!CP1004,1
2026-07-16 12:41:55.0,IDFAN_PEEC,OPCY_ALM,PRECIP OUT > 50%,PRECIP OUTLET,STATE,ALARM,ALM,3,,,,!WP1001!WP1002!WP1003!WP1006!WP1007!WP1014!hist14!CP1003,1
2026-07-16 12:42:09.5,IDFAN_PEEC,OPCY_ALM,PRECIP OUT > 50%,PRECIP OUTLET,STATE,NORMAL,RTN,3,,,,!WP1001!WP1002!WP1003!WP1006!WP1007!WP1014!hist14!CP1003,1
2026-07-16 12:42:15.0,IDFAN_PEEC,OPCY_ALM,PRECIP OUT > 50%,PRECIP OUTLET,STATE,ALARM,ALM,3,,,,!WP1001!WP1002!WP1003!WP1006!WP1007!WP1014!hist14!CP1003,1
2026-07-16 12:42:22.0,IDFAN_PEEC,OPCY_ALM,PRECIP OUT > 50%,PRECIP OUTLET,STATE,NORMAL,RTN,3,,,,!WP1001!WP1002!WP1003!WP1006!WP1007!WP1014!hist14!CP1003,1
2026-07-16 12:42:26.0,1PDF,SLPSL0001,PULV LOW SEAL AIR HDR DIFF PRESS,,LOABS,PULV LOW SEAL AIR HDR DIFF PRESS,ALM,1,3.99023,4,INH2O,!WP1001!WP1002!WP1003!WP1006!WP1007!WP1014!hist14!CP1004,1
2026-07-16 12:42:27.0,1PDF,SLPSL0001,PULV LOW SEAL AIR HDR DIFF PRESS,,LOABS,PULV LOW SEAL AIR HDR DIFF PRESS,RTN,1,4.12939,4,INH2O,!WP1001!WP1002!WP1003!WP1006!WP1007!WP1014!hist14!CP1004,1
2026-07-16 12:42:28.0,1PDF,SLPSL0001,PULV LOW SEAL AIR HDR DIFF PRESS,,LOABS,PULV LOW SEAL AIR HDR DIFF PRESS,ALM,1,3.94717,4,INH2O,!WP1001!WP1002!WP1003!WP1006!WP1007!WP1014!hist14!CP1004,1
2026-07-16 12:42:29.0,1PDF,SLPSL0001,PULV LOW SEAL AIR HDR DIFF PRESS,,LOABS,PULV LOW SEAL AIR HDR DIFF PRESS,RTN,1,4.05674,4,INH2O,!WP1001!WP1002!WP1003!WP1006!WP1007!WP1014!hist14!CP1004,1
2026-07-16 12:42:30.0,1PDF,SLPSL0001,PULV LOW SEAL AIR HDR DIFF PRESS,,LOABS,PULV LOW SEAL AIR HDR DIFF PRESS,ALM,1,3.96006,4,INH2O,!WP1001!WP1002!WP1003!WP1006!WP1007!WP1014!hist14!CP1004,1
2026-07-16 12:42:31.0,1PDF,SLPSL0001,PULV LOW SEAL AIR HDR DIFF PRESS,,LOABS,PULV LOW SEAL AIR HDR DIFF PRESS,RTN,1,4.00225,4,INH2O,!WP1001!WP1002!WP1003!WP1006!WP1007!WP1014!hist14!CP1004,1
2026-07-16 12:42:32.0,1PDF,SLPSL0001,PULV LOW SEAL AIR HDR DIFF PRESS,,LOABS,PULV LOW SEAL AIR HDR DIFF PRESS,ALM,1,3.93398,4,INH2O,!WP1001!WP1002!WP1003!WP1006!WP1007!WP1014!hist14!CP1004,1
2026-07-16 12:42:33.0,1PDF,SLPSL0001,PULV LOW SEAL AIR HDR DIFF PRESS,,LOABS,PULV LOW SEAL AIR HDR DIFF PRESS,RTN,1,4.10918,4,INH2O,!WP1001!WP1002!WP1003!WP1006!WP1007!WP1014!hist14!CP1004,1
2026-07-16 12:42:36.0,1PDF,SLPSL0001,PULV LOW SEAL AIR HDR DIFF PRESS,,LOABS,PULV LOW SEAL AIR HDR DIFF PRESS,ALM,1,3.93838,4,INH2O,!WP1001!WP1002!WP1003!WP1006!WP1007!WP1014!hist14!CP1004,1
2026-07-16 12:42:42.0,IDFAN_PEEC,OPCY_ALM,PRECIP OUT > 50%,PRECIP OUTLET,STATE,ALARM,ALM,3,,,,!WP1001!WP1002!WP1003!WP1006!WP1007!WP1014!hist14!CP1003,1
2026-07-16 12:42:44.0,1PDF,SLPSL0001,PULV LOW SEAL AIR HDR DIFF PRESS,,LOABS,PULV LOW SEAL AIR HDR DIFF PRESS,RTN,1,4.02217,4,INH2O,!WP1001!WP1002!WP1003!WP1006!WP1007!WP1014!hist14!CP1004,1
2026-07-16 12:42:45.0,1PDF,SLPSL0001,PULV LOW SEAL AIR HDR DIFF PRESS,,LOABS,PULV LOW SEAL AIR HDR DIFF PRESS,ALM,1,3.95215,4,INH2O,!WP1001!WP1002!WP1003!WP1006!WP1007!WP1014!hist14!CP1004,1
2026-07-16 12:42:54.0,IDFAN_PEEC,OPCY_ALM,PRECIP OUT > 50%,PRECIP OUTLET,STATE,NORMAL,RTN,3,,,,!WP1001!WP1002!WP1003!WP1006!WP1007!WP1014!hist14!CP1003,1
2026-07-16 12:43:09.5,IDFAN_PEEC,OPCY_ALM,PRECIP OUT > 50%,PRECIP OUTLET,STATE,ALARM,ALM,3,,,,!WP1001!WP1002!WP1003!WP1006!WP1007!WP1014!hist14!CP1003,1
2026-07-16 12:43:22.0,IDFAN_PEEC,OPCY_ALM,PRECIP OUT > 50%,PRECIP OUTLET,STATE,NORMAL,RTN,3,,,,!WP1001!WP1002!WP1003!WP1006!WP1007!WP1014!hist14!CP1003,1
2026-07-16 12:43:42.0,IDFAN_PEEC,OPCY_ALM,PRECIP OUT > 50%,PRECIP OUTLET,STATE,ALARM,ALM,3,,,,!WP1001!WP1002!WP1003!WP1006!WP1007!WP1014!hist14!CP1003,1
2026-07-16 12:43:53.0,IDFAN_PEEC,OPCY_ALM,PRECIP OUT > 50%,PRECIP OUTLET,STATE,NORMAL,RTN,3,,,,!WP1001!WP1002!WP1003!WP1006!WP1007!WP1014!hist14!CP1003,1
2026-07-16 12:43:54.5,IDFAN_PEEC,OPCY_ALM,PRECIP OUT > 50%,PRECIP OUTLET,STATE,ALARM,ALM,3,,,,!WP1001!WP1002!WP1003!WP1006!WP1007!WP1014!hist14!CP1003,1
2026-07-16 12:44:00.0,IDFAN_PEEC,OPCY_ALM,PRECIP OUT > 50%,PRECIP OUTLET,STATE,NORMAL,RTN,3,,,,!WP1001!WP1002!WP1003!WP1006!WP1007!WP1014!hist14!CP1003,1
2026-07-16 12:44:01.5,IDFAN_PEEC,OPCY_ALM,PRECIP OUT > 50%,PRECIP OUTLET,STATE,ALARM,ALM,3,,,,!WP1001!WP1002!WP1003!WP1006!WP1007!WP1014!hist14!CP1003,1
2026-07-16 12:44:09.5,IDFAN_PEEC,OPCY_ALM,PRECIP OUT > 50%,PRECIP OUTLET,STATE,NORMAL,RTN,3,,,,!WP1001!WP1002!WP1003!WP1006!WP1007!WP1014!hist14!CP1003,1
2026-07-16 12:44:38.5,IDFAN_PEEC,OPCY_ALM,PRECIP OUT > 50%,PRECIP OUTLET,STATE,ALARM,ALM,3,,,,!WP1001!WP1002!WP1003!WP1006!WP1007!WP1014!hist14!CP1003,1
2026-07-16 12:44:44.0,IDFAN_PEEC,OPCY_ALM,PRECIP OUT > 50%,PRECIP OUTLET,STATE,NORMAL,RTN,3,,,,!WP1001!WP1002!WP1003!WP1006!WP1007!WP1014!hist14!CP1003,1
2026-07-16 12:44:45.5,IDFAN_PEEC,OPCY_ALM,PRECIP OUT > 50%,PRECIP OUTLET,STATE,ALARM,ALM,3,,,,!WP1001!WP1002!WP1003!WP1006!WP1007!WP1014!hist14!CP1003,1
2026-07-16 12:44:51.0,IDFAN_PEEC,OPCY_ALM,PRECIP OUT > 50%,PRECIP OUTLET,STATE,NORMAL,RTN,3,,,,!WP1001!WP1002!WP1003!WP1006!WP1007!WP1014!hist14!CP1003,1
2026-07-16 12:46:32.0,IDFAN_PEEC,OPCY_ALM,PRECIP OUT > 50%,PRECIP OUTLET,STATE,ALARM,ALM,3,,,,!WP1001!WP1002!WP1003!WP1006!WP1007!WP1014!hist14!CP1003,1
2026-07-16 12:46:37.5,IDFAN_PEEC,OPCY_ALM,PRECIP OUT > 50%,PRECIP OUTLET,STATE,NORMAL,RTN,3,,,,!WP1001!WP1002!WP1003!WP1006!WP1007!WP1014!hist14!CP1003,1
2026-07-16 12:46:56.0,1PDF,SLPSL0001,PULV LOW SEAL AIR HDR DIFF PRESS,,LOABS,PULV LOW SEAL AIR HDR DIFF PRESS,RTN,1,4.00078,4,INH2O,!WP1001!WP1002!WP1003!WP1006!WP1007!WP1014!hist14!CP1004,1
2026-07-16 12:46:57.0,1PDF,SLPSL0001,PULV LOW SEAL AIR HDR DIFF PRESS,,LOABS,PULV LOW SEAL AIR HDR DIFF PRESS,ALM,1,3.88477,4,INH2O,!WP1001!WP1002!WP1003!WP1006!WP1007!WP1014!hist14!CP1004,1
2026-07-16 12:47:00.0,PAC_PLC,ACI_FDR_A_TR,ACI FDR A AC-WIC-5007 TRBLE ALM,,CHANGE,PAC FEEDER A TROUBLE,ALM,1,,,,!WP1001!WP1002!WP1003!WP1006!WP1007!WP1014!hist14!CP1003,1
2026-07-16 12:47:02.0,1PDF,SLPSL0001,PULV LOW SEAL AIR HDR DIFF PRESS,,LOABS,PULV LOW SEAL AIR HDR DIFF PRESS,RTN,1,4.01221,4,INH2O,!WP1001!WP1002!WP1003!WP1006!WP1007!WP1014!hist14!CP1004,1
2026-07-16 12:47:03.0,1PDF,SLPSL0001,PULV LOW SEAL AIR HDR DIFF PRESS,,LOABS,PULV LOW SEAL AIR HDR DIFF PRESS,ALM,1,3.88506,4,INH2O,!WP1001!WP1002!WP1003!WP1006!WP1007!WP1014!hist14!CP1004,1
2026-07-16 12:47:12.0,1PDF,SLPSL0001,PULV LOW SEAL AIR HDR DIFF PRESS,,LOABS,PULV LOW SEAL AIR HDR DIFF PRESS,RTN,1,4.01748,4,INH2O,!WP1001!WP1002!WP1003!WP1006!WP1007!WP1014!hist14!CP1004,1
2026-07-16 12:47:14.0,1PDF,SLPSL0001,PULV LOW SEAL AIR HDR DIFF PRESS,,LOABS,PULV LOW SEAL AIR HDR DIFF PRESS,ALM,1,3.9123,4,INH2O,!WP1001!WP1002!WP1003!WP1006!WP1007!WP1014!hist14!CP1004,1
2026-07-16 12:47:15.0,IDFAN_PEEC,OPCY_ALM,PRECIP OUT > 50%,PRECIP OUTLET,STATE,ALARM,ALM,3,,,,!WP1001!WP1002!WP1003!WP1006!WP1007!WP1014!hist14!CP1003,1
2026-07-16 12:47:21.0,1PDF,SLPSL0001,PULV LOW SEAL AIR HDR DIFF PRESS,,LOABS,PULV LOW SEAL AIR HDR DIFF PRESS,RTN,1,4.00488,4,INH2O,!WP1001!WP1002!WP1003!WP1006!WP1007!WP1014!hist14!CP1004,1
2026-07-16 12:47:22.5,IDFAN_PEEC,OPCY_ALM,PRECIP OUT > 50%,PRECIP OUTLET,STATE,NORMAL,RTN,3,,,,!WP1001!WP1002!WP1003!WP1006!WP1007!WP1014!hist14!CP1003,1
2026-07-16 12:47:22.0,1PDF,SLPSL0001,PULV LOW SEAL AIR HDR DIFF PRESS,,LOABS,PULV LOW SEAL AIR HDR DIFF PRESS,ALM,1,3.84053,4,INH2O,!WP1001!WP1002!WP1003!WP1006!WP1007!WP1014!hist14!CP1004,1
2026-07-16 12:47:23.5,PAC_PLC,ACI_FDR_A_TR,ACI FDR A AC-WIC-5007 TRBLE ALM,,CHANGE,PAC FEEDER A TROUBLE,ALM,1,,,,!WP1001!WP1002!WP1003!WP1006!WP1007!WP1014!hist14!CP1003,1
2026-07-16 12:47:26.0,1PDF,SLPSL0001,PULV LOW SEAL AIR HDR DIFF PRESS,,LOABS,PULV LOW SEAL AIR HDR DIFF PRESS,RTN,1,4.0418,4,INH2O,!WP1001!WP1002!WP1003!WP1006!WP1007!WP1014!hist14!CP1004,1
2026-07-16 12:47:27.5,PAC_PLC,ACI_FDR_A_TR,ACI FDR A AC-WIC-5007 TRBLE ALM,,CHANGE,PAC FEEDER A TROUBLE,ALM,1,,,,!WP1001!WP1002!WP1003!WP1006!WP1007!WP1014!hist14!CP1003,1
2026-07-16 12:47:30.5,PAC_PLC,ACI_FDR_A_TR,ACI FDR A AC-WIC-5007 TRBLE ALM,,CHANGE,PAC FEEDER A TROUBLE,ALM,1,,,,!WP1001!WP1002!WP1003!WP1006!WP1007!WP1014!hist14!CP1003,1
2026-07-16 12:47:32.5,PAC_PLC,ACI_FDR_A_TR,ACI FDR A AC-WIC-5007 TRBLE ALM,,CHANGE,PAC FEEDER A TROUBLE,ALM,1,,,,!WP1001!WP1002!WP1003!WP1006!WP1007!WP1014!hist14!CP1003,1
2026-07-16 12:47:36.5,PAC_PLC,ACI_FDR_A_TR,ACI FDR A AC-WIC-5007 TRBLE ALM,,CHANGE,PAC FEEDER A TROUBLE,ALM,1,,,,!WP1001!WP1002!WP1003!WP1006!WP1007!WP1014!hist14!CP1003,1
2026-07-16 12:47:39.0,1PDF,SLPSL0001,PULV LOW SEAL AIR HDR DIFF PRESS,,LOABS,PULV LOW SEAL AIR HDR DIFF PRESS,ALM,1,3.99082,4,INH2O,!WP1001!WP1002!WP1003!WP1006!WP1007!WP1014!hist14!CP1004,1
2026-07-16 12:47:40.0,1PDF,SLPSL0001,PULV LOW SEAL AIR HDR DIFF PRESS,,LOABS,PULV LOW SEAL AIR HDR DIFF PRESS,RTN,1,4.02305,4,INH2O,!WP1001!WP1002!WP1003!WP1006!WP1007!WP1014!hist14!CP1004,1
2026-07-16 12:47:41.0,1PDF,SLPSL0001,PULV LOW SEAL AIR HDR DIFF PRESS,,LOABS,PULV LOW SEAL AIR HDR DIFF PRESS,ALM,1,3.86719,4,INH2O,!WP1001!WP1002!WP1003!WP1006!WP1007!WP1014!hist14!CP1004,1
2026-07-16 12:47:42.5,PAC_PLC,ACI_FDR_A_TR,ACI FDR A AC-WIC-5007 TRBLE ALM,,CHANGE,PAC FEEDER A TROUBLE,ALM,1,,,,!WP1001!WP1002!WP1003!WP1006!WP1007!WP1014!hist14!CP1003,1
2026-07-16 12:47:42.0,1PDF,SLPSL0001,PULV LOW SEAL AIR HDR DIFF PRESS,,LOABS,PULV LOW SEAL AIR HDR DIFF PRESS,RTN,1,4.03506,4,INH2O,!WP1001!WP1002!WP1003!WP1006!WP1007!WP1014!hist14!CP1004,1
2026-07-16 12:47:43.0,1PDF,SLPSL0001,PULV LOW SEAL AIR HDR DIFF PRESS,,LOABS,PULV LOW SEAL AIR HDR DIFF PRESS,ALM,1,3.97441,4,INH2O,!WP1001!WP1002!WP1003!WP1006!WP1007!WP1014!hist14!CP1004,1
2026-07-16 12:47:44.0,1PDF,SLPSL0001,PULV LOW SEAL AIR HDR DIFF PRESS,,LOABS,PULV LOW SEAL AIR HDR DIFF PRESS,RTN,1,4.11973,4,INH2O,!WP1001!WP1002!WP1003!WP1006!WP1007!WP1014!hist14!CP1004,1
2026-07-16 12:47:45.5,PAC_PLC,ACI_FDR_A_TR,ACI FDR A AC-WIC-5007 TRBLE ALM,,CHANGE,PAC FEEDER A TROUBLE,ALM,1,,,,!WP1001!WP1002!WP1003!WP1006!WP1007!WP1014!hist14!CP1003,1
2026-07-16 12:47:49.5,PAC_PLC,ACI_FDR_A_TR,ACI FDR A AC-WIC-5007 TRBLE ALM,,CHANGE,PAC FEEDER A TROUBLE,ALM,1,,,,!WP1001!WP1002!WP1003!WP1006!WP1007!WP1014!hist14!CP1003,1
2026-07-16 12:47:51.5,PAC_PLC,ACI_FDR_A_TR,ACI FDR A AC-WIC-5007 TRBLE ALM,,CHANGE,PAC FEEDER A TROUBLE,ALM,1,,,,!WP1001!WP1002!WP1003!WP1006!WP1007!WP1014!hist14!CP1003,1
2026-07-16 12:47:51.0,1PDF,SLPSL0001,PULV LOW SEAL AIR HDR DIFF PRESS,,LOABS,PULV LOW SEAL AIR HDR DIFF PRESS,ALM,1,3.98086,4,INH2O,!WP1001!WP1002!WP1003!WP1006!WP1007!WP1014!hist14!CP1004,1
2026-07-16 12:47:52.0,1PDF,SLPSL0001,PULV LOW SEAL AIR HDR DIFF PRESS,,LOABS,PULV LOW SEAL AIR HDR DIFF PRESS,RTN,1,4.04121,4,INH2O,!WP1001!WP1002!WP1003!WP1006!WP1007!WP1014!hist14!CP1004,1
2026-07-16 12:48:06.0,1PDF,SLPSL0001,PULV LOW SEAL AIR HDR DIFF PRESS,,LOABS,PULV LOW SEAL AIR HDR DIFF PRESS,ALM,1,3.97734,4,INH2O,!WP1001!WP1002!WP1003!WP1006!WP1007!WP1014!hist14!CP1004,1
2026-07-16 12:48:09.0,1PDF,SLPSL0001,PULV LOW SEAL AIR HDR DIFF PRESS,,LOABS,PULV LOW SEAL AIR HDR DIFF PRESS,RTN,1,4.00371,4,INH2O,!WP1001!WP1002!WP1003!WP1006!WP1007!WP1014!hist14!CP1004,1
2026-07-16 12:48:10.0,1PDF,SLPSL0001,PULV LOW SEAL AIR HDR DIFF PRESS,,LOABS,PULV LOW SEAL AIR HDR DIFF PRESS,ALM,1,3.91816,4,INH2O,!WP1001!WP1002!WP1003!WP1006!WP1007!WP1014!hist14!CP1004,1
2026-07-16 12:48:11.0,1PDF,SLPSL0001,PULV LOW SEAL AIR HDR DIFF PRESS,,LOABS,PULV LOW SEAL AIR HDR DIFF PRESS,RTN,1,4.01367,4,INH2O,!WP1001!WP1002!WP1003!WP1006!WP1007!WP1014!hist14!CP1004,1
2026-07-16 12:48:14.0,1PDF,SLPSL0001,PULV LOW SEAL AIR HDR DIFF PRESS,,LOABS,PULV LOW SEAL AIR HDR DIFF PRESS,ALM,1,3.91494,4,INH2O,!WP1001!WP1002!WP1003!WP1006!WP1007!WP1014!hist14!CP1004,1
2026-07-16 12:48:16.0,1PDF,SLPSL0001,PULV LOW SEAL AIR HDR DIFF PRESS,,LOABS,PULV LOW SEAL AIR HDR DIFF PRESS,RTN,1,4.0002,4,INH2O,!WP1001!WP1002!WP1003!WP1006!WP1007!WP1014!hist14!CP1004,1
2026-07-16 12:48:17.0,1PDF,SLPSL0001,PULV LOW SEAL AIR HDR DIFF PRESS,,LOABS,PULV LOW SEAL AIR HDR DIFF PRESS,ALM,1,3.93105,4,INH2O,!WP1001!WP1002!WP1003!WP1006!WP1007!WP1014!hist14!CP1004,1
2026-07-16 12:48:19.0,1PDF,SLPSL0001,PULV LOW SEAL AIR HDR DIFF PRESS,,LOABS,PULV LOW SEAL AIR HDR DIFF PRESS,RTN,1,4.03711,4,INH2O,!WP1001!WP1002!WP1003!WP1006!WP1007!WP1014!hist14!CP1004,1
2026-07-16 12:48:23.0,1PDF,SLPSL0001,PULV LOW SEAL AIR HDR DIFF PRESS,,LOABS,PULV LOW SEAL AIR HDR DIFF PRESS,ALM,1,3.98965,4,INH2O,!WP1001!WP1002!WP1003!WP1006!WP1007!WP1014!hist14!CP1004,1
2026-07-16 12:48:24.0,1PDF,SLPSL0001,PULV LOW SEAL AIR HDR DIFF PRESS,,LOABS,PULV LOW SEAL AIR HDR DIFF PRESS,RTN,1,4.10889,4,INH2O,!WP1001!WP1002!WP1003!WP1006!WP1007!WP1014!hist14!CP1004,1
2026-07-16 12:48:25.0,1PDF,SLPSL0001,PULV LOW SEAL AIR HDR DIFF PRESS,,LOABS,PULV LOW SEAL AIR HDR DIFF PRESS,ALM,1,3.98818,4,INH2O,!WP1001!WP1002!WP1003!WP1006!WP1007!WP1014!hist14!CP1004,1
2026-07-16 12:48:26.0,1PDF,SLPSL0001,PULV LOW SEAL AIR HDR DIFF PRESS,,LOABS,PULV LOW SEAL AIR HDR DIFF PRESS,RTN,1,4.17744,4,INH2O,!WP1001!WP1002!WP1003!WP1006!WP1007!WP1014!hist14!CP1004,1
2026-07-16 12:48:33.0,1PDF,SLPSL0001,PULV LOW SEAL AIR HDR DIFF PRESS,,LOABS,PULV LOW SEAL AIR HDR DIFF PRESS,ALM,1,3.9958,4,INH2O,!WP1001!WP1002!WP1003!WP1006!WP1007!WP1014!hist14!CP1004,1
2026-07-16 12:48:34.0,1PDF,SLPSL0001,PULV LOW SEAL AIR HDR DIFF PRESS,,LOABS,PULV LOW SEAL AIR HDR DIFF PRESS,RTN,1,4.02539,4,INH2O,!WP1001!WP1002!WP1003!WP1006!WP1007!WP1014!hist14!CP1004,1
2026-07-16 12:48:48.0,1PDF,SLPSL0001,PULV LOW SEAL AIR HDR DIFF PRESS,,LOABS,PULV LOW SEAL AIR HDR DIFF PRESS,ALM,1,3.9958,4,INH2O,!WP1001!WP1002!WP1003!WP1006!WP1007!WP1014!hist14!CP1004,1
2026-07-16 12:48:49.0,1PDF,SLPSL0001,PULV LOW SEAL AIR HDR DIFF PRESS,,LOABS,PULV LOW SEAL AIR HDR DIFF PRESS,RTN,1,4.05,4,INH2O,!WP1001!WP1002!WP1003!WP1006!WP1007!WP1014!hist14!CP1004,1
2026-07-16 12:48:50.0,1PDF,SLPSL0001,PULV LOW SEAL AIR HDR DIFF PRESS,,LOABS,PULV LOW SEAL AIR HDR DIFF PRESS,ALM,1,3.92344,4,INH2O,!WP1001!WP1002!WP1003!WP1006!WP1007!WP1014!hist14!CP1004,1
2026-07-16 12:48:51.0,1PDF,SLPSL0001,PULV LOW SEAL AIR HDR DIFF PRESS,,LOABS,PULV LOW SEAL AIR HDR DIFF PRESS,RTN,1,4.03945,4,INH2O,!WP1001!WP1002!WP1003!WP1006!WP1007!WP1014!hist14!CP1004,1
2026-07-16 12:48:52.0,1PDF,SLPSL0001,PULV LOW SEAL AIR HDR DIFF PRESS,,LOABS,PULV LOW SEAL AIR HDR DIFF PRESS,ALM,1,3.96328,4,INH2O,!WP1001!WP1002!WP1003!WP1006!WP1007!WP1014!hist14!CP1004,1
2026-07-16 12:48:53.0,1PDF,SLPSL0001,PULV LOW SEAL AIR HDR DIFF PRESS,,LOABS,PULV LOW SEAL AIR HDR DIFF PRESS,RTN,1,4.00254,4,INH2O,!WP1001!WP1002!WP1003!WP1006!WP1007!WP1014!hist14!CP1004,1
2026-07-16 12:48:56.0,1PDF,SLPSL0001,PULV LOW SEAL AIR HDR DIFF PRESS,,LOABS,PULV LOW SEAL AIR HDR DIFF PRESS,ALM,1,3.96006,4,INH2O,!WP1001!WP1002!WP1003!WP1006!WP1007!WP1014!hist14!CP1004,1
2026-07-16 12:49:10.0,1PDF,SLPSL0001,PULV LOW SEAL AIR HDR DIFF PRESS,,LOABS,PULV LOW SEAL AIR HDR DIFF PRESS,RTN,1,4.0418,4,INH2O,!WP1001!WP1002!WP1003!WP1006!WP1007!WP1014!hist14!CP1004,1
2026-07-16 12:49:11.0,1PDF,SLPSL0001,PULV LOW SEAL AIR HDR DIFF PRESS,,LOABS,PULV LOW SEAL AIR HDR DIFF PRESS,ALM,1,3.97529,4,INH2O,!WP1001!WP1002!WP1003!WP1006!WP1007!WP1014!hist14!CP1004,1
2026-07-16 12:49:16.0,1PDF,SLPSL0001,PULV LOW SEAL AIR HDR DIFF PRESS,,LOABS,PULV LOW SEAL AIR HDR DIFF PRESS,RTN,1,4.02246,4,INH2O,!WP1001!WP1002!WP1003!WP1006!WP1007!WP1014!hist14!CP1004,1
2026-07-16 12:49:21.0,1PDF,SLPSL0001,PULV LOW SEAL AIR HDR DIFF PRESS,,LOABS,PULV LOW SEAL AIR HDR DIFF PRESS,ALM,1,3.97998,4,INH2O,!WP1001!WP1002!WP1003!WP1006!WP1007!WP1014!hist14!CP1004,1
2026-07-16 12:50:18.0,1PDF,SLPSL0001,PULV LOW SEAL AIR HDR DIFF PRESS,,LOABS,PULV LOW SEAL AIR HDR DIFF PRESS,RTN,1,4.00723,4,INH2O,!WP1001!WP1002!WP1003!WP1006!WP1007!WP1014!hist14!CP1004,1
2026-07-16 12:50:19.0,1PDF,SLPSL0001,PULV LOW SEAL AIR HDR DIFF PRESS,,LOABS,PULV LOW SEAL AIR HDR DIFF PRESS,ALM,1,3.92725,4,INH2O,!WP1001!WP1002!WP1003!WP1006!WP1007!WP1014!hist14!CP1004,1
2026-07-16 12:51:48.0,1FG_A,ZSH5601A,BF A BLADE PITCH,,HIABS,BLADE PITCH ALARM,RTN,3,69.8828,70,%,!WP1001!WP1002!WP1003!WP1006!WP1007!WP1014!hist14!CP1015,1
2026-07-16 12:51:48.0,1FG_B,ZSH5701A,BF B BLADE PITCH,,HIABS,BLADE PITCH ALARM,RTN,3,69.8516,70,%,!WP1001!WP1002!WP1003!WP1006!WP1007!WP1014!hist14!CP1015,1
2026-07-16 12:51:51.5,IDFAN_PEEC,OPCY_ALM,PRECIP OUT > 50%,PRECIP OUTLET,STATE,ALARM,ALM,3,,,,!WP1001!WP1002!WP1003!WP1006!WP1007!WP1014!hist14!CP1003,1
2026-07-16 12:52:08.5,IDFAN_PEEC,OPCY_ALM,PRECIP OUT > 50%,PRECIP OUTLET,STATE,NORMAL,RTN,3,,,,!WP1001!WP1002!WP1003!WP1006!WP1007!WP1014!hist14!CP1003,1
2026-07-16 12:52:14.0,IDFAN_PEEC,OPCY_ALM,PRECIP OUT > 50%,PRECIP OUTLET,STATE,ALARM,ALM,3,,,,!WP1001!WP1002!WP1003!WP1006!WP1007!WP1014!hist14!CP1003,1
2026-07-16 12:52:17.0,IDFAN_PEEC,OPCY_ALM,PRECIP OUT > 50%,PRECIP OUTLET,STATE,NORMAL,RTN,3,,,,!WP1001!WP1002!WP1003!WP1006!WP1007!WP1014!hist14!CP1003,1
2026-07-16 12:52:24.5,IDFAN_PEEC,OPCY_ALM,PRECIP OUT > 50%,PRECIP OUTLET,STATE,ALARM,ALM,3,,,,!WP1001!WP1002!WP1003!WP1006!WP1007!WP1014!hist14!CP1003,1
2026-07-16 12:52:30.0,IDFAN_PEEC,OPCY_ALM,PRECIP OUT > 50%,PRECIP OUTLET,STATE,NORMAL,RTN,3,,,,!WP1001!WP1002!WP1003!WP1006!WP1007!WP1014!hist14!CP1003,1
2026-07-16 12:52:39.0,1PDF,SLPSL0001,PULV LOW SEAL AIR HDR DIFF PRESS,,LOABS,PULV LOW SEAL AIR HDR DIFF PRESS,RTN,1,4.00166,4,INH2O,!WP1001!WP1002!WP1003!WP1006!WP1007!WP1014!hist14!CP1004,1
2026-07-16 12:52:43.0,1PDF,SLPSL0001,PULV LOW SEAL AIR HDR DIFF PRESS,,LOABS,PULV LOW SEAL AIR HDR DIFF PRESS,ALM,1,3.9501,4,INH2O,!WP1001!WP1002!WP1003!WP1006!WP1007!WP1014!hist14!CP1004,1
2026-07-16 12:52:46.0,1PDF,SLPSL0001,PULV LOW SEAL AIR HDR DIFF PRESS,,LOABS,PULV LOW SEAL AIR HDR DIFF PRESS,RTN,1,4.00986,4,INH2O,!WP1001!WP1002!WP1003!WP1006!WP1007!WP1014!hist14!CP1004,1
2026-07-16 12:53:52.0,1FG_A,ZSH5601A,BF A BLADE PITCH,,HIABS,BLADE PITCH ALARM,ALM,3,70.0137,70,%,!WP1001!WP1002!WP1003!WP1006!WP1007!WP1014!hist14!CP1015,1
2026-07-16 12:53:52.0,1FG_B,ZSH5701A,BF B BLADE PITCH,,HIABS,BLADE PITCH ALARM,ALM,3,70.0391,70,%,!WP1001!WP1002!WP1003!WP1006!WP1007!WP1014!hist14!CP1015,1
2026-07-16 12:54:40.0,IDFAN_PEEC,OPCY_ALM,PRECIP OUT > 50%,PRECIP OUTLET,STATE,ALARM,ALM,3,,,,!WP1001!WP1002!WP1003!WP1006!WP1007!WP1014!hist14!CP1003,1
2026-07-16 12:54:45.5,IDFAN_PEEC,OPCY_ALM,PRECIP OUT > 50%,PRECIP OUTLET,STATE,NORMAL,RTN,3,,,,!WP1001!WP1002!WP1003!WP1006!WP1007!WP1014!hist14!CP1003,1
2026-07-16 12:54:54.0,1PDF,SLPSL0001,PULV LOW SEAL AIR HDR DIFF PRESS,,LOABS,PULV LOW SEAL AIR HDR DIFF PRESS,ALM,1,3.97822,4,INH2O,!WP1001!WP1002!WP1003!WP1006!WP1007!WP1014!hist14!CP1004,1
2026-07-16 12:55:01.0,1PDF,SLPSL0001,PULV LOW SEAL AIR HDR DIFF PRESS,,LOABS,PULV LOW SEAL AIR HDR DIFF PRESS,RTN,1,4.03066,4,INH2O,!WP1001!WP1002!WP1003!WP1006!WP1007!WP1014!hist14!CP1004,1
2026-07-16 12:55:02.0,1PDF,SLPSL0001,PULV LOW SEAL AIR HDR DIFF PRESS,,LOABS,PULV LOW SEAL AIR HDR DIFF PRESS,ALM,1,3.92432,4,INH2O,!WP1001!WP1002!WP1003!WP1006!WP1007!WP1014!hist14!CP1004,1
2026-07-16 12:55:03.0,1PDF,SLPSL0001,PULV LOW SEAL AIR HDR DIFF PRESS,,LOABS,PULV LOW SEAL AIR HDR DIFF PRESS,RTN,1,4.08164,4,INH2O,!WP1001!WP1002!WP1003!WP1006!WP1007!WP1014!hist14!CP1004,1
2026-07-16 12:55:06.0,1PDF,SLPSL0001,PULV LOW SEAL AIR HDR DIFF PRESS,,LOABS,PULV LOW SEAL AIR HDR DIFF PRESS,ALM,1,3.975,4,INH2O,!WP1001!WP1002!WP1003!WP1006!WP1007!WP1014!hist14!CP1004,1
2026-07-16 12:55:09.0,1PDF,SLPSL0001,PULV LOW SEAL AIR HDR DIFF PRESS,,LOABS,PULV LOW SEAL AIR HDR DIFF PRESS,RTN,1,4.04121,4,INH2O,!WP1001!WP1002!WP1003!WP1006!WP1007!WP1014!hist14!CP1004,1
2026-07-16 12:55:13.0,1PDF,SLPSL0001,PULV LOW SEAL AIR HDR DIFF PRESS,,LOABS,PULV LOW SEAL AIR HDR DIFF PRESS,ALM,1,3.94248,4,INH2O,!WP1001!WP1002!WP1003!WP1006!WP1007!WP1014!hist14!CP1004,1
2026-07-16 12:55:20.0,1PDF,SLPSL0001,PULV LOW SEAL AIR HDR DIFF PRESS,,LOABS,PULV LOW SEAL AIR HDR DIFF PRESS,RTN,1,4.05029,4,INH2O,!WP1001!WP1002!WP1003!WP1006!WP1007!WP1014!hist14!CP1004,1
2026-07-16 12:55:21.0,1PDF,SLPSL0001,PULV LOW SEAL AIR HDR DIFF PRESS,,LOABS,PULV LOW SEAL AIR HDR DIFF PRESS,ALM,1,3.94395,4,INH2O,!WP1001!WP1002!WP1003!WP1006!WP1007!WP1014!hist14!CP1004,1
2026-07-16 12:55:46.7,1BCS_7,IKTE3741,REHEAT TEMP LEFT (REDUNDANT),,HIABS,HIGH,ALM,1,1012.28,1012.18,DEG.F,!WP1002!WP1006!WP1007!WP1001!WP1003!WP1014!hist14!CP1007,1
2026-07-16 12:55:50.7,1BCS_7,IKTE3441,REHEAT TEMP LEFT (NORM),,HIABS,HIGH,ALM,1,1012.23,1012.18,DEG.F,!WP1002!WP1006!WP1007!WP1001!WP1003!WP1014!hist14!CP1007,1
2026-07-16 12:56:14.0,1FG_B,ZSH5701A,BF B BLADE PITCH,,HIABS,BLADE PITCH ALARM,RTN,3,69.8652,70,%,!WP1001!WP1002!WP1003!WP1006!WP1007!WP1014!hist14!CP1015,1
2026-07-16 12:56:17.0,1FG_A,ZSH5601A,BF A BLADE PITCH,,HIABS,BLADE PITCH ALARM,RTN,3,69.8242,70,%,!WP1001!WP1002!WP1003!WP1006!WP1007!WP1014!hist14!CP1015,1
2026-07-16 12:56:57.2,1BCS_7,IKTE3441,REHEAT TEMP LEFT (NORM),,HIABS,HIGH,RTN,1,1007.15,1012.18,DEG.F,!WP1002!WP1006!WP1007!WP1001!WP1003!WP1014!hist14!CP1007,1
2026-07-16 12:57:00.7,1BCS_7,IKTE3741,REHEAT TEMP LEFT (REDUNDANT),,HIABS,HIGH,RTN,1,1007.14,1012.18,DEG.F,!WP1002!WP1006!WP1007!WP1001!WP1003!WP1014!hist14!CP1007,1
2026-07-16 12:57:32.0,1PDF,SLPSL0001,PULV LOW SEAL AIR HDR DIFF PRESS,,LOABS,PULV LOW SEAL AIR HDR DIFF PRESS,RTN,1,4.00078,4,INH2O,!WP1001!WP1002!WP1003!WP1006!WP1007!WP1014!hist14!CP1004,1
2026-07-16 12:57:38.0,1PDF,SLPSL0001,PULV LOW SEAL AIR HDR DIFF PRESS,,LOABS,PULV LOW SEAL AIR HDR DIFF PRESS,ALM,1,3.98438,4,INH2O,!WP1001!WP1002!WP1003!WP1006!WP1007!WP1014!hist14!CP1004,1
2026-07-16 12:57:39.0,1PDF,SLPSL0001,PULV LOW SEAL AIR HDR DIFF PRESS,,LOABS,PULV LOW SEAL AIR HDR DIFF PRESS,RTN,1,4.14492,4,INH2O,!WP1001!WP1002!WP1003!WP1006!WP1007!WP1014!hist14!CP1004,1
2026-07-16 12:58:39.0,1PDF,SLPSL0001,PULV LOW SEAL AIR HDR DIFF PRESS,,LOABS,PULV LOW SEAL AIR HDR DIFF PRESS,ALM,1,3.99521,4,INH2O,!WP1001!WP1002!WP1003!WP1006!WP1007!WP1014!hist14!CP1004,1
2026-07-16 12:58:40.0,1PDF,SLPSL0001,PULV LOW SEAL AIR HDR DIFF PRESS,,LOABS,PULV LOW SEAL AIR HDR DIFF PRESS,RTN,1,4.05967,4,INH2O,!WP1001!WP1002!WP1003!WP1006!WP1007!WP1014!hist14!CP1004,1
2026-07-16 12:58:43.0,1PDF,SLPSL0001,PULV LOW SEAL AIR HDR DIFF PRESS,,LOABS,PULV LOW SEAL AIR HDR DIFF PRESS,ALM,1,3.99434,4,INH2O,!WP1001!WP1002!WP1003!WP1006!WP1007!WP1014!hist14!CP1004,1
2026-07-16 12:58:44.0,1PDF,SLPSL0001,PULV LOW SEAL AIR HDR DIFF PRESS,,LOABS,PULV LOW SEAL AIR HDR DIFF PRESS,RTN,1,4.03828,4,INH2O,!WP1001!WP1002!WP1003!WP1006!WP1007!WP1014!hist14!CP1004,1
2026-07-16 12:58:45.0,1PDF,SLPSL0001,PULV LOW SEAL AIR HDR DIFF PRESS,,LOABS,PULV LOW SEAL AIR HDR DIFF PRESS,ALM,1,3.8502,4,INH2O,!WP1001!WP1002!WP1003!WP1006!WP1007!WP1014!hist14!CP1004,1
2026-07-16 12:58:48.0,1PDF,SLPSL0001,PULV LOW SEAL AIR HDR DIFF PRESS,,LOABS,PULV LOW SEAL AIR HDR DIFF PRESS,RTN,1,4.08662,4,INH2O,!WP1001!WP1002!WP1003!WP1006!WP1007!WP1014!hist14!CP1004,1
2026-07-16 12:58:54.6,1DAS10,IACE3211,COND MAKE-UP SPEC CNDCT,,HIABS,HIGH,RTN,1,0.279941,0.3,US/CM,!WP1002!WP1006!WP1007!WP1001!WP1003!WP1014!hist14!CP1008,1
2026-07-16 12:59:01.5,IDFAN_PEEC,OPCY_ALM,PRECIP OUT > 50%,PRECIP OUTLET,STATE,ALARM,ALM,3,,,,!WP1001!WP1002!WP1003!WP1006!WP1007!WP1014!hist14!CP1003,1
2026-07-16 12:59:15.5,IDFAN_PEEC,OPCY_ALM,PRECIP OUT > 50%,PRECIP OUTLET,STATE,NORMAL,RTN,3,,,,!WP1001!WP1002!WP1003!WP1006!WP1007!WP1014!hist14!CP1003,1
2026-07-16 12:59:19.3,1AR_LS,DEV_5803,LS SYS B,,STATE,VALVE 5803 DEVIATION,ALM,3,,,,!WP1001!WP1002!WP1003!WP1006!WP1007!WP1014!hist14!CP1017,1
2026-07-16 12:59:35.0,1PDF,SLPSL0001,PULV LOW SEAL AIR HDR DIFF PRESS,,LOABS,PULV LOW SEAL AIR HDR DIFF PRESS,ALM,1,3.93838,4,INH2O,!WP1001!WP1002!WP1003!WP1006!WP1007!WP1014!hist14!CP1004,1
2026-07-16 12:59:59.5,IDFAN_PEEC,OPCY_ALM,PRECIP OUT > 50%,PRECIP OUTLET,STATE,ALARM,ALM,3,,,,!WP1001!WP1002!WP1003!WP1006!WP1007!WP1014!hist14!CP1003,1
2026-07-16 13:00:13.0,IDFAN_PEEC,OPCY_ALM,PRECIP OUT > 50%,PRECIP OUTLET,STATE,NORMAL,RTN,3,,,,!WP1001!WP1002!WP1003!WP1006!WP1007!WP1014!hist14!CP1003,1
2026-07-16 13:00:14.8,1AR_LS,DEV_5803,LS SYS B,,STATE,,RTN,3,,,,!WP1001!WP1002!WP1003!WP1006!WP1007!WP1014!hist14!CP1017,1
2026-07-16 13:00:41.0,1SEAL_AIR,PDI5735_ALM,BF B OUT DMPR SEAL CAV D/P LOW,,STATE,DP ALARM CLEAR,RTN,3,,,,!WP1001!WP1002!WP1003!WP1006!WP1007!WP1014!hist14!CP1015,1
2026-07-16 13:00:50.0,1FUEL_SFTY,FPTX_ALM,DRAFT TRANSMITTER DEVIATION,,STATE,FURN DRAFT PRESS XMTR DEVIATION,ALM,5,,,,!WP1001!WP1002!WP1003!WP1006!WP1007!WP1014!hist14!CP1004,1
2026-07-16 13:00:59.0,1FUEL_SFTY,FPTX_ALM,DRAFT TRANSMITTER DEVIATION,,STATE,NO DEVIATION,RTN,5,,,,!WP1001!WP1002!WP1003!WP1006!WP1007!WP1014!hist14!CP1004,1
2026-07-16 13:01:17.0,1PDF,SLPSL0001,PULV LOW SEAL AIR HDR DIFF PRESS,,LOABS,PULV LOW SEAL AIR HDR DIFF PRESS,RTN,1,4.0125,4,INH2O,!WP1001!WP1002!WP1003!WP1006!WP1007!WP1014!hist14!CP1004,1
2026-07-16 13:02:05.0,IDFAN_PEEC,OPCY_ALM,PRECIP OUT > 50%,PRECIP OUTLET,STATE,ALARM,ALM,3,,,,!WP1001!WP1002!WP1003!WP1006!WP1007!WP1014!hist14!CP1003,1
2026-07-16 13:02:10.0,IDFAN_PEEC,OPCY_ALM,PRECIP OUT > 50%,PRECIP OUTLET,STATE,NORMAL,RTN,3,,,,!WP1001!WP1002!WP1003!WP1006!WP1007!WP1014!hist14!CP1003,1
2026-07-16 13:02:13.0,1PDF,SLPSL0001,PULV LOW SEAL AIR HDR DIFF PRESS,,LOABS,PULV LOW SEAL AIR HDR DIFF PRESS,ALM,1,3.87129,4,INH2O,!WP1001!WP1002!WP1003!WP1006!WP1007!WP1014!hist14!CP1004,1
2026-07-16 13:02:14.0,IDFAN_PEEC,OPCY_ALM,PRECIP OUT > 50%,PRECIP OUTLET,STATE,ALARM,ALM,3,,,,!WP1001!WP1002!WP1003!WP1006!WP1007!WP1014!hist14!CP1003,1
2026-07-16 13:02:23.0,IDFAN_PEEC,OPCY_ALM,PRECIP OUT > 50%,PRECIP OUTLET,STATE,NORMAL,RTN,3,,,,!WP1001!WP1002!WP1003!WP1006!WP1007!WP1014!hist14!CP1003,1
2026-07-16 13:02:42.5,IDFAN_PEEC,OPCY_ALM,PRECIP OUT > 50%,PRECIP OUTLET,STATE,ALARM,ALM,3,,,,!WP1001!WP1002!WP1003!WP1006!WP1007!WP1014!hist14!CP1003,1
2026-07-16 13:02:50.0,IDFAN_PEEC,OPCY_ALM,PRECIP OUT > 50%,PRECIP OUTLET,STATE,NORMAL,RTN,3,,,,!WP1001!WP1002!WP1003!WP1006!WP1007!WP1014!hist14!CP1003,1
2026-07-16 13:02:55.5,IDFAN_PEEC,OPCY_ALM,PRECIP OUT > 50%,PRECIP OUTLET,STATE,ALARM,ALM,3,,,,!WP1001!WP1002!WP1003!WP1006!WP1007!WP1014!hist14!CP1003,1
2026-07-16 13:02:56.5,IDFAN_PEEC,OPCY_ALM,PRECIP OUT > 50%,PRECIP OUTLET,STATE,NORMAL,RTN,3,,,,!WP1001!WP1002!WP1003!WP1006!WP1007!WP1014!hist14!CP1003,1
2026-07-16 13:03:00.6,1NW_ESP_SMP,NWAI6702B,PRECIP SUMP PMP B DSCH PH,,IOBAD,BAD CHANNEL,RTN,3,,,,!WP1002!WP1011!WP1001!hist14!CP1020,1
2026-07-16 13:04:35.0,1PDF,SLPSL0001,PULV LOW SEAL AIR HDR DIFF PRESS,,LOABS,PULV LOW SEAL AIR HDR DIFF PRESS,RTN,1,4.09336,4,INH2O,!WP1001!WP1002!WP1003!WP1006!WP1007!WP1014!hist14!CP1004,1
2026-07-16 13:04:38.0,1PDF,SLPSL0001,PULV LOW SEAL AIR HDR DIFF PRESS,,LOABS,PULV LOW SEAL AIR HDR DIFF PRESS,ALM,1,3.87656,4,INH2O,!WP1001!WP1002!WP1003!WP1006!WP1007!WP1014!hist14!CP1004,1
2026-07-16 13:04:39.0,1PDF,SLPSL0001,PULV LOW SEAL AIR HDR DIFF PRESS,,LOABS,PULV LOW SEAL AIR HDR DIFF PRESS,RTN,1,4.04414,4,INH2O,!WP1001!WP1002!WP1003!WP1006!WP1007!WP1014!hist14!CP1004,1
2026-07-16 13:04:42.0,IDFAN_PEEC,OPCY_ALM,PRECIP OUT > 50%,PRECIP OUTLET,STATE,ALARM,ALM,3,,,,!WP1001!WP1002!WP1003!WP1006!WP1007!WP1014!hist14!CP1003,1
2026-07-16 13:04:47.0,IDFAN_PEEC,OPCY_ALM,PRECIP OUT > 50%,PRECIP OUTLET,STATE,NORMAL,RTN,3,,,,!WP1001!WP1002!WP1003!WP1006!WP1007!WP1014!hist14!CP1003,1
2026-07-16 13:05:47.0,1PDF,SLPSL0001,PULV LOW SEAL AIR HDR DIFF PRESS,,LOABS,PULV LOW SEAL AIR HDR DIFF PRESS,ALM,1,3.89561,4,INH2O,!WP1001!WP1002!WP1003!WP1006!WP1007!WP1014!hist14!CP1004,1
2026-07-16 13:07:05.0,IDFAN_PEEC,OPCY_ALM,PRECIP OUT > 50%,PRECIP OUTLET,STATE,ALARM,ALM,3,,,,!WP1001!WP1002!WP1003!WP1006!WP1007!WP1014!hist14!CP1003,1
2026-07-16 13:07:10.0,IDFAN_PEEC,OPCY_ALM,PRECIP OUT > 50%,PRECIP OUTLET,STATE,NORMAL,RTN,3,,,,!WP1001!WP1002!WP1003!WP1006!WP1007!WP1014!hist14!CP1003,1
2026-07-16 13:07:15.0,1PDF,SLPSL0001,PULV LOW SEAL AIR HDR DIFF PRESS,,LOABS,PULV LOW SEAL AIR HDR DIFF PRESS,RTN,1,4.04092,4,INH2O,!WP1001!WP1002!WP1003!WP1006!WP1007!WP1014!hist14!CP1004,1
2026-07-16 13:07:18.0,1PDF,SLPSL0001,PULV LOW SEAL AIR HDR DIFF PRESS,,LOABS,PULV LOW SEAL AIR HDR DIFF PRESS,ALM,1,3.97031,4,INH2O,!WP1001!WP1002!WP1003!WP1006!WP1007!WP1014!hist14!CP1004,1
2026-07-16 13:07:19.0,1PDF,SLPSL0001,PULV LOW SEAL AIR HDR DIFF PRESS,,LOABS,PULV LOW SEAL AIR HDR DIFF PRESS,RTN,1,4.02656,4,INH2O,!WP1001!WP1002!WP1003!WP1006!WP1007!WP1014!hist14!CP1004,1
2026-07-16 13:07:49.0,IDFAN_PEEC,OPCY_ALM,PRECIP OUT > 50%,PRECIP OUTLET,STATE,ALARM,ALM,3,,,,!WP1001!WP1002!WP1003!WP1006!WP1007!WP1014!hist14!CP1003,1
2026-07-16 13:07:57.0,IDFAN_PEEC,OPCY_ALM,PRECIP OUT > 50%,PRECIP OUTLET,STATE,NORMAL,RTN,3,,,,!WP1001!WP1002!WP1003!WP1006!WP1007!WP1014!hist14!CP1003,1
2026-07-16 13:08:19.0,1PDF,SLPSL0001,PULV LOW SEAL AIR HDR DIFF PRESS,,LOABS,PULV LOW SEAL AIR HDR DIFF PRESS,ALM,1,3.98818,4,INH2O,!WP1001!WP1002!WP1003!WP1006!WP1007!WP1014!hist14!CP1004,1
2026-07-16 13:08:20.5,IDFAN_PEEC,OPCY_ALM,PRECIP OUT > 50%,PRECIP OUTLET,STATE,ALARM,ALM,3,,,,!WP1001!WP1002!WP1003!WP1006!WP1007!WP1014!hist14!CP1003,1
2026-07-16 13:08:20.0,1PDF,SLPSL0001,PULV LOW SEAL AIR HDR DIFF PRESS,,LOABS,PULV LOW SEAL AIR HDR DIFF PRESS,RTN,1,4.05469,4,INH2O,!WP1001!WP1002!WP1003!WP1006!WP1007!WP1014!hist14!CP1004,1
2026-07-16 13:08:21.0,1PDF,SLPSL0001,PULV LOW SEAL AIR HDR DIFF PRESS,,LOABS,PULV LOW SEAL AIR HDR DIFF PRESS,ALM,1,3.94336,4,INH2O,!WP1001!WP1002!WP1003!WP1006!WP1007!WP1014!hist14!CP1004,1
2026-07-16 13:08:22.0,1PDF,SLPSL0001,PULV LOW SEAL AIR HDR DIFF PRESS,,LOABS,PULV LOW SEAL AIR HDR DIFF PRESS,RTN,1,4.0875,4,INH2O,!WP1001!WP1002!WP1003!WP1006!WP1007!WP1014!hist14!CP1004,1
2026-07-16 13:08:29.0,IDFAN_PEEC,OPCY_ALM,PRECIP OUT > 50%,PRECIP OUTLET,STATE,NORMAL,RTN,3,,,,!WP1001!WP1002!WP1003!WP1006!WP1007!WP1014!hist14!CP1003,1
2026-07-16 13:08:48.0,1PDF,SLPSL0001,PULV LOW SEAL AIR HDR DIFF PRESS,,LOABS,PULV LOW SEAL AIR HDR DIFF PRESS,ALM,1,3.96709,4,INH2O,!WP1001!WP1002!WP1003!WP1006!WP1007!WP1014!hist14!CP1004,1
2026-07-16 13:08:49.0,1PDF,SLPSL0001,PULV LOW SEAL AIR HDR DIFF PRESS,,LOABS,PULV LOW SEAL AIR HDR DIFF PRESS,RTN,1,4.00723,4,INH2O,!WP1001!WP1002!WP1003!WP1006!WP1007!WP1014!hist14!CP1004,1
2026-07-16 13:08:50.0,1PDF,SLPSL0001,PULV LOW SEAL AIR HDR DIFF PRESS,,LOABS,PULV LOW SEAL AIR HDR DIFF PRESS,ALM,1,3.79893,4,INH2O,!WP1001!WP1002!WP1003!WP1006!WP1007!WP1014!hist14!CP1004,1
2026-07-16 13:10:18.0,1PDF,SLPSL0001,PULV LOW SEAL AIR HDR DIFF PRESS,,LOABS,PULV LOW SEAL AIR HDR DIFF PRESS,RTN,1,4.00137,4,INH2O,!WP1001!WP1002!WP1003!WP1006!WP1007!WP1014!hist14!CP1004,1
2026-07-16 13:10:19.0,1PDF,SLPSL0001,PULV LOW SEAL AIR HDR DIFF PRESS,,LOABS,PULV LOW SEAL AIR HDR DIFF PRESS,ALM,1,3.99404,4,INH2O,!WP1001!WP1002!WP1003!WP1006!WP1007!WP1014!hist14!CP1004,1
2026-07-16 13:10:20.0,1PDF,SLPSL0001,PULV LOW SEAL AIR HDR DIFF PRESS,,LOABS,PULV LOW SEAL AIR HDR DIFF PRESS,RTN,1,4.11123,4,INH2O,!WP1001!WP1002!WP1003!WP1006!WP1007!WP1014!hist14!CP1004,1
2026-07-16 13:10:23.0,1PDF,SLPSL0001,PULV LOW SEAL AIR HDR DIFF PRESS,,LOABS,PULV LOW SEAL AIR HDR DIFF PRESS,ALM,1,3.99053,4,INH2O,!WP1001!WP1002!WP1003!WP1006!WP1007!WP1014!hist14!CP1004,1
2026-07-16 13:10:24.0,1PDF,SLPSL0001,PULV LOW SEAL AIR HDR DIFF PRESS,,LOABS,PULV LOW SEAL AIR HDR DIFF PRESS,RTN,1,4.02979,4,INH2O,!WP1001!WP1002!WP1003!WP1006!WP1007!WP1014!hist14!CP1004,1
2026-07-16 13:10:25.0,1PDF,SLPSL0001,PULV LOW SEAL AIR HDR DIFF PRESS,,LOABS,PULV LOW SEAL AIR HDR DIFF PRESS,ALM,1,3.94102,4,INH2O,!WP1001!WP1002!WP1003!WP1006!WP1007!WP1014!hist14!CP1004,1
2026-07-16 13:10:26.0,1PDF,SLPSL0001,PULV LOW SEAL AIR HDR DIFF PRESS,,LOABS,PULV LOW SEAL AIR HDR DIFF PRESS,RTN,1,4.19473,4,INH2O,!WP1001!WP1002!WP1003!WP1006!WP1007!WP1014!hist14!CP1004,1
2026-07-16 13:10:40.0,1PDF,SLPSL0001,PULV LOW SEAL AIR HDR DIFF PRESS,,LOABS,PULV LOW SEAL AIR HDR DIFF PRESS,ALM,1,3.96768,4,INH2O,!WP1001!WP1002!WP1003!WP1006!WP1007!WP1014!hist14!CP1004,1
2026-07-16 13:10:41.0,1PDF,SLPSL0001,PULV LOW SEAL AIR HDR DIFF PRESS,,LOABS,PULV LOW SEAL AIR HDR DIFF PRESS,RTN,1,4.01982,4,INH2O,!WP1001!WP1002!WP1003!WP1006!WP1007!WP1014!hist14!CP1004,1
2026-07-16 13:10:46.0,1PDF,SLPSL0001,PULV LOW SEAL AIR HDR DIFF PRESS,,LOABS,PULV LOW SEAL AIR HDR DIFF PRESS,ALM,1,3.98291,4,INH2O,!WP1001!WP1002!WP1003!WP1006!WP1007!WP1014!hist14!CP1004,1
2026-07-16 13:10:47.0,1PDF,SLPSL0001,PULV LOW SEAL AIR HDR DIFF PRESS,,LOABS,PULV LOW SEAL AIR HDR DIFF PRESS,RTN,1,4.04502,4,INH2O,!WP1001!WP1002!WP1003!WP1006!WP1007!WP1014!hist14!CP1004,1
2026-07-16 13:10:48.0,1PDF,SLPSL0001,PULV LOW SEAL AIR HDR DIFF PRESS,,LOABS,PULV LOW SEAL AIR HDR DIFF PRESS,ALM,1,3.93516,4,INH2O,!WP1001!WP1002!WP1003!WP1006!WP1007!WP1014!hist14!CP1004,1
2026-07-16 13:14:21.0,1PDF,SLPSL0001,PULV LOW SEAL AIR HDR DIFF PRESS,,LOABS,PULV LOW SEAL AIR HDR DIFF PRESS,RTN,1,4.04971,4,INH2O,!WP1001!WP1002!WP1003!WP1006!WP1007!WP1014!hist14!CP1004,1
2026-07-16 13:14:56.7,1NW_ESP_SMP,NWAI6702B,PRECIP SUMP PMP B DSCH PH,,IOBAD,BAD CHANNEL,ALM,3,,,,!WP1002!WP1011!WP1001!hist14!CP1020,1
2026-07-16 13:15:27.0,1PDF,SLPSL0001,PULV LOW SEAL AIR HDR DIFF PRESS,,LOABS,PULV LOW SEAL AIR HDR DIFF PRESS,ALM,1,3.93604,4,INH2O,!WP1001!WP1002!WP1003!WP1006!WP1007!WP1014!hist14!CP1004,1
2026-07-16 13:15:47.6,1DAS10,IACE3211,COND MAKE-UP SPEC CNDCT,,HIABS,HIGH,ALM,1,0.30002,0.3,US/CM,!WP1002!WP1006!WP1007!WP1001!WP1003!WP1014!hist14!CP1008,1
2026-07-16 13:16:20.2,1BCS_7,IKTE3751,REHEAT TEMP RIGHT (REDUNDANT),,HIABS,HIGH,ALM,1,1012.19,1012.18,DEG.F,!WP1002!WP1006!WP1007!WP1001!WP1003!WP1014!hist14!CP1007,1
2026-07-16 13:16:28.2,1BCS_7,IKTE3451,REHEAT TEMP RIGHT (NORM),,HIABS,HIGH,ALM,1,1012.21,1012.18,DEG.F,!WP1002!WP1006!WP1007!WP1001!WP1003!WP1014!hist14!CP1007,1
2026-07-16 13:17:51.2,1BCS_7,IKTE3451,REHEAT TEMP RIGHT (NORM),,HIABS,HIGH,RTN,1,1007.08,1012.18,DEG.F,!WP1002!WP1006!WP1007!WP1001!WP1003!WP1014!hist14!CP1007,1
2026-07-16 13:17:55.7,1BCS_7,IKTE3751,REHEAT TEMP RIGHT (REDUNDANT),,HIABS,HIGH,RTN,1,1007.14,1012.18,DEG.F,!WP1002!WP1006!WP1007!WP1001!WP1003!WP1014!hist14!CP1007,1
2026-07-16 13:18:35.0,1PDF,SLPSL0001,PULV LOW SEAL AIR HDR DIFF PRESS,,LOABS,PULV LOW SEAL AIR HDR DIFF PRESS,RTN,1,4.04854,4,INH2O,!WP1001!WP1002!WP1003!WP1006!WP1007!WP1014!hist14!CP1004,1
2026-07-16 13:19:14.0,1PDF,SLPSL0001,PULV LOW SEAL AIR HDR DIFF PRESS,,LOABS,PULV LOW SEAL AIR HDR DIFF PRESS,ALM,1,3.93779,4,INH2O,!WP1001!WP1002!WP1003!WP1006!WP1007!WP1014!hist14!CP1004,1
2026-07-16 13:19:22.0,1PDF,SLPSL0001,PULV LOW SEAL AIR HDR DIFF PRESS,,LOABS,PULV LOW SEAL AIR HDR DIFF PRESS,RTN,1,4.01953,4,INH2O,!WP1001!WP1002!WP1003!WP1006!WP1007!WP1014!hist14!CP1004,1
2026-07-16 13:19:23.0,1PDF,SLPSL0001,PULV LOW SEAL AIR HDR DIFF PRESS,,LOABS,PULV LOW SEAL AIR HDR DIFF PRESS,ALM,1,3.98262,4,INH2O,!WP1001!WP1002!WP1003!WP1006!WP1007!WP1014!hist14!CP1004,1
2026-07-16 13:19:24.0,1PDF,SLPSL0001,PULV LOW SEAL AIR HDR DIFF PRESS,,LOABS,PULV LOW SEAL AIR HDR DIFF PRESS,RTN,1,4.05264,4,INH2O,!WP1001!WP1002!WP1003!WP1006!WP1007!WP1014!hist14!CP1004,1
2026-07-16 13:19:29.0,1PDF,SLPSL0001,PULV LOW SEAL AIR HDR DIFF PRESS,,LOABS,PULV LOW SEAL AIR HDR DIFF PRESS,ALM,1,3.95566,4,INH2O,!WP1001!WP1002!WP1003!WP1006!WP1007!WP1014!hist14!CP1004,1
2026-07-16 13:19:30.0,1PDF,SLPSL0001,PULV LOW SEAL AIR HDR DIFF PRESS,,LOABS,PULV LOW SEAL AIR HDR DIFF PRESS,RTN,1,4.04941,4,INH2O,!WP1001!WP1002!WP1003!WP1006!WP1007!WP1014!hist14!CP1004,1
2026-07-16 13:19:31.0,1PDF,SLPSL0001,PULV LOW SEAL AIR HDR DIFF PRESS,,LOABS,PULV LOW SEAL AIR HDR DIFF PRESS,ALM,1,3.9501,4,INH2O,!WP1001!WP1002!WP1003!WP1006!WP1007!WP1014!hist14!CP1004,1
2026-07-16 13:19:32.0,1PDF,SLPSL0001,PULV LOW SEAL AIR HDR DIFF PRESS,,LOABS,PULV LOW SEAL AIR HDR DIFF PRESS,RTN,1,4.11182,4,INH2O,!WP1001!WP1002!WP1003!WP1006!WP1007!WP1014!hist14!CP1004,1
2026-07-16 13:19:50.0,1PDF,SLPSL0001,PULV LOW SEAL AIR HDR DIFF PRESS,,LOABS,PULV LOW SEAL AIR HDR DIFF PRESS,ALM,1,3.99873,4,INH2O,!WP1001!WP1002!WP1003!WP1006!WP1007!WP1014!hist14!CP1004,1
2026-07-16 13:19:51.0,1PDF,SLPSL0001,PULV LOW SEAL AIR HDR DIFF PRESS,,LOABS,PULV LOW SEAL AIR HDR DIFF PRESS,RTN,1,4.16162,4,INH2O,!WP1001!WP1002!WP1003!WP1006!WP1007!WP1014!hist14!CP1004,1
2026-07-16 13:19:53.0,1PDF,SLPSL0001,PULV LOW SEAL AIR HDR DIFF PRESS,,LOABS,PULV LOW SEAL AIR HDR DIFF PRESS,ALM,1,3.95742,4,INH2O,!WP1001!WP1002!WP1003!WP1006!WP1007!WP1014!hist14!CP1004,1
2026-07-16 13:19:57.0,1PDF,SLPSL0001,PULV LOW SEAL AIR HDR DIFF PRESS,,LOABS,PULV LOW SEAL AIR HDR DIFF PRESS,RTN,1,4.00195,4,INH2O,!WP1001!WP1002!WP1003!WP1006!WP1007!WP1014!hist14!CP1004,1
2026-07-16 13:20:00.0,1PDF,SLPSL0001,PULV LOW SEAL AIR HDR DIFF PRESS,,LOABS,PULV LOW SEAL AIR HDR DIFF PRESS,ALM,1,3.91875,4,INH2O,!WP1001!WP1002!WP1003!WP1006!WP1007!WP1014!hist14!CP1004,1
2026-07-16 13:20:25.0,1PDF,SLPSL0001,PULV LOW SEAL AIR HDR DIFF PRESS,,LOABS,PULV LOW SEAL AIR HDR DIFF PRESS,RTN,1,4.04297,4,INH2O,!WP1001!WP1002!WP1003!WP1006!WP1007!WP1014!hist14!CP1004,1
2026-07-16 13:20:26.0,1PDF,SLPSL0001,PULV LOW SEAL AIR HDR DIFF PRESS,,LOABS,PULV LOW SEAL AIR HDR DIFF PRESS,ALM,1,3.96592,4,INH2O,!WP1001!WP1002!WP1003!WP1006!WP1007!WP1014!hist14!CP1004,1
2026-07-16 13:20:33.0,1PDF,SLPSL0001,PULV LOW SEAL AIR HDR DIFF PRESS,,LOABS,PULV LOW SEAL AIR HDR DIFF PRESS,RTN,1,4.08311,4,INH2O,!WP1001!WP1002!WP1003!WP1006!WP1007!WP1014!hist14!CP1004,1
2026-07-16 13:20:36.0,1PDF,SLPSL0001,PULV LOW SEAL AIR HDR DIFF PRESS,,LOABS,PULV LOW SEAL AIR HDR DIFF PRESS,ALM,1,3.98438,4,INH2O,!WP1001!WP1002!WP1003!WP1006!WP1007!WP1014!hist14!CP1004,1
2026-07-16 13:20:41.0,1PDF,SLPSL0001,PULV LOW SEAL AIR HDR DIFF PRESS,,LOABS,PULV LOW SEAL AIR HDR DIFF PRESS,RTN,1,4.01045,4,INH2O,!WP1001!WP1002!WP1003!WP1006!WP1007!WP1014!hist14!CP1004,1
2026-07-16 13:20:43.0,1PDF,SLPSL0001,PULV LOW SEAL AIR HDR DIFF PRESS,,LOABS,PULV LOW SEAL AIR HDR DIFF PRESS,ALM,1,3.94951,4,INH2O,!WP1001!WP1002!WP1003!WP1006!WP1007!WP1014!hist14!CP1004,1
2026-07-16 13:23:19.0,1PDF,SLPSL0001,PULV LOW SEAL AIR HDR DIFF PRESS,,LOABS,PULV LOW SEAL AIR HDR DIFF PRESS,RTN,1,4.16074,4,INH2O,!WP1001!WP1002!WP1003!WP1006!WP1007!WP1014!hist14!CP1004,1
2026-07-16 13:24:42.0,1PDF,SLPSL0001,PULV LOW SEAL AIR HDR DIFF PRESS,,LOABS,PULV LOW SEAL AIR HDR DIFF PRESS,ALM,1,3.99053,4,INH2O,!WP1001!WP1002!WP1003!WP1006!WP1007!WP1014!hist14!CP1004,1
2026-07-16 13:24:43.0,1PDF,SLPSL0001,PULV LOW SEAL AIR HDR DIFF PRESS,,LOABS,PULV LOW SEAL AIR HDR DIFF PRESS,RTN,1,4.08896,4,INH2O,!WP1001!WP1002!WP1003!WP1006!WP1007!WP1014!hist14!CP1004,1
2026-07-16 13:24:55.0,1PDF,SLPSL0001,PULV LOW SEAL AIR HDR DIFF PRESS,,LOABS,PULV LOW SEAL AIR HDR DIFF PRESS,ALM,1,3.9542,4,INH2O,!WP1001!WP1002!WP1003!WP1006!WP1007!WP1014!hist14!CP1004,1
2026-07-16 13:27:50.0,1PDF,SLPSL0001,PULV LOW SEAL AIR HDR DIFF PRESS,,LOABS,PULV LOW SEAL AIR HDR DIFF PRESS,RTN,1,4.10039,4,INH2O,!WP1001!WP1002!WP1003!WP1006!WP1007!WP1014!hist14!CP1004,1
2026-07-16 13:27:51.0,1PDF,SLPSL0001,PULV LOW SEAL AIR HDR DIFF PRESS,,LOABS,PULV LOW SEAL AIR HDR DIFF PRESS,ALM,1,3.98701,4,INH2O,!WP1001!WP1002!WP1003!WP1006!WP1007!WP1014!hist14!CP1004,1
2026-07-16 13:27:56.0,1PDF,SLPSL0001,PULV LOW SEAL AIR HDR DIFF PRESS,,LOABS,PULV LOW SEAL AIR HDR DIFF PRESS,RTN,1,4.12529,4,INH2O,!WP1001!WP1002!WP1003!WP1006!WP1007!WP1014!hist14!CP1004,1
2026-07-16 13:29:11.2,1AB_SURGEA,ABPDAH5119A,TRNSPT BLWR A INLTFLT DP HI,,STATE,NOT HIGH,ALM,5,,,,!WP1002!WP1011!WP1001!hist14!CP1020,1
2026-07-16 13:29:18.0,1PDF,SLPSL0001,PULV LOW SEAL AIR HDR DIFF PRESS,,LOABS,PULV LOW SEAL AIR HDR DIFF PRESS,ALM,1,3.90674,4,INH2O,!WP1001!WP1002!WP1003!WP1006!WP1007!WP1014!hist14!CP1004,1
2026-07-16 13:29:25.0,1PDF,SLPSL0001,PULV LOW SEAL AIR HDR DIFF PRESS,,LOABS,PULV LOW SEAL AIR HDR DIFF PRESS,RTN,1,4.0585,4,INH2O,!WP1001!WP1002!WP1003!WP1006!WP1007!WP1014!hist14!CP1004,1
2026-07-16 13:29:45.0,1PDF,SLPSL0001,PULV LOW SEAL AIR HDR DIFF PRESS,,LOABS,PULV LOW SEAL AIR HDR DIFF PRESS,ALM,1,3.97588,4,INH2O,!WP1001!WP1002!WP1003!WP1006!WP1007!WP1014!hist14!CP1004,1
2026-07-16 13:29:48.0,1PDF,SLPSL0001,PULV LOW SEAL AIR HDR DIFF PRESS,,LOABS,PULV LOW SEAL AIR HDR DIFF PRESS,RTN,1,4.07637,4,INH2O,!WP1001!WP1002!WP1003!WP1006!WP1007!WP1014!hist14!CP1004,1
2026-07-16 13:29:49.0,1PDF,SLPSL0001,PULV LOW SEAL AIR HDR DIFF PRESS,,LOABS,PULV LOW SEAL AIR HDR DIFF PRESS,ALM,1,3.89561,4,INH2O,!WP1001!WP1002!WP1003!WP1006!WP1007!WP1014!hist14!CP1004,1
2026-07-16 13:30:38.0,1FG_B_HYD,MO5750B_ASTR,BF B HYD OIL CLR B AUTOSTART,,STATE,ON A FAILURE,ALM,3,,,,!WP1001!WP1002!WP1003!WP1006!WP1007!WP1014!hist14!CP1015,1
2026-07-16 13:30:38.0,1FG_B_HYD,TSHL5742A,BF B HYD OIL TANK ALM,HYDRAULIC OIL,HIABS,HI ALARM,ALM,1,122.023,122,DEGF,!WP1001!WP1002!WP1003!WP1006!WP1007!WP1014!hist14!CP1015,1
2026-07-16 13:30:40.0,1FG_B_HYD,MO5750B_ASTR,BF B HYD OIL CLR B AUTOSTART,,STATE,NORMAL,RTN,3,,,,!WP1001!WP1002!WP1003!WP1006!WP1007!WP1014!hist14!CP1015,1
2026-07-16 13:31:20.0,1PDF,SLPSL0001,PULV LOW SEAL AIR HDR DIFF PRESS,,LOABS,PULV LOW SEAL AIR HDR DIFF PRESS,RTN,1,4.04268,4,INH2O,!WP1001!WP1002!WP1003!WP1006!WP1007!WP1014!hist14!CP1004,1
2026-07-16 13:32:19.5,1FG_B,ZSH5701A,BF B BLADE PITCH,,HIABS,BLADE PITCH ALARM,ALM,3,70.0605,70,%,!WP1001!WP1002!WP1003!WP1006!WP1007!WP1014!hist14!CP1015,1
2026-07-16 13:32:22.5,1FG_A,ZSH5601A,BF A BLADE PITCH,,HIABS,BLADE PITCH ALARM,ALM,3,70.0586,70,%,!WP1001!WP1002!WP1003!WP1006!WP1007!WP1014!hist14!CP1015,1
2026-07-16 13:32:50.0,IDFAN_PEEC,OPCY_ALM,PRECIP OUT > 50%,PRECIP OUTLET,STATE,ALARM,ALM,3,,,,!WP1001!WP1002!WP1003!WP1006!WP1007!WP1014!hist14!CP1003,1
2026-07-16 13:32:51.5,IDFAN_PEEC,OPCY_ALM,PRECIP OUT > 50%,PRECIP OUTLET,STATE,NORMAL,RTN,3,,,,!WP1001!WP1002!WP1003!WP1006!WP1007!WP1014!hist14!CP1003,1
2026-07-16 13:32:51.5,1FG_B_HYD,TSHL5742A,BF B HYD OIL TANK ALM,HYDRAULIC OIL,HIABS,HI ALARM,RTN,1,121.484,122,DEGF,!WP1001!WP1002!WP1003!WP1006!WP1007!WP1014!hist14!CP1015,1
2026-07-16 13:33:06.0,1PDF,SLPSL0001,PULV LOW SEAL AIR HDR DIFF PRESS,,LOABS,PULV LOW SEAL AIR HDR DIFF PRESS,ALM,1,3.91699,4,INH2O,!WP1001!WP1002!WP1003!WP1006!WP1007!WP1014!hist14!CP1004,1
2026-07-16 13:33:09.0,1PDF,SLPSL0001,PULV LOW SEAL AIR HDR DIFF PRESS,,LOABS,PULV LOW SEAL AIR HDR DIFF PRESS,RTN,1,4.10127,4,INH2O,!WP1001!WP1002!WP1003!WP1006!WP1007!WP1014!hist14!CP1004,1
2026-07-16 13:33:12.0,1PDF,SLPSL0001,PULV LOW SEAL AIR HDR DIFF PRESS,,LOABS,PULV LOW SEAL AIR HDR DIFF PRESS,ALM,1,3.94277,4,INH2O,!WP1001!WP1002!WP1003!WP1006!WP1007!WP1014!hist14!CP1004,1
2026-07-16 13:33:14.0,1SEAL_AIR,PDI5735_ALM,BF B OUT DMPR SEAL CAV D/P LOW,,STATE,DP ALARM ACTIVE,ALM,3,,,,!WP1001!WP1002!WP1003!WP1006!WP1007!WP1014!hist14!CP1015,1
2026-07-16 13:34:57.8,1AR17,JAS_TIMER,JAS AUTO FLUSH TIMER,,PTARG,RESET FLUSH TIMER,ALM,5,28801,28800,SEC,!hist14!CP1017,2
2026-07-16 13:34:58.8,1AR17,JAS_TIMER,JAS AUTO FLUSH TIMER,,PTARG,RESET FLUSH TIMER,RTN,5,0,28800,SEC,!hist14!CP1017,2
2026-07-16 13:35:24.0,IDFAN_PEEC,OPCY_ALM,PRECIP OUT > 50%,PRECIP OUTLET,STATE,ALARM,ALM,3,,,,!WP1001!WP1002!WP1003!WP1006!WP1007!WP1014!hist14!CP1003,1
2026-07-16 13:35:24.0,1PDF,SLPSL0001,PULV LOW SEAL AIR HDR DIFF PRESS,,LOABS,PULV LOW SEAL AIR HDR DIFF PRESS,RTN,1,4.1373,4,INH2O,!WP1001!WP1002!WP1003!WP1006!WP1007!WP1014!hist14!CP1004,1
2026-07-16 13:35:26.0,IDFAN_PEEC,OPCY_ALM,PRECIP OUT > 50%,PRECIP OUTLET,STATE,NORMAL,RTN,3,,,,!WP1001!WP1002!WP1003!WP1006!WP1007!WP1014!hist14!CP1003,1
2026-07-16 13:35:35.1,1DAS11,ISPSH1131,LIGHTER OIL SUPPLY PRESS ALM,,HIABS,HI LIGHTER OIL SUPPLY PRESS,ALM,1,220.498,175,KPH,!WP1002!WP1006!WP1007!WP1001!WP1003!WP1014!hist14!CP1008,1
2026-07-16 13:35:47.0,1FP,B86,ID FAN C INLET DAMPER FEEDBACK,,HHABS,ID FAN C DAMPER 80 %,ALM,1,80.0098,80,PCT,!WP1001!WP1002!WP1003!WP1006!WP1007!WP1014!hist14!CP1001,1
2026-07-16 13:35:48.0,1FP,B56,ID FAN A INLET DAMPER FEEDBACK,,HHABS,ID FAN A DAMPER 80 %,ALM,1,80.0488,80,PCT,!WP1001!WP1002!WP1003!WP1006!WP1007!WP1014!hist14!CP1001,1
2026-07-16 13:35:48.4,1FP,B58,ID FAN B INLET DAMPER FEEDBACK,,HHABS,IDF B DAMPER 80%,ALM,1,80.05,80,PCT,!WP1001!WP1002!WP1003!WP1006!WP1007!WP1014!hist14!CP1001,1
2026-07-16 13:35:48.5,1FG_B,5706TX_ALM,BF B INLET OUTLET PRESS,FGPDIT5706,STATE,BF B INLET/OUTLET PRESS DEV,ALM,3,,,,!WP1001!WP1002!WP1003!WP1006!WP1007!WP1014!hist14!CP1015,1
2026-07-16 13:36:09.7,1AB_SURGEA,FCVA153AL,LINE A TO SILO    B,TRANSPORT LIN,STATE,FAIL,ALM,3,,,,!WP1002!WP1011!WP1001!hist14!CP1020,1
2026-07-16 13:36:11.5,IDFAN_PEEC,OPCY_ALM,PRECIP OUT > 50%,PRECIP OUTLET,STATE,ALARM,ALM,3,,,,!WP1001!WP1002!WP1003!WP1006!WP1007!WP1014!hist14!CP1003,1
2026-07-16 13:36:11.2,1AB_SURGEA,FCVA153AL,LINE A TO SILO    B,TRANSPORT LIN,STATE,OK,RTN,3,,,,!WP1002!WP1011!WP1001!hist14!CP1020,1
2026-07-16 13:36:53.0,1PDF,SLPSL0001,PULV LOW SEAL AIR HDR DIFF PRESS,,LOABS,PULV LOW SEAL AIR HDR DIFF PRESS,ALM,1,3.92373,4,INH2O,!WP1001!WP1002!WP1003!WP1006!WP1007!WP1014!hist14!CP1004,1
2026-07-16 13:37:04.0,1PDF,SLPSL0001,PULV LOW SEAL AIR HDR DIFF PRESS,,LOABS,PULV LOW SEAL AIR HDR DIFF PRESS,RTN,1,4.05205,4,INH2O,!WP1001!WP1002!WP1003!WP1006!WP1007!WP1014!hist14!CP1004,1
2026-07-16 13:37:26.0,1PDF,SLPSL0001,PULV LOW SEAL AIR HDR DIFF PRESS,,LOABS,PULV LOW SEAL AIR HDR DIFF PRESS,ALM,1,3.96211,4,INH2O,!WP1001!WP1002!WP1003!WP1006!WP1007!WP1014!hist14!CP1004,1
2026-07-16 13:37:28.0,1PDF,SLPSL0001,PULV LOW SEAL AIR HDR DIFF PRESS,,LOABS,PULV LOW SEAL AIR HDR DIFF PRESS,RTN,1,4.0418,4,INH2O,!WP1001!WP1002!WP1003!WP1006!WP1007!WP1014!hist14!CP1004,1
2026-07-16 13:37:29.0,1PDF,SLPSL0001,PULV LOW SEAL AIR HDR DIFF PRESS,,LOABS,PULV LOW SEAL AIR HDR DIFF PRESS,ALM,1,3.98555,4,INH2O,!WP1001!WP1002!WP1003!WP1006!WP1007!WP1014!hist14!CP1004,1
2026-07-16 13:37:30.0,1PDF,SLPSL0001,PULV LOW SEAL AIR HDR DIFF PRESS,,LOABS,PULV LOW SEAL AIR HDR DIFF PRESS,RTN,1,4.12734,4,INH2O,!WP1001!WP1002!WP1003!WP1006!WP1007!WP1014!hist14!CP1004,1
2026-07-16 13:37:32.0,1PDF,SLPSL0001,PULV LOW SEAL AIR HDR DIFF PRESS,,LOABS,PULV LOW SEAL AIR HDR DIFF PRESS,ALM,1,3.9876,4,INH2O,!WP1001!WP1002!WP1003!WP1006!WP1007!WP1014!hist14!CP1004,1
2026-07-16 13:37:44.8,1MELIM,ZDS5504,WET/DRY INTFC VLV  DM DEV,,LODEV,LOW DEVIATION ALARM,RTN,3,46.543,42.5,%,!hist14!CP1017,2
2026-07-16 13:37:49.5,IDFAN_PEEC,OPCY_ALM,PRECIP OUT > 50%,PRECIP OUTLET,STATE,NORMAL,RTN,3,,,,!WP1001!WP1002!WP1003!WP1006!WP1007!WP1014!hist14!CP1003,1
2026-07-16 13:37:55.0,IDFAN_PEEC,OPCY_ALM,PRECIP OUT > 50%,PRECIP OUTLET,STATE,ALARM,ALM,3,,,,!WP1001!WP1002!WP1003!WP1006!WP1007!WP1014!hist14!CP1003,1
2026-07-16 13:38:29.0,IDFAN_PEEC,OPCY_ALM,PRECIP OUT > 50%,PRECIP OUTLET,STATE,NORMAL,RTN,3,,,,!WP1001!WP1002!WP1003!WP1006!WP1007!WP1014!hist14!CP1003,1
2026-07-16 13:38:41.5,IDFAN_PEEC,OPCY_ALM,PRECIP OUT > 50%,PRECIP OUTLET,STATE,ALARM,ALM,3,,,,!WP1001!WP1002!WP1003!WP1006!WP1007!WP1014!hist14!CP1003,1
2026-07-16 13:38:45.8,1MELIM,ZDS5504,WET/DRY INTFC VLV  DM DEV,,HIDEV,HIGH DEVIATION ALARM,ALM,3,98.6445,5,%,!hist14!CP1017,2
2026-07-16 13:38:49.4,1FP,B56,ID FAN A INLET DAMPER FEEDBACK,,HHABS,ID FAN A DAMPER 80 %,RTN,1,78.9024,80,PCT,!WP1001!WP1002!WP1003!WP1006!WP1007!WP1014!hist14!CP1001,1
2026-07-16 13:38:49.4,1FP,B58,ID FAN B INLET DAMPER FEEDBACK,,HHABS,IDF B DAMPER 80%,RTN,1,78.9568,80,PCT,!WP1001!WP1002!WP1003!WP1006!WP1007!WP1014!hist14!CP1001,1
2026-07-16 13:38:49.0,1FP,B86,ID FAN C INLET DAMPER FEEDBACK,,HHABS,ID FAN C DAMPER 80 %,RTN,1,78.9952,80,PCT,!WP1001!WP1002!WP1003!WP1006!WP1007!WP1014!hist14!CP1001,1
2026-07-16 13:38:51.5,1FG_B,5706TX_ALM,BF B INLET OUTLET PRESS,FGPDIT5706,STATE,DEVIATION ALARM CLEAR,RTN,3,,,,!WP1001!WP1002!WP1003!WP1006!WP1007!WP1014!hist14!CP1015,1
2026-07-16 13:39:06.0,IDFAN_PEEC,OPCY_ALM,PRECIP OUT > 50%,PRECIP OUTLET,STATE,NORMAL,RTN,3,,,,!WP1001!WP1002!WP1003!WP1006!WP1007!WP1014!hist14!CP1003,1
2026-07-16 13:39:09.5,PAC_PLC,ACI_FDR_A_TR,ACI FDR A AC-WIC-5007 TRBLE ALM,,CHANGE,PAC FEEDER A TROUBLE,ALM,1,,,,!WP1001!WP1002!WP1003!WP1006!WP1007!WP1014!hist14!CP1003,1
2026-07-16 13:39:15.5,1FG_B,ZSH5701A,BF B BLADE PITCH,,HIABS,BLADE PITCH ALARM,RTN,3,69.8379,70,%,!WP1001!WP1002!WP1003!WP1006!WP1007!WP1014!hist14!CP1015,1
2026-07-16 13:39:17.5,1FG_A,ZSH5601A,BF A BLADE PITCH,,HIABS,BLADE PITCH ALARM,RTN,3,69.7461,70,%,!WP1001!WP1002!WP1003!WP1006!WP1007!WP1014!hist14!CP1015,1
2026-07-16 13:39:18.0,PAC_PLC,ACI_FDR_A_TR,ACI FDR A AC-WIC-5007 TRBLE ALM,,CHANGE,PAC FEEDER A TROUBLE,ALM,1,,,,!WP1001!WP1002!WP1003!WP1006!WP1007!WP1014!hist14!CP1003,1
2026-07-16 13:39:20.0,PAC_PLC,ACI_FDR_A_TR,ACI FDR A AC-WIC-5007 TRBLE ALM,,CHANGE,PAC FEEDER A TROUBLE,ALM,1,,,,!WP1001!WP1002!WP1003!WP1006!WP1007!WP1014!hist14!CP1003,1
2026-07-16 13:39:21.0,PAC_PLC,ACI_FDR_A_TR,ACI FDR A AC-WIC-5007 TRBLE ALM,,CHANGE,PAC FEEDER A TROUBLE,ALM,1,,,,!WP1001!WP1002!WP1003!WP1006!WP1007!WP1014!hist14!CP1003,1
2026-07-16 13:39:26.0,1FUEL_SFTY,FPTX_ALM,DRAFT TRANSMITTER DEVIATION,,STATE,FURN DRAFT PRESS XMTR DEVIATION,ALM,5,,,,!WP1001!WP1002!WP1003!WP1006!WP1007!WP1014!hist14!CP1004,1
2026-07-16 13:39:37.8,1MELIM,ZDS5504,WET/DRY INTFC VLV  DM DEV,,HIDEV,HIGH DEVIATION ALARM,RTN,3,53.8008,57.5,%,!hist14!CP1017,2
2026-07-16 13:39:51.0,1FUEL_SFTY,FPTX_ALM,DRAFT TRANSMITTER DEVIATION,,STATE,NO DEVIATION,RTN,5,,,,!WP1001!WP1002!WP1003!WP1006!WP1007!WP1014!hist14!CP1004,1
2026-07-16 13:40:07.0,1PDF,SLPSL0001,PULV LOW SEAL AIR HDR DIFF PRESS,,LOABS,PULV LOW SEAL AIR HDR DIFF PRESS,RTN,1,4.00342,4,INH2O,!WP1001!WP1002!WP1003!WP1006!WP1007!WP1014!hist14!CP1004,1
2026-07-16 13:40:13.0,1PDF,SLPSL0001,PULV LOW SEAL AIR HDR DIFF PRESS,,LOABS,PULV LOW SEAL AIR HDR DIFF PRESS,ALM,1,3.91553,4,INH2O,!WP1001!WP1002!WP1003!WP1006!WP1007!WP1014!hist14!CP1004,1
2026-07-16 13:40:22.0,1PDF,SLPSL0001,PULV LOW SEAL AIR HDR DIFF PRESS,,LOABS,PULV LOW SEAL AIR HDR DIFF PRESS,RTN,1,4.11797,4,INH2O,!WP1001!WP1002!WP1003!WP1006!WP1007!WP1014!hist14!CP1004,1
2026-07-16 13:41:08.8,1MELIM,ZDS5504,WET/DRY INTFC VLV  DM DEV,,HIDEV,HIGH DEVIATION ALARM,ALM,3,98.4941,5,%,!hist14!CP1017,2
2026-07-16 13:41:37.0,1FG_A,ZSH5601A,BF A BLADE PITCH,,HIABS,BLADE PITCH ALARM,ALM,3,70.0449,70,%,!WP1001!WP1002!WP1003!WP1006!WP1007!WP1014!hist14!CP1015,1
2026-07-16 13:41:37.5,1FG_B,ZSH5701A,BF B BLADE PITCH,,HIABS,BLADE PITCH ALARM,ALM,3,70.2031,70,%,!WP1001!WP1002!WP1003!WP1006!WP1007!WP1014!hist14!CP1015,1
2026-07-16 13:42:19.0,IDFAN_PEEC,OPCY_ALM,PRECIP OUT > 50%,PRECIP OUTLET,STATE,ALARM,ALM,3,,,,!WP1001!WP1002!WP1003!WP1006!WP1007!WP1014!hist14!CP1003,1
2026-07-16 13:42:20.0,1PDF,SLPSL0001,PULV LOW SEAL AIR HDR DIFF PRESS,,LOABS,PULV LOW SEAL AIR HDR DIFF PRESS,ALM,1,3.99023,4,INH2O,!WP1001!WP1002!WP1003!WP1006!WP1007!WP1014!hist14!CP1004,1
2026-07-16 13:42:20.7,1BCS_7,IKTE3741,REHEAT TEMP LEFT (REDUNDANT),,HIABS,HIGH,ALM,1,1012.2,1012.18,DEG.F,!WP1002!WP1006!WP1007!WP1001!WP1003!WP1014!hist14!CP1007,1
2026-07-16 13:42:20.7,1BCS_7,IKTE3751,REHEAT TEMP RIGHT (REDUNDANT),,HIABS,HIGH,ALM,1,1012.2,1012.18,DEG.F,!WP1002!WP1006!WP1007!WP1001!WP1003!WP1014!hist14!CP1007,1
2026-07-16 13:42:21.2,1BCS_7,IKTE3441,REHEAT TEMP LEFT (NORM),,HIABS,HIGH,ALM,1,1012.23,1012.18,DEG.F,!WP1002!WP1006!WP1007!WP1001!WP1003!WP1014!hist14!CP1007,1
2026-07-16 13:42:35.0,IDFAN_PEEC,OPCY_ALM,PRECIP OUT > 50%,PRECIP OUTLET,STATE,NORMAL,RTN,3,,,,!WP1001!WP1002!WP1003!WP1006!WP1007!WP1014!hist14!CP1003,1
2026-07-16 13:42:38.7,1BCS_7,IKTE3451,REHEAT TEMP RIGHT (NORM),,HIABS,HIGH,ALM,1,1012.21,1012.18,DEG.F,!WP1002!WP1006!WP1007!WP1001!WP1003!WP1014!hist14!CP1007,1
2026-07-16 13:43:00.5,1FG_B,ZSH5701A,BF B BLADE PITCH,,HIABS,BLADE PITCH ALARM,RTN,3,69.8789,70,%,!WP1001!WP1002!WP1003!WP1006!WP1007!WP1014!hist14!CP1015,1
2026-07-16 13:43:01.0,1FG_A,ZSH5601A,BF A BLADE PITCH,,HIABS,BLADE PITCH ALARM,RTN,3,69.8633,70,%,!WP1001!WP1002!WP1003!WP1006!WP1007!WP1014!hist14!CP1015,1
2026-07-16 13:43:06.5,IDFAN_PEEC,OPCY_ALM,PRECIP OUT > 50%,PRECIP OUTLET,STATE,ALARM,ALM,3,,,,!WP1001!WP1002!WP1003!WP1006!WP1007!WP1014!hist14!CP1003,1
2026-07-16 13:43:12.0,1SEAL_AIR,PDI5735_ALM,BF B OUT DMPR SEAL CAV D/P LOW,,STATE,DP ALARM CLEAR,RTN,3,,,,!WP1001!WP1002!WP1003!WP1006!WP1007!WP1014!hist14!CP1015,1
2026-07-16 13:43:15.5,IDFAN_PEEC,OPCY_ALM,PRECIP OUT > 50%,PRECIP OUTLET,STATE,NORMAL,RTN,3,,,,!WP1001!WP1002!WP1003!WP1006!WP1007!WP1014!hist14!CP1003,1
2026-07-16 13:43:20.0,1FUEL_SFTY,FPTX_ALM,DRAFT TRANSMITTER DEVIATION,,STATE,FURN DRAFT PRESS XMTR DEVIATION,ALM,5,,,,!WP1001!WP1002!WP1003!WP1006!WP1007!WP1014!hist14!CP1004,1
2026-07-16 13:43:22.0,1FUEL_SFTY,FPTX_ALM,DRAFT TRANSMITTER DEVIATION,,STATE,NO DEVIATION,RTN,5,,,,!WP1001!WP1002!WP1003!WP1006!WP1007!WP1014!hist14!CP1004,1
2026-07-16 13:43:29.2,1BCS_7,IKTE3451,REHEAT TEMP RIGHT (NORM),,HIABS,HIGH,RTN,1,1007.08,1012.18,DEG.F,!WP1002!WP1006!WP1007!WP1001!WP1003!WP1014!hist14!CP1007,1
2026-07-16 13:43:33.7,1BCS_7,IKTE3751,REHEAT TEMP RIGHT (REDUNDANT),,HIABS,HIGH,RTN,1,1007.14,1012.18,DEG.F,!WP1002!WP1006!WP1007!WP1001!WP1003!WP1014!hist14!CP1007,1
2026-07-16 13:43:35.0,1FUEL_SFTY,FPTX_ALM,DRAFT TRANSMITTER DEVIATION,,STATE,FURN DRAFT PRESS XMTR DEVIATION,ALM,5,,,,!WP1001!WP1002!WP1003!WP1006!WP1007!WP1014!hist14!CP1004,1
2026-07-16 13:43:37.0,1FUEL_SFTY,FPTX_ALM,DRAFT TRANSMITTER DEVIATION,,STATE,NO DEVIATION,RTN,5,,,,!WP1001!WP1002!WP1003!WP1006!WP1007!WP1014!hist14!CP1004,1
2026-07-16 13:43:55.2,1BCS_7,IKTE3441,REHEAT TEMP LEFT (NORM),,HIABS,HIGH,RTN,1,1007.13,1012.18,DEG.F,!WP1002!WP1006!WP1007!WP1001!WP1003!WP1014!hist14!CP1007,1
2026-07-16 13:43:57.2,1BCS_7,IKTE3741,REHEAT TEMP LEFT (REDUNDANT),,HIABS,HIGH,RTN,1,1007.13,1012.18,DEG.F,!WP1002!WP1006!WP1007!WP1001!WP1003!WP1014!hist14!CP1007,1
2026-07-16 13:44:12.0,1PDF,SLPSL0001,PULV LOW SEAL AIR HDR DIFF PRESS,,LOABS,PULV LOW SEAL AIR HDR DIFF PRESS,RTN,1,4.07754,4,INH2O,!WP1001!WP1002!WP1003!WP1006!WP1007!WP1014!hist14!CP1004,1
2026-07-16 13:44:13.0,IDFAN_PEEC,OPCY_ALM,PRECIP OUT > 50%,PRECIP OUTLET,STATE,ALARM,ALM,3,,,,!WP1001!WP1002!WP1003!WP1006!WP1007!WP1014!hist14!CP1003,1
2026-07-16 13:44:18.5,IDFAN_PEEC,OPCY_ALM,PRECIP OUT > 50%,PRECIP OUTLET,STATE,NORMAL,RTN,3,,,,!WP1001!WP1002!WP1003!WP1006!WP1007!WP1014!hist14!CP1003,1
2026-07-16 13:45:05.0,1FG_A,ZSH5601A,BF A BLADE PITCH,,HIABS,BLADE PITCH ALARM,ALM,3,70.0391,70,%,!WP1001!WP1002!WP1003!WP1006!WP1007!WP1014!hist14!CP1015,1
2026-07-16 13:45:05.0,1FG_B,ZSH5701A,BF B BLADE PITCH,,HIABS,BLADE PITCH ALARM,ALM,3,70.0273,70,%,!WP1001!WP1002!WP1003!WP1006!WP1007!WP1014!hist14!CP1015,1
2026-07-16 13:45:41.5,1SEAL_AIR,PDI5735_ALM,BF B OUT DMPR SEAL CAV D/P LOW,,STATE,DP ALARM ACTIVE,ALM,3,,,,!WP1001!WP1002!WP1003!WP1006!WP1007!WP1014!hist14!CP1015,1
2026-07-16 13:45:58.0,1PDF,SLPSL0001,PULV LOW SEAL AIR HDR DIFF PRESS,,LOABS,PULV LOW SEAL AIR HDR DIFF PRESS,ALM,1,3.95889,4,INH2O,!WP1001!WP1002!WP1003!WP1006!WP1007!WP1014!hist14!CP1004,1
2026-07-16 13:46:01.0,1PDF,SLPSL0001,PULV LOW SEAL AIR HDR DIFF PRESS,,LOABS,PULV LOW SEAL AIR HDR DIFF PRESS,RTN,1,4.07432,4,INH2O,!WP1001!WP1002!WP1003!WP1006!WP1007!WP1014!hist14!CP1004,1
2026-07-16 13:46:04.0,1PDF,SLPSL0001,PULV LOW SEAL AIR HDR DIFF PRESS,,LOABS,PULV LOW SEAL AIR HDR DIFF PRESS,ALM,1,3.98262,4,INH2O,!WP1001!WP1002!WP1003!WP1006!WP1007!WP1014!hist14!CP1004,1
2026-07-16 13:47:15.0,1FG_B,ZSH5701A,BF B BLADE PITCH,,HIABS,BLADE PITCH ALARM,RTN,3,69.8867,70,%,!WP1001!WP1002!WP1003!WP1006!WP1007!WP1014!hist14!CP1015,1
2026-07-16 13:47:17.0,1FG_A,ZSH5601A,BF A BLADE PITCH,,HIABS,BLADE PITCH ALARM,RTN,3,69.6641,70,%,!WP1001!WP1002!WP1003!WP1006!WP1007!WP1014!hist14!CP1015,1
2026-07-16 13:47:59.0,1PDF,SLPSL0001,PULV LOW SEAL AIR HDR DIFF PRESS,,LOABS,PULV LOW SEAL AIR HDR DIFF PRESS,RTN,1,4.03506,4,INH2O,!WP1001!WP1002!WP1003!WP1006!WP1007!WP1014!hist14!CP1004,1
2026-07-16 13:48:52.5,IDFAN_PEEC,OPCY_ALM,PRECIP OUT > 50%,PRECIP OUTLET,STATE,ALARM,ALM,3,,,,!WP1001!WP1002!WP1003!WP1006!WP1007!WP1014!hist14!CP1003,1
2026-07-16 13:48:56.0,IDFAN_PEEC,OPCY_ALM,PRECIP OUT > 50%,PRECIP OUTLET,STATE,NORMAL,RTN,3,,,,!WP1001!WP1002!WP1003!WP1006!WP1007!WP1014!hist14!CP1003,1
2026-07-16 13:49:02.0,1PDF,SLPSL0001,PULV LOW SEAL AIR HDR DIFF PRESS,,LOABS,PULV LOW SEAL AIR HDR DIFF PRESS,ALM,1,3.94189,4,INH2O,!WP1001!WP1002!WP1003!WP1006!WP1007!WP1014!hist14!CP1004,1
2026-07-16 13:49:07.0,1PDF,SLPSL0001,PULV LOW SEAL AIR HDR DIFF PRESS,,LOABS,PULV LOW SEAL AIR HDR DIFF PRESS,RTN,1,4.06084,4,INH2O,!WP1001!WP1002!WP1003!WP1006!WP1007!WP1014!hist14!CP1004,1
2026-07-16 13:49:08.0,1PDF,SLPSL0001,PULV LOW SEAL AIR HDR DIFF PRESS,,LOABS,PULV LOW SEAL AIR HDR DIFF PRESS,ALM,1,3.99697,4,INH2O,!WP1001!WP1002!WP1003!WP1006!WP1007!WP1014!hist14!CP1004,1
2026-07-16 13:49:09.0,1PDF,SLPSL0001,PULV LOW SEAL AIR HDR DIFF PRESS,,LOABS,PULV LOW SEAL AIR HDR DIFF PRESS,RTN,1,4.03184,4,INH2O,!WP1001!WP1002!WP1003!WP1006!WP1007!WP1014!hist14!CP1004,1
2026-07-16 13:49:11.0,1PDF,SLPSL0001,PULV LOW SEAL AIR HDR DIFF PRESS,,LOABS,PULV LOW SEAL AIR HDR DIFF PRESS,ALM,1,3.92139,4,INH2O,!WP1001!WP1002!WP1003!WP1006!WP1007!WP1014!hist14!CP1004,1
2026-07-16 13:49:53.5,1SEAL_AIR,PDI5735_ALM,BF B OUT DMPR SEAL CAV D/P LOW,,STATE,DP ALARM CLEAR,RTN,3,,,,!WP1001!WP1002!WP1003!WP1006!WP1007!WP1014!hist14!CP1015,1
2026-07-16 13:52:06.0,1PDF,SLPSL0001,PULV LOW SEAL AIR HDR DIFF PRESS,,LOABS,PULV LOW SEAL AIR HDR DIFF PRESS,RTN,1,4.06465,4,INH2O,!WP1001!WP1002!WP1003!WP1006!WP1007!WP1014!hist14!CP1004,1
2026-07-16 13:53:37.0,1PDF,SLPSL0001,PULV LOW SEAL AIR HDR DIFF PRESS,,LOABS,PULV LOW SEAL AIR HDR DIFF PRESS,ALM,1,3.97969,4,INH2O,!WP1001!WP1002!WP1003!WP1006!WP1007!WP1014!hist14!CP1004,1
2026-07-16 13:53:50.7,1BCS_7,IKTE3441,REHEAT TEMP LEFT (NORM),,HIABS,HIGH,ALM,1,1012.24,1012.18,DEG.F,!WP1002!WP1006!WP1007!WP1001!WP1003!WP1014!hist14!CP1007,1
2026-07-16 13:53:50.2,1BCS_7,IKTE3741,REHEAT TEMP LEFT (REDUNDANT),,HIABS,HIGH,ALM,1,1012.21,1012.18,DEG.F,!WP1002!WP1006!WP1007!WP1001!WP1003!WP1014!hist14!CP1007,1
2026-07-16 13:54:35.0,1FUEL_SFTY,FPTX_ALM,DRAFT TRANSMITTER DEVIATION,,STATE,FURN DRAFT PRESS XMTR DEVIATION,ALM,5,,,,!WP1001!WP1002!WP1003!WP1006!WP1007!WP1014!hist14!CP1004,1
2026-07-16 13:54:40.8,1MELIM,ZDS5504,WET/DRY INTFC VLV  DM DEV,,HIDEV,HIGH DEVIATION ALARM,RTN,3,53.8301,57.5,%,!hist14!CP1017,2
2026-07-16 13:54:59.0,1FUEL_SFTY,FPTX_ALM,DRAFT TRANSMITTER DEVIATION,,STATE,NO DEVIATION,RTN,5,,,,!WP1001!WP1002!WP1003!WP1006!WP1007!WP1014!hist14!CP1004,1
2026-07-16 13:55:27.2,1BCS_7,IKTE3441,REHEAT TEMP LEFT (NORM),,HIABS,HIGH,RTN,1,1007.12,1012.18,DEG.F,!WP1002!WP1006!WP1007!WP1001!WP1003!WP1014!hist14!CP1007,1
2026-07-16 13:55:29.7,1BCS_7,IKTE3741,REHEAT TEMP LEFT (REDUNDANT),,HIABS,HIGH,RTN,1,1007.13,1012.18,DEG.F,!WP1002!WP1006!WP1007!WP1001!WP1003!WP1014!hist14!CP1007,1
2026-07-16 13:55:38.0,1PDF,SLPSL0001,PULV LOW SEAL AIR HDR DIFF PRESS,,LOABS,PULV LOW SEAL AIR HDR DIFF PRESS,RTN,1,4.03857,4,INH2O,!WP1001!WP1002!WP1003!WP1006!WP1007!WP1014!hist14!CP1004,1
2026-07-16 13:56:11.8,1MELIM,ZDS5504,WET/DRY INTFC VLV  DM DEV,,HIDEV,HIGH DEVIATION ALARM,ALM,3,98.8164,5,%,!hist14!CP1017,2
2026-07-16 13:57:03.0,1PDF,SLPSL0001,PULV LOW SEAL AIR HDR DIFF PRESS,,LOABS,PULV LOW SEAL AIR HDR DIFF PRESS,ALM,1,3.88623,4,INH2O,!WP1001!WP1002!WP1003!WP1006!WP1007!WP1014!hist14!CP1004,1
2026-07-16 13:57:06.0,1PDF,SLPSL0001,PULV LOW SEAL AIR HDR DIFF PRESS,,LOABS,PULV LOW SEAL AIR HDR DIFF PRESS,RTN,1,4.01777,4,INH2O,!WP1001!WP1002!WP1003!WP1006!WP1007!WP1014!hist14!CP1004,1
2026-07-16 13:57:07.0,1PDF,SLPSL0001,PULV LOW SEAL AIR HDR DIFF PRESS,,LOABS,PULV LOW SEAL AIR HDR DIFF PRESS,ALM,1,3.96797,4,INH2O,!WP1001!WP1002!WP1003!WP1006!WP1007!WP1014!hist14!CP1004,1
2026-07-16 13:57:09.0,1PDF,SLPSL0001,PULV LOW SEAL AIR HDR DIFF PRESS,,LOABS,PULV LOW SEAL AIR HDR DIFF PRESS,RTN,1,4.00459,4,INH2O,!WP1001!WP1002!WP1003!WP1006!WP1007!WP1014!hist14!CP1004,1
2026-07-16 13:57:10.0,1PDF,SLPSL0001,PULV LOW SEAL AIR HDR DIFF PRESS,,LOABS,PULV LOW SEAL AIR HDR DIFF PRESS,ALM,1,3.99932,4,INH2O,!WP1001!WP1002!WP1003!WP1006!WP1007!WP1014!hist14!CP1004,1
2026-07-16 13:57:11.0,1PDF,SLPSL0001,PULV LOW SEAL AIR HDR DIFF PRESS,,LOABS,PULV LOW SEAL AIR HDR DIFF PRESS,RTN,1,4.06055,4,INH2O,!WP1001!WP1002!WP1003!WP1006!WP1007!WP1014!hist14!CP1004,1
2026-07-16 13:57:17.0,1PDF,SLPSL0001,PULV LOW SEAL AIR HDR DIFF PRESS,,LOABS,PULV LOW SEAL AIR HDR DIFF PRESS,ALM,1,3.98584,4,INH2O,!WP1001!WP1002!WP1003!WP1006!WP1007!WP1014!hist14!CP1004,1
2026-07-16 13:57:23.0,1PDF,SLPSL0001,PULV LOW SEAL AIR HDR DIFF PRESS,,LOABS,PULV LOW SEAL AIR HDR DIFF PRESS,RTN,1,4.03477,4,INH2O,!WP1001!WP1002!WP1003!WP1006!WP1007!WP1014!hist14!CP1004,1
2026-07-16 13:57:24.0,1PDF,SLPSL0001,PULV LOW SEAL AIR HDR DIFF PRESS,,LOABS,PULV LOW SEAL AIR HDR DIFF PRESS,ALM,1,3.91934,4,INH2O,!WP1001!WP1002!WP1003!WP1006!WP1007!WP1014!hist14!CP1004,1
2026-07-16 13:57:39.2,1BCS_7,IKTE3751,REHEAT TEMP RIGHT (REDUNDANT),,HIABS,HIGH,ALM,1,1012.24,1012.18,DEG.F,!WP1002!WP1006!WP1007!WP1001!WP1003!WP1014!hist14!CP1007,1
2026-07-16 13:57:47.2,1BCS_7,IKTE3451,REHEAT TEMP RIGHT (NORM),,HIABS,HIGH,ALM,1,1012.22,1012.18,DEG.F,!WP1002!WP1006!WP1007!WP1001!WP1003!WP1014!hist14!CP1007,1
2026-07-16 13:58:48.7,1BCS_7,IKTE3451,REHEAT TEMP RIGHT (NORM),,HIABS,HIGH,RTN,1,1007.1,1012.18,DEG.F,!WP1002!WP1006!WP1007!WP1001!WP1003!WP1014!hist14!CP1007,1
2026-07-16 13:58:52.7,1BCS_7,IKTE3751,REHEAT TEMP RIGHT (REDUNDANT),,HIABS,HIGH,RTN,1,1007.09,1012.18,DEG.F,!WP1002!WP1006!WP1007!WP1001!WP1003!WP1014!hist14!CP1007,1
2026-07-16 13:59:20.3,1AR_LS,DEV_5803,LS SYS B,,STATE,VALVE 5803 DEVIATION,ALM,3,,,,!WP1001!WP1002!WP1003!WP1006!WP1007!WP1014!hist14!CP1017,1
2026-07-16 13:59:31.0,1PDF,SLPSL0001,PULV LOW SEAL AIR HDR DIFF PRESS,,LOABS,PULV LOW SEAL AIR HDR DIFF PRESS,RTN,1,4.02217,4,INH2O,!WP1001!WP1002!WP1003!WP1006!WP1007!WP1014!hist14!CP1004,1
2026-07-16 13:59:32.0,1PDF,SLPSL0001,PULV LOW SEAL AIR HDR DIFF PRESS,,LOABS,PULV LOW SEAL AIR HDR DIFF PRESS,ALM,1,3.99902,4,INH2O,!WP1001!WP1002!WP1003!WP1006!WP1007!WP1014!hist14!CP1004,1
2026-07-16 13:59:36.0,1PDF,SLPSL0001,PULV LOW SEAL AIR HDR DIFF PRESS,,LOABS,PULV LOW SEAL AIR HDR DIFF PRESS,RTN,1,4.01104,4,INH2O,!WP1001!WP1002!WP1003!WP1006!WP1007!WP1014!hist14!CP1004,1
2026-07-16 14:00:15.8,1AR_LS,DEV_5803,LS SYS B,,STATE,,RTN,3,,,,!WP1001!WP1002!WP1003!WP1006!WP1007!WP1014!hist14!CP1017,1
2026-07-16 14:00:16.0,1PDF,SLPSL0001,PULV LOW SEAL AIR HDR DIFF PRESS,,LOABS,PULV LOW SEAL AIR HDR DIFF PRESS,ALM,1,3.99316,4,INH2O,!WP1001!WP1002!WP1003!WP1006!WP1007!WP1014!hist14!CP1004,1
2026-07-16 14:00:17.0,1PDF,SLPSL0001,PULV LOW SEAL AIR HDR DIFF PRESS,,LOABS,PULV LOW SEAL AIR HDR DIFF PRESS,RTN,1,4.02363,4,INH2O,!WP1001!WP1002!WP1003!WP1006!WP1007!WP1014!hist14!CP1004,1
2026-07-16 14:00:22.0,1PDF,SLPSL0001,PULV LOW SEAL AIR HDR DIFF PRESS,,LOABS,PULV LOW SEAL AIR HDR DIFF PRESS,ALM,1,3.99785,4,INH2O,!WP1001!WP1002!WP1003!WP1006!WP1007!WP1014!hist14!CP1004,1
2026-07-16 14:02:26.0,1PDF,SLPSL0001,PULV LOW SEAL AIR HDR DIFF PRESS,,LOABS,PULV LOW SEAL AIR HDR DIFF PRESS,RTN,1,4.03008,4,INH2O,!WP1001!WP1002!WP1003!WP1006!WP1007!WP1014!hist14!CP1004,1
2026-07-16 14:02:27.0,1PDF,SLPSL0001,PULV LOW SEAL AIR HDR DIFF PRESS,,LOABS,PULV LOW SEAL AIR HDR DIFF PRESS,ALM,1,3.9791,4,INH2O,!WP1001!WP1002!WP1003!WP1006!WP1007!WP1014!hist14!CP1004,1
2026-07-16 14:02:34.0,1PDF,SLPSL0001,PULV LOW SEAL AIR HDR DIFF PRESS,,LOABS,PULV LOW SEAL AIR HDR DIFF PRESS,RTN,1,4.01045,4,INH2O,!WP1001!WP1002!WP1003!WP1006!WP1007!WP1014!hist14!CP1004,1
2026-07-16 14:02:35.0,1PDF,SLPSL0001,PULV LOW SEAL AIR HDR DIFF PRESS,,LOABS,PULV LOW SEAL AIR HDR DIFF PRESS,ALM,1,3.98555,4,INH2O,!WP1001!WP1002!WP1003!WP1006!WP1007!WP1014!hist14!CP1004,1
2026-07-16 14:02:42.0,1PDF,SLPSL0001,PULV LOW SEAL AIR HDR DIFF PRESS,,LOABS,PULV LOW SEAL AIR HDR DIFF PRESS,RTN,1,4.02803,4,INH2O,!WP1001!WP1002!WP1003!WP1006!WP1007!WP1014!hist14!CP1004,1
2026-07-16 14:02:44.0,1PDF,SLPSL0001,PULV LOW SEAL AIR HDR DIFF PRESS,,LOABS,PULV LOW SEAL AIR HDR DIFF PRESS,ALM,1,3.95303,4,INH2O,!WP1001!WP1002!WP1003!WP1006!WP1007!WP1014!hist14!CP1004,1
2026-07-16 14:03:58.0,1PDF,SLPSL0001,PULV LOW SEAL AIR HDR DIFF PRESS,,LOABS,PULV LOW SEAL AIR HDR DIFF PRESS,RTN,1,4.0585,4,INH2O,!WP1001!WP1002!WP1003!WP1006!WP1007!WP1014!hist14!CP1004,1
2026-07-16 14:05:09.0,1PDF,SLPSL0001,PULV LOW SEAL AIR HDR DIFF PRESS,,LOABS,PULV LOW SEAL AIR HDR DIFF PRESS,ALM,1,3.92344,4,INH2O,!WP1001!WP1002!WP1003!WP1006!WP1007!WP1014!hist14!CP1004,1
2026-07-16 14:05:13.0,1PDF,SLPSL0001,PULV LOW SEAL AIR HDR DIFF PRESS,,LOABS,PULV LOW SEAL AIR HDR DIFF PRESS,RTN,1,4.00693,4,INH2O,!WP1001!WP1002!WP1003!WP1006!WP1007!WP1014!hist14!CP1004,1
2026-07-16 14:05:17.0,1PDF,SLPSL0001,PULV LOW SEAL AIR HDR DIFF PRESS,,LOABS,PULV LOW SEAL AIR HDR DIFF PRESS,ALM,1,3.94658,4,INH2O,!WP1001!WP1002!WP1003!WP1006!WP1007!WP1014!hist14!CP1004,1
2026-07-16 14:05:39.0,1PDF,SLPSL0001,PULV LOW SEAL AIR HDR DIFF PRESS,,LOABS,PULV LOW SEAL AIR HDR DIFF PRESS,RTN,1,4.11709,4,INH2O,!WP1001!WP1002!WP1003!WP1006!WP1007!WP1014!hist14!CP1004,1
2026-07-16 14:06:46.5,1FG_A,ZSH5601A,BF A BLADE PITCH,,HIABS,BLADE PITCH ALARM,ALM,3,70.0195,70,%,!WP1001!WP1002!WP1003!WP1006!WP1007!WP1014!hist14!CP1015,1
2026-07-16 14:06:49.0,1FG_B,ZSH5701A,BF B BLADE PITCH,,HIABS,BLADE PITCH ALARM,ALM,3,70.1094,70,%,!WP1001!WP1002!WP1003!WP1006!WP1007!WP1014!hist14!CP1015,1
2026-07-16 14:07:34.5,1SEAL_AIR,PDI5735_ALM,BF B OUT DMPR SEAL CAV D/P LOW,,STATE,DP ALARM ACTIVE,ALM,3,,,,!WP1001!WP1002!WP1003!WP1006!WP1007!WP1014!hist14!CP1015,1
2026-07-16 14:07:55.0,1PDF,SLPSL0001,PULV LOW SEAL AIR HDR DIFF PRESS,,LOABS,PULV LOW SEAL AIR HDR DIFF PRESS,ALM,1,3.98467,4,INH2O,!WP1001!WP1002!WP1003!WP1006!WP1007!WP1014!hist14!CP1004,1
2026-07-16 14:07:56.0,1PDF,SLPSL0001,PULV LOW SEAL AIR HDR DIFF PRESS,,LOABS,PULV LOW SEAL AIR HDR DIFF PRESS,RTN,1,4.03828,4,INH2O,!WP1001!WP1002!WP1003!WP1006!WP1007!WP1014!hist14!CP1004,1
2026-07-16 14:07:57.0,1PDF,SLPSL0001,PULV LOW SEAL AIR HDR DIFF PRESS,,LOABS,PULV LOW SEAL AIR HDR DIFF PRESS,ALM,1,3.90908,4,INH2O,!WP1001!WP1002!WP1003!WP1006!WP1007!WP1014!hist14!CP1004,1
2026-07-16 14:08:12.0,1PDF,SLPSL0001,PULV LOW SEAL AIR HDR DIFF PRESS,,LOABS,PULV LOW SEAL AIR HDR DIFF PRESS,RTN,1,4.06904,4,INH2O,!WP1001!WP1002!WP1003!WP1006!WP1007!WP1014!hist14!CP1004,1
2026-07-16 14:08:24.0,1PDF,SLPSL0001,PULV LOW SEAL AIR HDR DIFF PRESS,,LOABS,PULV LOW SEAL AIR HDR DIFF PRESS,ALM,1,3.99316,4,INH2O,!WP1001!WP1002!WP1003!WP1006!WP1007!WP1014!hist14!CP1004,1
2026-07-16 14:08:25.0,1PDF,SLPSL0001,PULV LOW SEAL AIR HDR DIFF PRESS,,LOABS,PULV LOW SEAL AIR HDR DIFF PRESS,RTN,1,4.07051,4,INH2O,!WP1001!WP1002!WP1003!WP1006!WP1007!WP1014!hist14!CP1004,1
2026-07-16 14:08:37.7,1BCS_7,IKTE3751,REHEAT TEMP RIGHT (REDUNDANT),,HIABS,HIGH,ALM,1,1012.2,1012.18,DEG.F,!WP1002!WP1006!WP1007!WP1001!WP1003!WP1014!hist14!CP1007,1
2026-07-16 14:08:49.0,1PDF,SLPSL0001,PULV LOW SEAL AIR HDR DIFF PRESS,,LOABS,PULV LOW SEAL AIR HDR DIFF PRESS,ALM,1,3.97559,4,INH2O,!WP1001!WP1002!WP1003!WP1006!WP1007!WP1014!hist14!CP1004,1
2026-07-16 14:08:50.0,1PDF,SLPSL0001,PULV LOW SEAL AIR HDR DIFF PRESS,,LOABS,PULV LOW SEAL AIR HDR DIFF PRESS,RTN,1,4.03242,4,INH2O,!WP1001!WP1002!WP1003!WP1006!WP1007!WP1014!hist14!CP1004,1
2026-07-16 14:08:51.0,1PDF,SLPSL0001,PULV LOW SEAL AIR HDR DIFF PRESS,,LOABS,PULV LOW SEAL AIR HDR DIFF PRESS,ALM,1,3.97236,4,INH2O,!WP1001!WP1002!WP1003!WP1006!WP1007!WP1014!hist14!CP1004,1
2026-07-16 14:08:54.0,1PDF,SLPSL0001,PULV LOW SEAL AIR HDR DIFF PRESS,,LOABS,PULV LOW SEAL AIR HDR DIFF PRESS,RTN,1,4.02188,4,INH2O,!WP1001!WP1002!WP1003!WP1006!WP1007!WP1014!hist14!CP1004,1
2026-07-16 14:08:55.0,1PDF,SLPSL0001,PULV LOW SEAL AIR HDR DIFF PRESS,,LOABS,PULV LOW SEAL AIR HDR DIFF PRESS,ALM,1,3.8833,4,INH2O,!WP1001!WP1002!WP1003!WP1006!WP1007!WP1014!hist14!CP1004,1
2026-07-16 14:09:01.0,1PDF,SLPSL0001,PULV LOW SEAL AIR HDR DIFF PRESS,,LOABS,PULV LOW SEAL AIR HDR DIFF PRESS,RTN,1,4.03213,4,INH2O,!WP1001!WP1002!WP1003!WP1006!WP1007!WP1014!hist14!CP1004,1
2026-07-16 14:09:02.0,1PDF,SLPSL0001,PULV LOW SEAL AIR HDR DIFF PRESS,,LOABS,PULV LOW SEAL AIR HDR DIFF PRESS,ALM,1,3.98555,4,INH2O,!WP1001!WP1002!WP1003!WP1006!WP1007!WP1014!hist14!CP1004,1
2026-07-16 14:09:06.0,1FP,B86,ID FAN C INLET DAMPER FEEDBACK,,HHABS,ID FAN C DAMPER 80 %,ALM,1,80.0281,80,PCT,!WP1001!WP1002!WP1003!WP1006!WP1007!WP1014!hist14!CP1001,1
2026-07-16 14:09:08.0,1FP,B58,ID FAN B INLET DAMPER FEEDBACK,,HHABS,IDF B DAMPER 80%,ALM,1,80.0439,80,PCT,!WP1001!WP1002!WP1003!WP1006!WP1007!WP1014!hist14!CP1001,1
2026-07-16 14:09:09.0,1FP,B56,ID FAN A INLET DAMPER FEEDBACK,,HHABS,ID FAN A DAMPER 80 %,ALM,1,80.0513,80,PCT,!WP1001!WP1002!WP1003!WP1006!WP1007!WP1014!hist14!CP1001,1
2026-07-16 14:09:09.0,1PDF,SLPSL0001,PULV LOW SEAL AIR HDR DIFF PRESS,,LOABS,PULV LOW SEAL AIR HDR DIFF PRESS,RTN,1,4.06172,4,INH2O,!WP1001!WP1002!WP1003!WP1006!WP1007!WP1014!hist14!CP1004,1
2026-07-16 14:09:13.0,1PDF,SLPSL0001,PULV LOW SEAL AIR HDR DIFF PRESS,,LOABS,PULV LOW SEAL AIR HDR DIFF PRESS,ALM,1,3.9999,4,INH2O,!WP1001!WP1002!WP1003!WP1006!WP1007!WP1014!hist14!CP1004,1
2026-07-16 14:09:17.0,1PDF,SLPSL0001,PULV LOW SEAL AIR HDR DIFF PRESS,,LOABS,PULV LOW SEAL AIR HDR DIFF PRESS,RTN,1,4.06084,4,INH2O,!WP1001!WP1002!WP1003!WP1006!WP1007!WP1014!hist14!CP1004,1
2026-07-16 14:09:21.0,1PDF,SLPSL0001,PULV LOW SEAL AIR HDR DIFF PRESS,,LOABS,PULV LOW SEAL AIR HDR DIFF PRESS,ALM,1,3.93662,4,INH2O,!WP1001!WP1002!WP1003!WP1006!WP1007!WP1014!hist14!CP1004,1
2026-07-16 14:09:28.0,IDFAN_PEEC,OPCY_ALM,PRECIP OUT > 50%,PRECIP OUTLET,STATE,ALARM,ALM,3,,,,!WP1001!WP1002!WP1003!WP1006!WP1007!WP1014!hist14!CP1003,1
2026-07-16 14:09:37.0,1FG_B,5706TX_ALM,BF B INLET OUTLET PRESS,FGPDIT5706,STATE,BF B INLET/OUTLET PRESS DEV,ALM,3,,,,!WP1001!WP1002!WP1003!WP1006!WP1007!WP1014!hist14!CP1015,1
2026-07-16 14:09:38.5,IDFAN_PEEC,OPCY_ALM,PRECIP OUT > 50%,PRECIP OUTLET,STATE,NORMAL,RTN,3,,,,!WP1001!WP1002!WP1003!WP1006!WP1007!WP1014!hist14!CP1003,1
2026-07-16 14:09:40.8,1MELIM,ZDS5504,WET/DRY INTFC VLV  DM DEV,,HIDEV,HIGH DEVIATION ALARM,RTN,3,53.8574,57.5,%,!hist14!CP1017,2
2026-07-16 14:09:52.7,1BCS_7,IKTE3751,REHEAT TEMP RIGHT (REDUNDANT),,HIABS,HIGH,RTN,1,1007.1,1012.18,DEG.F,!WP1002!WP1006!WP1007!WP1001!WP1003!WP1014!hist14!CP1007,1
2026-07-16 14:10:40.5,IDFAN_PEEC,OPCY_ALM,PRECIP OUT > 50%,PRECIP OUTLET,STATE,ALARM,ALM,3,,,,!WP1001!WP1002!WP1003!WP1006!WP1007!WP1014!hist14!CP1003,1
2026-07-16 14:10:46.0,IDFAN_PEEC,OPCY_ALM,PRECIP OUT > 50%,PRECIP OUTLET,STATE,NORMAL,RTN,3,,,,!WP1001!WP1002!WP1003!WP1006!WP1007!WP1014!hist14!CP1003,1
2026-07-16 14:11:11.8,1MELIM,ZDS5504,WET/DRY INTFC VLV  DM DEV,,HIDEV,HIGH DEVIATION ALARM,ALM,3,98.5742,5,%,!hist14!CP1017,2
2026-07-16 14:11:12.5,1FG_B,5706TX_ALM,BF B INLET OUTLET PRESS,FGPDIT5706,STATE,DEVIATION ALARM CLEAR,RTN,3,,,,!WP1001!WP1002!WP1003!WP1006!WP1007!WP1014!hist14!CP1015,1
2026-07-16 14:11:21.0,IDFAN_PEEC,OPCY_ALM,PRECIP OUT > 50%,PRECIP OUTLET,STATE,ALARM,ALM,3,,,,!WP1001!WP1002!WP1003!WP1006!WP1007!WP1014!hist14!CP1003,1
2026-07-16 14:11:24.5,IDFAN_PEEC,OPCY_ALM,PRECIP OUT > 50%,PRECIP OUTLET,STATE,NORMAL,RTN,3,,,,!WP1001!WP1002!WP1003!WP1006!WP1007!WP1014!hist14!CP1003,1
2026-07-16 14:11:43.5,1FG_B,5706TX_ALM,BF B INLET OUTLET PRESS,FGPDIT5706,STATE,BF B INLET/OUTLET PRESS DEV,ALM,3,,,,!WP1001!WP1002!WP1003!WP1006!WP1007!WP1014!hist14!CP1015,1
2026-07-16 14:11:49.0,1PDF,SLPSL0001,PULV LOW SEAL AIR HDR DIFF PRESS,,LOABS,PULV LOW SEAL AIR HDR DIFF PRESS,RTN,1,4.00078,4,INH2O,!WP1001!WP1002!WP1003!WP1006!WP1007!WP1014!hist14!CP1004,1
2026-07-16 14:11:50.0,1PDF,SLPSL0001,PULV LOW SEAL AIR HDR DIFF PRESS,,LOABS,PULV LOW SEAL AIR HDR DIFF PRESS,ALM,1,3.90059,4,INH2O,!WP1001!WP1002!WP1003!WP1006!WP1007!WP1014!hist14!CP1004,1
2026-07-16 14:12:00.5,IDFAN_PEEC,OPCY_ALM,PRECIP OUT > 50%,PRECIP OUTLET,STATE,ALARM,ALM,3,,,,!WP1001!WP1002!WP1003!WP1006!WP1007!WP1014!hist14!CP1003,1
2026-07-16 14:12:06.0,1PDF,SLPSL0001,PULV LOW SEAL AIR HDR DIFF PRESS,,LOABS,PULV LOW SEAL AIR HDR DIFF PRESS,RTN,1,4.00342,4,INH2O,!WP1001!WP1002!WP1003!WP1006!WP1007!WP1014!hist14!CP1004,1
2026-07-16 14:12:07.0,1PDF,SLPSL0001,PULV LOW SEAL AIR HDR DIFF PRESS,,LOABS,PULV LOW SEAL AIR HDR DIFF PRESS,ALM,1,3.84053,4,INH2O,!WP1001!WP1002!WP1003!WP1006!WP1007!WP1014!hist14!CP1004,1
2026-07-16 14:12:08.5,IDFAN_PEEC,OPCY_ALM,PRECIP OUT > 50%,PRECIP OUTLET,STATE,NORMAL,RTN,3,,,,!WP1001!WP1002!WP1003!WP1006!WP1007!WP1014!hist14!CP1003,1
2026-07-16 14:12:12.0,IDFAN_PEEC,OPCY_ALM,PRECIP OUT > 50%,PRECIP OUTLET,STATE,ALARM,ALM,3,,,,!WP1001!WP1002!WP1003!WP1006!WP1007!WP1014!hist14!CP1003,1
2026-07-16 14:12:24.5,IDFAN_PEEC,OPCY_ALM,PRECIP OUT > 50%,PRECIP OUTLET,STATE,NORMAL,RTN,3,,,,!WP1001!WP1002!WP1003!WP1006!WP1007!WP1014!hist14!CP1003,1
2026-07-16 14:12:24.0,1PDF,SLPSL0001,PULV LOW SEAL AIR HDR DIFF PRESS,,LOABS,PULV LOW SEAL AIR HDR DIFF PRESS,RTN,1,4.00459,4,INH2O,!WP1001!WP1002!WP1003!WP1006!WP1007!WP1014!hist14!CP1004,1
2026-07-16 14:12:26.0,1PDF,SLPSL0001,PULV LOW SEAL AIR HDR DIFF PRESS,,LOABS,PULV LOW SEAL AIR HDR DIFF PRESS,ALM,1,3.98057,4,INH2O,!WP1001!WP1002!WP1003!WP1006!WP1007!WP1014!hist14!CP1004,1
2026-07-16 14:12:26.0,1FG_B,5706TX_ALM,BF B INLET OUTLET PRESS,FGPDIT5706,STATE,DEVIATION ALARM CLEAR,RTN,3,,,,!WP1001!WP1002!WP1003!WP1006!WP1007!WP1014!hist14!CP1015,1
2026-07-16 14:12:31.0,1PDF,SLPSL0001,PULV LOW SEAL AIR HDR DIFF PRESS,,LOABS,PULV LOW SEAL AIR HDR DIFF PRESS,RTN,1,4.12559,4,INH2O,!WP1001!WP1002!WP1003!WP1006!WP1007!WP1014!hist14!CP1004,1
2026-07-16 14:12:34.0,1PDF,SLPSL0001,PULV LOW SEAL AIR HDR DIFF PRESS,,LOABS,PULV LOW SEAL AIR HDR DIFF PRESS,ALM,1,3.96357,4,INH2O,!WP1001!WP1002!WP1003!WP1006!WP1007!WP1014!hist14!CP1004,1
2026-07-16 14:12:39.0,1PDF,SLPSL0001,PULV LOW SEAL AIR HDR DIFF PRESS,,LOABS,PULV LOW SEAL AIR HDR DIFF PRESS,RTN,1,4.08193,4,INH2O,!WP1001!WP1002!WP1003!WP1006!WP1007!WP1014!hist14!CP1004,1
2026-07-16 14:12:41.0,1FP,B56,ID FAN A INLET DAMPER FEEDBACK,,HHABS,ID FAN A DAMPER 80 %,RTN,1,78.9902,80,PCT,!WP1001!WP1002!WP1003!WP1006!WP1007!WP1014!hist14!CP1001,1
2026-07-16 14:12:42.0,1PDF,SLPSL0001,PULV LOW SEAL AIR HDR DIFF PRESS,,LOABS,PULV LOW SEAL AIR HDR DIFF PRESS,ALM,1,3.99404,4,INH2O,!WP1001!WP1002!WP1003!WP1006!WP1007!WP1014!hist14!CP1004,1
2026-07-16 14:12:48.0,1PDF,SLPSL0001,PULV LOW SEAL AIR HDR DIFF PRESS,,LOABS,PULV LOW SEAL AIR HDR DIFF PRESS,RTN,1,4.06113,4,INH2O,!WP1001!WP1002!WP1003!WP1006!WP1007!WP1014!hist14!CP1004,1
2026-07-16 14:12:51.0,1PDF,SLPSL0001,PULV LOW SEAL AIR HDR DIFF PRESS,,LOABS,PULV LOW SEAL AIR HDR DIFF PRESS,ALM,1,3.96885,4,INH2O,!WP1001!WP1002!WP1003!WP1006!WP1007!WP1014!hist14!CP1004,1
2026-07-16 14:12:52.0,1PDF,SLPSL0001,PULV LOW SEAL AIR HDR DIFF PRESS,,LOABS,PULV LOW SEAL AIR HDR DIFF PRESS,RTN,1,4.02891,4,INH2O,!WP1001!WP1002!WP1003!WP1006!WP1007!WP1014!hist14!CP1004,1
2026-07-16 14:12:53.0,1PDF,SLPSL0001,PULV LOW SEAL AIR HDR DIFF PRESS,,LOABS,PULV LOW SEAL AIR HDR DIFF PRESS,ALM,1,3.94219,4,INH2O,!WP1001!WP1002!WP1003!WP1006!WP1007!WP1014!hist14!CP1004,1
2026-07-16 14:12:54.0,1PDF,SLPSL0001,PULV LOW SEAL AIR HDR DIFF PRESS,,LOABS,PULV LOW SEAL AIR HDR DIFF PRESS,RTN,1,4.0251,4,INH2O,!WP1001!WP1002!WP1003!WP1006!WP1007!WP1014!hist14!CP1004,1
2026-07-16 14:12:55.0,1PDF,SLPSL0001,PULV LOW SEAL AIR HDR DIFF PRESS,,LOABS,PULV LOW SEAL AIR HDR DIFF PRESS,ALM,1,3.9627,4,INH2O,!WP1001!WP1002!WP1003!WP1006!WP1007!WP1014!hist14!CP1004,1
2026-07-16 14:12:58.0,1FG_B,5706TX_ALM,BF B INLET OUTLET PRESS,FGPDIT5706,STATE,BF B INLET/OUTLET PRESS DEV,ALM,3,,,,!WP1001!WP1002!WP1003!WP1006!WP1007!WP1014!hist14!CP1015,1
2026-07-16 14:13:11.0,1PDF,SLPSL0001,PULV LOW SEAL AIR HDR DIFF PRESS,,LOABS,PULV LOW SEAL AIR HDR DIFF PRESS,RTN,1,4.01016,4,INH2O,!WP1001!WP1002!WP1003!WP1006!WP1007!WP1014!hist14!CP1004,1
2026-07-16 14:13:12.0,1PDF,SLPSL0001,PULV LOW SEAL AIR HDR DIFF PRESS,,LOABS,PULV LOW SEAL AIR HDR DIFF PRESS,ALM,1,3.94336,4,INH2O,!WP1001!WP1002!WP1003!WP1006!WP1007!WP1014!hist14!CP1004,1
2026-07-16 14:13:13.0,1PDF,SLPSL0001,PULV LOW SEAL AIR HDR DIFF PRESS,,LOABS,PULV LOW SEAL AIR HDR DIFF PRESS,RTN,1,4.0207,4,INH2O,!WP1001!WP1002!WP1003!WP1006!WP1007!WP1014!hist14!CP1004,1
2026-07-16 14:13:18.0,1PDF,SLPSL0001,PULV LOW SEAL AIR HDR DIFF PRESS,,LOABS,PULV LOW SEAL AIR HDR DIFF PRESS,ALM,1,3.9627,4,INH2O,!WP1001!WP1002!WP1003!WP1006!WP1007!WP1014!hist14!CP1004,1
2026-07-16 14:13:20.0,1PDF,SLPSL0001,PULV LOW SEAL AIR HDR DIFF PRESS,,LOABS,PULV LOW SEAL AIR HDR DIFF PRESS,RTN,1,4.04531,4,INH2O,!WP1001!WP1002!WP1003!WP1006!WP1007!WP1014!hist14!CP1004,1
2026-07-16 14:13:25.0,1PDF,SLPSL0001,PULV LOW SEAL AIR HDR DIFF PRESS,,LOABS,PULV LOW SEAL AIR HDR DIFF PRESS,ALM,1,3.99814,4,INH2O,!WP1001!WP1002!WP1003!WP1006!WP1007!WP1014!hist14!CP1004,1
2026-07-16 14:13:26.0,1PDF,SLPSL0001,PULV LOW SEAL AIR HDR DIFF PRESS,,LOABS,PULV LOW SEAL AIR HDR DIFF PRESS,RTN,1,4.00752,4,INH2O,!WP1001!WP1002!WP1003!WP1006!WP1007!WP1014!hist14!CP1004,1
2026-07-16 14:13:33.5,1FG_B,5706TX_ALM,BF B INLET OUTLET PRESS,FGPDIT5706,STATE,DEVIATION ALARM CLEAR,RTN,3,,,,!WP1001!WP1002!WP1003!WP1006!WP1007!WP1014!hist14!CP1015,1
2026-07-16 14:13:35.0,1PDF,SLPSL0001,PULV LOW SEAL AIR HDR DIFF PRESS,,LOABS,PULV LOW SEAL AIR HDR DIFF PRESS,ALM,1,3.98584,4,INH2O,!WP1001!WP1002!WP1003!WP1006!WP1007!WP1014!hist14!CP1004,1
2026-07-16 14:13:36.0,1PDF,SLPSL0001,PULV LOW SEAL AIR HDR DIFF PRESS,,LOABS,PULV LOW SEAL AIR HDR DIFF PRESS,RTN,1,4.06816,4,INH2O,!WP1001!WP1002!WP1003!WP1006!WP1007!WP1014!hist14!CP1004,1
2026-07-16 14:13:41.0,1PDF,SLPSL0001,PULV LOW SEAL AIR HDR DIFF PRESS,,LOABS,PULV LOW SEAL AIR HDR DIFF PRESS,ALM,1,3.96035,4,INH2O,!WP1001!WP1002!WP1003!WP1006!WP1007!WP1014!hist14!CP1004,1
2026-07-16 14:13:46.0,1PDF,SLPSL0001,PULV LOW SEAL AIR HDR DIFF PRESS,,LOABS,PULV LOW SEAL AIR HDR DIFF PRESS,RTN,1,4.05967,4,INH2O,!WP1001!WP1002!WP1003!WP1006!WP1007!WP1014!hist14!CP1004,1
2026-07-16 14:13:50.0,1PDF,SLPSL0001,PULV LOW SEAL AIR HDR DIFF PRESS,,LOABS,PULV LOW SEAL AIR HDR DIFF PRESS,ALM,1,3.95391,4,INH2O,!WP1001!WP1002!WP1003!WP1006!WP1007!WP1014!hist14!CP1004,1
2026-07-16 14:14:04.0,1PDF,SLPSL0001,PULV LOW SEAL AIR HDR DIFF PRESS,,LOABS,PULV LOW SEAL AIR HDR DIFF PRESS,RTN,1,4.00137,4,INH2O,!WP1001!WP1002!WP1003!WP1006!WP1007!WP1014!hist14!CP1004,1
2026-07-16 14:14:08.0,1PDF,SLPSL0001,PULV LOW SEAL AIR HDR DIFF PRESS,,LOABS,PULV LOW SEAL AIR HDR DIFF PRESS,ALM,1,3.98525,4,INH2O,!WP1001!WP1002!WP1003!WP1006!WP1007!WP1014!hist14!CP1004,1
2026-07-16 14:14:10.0,1PDF,SLPSL0001,PULV LOW SEAL AIR HDR DIFF PRESS,,LOABS,PULV LOW SEAL AIR HDR DIFF PRESS,RTN,1,4.10537,4,INH2O,!WP1001!WP1002!WP1003!WP1006!WP1007!WP1014!hist14!CP1004,1
2026-07-16 14:14:18.0,1PDF,SLPSL0001,PULV LOW SEAL AIR HDR DIFF PRESS,,LOABS,PULV LOW SEAL AIR HDR DIFF PRESS,ALM,1,3.96064,4,INH2O,!WP1001!WP1002!WP1003!WP1006!WP1007!WP1014!hist14!CP1004,1
2026-07-16 14:14:20.0,1PDF,SLPSL0001,PULV LOW SEAL AIR HDR DIFF PRESS,,LOABS,PULV LOW SEAL AIR HDR DIFF PRESS,RTN,1,4.16397,4,INH2O,!WP1001!WP1002!WP1003!WP1006!WP1007!WP1014!hist14!CP1004,1
2026-07-16 14:14:53.0,1FP,B56,ID FAN A INLET DAMPER FEEDBACK,,HHABS,ID FAN A DAMPER 80 %,ALM,1,80.0098,80,PCT,!WP1001!WP1002!WP1003!WP1006!WP1007!WP1014!hist14!CP1001,1
2026-07-16 14:15:30.5,1FG_B,5706TX_ALM,BF B INLET OUTLET PRESS,FGPDIT5706,STATE,BF B INLET/OUTLET PRESS DEV,ALM,3,,,,!WP1001!WP1002!WP1003!WP1006!WP1007!WP1014!hist14!CP1015,1
2026-07-16 14:15:40.0,IDFAN_PEEC,OPCY_ALM,PRECIP OUT > 50%,PRECIP OUTLET,STATE,ALARM,ALM,3,,,,!WP1001!WP1002!WP1003!WP1006!WP1007!WP1014!hist14!CP1003,1
2026-07-16 14:15:54.5,IDFAN_PEEC,OPCY_ALM,PRECIP OUT > 50%,PRECIP OUTLET,STATE,NORMAL,RTN,3,,,,!WP1001!WP1002!WP1003!WP1006!WP1007!WP1014!hist14!CP1003,1
2026-07-16 14:16:27.6,IDFAN_PEEC,OPCY_ALM,PRECIP OUT > 50%,PRECIP OUTLET,STATE,ALARM,ALM,3,,,,!WP1001!WP1002!WP1003!WP1006!WP1007!WP1014!hist14!CP1003,1
2026-07-16 14:17:18.0,1PDF,SLPSL0001,PULV LOW SEAL AIR HDR DIFF PRESS,,LOABS,PULV LOW SEAL AIR HDR DIFF PRESS,ALM,1,3.88271,4,INH2O,!WP1001!WP1002!WP1003!WP1006!WP1007!WP1014!hist14!CP1004,1
2026-07-16 14:17:27.0,1PDF,SLPSL0001,PULV LOW SEAL AIR HDR DIFF PRESS,,LOABS,PULV LOW SEAL AIR HDR DIFF PRESS,RTN,1,4.01602,4,INH2O,!WP1001!WP1002!WP1003!WP1006!WP1007!WP1014!hist14!CP1004,1
2026-07-16 14:17:28.0,1PDF,SLPSL0001,PULV LOW SEAL AIR HDR DIFF PRESS,,LOABS,PULV LOW SEAL AIR HDR DIFF PRESS,ALM,1,3.90352,4,INH2O,!WP1001!WP1002!WP1003!WP1006!WP1007!WP1014!hist14!CP1004,1
2026-07-16 14:17:42.0,1PDF,SLPSL0001,PULV LOW SEAL AIR HDR DIFF PRESS,,LOABS,PULV LOW SEAL AIR HDR DIFF PRESS,RTN,1,4.01338,4,INH2O,!WP1001!WP1002!WP1003!WP1006!WP1007!WP1014!hist14!CP1004,1
2026-07-16 14:17:43.0,1PDF,SLPSL0001,PULV LOW SEAL AIR HDR DIFF PRESS,,LOABS,PULV LOW SEAL AIR HDR DIFF PRESS,ALM,1,3.91611,4,INH2O,!WP1001!WP1002!WP1003!WP1006!WP1007!WP1014!hist14!CP1004,1
2026-07-16 14:18:41.1,IDFAN_PEEC,OPCY_ALM,PRECIP OUT > 50%,PRECIP OUTLET,STATE,NORMAL,RTN,3,,,,!WP1001!WP1002!WP1003!WP1006!WP1007!WP1014!hist14!CP1003,1
2026-07-16 14:18:59.0,IDFAN_PEEC,OPCY_ALM,PRECIP OUT > 50%,PRECIP OUTLET,STATE,ALARM,ALM,3,,,,!WP1001!WP1002!WP1003!WP1006!WP1007!WP1014!hist14!CP1003,1
2026-07-16 14:19:32.0,IDFAN_PEEC,OPCY_ALM,PRECIP OUT > 50%,PRECIP OUTLET,STATE,NORMAL,RTN,3,,,,!WP1001!WP1002!WP1003!WP1006!WP1007!WP1014!hist14!CP1003,1
2026-07-16 14:19:52.5,IDFAN_PEEC,OPCY_ALM,PRECIP OUT > 50%,PRECIP OUTLET,STATE,ALARM,ALM,3,,,,!WP1001!WP1002!WP1003!WP1006!WP1007!WP1014!hist14!CP1003,1
2026-07-16 14:20:05.0,1PDF,SLPSL0001,PULV LOW SEAL AIR HDR DIFF PRESS,,LOABS,PULV LOW SEAL AIR HDR DIFF PRESS,RTN,1,4.10391,4,INH2O,!WP1001!WP1002!WP1003!WP1006!WP1007!WP1014!hist14!CP1004,1
2026-07-16 14:20:08.0,1PDF,SLPSL0001,PULV LOW SEAL AIR HDR DIFF PRESS,,LOABS,PULV LOW SEAL AIR HDR DIFF PRESS,ALM,1,3.98643,4,INH2O,!WP1001!WP1002!WP1003!WP1006!WP1007!WP1014!hist14!CP1004,1
2026-07-16 14:20:09.0,1PDF,SLPSL0001,PULV LOW SEAL AIR HDR DIFF PRESS,,LOABS,PULV LOW SEAL AIR HDR DIFF PRESS,RTN,1,4.03506,4,INH2O,!WP1001!WP1002!WP1003!WP1006!WP1007!WP1014!hist14!CP1004,1
2026-07-16 14:20:10.0,1PDF,SLPSL0001,PULV LOW SEAL AIR HDR DIFF PRESS,,LOABS,PULV LOW SEAL AIR HDR DIFF PRESS,ALM,1,3.97119,4,INH2O,!WP1001!WP1002!WP1003!WP1006!WP1007!WP1014!hist14!CP1004,1
2026-07-16 14:20:13.0,1PDF,SLPSL0001,PULV LOW SEAL AIR HDR DIFF PRESS,,LOABS,PULV LOW SEAL AIR HDR DIFF PRESS,RTN,1,4.021,4,INH2O,!WP1001!WP1002!WP1003!WP1006!WP1007!WP1014!hist14!CP1004,1
2026-07-16 14:20:17.0,1PDF,SLPSL0001,PULV LOW SEAL AIR HDR DIFF PRESS,,LOABS,PULV LOW SEAL AIR HDR DIFF PRESS,ALM,1,3.95479,4,INH2O,!WP1001!WP1002!WP1003!WP1006!WP1007!WP1014!hist14!CP1004,1
2026-07-16 14:20:22.5,IDFAN_PEEC,OPCY_ALM,PRECIP OUT > 50%,PRECIP OUTLET,STATE,NORMAL,RTN,3,,,,!WP1001!WP1002!WP1003!WP1006!WP1007!WP1014!hist14!CP1003,1
2026-07-16 14:20:22.0,1PDF,SLPSL0001,PULV LOW SEAL AIR HDR DIFF PRESS,,LOABS,PULV LOW SEAL AIR HDR DIFF PRESS,RTN,1,4.12002,4,INH2O,!WP1001!WP1002!WP1003!WP1006!WP1007!WP1014!hist14!CP1004,1
2026-07-16 14:20:32.0,1PDF,SLPSL0001,PULV LOW SEAL AIR HDR DIFF PRESS,,LOABS,PULV LOW SEAL AIR HDR DIFF PRESS,ALM,1,3.92754,4,INH2O,!WP1001!WP1002!WP1003!WP1006!WP1007!WP1014!hist14!CP1004,1
2026-07-16 14:20:41.8,1MELIM,ZDS5504,WET/DRY INTFC VLV  DM DEV,,HIDEV,HIGH DEVIATION ALARM,RTN,3,53.8027,57.5,%,!hist14!CP1017,2
2026-07-16 14:20:49.0,1PDF,SLPSL0001,PULV LOW SEAL AIR HDR DIFF PRESS,,LOABS,PULV LOW SEAL AIR HDR DIFF PRESS,RTN,1,4.05527,4,INH2O,!WP1001!WP1002!WP1003!WP1006!WP1007!WP1014!hist14!CP1004,1
2026-07-16 14:20:50.0,1PDF,SLPSL0001,PULV LOW SEAL AIR HDR DIFF PRESS,,LOABS,PULV LOW SEAL AIR HDR DIFF PRESS,ALM,1,3.96152,4,INH2O,!WP1001!WP1002!WP1003!WP1006!WP1007!WP1014!hist14!CP1004,1
2026-07-16 14:20:51.0,1PDF,SLPSL0001,PULV LOW SEAL AIR HDR DIFF PRESS,,LOABS,PULV LOW SEAL AIR HDR DIFF PRESS,RTN,1,4.096,4,INH2O,!WP1001!WP1002!WP1003!WP1006!WP1007!WP1014!hist14!CP1004,1
2026-07-16 14:20:56.5,IDFAN_PEEC,OPCY_ALM,PRECIP OUT > 50%,PRECIP OUTLET,STATE,ALARM,ALM,3,,,,!WP1001!WP1002!WP1003!WP1006!WP1007!WP1014!hist14!CP1003,1
2026-07-16 14:20:59.0,1PDF,SLPSL0001,PULV LOW SEAL AIR HDR DIFF PRESS,,LOABS,PULV LOW SEAL AIR HDR DIFF PRESS,ALM,1,3.96855,4,INH2O,!WP1001!WP1002!WP1003!WP1006!WP1007!WP1014!hist14!CP1004,1
2026-07-16 14:21:04.0,1PDF,SLPSL0001,PULV LOW SEAL AIR HDR DIFF PRESS,,LOABS,PULV LOW SEAL AIR HDR DIFF PRESS,RTN,1,4.09834,4,INH2O,!WP1001!WP1002!WP1003!WP1006!WP1007!WP1014!hist14!CP1004,1
2026-07-16 14:21:05.0,1PDF,SLPSL0001,PULV LOW SEAL AIR HDR DIFF PRESS,,LOABS,PULV LOW SEAL AIR HDR DIFF PRESS,ALM,1,3.97061,4,INH2O,!WP1001!WP1002!WP1003!WP1006!WP1007!WP1014!hist14!CP1004,1
2026-07-16 14:21:06.6,IDFAN_PEEC,OPCY_ALM,PRECIP OUT > 50%,PRECIP OUTLET,STATE,NORMAL,RTN,3,,,,!WP1001!WP1002!WP1003!WP1006!WP1007!WP1014!hist14!CP1003,1
2026-07-16 14:21:09.6,IDFAN_PEEC,OPCY_ALM,PRECIP OUT > 50%,PRECIP OUTLET,STATE,ALARM,ALM,3,,,,!WP1001!WP1002!WP1003!WP1006!WP1007!WP1014!hist14!CP1003,1
2026-07-16 14:21:19.1,IDFAN_PEEC,OPCY_ALM,PRECIP OUT > 50%,PRECIP OUTLET,STATE,NORMAL,RTN,3,,,,!WP1001!WP1002!WP1003!WP1006!WP1007!WP1014!hist14!CP1003,1
2026-07-16 14:21:25.0,1PDF,SLPSL0001,PULV LOW SEAL AIR HDR DIFF PRESS,,LOABS,PULV LOW SEAL AIR HDR DIFF PRESS,RTN,1,4.02275,4,INH2O,!WP1001!WP1002!WP1003!WP1006!WP1007!WP1014!hist14!CP1004,1
2026-07-16 14:21:26.0,1PDF,SLPSL0001,PULV LOW SEAL AIR HDR DIFF PRESS,,LOABS,PULV LOW SEAL AIR HDR DIFF PRESS,ALM,1,3.97852,4,INH2O,!WP1001!WP1002!WP1003!WP1006!WP1007!WP1014!hist14!CP1004,1
2026-07-16 14:21:27.0,1PDF,SLPSL0001,PULV LOW SEAL AIR HDR DIFF PRESS,,LOABS,PULV LOW SEAL AIR HDR DIFF PRESS,RTN,1,4.03652,4,INH2O,!WP1001!WP1002!WP1003!WP1006!WP1007!WP1014!hist14!CP1004,1
2026-07-16 14:21:28.0,1PDF,SLPSL0001,PULV LOW SEAL AIR HDR DIFF PRESS,,LOABS,PULV LOW SEAL AIR HDR DIFF PRESS,ALM,1,3.98174,4,INH2O,!WP1001!WP1002!WP1003!WP1006!WP1007!WP1014!hist14!CP1004,1
2026-07-16 14:21:29.6,IDFAN_PEEC,OPCY_ALM,PRECIP OUT > 50%,PRECIP OUTLET,STATE,ALARM,ALM,3,,,,!WP1001!WP1002!WP1003!WP1006!WP1007!WP1014!hist14!CP1003,1
2026-07-16 14:21:29.0,1PDF,SLPSL0001,PULV LOW SEAL AIR HDR DIFF PRESS,,LOABS,PULV LOW SEAL AIR HDR DIFF PRESS,RTN,1,4.08018,4,INH2O,!WP1001!WP1002!WP1003!WP1006!WP1007!WP1014!hist14!CP1004,1
2026-07-16 14:21:30.0,1PDF,SLPSL0001,PULV LOW SEAL AIR HDR DIFF PRESS,,LOABS,PULV LOW SEAL AIR HDR DIFF PRESS,ALM,1,3.98584,4,INH2O,!WP1001!WP1002!WP1003!WP1006!WP1007!WP1014!hist14!CP1004,1
2026-07-16 14:21:31.0,1PDF,SLPSL0001,PULV LOW SEAL AIR HDR DIFF PRESS,,LOABS,PULV LOW SEAL AIR HDR DIFF PRESS,RTN,1,4.00898,4,INH2O,!WP1001!WP1002!WP1003!WP1006!WP1007!WP1014!hist14!CP1004,1
2026-07-16 14:21:35.6,IDFAN_PEEC,OPCY_ALM,PRECIP OUT > 50%,PRECIP OUTLET,STATE,NORMAL,RTN,3,,,,!WP1001!WP1002!WP1003!WP1006!WP1007!WP1014!hist14!CP1003,1
2026-07-16 14:21:37.0,1PDF,SLPSL0001,PULV LOW SEAL AIR HDR DIFF PRESS,,LOABS,PULV LOW SEAL AIR HDR DIFF PRESS,ALM,1,3.99316,4,INH2O,!WP1001!WP1002!WP1003!WP1006!WP1007!WP1014!hist14!CP1004,1
2026-07-16 14:21:38.0,1PDF,SLPSL0001,PULV LOW SEAL AIR HDR DIFF PRESS,,LOABS,PULV LOW SEAL AIR HDR DIFF PRESS,RTN,1,4.10332,4,INH2O,!WP1001!WP1002!WP1003!WP1006!WP1007!WP1014!hist14!CP1004,1
2026-07-16 14:21:42.8,1MELIM,ZDS5504,WET/DRY INTFC VLV  DM DEV,,LODEV,LOW DEVIATION ALARM,ALM,3,-1.23633,95,%,!hist14!CP1017,2
2026-07-16 14:21:48.1,IDFAN_PEEC,OPCY_ALM,PRECIP OUT > 50%,PRECIP OUTLET,STATE,ALARM,ALM,3,,,,!WP1001!WP1002!WP1003!WP1006!WP1007!WP1014!hist14!CP1003,1
2026-07-16 14:22:52.6,IDFAN_PEEC,OPCY_ALM,PRECIP OUT > 50%,PRECIP OUTLET,STATE,NORMAL,RTN,3,,,,!WP1001!WP1002!WP1003!WP1006!WP1007!WP1014!hist14!CP1003,1
2026-07-16 14:23:12.1,IDFAN_PEEC,OPCY_ALM,PRECIP OUT > 50%,PRECIP OUTLET,STATE,ALARM,ALM,3,,,,!WP1001!WP1002!WP1003!WP1006!WP1007!WP1014!hist14!CP1003,1
2026-07-16 14:23:19.6,IDFAN_PEEC,OPCY_ALM,PRECIP OUT > 50%,PRECIP OUTLET,STATE,NORMAL,RTN,3,,,,!WP1001!WP1002!WP1003!WP1006!WP1007!WP1014!hist14!CP1003,1
2026-07-16 14:25:40.0,1PDF,SLPSL0001,PULV LOW SEAL AIR HDR DIFF PRESS,,LOABS,PULV LOW SEAL AIR HDR DIFF PRESS,ALM,1,3.98525,4,INH2O,!WP1001!WP1002!WP1003!WP1006!WP1007!WP1014!hist14!CP1004,1
2026-07-16 14:25:41.0,1PDF,SLPSL0001,PULV LOW SEAL AIR HDR DIFF PRESS,,LOABS,PULV LOW SEAL AIR HDR DIFF PRESS,RTN,1,4.04238,4,INH2O,!WP1001!WP1002!WP1003!WP1006!WP1007!WP1014!hist14!CP1004,1
2026-07-16 14:25:44.0,1PDF,SLPSL0001,PULV LOW SEAL AIR HDR DIFF PRESS,,LOABS,PULV LOW SEAL AIR HDR DIFF PRESS,ALM,1,3.93838,4,INH2O,!WP1001!WP1002!WP1003!WP1006!WP1007!WP1014!hist14!CP1004,1
2026-07-16 14:25:50.0,1PDF,SLPSL0001,PULV LOW SEAL AIR HDR DIFF PRESS,,LOABS,PULV LOW SEAL AIR HDR DIFF PRESS,RTN,1,4.0251,4,INH2O,!WP1001!WP1002!WP1003!WP1006!WP1007!WP1014!hist14!CP1004,1
2026-07-16 14:25:51.0,1PDF,SLPSL0001,PULV LOW SEAL AIR HDR DIFF PRESS,,LOABS,PULV LOW SEAL AIR HDR DIFF PRESS,ALM,1,3.96592,4,INH2O,!WP1001!WP1002!WP1003!WP1006!WP1007!WP1014!hist14!CP1004,1
2026-07-16 14:25:57.0,1PDF,SLPSL0001,PULV LOW SEAL AIR HDR DIFF PRESS,,LOABS,PULV LOW SEAL AIR HDR DIFF PRESS,RTN,1,4.00283,4,INH2O,!WP1001!WP1002!WP1003!WP1006!WP1007!WP1014!hist14!CP1004,1
2026-07-16 14:26:01.0,1PDF,SLPSL0001,PULV LOW SEAL AIR HDR DIFF PRESS,,LOABS,PULV LOW SEAL AIR HDR DIFF PRESS,ALM,1,3.929,4,INH2O,!WP1001!WP1002!WP1003!WP1006!WP1007!WP1014!hist14!CP1004,1
2026-07-16 14:26:06.0,1PDF,SLPSL0001,PULV LOW SEAL AIR HDR DIFF PRESS,,LOABS,PULV LOW SEAL AIR HDR DIFF PRESS,RTN,1,4.03535,4,INH2O,!WP1001!WP1002!WP1003!WP1006!WP1007!WP1014!hist14!CP1004,1
2026-07-16 14:26:10.0,1PDF,SLPSL0001,PULV LOW SEAL AIR HDR DIFF PRESS,,LOABS,PULV LOW SEAL AIR HDR DIFF PRESS,ALM,1,3.89766,4,INH2O,!WP1001!WP1002!WP1003!WP1006!WP1007!WP1014!hist14!CP1004,1
2026-07-16 14:26:32.0,1FG_B,5706TX_ALM,BF B INLET OUTLET PRESS,FGPDIT5706,STATE,DEVIATION ALARM CLEAR,RTN,3,,,,!WP1001!WP1002!WP1003!WP1006!WP1007!WP1014!hist14!CP1015,1
2026-07-16 14:26:42.4,1FP,B56,ID FAN A INLET DAMPER FEEDBACK,,HHABS,ID FAN A DAMPER 80 %,RTN,1,78.9457,80,PCT,!WP1001!WP1002!WP1003!WP1006!WP1007!WP1014!hist14!CP1001,1
2026-07-16 14:26:42.0,1FP,B58,ID FAN B INLET DAMPER FEEDBACK,,HHABS,IDF B DAMPER 80%,RTN,1,78.963,80,PCT,!WP1001!WP1002!WP1003!WP1006!WP1007!WP1014!hist14!CP1001,1
2026-07-16 14:26:44.4,1FP,B86,ID FAN C INLET DAMPER FEEDBACK,,HHABS,ID FAN C DAMPER 80 %,RTN,1,78.916,80,PCT,!WP1001!WP1002!WP1003!WP1006!WP1007!WP1014!hist14!CP1001,1
2026-07-16 14:26:44.0,1FG_B,ZSH5701A,BF B BLADE PITCH,,HIABS,BLADE PITCH ALARM,RTN,3,69.8984,70,%,!WP1001!WP1002!WP1003!WP1006!WP1007!WP1014!hist14!CP1015,1
2026-07-16 14:26:47.0,1FUEL_SFTY,FPTX_ALM,DRAFT TRANSMITTER DEVIATION,,STATE,FURN DRAFT PRESS XMTR DEVIATION,ALM,5,,,,!WP1001!WP1002!WP1003!WP1006!WP1007!WP1014!hist14!CP1004,1
2026-07-16 14:26:47.5,1FG_A,ZSH5601A,BF A BLADE PITCH,,HIABS,BLADE PITCH ALARM,RTN,3,69.8203,70,%,!WP1001!WP1002!WP1003!WP1006!WP1007!WP1014!hist14!CP1015,1
2026-07-16 14:26:51.6,IDFAN_PEEC,OPCY_ALM,PRECIP OUT > 50%,PRECIP OUTLET,STATE,ALARM,ALM,3,,,,!WP1001!WP1002!WP1003!WP1006!WP1007!WP1014!hist14!CP1003,1
2026-07-16 14:27:02.0,1FUEL_SFTY,FPTX_ALM,DRAFT TRANSMITTER DEVIATION,,STATE,NO DEVIATION,RTN,5,,,,!WP1001!WP1002!WP1003!WP1006!WP1007!WP1014!hist14!CP1004,1
2026-07-16 14:27:06.6,IDFAN_PEEC,OPCY_ALM,PRECIP OUT > 50%,PRECIP OUTLET,STATE,NORMAL,RTN,3,,,,!WP1001!WP1002!WP1003!WP1006!WP1007!WP1014!hist14!CP1003,1
2026-07-16 14:27:28.0,1PDF,SLPSL0001,PULV LOW SEAL AIR HDR DIFF PRESS,,LOABS,PULV LOW SEAL AIR HDR DIFF PRESS,RTN,1,4.08193,4,INH2O,!WP1001!WP1002!WP1003!WP1006!WP1007!WP1014!hist14!CP1004,1
2026-07-16 14:28:09.0,1PDF,SLPSL0001,PULV LOW SEAL AIR HDR DIFF PRESS,,LOABS,PULV LOW SEAL AIR HDR DIFF PRESS,ALM,1,3.93105,4,INH2O,!WP1001!WP1002!WP1003!WP1006!WP1007!WP1014!hist14!CP1004,1
2026-07-16 14:28:12.0,1PDF,SLPSL0001,PULV LOW SEAL AIR HDR DIFF PRESS,,LOABS,PULV LOW SEAL AIR HDR DIFF PRESS,RTN,1,4.09658,4,INH2O,!WP1001!WP1002!WP1003!WP1006!WP1007!WP1014!hist14!CP1004,1
2026-07-16 14:28:26.7,1SCR_B_PRESS,FGPDI5228B,SCR B CAT LAYER 4 DP,1SR114 PNT 4,HHABS,HI HI DP,ALM,1,1.70214,1.7,INH2O,!WP1001!WP1002!WP1003!WP1006!WP1007!WP1014!hist14!CP1016,1
2026-07-16 14:28:41.2,1BCS_7,IKTE3751,REHEAT TEMP RIGHT (REDUNDANT),,HIABS,HIGH,ALM,1,1012.23,1012.18,DEG.F,!WP1002!WP1006!WP1007!WP1001!WP1003!WP1014!hist14!CP1007,1
2026-07-16 14:28:48.0,1SEAL_AIR,PDI5735_ALM,BF B OUT DMPR SEAL CAV D/P LOW,,STATE,DP ALARM CLEAR,RTN,3,,,,!WP1001!WP1002!WP1003!WP1006!WP1007!WP1014!hist14!CP1015,1
2026-07-16 14:28:54.7,1BCS_7,IKTE3451,REHEAT TEMP RIGHT (NORM),,HIABS,HIGH,ALM,1,1012.25,1012.18,DEG.F,!WP1002!WP1006!WP1007!WP1001!WP1003!WP1014!hist14!CP1007,1
2026-07-16 14:29:56.5,1SEAL_AIR,PDI5735_ALM,BF B OUT DMPR SEAL CAV D/P LOW,,STATE,DP ALARM ACTIVE,ALM,3,,,,!WP1001!WP1002!WP1003!WP1006!WP1007!WP1014!hist14!CP1015,1
2026-07-16 14:30:01.6,IDFAN_PEEC,OPCY_ALM,PRECIP OUT > 50%,PRECIP OUTLET,STATE,ALARM,ALM,3,,,,!WP1001!WP1002!WP1003!WP1006!WP1007!WP1014!hist14!CP1003,1
2026-07-16 14:30:09.1,IDFAN_PEEC,OPCY_ALM,PRECIP OUT > 50%,PRECIP OUTLET,STATE,NORMAL,RTN,3,,,,!WP1001!WP1002!WP1003!WP1006!WP1007!WP1014!hist14!CP1003,1
2026-07-16 14:30:35.1,PAC_PLC,ACI_FDR_A_TR,ACI FDR A AC-WIC-5007 TRBLE ALM,,CHANGE,PAC FEEDER A TROUBLE,ALM,1,,,,!WP1001!WP1002!WP1003!WP1006!WP1007!WP1014!hist14!CP1003,1
2026-07-16 14:30:35.2,1BCS_7,IKTE3451,REHEAT TEMP RIGHT (NORM),,HIABS,HIGH,RTN,1,1007.13,1012.18,DEG.F,!WP1002!WP1006!WP1007!WP1001!WP1003!WP1014!hist14!CP1007,1
2026-07-16 14:30:39.1,IDFAN_PEEC,OPCY_ALM,PRECIP OUT > 50%,PRECIP OUTLET,STATE,ALARM,ALM,3,,,,!WP1001!WP1002!WP1003!WP1006!WP1007!WP1014!hist14!CP1003,1
2026-07-16 14:30:43.1,IDFAN_PEEC,OPCY_ALM,PRECIP OUT > 50%,PRECIP OUTLET,STATE,NORMAL,RTN,3,,,,!WP1001!WP1002!WP1003!WP1006!WP1007!WP1014!hist14!CP1003,1
2026-07-16 14:30:43.7,1BCS_7,IKTE3751,REHEAT TEMP RIGHT (REDUNDANT),,HIABS,HIGH,RTN,1,1007.18,1012.18,DEG.F,!WP1002!WP1006!WP1007!WP1001!WP1003!WP1014!hist14!CP1007,1
2026-07-16 14:30:50.5,1FG_A,ZSH5601A,BF A BLADE PITCH,,HIABS,BLADE PITCH ALARM,ALM,3,70.0215,70,%,!WP1001!WP1002!WP1003!WP1006!WP1007!WP1014!hist14!CP1015,1
2026-07-16 14:30:51.5,1FG_B,ZSH5701A,BF B BLADE PITCH,,HIABS,BLADE PITCH ALARM,ALM,3,70.0469,70,%,!WP1001!WP1002!WP1003!WP1006!WP1007!WP1014!hist14!CP1015,1
2026-07-16 14:31:16.6,PAC_PLC,ACI_FDR_A_TR,ACI FDR A AC-WIC-5007 TRBLE ALM,,CHANGE,PAC FEEDER A TROUBLE,ALM,1,,,,!WP1001!WP1002!WP1003!WP1006!WP1007!WP1014!hist14!CP1003,1
2026-07-16 14:31:26.6,IDFAN_PEEC,OPCY_ALM,PRECIP OUT > 50%,PRECIP OUTLET,STATE,ALARM,ALM,3,,,,!WP1001!WP1002!WP1003!WP1006!WP1007!WP1014!hist14!CP1003,1
2026-07-16 14:31:31.6,IDFAN_PEEC,OPCY_ALM,PRECIP OUT > 50%,PRECIP OUTLET,STATE,NORMAL,RTN,3,,,,!WP1001!WP1002!WP1003!WP1006!WP1007!WP1014!hist14!CP1003,1
2026-07-16 14:32:19.0,1PDF,SLPSL0001,PULV LOW SEAL AIR HDR DIFF PRESS,,LOABS,PULV LOW SEAL AIR HDR DIFF PRESS,ALM,1,3.97588,4,INH2O,!WP1001!WP1002!WP1003!WP1006!WP1007!WP1014!hist14!CP1004,1
2026-07-16 14:32:33.0,1PDF,SLPSL0001,PULV LOW SEAL AIR HDR DIFF PRESS,,LOABS,PULV LOW SEAL AIR HDR DIFF PRESS,RTN,1,4.0875,4,INH2O,!WP1001!WP1002!WP1003!WP1006!WP1007!WP1014!hist14!CP1004,1
2026-07-16 14:32:47.0,1PDF,SLPSL0001,PULV LOW SEAL AIR HDR DIFF PRESS,,LOABS,PULV LOW SEAL AIR HDR DIFF PRESS,ALM,1,3.91289,4,INH2O,!WP1001!WP1002!WP1003!WP1006!WP1007!WP1014!hist14!CP1004,1
2026-07-16 14:32:50.0,1PDF,SLPSL0001,PULV LOW SEAL AIR HDR DIFF PRESS,,LOABS,PULV LOW SEAL AIR HDR DIFF PRESS,RTN,1,4.12969,4,INH2O,!WP1001!WP1002!WP1003!WP1006!WP1007!WP1014!hist14!CP1004,1
2026-07-16 14:32:53.0,1PDF,SLPSL0001,PULV LOW SEAL AIR HDR DIFF PRESS,,LOABS,PULV LOW SEAL AIR HDR DIFF PRESS,ALM,1,3.95801,4,INH2O,!WP1001!WP1002!WP1003!WP1006!WP1007!WP1014!hist14!CP1004,1
2026-07-16 14:32:54.0,1PDF,SLPSL0001,PULV LOW SEAL AIR HDR DIFF PRESS,,LOABS,PULV LOW SEAL AIR HDR DIFF PRESS,RTN,1,4.01895,4,INH2O,!WP1001!WP1002!WP1003!WP1006!WP1007!WP1014!hist14!CP1004,1
2026-07-16 14:32:55.0,1PDF,SLPSL0001,PULV LOW SEAL AIR HDR DIFF PRESS,,LOABS,PULV LOW SEAL AIR HDR DIFF PRESS,ALM,1,3.95039,4,INH2O,!WP1001!WP1002!WP1003!WP1006!WP1007!WP1014!hist14!CP1004,1
2026-07-16 14:32:56.0,1PDF,SLPSL0001,PULV LOW SEAL AIR HDR DIFF PRESS,,LOABS,PULV LOW SEAL AIR HDR DIFF PRESS,RTN,1,4.07256,4,INH2O,!WP1001!WP1002!WP1003!WP1006!WP1007!WP1014!hist14!CP1004,1
2026-07-16 14:33:12.0,1PDF,SLPSL0001,PULV LOW SEAL AIR HDR DIFF PRESS,,LOABS,PULV LOW SEAL AIR HDR DIFF PRESS,ALM,1,3.95391,4,INH2O,!WP1001!WP1002!WP1003!WP1006!WP1007!WP1014!hist14!CP1004,1
2026-07-16 14:33:13.0,1PDF,SLPSL0001,PULV LOW SEAL AIR HDR DIFF PRESS,,LOABS,PULV LOW SEAL AIR HDR DIFF PRESS,RTN,1,4.06699,4,INH2O,!WP1001!WP1002!WP1003!WP1006!WP1007!WP1014!hist14!CP1004,1
2026-07-16 14:33:18.1,IDFAN_PEEC,OPCY_ALM,PRECIP OUT > 50%,PRECIP OUTLET,STATE,ALARM,ALM,3,,,,!WP1001!WP1002!WP1003!WP1006!WP1007!WP1014!hist14!CP1003,1
2026-07-16 14:33:18.0,1PDF,SLPSL0001,PULV LOW SEAL AIR HDR DIFF PRESS,,LOABS,PULV LOW SEAL AIR HDR DIFF PRESS,ALM,1,3.99551,4,INH2O,!WP1001!WP1002!WP1003!WP1006!WP1007!WP1014!hist14!CP1004,1
2026-07-16 14:33:19.0,1PDF,SLPSL0001,PULV LOW SEAL AIR HDR DIFF PRESS,,LOABS,PULV LOW SEAL AIR HDR DIFF PRESS,RTN,1,4.06172,4,INH2O,!WP1001!WP1002!WP1003!WP1006!WP1007!WP1014!hist14!CP1004,1
2026-07-16 14:33:23.6,IDFAN_PEEC,OPCY_ALM,PRECIP OUT > 50%,PRECIP OUTLET,STATE,NORMAL,RTN,3,,,,!WP1001!WP1002!WP1003!WP1006!WP1007!WP1014!hist14!CP1003,1
2026-07-16 14:34:44.4,1TC,B21,DROOP ACTIVE,DROOP,STATE,ACTIVE,ALM,5,,,,!hist14!CP1001,2
2026-07-16 14:34:46.4,1TC,B21,DROOP ACTIVE,DROOP,STATE,NORMAL,RTN,5,,,,!hist14!CP1001,2
2026-07-16 14:34:56.9,1TC,B21,DROOP ACTIVE,DROOP,STATE,ACTIVE,ALM,5,,,,!hist14!CP1001,2
2026-07-16 14:35:10.9,1TC,B21,DROOP ACTIVE,DROOP,STATE,NORMAL,RTN,5,,,,!hist14!CP1001,2
2026-07-16 14:35:22.0,1FG_B,5706TX_ALM,BF B INLET OUTLET PRESS,FGPDIT5706,STATE,BF B INLET/OUTLET PRESS DEV,ALM,3,,,,!WP1001!WP1002!WP1003!WP1006!WP1007!WP1014!hist14!CP1015,1
2026-07-16 14:35:35.0,1FP,B86,ID FAN C INLET DAMPER FEEDBACK,,HHABS,ID FAN C DAMPER 80 %,ALM,1,80.0146,80,PCT,!WP1001!WP1002!WP1003!WP1006!WP1007!WP1014!hist14!CP1001,1
2026-07-16 14:35:36.0,1FP,B58,ID FAN B INLET DAMPER FEEDBACK,,HHABS,IDF B DAMPER 80%,ALM,1,80.0049,80,PCT,!WP1001!WP1002!WP1003!WP1006!WP1007!WP1014!hist14!CP1001,1
2026-07-16 14:35:39.0,1FP,B56,ID FAN A INLET DAMPER FEEDBACK,,HHABS,ID FAN A DAMPER 80 %,ALM,1,80.0293,80,PCT,!WP1001!WP1002!WP1003!WP1006!WP1007!WP1014!hist14!CP1001,1
2026-07-16 14:35:50.0,1PDF,SLPSL0001,PULV LOW SEAL AIR HDR DIFF PRESS,,LOABS,PULV LOW SEAL AIR HDR DIFF PRESS,ALM,1,3.99873,4,INH2O,!WP1001!WP1002!WP1003!WP1006!WP1007!WP1014!hist14!CP1004,1
2026-07-16 14:35:51.0,1PDF,SLPSL0001,PULV LOW SEAL AIR HDR DIFF PRESS,,LOABS,PULV LOW SEAL AIR HDR DIFF PRESS,RTN,1,4.08369,4,INH2O,!WP1001!WP1002!WP1003!WP1006!WP1007!WP1014!hist14!CP1004,1
2026-07-16 14:36:00.0,1PDF,SLPSL0001,PULV LOW SEAL AIR HDR DIFF PRESS,,LOABS,PULV LOW SEAL AIR HDR DIFF PRESS,ALM,1,3.98584,4,INH2O,!WP1001!WP1002!WP1003!WP1006!WP1007!WP1014!hist14!CP1004,1
2026-07-16 14:36:01.0,1PDF,SLPSL0001,PULV LOW SEAL AIR HDR DIFF PRESS,,LOABS,PULV LOW SEAL AIR HDR DIFF PRESS,RTN,1,4.12939,4,INH2O,!WP1001!WP1002!WP1003!WP1006!WP1007!WP1014!hist14!CP1004,1
2026-07-16 14:36:09.0,1PDF,SLPSL0001,PULV LOW SEAL AIR HDR DIFF PRESS,,LOABS,PULV LOW SEAL AIR HDR DIFF PRESS,ALM,1,3.97383,4,INH2O,!WP1001!WP1002!WP1003!WP1006!WP1007!WP1014!hist14!CP1004,1
2026-07-16 14:36:10.0,1PDF,SLPSL0001,PULV LOW SEAL AIR HDR DIFF PRESS,,LOABS,PULV LOW SEAL AIR HDR DIFF PRESS,RTN,1,4.02129,4,INH2O,!WP1001!WP1002!WP1003!WP1006!WP1007!WP1014!hist14!CP1004,1
2026-07-16 14:36:17.0,1PDF,SLPSL0001,PULV LOW SEAL AIR HDR DIFF PRESS,,LOABS,PULV LOW SEAL AIR HDR DIFF PRESS,ALM,1,3.98877,4,INH2O,!WP1001!WP1002!WP1003!WP1006!WP1007!WP1014!hist14!CP1004,1
2026-07-16 14:36:18.0,1PDF,SLPSL0001,PULV LOW SEAL AIR HDR DIFF PRESS,,LOABS,PULV LOW SEAL AIR HDR DIFF PRESS,RTN,1,4.05293,4,INH2O,!WP1001!WP1002!WP1003!WP1006!WP1007!WP1014!hist14!CP1004,1
2026-07-16 14:36:23.0,1PDF,SLPSL0001,PULV LOW SEAL AIR HDR DIFF PRESS,,LOABS,PULV LOW SEAL AIR HDR DIFF PRESS,ALM,1,3.94688,4,INH2O,!WP1001!WP1002!WP1003!WP1006!WP1007!WP1014!hist14!CP1004,1
2026-07-16 14:36:24.0,1PDF,SLPSL0001,PULV LOW SEAL AIR HDR DIFF PRESS,,LOABS,PULV LOW SEAL AIR HDR DIFF PRESS,RTN,1,4.03125,4,INH2O,!WP1001!WP1002!WP1003!WP1006!WP1007!WP1014!hist14!CP1004,1
2026-07-16 14:36:29.0,1PDF,SLPSL0001,PULV LOW SEAL AIR HDR DIFF PRESS,,LOABS,PULV LOW SEAL AIR HDR DIFF PRESS,ALM,1,3.97471,4,INH2O,!WP1001!WP1002!WP1003!WP1006!WP1007!WP1014!hist14!CP1004,1
2026-07-16 14:36:59.1,IDFAN_PEEC,OPCY_ALM,PRECIP OUT > 50%,PRECIP OUTLET,STATE,ALARM,ALM,3,,,,!WP1001!WP1002!WP1003!WP1006!WP1007!WP1014!hist14!CP1003,1
2026-07-16 14:37:02.0,1PDF,SLPSL0001,PULV LOW SEAL AIR HDR DIFF PRESS,,LOABS,PULV LOW SEAL AIR HDR DIFF PRESS,RTN,1,4.03184,4,INH2O,!WP1001!WP1002!WP1003!WP1006!WP1007!WP1014!hist14!CP1004,1
2026-07-16 14:37:05.0,1PDF,SLPSL0001,PULV LOW SEAL AIR HDR DIFF PRESS,,LOABS,PULV LOW SEAL AIR HDR DIFF PRESS,ALM,1,3.98555,4,INH2O,!WP1001!WP1002!WP1003!WP1006!WP1007!WP1014!hist14!CP1004,1
2026-07-16 14:37:06.6,IDFAN_PEEC,OPCY_ALM,PRECIP OUT > 50%,PRECIP OUTLET,STATE,NORMAL,RTN,3,,,,!WP1001!WP1002!WP1003!WP1006!WP1007!WP1014!hist14!CP1003,1
2026-07-16 14:37:17.0,1PDF,SLPSL0001,PULV LOW SEAL AIR HDR DIFF PRESS,,LOABS,PULV LOW SEAL AIR HDR DIFF PRESS,RTN,1,4.00635,4,INH2O,!WP1001!WP1002!WP1003!WP1006!WP1007!WP1014!hist14!CP1004,1
2026-07-16 14:37:18.0,1PDF,SLPSL0001,PULV LOW SEAL AIR HDR DIFF PRESS,,LOABS,PULV LOW SEAL AIR HDR DIFF PRESS,ALM,1,3.95479,4,INH2O,!WP1001!WP1002!WP1003!WP1006!WP1007!WP1014!hist14!CP1004,1
2026-07-16 14:37:19.0,1PDF,SLPSL0001,PULV LOW SEAL AIR HDR DIFF PRESS,,LOABS,PULV LOW SEAL AIR HDR DIFF PRESS,RTN,1,4.02861,4,INH2O,!WP1001!WP1002!WP1003!WP1006!WP1007!WP1014!hist14!CP1004,1
2026-07-16 14:37:20.0,1PDF,SLPSL0001,PULV LOW SEAL AIR HDR DIFF PRESS,,LOABS,PULV LOW SEAL AIR HDR DIFF PRESS,ALM,1,3.90674,4,INH2O,!WP1001!WP1002!WP1003!WP1006!WP1007!WP1014!hist14!CP1004,1
2026-07-16 14:37:34.0,1PDF,SLPSL0001,PULV LOW SEAL AIR HDR DIFF PRESS,,LOABS,PULV LOW SEAL AIR HDR DIFF PRESS,RTN,1,4.05527,4,INH2O,!WP1001!WP1002!WP1003!WP1006!WP1007!WP1014!hist14!CP1004,1
2026-07-16 14:37:35.0,1PDF,SLPSL0001,PULV LOW SEAL AIR HDR DIFF PRESS,,LOABS,PULV LOW SEAL AIR HDR DIFF PRESS,ALM,1,3.99697,4,INH2O,!WP1001!WP1002!WP1003!WP1006!WP1007!WP1014!hist14!CP1004,1
2026-07-16 14:37:36.0,1PDF,SLPSL0001,PULV LOW SEAL AIR HDR DIFF PRESS,,LOABS,PULV LOW SEAL AIR HDR DIFF PRESS,RTN,1,4.08984,4,INH2O,!WP1001!WP1002!WP1003!WP1006!WP1007!WP1014!hist14!CP1004,1
2026-07-16 14:38:21.1,IDFAN_PEEC,OPCY_ALM,PRECIP OUT > 50%,PRECIP OUTLET,STATE,ALARM,ALM,3,,,,!WP1001!WP1002!WP1003!WP1006!WP1007!WP1014!hist14!CP1003,1
2026-07-16 14:38:26.6,IDFAN_PEEC,OPCY_ALM,PRECIP OUT > 50%,PRECIP OUTLET,STATE,NORMAL,RTN,3,,,,!WP1001!WP1002!WP1003!WP1006!WP1007!WP1014!hist14!CP1003,1
2026-07-16 14:40:51.0,1AF,B76,FD FAN B INLET DAMPER FEEDBACK,,HHABS,FD FAN B DAMPER > 80%,ALM,1,80.0625,80,PCT,!WP1001!WP1002!WP1003!WP1006!WP1007!WP1014!hist14!CP1001,1
2026-07-16 14:40:54.5,1FG_B,5703TX_ALM,BF B INLET BOX PRESS,FGPIT5703,STATE,BF B INLET PRESS DEVIATION,ALM,3,,,,!WP1001!WP1002!WP1003!WP1006!WP1007!WP1014!hist14!CP1015,1
2026-07-16 14:41:00.1,IDFAN_PEEC,OPCY_ALM,PRECIP OUT > 50%,PRECIP OUTLET,STATE,ALARM,ALM,3,,,,!WP1001!WP1002!WP1003!WP1006!WP1007!WP1014!hist14!CP1003,1
2026-07-16 14:41:10.0,1AF,B74,FD FAN A INLET DAMPER FEEDBACK,,HHABS,FD FAN A DAMPER > 80%,ALM,1,80.0391,80,PCT,!WP1001!WP1002!WP1003!WP1006!WP1007!WP1014!hist14!CP1001,1
2026-07-16 14:42:20.0,1AF,B74,FD FAN A INLET DAMPER FEEDBACK,,HHABS,FD FAN A DAMPER > 80%,RTN,1,80,80,PCT,!WP1001!WP1002!WP1003!WP1006!WP1007!WP1014!hist14!CP1001,1
2026-07-16 14:42:44.0,1PDF,SLPSL0001,PULV LOW SEAL AIR HDR DIFF PRESS,,LOABS,PULV LOW SEAL AIR HDR DIFF PRESS,ALM,1,3.97178,4,INH2O,!WP1001!WP1002!WP1003!WP1006!WP1007!WP1014!hist14!CP1004,1
2026-07-16 14:42:45.0,1PDF,SLPSL0001,PULV LOW SEAL AIR HDR DIFF PRESS,,LOABS,PULV LOW SEAL AIR HDR DIFF PRESS,RTN,1,4.03535,4,INH2O,!WP1001!WP1002!WP1003!WP1006!WP1007!WP1014!hist14!CP1004,1
2026-07-16 14:43:03.4,1AF,B76,FD FAN B INLET DAMPER FEEDBACK,,HHABS,FD FAN B DAMPER > 80%,RTN,1,79.9941,80,PCT,!WP1001!WP1002!WP1003!WP1006!WP1007!WP1014!hist14!CP1001,1
2026-07-16 14:43:09.0,1PDF,SLPSL0001,PULV LOW SEAL AIR HDR DIFF PRESS,,LOABS,PULV LOW SEAL AIR HDR DIFF PRESS,ALM,1,3.95156,4,INH2O,!WP1001!WP1002!WP1003!WP1006!WP1007!WP1014!hist14!CP1004,1
2026-07-16 14:43:10.0,1PDF,SLPSL0001,PULV LOW SEAL AIR HDR DIFF PRESS,,LOABS,PULV LOW SEAL AIR HDR DIFF PRESS,RTN,1,4.11768,4,INH2O,!WP1001!WP1002!WP1003!WP1006!WP1007!WP1014!hist14!CP1004,1
2026-07-16 14:43:11.0,1PDF,SLPSL0001,PULV LOW SEAL AIR HDR DIFF PRESS,,LOABS,PULV LOW SEAL AIR HDR DIFF PRESS,ALM,1,3.99668,4,INH2O,!WP1001!WP1002!WP1003!WP1006!WP1007!WP1014!hist14!CP1004,1
2026-07-16 14:43:12.0,1PDF,SLPSL0001,PULV LOW SEAL AIR HDR DIFF PRESS,,LOABS,PULV LOW SEAL AIR HDR DIFF PRESS,RTN,1,4.19004,4,INH2O,!WP1001!WP1002!WP1003!WP1006!WP1007!WP1014!hist14!CP1004,1
2026-07-16 14:43:17.0,1PDF,SLPSL0001,PULV LOW SEAL AIR HDR DIFF PRESS,,LOABS,PULV LOW SEAL AIR HDR DIFF PRESS,ALM,1,3.99229,4,INH2O,!WP1001!WP1002!WP1003!WP1006!WP1007!WP1014!hist14!CP1004,1
2026-07-16 14:43:20.0,1PDF,SLPSL0001,PULV LOW SEAL AIR HDR DIFF PRESS,,LOABS,PULV LOW SEAL AIR HDR DIFF PRESS,RTN,1,4.01074,4,INH2O,!WP1001!WP1002!WP1003!WP1006!WP1007!WP1014!hist14!CP1004,1
2026-07-16 14:43:22.4,1ULD,B3_ALM,BLOCK LOAD INC/DEC ALM,,STATE,BLOCK LOAD INCREASE/DECREASE,ALM,3,,,,!WP1001!WP1002!WP1003!WP1006!WP1007!WP1014!hist14!CP1001,1
2026-07-16 14:43:24.0,1PDF,SLPSL0001,PULV LOW SEAL AIR HDR DIFF PRESS,,LOABS,PULV LOW SEAL AIR HDR DIFF PRESS,ALM,1,3.98174,4,INH2O,!WP1001!WP1002!WP1003!WP1006!WP1007!WP1014!hist14!CP1004,1
2026-07-16 14:43:25.0,1PDF,SLPSL0001,PULV LOW SEAL AIR HDR DIFF PRESS,,LOABS,PULV LOW SEAL AIR HDR DIFF PRESS,RTN,1,4.05674,4,INH2O,!WP1001!WP1002!WP1003!WP1006!WP1007!WP1014!hist14!CP1004,1
2026-07-16 14:43:57.6,IDFAN_PEEC,OPCY_ALM,PRECIP OUT > 50%,PRECIP OUTLET,STATE,NORMAL,RTN,3,,,,!WP1001!WP1002!WP1003!WP1006!WP1007!WP1014!hist14!CP1003,1
2026-07-16 14:44:07.4,1ULD,B27A,UNIT OFF AGC,,STATE,AGC UNAVAILABLE,ALM,5,,,,!WP1001!WP1002!WP1003!WP1006!WP1007!WP1014!hist14!CP1001,1
2026-07-16 14:44:14.1,IDFAN_PEEC,OPCY_ALM,PRECIP OUT > 50%,PRECIP OUTLET,STATE,ALARM,ALM,3,,,,!WP1001!WP1002!WP1003!WP1006!WP1007!WP1014!hist14!CP1003,1
2026-07-16 14:44:18.1,IDFAN_PEEC,OPCY_ALM,PRECIP OUT > 50%,PRECIP OUTLET,STATE,NORMAL,RTN,3,,,,!WP1001!WP1002!WP1003!WP1006!WP1007!WP1014!hist14!CP1003,1
2026-07-16 14:44:45.1,IDFAN_PEEC,OPCY_ALM,PRECIP OUT > 50%,PRECIP OUTLET,STATE,ALARM,ALM,3,,,,!WP1001!WP1002!WP1003!WP1006!WP1007!WP1014!hist14!CP1003,1
2026-07-16 14:44:56.1,IDFAN_PEEC,OPCY_ALM,PRECIP OUT > 50%,PRECIP OUTLET,STATE,NORMAL,RTN,3,,,,!WP1001!WP1002!WP1003!WP1006!WP1007!WP1014!hist14!CP1003,1
2026-07-16 14:45:26.1,IDFAN_PEEC,OPCY_ALM,PRECIP OUT > 50%,PRECIP OUTLET,STATE,ALARM,ALM,3,,,,!WP1001!WP1002!WP1003!WP1006!WP1007!WP1014!hist14!CP1003,1
2026-07-16 14:45:27.2,1BCS_7,IKTE3751,REHEAT TEMP RIGHT (REDUNDANT),,HIABS,HIGH,ALM,1,1012.19,1012.18,DEG.F,!WP1002!WP1006!WP1007!WP1001!WP1003!WP1014!hist14!CP1007,1
2026-07-16 14:45:32.6,IDFAN_PEEC,OPCY_ALM,PRECIP OUT > 50%,PRECIP OUTLET,STATE,NORMAL,RTN,3,,,,!WP1001!WP1002!WP1003!WP1006!WP1007!WP1014!hist14!CP1003,1
2026-07-16 14:45:38.1,IDFAN_PEEC,OPCY_ALM,PRECIP OUT > 50%,PRECIP OUTLET,STATE,ALARM,ALM,3,,,,!WP1001!WP1002!WP1003!WP1006!WP1007!WP1014!hist14!CP1003,1
2026-07-16 14:45:39.6,IDFAN_PEEC,OPCY_ALM,PRECIP OUT > 50%,PRECIP OUTLET,STATE,NORMAL,RTN,3,,,,!WP1001!WP1002!WP1003!WP1006!WP1007!WP1014!hist14!CP1003,1
2026-07-16 14:46:01.1,IDFAN_PEEC,OPCY_ALM,PRECIP OUT > 50%,PRECIP OUTLET,STATE,ALARM,ALM,3,,,,!WP1001!WP1002!WP1003!WP1006!WP1007!WP1014!hist14!CP1003,1
2026-07-16 14:46:42.0,1ULD,B3_ALM,BLOCK LOAD INC/DEC ALM,,STATE,LOAD BLOCK NOT IN SERVICE,RTN,3,,,,!WP1001!WP1002!WP1003!WP1006!WP1007!WP1014!hist14!CP1001,1
2026-07-16 14:46:49.6,IDFAN_PEEC,OPCY_ALM,PRECIP OUT > 50%,PRECIP OUTLET,STATE,NORMAL,RTN,3,,,,!WP1001!WP1002!WP1003!WP1006!WP1007!WP1014!hist14!CP1003,1
2026-07-16 14:46:55.1,IDFAN_PEEC,OPCY_ALM,PRECIP OUT > 50%,PRECIP OUTLET,STATE,ALARM,ALM,3,,,,!WP1001!WP1002!WP1003!WP1006!WP1007!WP1014!hist14!CP1003,1
2026-07-16 14:47:04.7,1BCS_7,IKTE3751,REHEAT TEMP RIGHT (REDUNDANT),,HIABS,HIGH,RTN,1,1007.18,1012.18,DEG.F,!WP1002!WP1006!WP1007!WP1001!WP1003!WP1014!hist14!CP1007,1
2026-07-16 14:47:05.2,1SCR_B_PRESS,FGPDI5228B,SCR B CAT LAYER 4 DP,1SR114 PNT 4,HHABS,HI HI DP,RTN,1,1.1974,1.7,INH2O,!WP1001!WP1002!WP1003!WP1006!WP1007!WP1014!hist14!CP1016,1
2026-07-16 14:47:31.6,IDFAN_PEEC,OPCY_ALM,PRECIP OUT > 50%,PRECIP OUTLET,STATE,NORMAL,RTN,3,,,,!WP1001!WP1002!WP1003!WP1006!WP1007!WP1014!hist14!CP1003,1
2026-07-16 14:47:45.4,1ULD,B27A,UNIT OFF AGC,,STATE,,RTN,5,,,,!WP1001!WP1002!WP1003!WP1006!WP1007!WP1014!hist14!CP1001,1
2026-07-16 14:47:50.5,1FG_B,5703TX_ALM,BF B INLET BOX PRESS,FGPIT5703,STATE,DEVIATION ALARM CLEAR,RTN,3,,,,!WP1001!WP1002!WP1003!WP1006!WP1007!WP1014!hist14!CP1015,1
2026-07-16 14:47:58.6,IDFAN_PEEC,OPCY_ALM,PRECIP OUT > 50%,PRECIP OUTLET,STATE,ALARM,ALM,3,,,,!WP1001!WP1002!WP1003!WP1006!WP1007!WP1014!hist14!CP1003,1
2026-07-16 14:48:06.1,IDFAN_PEEC,OPCY_ALM,PRECIP OUT > 50%,PRECIP OUTLET,STATE,NORMAL,RTN,3,,,,!WP1001!WP1002!WP1003!WP1006!WP1007!WP1014!hist14!CP1003,1
2026-07-16 14:48:52.6,IDFAN_PEEC,OPCY_ALM,PRECIP OUT > 50%,PRECIP OUTLET,STATE,ALARM,ALM,3,,,,!WP1001!WP1002!WP1003!WP1006!WP1007!WP1014!hist14!CP1003,1
2026-07-16 14:48:58.6,IDFAN_PEEC,OPCY_ALM,PRECIP OUT > 50%,PRECIP OUTLET,STATE,NORMAL,RTN,3,,,,!WP1001!WP1002!WP1003!WP1006!WP1007!WP1014!hist14!CP1003,1
2026-07-16 14:49:57.0,1PDF,SLPSL0001,PULV LOW SEAL AIR HDR DIFF PRESS,,LOABS,PULV LOW SEAL AIR HDR DIFF PRESS,ALM,1,3.93867,4,INH2O,!WP1001!WP1002!WP1003!WP1006!WP1007!WP1014!hist14!CP1004,1
2026-07-16 14:50:38.6,IDFAN_PEEC,OPCY_ALM,PRECIP OUT > 50%,PRECIP OUTLET,STATE,ALARM,ALM,3,,,,!WP1001!WP1002!WP1003!WP1006!WP1007!WP1014!hist14!CP1003,1
2026-07-16 14:50:53.6,IDFAN_PEEC,OPCY_ALM,PRECIP OUT > 50%,PRECIP OUTLET,STATE,NORMAL,RTN,3,,,,!WP1001!WP1002!WP1003!WP1006!WP1007!WP1014!hist14!CP1003,1
2026-07-16 14:50:55.0,1PDF,SLPSL0001,PULV LOW SEAL AIR HDR DIFF PRESS,,LOABS,PULV LOW SEAL AIR HDR DIFF PRESS,RTN,1,4.03008,4,INH2O,!WP1001!WP1002!WP1003!WP1006!WP1007!WP1014!hist14!CP1004,1
2026-07-16 14:50:56.0,1PDF,SLPSL0001,PULV LOW SEAL AIR HDR DIFF PRESS,,LOABS,PULV LOW SEAL AIR HDR DIFF PRESS,ALM,1,3.93897,4,INH2O,!WP1001!WP1002!WP1003!WP1006!WP1007!WP1014!hist14!CP1004,1
2026-07-16 14:50:57.0,1PDF,SLPSL0001,PULV LOW SEAL AIR HDR DIFF PRESS,,LOABS,PULV LOW SEAL AIR HDR DIFF PRESS,RTN,1,4.0043,4,INH2O,!WP1001!WP1002!WP1003!WP1006!WP1007!WP1014!hist14!CP1004,1
2026-07-16 14:50:58.0,1PDF,SLPSL0001,PULV LOW SEAL AIR HDR DIFF PRESS,,LOABS,PULV LOW SEAL AIR HDR DIFF PRESS,ALM,1,3.92432,4,INH2O,!WP1001!WP1002!WP1003!WP1006!WP1007!WP1014!hist14!CP1004,1
2026-07-16 14:50:59.0,1PDF,SLPSL0001,PULV LOW SEAL AIR HDR DIFF PRESS,,LOABS,PULV LOW SEAL AIR HDR DIFF PRESS,RTN,1,4.02451,4,INH2O,!WP1001!WP1002!WP1003!WP1006!WP1007!WP1014!hist14!CP1004,1
2026-07-16 14:51:00.0,1PDF,SLPSL0001,PULV LOW SEAL AIR HDR DIFF PRESS,,LOABS,PULV LOW SEAL AIR HDR DIFF PRESS,ALM,1,3.94775,4,INH2O,!WP1001!WP1002!WP1003!WP1006!WP1007!WP1014!hist14!CP1004,1
2026-07-16 14:51:01.0,1PDF,SLPSL0001,PULV LOW SEAL AIR HDR DIFF PRESS,,LOABS,PULV LOW SEAL AIR HDR DIFF PRESS,RTN,1,4.06641,4,INH2O,!WP1001!WP1002!WP1003!WP1006!WP1007!WP1014!hist14!CP1004,1
2026-07-16 14:51:02.0,1PDF,SLPSL0001,PULV LOW SEAL AIR HDR DIFF PRESS,,LOABS,PULV LOW SEAL AIR HDR DIFF PRESS,ALM,1,3.98232,4,INH2O,!WP1001!WP1002!WP1003!WP1006!WP1007!WP1014!hist14!CP1004,1
2026-07-16 14:51:03.0,1PDF,SLPSL0001,PULV LOW SEAL AIR HDR DIFF PRESS,,LOABS,PULV LOW SEAL AIR HDR DIFF PRESS,RTN,1,4.12588,4,INH2O,!WP1001!WP1002!WP1003!WP1006!WP1007!WP1014!hist14!CP1004,1
2026-07-16 14:51:27.1,IDFAN_PEEC,OPCY_ALM,PRECIP OUT > 50%,PRECIP OUTLET,STATE,ALARM,ALM,3,,,,!WP1001!WP1002!WP1003!WP1006!WP1007!WP1014!hist14!CP1003,1
2026-07-16 14:51:39.1,IDFAN_PEEC,OPCY_ALM,PRECIP OUT > 50%,PRECIP OUTLET,STATE,NORMAL,RTN,3,,,,!WP1001!WP1002!WP1003!WP1006!WP1007!WP1014!hist14!CP1003,1
2026-07-16 14:51:50.1,IDFAN_PEEC,OPCY_ALM,PRECIP OUT > 50%,PRECIP OUTLET,STATE,ALARM,ALM,3,,,,!WP1001!WP1002!WP1003!WP1006!WP1007!WP1014!hist14!CP1003,1
2026-07-16 14:51:51.6,IDFAN_PEEC,OPCY_ALM,PRECIP OUT > 50%,PRECIP OUTLET,STATE,NORMAL,RTN,3,,,,!WP1001!WP1002!WP1003!WP1006!WP1007!WP1014!hist14!CP1003,1
2026-07-16 14:51:55.6,IDFAN_PEEC,OPCY_ALM,PRECIP OUT > 50%,PRECIP OUTLET,STATE,ALARM,ALM,3,,,,!WP1001!WP1002!WP1003!WP1006!WP1007!WP1014!hist14!CP1003,1
2026-07-16 14:52:23.6,IDFAN_PEEC,OPCY_ALM,PRECIP OUT > 50%,PRECIP OUTLET,STATE,NORMAL,RTN,3,,,,!WP1001!WP1002!WP1003!WP1006!WP1007!WP1014!hist14!CP1003,1
2026-07-16 14:52:26.6,IDFAN_PEEC,OPCY_ALM,PRECIP OUT > 50%,PRECIP OUTLET,STATE,ALARM,ALM,3,,,,!WP1001!WP1002!WP1003!WP1006!WP1007!WP1014!hist14!CP1003,1
2026-07-16 14:52:50.6,IDFAN_PEEC,OPCY_ALM,PRECIP OUT > 50%,PRECIP OUTLET,STATE,NORMAL,RTN,3,,,,!WP1001!WP1002!WP1003!WP1006!WP1007!WP1014!hist14!CP1003,1
2026-07-16 14:52:54.2,1DAS11,ISPSH1131,LIGHTER OIL SUPPLY PRESS ALM,,HIABS,HI LIGHTER OIL SUPPLY PRESS,RTN,1,159.346,175,KPH,!WP1002!WP1006!WP1007!WP1001!WP1003!WP1014!hist14!CP1008,1
2026-07-16 14:53:04.2,1DAS11,ISPSH1131,LIGHTER OIL SUPPLY PRESS ALM,,HIABS,HI LIGHTER OIL SUPPLY PRESS,ALM,1,183.809,175,KPH,!WP1002!WP1006!WP1007!WP1001!WP1003!WP1014!hist14!CP1008,1
2026-07-16 14:53:16.2,1DAS11,ISPSH1131,LIGHTER OIL SUPPLY PRESS ALM,,HIABS,HI LIGHTER OIL SUPPLY PRESS,RTN,1,84.7656,175,KPH,!WP1002!WP1006!WP1007!WP1001!WP1003!WP1014!hist14!CP1008,1
2026-07-16 14:53:20.1,IDFAN_PEEC,OPCY_ALM,PRECIP OUT > 50%,PRECIP OUTLET,STATE,ALARM,ALM,3,,,,!WP1001!WP1002!WP1003!WP1006!WP1007!WP1014!hist14!CP1003,1
2026-07-16 14:53:25.6,IDFAN_PEEC,OPCY_ALM,PRECIP OUT > 50%,PRECIP OUTLET,STATE,NORMAL,RTN,3,,,,!WP1001!WP1002!WP1003!WP1006!WP1007!WP1014!hist14!CP1003,1
2026-07-16 14:54:46.6,1BFA_GSM_ALM,BFA_ALM4,MARK VIE A BFPT ALARM,,STA_5,LO CLR DISCHG TEMP HIGH,ALM,5,0,0,,!WP1001!WP1002!WP1003!WP1006!WP1007!WP1014!hist14!CP1011,1
2026-07-16 14:54:48.6,1BFA_GSM_ALM,BFA_ALM4,MARK VIE A BFPT ALARM,,STA_5,LO CLR DISCHG TEMP OK,RTN,5,0,0,,!WP1001!WP1002!WP1003!WP1006!WP1007!WP1014!hist14!CP1011,1
2026-07-16 14:56:00.6,1BFA_GSM_ALM,BFA_ALM4,MARK VIE A BFPT ALARM,,STA_5,LO CLR DISCHG TEMP HIGH,ALM,5,0,0,,!WP1001!WP1002!WP1003!WP1006!WP1007!WP1014!hist14!CP1011,1
2026-07-16 14:56:02.6,1BFA_GSM_ALM,BFA_ALM4,MARK VIE A BFPT ALARM,,STA_5,LO CLR DISCHG TEMP OK,RTN,5,0,0,,!WP1001!WP1002!WP1003!WP1006!WP1007!WP1014!hist14!CP1011,1
2026-07-16 14:56:08.6,1BFA_GSM_ALM,BFA_ALM4,MARK VIE A BFPT ALARM,,STA_5,LO CLR DISCHG TEMP HIGH,ALM,5,0,0,,!WP1001!WP1002!WP1003!WP1006!WP1007!WP1014!hist14!CP1011,1
2026-07-16 14:56:11.1,1BFA_GSM_ALM,BFA_ALM4,MARK VIE A BFPT ALARM,,STA_5,LO CLR DISCHG TEMP OK,RTN,5,0,0,,!WP1001!WP1002!WP1003!WP1006!WP1007!WP1014!hist14!CP1011,1
2026-07-16 14:56:17.1,1BFA_GSM_ALM,BFA_ALM4,MARK VIE A BFPT ALARM,,STA_5,LO CLR DISCHG TEMP HIGH,ALM,5,0,0,,!WP1001!WP1002!WP1003!WP1006!WP1007!WP1014!hist14!CP1011,1
2026-07-16 14:56:18.6,1BFA_GSM_ALM,BFA_ALM4,MARK VIE A BFPT ALARM,,STA_5,LO CLR DISCHG TEMP OK,RTN,5,0,0,,!WP1001!WP1002!WP1003!WP1006!WP1007!WP1014!hist14!CP1011,1
2026-07-16 14:56:35.6,IDFAN_PEEC,OPCY_ALM,PRECIP OUT > 50%,PRECIP OUTLET,STATE,ALARM,ALM,3,,,,!WP1001!WP1002!WP1003!WP1006!WP1007!WP1014!hist14!CP1003,1
2026-07-16 14:57:14.6,1BFA_GSM_ALM,BFA_ALM4,MARK VIE A BFPT ALARM,,STA_5,LO CLR DISCHG TEMP HIGH,ALM,5,0,0,,!WP1001!WP1002!WP1003!WP1006!WP1007!WP1014!hist14!CP1011,1
2026-07-16 14:57:16.6,1BFA_GSM_ALM,BFA_ALM4,MARK VIE A BFPT ALARM,,STA_5,LO CLR DISCHG TEMP OK,RTN,5,0,0,,!WP1001!WP1002!WP1003!WP1006!WP1007!WP1014!hist14!CP1011,1
2026-07-16 14:57:23.1,IDFAN_PEEC,OPCY_ALM,PRECIP OUT > 50%,PRECIP OUTLET,STATE,NORMAL,RTN,3,,,,!WP1001!WP1002!WP1003!WP1006!WP1007!WP1014!hist14!CP1003,1
2026-07-16 14:57:27.1,IDFAN_PEEC,OPCY_ALM,PRECIP OUT > 50%,PRECIP OUTLET,STATE,ALARM,ALM,3,,,,!WP1001!WP1002!WP1003!WP1006!WP1007!WP1014!hist14!CP1003,1
2026-07-16 14:57:39.6,IDFAN_PEEC,OPCY_ALM,PRECIP OUT > 50%,PRECIP OUTLET,STATE,NORMAL,RTN,3,,,,!WP1001!WP1002!WP1003!WP1006!WP1007!WP1014!hist14!CP1003,1
2026-07-16 14:57:57.1,1BFA_GSM_ALM,BFA_ALM4,MARK VIE A BFPT ALARM,,STA_5,LO CLR DISCHG TEMP HIGH,ALM,5,0,0,,!WP1001!WP1002!WP1003!WP1006!WP1007!WP1014!hist14!CP1011,1
2026-07-16 14:58:01.1,1BFA_GSM_ALM,BFA_ALM4,MARK VIE A BFPT ALARM,,STA_5,LO CLR DISCHG TEMP OK,RTN,5,0,0,,!WP1001!WP1002!WP1003!WP1006!WP1007!WP1014!hist14!CP1011,1
2026-07-16 14:58:06.6,1BFA_GSM_ALM,BFA_ALM4,MARK VIE A BFPT ALARM,,STA_5,LO CLR DISCHG TEMP HIGH,ALM,5,0,0,,!WP1001!WP1002!WP1003!WP1006!WP1007!WP1014!hist14!CP1011,1
2026-07-16 14:58:08.6,1BFA_GSM_ALM,BFA_ALM4,MARK VIE A BFPT ALARM,,STA_5,LO CLR DISCHG TEMP OK,RTN,5,0,0,,!WP1001!WP1002!WP1003!WP1006!WP1007!WP1014!hist14!CP1011,1
2026-07-16 14:58:21.0,1PDF,SLPSL0001,PULV LOW SEAL AIR HDR DIFF PRESS,,LOABS,PULV LOW SEAL AIR HDR DIFF PRESS,ALM,1,3.94658,4,INH2O,!WP1001!WP1002!WP1003!WP1006!WP1007!WP1014!hist14!CP1004,1
2026-07-16 14:58:22.0,1PDF,SLPSL0001,PULV LOW SEAL AIR HDR DIFF PRESS,,LOABS,PULV LOW SEAL AIR HDR DIFF PRESS,RTN,1,4.01895,4,INH2O,!WP1001!WP1002!WP1003!WP1006!WP1007!WP1014!hist14!CP1004,1
2026-07-16 14:58:23.0,1PDF,SLPSL0001,PULV LOW SEAL AIR HDR DIFF PRESS,,LOABS,PULV LOW SEAL AIR HDR DIFF PRESS,ALM,1,3.91289,4,INH2O,!WP1001!WP1002!WP1003!WP1006!WP1007!WP1014!hist14!CP1004,1
2026-07-16 14:58:24.1,IDFAN_PEEC,OPCY_ALM,PRECIP OUT > 50%,PRECIP OUTLET,STATE,ALARM,ALM,3,,,,!WP1001!WP1002!WP1003!WP1006!WP1007!WP1014!hist14!CP1003,1
2026-07-16 14:58:32.6,IDFAN_PEEC,OPCY_ALM,PRECIP OUT > 50%,PRECIP OUTLET,STATE,NORMAL,RTN,3,,,,!WP1001!WP1002!WP1003!WP1006!WP1007!WP1014!hist14!CP1003,1
2026-07-16 14:58:38.6,1BFA_GSM_ALM,BFA_ALM4,MARK VIE A BFPT ALARM,,STA_5,LO CLR DISCHG TEMP HIGH,ALM,5,0,0,,!WP1001!WP1002!WP1003!WP1006!WP1007!WP1014!hist14!CP1011,1
2026-07-16 14:58:39.0,1PDF,SLPSL0001,PULV LOW SEAL AIR HDR DIFF PRESS,,LOABS,PULV LOW SEAL AIR HDR DIFF PRESS,RTN,1,4.07461,4,INH2O,!WP1001!WP1002!WP1003!WP1006!WP1007!WP1014!hist14!CP1004,1
2026-07-16 14:58:40.0,1PDF,SLPSL0001,PULV LOW SEAL AIR HDR DIFF PRESS,,LOABS,PULV LOW SEAL AIR HDR DIFF PRESS,ALM,1,3.95947,4,INH2O,!WP1001!WP1002!WP1003!WP1006!WP1007!WP1014!hist14!CP1004,1
2026-07-16 14:58:40.6,1BFA_GSM_ALM,BFA_ALM4,MARK VIE A BFPT ALARM,,STA_5,LO CLR DISCHG TEMP OK,RTN,5,0,0,,!WP1001!WP1002!WP1003!WP1006!WP1007!WP1014!hist14!CP1011,1
2026-07-16 14:58:41.0,1PDF,SLPSL0001,PULV LOW SEAL AIR HDR DIFF PRESS,,LOABS,PULV LOW SEAL AIR HDR DIFF PRESS,RTN,1,4.096,4,INH2O,!WP1001!WP1002!WP1003!WP1006!WP1007!WP1014!hist14!CP1004,1
2026-07-16 14:58:42.6,1BFA_GSM_ALM,BFA_ALM4,MARK VIE A BFPT ALARM,,STA_5,LO CLR DISCHG TEMP HIGH,ALM,5,0,0,,!WP1001!WP1002!WP1003!WP1006!WP1007!WP1014!hist14!CP1011,1
2026-07-16 14:58:45.1,1BFA_GSM_ALM,BFA_ALM4,MARK VIE A BFPT ALARM,,STA_5,LO CLR DISCHG TEMP OK,RTN,5,0,0,,!WP1001!WP1002!WP1003!WP1006!WP1007!WP1014!hist14!CP1011,1
2026-07-16 14:58:50.5,1FG_B,5703TX_ALM,BF B INLET BOX PRESS,FGPIT5703,STATE,BF B INLET PRESS DEVIATION,ALM,3,,,,!WP1001!WP1002!WP1003!WP1006!WP1007!WP1014!hist14!CP1015,1
2026-07-16 14:58:51.0,1PDF,SLPSL0001,PULV LOW SEAL AIR HDR DIFF PRESS,,LOABS,PULV LOW SEAL AIR HDR DIFF PRESS,ALM,1,3.93252,4,INH2O,!WP1001!WP1002!WP1003!WP1006!WP1007!WP1014!hist14!CP1004,1
2026-07-16 14:58:54.0,1PDF,SLPSL0001,PULV LOW SEAL AIR HDR DIFF PRESS,,LOABS,PULV LOW SEAL AIR HDR DIFF PRESS,RTN,1,4.09248,4,INH2O,!WP1001!WP1002!WP1003!WP1006!WP1007!WP1014!hist14!CP1004,1
2026-07-16 14:58:54.6,1BFA_GSM_ALM,BFA_ALM4,MARK VIE A BFPT ALARM,,STA_5,LO CLR DISCHG TEMP HIGH,ALM,5,0,0,,!WP1001!WP1002!WP1003!WP1006!WP1007!WP1014!hist14!CP1011,1
2026-07-16 14:58:56.6,1BFA_GSM_ALM,BFA_ALM4,MARK VIE A BFPT ALARM,,STA_5,LO CLR DISCHG TEMP OK,RTN,5,0,0,,!WP1001!WP1002!WP1003!WP1006!WP1007!WP1014!hist14!CP1011,1
2026-07-16 14:59:01.0,1PDF,SLPSL0001,PULV LOW SEAL AIR HDR DIFF PRESS,,LOABS,PULV LOW SEAL AIR HDR DIFF PRESS,ALM,1,3.98115,4,INH2O,!WP1001!WP1002!WP1003!WP1006!WP1007!WP1014!hist14!CP1004,1
2026-07-16 14:59:02.0,1PDF,SLPSL0001,PULV LOW SEAL AIR HDR DIFF PRESS,,LOABS,PULV LOW SEAL AIR HDR DIFF PRESS,RTN,1,4.12266,4,INH2O,!WP1001!WP1002!WP1003!WP1006!WP1007!WP1014!hist14!CP1004,1
2026-07-16 14:59:03.0,1PDF,SLPSL0001,PULV LOW SEAL AIR HDR DIFF PRESS,,LOABS,PULV LOW SEAL AIR HDR DIFF PRESS,ALM,1,3.98145,4,INH2O,!WP1001!WP1002!WP1003!WP1006!WP1007!WP1014!hist14!CP1004,1
2026-07-16 14:59:04.0,1PDF,SLPSL0001,PULV LOW SEAL AIR HDR DIFF PRESS,,LOABS,PULV LOW SEAL AIR HDR DIFF PRESS,RTN,1,4.03154,4,INH2O,!WP1001!WP1002!WP1003!WP1006!WP1007!WP1014!hist14!CP1004,1
2026-07-16 14:59:05.0,1PDF,SLPSL0001,PULV LOW SEAL AIR HDR DIFF PRESS,,LOABS,PULV LOW SEAL AIR HDR DIFF PRESS,ALM,1,3.85166,4,INH2O,!WP1001!WP1002!WP1003!WP1006!WP1007!WP1014!hist14!CP1004,1
2026-07-16 14:59:21.4,1AR_LS,DEV_5803,LS SYS B,,STATE,VALVE 5803 DEVIATION,ALM,3,,,,!WP1001!WP1002!WP1003!WP1006!WP1007!WP1014!hist14!CP1017,1
2026-07-16 14:59:27.0,1PDF,SLPSL0001,PULV LOW SEAL AIR HDR DIFF PRESS,,LOABS,PULV LOW SEAL AIR HDR DIFF PRESS,RTN,1,4.02979,4,INH2O,!WP1001!WP1002!WP1003!WP1006!WP1007!WP1014!hist14!CP1004,1
2026-07-16 14:59:31.0,1PDF,SLPSL0001,PULV LOW SEAL AIR HDR DIFF PRESS,,LOABS,PULV LOW SEAL AIR HDR DIFF PRESS,ALM,1,3.97236,4,INH2O,!WP1001!WP1002!WP1003!WP1006!WP1007!WP1014!hist14!CP1004,1
2026-07-16 14:59:33.0,1PDF,SLPSL0001,PULV LOW SEAL AIR HDR DIFF PRESS,,LOABS,PULV LOW SEAL AIR HDR DIFF PRESS,RTN,1,4.00928,4,INH2O,!WP1001!WP1002!WP1003!WP1006!WP1007!WP1014!hist14!CP1004,1
2026-07-16 14:59:58.0,1PDF,SLPSL0001,PULV LOW SEAL AIR HDR DIFF PRESS,,LOABS,PULV LOW SEAL AIR HDR DIFF PRESS,ALM,1,3.91143,4,INH2O,!WP1001!WP1002!WP1003!WP1006!WP1007!WP1014!hist14!CP1004,1
2026-07-16 14:59:59.0,1PDF,SLPSL0001,PULV LOW SEAL AIR HDR DIFF PRESS,,LOABS,PULV LOW SEAL AIR HDR DIFF PRESS,RTN,1,4.06787,4,INH2O,!WP1001!WP1002!WP1003!WP1006!WP1007!WP1014!hist14!CP1004,1
2026-07-16 15:00:06.0,1PDF,SLPSL0001,PULV LOW SEAL AIR HDR DIFF PRESS,,LOABS,PULV LOW SEAL AIR HDR DIFF PRESS,ALM,1,3.96475,4,INH2O,!WP1001!WP1002!WP1003!WP1006!WP1007!WP1014!hist14!CP1004,1
2026-07-16 15:00:07.0,1PDF,SLPSL0001,PULV LOW SEAL AIR HDR DIFF PRESS,,LOABS,PULV LOW SEAL AIR HDR DIFF PRESS,RTN,1,4.00664,4,INH2O,!WP1001!WP1002!WP1003!WP1006!WP1007!WP1014!hist14!CP1004,1
2026-07-16 15:00:07.1,1BFA_GSM_ALM,BFA_ALM4,MARK VIE A BFPT ALARM,,STA_5,LO CLR DISCHG TEMP HIGH,ALM,5,0,0,,!WP1001!WP1002!WP1003!WP1006!WP1007!WP1014!hist14!CP1011,1
2026-07-16 15:00:08.0,1PDF,SLPSL0001,PULV LOW SEAL AIR HDR DIFF PRESS,,LOABS,PULV LOW SEAL AIR HDR DIFF PRESS,ALM,1,3.97324,4,INH2O,!WP1001!WP1002!WP1003!WP1006!WP1007!WP1014!hist14!CP1004,1
2026-07-16 15:00:09.0,1PDF,SLPSL0001,PULV LOW SEAL AIR HDR DIFF PRESS,,LOABS,PULV LOW SEAL AIR HDR DIFF PRESS,RTN,1,4.04121,4,INH2O,!WP1001!WP1002!WP1003!WP1006!WP1007!WP1014!hist14!CP1004,1
2026-07-16 15:00:09.1,1BFA_GSM_ALM,BFA_ALM4,MARK VIE A BFPT ALARM,,STA_5,LO CLR DISCHG TEMP OK,RTN,5,0,0,,!WP1001!WP1002!WP1003!WP1006!WP1007!WP1014!hist14!CP1011,1
2026-07-16 15:00:10.0,1PDF,SLPSL0001,PULV LOW SEAL AIR HDR DIFF PRESS,,LOABS,PULV LOW SEAL AIR HDR DIFF PRESS,ALM,1,3.98174,4,INH2O,!WP1001!WP1002!WP1003!WP1006!WP1007!WP1014!hist14!CP1004,1
2026-07-16 15:00:11.0,1PDF,SLPSL0001,PULV LOW SEAL AIR HDR DIFF PRESS,,LOABS,PULV LOW SEAL AIR HDR DIFF PRESS,RTN,1,4.03623,4,INH2O,!WP1001!WP1002!WP1003!WP1006!WP1007!WP1014!hist14!CP1004,1
2026-07-16 15:00:12.0,1PDF,SLPSL0001,PULV LOW SEAL AIR HDR DIFF PRESS,,LOABS,PULV LOW SEAL AIR HDR DIFF PRESS,ALM,1,3.99258,4,INH2O,!WP1001!WP1002!WP1003!WP1006!WP1007!WP1014!hist14!CP1004,1
2026-07-16 15:00:14.0,1PDF,SLPSL0001,PULV LOW SEAL AIR HDR DIFF PRESS,,LOABS,PULV LOW SEAL AIR HDR DIFF PRESS,RTN,1,4.03623,4,INH2O,!WP1001!WP1002!WP1003!WP1006!WP1007!WP1014!hist14!CP1004,1
2026-07-16 15:00:18.1,IDFAN_PEEC,OPCY_ALM,PRECIP OUT > 50%,PRECIP OUTLET,STATE,ALARM,ALM,3,,,,!WP1001!WP1002!WP1003!WP1006!WP1007!WP1014!hist14!CP1003,1
2026-07-16 15:00:19.0,1AR_LS,DEV_5803,LS SYS B,,STATE,,RTN,3,,,,!WP1001!WP1002!WP1003!WP1006!WP1007!WP1014!hist14!CP1017,1
2026-07-16 15:00:25.1,IDFAN_PEEC,OPCY_ALM,PRECIP OUT > 50%,PRECIP OUTLET,STATE,NORMAL,RTN,3,,,,!WP1001!WP1002!WP1003!WP1006!WP1007!WP1014!hist14!CP1003,1
2026-07-16 15:00:28.6,IDFAN_PEEC,OPCY_ALM,PRECIP OUT > 50%,PRECIP OUTLET,STATE,ALARM,ALM,3,,,,!WP1001!WP1002!WP1003!WP1006!WP1007!WP1014!hist14!CP1003,1
2026-07-16 15:00:30.6,IDFAN_PEEC,OPCY_ALM,PRECIP OUT > 50%,PRECIP OUTLET,STATE,NORMAL,RTN,3,,,,!WP1001!WP1002!WP1003!WP1006!WP1007!WP1014!hist14!CP1003,1
2026-07-16 15:01:16.6,1BFA_GSM_ALM,BFA_ALM4,MARK VIE A BFPT ALARM,,STA_5,LO CLR DISCHG TEMP HIGH,ALM,5,0,0,,!WP1001!WP1002!WP1003!WP1006!WP1007!WP1014!hist14!CP1011,1
2026-07-16 15:01:19.1,1BFA_GSM_ALM,BFA_ALM4,MARK VIE A BFPT ALARM,,STA_5,LO CLR DISCHG TEMP OK,RTN,5,0,0,,!WP1001!WP1002!WP1003!WP1006!WP1007!WP1014!hist14!CP1011,1
2026-07-16 15:01:25.1,IDFAN_PEEC,OPCY_ALM,PRECIP OUT > 50%,PRECIP OUTLET,STATE,ALARM,ALM,3,,,,!WP1001!WP1002!WP1003!WP1006!WP1007!WP1014!hist14!CP1003,1
2026-07-16 15:01:34.6,1BFA_GSM_ALM,BFA_ALM4,MARK VIE A BFPT ALARM,,STA_5,LO CLR DISCHG TEMP HIGH,ALM,5,0,0,,!WP1001!WP1002!WP1003!WP1006!WP1007!WP1014!hist14!CP1011,1
2026-07-16 15:01:36.1,IDFAN_PEEC,OPCY_ALM,PRECIP OUT > 50%,PRECIP OUTLET,STATE,NORMAL,RTN,3,,,,!WP1001!WP1002!WP1003!WP1006!WP1007!WP1014!hist14!CP1003,1
2026-07-16 15:01:36.6,1BFA_GSM_ALM,BFA_ALM4,MARK VIE A BFPT ALARM,,STA_5,LO CLR DISCHG TEMP OK,RTN,5,0,0,,!WP1001!WP1002!WP1003!WP1006!WP1007!WP1014!hist14!CP1011,1
2026-07-16 15:01:49.1,1BFA_GSM_ALM,BFA_ALM4,MARK VIE A BFPT ALARM,,STA_5,LO CLR DISCHG TEMP HIGH,ALM,5,0,0,,!WP1001!WP1002!WP1003!WP1006!WP1007!WP1014!hist14!CP1011,1
2026-07-16 15:01:51.1,1BFA_GSM_ALM,BFA_ALM4,MARK VIE A BFPT ALARM,,STA_5,LO CLR DISCHG TEMP OK,RTN,5,0,0,,!WP1001!WP1002!WP1003!WP1006!WP1007!WP1014!hist14!CP1011,1
2026-07-16 15:01:58.1,IDFAN_PEEC,OPCY_ALM,PRECIP OUT > 50%,PRECIP OUTLET,STATE,ALARM,ALM,3,,,,!WP1001!WP1002!WP1003!WP1006!WP1007!WP1014!hist14!CP1003,1
2026-07-16 15:02:08.6,1BFA_GSM_ALM,BFA_ALM4,MARK VIE A BFPT ALARM,,STA_5,LO CLR DISCHG TEMP HIGH,ALM,5,0,0,,!WP1001!WP1002!WP1003!WP1006!WP1007!WP1014!hist14!CP1011,1
2026-07-16 15:02:11.1,1BFA_GSM_ALM,BFA_ALM4,MARK VIE A BFPT ALARM,,STA_5,LO CLR DISCHG TEMP OK,RTN,5,0,0,,!WP1001!WP1002!WP1003!WP1006!WP1007!WP1014!hist14!CP1011,1
2026-07-16 15:02:15.1,1BFA_GSM_ALM,BFA_ALM4,MARK VIE A BFPT ALARM,,STA_5,LO CLR DISCHG TEMP HIGH,ALM,5,0,0,,!WP1001!WP1002!WP1003!WP1006!WP1007!WP1014!hist14!CP1011,1
2026-07-16 15:02:17.1,1BFA_GSM_ALM,BFA_ALM4,MARK VIE A BFPT ALARM,,STA_5,LO CLR DISCHG TEMP OK,RTN,5,0,0,,!WP1001!WP1002!WP1003!WP1006!WP1007!WP1014!hist14!CP1011,1
2026-07-16 15:02:26.1,IDFAN_PEEC,OPCY_ALM,PRECIP OUT > 50%,PRECIP OUTLET,STATE,NORMAL,RTN,3,,,,!WP1001!WP1002!WP1003!WP1006!WP1007!WP1014!hist14!CP1003,1
2026-07-16 15:02:28.6,1BFA_GSM_ALM,BFA_ALM4,MARK VIE A BFPT ALARM,,STA_5,LO CLR DISCHG TEMP HIGH,ALM,5,0,0,,!WP1001!WP1002!WP1003!WP1006!WP1007!WP1014!hist14!CP1011,1
2026-07-16 15:02:37.1,1BFA_GSM_ALM,BFA_ALM4,MARK VIE A BFPT ALARM,,STA_5,LO CLR DISCHG TEMP OK,RTN,5,0,0,,!WP1001!WP1002!WP1003!WP1006!WP1007!WP1014!hist14!CP1011,1
2026-07-16 15:02:43.1,1BFA_GSM_ALM,BFA_ALM4,MARK VIE A BFPT ALARM,,STA_5,LO CLR DISCHG TEMP HIGH,ALM,5,0,0,,!WP1001!WP1002!WP1003!WP1006!WP1007!WP1014!hist14!CP1011,1
2026-07-16 15:02:45.1,1BFA_GSM_ALM,BFA_ALM4,MARK VIE A BFPT ALARM,,STA_5,LO CLR DISCHG TEMP OK,RTN,5,0,0,,!WP1001!WP1002!WP1003!WP1006!WP1007!WP1014!hist14!CP1011,1
2026-07-16 15:02:46.6,1BFA_GSM_ALM,BFA_ALM4,MARK VIE A BFPT ALARM,,STA_5,LO CLR DISCHG TEMP HIGH,ALM,5,0,0,,!WP1001!WP1002!WP1003!WP1006!WP1007!WP1014!hist14!CP1011,1
2026-07-16 15:02:48.6,1BFA_GSM_ALM,BFA_ALM4,MARK VIE A BFPT ALARM,,STA_5,LO CLR DISCHG TEMP OK,RTN,5,0,0,,!WP1001!WP1002!WP1003!WP1006!WP1007!WP1014!hist14!CP1011,1
2026-07-16 15:02:54.6,IDFAN_PEEC,OPCY_ALM,PRECIP OUT > 50%,PRECIP OUTLET,STATE,ALARM,ALM,3,,,,!WP1001!WP1002!WP1003!WP1006!WP1007!WP1014!hist14!CP1003,1
2026-07-16 15:02:58.6,1BFA_GSM_ALM,BFA_ALM4,MARK VIE A BFPT ALARM,,STA_5,LO CLR DISCHG TEMP HIGH,ALM,5,0,0,,!WP1001!WP1002!WP1003!WP1006!WP1007!WP1014!hist14!CP1011,1
2026-07-16 15:03:01.1,1BFA_GSM_ALM,BFA_ALM4,MARK VIE A BFPT ALARM,,STA_5,LO CLR DISCHG TEMP OK,RTN,5,0,0,,!WP1001!WP1002!WP1003!WP1006!WP1007!WP1014!hist14!CP1011,1
2026-07-16 15:03:08.1,IDFAN_PEEC,OPCY_ALM,PRECIP OUT > 50%,PRECIP OUTLET,STATE,NORMAL,RTN,3,,,,!WP1001!WP1002!WP1003!WP1006!WP1007!WP1014!hist14!CP1003,1
2026-07-16 15:03:12.6,1BFA_GSM_ALM,BFA_ALM4,MARK VIE A BFPT ALARM,,STA_5,LO CLR DISCHG TEMP HIGH,ALM,5,0,0,,!WP1001!WP1002!WP1003!WP1006!WP1007!WP1014!hist14!CP1011,1
2026-07-16 15:03:14.6,1BFA_GSM_ALM,BFA_ALM4,MARK VIE A BFPT ALARM,,STA_5,LO CLR DISCHG TEMP OK,RTN,5,0,0,,!WP1001!WP1002!WP1003!WP1006!WP1007!WP1014!hist14!CP1011,1
2026-07-16 15:03:18.6,1BFA_GSM_ALM,BFA_ALM4,MARK VIE A BFPT ALARM,,STA_5,LO CLR DISCHG TEMP HIGH,ALM,5,0,0,,!WP1001!WP1002!WP1003!WP1006!WP1007!WP1014!hist14!CP1011,1
2026-07-16 15:03:20.6,1BFA_GSM_ALM,BFA_ALM4,MARK VIE A BFPT ALARM,,STA_5,LO CLR DISCHG TEMP OK,RTN,5,0,0,,!WP1001!WP1002!WP1003!WP1006!WP1007!WP1014!hist14!CP1011,1
2026-07-16 15:03:22.6,1BFA_GSM_ALM,BFA_ALM4,MARK VIE A BFPT ALARM,,STA_5,LO CLR DISCHG TEMP HIGH,ALM,5,0,0,,!WP1001!WP1002!WP1003!WP1006!WP1007!WP1014!hist14!CP1011,1
2026-07-16 15:03:24.6,1BFA_GSM_ALM,BFA_ALM4,MARK VIE A BFPT ALARM,,STA_5,LO CLR DISCHG TEMP OK,RTN,5,0,0,,!WP1001!WP1002!WP1003!WP1006!WP1007!WP1014!hist14!CP1011,1
2026-07-16 15:03:37.1,1BFA_GSM_ALM,BFA_ALM4,MARK VIE A BFPT ALARM,,STA_5,LO CLR DISCHG TEMP HIGH,ALM,5,0,0,,!WP1001!WP1002!WP1003!WP1006!WP1007!WP1014!hist14!CP1011,1
2026-07-16 15:03:38.6,1BFA_GSM_ALM,BFA_ALM4,MARK VIE A BFPT ALARM,,STA_5,LO CLR DISCHG TEMP OK,RTN,5,0,0,,!WP1001!WP1002!WP1003!WP1006!WP1007!WP1014!hist14!CP1011,1
2026-07-16 15:03:42.6,1BFA_GSM_ALM,BFA_ALM4,MARK VIE A BFPT ALARM,,STA_5,LO CLR DISCHG TEMP HIGH,ALM,5,0,0,,!WP1001!WP1002!WP1003!WP1006!WP1007!WP1014!hist14!CP1011,1
2026-07-16 15:03:44.6,1BFA_GSM_ALM,BFA_ALM4,MARK VIE A BFPT ALARM,,STA_5,LO CLR DISCHG TEMP OK,RTN,5,0,0,,!WP1001!WP1002!WP1003!WP1006!WP1007!WP1014!hist14!CP1011,1
2026-07-16 15:03:53.1,1BFA_GSM_ALM,BFA_ALM4,MARK VIE A BFPT ALARM,,STA_5,LO CLR DISCHG TEMP HIGH,ALM,5,0,0,,!WP1001!WP1002!WP1003!WP1006!WP1007!WP1014!hist14!CP1011,1
2026-07-16 15:03:59.1,1BFA_GSM_ALM,BFA_ALM4,MARK VIE A BFPT ALARM,,STA_5,LO CLR DISCHG TEMP OK,RTN,5,0,0,,!WP1001!WP1002!WP1003!WP1006!WP1007!WP1014!hist14!CP1011,1
2026-07-16 15:04:08.6,1BFA_GSM_ALM,BFA_ALM4,MARK VIE A BFPT ALARM,,STA_5,LO CLR DISCHG TEMP HIGH,ALM,5,0,0,,!WP1001!WP1002!WP1003!WP1006!WP1007!WP1014!hist14!CP1011,1
2026-07-16 15:04:10.6,1BFA_GSM_ALM,BFA_ALM4,MARK VIE A BFPT ALARM,,STA_5,LO CLR DISCHG TEMP OK,RTN,5,0,0,,!WP1001!WP1002!WP1003!WP1006!WP1007!WP1014!hist14!CP1011,1
2026-07-16 15:04:21.1,1BFA_GSM_ALM,BFA_ALM4,MARK VIE A BFPT ALARM,,STA_5,LO CLR DISCHG TEMP HIGH,ALM,5,0,0,,!WP1001!WP1002!WP1003!WP1006!WP1007!WP1014!hist14!CP1011,1
2026-07-16 15:04:23.1,1BFA_GSM_ALM,BFA_ALM4,MARK VIE A BFPT ALARM,,STA_5,LO CLR DISCHG TEMP OK,RTN,5,0,0,,!WP1001!WP1002!WP1003!WP1006!WP1007!WP1014!hist14!CP1011,1
2026-07-16 15:04:28.6,1BFA_GSM_ALM,BFA_ALM4,MARK VIE A BFPT ALARM,,STA_5,LO CLR DISCHG TEMP HIGH,ALM,5,0,0,,!WP1001!WP1002!WP1003!WP1006!WP1007!WP1014!hist14!CP1011,1
2026-07-16 15:04:30.6,1BFA_GSM_ALM,BFA_ALM4,MARK VIE A BFPT ALARM,,STA_5,LO CLR DISCHG TEMP OK,RTN,5,0,0,,!WP1001!WP1002!WP1003!WP1006!WP1007!WP1014!hist14!CP1011,1
2026-07-16 15:04:32.6,1BFA_GSM_ALM,BFA_ALM4,MARK VIE A BFPT ALARM,,STA_5,LO CLR DISCHG TEMP HIGH,ALM,5,0,0,,!WP1001!WP1002!WP1003!WP1006!WP1007!WP1014!hist14!CP1011,1
2026-07-16 15:04:36.6,1BFA_GSM_ALM,BFA_ALM4,MARK VIE A BFPT ALARM,,STA_5,LO CLR DISCHG TEMP OK,RTN,5,0,0,,!WP1001!WP1002!WP1003!WP1006!WP1007!WP1014!hist14!CP1011,1
2026-07-16 15:04:38.6,1BFA_GSM_ALM,BFA_ALM4,MARK VIE A BFPT ALARM,,STA_5,LO CLR DISCHG TEMP HIGH,ALM,5,0,0,,!WP1001!WP1002!WP1003!WP1006!WP1007!WP1014!hist14!CP1011,1
2026-07-16 15:04:40.6,1BFA_GSM_ALM,BFA_ALM4,MARK VIE A BFPT ALARM,,STA_5,LO CLR DISCHG TEMP OK,RTN,5,0,0,,!WP1001!WP1002!WP1003!WP1006!WP1007!WP1014!hist14!CP1011,1
2026-07-16 15:04:42.6,IDFAN_PEEC,OPCY_ALM,PRECIP OUT > 50%,PRECIP OUTLET,STATE,ALARM,ALM,3,,,,!WP1001!WP1002!WP1003!WP1006!WP1007!WP1014!hist14!CP1003,1
2026-07-16 15:04:53.6,IDFAN_PEEC,OPCY_ALM,PRECIP OUT > 50%,PRECIP OUTLET,STATE,NORMAL,RTN,3,,,,!WP1001!WP1002!WP1003!WP1006!WP1007!WP1014!hist14!CP1003,1
2026-07-16 15:04:53.1,1BFA_GSM_ALM,BFA_ALM4,MARK VIE A BFPT ALARM,,STA_5,LO CLR DISCHG TEMP HIGH,ALM,5,0,0,,!WP1001!WP1002!WP1003!WP1006!WP1007!WP1014!hist14!CP1011,1
2026-07-16 15:04:54.6,1BFA_GSM_ALM,BFA_ALM4,MARK VIE A BFPT ALARM,,STA_5,LO CLR DISCHG TEMP OK,RTN,5,0,0,,!WP1001!WP1002!WP1003!WP1006!WP1007!WP1014!hist14!CP1011,1
2026-07-16 15:04:56.6,1BFA_GSM_ALM,BFA_ALM4,MARK VIE A BFPT ALARM,,STA_5,LO CLR DISCHG TEMP HIGH,ALM,5,0,0,,!WP1001!WP1002!WP1003!WP1006!WP1007!WP1014!hist14!CP1011,1
2026-07-16 15:05:00.6,1BFA_GSM_ALM,BFA_ALM4,MARK VIE A BFPT ALARM,,STA_5,LO CLR DISCHG TEMP OK,RTN,5,0,0,,!WP1001!WP1002!WP1003!WP1006!WP1007!WP1014!hist14!CP1011,1
2026-07-16 15:05:19.1,1BFA_GSM_ALM,BFA_ALM4,MARK VIE A BFPT ALARM,,STA_5,LO CLR DISCHG TEMP HIGH,ALM,5,0,0,,!WP1001!WP1002!WP1003!WP1006!WP1007!WP1014!hist14!CP1011,1
2026-07-16 15:05:21.0,1ULD,B3_ALM,BLOCK LOAD INC/DEC ALM,,STATE,BLOCK LOAD INCREASE/DECREASE,ALM,3,,,,!WP1001!WP1002!WP1003!WP1006!WP1007!WP1014!hist14!CP1001,1
2026-07-16 15:05:22.6,1BFA_GSM_ALM,BFA_ALM4,MARK VIE A BFPT ALARM,,STA_5,LO CLR DISCHG TEMP OK,RTN,5,0,0,,!WP1001!WP1002!WP1003!WP1006!WP1007!WP1014!hist14!CP1011,1
2026-07-16 15:05:32.6,1BFA_GSM_ALM,BFA_ALM4,MARK VIE A BFPT ALARM,,STA_5,LO CLR DISCHG TEMP HIGH,ALM,5,0,0,,!WP1001!WP1002!WP1003!WP1006!WP1007!WP1014!hist14!CP1011,1
2026-07-16 15:05:34.6,1BFA_GSM_ALM,BFA_ALM4,MARK VIE A BFPT ALARM,,STA_5,LO CLR DISCHG TEMP OK,RTN,5,0,0,,!WP1001!WP1002!WP1003!WP1006!WP1007!WP1014!hist14!CP1011,1
2026-07-16 15:05:37.8,1DAS6,ISTE4911,BFPT A OIL CLR    DSCH TMP,1295,HIABS,HIGH,ALM,3,130.011,130,DEG.F,!WP1002!WP1006!WP1007!WP1001!WP1003!WP1014!hist14!CP1006,1
2026-07-16 15:05:46.6,1BFA_GSM_ALM,BFA_ALM4,MARK VIE A BFPT ALARM,,STA_5,LO CLR DISCHG TEMP HIGH,ALM,5,0,0,,!WP1001!WP1002!WP1003!WP1006!WP1007!WP1014!hist14!CP1011,1
2026-07-16 15:05:48.6,1BFA_GSM_ALM,BFA_ALM4,MARK VIE A BFPT ALARM,,STA_5,LO CLR DISCHG TEMP OK,RTN,5,0,0,,!WP1001!WP1002!WP1003!WP1006!WP1007!WP1014!hist14!CP1011,1
2026-07-16 15:06:06.0,1ULD,B27A,UNIT OFF AGC,,STATE,AGC UNAVAILABLE,ALM,5,,,,!WP1001!WP1002!WP1003!WP1006!WP1007!WP1014!hist14!CP1001,1
2026-07-16 15:06:09.1,1BFA_GSM_ALM,BFA_ALM4,MARK VIE A BFPT ALARM,,STA_5,LO CLR DISCHG TEMP HIGH,ALM,5,0,0,,!WP1001!WP1002!WP1003!WP1006!WP1007!WP1014!hist14!CP1011,1
2026-07-16 15:06:11.1,1BFA_GSM_ALM,BFA_ALM4,MARK VIE A BFPT ALARM,,STA_5,LO CLR DISCHG TEMP OK,RTN,5,0,0,,!WP1001!WP1002!WP1003!WP1006!WP1007!WP1014!hist14!CP1011,1
2026-07-16 15:06:16.6,1BFA_GSM_ALM,BFA_ALM4,MARK VIE A BFPT ALARM,,STA_5,LO CLR DISCHG TEMP HIGH,ALM,5,0,0,,!WP1001!WP1002!WP1003!WP1006!WP1007!WP1014!hist14!CP1011,1
2026-07-16 15:06:20.6,1BFA_GSM_ALM,BFA_ALM4,MARK VIE A BFPT ALARM,,STA_5,LO CLR DISCHG TEMP OK,RTN,5,0,0,,!WP1001!WP1002!WP1003!WP1006!WP1007!WP1014!hist14!CP1011,1
2026-07-16 15:06:24.6,1BFA_GSM_ALM,BFA_ALM4,MARK VIE A BFPT ALARM,,STA_5,LO CLR DISCHG TEMP HIGH,ALM,5,0,0,,!WP1001!WP1002!WP1003!WP1006!WP1007!WP1014!hist14!CP1011,1
2026-07-16 15:06:26.6,1BFA_GSM_ALM,BFA_ALM4,MARK VIE A BFPT ALARM,,STA_5,LO CLR DISCHG TEMP OK,RTN,5,0,0,,!WP1001!WP1002!WP1003!WP1006!WP1007!WP1014!hist14!CP1011,1
2026-07-16 15:06:29.1,1BFA_GSM_ALM,BFA_ALM4,MARK VIE A BFPT ALARM,,STA_5,LO CLR DISCHG TEMP HIGH,ALM,5,0,0,,!WP1001!WP1002!WP1003!WP1006!WP1007!WP1014!hist14!CP1011,1
2026-07-16 15:06:31.1,1BFA_GSM_ALM,BFA_ALM4,MARK VIE A BFPT ALARM,,STA_5,LO CLR DISCHG TEMP OK,RTN,5,0,0,,!WP1001!WP1002!WP1003!WP1006!WP1007!WP1014!hist14!CP1011,1
2026-07-16 15:06:33.1,1BFA_GSM_ALM,BFA_ALM4,MARK VIE A BFPT ALARM,,STA_5,LO CLR DISCHG TEMP HIGH,ALM,5,0,0,,!WP1001!WP1002!WP1003!WP1006!WP1007!WP1014!hist14!CP1011,1
2026-07-16 15:06:35.1,1BFA_GSM_ALM,BFA_ALM4,MARK VIE A BFPT ALARM,,STA_5,LO CLR DISCHG TEMP OK,RTN,5,0,0,,!WP1001!WP1002!WP1003!WP1006!WP1007!WP1014!hist14!CP1011,1
2026-07-16 15:06:42.6,IDFAN_PEEC,OPCY_ALM,PRECIP OUT > 50%,PRECIP OUTLET,STATE,ALARM,ALM,3,,,,!WP1001!WP1002!WP1003!WP1006!WP1007!WP1014!hist14!CP1003,1
2026-07-16 15:06:44.6,1BFA_GSM_ALM,BFA_ALM4,MARK VIE A BFPT ALARM,,STA_5,LO CLR DISCHG TEMP HIGH,ALM,5,0,0,,!WP1001!WP1002!WP1003!WP1006!WP1007!WP1014!hist14!CP1011,1
2026-07-16 15:06:48.1,IDFAN_PEEC,OPCY_ALM,PRECIP OUT > 50%,PRECIP OUTLET,STATE,NORMAL,RTN,3,,,,!WP1001!WP1002!WP1003!WP1006!WP1007!WP1014!hist14!CP1003,1
2026-07-16 15:06:48.6,1BFA_GSM_ALM,BFA_ALM4,MARK VIE A BFPT ALARM,,STA_5,LO CLR DISCHG TEMP OK,RTN,5,0,0,,!WP1001!WP1002!WP1003!WP1006!WP1007!WP1014!hist14!CP1011,1
2026-07-16 15:06:55.6,IDFAN_PEEC,OPCY_ALM,PRECIP OUT > 50%,PRECIP OUTLET,STATE,ALARM,ALM,3,,,,!WP1001!WP1002!WP1003!WP1006!WP1007!WP1014!hist14!CP1003,1
2026-07-16 15:06:55.1,1BFA_GSM_ALM,BFA_ALM4,MARK VIE A BFPT ALARM,,STA_5,LO CLR DISCHG TEMP HIGH,ALM,5,0,0,,!WP1001!WP1002!WP1003!WP1006!WP1007!WP1014!hist14!CP1011,1
2026-07-16 15:06:59.1,1BFA_GSM_ALM,BFA_ALM4,MARK VIE A BFPT ALARM,,STA_5,LO CLR DISCHG TEMP OK,RTN,5,0,0,,!WP1001!WP1002!WP1003!WP1006!WP1007!WP1014!hist14!CP1011,1
2026-07-16 15:07:01.1,1BFA_GSM_ALM,BFA_ALM4,MARK VIE A BFPT ALARM,,STA_5,LO CLR DISCHG TEMP HIGH,ALM,5,0,0,,!WP1001!WP1002!WP1003!WP1006!WP1007!WP1014!hist14!CP1011,1
2026-07-16 15:07:02.6,1BFA_GSM_ALM,BFA_ALM4,MARK VIE A BFPT ALARM,,STA_5,LO CLR DISCHG TEMP OK,RTN,5,0,0,,!WP1001!WP1002!WP1003!WP1006!WP1007!WP1014!hist14!CP1011,1
2026-07-16 15:07:06.6,1BFA_GSM_ALM,BFA_ALM4,MARK VIE A BFPT ALARM,,STA_5,LO CLR DISCHG TEMP HIGH,ALM,5,0,0,,!WP1001!WP1002!WP1003!WP1006!WP1007!WP1014!hist14!CP1011,1
2026-07-16 15:07:08.6,1BFA_GSM_ALM,BFA_ALM4,MARK VIE A BFPT ALARM,,STA_5,LO CLR DISCHG TEMP OK,RTN,5,0,0,,!WP1001!WP1002!WP1003!WP1006!WP1007!WP1014!hist14!CP1011,1
2026-07-16 15:07:12.6,1BFA_GSM_ALM,BFA_ALM4,MARK VIE A BFPT ALARM,,STA_5,LO CLR DISCHG TEMP HIGH,ALM,5,0,0,,!WP1001!WP1002!WP1003!WP1006!WP1007!WP1014!hist14!CP1011,1
2026-07-16 15:07:21.1,1BFA_GSM_ALM,BFA_ALM4,MARK VIE A BFPT ALARM,,STA_5,LO CLR DISCHG TEMP OK,RTN,5,0,0,,!WP1001!WP1002!WP1003!WP1006!WP1007!WP1014!hist14!CP1011,1
2026-07-16 15:07:27.1,1BFA_GSM_ALM,BFA_ALM4,MARK VIE A BFPT ALARM,,STA_5,LO CLR DISCHG TEMP HIGH,ALM,5,0,0,,!WP1001!WP1002!WP1003!WP1006!WP1007!WP1014!hist14!CP1011,1
2026-07-16 15:07:28.0,1ULD,B3_ALM,BLOCK LOAD INC/DEC ALM,,STATE,LOAD BLOCK NOT IN SERVICE,RTN,3,,,,!WP1001!WP1002!WP1003!WP1006!WP1007!WP1014!hist14!CP1001,1
2026-07-16 15:07:30.6,1BFA_GSM_ALM,BFA_ALM4,MARK VIE A BFPT ALARM,,STA_5,LO CLR DISCHG TEMP OK,RTN,5,0,0,,!WP1001!WP1002!WP1003!WP1006!WP1007!WP1014!hist14!CP1011,1
2026-07-16 15:07:34.6,1BFA_GSM_ALM,BFA_ALM4,MARK VIE A BFPT ALARM,,STA_5,LO CLR DISCHG TEMP HIGH,ALM,5,0,0,,!WP1001!WP1002!WP1003!WP1006!WP1007!WP1014!hist14!CP1011,1
2026-07-16 15:07:38.6,1BFA_GSM_ALM,BFA_ALM4,MARK VIE A BFPT ALARM,,STA_5,LO CLR DISCHG TEMP OK,RTN,5,0,0,,!WP1001!WP1002!WP1003!WP1006!WP1007!WP1014!hist14!CP1011,1
2026-07-16 15:07:40.6,IDFAN_PEEC,OPCY_ALM,PRECIP OUT > 50%,PRECIP OUTLET,STATE,NORMAL,RTN,3,,,,!WP1001!WP1002!WP1003!WP1006!WP1007!WP1014!hist14!CP1003,1
2026-07-16 15:07:42.0,1PDF,SLPSL0001,PULV LOW SEAL AIR HDR DIFF PRESS,,LOABS,PULV LOW SEAL AIR HDR DIFF PRESS,ALM,1,3.9293,4,INH2O,!WP1001!WP1002!WP1003!WP1006!WP1007!WP1014!hist14!CP1004,1
2026-07-16 15:07:43.0,1PDF,SLPSL0001,PULV LOW SEAL AIR HDR DIFF PRESS,,LOABS,PULV LOW SEAL AIR HDR DIFF PRESS,RTN,1,4.04824,4,INH2O,!WP1001!WP1002!WP1003!WP1006!WP1007!WP1014!hist14!CP1004,1
2026-07-16 15:07:44.0,1PDF,SLPSL0001,PULV LOW SEAL AIR HDR DIFF PRESS,,LOABS,PULV LOW SEAL AIR HDR DIFF PRESS,ALM,1,3.95596,4,INH2O,!WP1001!WP1002!WP1003!WP1006!WP1007!WP1014!hist14!CP1004,1
2026-07-16 15:07:45.0,1PDF,SLPSL0001,PULV LOW SEAL AIR HDR DIFF PRESS,,LOABS,PULV LOW SEAL AIR HDR DIFF PRESS,RTN,1,4.0585,4,INH2O,!WP1001!WP1002!WP1003!WP1006!WP1007!WP1014!hist14!CP1004,1
2026-07-16 15:07:46.0,1PDF,SLPSL0001,PULV LOW SEAL AIR HDR DIFF PRESS,,LOABS,PULV LOW SEAL AIR HDR DIFF PRESS,ALM,1,3.89736,4,INH2O,!WP1001!WP1002!WP1003!WP1006!WP1007!WP1014!hist14!CP1004,1
2026-07-16 15:07:49.0,1PDF,SLPSL0001,PULV LOW SEAL AIR HDR DIFF PRESS,,LOABS,PULV LOW SEAL AIR HDR DIFF PRESS,RTN,1,4.11357,4,INH2O,!WP1001!WP1002!WP1003!WP1006!WP1007!WP1014!hist14!CP1004,1
2026-07-16 15:07:51.1,1BFA_GSM_ALM,BFA_ALM4,MARK VIE A BFPT ALARM,,STA_5,LO CLR DISCHG TEMP HIGH,ALM,5,0,0,,!WP1001!WP1002!WP1003!WP1006!WP1007!WP1014!hist14!CP1011,1
2026-07-16 15:07:53.1,1BFA_GSM_ALM,BFA_ALM4,MARK VIE A BFPT ALARM,,STA_5,LO CLR DISCHG TEMP OK,RTN,5,0,0,,!WP1001!WP1002!WP1003!WP1006!WP1007!WP1014!hist14!CP1011,1
2026-07-16 15:07:58.6,1BFA_GSM_ALM,BFA_ALM4,MARK VIE A BFPT ALARM,,STA_5,LO CLR DISCHG TEMP HIGH,ALM,5,0,0,,!WP1001!WP1002!WP1003!WP1006!WP1007!WP1014!hist14!CP1011,1
2026-07-16 15:08:01.4,1ULD,B27A,UNIT OFF AGC,,STATE,,RTN,5,,,,!WP1001!WP1002!WP1003!WP1006!WP1007!WP1014!hist14!CP1001,1
2026-07-16 15:08:02.6,1BFA_GSM_ALM,BFA_ALM4,MARK VIE A BFPT ALARM,,STA_5,LO CLR DISCHG TEMP OK,RTN,5,0,0,,!WP1001!WP1002!WP1003!WP1006!WP1007!WP1014!hist14!CP1011,1
2026-07-16 15:08:04.6,1BFA_GSM_ALM,BFA_ALM4,MARK VIE A BFPT ALARM,,STA_5,LO CLR DISCHG TEMP HIGH,ALM,5,0,0,,!WP1001!WP1002!WP1003!WP1006!WP1007!WP1014!hist14!CP1011,1
2026-07-16 15:08:11.1,1BFA_GSM_ALM,BFA_ALM4,MARK VIE A BFPT ALARM,,STA_5,LO CLR DISCHG TEMP OK,RTN,5,0,0,,!WP1001!WP1002!WP1003!WP1006!WP1007!WP1014!hist14!CP1011,1
2026-07-16 15:08:15.1,1BFA_GSM_ALM,BFA_ALM4,MARK VIE A BFPT ALARM,,STA_5,LO CLR DISCHG TEMP HIGH,ALM,5,0,0,,!WP1001!WP1002!WP1003!WP1006!WP1007!WP1014!hist14!CP1011,1
2026-07-16 15:08:22.0,1PDF,SLPSL0001,PULV LOW SEAL AIR HDR DIFF PRESS,,LOABS,PULV LOW SEAL AIR HDR DIFF PRESS,ALM,1,3.98672,4,INH2O,!WP1001!WP1002!WP1003!WP1006!WP1007!WP1014!hist14!CP1004,1
2026-07-16 15:08:23.0,1PDF,SLPSL0001,PULV LOW SEAL AIR HDR DIFF PRESS,,LOABS,PULV LOW SEAL AIR HDR DIFF PRESS,RTN,1,4.10127,4,INH2O,!WP1001!WP1002!WP1003!WP1006!WP1007!WP1014!hist14!CP1004,1
2026-07-16 15:08:24.0,1PDF,SLPSL0001,PULV LOW SEAL AIR HDR DIFF PRESS,,LOABS,PULV LOW SEAL AIR HDR DIFF PRESS,ALM,1,3.99463,4,INH2O,!WP1001!WP1002!WP1003!WP1006!WP1007!WP1014!hist14!CP1004,1
2026-07-16 15:08:24.6,1BFA_GSM_ALM,BFA_ALM4,MARK VIE A BFPT ALARM,,STA_5,LO CLR DISCHG TEMP OK,RTN,5,0,0,,!WP1001!WP1002!WP1003!WP1006!WP1007!WP1014!hist14!CP1011,1
2026-07-16 15:08:25.0,1PDF,SLPSL0001,PULV LOW SEAL AIR HDR DIFF PRESS,,LOABS,PULV LOW SEAL AIR HDR DIFF PRESS,RTN,1,4.1127,4,INH2O,!WP1001!WP1002!WP1003!WP1006!WP1007!WP1014!hist14!CP1004,1
2026-07-16 15:08:28.6,1BFA_GSM_ALM,BFA_ALM4,MARK VIE A BFPT ALARM,,STA_5,LO CLR DISCHG TEMP HIGH,ALM,5,0,0,,!WP1001!WP1002!WP1003!WP1006!WP1007!WP1014!hist14!CP1011,1
2026-07-16 15:08:30.0,1PDF,SLPSL0001,PULV LOW SEAL AIR HDR DIFF PRESS,,LOABS,PULV LOW SEAL AIR HDR DIFF PRESS,ALM,1,3.97441,4,INH2O,!WP1001!WP1002!WP1003!WP1006!WP1007!WP1014!hist14!CP1004,1
2026-07-16 15:08:30.6,1BFA_GSM_ALM,BFA_ALM4,MARK VIE A BFPT ALARM,,STA_5,LO CLR DISCHG TEMP OK,RTN,5,0,0,,!WP1001!WP1002!WP1003!WP1006!WP1007!WP1014!hist14!CP1011,1
2026-07-16 15:08:34.6,1BFA_GSM_ALM,BFA_ALM4,MARK VIE A BFPT ALARM,,STA_5,LO CLR DISCHG TEMP HIGH,ALM,5,0,0,,!WP1001!WP1002!WP1003!WP1006!WP1007!WP1014!hist14!CP1011,1
2026-07-16 15:08:38.0,1PDF,SLPSL0001,PULV LOW SEAL AIR HDR DIFF PRESS,,LOABS,PULV LOW SEAL AIR HDR DIFF PRESS,RTN,1,4.08574,4,INH2O,!WP1001!WP1002!WP1003!WP1006!WP1007!WP1014!hist14!CP1004,1
2026-07-16 15:08:43.1,1BFA_GSM_ALM,BFA_ALM4,MARK VIE A BFPT ALARM,,STA_5,LO CLR DISCHG TEMP OK,RTN,5,0,0,,!WP1001!WP1002!WP1003!WP1006!WP1007!WP1014!hist14!CP1011,1
2026-07-16 15:08:45.1,1BFA_GSM_ALM,BFA_ALM4,MARK VIE A BFPT ALARM,,STA_5,LO CLR DISCHG TEMP HIGH,ALM,5,0,0,,!WP1001!WP1002!WP1003!WP1006!WP1007!WP1014!hist14!CP1011,1
2026-07-16 15:08:46.6,1BFA_GSM_ALM,BFA_ALM4,MARK VIE A BFPT ALARM,,STA_5,LO CLR DISCHG TEMP OK,RTN,5,0,0,,!WP1001!WP1002!WP1003!WP1006!WP1007!WP1014!hist14!CP1011,1
2026-07-16 15:08:52.6,1BFA_GSM_ALM,BFA_ALM4,MARK VIE A BFPT ALARM,,STA_5,LO CLR DISCHG TEMP HIGH,ALM,5,0,0,,!WP1001!WP1002!WP1003!WP1006!WP1007!WP1014!hist14!CP1011,1
2026-07-16 15:08:54.6,1BFA_GSM_ALM,BFA_ALM4,MARK VIE A BFPT ALARM,,STA_5,LO CLR DISCHG TEMP OK,RTN,5,0,0,,!WP1001!WP1002!WP1003!WP1006!WP1007!WP1014!hist14!CP1011,1
2026-07-16 15:08:58.6,1BFA_GSM_ALM,BFA_ALM4,MARK VIE A BFPT ALARM,,STA_5,LO CLR DISCHG TEMP HIGH,ALM,5,0,0,,!WP1001!WP1002!WP1003!WP1006!WP1007!WP1014!hist14!CP1011,1
2026-07-16 15:09:00.6,1BFA_GSM_ALM,BFA_ALM4,MARK VIE A BFPT ALARM,,STA_5,LO CLR DISCHG TEMP OK,RTN,5,0,0,,!WP1001!WP1002!WP1003!WP1006!WP1007!WP1014!hist14!CP1011,1
2026-07-16 15:09:04.0,1PDF,SLPSL0001,PULV LOW SEAL AIR HDR DIFF PRESS,,LOABS,PULV LOW SEAL AIR HDR DIFF PRESS,ALM,1,3.90557,4,INH2O,!WP1001!WP1002!WP1003!WP1006!WP1007!WP1014!hist14!CP1004,1
2026-07-16 15:09:05.0,1PDF,SLPSL0001,PULV LOW SEAL AIR HDR DIFF PRESS,,LOABS,PULV LOW SEAL AIR HDR DIFF PRESS,RTN,1,4.02832,4,INH2O,!WP1001!WP1002!WP1003!WP1006!WP1007!WP1014!hist14!CP1004,1
2026-07-16 15:09:05.1,1BFA_GSM_ALM,BFA_ALM4,MARK VIE A BFPT ALARM,,STA_5,LO CLR DISCHG TEMP HIGH,ALM,5,0,0,,!WP1001!WP1002!WP1003!WP1006!WP1007!WP1014!hist14!CP1011,1
2026-07-16 15:09:06.0,1PDF,SLPSL0001,PULV LOW SEAL AIR HDR DIFF PRESS,,LOABS,PULV LOW SEAL AIR HDR DIFF PRESS,ALM,1,3.92109,4,INH2O,!WP1001!WP1002!WP1003!WP1006!WP1007!WP1014!hist14!CP1004,1
2026-07-16 15:09:07.0,1PDF,SLPSL0001,PULV LOW SEAL AIR HDR DIFF PRESS,,LOABS,PULV LOW SEAL AIR HDR DIFF PRESS,RTN,1,4.07285,4,INH2O,!WP1001!WP1002!WP1003!WP1006!WP1007!WP1014!hist14!CP1004,1
2026-07-16 15:09:07.1,1BFA_GSM_ALM,BFA_ALM4,MARK VIE A BFPT ALARM,,STA_5,LO CLR DISCHG TEMP OK,RTN,5,0,0,,!WP1001!WP1002!WP1003!WP1006!WP1007!WP1014!hist14!CP1011,1
2026-07-16 15:09:11.0,1PDF,SLPSL0001,PULV LOW SEAL AIR HDR DIFF PRESS,,LOABS,PULV LOW SEAL AIR HDR DIFF PRESS,ALM,1,3.98789,4,INH2O,!WP1001!WP1002!WP1003!WP1006!WP1007!WP1014!hist14!CP1004,1
2026-07-16 15:09:11.1,1BFA_GSM_ALM,BFA_ALM4,MARK VIE A BFPT ALARM,,STA_5,LO CLR DISCHG TEMP HIGH,ALM,5,0,0,,!WP1001!WP1002!WP1003!WP1006!WP1007!WP1014!hist14!CP1011,1
2026-07-16 15:09:14.0,1PDF,SLPSL0001,PULV LOW SEAL AIR HDR DIFF PRESS,,LOABS,PULV LOW SEAL AIR HDR DIFF PRESS,RTN,1,4.09131,4,INH2O,!WP1001!WP1002!WP1003!WP1006!WP1007!WP1014!hist14!CP1004,1
2026-07-16 15:09:16.6,1BFA_GSM_ALM,BFA_ALM4,MARK VIE A BFPT ALARM,,STA_5,LO CLR DISCHG TEMP OK,RTN,5,0,0,,!WP1001!WP1002!WP1003!WP1006!WP1007!WP1014!hist14!CP1011,1
2026-07-16 15:09:18.6,1BFA_GSM_ALM,BFA_ALM4,MARK VIE A BFPT ALARM,,STA_5,LO CLR DISCHG TEMP HIGH,ALM,5,0,0,,!WP1001!WP1002!WP1003!WP1006!WP1007!WP1014!hist14!CP1011,1
2026-07-16 15:09:19.0,1PDF,SLPSL0001,PULV LOW SEAL AIR HDR DIFF PRESS,,LOABS,PULV LOW SEAL AIR HDR DIFF PRESS,ALM,1,3.9627,4,INH2O,!WP1001!WP1002!WP1003!WP1006!WP1007!WP1014!hist14!CP1004,1
2026-07-16 15:09:20.0,1PDF,SLPSL0001,PULV LOW SEAL AIR HDR DIFF PRESS,,LOABS,PULV LOW SEAL AIR HDR DIFF PRESS,RTN,1,4.00693,4,INH2O,!WP1001!WP1002!WP1003!WP1006!WP1007!WP1014!hist14!CP1004,1
2026-07-16 15:09:20.6,1BFA_GSM_ALM,BFA_ALM4,MARK VIE A BFPT ALARM,,STA_5,LO CLR DISCHG TEMP OK,RTN,5,0,0,,!WP1001!WP1002!WP1003!WP1006!WP1007!WP1014!hist14!CP1011,1
2026-07-16 15:09:21.1,1PDF,SLPSL0001,PULV LOW SEAL AIR HDR DIFF PRESS,,LOABS,PULV LOW SEAL AIR HDR DIFF PRESS,ALM,1,3.93193,4,INH2O,!WP1001!WP1002!WP1003!WP1006!WP1007!WP1014!hist14!CP1004,1
2026-07-16 15:09:22.6,1BFA_GSM_ALM,BFA_ALM4,MARK VIE A BFPT ALARM,,STA_5,LO CLR DISCHG TEMP HIGH,ALM,5,0,0,,!WP1001!WP1002!WP1003!WP1006!WP1007!WP1014!hist14!CP1011,1
2026-07-16 15:09:28.1,1PDF,SLPSL0001,PULV LOW SEAL AIR HDR DIFF PRESS,,LOABS,PULV LOW SEAL AIR HDR DIFF PRESS,RTN,1,4.05674,4,INH2O,!WP1001!WP1002!WP1003!WP1006!WP1007!WP1014!hist14!CP1004,1
2026-07-16 15:09:29.0,1PDF,SLPSL0001,PULV LOW SEAL AIR HDR DIFF PRESS,,LOABS,PULV LOW SEAL AIR HDR DIFF PRESS,ALM,1,3.92314,4,INH2O,!WP1001!WP1002!WP1003!WP1006!WP1007!WP1014!hist14!CP1004,1
2026-07-16 15:09:30.0,1PDF,SLPSL0001,PULV LOW SEAL AIR HDR DIFF PRESS,,LOABS,PULV LOW SEAL AIR HDR DIFF PRESS,RTN,1,4.01133,4,INH2O,!WP1001!WP1002!WP1003!WP1006!WP1007!WP1014!hist14!CP1004,1
2026-07-16 15:09:31.0,1PDF,SLPSL0001,PULV LOW SEAL AIR HDR DIFF PRESS,,LOABS,PULV LOW SEAL AIR HDR DIFF PRESS,ALM,1,3.93604,4,INH2O,!WP1001!WP1002!WP1003!WP1006!WP1007!WP1014!hist14!CP1004,1
2026-07-16 15:09:31.1,1BFA_GSM_ALM,BFA_ALM4,MARK VIE A BFPT ALARM,,STA_5,LO CLR DISCHG TEMP OK,RTN,5,0,0,,!WP1001!WP1002!WP1003!WP1006!WP1007!WP1014!hist14!CP1011,1
2026-07-16 15:09:32.0,1PDF,SLPSL0001,PULV LOW SEAL AIR HDR DIFF PRESS,,LOABS,PULV LOW SEAL AIR HDR DIFF PRESS,RTN,1,4.05762,4,INH2O,!WP1001!WP1002!WP1003!WP1006!WP1007!WP1014!hist14!CP1004,1
2026-07-16 15:09:33.1,1BFA_GSM_ALM,BFA_ALM4,MARK VIE A BFPT ALARM,,STA_5,LO CLR DISCHG TEMP HIGH,ALM,5,0,0,,!WP1001!WP1002!WP1003!WP1006!WP1007!WP1014!hist14!CP1011,1
2026-07-16 15:09:40.6,1BFA_GSM_ALM,BFA_ALM4,MARK VIE A BFPT ALARM,,STA_5,LO CLR DISCHG TEMP OK,RTN,5,0,0,,!WP1001!WP1002!WP1003!WP1006!WP1007!WP1014!hist14!CP1011,1
2026-07-16 15:09:42.6,1BFA_GSM_ALM,BFA_ALM4,MARK VIE A BFPT ALARM,,STA_5,LO CLR DISCHG TEMP HIGH,ALM,5,0,0,,!WP1001!WP1002!WP1003!WP1006!WP1007!WP1014!hist14!CP1011,1
2026-07-16 15:09:44.6,1BFA_GSM_ALM,BFA_ALM4,MARK VIE A BFPT ALARM,,STA_5,LO CLR DISCHG TEMP OK,RTN,5,0,0,,!WP1001!WP1002!WP1003!WP1006!WP1007!WP1014!hist14!CP1011,1
2026-07-16 15:09:46.0,1PDF,SLPSL0001,PULV LOW SEAL AIR HDR DIFF PRESS,,LOABS,PULV LOW SEAL AIR HDR DIFF PRESS,ALM,1,3.98701,4,INH2O,!WP1001!WP1002!WP1003!WP1006!WP1007!WP1014!hist14!CP1004,1
2026-07-16 15:09:47.0,1PDF,SLPSL0001,PULV LOW SEAL AIR HDR DIFF PRESS,,LOABS,PULV LOW SEAL AIR HDR DIFF PRESS,RTN,1,4.07695,4,INH2O,!WP1001!WP1002!WP1003!WP1006!WP1007!WP1014!hist14!CP1004,1
2026-07-16 15:09:48.6,1BFA_GSM_ALM,BFA_ALM4,MARK VIE A BFPT ALARM,,STA_5,LO CLR DISCHG TEMP HIGH,ALM,5,0,0,,!WP1001!WP1002!WP1003!WP1006!WP1007!WP1014!hist14!CP1011,1
2026-07-16 15:09:48.1,1FG_B,5703TX_ALM,BF B INLET BOX PRESS,FGPIT5703,STATE,DEVIATION ALARM CLEAR,RTN,3,,,,!WP1001!WP1002!WP1003!WP1006!WP1007!WP1014!hist14!CP1015,1
2026-07-16 15:09:51.6,IDFAN_PEEC,OPCY_ALM,PRECIP OUT > 50%,PRECIP OUTLET,STATE,ALARM,ALM,3,,,,!WP1001!WP1002!WP1003!WP1006!WP1007!WP1014!hist14!CP1003,1
2026-07-16 15:09:52.6,1BFA_GSM_ALM,BFA_ALM4,MARK VIE A BFPT ALARM,,STA_5,LO CLR DISCHG TEMP OK,RTN,5,0,0,,!WP1001!WP1002!WP1003!WP1006!WP1007!WP1014!hist14!CP1011,1
2026-07-16 15:09:54.0,1PDF,SLPSL0001,PULV LOW SEAL AIR HDR DIFF PRESS,,LOABS,PULV LOW SEAL AIR HDR DIFF PRESS,ALM,1,3.96621,4,INH2O,!WP1001!WP1002!WP1003!WP1006!WP1007!WP1014!hist14!CP1004,1
2026-07-16 15:09:55.1,1BFA_GSM_ALM,BFA_ALM4,MARK VIE A BFPT ALARM,,STA_5,LO CLR DISCHG TEMP HIGH,ALM,5,0,0,,!WP1001!WP1002!WP1003!WP1006!WP1007!WP1014!hist14!CP1011,1
2026-07-16 15:09:56.1,1PDF,SLPSL0001,PULV LOW SEAL AIR HDR DIFF PRESS,,LOABS,PULV LOW SEAL AIR HDR DIFF PRESS,RTN,1,4.08721,4,INH2O,!WP1001!WP1002!WP1003!WP1006!WP1007!WP1014!hist14!CP1004,1
2026-07-16 15:09:57.1,1BFA_GSM_ALM,BFA_ALM4,MARK VIE A BFPT ALARM,,STA_5,LO CLR DISCHG TEMP OK,RTN,5,0,0,,!WP1001!WP1002!WP1003!WP1006!WP1007!WP1014!hist14!CP1011,1
2026-07-16 15:10:01.0,1PDF,SLPSL0001,PULV LOW SEAL AIR HDR DIFF PRESS,,LOABS,PULV LOW SEAL AIR HDR DIFF PRESS,ALM,1,3.93897,4,INH2O,!WP1001!WP1002!WP1003!WP1006!WP1007!WP1014!hist14!CP1004,1
2026-07-16 15:10:01.1,1BFA_GSM_ALM,BFA_ALM4,MARK VIE A BFPT ALARM,,STA_5,LO CLR DISCHG TEMP HIGH,ALM,5,0,0,,!WP1001!WP1002!WP1003!WP1006!WP1007!WP1014!hist14!CP1011,1
2026-07-16 15:10:04.0,1PDF,SLPSL0001,PULV LOW SEAL AIR HDR DIFF PRESS,,LOABS,PULV LOW SEAL AIR HDR DIFF PRESS,RTN,1,4.08252,4,INH2O,!WP1001!WP1002!WP1003!WP1006!WP1007!WP1014!hist14!CP1004,1
2026-07-16 15:10:05.0,1PDF,SLPSL0001,PULV LOW SEAL AIR HDR DIFF PRESS,,LOABS,PULV LOW SEAL AIR HDR DIFF PRESS,ALM,1,3.96563,4,INH2O,!WP1001!WP1002!WP1003!WP1006!WP1007!WP1014!hist14!CP1004,1
2026-07-16 15:10:06.0,1PDF,SLPSL0001,PULV LOW SEAL AIR HDR DIFF PRESS,,LOABS,PULV LOW SEAL AIR HDR DIFF PRESS,RTN,1,4.02481,4,INH2O,!WP1001!WP1002!WP1003!WP1006!WP1007!WP1014!hist14!CP1004,1
2026-07-16 15:10:06.6,1BFA_GSM_ALM,BFA_ALM4,MARK VIE A BFPT ALARM,,STA_5,LO CLR DISCHG TEMP OK,RTN,5,0,0,,!WP1001!WP1002!WP1003!WP1006!WP1007!WP1014!hist14!CP1011,1
2026-07-16 15:10:07.0,1PDF,SLPSL0001,PULV LOW SEAL AIR HDR DIFF PRESS,,LOABS,PULV LOW SEAL AIR HDR DIFF PRESS,ALM,1,3.93047,4,INH2O,!WP1001!WP1002!WP1003!WP1006!WP1007!WP1014!hist14!CP1004,1
2026-07-16 15:10:10.6,1BFA_GSM_ALM,BFA_ALM4,MARK VIE A BFPT ALARM,,STA_5,LO CLR DISCHG TEMP HIGH,ALM,5,0,0,,!WP1001!WP1002!WP1003!WP1006!WP1007!WP1014!hist14!CP1011,1
2026-07-16 15:10:12.6,1BFA_GSM_ALM,BFA_ALM4,MARK VIE A BFPT ALARM,,STA_5,LO CLR DISCHG TEMP OK,RTN,5,0,0,,!WP1001!WP1002!WP1003!WP1006!WP1007!WP1014!hist14!CP1011,1
2026-07-16 15:10:13.6,IDFAN_PEEC,OPCY_ALM,PRECIP OUT > 50%,PRECIP OUTLET,STATE,NORMAL,RTN,3,,,,!WP1001!WP1002!WP1003!WP1006!WP1007!WP1014!hist14!CP1003,1
2026-07-16 15:10:21.0,1PDF,SLPSL0001,PULV LOW SEAL AIR HDR DIFF PRESS,,LOABS,PULV LOW SEAL AIR HDR DIFF PRESS,RTN,1,4.07314,4,INH2O,!WP1001!WP1002!WP1003!WP1006!WP1007!WP1014!hist14!CP1004,1
2026-07-16 15:10:21.1,1BFA_GSM_ALM,BFA_ALM4,MARK VIE A BFPT ALARM,,STA_5,LO CLR DISCHG TEMP HIGH,ALM,5,0,0,,!WP1001!WP1002!WP1003!WP1006!WP1007!WP1014!hist14!CP1011,1
2026-07-16 15:10:22.0,1FUEL_SFTY,FPTX_ALM,DRAFT TRANSMITTER DEVIATION,,STATE,FURN DRAFT PRESS XMTR DEVIATION,ALM,5,,,,!WP1001!WP1002!WP1003!WP1006!WP1007!WP1014!hist14!CP1004,1
2026-07-16 15:10:22.0,1PDF,SLPSL0001,PULV LOW SEAL AIR HDR DIFF PRESS,,LOABS,PULV LOW SEAL AIR HDR DIFF PRESS,ALM,1,3.98906,4,INH2O,!WP1001!WP1002!WP1003!WP1006!WP1007!WP1014!hist14!CP1004,1
2026-07-16 15:10:23.0,1FUEL_SFTY,FPTX_ALM,DRAFT TRANSMITTER DEVIATION,,STATE,NO DEVIATION,RTN,5,,,,!WP1001!WP1002!WP1003!WP1006!WP1007!WP1014!hist14!CP1004,1
2026-07-16 15:10:23.0,1PDF,SLPSL0001,PULV LOW SEAL AIR HDR DIFF PRESS,,LOABS,PULV LOW SEAL AIR HDR DIFF PRESS,RTN,1,4.06816,4,INH2O,!WP1001!WP1002!WP1003!WP1006!WP1007!WP1014!hist14!CP1004,1
2026-07-16 15:10:23.1,1BFA_GSM_ALM,BFA_ALM4,MARK VIE A BFPT ALARM,,STA_5,LO CLR DISCHG TEMP OK,RTN,5,0,0,,!WP1001!WP1002!WP1003!WP1006!WP1007!WP1014!hist14!CP1011,1
2026-07-16 15:10:27.0,1FUEL_SFTY,FPTX_ALM,DRAFT TRANSMITTER DEVIATION,,STATE,FURN DRAFT PRESS XMTR DEVIATION,ALM,5,,,,!WP1001!WP1002!WP1003!WP1006!WP1007!WP1014!hist14!CP1004,1
2026-07-16 15:10:27.1,1BFA_GSM_ALM,BFA_ALM4,MARK VIE A BFPT ALARM,,STA_5,LO CLR DISCHG TEMP HIGH,ALM,5,0,0,,!WP1001!WP1002!WP1003!WP1006!WP1007!WP1014!hist14!CP1011,1
2026-07-16 15:10:30.1,IDFAN_PEEC,OPCY_ALM,PRECIP OUT > 50%,PRECIP OUTLET,STATE,ALARM,ALM,3,,,,!WP1001!WP1002!WP1003!WP1006!WP1007!WP1014!hist14!CP1003,1
2026-07-16 15:10:30.6,1BFA_GSM_ALM,BFA_ALM4,MARK VIE A BFPT ALARM,,STA_5,LO CLR DISCHG TEMP OK,RTN,5,0,0,,!WP1001!WP1002!WP1003!WP1006!WP1007!WP1014!hist14!CP1011,1
2026-07-16 15:10:33.1,IDFAN_PEEC,OPCY_ALM,PRECIP OUT > 50%,PRECIP OUTLET,STATE,NORMAL,RTN,3,,,,!WP1001!WP1002!WP1003!WP1006!WP1007!WP1014!hist14!CP1003,1
2026-07-16 15:10:36.6,1BFA_GSM_ALM,BFA_ALM4,MARK VIE A BFPT ALARM,,STA_5,LO CLR DISCHG TEMP HIGH,ALM,5,0,0,,!WP1001!WP1002!WP1003!WP1006!WP1007!WP1014!hist14!CP1011,1
2026-07-16 15:10:38.1,IDFAN_PEEC,OPCY_ALM,PRECIP OUT > 50%,PRECIP OUTLET,STATE,ALARM,ALM,3,,,,!WP1001!WP1002!WP1003!WP1006!WP1007!WP1014!hist14!CP1003,1
2026-07-16 15:10:40.6,1BFA_GSM_ALM,BFA_ALM4,MARK VIE A BFPT ALARM,,STA_5,LO CLR DISCHG TEMP OK,RTN,5,0,0,,!WP1001!WP1002!WP1003!WP1006!WP1007!WP1014!hist14!CP1011,1
2026-07-16 15:10:42.6,1BFA_GSM_ALM,BFA_ALM4,MARK VIE A BFPT ALARM,,STA_5,LO CLR DISCHG TEMP HIGH,ALM,5,0,0,,!WP1001!WP1002!WP1003!WP1006!WP1007!WP1014!hist14!CP1011,1
2026-07-16 15:10:51.1,1FUEL_SFTY,FPTX_ALM,DRAFT TRANSMITTER DEVIATION,,STATE,NO DEVIATION,RTN,5,,,,!WP1001!WP1002!WP1003!WP1006!WP1007!WP1014!hist14!CP1004,1
2026-07-16 15:10:51.1,1BFA_GSM_ALM,BFA_ALM4,MARK VIE A BFPT ALARM,,STA_5,LO CLR DISCHG TEMP OK,RTN,5,0,0,,!WP1001!WP1002!WP1003!WP1006!WP1007!WP1014!hist14!CP1011,1
2026-07-16 15:10:54.6,1BFA_GSM_ALM,BFA_ALM4,MARK VIE A BFPT ALARM,,STA_5,LO CLR DISCHG TEMP HIGH,ALM,5,0,0,,!WP1001!WP1002!WP1003!WP1006!WP1007!WP1014!hist14!CP1011,1
2026-07-16 15:10:57.1,IDFAN_PEEC,OPCY_ALM,PRECIP OUT > 50%,PRECIP OUTLET,STATE,NORMAL,RTN,3,,,,!WP1001!WP1002!WP1003!WP1006!WP1007!WP1014!hist14!CP1003,1
2026-07-16 15:11:01.0,1FUEL_SFTY,FPTX_ALM,DRAFT TRANSMITTER DEVIATION,,STATE,FURN DRAFT PRESS XMTR DEVIATION,ALM,5,,,,!WP1001!WP1002!WP1003!WP1006!WP1007!WP1014!hist14!CP1004,1
2026-07-16 15:11:02.1,1FUEL_SFTY,FPTX_ALM,DRAFT TRANSMITTER DEVIATION,,STATE,NO DEVIATION,RTN,5,,,,!WP1001!WP1002!WP1003!WP1006!WP1007!WP1014!hist14!CP1004,1
2026-07-16 15:11:06.6,1BFA_GSM_ALM,BFA_ALM4,MARK VIE A BFPT ALARM,,STA_5,LO CLR DISCHG TEMP OK,RTN,5,0,0,,!WP1001!WP1002!WP1003!WP1006!WP1007!WP1014!hist14!CP1011,1
2026-07-16 15:11:08.6,1BFA_GSM_ALM,BFA_ALM4,MARK VIE A BFPT ALARM,,STA_5,LO CLR DISCHG TEMP HIGH,ALM,5,0,0,,!WP1001!WP1002!WP1003!WP1006!WP1007!WP1014!hist14!CP1011,1
2026-07-16 15:11:11.1,1BFA_GSM_ALM,BFA_ALM4,MARK VIE A BFPT ALARM,,STA_5,LO CLR DISCHG TEMP OK,RTN,5,0,0,,!WP1001!WP1002!WP1003!WP1006!WP1007!WP1014!hist14!CP1011,1
2026-07-16 15:11:15.1,1BFA_GSM_ALM,BFA_ALM4,MARK VIE A BFPT ALARM,,STA_5,LO CLR DISCHG TEMP HIGH,ALM,5,0,0,,!WP1001!WP1002!WP1003!WP1006!WP1007!WP1014!hist14!CP1011,1
2026-07-16 15:11:24.6,1BFA_GSM_ALM,BFA_ALM4,MARK VIE A BFPT ALARM,,STA_5,LO CLR DISCHG TEMP OK,RTN,5,0,0,,!WP1001!WP1002!WP1003!WP1006!WP1007!WP1014!hist14!CP1011,1
2026-07-16 15:11:28.6,1BFA_GSM_ALM,BFA_ALM4,MARK VIE A BFPT ALARM,,STA_5,LO CLR DISCHG TEMP HIGH,ALM,5,0,0,,!WP1001!WP1002!WP1003!WP1006!WP1007!WP1014!hist14!CP1011,1
2026-07-16 15:11:29.6,IDFAN_PEEC,OPCY_ALM,PRECIP OUT > 50%,PRECIP OUTLET,STATE,ALARM,ALM,3,,,,!WP1001!WP1002!WP1003!WP1006!WP1007!WP1014!hist14!CP1003,1
2026-07-16 15:11:30.6,1BFA_GSM_ALM,BFA_ALM4,MARK VIE A BFPT ALARM,,STA_5,LO CLR DISCHG TEMP OK,RTN,5,0,0,,!WP1001!WP1002!WP1003!WP1006!WP1007!WP1014!hist14!CP1011,1
2026-07-16 15:11:32.6,1BFA_GSM_ALM,BFA_ALM4,MARK VIE A BFPT ALARM,,STA_5,LO CLR DISCHG TEMP HIGH,ALM,5,0,0,,!WP1001!WP1002!WP1003!WP1006!WP1007!WP1014!hist14!CP1011,1
2026-07-16 15:11:34.6,1BFA_GSM_ALM,BFA_ALM4,MARK VIE A BFPT ALARM,,STA_5,LO CLR DISCHG TEMP OK,RTN,5,0,0,,!WP1001!WP1002!WP1003!WP1006!WP1007!WP1014!hist14!CP1011,1
2026-07-16 15:11:39.1,1BFA_GSM_ALM,BFA_ALM4,MARK VIE A BFPT ALARM,,STA_5,LO CLR DISCHG TEMP HIGH,ALM,5,0,0,,!WP1001!WP1002!WP1003!WP1006!WP1007!WP1014!hist14!CP1011,1
2026-07-16 15:11:41.1,1BFA_GSM_ALM,BFA_ALM4,MARK VIE A BFPT ALARM,,STA_5,LO CLR DISCHG TEMP OK,RTN,5,0,0,,!WP1001!WP1002!WP1003!WP1006!WP1007!WP1014!hist14!CP1011,1
2026-07-16 15:11:43.1,1BFA_GSM_ALM,BFA_ALM4,MARK VIE A BFPT ALARM,,STA_5,LO CLR DISCHG TEMP HIGH,ALM,5,0,0,,!WP1001!WP1002!WP1003!WP1006!WP1007!WP1014!hist14!CP1011,1
2026-07-16 15:11:48.6,1BFA_GSM_ALM,BFA_ALM4,MARK VIE A BFPT ALARM,,STA_5,LO CLR DISCHG TEMP OK,RTN,5,0,0,,!WP1001!WP1002!WP1003!WP1006!WP1007!WP1014!hist14!CP1011,1
2026-07-16 15:11:50.6,1BFA_GSM_ALM,BFA_ALM4,MARK VIE A BFPT ALARM,,STA_5,LO CLR DISCHG TEMP HIGH,ALM,5,0,0,,!WP1001!WP1002!WP1003!WP1006!WP1007!WP1014!hist14!CP1011,1
2026-07-16 15:11:54.6,1BFA_GSM_ALM,BFA_ALM4,MARK VIE A BFPT ALARM,,STA_5,LO CLR DISCHG TEMP OK,RTN,5,0,0,,!WP1001!WP1002!WP1003!WP1006!WP1007!WP1014!hist14!CP1011,1
2026-07-16 15:11:56.6,1BFA_GSM_ALM,BFA_ALM4,MARK VIE A BFPT ALARM,,STA_5,LO CLR DISCHG TEMP HIGH,ALM,5,0,0,,!WP1001!WP1002!WP1003!WP1006!WP1007!WP1014!hist14!CP1011,1
2026-07-16 15:12:05.1,1BFA_GSM_ALM,BFA_ALM4,MARK VIE A BFPT ALARM,,STA_5,LO CLR DISCHG TEMP OK,RTN,5,0,0,,!WP1001!WP1002!WP1003!WP1006!WP1007!WP1014!hist14!CP1011,1
2026-07-16 15:12:06.6,IDFAN_PEEC,OPCY_ALM,PRECIP OUT > 50%,PRECIP OUTLET,STATE,NORMAL,RTN,3,,,,!WP1001!WP1002!WP1003!WP1006!WP1007!WP1014!hist14!CP1003,1
2026-07-16 15:12:09.1,1BFA_GSM_ALM,BFA_ALM4,MARK VIE A BFPT ALARM,,STA_5,LO CLR DISCHG TEMP HIGH,ALM,5,0,0,,!WP1001!WP1002!WP1003!WP1006!WP1007!WP1014!hist14!CP1011,1
2026-07-16 15:12:12.1,IDFAN_PEEC,OPCY_ALM,PRECIP OUT > 50%,PRECIP OUTLET,STATE,ALARM,ALM,3,,,,!WP1001!WP1002!WP1003!WP1006!WP1007!WP1014!hist14!CP1003,1
2026-07-16 15:12:13.6,1FG_B,5706TX_ALM,BF B INLET OUTLET PRESS,FGPDIT5706,STATE,DEVIATION ALARM CLEAR,RTN,3,,,,!WP1001!WP1002!WP1003!WP1006!WP1007!WP1014!hist14!CP1015,1
2026-07-16 15:12:14.6,1BFA_GSM_ALM,BFA_ALM4,MARK VIE A BFPT ALARM,,STA_5,LO CLR DISCHG TEMP OK,RTN,5,0,0,,!WP1001!WP1002!WP1003!WP1006!WP1007!WP1014!hist14!CP1011,1
2026-07-16 15:12:18.6,1BFA_GSM_ALM,BFA_ALM4,MARK VIE A BFPT ALARM,,STA_5,LO CLR DISCHG TEMP HIGH,ALM,5,0,0,,!WP1001!WP1002!WP1003!WP1006!WP1007!WP1014!hist14!CP1011,1
2026-07-16 15:12:20.6,1BFA_GSM_ALM,BFA_ALM4,MARK VIE A BFPT ALARM,,STA_5,LO CLR DISCHG TEMP OK,RTN,5,0,0,,!WP1001!WP1002!WP1003!WP1006!WP1007!WP1014!hist14!CP1011,1
2026-07-16 15:12:22.6,1BFA_GSM_ALM,BFA_ALM4,MARK VIE A BFPT ALARM,,STA_5,LO CLR DISCHG TEMP HIGH,ALM,5,0,0,,!WP1001!WP1002!WP1003!WP1006!WP1007!WP1014!hist14!CP1011,1
2026-07-16 15:12:24.1,IDFAN_PEEC,OPCY_ALM,PRECIP OUT > 50%,PRECIP OUTLET,STATE,NORMAL,RTN,3,,,,!WP1001!WP1002!WP1003!WP1006!WP1007!WP1014!hist14!CP1003,1
2026-07-16 15:12:24.6,1BFA_GSM_ALM,BFA_ALM4,MARK VIE A BFPT ALARM,,STA_5,LO CLR DISCHG TEMP OK,RTN,5,0,0,,!WP1001!WP1002!WP1003!WP1006!WP1007!WP1014!hist14!CP1011,1
2026-07-16 15:12:28.1,IDFAN_PEEC,OPCY_ALM,PRECIP OUT > 50%,PRECIP OUTLET,STATE,ALARM,ALM,3,,,,!WP1001!WP1002!WP1003!WP1006!WP1007!WP1014!hist14!CP1003,1
2026-07-16 15:12:29.1,1BFA_GSM_ALM,BFA_ALM4,MARK VIE A BFPT ALARM,,STA_5,LO CLR DISCHG TEMP HIGH,ALM,5,0,0,,!WP1001!WP1002!WP1003!WP1006!WP1007!WP1014!hist14!CP1011,1
2026-07-16 15:12:30.1,1FG_B,ZSH5701A,BF B BLADE PITCH,,HIABS,BLADE PITCH ALARM,RTN,3,69.7773,70,%,!WP1001!WP1002!WP1003!WP1006!WP1007!WP1014!hist14!CP1015,1
2026-07-16 15:12:31.1,1BFA_GSM_ALM,BFA_ALM4,MARK VIE A BFPT ALARM,,STA_5,LO CLR DISCHG TEMP OK,RTN,5,0,0,,!WP1001!WP1002!WP1003!WP1006!WP1007!WP1014!hist14!CP1011,1
2026-07-16 15:12:33.1,1BFA_GSM_ALM,BFA_ALM4,MARK VIE A BFPT ALARM,,STA_5,LO CLR DISCHG TEMP HIGH,ALM,5,0,0,,!WP1001!WP1002!WP1003!WP1006!WP1007!WP1014!hist14!CP1011,1
2026-07-16 15:12:40.6,IDFAN_PEEC,OPCY_ALM,PRECIP OUT > 50%,PRECIP OUTLET,STATE,NORMAL,RTN,3,,,,!WP1001!WP1002!WP1003!WP1006!WP1007!WP1014!hist14!CP1003,1
2026-07-16 15:12:40.6,1BFA_GSM_ALM,BFA_ALM4,MARK VIE A BFPT ALARM,,STA_5,LO CLR DISCHG TEMP OK,RTN,5,0,0,,!WP1001!WP1002!WP1003!WP1006!WP1007!WP1014!hist14!CP1011,1
2026-07-16 15:12:42.6,1BFA_GSM_ALM,BFA_ALM4,MARK VIE A BFPT ALARM,,STA_5,LO CLR DISCHG TEMP HIGH,ALM,5,0,0,,!WP1001!WP1002!WP1003!WP1006!WP1007!WP1014!hist14!CP1011,1
2026-07-16 15:12:44.6,1BFA_GSM_ALM,BFA_ALM4,MARK VIE A BFPT ALARM,,STA_5,LO CLR DISCHG TEMP OK,RTN,5,0,0,,!WP1001!WP1002!WP1003!WP1006!WP1007!WP1014!hist14!CP1011,1
2026-07-16 15:12:48.6,1BFA_GSM_ALM,BFA_ALM4,MARK VIE A BFPT ALARM,,STA_5,LO CLR DISCHG TEMP HIGH,ALM,5,0,0,,!WP1001!WP1002!WP1003!WP1006!WP1007!WP1014!hist14!CP1011,1
2026-07-16 15:12:53.1,1BFA_GSM_ALM,BFA_ALM4,MARK VIE A BFPT ALARM,,STA_5,LO CLR DISCHG TEMP OK,RTN,5,0,0,,!WP1001!WP1002!WP1003!WP1006!WP1007!WP1014!hist14!CP1011,1
2026-07-16 15:12:55.1,1BFA_GSM_ALM,BFA_ALM4,MARK VIE A BFPT ALARM,,STA_5,LO CLR DISCHG TEMP HIGH,ALM,5,0,0,,!WP1001!WP1002!WP1003!WP1006!WP1007!WP1014!hist14!CP1011,1
2026-07-16 15:12:57.1,1BFA_GSM_ALM,BFA_ALM4,MARK VIE A BFPT ALARM,,STA_5,LO CLR DISCHG TEMP OK,RTN,5,0,0,,!WP1001!WP1002!WP1003!WP1006!WP1007!WP1014!hist14!CP1011,1
2026-07-16 15:12:59.1,1BFA_GSM_ALM,BFA_ALM4,MARK VIE A BFPT ALARM,,STA_5,LO CLR DISCHG TEMP HIGH,ALM,5,0,0,,!WP1001!WP1002!WP1003!WP1006!WP1007!WP1014!hist14!CP1011,1
2026-07-16 15:13:01.1,1BFA_GSM_ALM,BFA_ALM4,MARK VIE A BFPT ALARM,,STA_5,LO CLR DISCHG TEMP OK,RTN,5,0,0,,!WP1001!WP1002!WP1003!WP1006!WP1007!WP1014!hist14!CP1011,1
2026-07-16 15:13:01.1,1FG_B,ZSH5701A,BF B BLADE PITCH,,HIABS,BLADE PITCH ALARM,ALM,3,70.0156,70,%,!WP1001!WP1002!WP1003!WP1006!WP1007!WP1014!hist14!CP1015,1
2026-07-16 15:13:03.1,1BFA_GSM_ALM,BFA_ALM4,MARK VIE A BFPT ALARM,,STA_5,LO CLR DISCHG TEMP HIGH,ALM,5,0,0,,!WP1001!WP1002!WP1003!WP1006!WP1007!WP1014!hist14!CP1011,1
2026-07-16 15:13:06.6,1BFA_GSM_ALM,BFA_ALM4,MARK VIE A BFPT ALARM,,STA_5,LO CLR DISCHG TEMP OK,RTN,5,0,0,,!WP1001!WP1002!WP1003!WP1006!WP1007!WP1014!hist14!CP1011,1
2026-07-16 15:13:08.6,1BFA_GSM_ALM,BFA_ALM4,MARK VIE A BFPT ALARM,,STA_5,LO CLR DISCHG TEMP HIGH,ALM,5,0,0,,!WP1001!WP1002!WP1003!WP1006!WP1007!WP1014!hist14!CP1011,1
2026-07-16 15:13:15.2,1SCR_B_PRESS,FGPDI5228B,SCR B CAT LAYER 4 DP,1SR114 PNT 4,HHABS,HI HI DP,ALM,1,1.70087,1.7,INH2O,!WP1001!WP1002!WP1003!WP1006!WP1007!WP1014!hist14!CP1016,1
2026-07-16 15:13:18.6,1BFA_GSM_ALM,BFA_ALM4,MARK VIE A BFPT ALARM,,STA_5,LO CLR DISCHG TEMP OK,RTN,5,0,0,,!WP1001!WP1002!WP1003!WP1006!WP1007!WP1014!hist14!CP1011,1
2026-07-16 15:13:21.1,1BFA_GSM_ALM,BFA_ALM4,MARK VIE A BFPT ALARM,,STA_5,LO CLR DISCHG TEMP HIGH,ALM,5,0,0,,!WP1001!WP1002!WP1003!WP1006!WP1007!WP1014!hist14!CP1011,1
2026-07-16 15:13:28.1,IDFAN_PEEC,OPCY_ALM,PRECIP OUT > 50%,PRECIP OUTLET,STATE,ALARM,ALM,3,,,,!WP1001!WP1002!WP1003!WP1006!WP1007!WP1014!hist14!CP1003,1
2026-07-16 15:13:32.1,IDFAN_PEEC,OPCY_ALM,PRECIP OUT > 50%,PRECIP OUTLET,STATE,NORMAL,RTN,3,,,,!WP1001!WP1002!WP1003!WP1006!WP1007!WP1014!hist14!CP1003,1
2026-07-16 15:13:38.6,1BFA_GSM_ALM,BFA_ALM4,MARK VIE A BFPT ALARM,,STA_5,LO CLR DISCHG TEMP OK,RTN,5,0,0,,!WP1001!WP1002!WP1003!WP1006!WP1007!WP1014!hist14!CP1011,1
2026-07-16 15:13:42.6,1BFA_GSM_ALM,BFA_ALM4,MARK VIE A BFPT ALARM,,STA_5,LO CLR DISCHG TEMP HIGH,ALM,5,0,0,,!WP1001!WP1002!WP1003!WP1006!WP1007!WP1014!hist14!CP1011,1
2026-07-16 15:13:51.1,1BFA_GSM_ALM,BFA_ALM4,MARK VIE A BFPT ALARM,,STA_5,LO CLR DISCHG TEMP OK,RTN,5,0,0,,!WP1001!WP1002!WP1003!WP1006!WP1007!WP1014!hist14!CP1011,1
2026-07-16 15:13:59.8,1DAS6,ISTE4911,BFPT A OIL CLR    DSCH TMP,1295,HIABS,HIGH,RTN,3,128.205,130,DEG.F,!WP1002!WP1006!WP1007!WP1001!WP1003!WP1014!hist14!CP1006,1
2026-07-16 15:14:22.6,1BFA_GSM_ALM,BFA_ALM4,MARK VIE A BFPT ALARM,,STA_5,LO CLR DISCHG TEMP HIGH,ALM,5,0,0,,!WP1001!WP1002!WP1003!WP1006!WP1007!WP1014!hist14!CP1011,1
2026-07-16 15:14:24.6,1BFA_GSM_ALM,BFA_ALM4,MARK VIE A BFPT ALARM,,STA_5,LO CLR DISCHG TEMP OK,RTN,5,0,0,,!WP1001!WP1002!WP1003!WP1006!WP1007!WP1014!hist14!CP1011,1
2026-07-16 15:14:52.6,1BFA_GSM_ALM,BFA_ALM4,MARK VIE A BFPT ALARM,,STA_5,LO CLR DISCHG TEMP HIGH,ALM,5,0,0,,!WP1001!WP1002!WP1003!WP1006!WP1007!WP1014!hist14!CP1011,1
2026-07-16 15:14:54.6,1BFA_GSM_ALM,BFA_ALM4,MARK VIE A BFPT ALARM,,STA_5,LO CLR DISCHG TEMP OK,RTN,5,0,0,,!WP1001!WP1002!WP1003!WP1006!WP1007!WP1014!hist14!CP1011,1
2026-07-16 15:14:58.6,1BFA_GSM_ALM,BFA_ALM4,MARK VIE A BFPT ALARM,,STA_5,LO CLR DISCHG TEMP HIGH,ALM,5,0,0,,!WP1001!WP1002!WP1003!WP1006!WP1007!WP1014!hist14!CP1011,1
2026-07-16 15:14:58.8,1DAS6,ISTE4911,BFPT A OIL CLR    DSCH TMP,1295,HIABS,HIGH,ALM,3,130.011,130,DEG.F,!WP1002!WP1006!WP1007!WP1001!WP1003!WP1014!hist14!CP1006,1
2026-07-16 15:15:05.1,1BFA_GSM_ALM,BFA_ALM4,MARK VIE A BFPT ALARM,,STA_5,LO CLR DISCHG TEMP OK,RTN,5,0,0,,!WP1001!WP1002!WP1003!WP1006!WP1007!WP1014!hist14!CP1011,1
2026-07-16 15:15:12.6,1BFA_GSM_ALM,BFA_ALM4,MARK VIE A BFPT ALARM,,STA_5,LO CLR DISCHG TEMP HIGH,ALM,5,0,0,,!WP1001!WP1002!WP1003!WP1006!WP1007!WP1014!hist14!CP1011,1
2026-07-16 15:15:14.6,1BFA_GSM_ALM,BFA_ALM4,MARK VIE A BFPT ALARM,,STA_5,LO CLR DISCHG TEMP OK,RTN,5,0,0,,!WP1001!WP1002!WP1003!WP1006!WP1007!WP1014!hist14!CP1011,1
2026-07-16 15:15:15.6,1FG_B,5706TX_ALM,BF B INLET OUTLET PRESS,FGPDIT5706,STATE,BF B INLET/OUTLET PRESS DEV,ALM,3,,,,!WP1001!WP1002!WP1003!WP1006!WP1007!WP1014!hist14!CP1015,1
2026-07-16 15:15:30.1,IDFAN_PEEC,OPCY_ALM,PRECIP OUT > 50%,PRECIP OUTLET,STATE,ALARM,ALM,3,,,,!WP1001!WP1002!WP1003!WP1006!WP1007!WP1014!hist14!CP1003,1
2026-07-16 15:15:37.1,IDFAN_PEEC,OPCY_ALM,PRECIP OUT > 50%,PRECIP OUTLET,STATE,NORMAL,RTN,3,,,,!WP1001!WP1002!WP1003!WP1006!WP1007!WP1014!hist14!CP1003,1
2026-07-16 15:15:37.1,1BFA_GSM_ALM,BFA_ALM4,MARK VIE A BFPT ALARM,,STA_5,LO CLR DISCHG TEMP HIGH,ALM,5,0,0,,!WP1001!WP1002!WP1003!WP1006!WP1007!WP1014!hist14!CP1011,1
2026-07-16 15:15:40.6,1BFA_GSM_ALM,BFA_ALM4,MARK VIE A BFPT ALARM,,STA_5,LO CLR DISCHG TEMP OK,RTN,5,0,0,,!WP1001!WP1002!WP1003!WP1006!WP1007!WP1014!hist14!CP1011,1
2026-07-16 15:15:55.1,1BFA_GSM_ALM,BFA_ALM4,MARK VIE A BFPT ALARM,,STA_5,LO CLR DISCHG TEMP HIGH,ALM,5,0,0,,!WP1001!WP1002!WP1003!WP1006!WP1007!WP1014!hist14!CP1011,1
2026-07-16 15:15:57.1,1BFA_GSM_ALM,BFA_ALM4,MARK VIE A BFPT ALARM,,STA_5,LO CLR DISCHG TEMP OK,RTN,5,0,0,,!WP1001!WP1002!WP1003!WP1006!WP1007!WP1014!hist14!CP1011,1
2026-07-16 15:15:59.1,1BFA_GSM_ALM,BFA_ALM4,MARK VIE A BFPT ALARM,,STA_5,LO CLR DISCHG TEMP HIGH,ALM,5,0,0,,!WP1001!WP1002!WP1003!WP1006!WP1007!WP1014!hist14!CP1011,1
2026-07-16 15:16:01.1,1BFA_GSM_ALM,BFA_ALM4,MARK VIE A BFPT ALARM,,STA_5,LO CLR DISCHG TEMP OK,RTN,5,0,0,,!WP1001!WP1002!WP1003!WP1006!WP1007!WP1014!hist14!CP1011,1
2026-07-16 15:16:08.6,1BFA_GSM_ALM,BFA_ALM4,MARK VIE A BFPT ALARM,,STA_5,LO CLR DISCHG TEMP HIGH,ALM,5,0,0,,!WP1001!WP1002!WP1003!WP1006!WP1007!WP1014!hist14!CP1011,1
2026-07-16 15:16:10.6,1BFA_GSM_ALM,BFA_ALM4,MARK VIE A BFPT ALARM,,STA_5,LO CLR DISCHG TEMP OK,RTN,5,0,0,,!WP1001!WP1002!WP1003!WP1006!WP1007!WP1014!hist14!CP1011,1
2026-07-16 15:16:11.1,1PDF,SLPSL0001,PULV LOW SEAL AIR HDR DIFF PRESS,,LOABS,PULV LOW SEAL AIR HDR DIFF PRESS,ALM,1,3.99961,4,INH2O,!WP1001!WP1002!WP1003!WP1006!WP1007!WP1014!hist14!CP1004,1
2026-07-16 15:16:12.1,1PDF,SLPSL0001,PULV LOW SEAL AIR HDR DIFF PRESS,,LOABS,PULV LOW SEAL AIR HDR DIFF PRESS,RTN,1,4.06846,4,INH2O,!WP1001!WP1002!WP1003!WP1006!WP1007!WP1014!hist14!CP1004,1
2026-07-16 15:16:14.6,1BFA_GSM_ALM,BFA_ALM4,MARK VIE A BFPT ALARM,,STA_5,LO CLR DISCHG TEMP HIGH,ALM,5,0,0,,!WP1001!WP1002!WP1003!WP1006!WP1007!WP1014!hist14!CP1011,1
2026-07-16 15:16:15.1,1PDF,SLPSL0001,PULV LOW SEAL AIR HDR DIFF PRESS,,LOABS,PULV LOW SEAL AIR HDR DIFF PRESS,ALM,1,3.98936,4,INH2O,!WP1001!WP1002!WP1003!WP1006!WP1007!WP1014!hist14!CP1004,1
2026-07-16 15:16:16.1,1PDF,SLPSL0001,PULV LOW SEAL AIR HDR DIFF PRESS,,LOABS,PULV LOW SEAL AIR HDR DIFF PRESS,RTN,1,4.13525,4,INH2O,!WP1001!WP1002!WP1003!WP1006!WP1007!WP1014!hist14!CP1004,1
2026-07-16 15:16:16.6,1BFA_GSM_ALM,BFA_ALM4,MARK VIE A BFPT ALARM,,STA_5,LO CLR DISCHG TEMP OK,RTN,5,0,0,,!WP1001!WP1002!WP1003!WP1006!WP1007!WP1014!hist14!CP1011,1
2026-07-16 15:16:36.6,1BFA_GSM_ALM,BFA_ALM4,MARK VIE A BFPT ALARM,,STA_5,LO CLR DISCHG TEMP HIGH,ALM,5,0,0,,!WP1001!WP1002!WP1003!WP1006!WP1007!WP1014!hist14!CP1011,1
2026-07-16 15:16:38.1,1PDF,SLPSL0001,PULV LOW SEAL AIR HDR DIFF PRESS,,LOABS,PULV LOW SEAL AIR HDR DIFF PRESS,ALM,1,3.96826,4,INH2O,!WP1001!WP1002!WP1003!WP1006!WP1007!WP1014!hist14!CP1004,1
2026-07-16 15:16:38.6,1BFA_GSM_ALM,BFA_ALM4,MARK VIE A BFPT ALARM,,STA_5,LO CLR DISCHG TEMP OK,RTN,5,0,0,,!WP1001!WP1002!WP1003!WP1006!WP1007!WP1014!hist14!CP1011,1
2026-07-16 15:16:39.1,1PDF,SLPSL0001,PULV LOW SEAL AIR HDR DIFF PRESS,,LOABS,PULV LOW SEAL AIR HDR DIFF PRESS,RTN,1,4.08955,4,INH2O,!WP1001!WP1002!WP1003!WP1006!WP1007!WP1014!hist14!CP1004,1
2026-07-16 15:16:42.1,1PDF,SLPSL0001,PULV LOW SEAL AIR HDR DIFF PRESS,,LOABS,PULV LOW SEAL AIR HDR DIFF PRESS,ALM,1,3.97236,4,INH2O,!WP1001!WP1002!WP1003!WP1006!WP1007!WP1014!hist14!CP1004,1
2026-07-16 15:16:55.1,1BFA_GSM_ALM,BFA_ALM4,MARK VIE A BFPT ALARM,,STA_5,LO CLR DISCHG TEMP HIGH,ALM,5,0,0,,!WP1001!WP1002!WP1003!WP1006!WP1007!WP1014!hist14!CP1011,1
2026-07-16 15:16:56.6,1BFA_GSM_ALM,BFA_ALM4,MARK VIE A BFPT ALARM,,STA_5,LO CLR DISCHG TEMP OK,RTN,5,0,0,,!WP1001!WP1002!WP1003!WP1006!WP1007!WP1014!hist14!CP1011,1
2026-07-16 15:17:04.1,IDFAN_PEEC,OPCY_ALM,PRECIP OUT > 50%,PRECIP OUTLET,STATE,ALARM,ALM,3,,,,!WP1001!WP1002!WP1003!WP1006!WP1007!WP1014!hist14!CP1003,1
2026-07-16 15:17:07.0,1FP,B56,ID FAN A INLET DAMPER FEEDBACK,,HHABS,ID FAN A DAMPER 80 %,RTN,1,78.9828,80,PCT,!WP1001!WP1002!WP1003!WP1006!WP1007!WP1014!hist14!CP1001,1
2026-07-16 15:17:08.0,1FP,B58,ID FAN B INLET DAMPER FEEDBACK,,HHABS,IDF B DAMPER 80%,RTN,1,78.9976,80,PCT,!WP1001!WP1002!WP1003!WP1006!WP1007!WP1014!hist14!CP1001,1
2026-07-16 15:17:10.4,1FP,B86,ID FAN C INLET DAMPER FEEDBACK,,HHABS,ID FAN C DAMPER 80 %,RTN,1,78.9296,80,PCT,!WP1001!WP1002!WP1003!WP1006!WP1007!WP1014!hist14!CP1001,1
2026-07-16 15:17:13.1,IDFAN_PEEC,OPCY_ALM,PRECIP OUT > 50%,PRECIP OUTLET,STATE,NORMAL,RTN,3,,,,!WP1001!WP1002!WP1003!WP1006!WP1007!WP1014!hist14!CP1003,1
2026-07-16 15:17:19.1,1BFA_GSM_ALM,BFA_ALM4,MARK VIE A BFPT ALARM,,STA_5,LO CLR DISCHG TEMP HIGH,ALM,5,0,0,,!WP1001!WP1002!WP1003!WP1006!WP1007!WP1014!hist14!CP1011,1
2026-07-16 15:17:21.1,1BFA_GSM_ALM,BFA_ALM4,MARK VIE A BFPT ALARM,,STA_5,LO CLR DISCHG TEMP OK,RTN,5,0,0,,!WP1001!WP1002!WP1003!WP1006!WP1007!WP1014!hist14!CP1011,1
2026-07-16 15:17:22.6,1BFA_GSM_ALM,BFA_ALM4,MARK VIE A BFPT ALARM,,STA_5,LO CLR DISCHG TEMP HIGH,ALM,5,0,0,,!WP1001!WP1002!WP1003!WP1006!WP1007!WP1014!hist14!CP1011,1
2026-07-16 15:17:26.6,1BFA_GSM_ALM,BFA_ALM4,MARK VIE A BFPT ALARM,,STA_5,LO CLR DISCHG TEMP OK,RTN,5,0,0,,!WP1001!WP1002!WP1003!WP1006!WP1007!WP1014!hist14!CP1011,1
2026-07-16 15:17:32.1,1PDF,SLPSL0001,PULV LOW SEAL AIR HDR DIFF PRESS,,LOABS,PULV LOW SEAL AIR HDR DIFF PRESS,RTN,1,4.07314,4,INH2O,!WP1001!WP1002!WP1003!WP1006!WP1007!WP1014!hist14!CP1004,1
2026-07-16 15:17:32.6,1BFA_GSM_ALM,BFA_ALM4,MARK VIE A BFPT ALARM,,STA_5,LO CLR DISCHG TEMP HIGH,ALM,5,0,0,,!WP1001!WP1002!WP1003!WP1006!WP1007!WP1014!hist14!CP1011,1
2026-07-16 15:17:34.6,1BFA_GSM_ALM,BFA_ALM4,MARK VIE A BFPT ALARM,,STA_5,LO CLR DISCHG TEMP OK,RTN,5,0,0,,!WP1001!WP1002!WP1003!WP1006!WP1007!WP1014!hist14!CP1011,1
2026-07-16 15:17:38.6,IDFAN_PEEC,OPCY_ALM,PRECIP OUT > 50%,PRECIP OUTLET,STATE,ALARM,ALM,3,,,,!WP1001!WP1002!WP1003!WP1006!WP1007!WP1014!hist14!CP1003,1
2026-07-16 15:17:42.6,IDFAN_PEEC,OPCY_ALM,PRECIP OUT > 50%,PRECIP OUTLET,STATE,NORMAL,RTN,3,,,,!WP1001!WP1002!WP1003!WP1006!WP1007!WP1014!hist14!CP1003,1
2026-07-16 15:17:56.1,1FG_B,5706TX_ALM,BF B INLET OUTLET PRESS,FGPDIT5706,STATE,DEVIATION ALARM CLEAR,RTN,3,,,,!WP1001!WP1002!WP1003!WP1006!WP1007!WP1014!hist14!CP1015,1
2026-07-16 15:18:00.6,1BFA_GSM_ALM,BFA_ALM4,MARK VIE A BFPT ALARM,,STA_5,LO CLR DISCHG TEMP HIGH,ALM,5,0,0,,!WP1001!WP1002!WP1003!WP1006!WP1007!WP1014!hist14!CP1011,1
2026-07-16 15:18:03.1,1BFA_GSM_ALM,BFA_ALM4,MARK VIE A BFPT ALARM,,STA_5,LO CLR DISCHG TEMP OK,RTN,5,0,0,,!WP1001!WP1002!WP1003!WP1006!WP1007!WP1014!hist14!CP1011,1
2026-07-16 15:18:24.6,1BFA_GSM_ALM,BFA_ALM4,MARK VIE A BFPT ALARM,,STA_5,LO CLR DISCHG TEMP HIGH,ALM,5,0,0,,!WP1001!WP1002!WP1003!WP1006!WP1007!WP1014!hist14!CP1011,1
2026-07-16 15:18:26.6,1BFA_GSM_ALM,BFA_ALM4,MARK VIE A BFPT ALARM,,STA_5,LO CLR DISCHG TEMP OK,RTN,5,0,0,,!WP1001!WP1002!WP1003!WP1006!WP1007!WP1014!hist14!CP1011,1
2026-07-16 15:18:29.1,1BFA_GSM_ALM,BFA_ALM4,MARK VIE A BFPT ALARM,,STA_5,LO CLR DISCHG TEMP HIGH,ALM,5,0,0,,!WP1001!WP1002!WP1003!WP1006!WP1007!WP1014!hist14!CP1011,1
2026-07-16 15:18:33.1,1BFA_GSM_ALM,BFA_ALM4,MARK VIE A BFPT ALARM,,STA_5,LO CLR DISCHG TEMP OK,RTN,5,0,0,,!WP1001!WP1002!WP1003!WP1006!WP1007!WP1014!hist14!CP1011,1
2026-07-16 15:19:01.0,1FP,B58,ID FAN B INLET DAMPER FEEDBACK,,HHABS,IDF B DAMPER 80%,ALM,1,80.0122,80,PCT,!WP1001!WP1002!WP1003!WP1006!WP1007!WP1014!hist14!CP1001,1
2026-07-16 15:19:01.4,1FP,B86,ID FAN C INLET DAMPER FEEDBACK,,HHABS,ID FAN C DAMPER 80 %,ALM,1,80.0586,80,PCT,!WP1001!WP1002!WP1003!WP1006!WP1007!WP1014!hist14!CP1001,1
2026-07-16 15:19:01.1,1BFA_GSM_ALM,BFA_ALM4,MARK VIE A BFPT ALARM,,STA_5,LO CLR DISCHG TEMP HIGH,ALM,5,0,0,,!WP1001!WP1002!WP1003!WP1006!WP1007!WP1014!hist14!CP1011,1
2026-07-16 15:19:03.4,1FP,B56,ID FAN A INLET DAMPER FEEDBACK,,HHABS,ID FAN A DAMPER 80 %,ALM,1,80.0586,80,PCT,!WP1001!WP1002!WP1003!WP1006!WP1007!WP1014!hist14!CP1001,1
2026-07-16 15:19:04.6,1BFA_GSM_ALM,BFA_ALM4,MARK VIE A BFPT ALARM,,STA_5,LO CLR DISCHG TEMP OK,RTN,5,0,0,,!WP1001!WP1002!WP1003!WP1006!WP1007!WP1014!hist14!CP1011,1
2026-07-16 15:19:14.6,1BFA_GSM_ALM,BFA_ALM4,MARK VIE A BFPT ALARM,,STA_5,LO CLR DISCHG TEMP HIGH,ALM,5,0,0,,!WP1001!WP1002!WP1003!WP1006!WP1007!WP1014!hist14!CP1011,1
2026-07-16 15:19:16.6,1BFA_GSM_ALM,BFA_ALM4,MARK VIE A BFPT ALARM,,STA_5,LO CLR DISCHG TEMP OK,RTN,5,0,0,,!WP1001!WP1002!WP1003!WP1006!WP1007!WP1014!hist14!CP1011,1
2026-07-16 15:19:29.1,1FG_B,5706TX_ALM,BF B INLET OUTLET PRESS,FGPDIT5706,STATE,BF B INLET/OUTLET PRESS DEV,ALM,3,,,,!WP1001!WP1002!WP1003!WP1006!WP1007!WP1014!hist14!CP1015,1
2026-07-16 15:19:40.7,1AB_PYRITE,ABMO5173AII,PYRITES SLC PMP A MOTOR CURRENT,,HIABS,HI,ALM,3,294.047,215,AMPS,!WP1002!WP1011!WP1001!hist14!CP1020,1
2026-07-16 15:19:40.7,1AB_PYRITE,ABMO5173AII,PYRITES SLC PMP A MOTOR CURRENT,,HHABS,HIHI,ALM,3,294.047,230,AMPS,!WP1002!WP1011!WP1001!hist14!CP1020,1
2026-07-16 15:19:41.7,1AB_PYRITE,ABMO5173AII,PYRITES SLC PMP A MOTOR CURRENT,,IOBAD,BAD CHANNEL,RTN,3,,,,!WP1002!WP1011!WP1001!hist14!CP1020,1
2026-07-16 15:19:41.2,1AB_PYRITE,ABMO5173AII,PYRITES SLC PMP A MOTOR CURRENT,,IOBAD,BAD CHANNEL,ALM,3,,,,!WP1002!WP1011!WP1001!hist14!CP1020,1
2026-07-16 15:19:42.2,1AB_PYRITE,ABMO5173AII,PYRITES SLC PMP A MOTOR CURRENT,,HIABS,HI,RTN,3,83.2969,215,AMPS,!WP1002!WP1011!WP1001!hist14!CP1020,1
2026-07-16 15:19:42.2,1AB_PYRITE,ABMO5173AII,PYRITES SLC PMP A MOTOR CURRENT,,HHABS,HIHI,RTN,3,83.2969,230,AMPS,!WP1002!WP1011!WP1001!hist14!CP1020,1
2026-07-16 15:19:46.2,1AB_PYRITE,ABMO5173AAL1,SLUICE PMP A,,STA_4,DISCHARGE PRESS < 50 PSIG,ALM,1,83.2969,0,,!WP1002!WP1011!WP1001!hist14!CP1020,1
2026-07-16 15:20:06.6,1BFA_GSM_ALM,BFA_ALM4,MARK VIE A BFPT ALARM,,STA_5,LO CLR DISCHG TEMP HIGH,ALM,5,0,0,,!WP1001!WP1002!WP1003!WP1006!WP1007!WP1014!hist14!CP1011,1
2026-07-16 15:20:10.6,1BFA_GSM_ALM,BFA_ALM4,MARK VIE A BFPT ALARM,,STA_5,LO CLR DISCHG TEMP OK,RTN,5,0,0,,!WP1001!WP1002!WP1003!WP1006!WP1007!WP1014!hist14!CP1011,1
2026-07-16 15:20:36.6,1BFA_GSM_ALM,BFA_ALM4,MARK VIE A BFPT ALARM,,STA_5,LO CLR DISCHG TEMP HIGH,ALM,5,0,0,,!WP1001!WP1002!WP1003!WP1006!WP1007!WP1014!hist14!CP1011,1
2026-07-16 15:20:39.1,1BFA_GSM_ALM,BFA_ALM4,MARK VIE A BFPT ALARM,,STA_5,LO CLR DISCHG TEMP OK,RTN,5,0,0,,!WP1001!WP1002!WP1003!WP1006!WP1007!WP1014!hist14!CP1011,1
2026-07-16 15:21:07.1,1PDF,SLPSL0001,PULV LOW SEAL AIR HDR DIFF PRESS,,LOABS,PULV LOW SEAL AIR HDR DIFF PRESS,ALM,1,3.94307,4,INH2O,!WP1001!WP1002!WP1003!WP1006!WP1007!WP1014!hist14!CP1004,1
2026-07-16 15:21:12.6,1BFA_GSM_ALM,BFA_ALM4,MARK VIE A BFPT ALARM,,STA_5,LO CLR DISCHG TEMP HIGH,ALM,5,0,0,,!WP1001!WP1002!WP1003!WP1006!WP1007!WP1014!hist14!CP1011,1
2026-07-16 15:21:14.6,1BFA_GSM_ALM,BFA_ALM4,MARK VIE A BFPT ALARM,,STA_5,LO CLR DISCHG TEMP OK,RTN,5,0,0,,!WP1001!WP1002!WP1003!WP1006!WP1007!WP1014!hist14!CP1011,1
2026-07-16 15:21:16.1,1PDF,SLPSL0001,PULV LOW SEAL AIR HDR DIFF PRESS,,LOABS,PULV LOW SEAL AIR HDR DIFF PRESS,RTN,1,4.01279,4,INH2O,!WP1001!WP1002!WP1003!WP1006!WP1007!WP1014!hist14!CP1004,1
2026-07-16 15:21:18.1,1PDF,SLPSL0001,PULV LOW SEAL AIR HDR DIFF PRESS,,LOABS,PULV LOW SEAL AIR HDR DIFF PRESS,ALM,1,3.96299,4,INH2O,!WP1001!WP1002!WP1003!WP1006!WP1007!WP1014!hist14!CP1004,1
2026-07-16 15:21:19.1,1PDF,SLPSL0001,PULV LOW SEAL AIR HDR DIFF PRESS,,LOABS,PULV LOW SEAL AIR HDR DIFF PRESS,RTN,1,4.01543,4,INH2O,!WP1001!WP1002!WP1003!WP1006!WP1007!WP1014!hist14!CP1004,1
2026-07-16 15:21:22.1,1PDF,SLPSL0001,PULV LOW SEAL AIR HDR DIFF PRESS,,LOABS,PULV LOW SEAL AIR HDR DIFF PRESS,ALM,1,3.9665,4,INH2O,!WP1001!WP1002!WP1003!WP1006!WP1007!WP1014!hist14!CP1004,1
2026-07-16 15:21:23.1,1PDF,SLPSL0001,PULV LOW SEAL AIR HDR DIFF PRESS,,LOABS,PULV LOW SEAL AIR HDR DIFF PRESS,RTN,1,4.02686,4,INH2O,!WP1001!WP1002!WP1003!WP1006!WP1007!WP1014!hist14!CP1004,1
2026-07-16 15:21:31.1,1PDF,SLPSL0001,PULV LOW SEAL AIR HDR DIFF PRESS,,LOABS,PULV LOW SEAL AIR HDR DIFF PRESS,ALM,1,3.99463,4,INH2O,!WP1001!WP1002!WP1003!WP1006!WP1007!WP1014!hist14!CP1004,1
2026-07-16 15:21:36.1,1PDF,SLPSL0001,PULV LOW SEAL AIR HDR DIFF PRESS,,LOABS,PULV LOW SEAL AIR HDR DIFF PRESS,RTN,1,4.04414,4,INH2O,!WP1001!WP1002!WP1003!WP1006!WP1007!WP1014!hist14!CP1004,1
2026-07-16 15:21:38.1,1PDF,SLPSL0001,PULV LOW SEAL AIR HDR DIFF PRESS,,LOABS,PULV LOW SEAL AIR HDR DIFF PRESS,ALM,1,3.96504,4,INH2O,!WP1001!WP1002!WP1003!WP1006!WP1007!WP1014!hist14!CP1004,1
2026-07-16 15:21:48.6,1BFA_GSM_ALM,BFA_ALM4,MARK VIE A BFPT ALARM,,STA_5,LO CLR DISCHG TEMP HIGH,ALM,5,0,0,,!WP1001!WP1002!WP1003!WP1006!WP1007!WP1014!hist14!CP1011,1
2026-07-16 15:21:50.6,1BFA_GSM_ALM,BFA_ALM4,MARK VIE A BFPT ALARM,,STA_5,LO CLR DISCHG TEMP OK,RTN,5,0,0,,!WP1001!WP1002!WP1003!WP1006!WP1007!WP1014!hist14!CP1011,1
2026-07-16 15:22:00.1,IDFAN_PEEC,OPCY_ALM,PRECIP OUT > 50%,PRECIP OUTLET,STATE,ALARM,ALM,3,,,,!WP1001!WP1002!WP1003!WP1006!WP1007!WP1014!hist14!CP1003,1
2026-07-16 15:22:01.1,1BFA_GSM_ALM,BFA_ALM4,MARK VIE A BFPT ALARM,,STA_5,LO CLR DISCHG TEMP HIGH,ALM,5,0,0,,!WP1001!WP1002!WP1003!WP1006!WP1007!WP1014!hist14!CP1011,1
2026-07-16 15:22:03.1,1BFA_GSM_ALM,BFA_ALM4,MARK VIE A BFPT ALARM,,STA_5,LO CLR DISCHG TEMP OK,RTN,5,0,0,,!WP1001!WP1002!WP1003!WP1006!WP1007!WP1014!hist14!CP1011,1
2026-07-16 15:22:10.6,IDFAN_PEEC,OPCY_ALM,PRECIP OUT > 50%,PRECIP OUTLET,STATE,NORMAL,RTN,3,,,,!WP1001!WP1002!WP1003!WP1006!WP1007!WP1014!hist14!CP1003,1
2026-07-16 15:22:23.1,1BFA_GSM_ALM,BFA_ALM4,MARK VIE A BFPT ALARM,,STA_5,LO CLR DISCHG TEMP HIGH,ALM,5,0,0,,!WP1001!WP1002!WP1003!WP1006!WP1007!WP1014!hist14!CP1011,1
2026-07-16 15:22:25.1,1BFA_GSM_ALM,BFA_ALM4,MARK VIE A BFPT ALARM,,STA_5,LO CLR DISCHG TEMP OK,RTN,5,0,0,,!WP1001!WP1002!WP1003!WP1006!WP1007!WP1014!hist14!CP1011,1
2026-07-16 15:22:40.6,1BFA_GSM_ALM,BFA_ALM4,MARK VIE A BFPT ALARM,,STA_5,LO CLR DISCHG TEMP HIGH,ALM,5,0,0,,!WP1001!WP1002!WP1003!WP1006!WP1007!WP1014!hist14!CP1011,1
2026-07-16 15:22:42.6,1BFA_GSM_ALM,BFA_ALM4,MARK VIE A BFPT ALARM,,STA_5,LO CLR DISCHG TEMP OK,RTN,5,0,0,,!WP1001!WP1002!WP1003!WP1006!WP1007!WP1014!hist14!CP1011,1
2026-07-16 15:23:01.1,1PDF,SLPSL0001,PULV LOW SEAL AIR HDR DIFF PRESS,,LOABS,PULV LOW SEAL AIR HDR DIFF PRESS,RTN,1,4.01836,4,INH2O,!WP1001!WP1002!WP1003!WP1006!WP1007!WP1014!hist14!CP1004,1
2026-07-16 15:23:08.6,1BFA_GSM_ALM,BFA_ALM4,MARK VIE A BFPT ALARM,,STA_5,LO CLR DISCHG TEMP HIGH,ALM,5,0,0,,!WP1001!WP1002!WP1003!WP1006!WP1007!WP1014!hist14!CP1011,1
2026-07-16 15:23:11.1,1BFA_GSM_ALM,BFA_ALM4,MARK VIE A BFPT ALARM,,STA_5,LO CLR DISCHG TEMP OK,RTN,5,0,0,,!WP1001!WP1002!WP1003!WP1006!WP1007!WP1014!hist14!CP1011,1
2026-07-16 15:23:11.2,1SCR_B_PRESS,FGPDI5228B,SCR B CAT LAYER 4 DP,1SR114 PNT 4,HHABS,HI HI DP,RTN,1,1.19913,1.7,INH2O,!WP1001!WP1002!WP1003!WP1006!WP1007!WP1014!hist14!CP1016,1
2026-07-16 15:23:15.2,1AB_PYRITE,SV_616AL,MILL HPR 1H EJCT  WTR VLV,MILL HOPPER 1,STATE,FAIL,ALM,3,,,,!WP1002!WP1011!WP1001!hist14!CP1020,1
2026-07-16 15:23:26.1,PAC_PLC,ACI_FDR_A_TR,ACI FDR A AC-WIC-5007 TRBLE ALM,,CHANGE,PAC FEEDER A TROUBLE,ALM,1,,,,!WP1001!WP1002!WP1003!WP1006!WP1007!WP1014!hist14!CP1003,1
2026-07-16 15:23:26.1,PAC_PLC,ACI_FDR_A_TR,ACI FDR A AC-WIC-5007 TRBLE ALM,,CHANGE,PAC FEEDER A TROUBLE,ALM,1,,,,!WP1001!WP1002!WP1003!WP1006!WP1007!WP1014!hist14!CP1003,1
2026-07-16 15:24:36.1,PAC_PLC,ACI_FDR_A_TR,ACI FDR A AC-WIC-5007 TRBLE ALM,,CHANGE,PAC FEEDER A TROUBLE,ALM,1,,,,!WP1001!WP1002!WP1003!WP1006!WP1007!WP1014!hist14!CP1003,1
2026-07-16 15:25:04.2,1AB_PYRITE,SV_616AL,MILL HPR 1H EJCT  WTR VLV,MILL HOPPER 1,STATE,OK,RTN,3,,,,!WP1002!WP1011!WP1001!hist14!CP1020,1
2026-07-16 15:25:28.2,1AB_PYRITE,SV_615AL,MILL HPR 1G EJCT  WTR VLV,MILL HOPPER 1,STATE,FAIL,ALM,3,,,,!WP1002!WP1011!WP1001!hist14!CP1020,1
2026-07-16 15:25:36.6,1BFA_GSM_ALM,BFA_ALM4,MARK VIE A BFPT ALARM,,STA_5,LO CLR DISCHG TEMP HIGH,ALM,5,0,0,,!WP1001!WP1002!WP1003!WP1006!WP1007!WP1014!hist14!CP1011,1
2026-07-16 15:25:40.6,1BFA_GSM_ALM,BFA_ALM4,MARK VIE A BFPT ALARM,,STA_5,LO CLR DISCHG TEMP OK,RTN,5,0,0,,!WP1001!WP1002!WP1003!WP1006!WP1007!WP1014!hist14!CP1011,1
2026-07-16 15:26:08.1,1PDF,SLPSL0001,PULV LOW SEAL AIR HDR DIFF PRESS,,LOABS,PULV LOW SEAL AIR HDR DIFF PRESS,ALM,1,3.99199,4,INH2O,!WP1001!WP1002!WP1003!WP1006!WP1007!WP1014!hist14!CP1004,1
2026-07-16 15:26:12.4,1FP,B56,ID FAN A INLET DAMPER FEEDBACK,,HHABS,ID FAN A DAMPER 80 %,RTN,1,78.9902,80,PCT,!WP1001!WP1002!WP1003!WP1006!WP1007!WP1014!hist14!CP1001,1
2026-07-16 15:26:13.1,1PDF,SLPSL0001,PULV LOW SEAL AIR HDR DIFF PRESS,,LOABS,PULV LOW SEAL AIR HDR DIFF PRESS,RTN,1,4.02715,4,INH2O,!WP1001!WP1002!WP1003!WP1006!WP1007!WP1014!hist14!CP1004,1
2026-07-16 15:26:14.1,1PDF,SLPSL0001,PULV LOW SEAL AIR HDR DIFF PRESS,,LOABS,PULV LOW SEAL AIR HDR DIFF PRESS,ALM,1,3.90732,4,INH2O,!WP1001!WP1002!WP1003!WP1006!WP1007!WP1014!hist14!CP1004,1
2026-07-16 15:26:16.4,1FP,B58,ID FAN B INLET DAMPER FEEDBACK,,HHABS,IDF B DAMPER 80%,RTN,1,78.9445,80,PCT,!WP1001!WP1002!WP1003!WP1006!WP1007!WP1014!hist14!CP1001,1
2026-07-16 15:26:17.4,1FP,B86,ID FAN C INLET DAMPER FEEDBACK,,HHABS,ID FAN C DAMPER 80 %,RTN,1,78.9828,80,PCT,!WP1001!WP1002!WP1003!WP1006!WP1007!WP1014!hist14!CP1001,1
2026-07-16 15:26:21.1,1PDF,SLPSL0001,PULV LOW SEAL AIR HDR DIFF PRESS,,LOABS,PULV LOW SEAL AIR HDR DIFF PRESS,RTN,1,4.01309,4,INH2O,!WP1001!WP1002!WP1003!WP1006!WP1007!WP1014!hist14!CP1004,1
2026-07-16 15:26:22.1,1PDF,SLPSL0001,PULV LOW SEAL AIR HDR DIFF PRESS,,LOABS,PULV LOW SEAL AIR HDR DIFF PRESS,ALM,1,3.96885,4,INH2O,!WP1001!WP1002!WP1003!WP1006!WP1007!WP1014!hist14!CP1004,1
2026-07-16 15:26:23.1,1FG_B,5706TX_ALM,BF B INLET OUTLET PRESS,FGPDIT5706,STATE,DEVIATION ALARM CLEAR,RTN,3,,,,!WP1001!WP1002!WP1003!WP1006!WP1007!WP1014!hist14!CP1015,1
2026-07-16 15:26:28.1,1PDF,SLPSL0001,PULV LOW SEAL AIR HDR DIFF PRESS,,LOABS,PULV LOW SEAL AIR HDR DIFF PRESS,RTN,1,4.00283,4,INH2O,!WP1001!WP1002!WP1003!WP1006!WP1007!WP1014!hist14!CP1004,1
2026-07-16 15:26:54.6,1BFA_GSM_ALM,BFA_ALM4,MARK VIE A BFPT ALARM,,STA_5,LO CLR DISCHG TEMP HIGH,ALM,5,0,0,,!WP1001!WP1002!WP1003!WP1006!WP1007!WP1014!hist14!CP1011,1
2026-07-16 15:26:56.6,1BFA_GSM_ALM,BFA_ALM4,MARK VIE A BFPT ALARM,,STA_5,LO CLR DISCHG TEMP OK,RTN,5,0,0,,!WP1001!WP1002!WP1003!WP1006!WP1007!WP1014!hist14!CP1011,1
2026-07-16 15:26:58.6,1BFA_GSM_ALM,BFA_ALM4,MARK VIE A BFPT ALARM,,STA_5,LO CLR DISCHG TEMP HIGH,ALM,5,0,0,,!WP1001!WP1002!WP1003!WP1006!WP1007!WP1014!hist14!CP1011,1
2026-07-16 15:27:00.6,1BFA_GSM_ALM,BFA_ALM4,MARK VIE A BFPT ALARM,,STA_5,LO CLR DISCHG TEMP OK,RTN,5,0,0,,!WP1001!WP1002!WP1003!WP1006!WP1007!WP1014!hist14!CP1011,1
2026-07-16 15:27:03.1,1BFA_GSM_ALM,BFA_ALM4,MARK VIE A BFPT ALARM,,STA_5,LO CLR DISCHG TEMP HIGH,ALM,5,0,0,,!WP1001!WP1002!WP1003!WP1006!WP1007!WP1014!hist14!CP1011,1
2026-07-16 15:27:05.1,1BFA_GSM_ALM,BFA_ALM4,MARK VIE A BFPT ALARM,,STA_5,LO CLR DISCHG TEMP OK,RTN,5,0,0,,!WP1001!WP1002!WP1003!WP1006!WP1007!WP1014!hist14!CP1011,1
2026-07-16 15:27:35.1,1BFA_GSM_ALM,BFA_ALM4,MARK VIE A BFPT ALARM,,STA_5,LO CLR DISCHG TEMP HIGH,ALM,5,0,0,,!WP1001!WP1002!WP1003!WP1006!WP1007!WP1014!hist14!CP1011,1
2026-07-16 15:27:37.1,1BFA_GSM_ALM,BFA_ALM4,MARK VIE A BFPT ALARM,,STA_5,LO CLR DISCHG TEMP OK,RTN,5,0,0,,!WP1001!WP1002!WP1003!WP1006!WP1007!WP1014!hist14!CP1011,1
2026-07-16 15:27:49.1,1PDF,SLPSL0001,PULV LOW SEAL AIR HDR DIFF PRESS,,LOABS,PULV LOW SEAL AIR HDR DIFF PRESS,ALM,1,3.96914,4,INH2O,!WP1001!WP1002!WP1003!WP1006!WP1007!WP1014!hist14!CP1004,1
2026-07-16 15:27:52.1,1PDF,SLPSL0001,PULV LOW SEAL AIR HDR DIFF PRESS,,LOABS,PULV LOW SEAL AIR HDR DIFF PRESS,RTN,1,4.00957,4,INH2O,!WP1001!WP1002!WP1003!WP1006!WP1007!WP1014!hist14!CP1004,1
2026-07-16 15:27:53.1,1PDF,SLPSL0001,PULV LOW SEAL AIR HDR DIFF PRESS,,LOABS,PULV LOW SEAL AIR HDR DIFF PRESS,ALM,1,3.98672,4,INH2O,!WP1001!WP1002!WP1003!WP1006!WP1007!WP1014!hist14!CP1004,1
2026-07-16 15:27:54.1,1PDF,SLPSL0001,PULV LOW SEAL AIR HDR DIFF PRESS,,LOABS,PULV LOW SEAL AIR HDR DIFF PRESS,RTN,1,4.07139,4,INH2O,!WP1001!WP1002!WP1003!WP1006!WP1007!WP1014!hist14!CP1004,1
2026-07-16 15:27:55.1,1PDF,SLPSL0001,PULV LOW SEAL AIR HDR DIFF PRESS,,LOABS,PULV LOW SEAL AIR HDR DIFF PRESS,ALM,1,3.9876,4,INH2O,!WP1001!WP1002!WP1003!WP1006!WP1007!WP1014!hist14!CP1004,1
2026-07-16 15:27:55.7,1AB_PYRITE,SV_615AL,MILL HPR 1G EJCT  WTR VLV,MILL HOPPER 1,STATE,OK,RTN,3,,,,!WP1002!WP1011!WP1001!hist14!CP1020,1
2026-07-16 15:27:56.1,1PDF,SLPSL0001,PULV LOW SEAL AIR HDR DIFF PRESS,,LOABS,PULV LOW SEAL AIR HDR DIFF PRESS,RTN,1,4.04326,4,INH2O,!WP1001!WP1002!WP1003!WP1006!WP1007!WP1014!hist14!CP1004,1
2026-07-16 15:27:57.1,1PDF,SLPSL0001,PULV LOW SEAL AIR HDR DIFF PRESS,,LOABS,PULV LOW SEAL AIR HDR DIFF PRESS,ALM,1,3.92373,4,INH2O,!WP1001!WP1002!WP1003!WP1006!WP1007!WP1014!hist14!CP1004,1
2026-07-16 15:27:58.1,1PDF,SLPSL0001,PULV LOW SEAL AIR HDR DIFF PRESS,,LOABS,PULV LOW SEAL AIR HDR DIFF PRESS,RTN,1,4.03652,4,INH2O,!WP1001!WP1002!WP1003!WP1006!WP1007!WP1014!hist14!CP1004,1
2026-07-16 15:28:13.2,1AB_PYRITE,SV_614AL,MILL HPR 1F EJCT  WTR VLV,MILL HOPPER 1,STATE,FAIL,ALM,3,,,,!WP1002!WP1011!WP1001!hist14!CP1020,1
2026-07-16 15:28:14.6,1BFA_GSM_ALM,BFA_ALM4,MARK VIE A BFPT ALARM,,STA_5,LO CLR DISCHG TEMP HIGH,ALM,5,0,0,,!WP1001!WP1002!WP1003!WP1006!WP1007!WP1014!hist14!CP1011,1
2026-07-16 15:28:16.6,1BFA_GSM_ALM,BFA_ALM4,MARK VIE A BFPT ALARM,,STA_5,LO CLR DISCHG TEMP OK,RTN,5,0,0,,!WP1001!WP1002!WP1003!WP1006!WP1007!WP1014!hist14!CP1011,1
2026-07-16 15:28:18.6,1BFA_GSM_ALM,BFA_ALM4,MARK VIE A BFPT ALARM,,STA_5,LO CLR DISCHG TEMP HIGH,ALM,5,0,0,,!WP1001!WP1002!WP1003!WP1006!WP1007!WP1014!hist14!CP1011,1
2026-07-16 15:28:21.1,1BFA_GSM_ALM,BFA_ALM4,MARK VIE A BFPT ALARM,,STA_5,LO CLR DISCHG TEMP OK,RTN,5,0,0,,!WP1001!WP1002!WP1003!WP1006!WP1007!WP1014!hist14!CP1011,1
2026-07-16 15:28:24.1,1PDF,SLPSL0001,PULV LOW SEAL AIR HDR DIFF PRESS,,LOABS,PULV LOW SEAL AIR HDR DIFF PRESS,ALM,1,3.95566,4,INH2O,!WP1001!WP1002!WP1003!WP1006!WP1007!WP1014!hist14!CP1004,1
2026-07-16 15:28:25.1,1PDF,SLPSL0001,PULV LOW SEAL AIR HDR DIFF PRESS,,LOABS,PULV LOW SEAL AIR HDR DIFF PRESS,RTN,1,4.03008,4,INH2O,!WP1001!WP1002!WP1003!WP1006!WP1007!WP1014!hist14!CP1004,1
2026-07-16 15:28:30.6,1BFA_GSM_ALM,BFA_ALM4,MARK VIE A BFPT ALARM,,STA_5,LO CLR DISCHG TEMP HIGH,ALM,5,0,0,,!WP1001!WP1002!WP1003!WP1006!WP1007!WP1014!hist14!CP1011,1
2026-07-16 15:28:32.6,1BFA_GSM_ALM,BFA_ALM4,MARK VIE A BFPT ALARM,,STA_5,LO CLR DISCHG TEMP OK,RTN,5,0,0,,!WP1001!WP1002!WP1003!WP1006!WP1007!WP1014!hist14!CP1011,1
2026-07-16 15:28:39.1,1PDF,SLPSL0001,PULV LOW SEAL AIR HDR DIFF PRESS,,LOABS,PULV LOW SEAL AIR HDR DIFF PRESS,ALM,1,3.9665,4,INH2O,!WP1001!WP1002!WP1003!WP1006!WP1007!WP1014!hist14!CP1004,1
2026-07-16 15:28:40.1,1PDF,SLPSL0001,PULV LOW SEAL AIR HDR DIFF PRESS,,LOABS,PULV LOW SEAL AIR HDR DIFF PRESS,RTN,1,4.02803,4,INH2O,!WP1001!WP1002!WP1003!WP1006!WP1007!WP1014!hist14!CP1004,1
2026-07-16 15:28:41.1,1PDF,SLPSL0001,PULV LOW SEAL AIR HDR DIFF PRESS,,LOABS,PULV LOW SEAL AIR HDR DIFF PRESS,ALM,1,3.96094,4,INH2O,!WP1001!WP1002!WP1003!WP1006!WP1007!WP1014!hist14!CP1004,1
2026-07-16 15:28:44.1,1PDF,SLPSL0001,PULV LOW SEAL AIR HDR DIFF PRESS,,LOABS,PULV LOW SEAL AIR HDR DIFF PRESS,RTN,1,4.05147,4,INH2O,!WP1001!WP1002!WP1003!WP1006!WP1007!WP1014!hist14!CP1004,1
2026-07-16 15:28:47.1,1PDF,SLPSL0001,PULV LOW SEAL AIR HDR DIFF PRESS,,LOABS,PULV LOW SEAL AIR HDR DIFF PRESS,ALM,1,3.94688,4,INH2O,!WP1001!WP1002!WP1003!WP1006!WP1007!WP1014!hist14!CP1004,1
2026-07-16 15:28:52.1,1PDF,SLPSL0001,PULV LOW SEAL AIR HDR DIFF PRESS,,LOABS,PULV LOW SEAL AIR HDR DIFF PRESS,RTN,1,4.03916,4,INH2O,!WP1001!WP1002!WP1003!WP1006!WP1007!WP1014!hist14!CP1004,1
2026-07-16 15:28:56.1,1PDF,SLPSL0001,PULV LOW SEAL AIR HDR DIFF PRESS,,LOABS,PULV LOW SEAL AIR HDR DIFF PRESS,ALM,1,3.99609,4,INH2O,!WP1001!WP1002!WP1003!WP1006!WP1007!WP1014!hist14!CP1004,1
2026-07-16 15:28:57.1,1PDF,SLPSL0001,PULV LOW SEAL AIR HDR DIFF PRESS,,LOABS,PULV LOW SEAL AIR HDR DIFF PRESS,RTN,1,4.0374,4,INH2O,!WP1001!WP1002!WP1003!WP1006!WP1007!WP1014!hist14!CP1004,1
2026-07-16 15:29:04.6,1BFA_GSM_ALM,BFA_ALM4,MARK VIE A BFPT ALARM,,STA_5,LO CLR DISCHG TEMP HIGH,ALM,5,0,0,,!WP1001!WP1002!WP1003!WP1006!WP1007!WP1014!hist14!CP1011,1
2026-07-16 15:29:06.6,1BFA_GSM_ALM,BFA_ALM4,MARK VIE A BFPT ALARM,,STA_5,LO CLR DISCHG TEMP OK,RTN,5,0,0,,!WP1001!WP1002!WP1003!WP1006!WP1007!WP1014!hist14!CP1011,1
2026-07-16 15:29:11.1,1BFA_GSM_ALM,BFA_ALM4,MARK VIE A BFPT ALARM,,STA_5,LO CLR DISCHG TEMP HIGH,ALM,5,0,0,,!WP1001!WP1002!WP1003!WP1006!WP1007!WP1014!hist14!CP1011,1
2026-07-16 15:29:13.1,1BFA_GSM_ALM,BFA_ALM4,MARK VIE A BFPT ALARM,,STA_5,LO CLR DISCHG TEMP OK,RTN,5,0,0,,!WP1001!WP1002!WP1003!WP1006!WP1007!WP1014!hist14!CP1011,1
2026-07-16 15:29:37.1,1PDF,SLPSL0001,PULV LOW SEAL AIR HDR DIFF PRESS,,LOABS,PULV LOW SEAL AIR HDR DIFF PRESS,ALM,1,3.98906,4,INH2O,!WP1001!WP1002!WP1003!WP1006!WP1007!WP1014!hist14!CP1004,1
2026-07-16 15:29:41.1,1PDF,SLPSL0001,PULV LOW SEAL AIR HDR DIFF PRESS,,LOABS,PULV LOW SEAL AIR HDR DIFF PRESS,RTN,1,4.05762,4,INH2O,!WP1001!WP1002!WP1003!WP1006!WP1007!WP1014!hist14!CP1004,1
2026-07-16 15:29:45.1,1BFA_GSM_ALM,BFA_ALM4,MARK VIE A BFPT ALARM,,STA_5,LO CLR DISCHG TEMP HIGH,ALM,5,0,0,,!WP1001!WP1002!WP1003!WP1006!WP1007!WP1014!hist14!CP1011,1
2026-07-16 15:29:46.6,1BFA_GSM_ALM,BFA_ALM4,MARK VIE A BFPT ALARM,,STA_5,LO CLR DISCHG TEMP OK,RTN,5,0,0,,!WP1001!WP1002!WP1003!WP1006!WP1007!WP1014!hist14!CP1011,1
2026-07-16 15:30:06.4,1FP,B86,ID FAN C INLET DAMPER FEEDBACK,,HHABS,ID FAN C DAMPER 80 %,ALM,1,80.0037,80,PCT,!WP1001!WP1002!WP1003!WP1006!WP1007!WP1014!hist14!CP1001,1
2026-07-16 15:30:07.0,1FP,B58,ID FAN B INLET DAMPER FEEDBACK,,HHABS,IDF B DAMPER 80%,ALM,1,80.0256,80,PCT,!WP1001!WP1002!WP1003!WP1006!WP1007!WP1014!hist14!CP1001,1
2026-07-16 15:30:08.4,1FP,B56,ID FAN A INLET DAMPER FEEDBACK,,HHABS,ID FAN A DAMPER 80 %,ALM,1,80.0817,80,PCT,!WP1001!WP1002!WP1003!WP1006!WP1007!WP1014!hist14!CP1001,1
2026-07-16 15:30:11.7,1AB_PYRITE,SV_614AL,MILL HPR 1F EJCT  WTR VLV,MILL HOPPER 1,STATE,OK,RTN,3,,,,!WP1002!WP1011!WP1001!hist14!CP1020,1
2026-07-16 15:30:12.6,1BFA_GSM_ALM,BFA_ALM4,MARK VIE A BFPT ALARM,,STA_5,LO CLR DISCHG TEMP HIGH,ALM,5,0,0,,!WP1001!WP1002!WP1003!WP1006!WP1007!WP1014!hist14!CP1011,1
2026-07-16 15:30:16.6,1BFA_GSM_ALM,BFA_ALM4,MARK VIE A BFPT ALARM,,STA_5,LO CLR DISCHG TEMP OK,RTN,5,0,0,,!WP1001!WP1002!WP1003!WP1006!WP1007!WP1014!hist14!CP1011,1
2026-07-16 15:30:42.6,1BFA_GSM_ALM,BFA_ALM4,MARK VIE A BFPT ALARM,,STA_5,LO CLR DISCHG TEMP HIGH,ALM,5,0,0,,!WP1001!WP1002!WP1003!WP1006!WP1007!WP1014!hist14!CP1011,1
2026-07-16 15:30:44.6,1BFA_GSM_ALM,BFA_ALM4,MARK VIE A BFPT ALARM,,STA_5,LO CLR DISCHG TEMP OK,RTN,5,0,0,,!WP1001!WP1002!WP1003!WP1006!WP1007!WP1014!hist14!CP1011,1
2026-07-16 15:30:46.6,1FG_B,5706TX_ALM,BF B INLET OUTLET PRESS,FGPDIT5706,STATE,BF B INLET/OUTLET PRESS DEV,ALM,3,,,,!WP1001!WP1002!WP1003!WP1006!WP1007!WP1014!hist14!CP1015,1
2026-07-16 15:31:10.6,1BFA_GSM_ALM,BFA_ALM4,MARK VIE A BFPT ALARM,,STA_5,LO CLR DISCHG TEMP HIGH,ALM,5,0,0,,!WP1001!WP1002!WP1003!WP1006!WP1007!WP1014!hist14!CP1011,1
2026-07-16 15:31:12.6,1BFA_GSM_ALM,BFA_ALM4,MARK VIE A BFPT ALARM,,STA_5,LO CLR DISCHG TEMP OK,RTN,5,0,0,,!WP1001!WP1002!WP1003!WP1006!WP1007!WP1014!hist14!CP1011,1
2026-07-16 15:31:44.6,IDFAN_PEEC,OPCY_ALM,PRECIP OUT > 50%,PRECIP OUTLET,STATE,ALARM,ALM,3,,,,!WP1001!WP1002!WP1003!WP1006!WP1007!WP1014!hist14!CP1003,1
2026-07-16 15:31:50.1,IDFAN_PEEC,OPCY_ALM,PRECIP OUT > 50%,PRECIP OUTLET,STATE,NORMAL,RTN,3,,,,!WP1001!WP1002!WP1003!WP1006!WP1007!WP1014!hist14!CP1003,1
2026-07-16 15:31:53.1,1BFA_GSM_ALM,BFA_ALM4,MARK VIE A BFPT ALARM,,STA_5,LO CLR DISCHG TEMP HIGH,ALM,5,0,0,,!WP1001!WP1002!WP1003!WP1006!WP1007!WP1014!hist14!CP1011,1
2026-07-16 15:31:54.1,1PDF,SLPSL0001,PULV LOW SEAL AIR HDR DIFF PRESS,,LOABS,PULV LOW SEAL AIR HDR DIFF PRESS,ALM,1,3.99961,4,INH2O,!WP1001!WP1002!WP1003!WP1006!WP1007!WP1014!hist14!CP1004,1
2026-07-16 15:31:55.1,1BFA_GSM_ALM,BFA_ALM4,MARK VIE A BFPT ALARM,,STA_5,LO CLR DISCHG TEMP OK,RTN,5,0,0,,!WP1001!WP1002!WP1003!WP1006!WP1007!WP1014!hist14!CP1011,1
2026-07-16 15:31:56.1,1PDF,SLPSL0001,PULV LOW SEAL AIR HDR DIFF PRESS,,LOABS,PULV LOW SEAL AIR HDR DIFF PRESS,RTN,1,4.09131,4,INH2O,!WP1001!WP1002!WP1003!WP1006!WP1007!WP1014!hist14!CP1004,1
2026-07-16 15:32:00.1,1PDF,SLPSL0001,PULV LOW SEAL AIR HDR DIFF PRESS,,LOABS,PULV LOW SEAL AIR HDR DIFF PRESS,ALM,1,3.92432,4,INH2O,!WP1001!WP1002!WP1003!WP1006!WP1007!WP1014!hist14!CP1004,1
2026-07-16 15:32:01.1,IDFAN_PEEC,OPCY_ALM,PRECIP OUT > 50%,PRECIP OUTLET,STATE,ALARM,ALM,3,,,,!WP1001!WP1002!WP1003!WP1006!WP1007!WP1014!hist14!CP1003,1
2026-07-16 15:32:06.6,1BFA_GSM_ALM,BFA_ALM4,MARK VIE A BFPT ALARM,,STA_5,LO CLR DISCHG TEMP HIGH,ALM,5,0,0,,!WP1001!WP1002!WP1003!WP1006!WP1007!WP1014!hist14!CP1011,1
2026-07-16 15:32:08.6,1BFA_GSM_ALM,BFA_ALM4,MARK VIE A BFPT ALARM,,STA_5,LO CLR DISCHG TEMP OK,RTN,5,0,0,,!WP1001!WP1002!WP1003!WP1006!WP1007!WP1014!hist14!CP1011,1
2026-07-16 15:32:09.1,IDFAN_PEEC,OPCY_ALM,PRECIP OUT > 50%,PRECIP OUTLET,STATE,NORMAL,RTN,3,,,,!WP1001!WP1002!WP1003!WP1006!WP1007!WP1014!hist14!CP1003,1
2026-07-16 15:32:34.6,1BFA_GSM_ALM,BFA_ALM4,MARK VIE A BFPT ALARM,,STA_5,LO CLR DISCHG TEMP HIGH,ALM,5,0,0,,!WP1001!WP1002!WP1003!WP1006!WP1007!WP1014!hist14!CP1011,1
2026-07-16 15:32:36.6,1BFA_GSM_ALM,BFA_ALM4,MARK VIE A BFPT ALARM,,STA_5,LO CLR DISCHG TEMP OK,RTN,5,0,0,,!WP1001!WP1002!WP1003!WP1006!WP1007!WP1014!hist14!CP1011,1
2026-07-16 15:33:13.1,1PDF,SLPSL0001,PULV LOW SEAL AIR HDR DIFF PRESS,,LOABS,PULV LOW SEAL AIR HDR DIFF PRESS,RTN,1,4.0084,4,INH2O,!WP1001!WP1002!WP1003!WP1006!WP1007!WP1014!hist14!CP1004,1
2026-07-16 15:33:19.1,1PDF,SLPSL0001,PULV LOW SEAL AIR HDR DIFF PRESS,,LOABS,PULV LOW SEAL AIR HDR DIFF PRESS,ALM,1,3.87979,4,INH2O,!WP1001!WP1002!WP1003!WP1006!WP1007!WP1014!hist14!CP1004,1
2026-07-16 15:33:21.1,1PDF,SLPSL0001,PULV LOW SEAL AIR HDR DIFF PRESS,,LOABS,PULV LOW SEAL AIR HDR DIFF PRESS,RTN,1,4.00547,4,INH2O,!WP1001!WP1002!WP1003!WP1006!WP1007!WP1014!hist14!CP1004,1
2026-07-16 15:33:27.1,1PDF,SLPSL0001,PULV LOW SEAL AIR HDR DIFF PRESS,,LOABS,PULV LOW SEAL AIR HDR DIFF PRESS,ALM,1,3.93369,4,INH2O,!WP1001!WP1002!WP1003!WP1006!WP1007!WP1014!hist14!CP1004,1
2026-07-16 15:33:28.1,1PDF,SLPSL0001,PULV LOW SEAL AIR HDR DIFF PRESS,,LOABS,PULV LOW SEAL AIR HDR DIFF PRESS,RTN,1,4.06787,4,INH2O,!WP1001!WP1002!WP1003!WP1006!WP1007!WP1014!hist14!CP1004,1
2026-07-16 15:33:30.6,IDFAN_PEEC,OPCY_ALM,PRECIP OUT > 50%,PRECIP OUTLET,STATE,ALARM,ALM,3,,,,!WP1001!WP1002!WP1003!WP1006!WP1007!WP1014!hist14!CP1003,1
2026-07-16 15:33:33.1,1PDF,SLPSL0001,PULV LOW SEAL AIR HDR DIFF PRESS,,LOABS,PULV LOW SEAL AIR HDR DIFF PRESS,ALM,1,3.97148,4,INH2O,!WP1001!WP1002!WP1003!WP1006!WP1007!WP1014!hist14!CP1004,1
2026-07-16 15:33:34.1,1PDF,SLPSL0001,PULV LOW SEAL AIR HDR DIFF PRESS,,LOABS,PULV LOW SEAL AIR HDR DIFF PRESS,RTN,1,4.05674,4,INH2O,!WP1001!WP1002!WP1003!WP1006!WP1007!WP1014!hist14!CP1004,1
2026-07-16 15:33:40.1,IDFAN_PEEC,OPCY_ALM,PRECIP OUT > 50%,PRECIP OUTLET,STATE,NORMAL,RTN,3,,,,!WP1001!WP1002!WP1003!WP1006!WP1007!WP1014!hist14!CP1003,1
2026-07-16 15:34:27.1,1BFA_GSM_ALM,BFA_ALM4,MARK VIE A BFPT ALARM,,STA_5,LO CLR DISCHG TEMP HIGH,ALM,5,0,0,,!WP1001!WP1002!WP1003!WP1006!WP1007!WP1014!hist14!CP1011,1
2026-07-16 15:34:29.1,1BFA_GSM_ALM,BFA_ALM4,MARK VIE A BFPT ALARM,,STA_5,LO CLR DISCHG TEMP OK,RTN,5,0,0,,!WP1001!WP1002!WP1003!WP1006!WP1007!WP1014!hist14!CP1011,1
2026-07-16 15:34:31.1,1BFA_GSM_ALM,BFA_ALM4,MARK VIE A BFPT ALARM,,STA_5,LO CLR DISCHG TEMP HIGH,ALM,5,0,0,,!WP1001!WP1002!WP1003!WP1006!WP1007!WP1014!hist14!CP1011,1
2026-07-16 15:34:32.6,1BFA_GSM_ALM,BFA_ALM4,MARK VIE A BFPT ALARM,,STA_5,LO CLR DISCHG TEMP OK,RTN,5,0,0,,!WP1001!WP1002!WP1003!WP1006!WP1007!WP1014!hist14!CP1011,1
2026-07-16 15:35:16.7,1AB_PYRITE,SV_611AL,MILL HPR 1C EJCT  WTR VLV,MILL HOPPER 1,STATE,FAIL,ALM,3,,,,!WP1002!WP1011!WP1001!hist14!CP1020,1
2026-07-16 15:35:19.1,1BFA_GSM_ALM,BFA_ALM4,MARK VIE A BFPT ALARM,,STA_5,LO CLR DISCHG TEMP HIGH,ALM,5,0,0,,!WP1001!WP1002!WP1003!WP1006!WP1007!WP1014!hist14!CP1011,1
2026-07-16 15:35:21.1,1BFA_GSM_ALM,BFA_ALM4,MARK VIE A BFPT ALARM,,STA_5,LO CLR DISCHG TEMP OK,RTN,5,0,0,,!WP1001!WP1002!WP1003!WP1006!WP1007!WP1014!hist14!CP1011,1
2026-07-16 15:35:54.6,1BFA_GSM_ALM,BFA_ALM4,MARK VIE A BFPT ALARM,,STA_5,LO CLR DISCHG TEMP HIGH,ALM,5,0,0,,!WP1001!WP1002!WP1003!WP1006!WP1007!WP1014!hist14!CP1011,1
2026-07-16 15:35:56.6,1BFA_GSM_ALM,BFA_ALM4,MARK VIE A BFPT ALARM,,STA_5,LO CLR DISCHG TEMP OK,RTN,5,0,0,,!WP1001!WP1002!WP1003!WP1006!WP1007!WP1014!hist14!CP1011,1
2026-07-16 15:36:13.1,1BFA_GSM_ALM,BFA_ALM4,MARK VIE A BFPT ALARM,,STA_5,LO CLR DISCHG TEMP HIGH,ALM,5,0,0,,!WP1001!WP1002!WP1003!WP1006!WP1007!WP1014!hist14!CP1011,1
2026-07-16 15:36:14.6,1BFA_GSM_ALM,BFA_ALM4,MARK VIE A BFPT ALARM,,STA_5,LO CLR DISCHG TEMP OK,RTN,5,0,0,,!WP1001!WP1002!WP1003!WP1006!WP1007!WP1014!hist14!CP1011,1
2026-07-16 15:36:22.6,1BFA_GSM_ALM,BFA_ALM4,MARK VIE A BFPT ALARM,,STA_5,LO CLR DISCHG TEMP HIGH,ALM,5,0,0,,!WP1001!WP1002!WP1003!WP1006!WP1007!WP1014!hist14!CP1011,1
2026-07-16 15:36:24.6,1BFA_GSM_ALM,BFA_ALM4,MARK VIE A BFPT ALARM,,STA_5,LO CLR DISCHG TEMP OK,RTN,5,0,0,,!WP1001!WP1002!WP1003!WP1006!WP1007!WP1014!hist14!CP1011,1
2026-07-16 15:36:40.6,1BFA_GSM_ALM,BFA_ALM4,MARK VIE A BFPT ALARM,,STA_5,LO CLR DISCHG TEMP HIGH,ALM,5,0,0,,!WP1001!WP1002!WP1003!WP1006!WP1007!WP1014!hist14!CP1011,1
2026-07-16 15:36:42.6,1BFA_GSM_ALM,BFA_ALM4,MARK VIE A BFPT ALARM,,STA_5,LO CLR DISCHG TEMP OK,RTN,5,0,0,,!WP1001!WP1002!WP1003!WP1006!WP1007!WP1014!hist14!CP1011,1
2026-07-16 15:37:01.6,IDFAN_PEEC,OPCY_ALM,PRECIP OUT > 50%,PRECIP OUTLET,STATE,ALARM,ALM,3,,,,!WP1001!WP1002!WP1003!WP1006!WP1007!WP1014!hist14!CP1003,1
2026-07-16 15:37:06.6,1BFA_GSM_ALM,BFA_ALM4,MARK VIE A BFPT ALARM,,STA_5,LO CLR DISCHG TEMP HIGH,ALM,5,0,0,,!WP1001!WP1002!WP1003!WP1006!WP1007!WP1014!hist14!CP1011,1
2026-07-16 15:37:08.1,IDFAN_PEEC,OPCY_ALM,PRECIP OUT > 50%,PRECIP OUTLET,STATE,NORMAL,RTN,3,,,,!WP1001!WP1002!WP1003!WP1006!WP1007!WP1014!hist14!CP1003,1
2026-07-16 15:37:08.6,1BFA_GSM_ALM,BFA_ALM4,MARK VIE A BFPT ALARM,,STA_5,LO CLR DISCHG TEMP OK,RTN,5,0,0,,!WP1001!WP1002!WP1003!WP1006!WP1007!WP1014!hist14!CP1011,1
2026-07-16 15:37:16.6,1BFA_GSM_ALM,BFA_ALM4,MARK VIE A BFPT ALARM,,STA_5,LO CLR DISCHG TEMP HIGH,ALM,5,0,0,,!WP1001!WP1002!WP1003!WP1006!WP1007!WP1014!hist14!CP1011,1
2026-07-16 15:37:18.6,1BFA_GSM_ALM,BFA_ALM4,MARK VIE A BFPT ALARM,,STA_5,LO CLR DISCHG TEMP OK,RTN,5,0,0,,!WP1001!WP1002!WP1003!WP1006!WP1007!WP1014!hist14!CP1011,1
2026-07-16 15:37:44.6,1BFA_GSM_ALM,BFA_ALM4,MARK VIE A BFPT ALARM,,STA_5,LO CLR DISCHG TEMP HIGH,ALM,5,0,0,,!WP1001!WP1002!WP1003!WP1006!WP1007!WP1014!hist14!CP1011,1
2026-07-16 15:37:47.1,1PDF,SLPSL0001,PULV LOW SEAL AIR HDR DIFF PRESS,,LOABS,PULV LOW SEAL AIR HDR DIFF PRESS,ALM,1,3.90469,4,INH2O,!WP1001!WP1002!WP1003!WP1006!WP1007!WP1014!hist14!CP1004,1
2026-07-16 15:37:47.1,1BFA_GSM_ALM,BFA_ALM4,MARK VIE A BFPT ALARM,,STA_5,LO CLR DISCHG TEMP OK,RTN,5,0,0,,!WP1001!WP1002!WP1003!WP1006!WP1007!WP1014!hist14!CP1011,1
2026-07-16 15:38:04.6,1BFA_GSM_ALM,BFA_ALM4,MARK VIE A BFPT ALARM,,STA_5,LO CLR DISCHG TEMP HIGH,ALM,5,0,0,,!WP1001!WP1002!WP1003!WP1006!WP1007!WP1014!hist14!CP1011,1
2026-07-16 15:38:06.6,1BFA_GSM_ALM,BFA_ALM4,MARK VIE A BFPT ALARM,,STA_5,LO CLR DISCHG TEMP OK,RTN,5,0,0,,!WP1001!WP1002!WP1003!WP1006!WP1007!WP1014!hist14!CP1011,1
2026-07-16 15:38:26.1,1PDF,SLPSL0001,PULV LOW SEAL AIR HDR DIFF PRESS,,LOABS,PULV LOW SEAL AIR HDR DIFF PRESS,RTN,1,4.01279,4,INH2O,!WP1001!WP1002!WP1003!WP1006!WP1007!WP1014!hist14!CP1004,1
2026-07-16 15:38:27.1,1PDF,SLPSL0001,PULV LOW SEAL AIR HDR DIFF PRESS,,LOABS,PULV LOW SEAL AIR HDR DIFF PRESS,ALM,1,3.88447,4,INH2O,!WP1001!WP1002!WP1003!WP1006!WP1007!WP1014!hist14!CP1004,1
2026-07-16 15:38:32.6,1BFA_GSM_ALM,BFA_ALM4,MARK VIE A BFPT ALARM,,STA_5,LO CLR DISCHG TEMP HIGH,ALM,5,0,0,,!WP1001!WP1002!WP1003!WP1006!WP1007!WP1014!hist14!CP1011,1
2026-07-16 15:38:34.6,1BFA_GSM_ALM,BFA_ALM4,MARK VIE A BFPT ALARM,,STA_5,LO CLR DISCHG TEMP OK,RTN,5,0,0,,!WP1001!WP1002!WP1003!WP1006!WP1007!WP1014!hist14!CP1011,1
2026-07-16 15:38:41.1,1BFA_GSM_ALM,BFA_ALM4,MARK VIE A BFPT ALARM,,STA_5,LO CLR DISCHG TEMP HIGH,ALM,5,0,0,,!WP1001!WP1002!WP1003!WP1006!WP1007!WP1014!hist14!CP1011,1
2026-07-16 15:38:43.1,1BFA_GSM_ALM,BFA_ALM4,MARK VIE A BFPT ALARM,,STA_5,LO CLR DISCHG TEMP OK,RTN,5,0,0,,!WP1001!WP1002!WP1003!WP1006!WP1007!WP1014!hist14!CP1011,1
2026-07-16 15:38:46.7,1AB_PYRITE,SV_611AL,MILL HPR 1C EJCT  WTR VLV,MILL HOPPER 1,STATE,OK,RTN,3,,,,!WP1002!WP1011!WP1001!hist14!CP1020,1
2026-07-16 15:38:54.6,1BFA_GSM_ALM,BFA_ALM4,MARK VIE A BFPT ALARM,,STA_5,LO CLR DISCHG TEMP HIGH,ALM,5,0,0,,!WP1001!WP1002!WP1003!WP1006!WP1007!WP1014!hist14!CP1011,1
2026-07-16 15:38:56.6,1BFA_GSM_ALM,BFA_ALM4,MARK VIE A BFPT ALARM,,STA_5,LO CLR DISCHG TEMP OK,RTN,5,0,0,,!WP1001!WP1002!WP1003!WP1006!WP1007!WP1014!hist14!CP1011,1
2026-07-16 15:39:09.1,1BFA_GSM_ALM,BFA_ALM4,MARK VIE A BFPT ALARM,,STA_5,LO CLR DISCHG TEMP HIGH,ALM,5,0,0,,!WP1001!WP1002!WP1003!WP1006!WP1007!WP1014!hist14!CP1011,1
2026-07-16 15:39:11.1,1BFA_GSM_ALM,BFA_ALM4,MARK VIE A BFPT ALARM,,STA_5,LO CLR DISCHG TEMP OK,RTN,5,0,0,,!WP1001!WP1002!WP1003!WP1006!WP1007!WP1014!hist14!CP1011,1
2026-07-16 15:39:16.6,1BFA_GSM_ALM,BFA_ALM4,MARK VIE A BFPT ALARM,,STA_5,LO CLR DISCHG TEMP HIGH,ALM,5,0,0,,!WP1001!WP1002!WP1003!WP1006!WP1007!WP1014!hist14!CP1011,1
2026-07-16 15:39:20.6,1BFA_GSM_ALM,BFA_ALM4,MARK VIE A BFPT ALARM,,STA_5,LO CLR DISCHG TEMP OK,RTN,5,0,0,,!WP1001!WP1002!WP1003!WP1006!WP1007!WP1014!hist14!CP1011,1
2026-07-16 15:39:59.1,1PDF,SLPSL0001,PULV LOW SEAL AIR HDR DIFF PRESS,,LOABS,PULV LOW SEAL AIR HDR DIFF PRESS,RTN,1,4.02334,4,INH2O,!WP1001!WP1002!WP1003!WP1006!WP1007!WP1014!hist14!CP1004,1
2026-07-16 15:39:59.1,1BFA_GSM_ALM,BFA_ALM4,MARK VIE A BFPT ALARM,,STA_5,LO CLR DISCHG TEMP HIGH,ALM,5,0,0,,!WP1001!WP1002!WP1003!WP1006!WP1007!WP1014!hist14!CP1011,1
2026-07-16 15:40:00.1,1PDF,SLPSL0001,PULV LOW SEAL AIR HDR DIFF PRESS,,LOABS,PULV LOW SEAL AIR HDR DIFF PRESS,ALM,1,3.93691,4,INH2O,!WP1001!WP1002!WP1003!WP1006!WP1007!WP1014!hist14!CP1004,1
2026-07-16 15:40:01.1,1BFA_GSM_ALM,BFA_ALM4,MARK VIE A BFPT ALARM,,STA_5,LO CLR DISCHG TEMP OK,RTN,5,0,0,,!WP1001!WP1002!WP1003!WP1006!WP1007!WP1014!hist14!CP1011,1
2026-07-16 15:40:16.6,1BFA_GSM_ALM,BFA_ALM4,MARK VIE A BFPT ALARM,,STA_5,LO CLR DISCHG TEMP HIGH,ALM,5,0,0,,!WP1001!WP1002!WP1003!WP1006!WP1007!WP1014!hist14!CP1011,1
2026-07-16 15:40:18.6,1BFA_GSM_ALM,BFA_ALM4,MARK VIE A BFPT ALARM,,STA_5,LO CLR DISCHG TEMP OK,RTN,5,0,0,,!WP1001!WP1002!WP1003!WP1006!WP1007!WP1014!hist14!CP1011,1
2026-07-16 15:40:20.0,1FP,B56,ID FAN A INLET DAMPER FEEDBACK,,HHABS,ID FAN A DAMPER 80 %,RTN,1,78.9531,80,PCT,!WP1001!WP1002!WP1003!WP1006!WP1007!WP1014!hist14!CP1001,1
2026-07-16 15:40:22.4,1FP,B58,ID FAN B INLET DAMPER FEEDBACK,,HHABS,IDF B DAMPER 80%,RTN,1,78.9494,80,PCT,!WP1001!WP1002!WP1003!WP1006!WP1007!WP1014!hist14!CP1001,1
2026-07-16 15:40:23.0,1FP,B86,ID FAN C INLET DAMPER FEEDBACK,,HHABS,ID FAN C DAMPER 80 %,RTN,1,78.9321,80,PCT,!WP1001!WP1002!WP1003!WP1006!WP1007!WP1014!hist14!CP1001,1
2026-07-16 15:40:31.6,1FG_B,5706TX_ALM,BF B INLET OUTLET PRESS,FGPDIT5706,STATE,DEVIATION ALARM CLEAR,RTN,3,,,,!WP1001!WP1002!WP1003!WP1006!WP1007!WP1014!hist14!CP1015,1
2026-07-16 15:40:41.1,1PDF,SLPSL0001,PULV LOW SEAL AIR HDR DIFF PRESS,,LOABS,PULV LOW SEAL AIR HDR DIFF PRESS,RTN,1,4.08252,4,INH2O,!WP1001!WP1002!WP1003!WP1006!WP1007!WP1014!hist14!CP1004,1
2026-07-16 15:41:06.6,1BFA_GSM_ALM,BFA_ALM4,MARK VIE A BFPT ALARM,,STA_5,LO CLR DISCHG TEMP HIGH,ALM,5,0,0,,!WP1001!WP1002!WP1003!WP1006!WP1007!WP1014!hist14!CP1011,1
2026-07-16 15:41:07.1,1PDF,SLPSL0001,PULV LOW SEAL AIR HDR DIFF PRESS,,LOABS,PULV LOW SEAL AIR HDR DIFF PRESS,ALM,1,3.98379,4,INH2O,!WP1001!WP1002!WP1003!WP1006!WP1007!WP1014!hist14!CP1004,1
2026-07-16 15:41:08.1,1PDF,SLPSL0001,PULV LOW SEAL AIR HDR DIFF PRESS,,LOABS,PULV LOW SEAL AIR HDR DIFF PRESS,RTN,1,4.0207,4,INH2O,!WP1001!WP1002!WP1003!WP1006!WP1007!WP1014!hist14!CP1004,1
2026-07-16 15:41:08.6,1BFA_GSM_ALM,BFA_ALM4,MARK VIE A BFPT ALARM,,STA_5,LO CLR DISCHG TEMP OK,RTN,5,0,0,,!WP1001!WP1002!WP1003!WP1006!WP1007!WP1014!hist14!CP1011,1
2026-07-16 15:41:09.1,1PDF,SLPSL0001,PULV LOW SEAL AIR HDR DIFF PRESS,,LOABS,PULV LOW SEAL AIR HDR DIFF PRESS,ALM,1,3.94922,4,INH2O,!WP1001!WP1002!WP1003!WP1006!WP1007!WP1014!hist14!CP1004,1
2026-07-16 15:41:10.1,1PDF,SLPSL0001,PULV LOW SEAL AIR HDR DIFF PRESS,,LOABS,PULV LOW SEAL AIR HDR DIFF PRESS,RTN,1,4.02481,4,INH2O,!WP1001!WP1002!WP1003!WP1006!WP1007!WP1014!hist14!CP1004,1
2026-07-16 15:41:11.1,1PDF,SLPSL0001,PULV LOW SEAL AIR HDR DIFF PRESS,,LOABS,PULV LOW SEAL AIR HDR DIFF PRESS,ALM,1,3.99258,4,INH2O,!WP1001!WP1002!WP1003!WP1006!WP1007!WP1014!hist14!CP1004,1
2026-07-16 15:41:12.1,1PDF,SLPSL0001,PULV LOW SEAL AIR HDR DIFF PRESS,,LOABS,PULV LOW SEAL AIR HDR DIFF PRESS,RTN,1,4.11123,4,INH2O,!WP1001!WP1002!WP1003!WP1006!WP1007!WP1014!hist14!CP1004,1
2026-07-16 15:41:17.1,1PDF,SLPSL0001,PULV LOW SEAL AIR HDR DIFF PRESS,,LOABS,PULV LOW SEAL AIR HDR DIFF PRESS,ALM,1,3.97588,4,INH2O,!WP1001!WP1002!WP1003!WP1006!WP1007!WP1014!hist14!CP1004,1
2026-07-16 15:41:22.6,1BFA_GSM_ALM,BFA_ALM4,MARK VIE A BFPT ALARM,,STA_5,LO CLR DISCHG TEMP HIGH,ALM,5,0,0,,!WP1001!WP1002!WP1003!WP1006!WP1007!WP1014!hist14!CP1011,1
2026-07-16 15:41:24.6,1BFA_GSM_ALM,BFA_ALM4,MARK VIE A BFPT ALARM,,STA_5,LO CLR DISCHG TEMP OK,RTN,5,0,0,,!WP1001!WP1002!WP1003!WP1006!WP1007!WP1014!hist14!CP1011,1
2026-07-16 15:41:27.1,1PDF,SLPSL0001,PULV LOW SEAL AIR HDR DIFF PRESS,,LOABS,PULV LOW SEAL AIR HDR DIFF PRESS,RTN,1,4.19355,4,INH2O,!WP1001!WP1002!WP1003!WP1006!WP1007!WP1014!hist14!CP1004,1
2026-07-16 15:41:29.1,1PDF,SLPSL0001,PULV LOW SEAL AIR HDR DIFF PRESS,,LOABS,PULV LOW SEAL AIR HDR DIFF PRESS,ALM,1,3.99785,4,INH2O,!WP1001!WP1002!WP1003!WP1006!WP1007!WP1014!hist14!CP1004,1
2026-07-16 15:41:29.6,1FG_B,ZSH5701A,BF B BLADE PITCH,,HIABS,BLADE PITCH ALARM,RTN,3,69.8438,70,%,!WP1001!WP1002!WP1003!WP1006!WP1007!WP1014!hist14!CP1015,1
2026-07-16 15:41:31.1,1PDF,SLPSL0001,PULV LOW SEAL AIR HDR DIFF PRESS,,LOABS,PULV LOW SEAL AIR HDR DIFF PRESS,RTN,1,4.09512,4,INH2O,!WP1001!WP1002!WP1003!WP1006!WP1007!WP1014!hist14!CP1004,1
2026-07-16 15:41:32.6,1BFA_GSM_ALM,BFA_ALM4,MARK VIE A BFPT ALARM,,STA_5,LO CLR DISCHG TEMP HIGH,ALM,5,0,0,,!WP1001!WP1002!WP1003!WP1006!WP1007!WP1014!hist14!CP1011,1
2026-07-16 15:41:33.6,1FG_A,ZSH5601A,BF A BLADE PITCH,,HIABS,BLADE PITCH ALARM,RTN,3,69.8594,70,%,!WP1001!WP1002!WP1003!WP1006!WP1007!WP1014!hist14!CP1015,1
2026-07-16 15:41:34.6,1BFA_GSM_ALM,BFA_ALM4,MARK VIE A BFPT ALARM,,STA_5,LO CLR DISCHG TEMP OK,RTN,5,0,0,,!WP1001!WP1002!WP1003!WP1006!WP1007!WP1014!hist14!CP1011,1
2026-07-16 15:42:12.1,1PDF,SLPSL0001,PULV LOW SEAL AIR HDR DIFF PRESS,,LOABS,PULV LOW SEAL AIR HDR DIFF PRESS,ALM,1,3.98057,4,INH2O,!WP1001!WP1002!WP1003!WP1006!WP1007!WP1014!hist14!CP1004,1
2026-07-16 15:42:13.1,1PDF,SLPSL0001,PULV LOW SEAL AIR HDR DIFF PRESS,,LOABS,PULV LOW SEAL AIR HDR DIFF PRESS,RTN,1,4.07666,4,INH2O,!WP1001!WP1002!WP1003!WP1006!WP1007!WP1014!hist14!CP1004,1
2026-07-16 15:42:13.1,1BFA_GSM_ALM,BFA_ALM4,MARK VIE A BFPT ALARM,,STA_5,LO CLR DISCHG TEMP HIGH,ALM,5,0,0,,!WP1001!WP1002!WP1003!WP1006!WP1007!WP1014!hist14!CP1011,1
2026-07-16 15:42:14.6,1BFA_GSM_ALM,BFA_ALM4,MARK VIE A BFPT ALARM,,STA_5,LO CLR DISCHG TEMP OK,RTN,5,0,0,,!WP1001!WP1002!WP1003!WP1006!WP1007!WP1014!hist14!CP1011,1
2026-07-16 15:42:18.6,1BFA_GSM_ALM,BFA_ALM4,MARK VIE A BFPT ALARM,,STA_5,LO CLR DISCHG TEMP HIGH,ALM,5,0,0,,!WP1001!WP1002!WP1003!WP1006!WP1007!WP1014!hist14!CP1011,1
2026-07-16 15:42:22.6,1BFA_GSM_ALM,BFA_ALM4,MARK VIE A BFPT ALARM,,STA_5,LO CLR DISCHG TEMP OK,RTN,5,0,0,,!WP1001!WP1002!WP1003!WP1006!WP1007!WP1014!hist14!CP1011,1
2026-07-16 15:42:44.6,1BFA_GSM_ALM,BFA_ALM4,MARK VIE A BFPT ALARM,,STA_5,LO CLR DISCHG TEMP HIGH,ALM,5,0,0,,!WP1001!WP1002!WP1003!WP1006!WP1007!WP1014!hist14!CP1011,1
2026-07-16 15:42:48.6,1BFA_GSM_ALM,BFA_ALM4,MARK VIE A BFPT ALARM,,STA_5,LO CLR DISCHG TEMP OK,RTN,5,0,0,,!WP1001!WP1002!WP1003!WP1006!WP1007!WP1014!hist14!CP1011,1
2026-07-16 15:43:56.6,1BFA_GSM_ALM,BFA_ALM4,MARK VIE A BFPT ALARM,,STA_5,LO CLR DISCHG TEMP HIGH,ALM,5,0,0,,!WP1001!WP1002!WP1003!WP1006!WP1007!WP1014!hist14!CP1011,1
2026-07-16 15:43:58.6,1BFA_GSM_ALM,BFA_ALM4,MARK VIE A BFPT ALARM,,STA_5,LO CLR DISCHG TEMP OK,RTN,5,0,0,,!WP1001!WP1002!WP1003!WP1006!WP1007!WP1014!hist14!CP1011,1
2026-07-16 15:44:00.6,IDFAN_PEEC,OPCY_ALM,PRECIP OUT > 50%,PRECIP OUTLET,STATE,ALARM,ALM,3,,,,!WP1001!WP1002!WP1003!WP1006!WP1007!WP1014!hist14!CP1003,1
2026-07-16 15:44:00.6,1BFA_GSM_ALM,BFA_ALM4,MARK VIE A BFPT ALARM,,STA_5,LO CLR DISCHG TEMP HIGH,ALM,5,0,0,,!WP1001!WP1002!WP1003!WP1006!WP1007!WP1014!hist14!CP1011,1
2026-07-16 15:44:02.6,1BFA_GSM_ALM,BFA_ALM4,MARK VIE A BFPT ALARM,,STA_5,LO CLR DISCHG TEMP OK,RTN,5,0,0,,!WP1001!WP1002!WP1003!WP1006!WP1007!WP1014!hist14!CP1011,1
2026-07-16 15:44:06.6,IDFAN_PEEC,OPCY_ALM,PRECIP OUT > 50%,PRECIP OUTLET,STATE,NORMAL,RTN,3,,,,!WP1001!WP1002!WP1003!WP1006!WP1007!WP1014!hist14!CP1003,1
2026-07-16 15:44:15.1,1BFA_GSM_ALM,BFA_ALM4,MARK VIE A BFPT ALARM,,STA_5,LO CLR DISCHG TEMP HIGH,ALM,5,0,0,,!WP1001!WP1002!WP1003!WP1006!WP1007!WP1014!hist14!CP1011,1
2026-07-16 15:44:16.1,1PDF,SLPSL0001,PULV LOW SEAL AIR HDR DIFF PRESS,,LOABS,PULV LOW SEAL AIR HDR DIFF PRESS,ALM,1,3.97852,4,INH2O,!WP1001!WP1002!WP1003!WP1006!WP1007!WP1014!hist14!CP1004,1
2026-07-16 15:44:17.1,1PDF,SLPSL0001,PULV LOW SEAL AIR HDR DIFF PRESS,,LOABS,PULV LOW SEAL AIR HDR DIFF PRESS,RTN,1,4.13115,4,INH2O,!WP1001!WP1002!WP1003!WP1006!WP1007!WP1014!hist14!CP1004,1
2026-07-16 15:44:17.1,1BFA_GSM_ALM,BFA_ALM4,MARK VIE A BFPT ALARM,,STA_5,LO CLR DISCHG TEMP OK,RTN,5,0,0,,!WP1001!WP1002!WP1003!WP1006!WP1007!WP1014!hist14!CP1011,1
2026-07-16 15:44:33.1,1PDF,SLPSL0001,PULV LOW SEAL AIR HDR DIFF PRESS,,LOABS,PULV LOW SEAL AIR HDR DIFF PRESS,ALM,1,3.96299,4,INH2O,!WP1001!WP1002!WP1003!WP1006!WP1007!WP1014!hist14!CP1004,1
2026-07-16 15:44:34.1,1PDF,SLPSL0001,PULV LOW SEAL AIR HDR DIFF PRESS,,LOABS,PULV LOW SEAL AIR HDR DIFF PRESS,RTN,1,4.01016,4,INH2O,!WP1001!WP1002!WP1003!WP1006!WP1007!WP1014!hist14!CP1004,1
2026-07-16 15:44:35.1,1PDF,SLPSL0001,PULV LOW SEAL AIR HDR DIFF PRESS,,LOABS,PULV LOW SEAL AIR HDR DIFF PRESS,ALM,1,3.95801,4,INH2O,!WP1001!WP1002!WP1003!WP1006!WP1007!WP1014!hist14!CP1004,1
2026-07-16 15:44:53.1,1PDF,SLPSL0001,PULV LOW SEAL AIR HDR DIFF PRESS,,LOABS,PULV LOW SEAL AIR HDR DIFF PRESS,RTN,1,4.07168,4,INH2O,!WP1001!WP1002!WP1003!WP1006!WP1007!WP1014!hist14!CP1004,1
2026-07-16 15:44:55.1,1PDF,SLPSL0001,PULV LOW SEAL AIR HDR DIFF PRESS,,LOABS,PULV LOW SEAL AIR HDR DIFF PRESS,ALM,1,3.97969,4,INH2O,!WP1001!WP1002!WP1003!WP1006!WP1007!WP1014!hist14!CP1004,1
2026-07-16 15:45:01.1,1PDF,SLPSL0001,PULV LOW SEAL AIR HDR DIFF PRESS,,LOABS,PULV LOW SEAL AIR HDR DIFF PRESS,RTN,1,4.08252,4,INH2O,!WP1001!WP1002!WP1003!WP1006!WP1007!WP1014!hist14!CP1004,1
2026-07-16 15:45:04.1,1PDF,SLPSL0001,PULV LOW SEAL AIR HDR DIFF PRESS,,LOABS,PULV LOW SEAL AIR HDR DIFF PRESS,ALM,1,3.96768,4,INH2O,!WP1001!WP1002!WP1003!WP1006!WP1007!WP1014!hist14!CP1004,1
2026-07-16 15:45:08.1,1PDF,SLPSL0001,PULV LOW SEAL AIR HDR DIFF PRESS,,LOABS,PULV LOW SEAL AIR HDR DIFF PRESS,RTN,1,4.05996,4,INH2O,!WP1001!WP1002!WP1003!WP1006!WP1007!WP1014!hist14!CP1004,1
2026-07-16 15:45:12.1,1PDF,SLPSL0001,PULV LOW SEAL AIR HDR DIFF PRESS,,LOABS,PULV LOW SEAL AIR HDR DIFF PRESS,ALM,1,3.95186,4,INH2O,!WP1001!WP1002!WP1003!WP1006!WP1007!WP1014!hist14!CP1004,1
2026-07-16 15:45:20.6,1BFA_GSM_ALM,BFA_ALM4,MARK VIE A BFPT ALARM,,STA_5,LO CLR DISCHG TEMP HIGH,ALM,5,0,0,,!WP1001!WP1002!WP1003!WP1006!WP1007!WP1014!hist14!CP1011,1
2026-07-16 15:45:22.6,1BFA_GSM_ALM,BFA_ALM4,MARK VIE A BFPT ALARM,,STA_5,LO CLR DISCHG TEMP OK,RTN,5,0,0,,!WP1001!WP1002!WP1003!WP1006!WP1007!WP1014!hist14!CP1011,1
2026-07-16 15:46:04.6,1BFA_GSM_ALM,BFA_ALM4,MARK VIE A BFPT ALARM,,STA_5,LO CLR DISCHG TEMP HIGH,ALM,5,0,0,,!WP1001!WP1002!WP1003!WP1006!WP1007!WP1014!hist14!CP1011,1
2026-07-16 15:46:06.6,1BFA_GSM_ALM,BFA_ALM4,MARK VIE A BFPT ALARM,,STA_5,LO CLR DISCHG TEMP OK,RTN,5,0,0,,!WP1001!WP1002!WP1003!WP1006!WP1007!WP1014!hist14!CP1011,1
2026-07-16 15:47:10.6,1BFA_GSM_ALM,BFA_ALM4,MARK VIE A BFPT ALARM,,STA_5,LO CLR DISCHG TEMP HIGH,ALM,5,0,0,,!WP1001!WP1002!WP1003!WP1006!WP1007!WP1014!hist14!CP1011,1
2026-07-16 15:47:13.1,1BFA_GSM_ALM,BFA_ALM4,MARK VIE A BFPT ALARM,,STA_5,LO CLR DISCHG TEMP OK,RTN,5,0,0,,!WP1001!WP1002!WP1003!WP1006!WP1007!WP1014!hist14!CP1011,1
2026-07-16 15:47:19.1,1BFA_GSM_ALM,BFA_ALM4,MARK VIE A BFPT ALARM,,STA_5,LO CLR DISCHG TEMP HIGH,ALM,5,0,0,,!WP1001!WP1002!WP1003!WP1006!WP1007!WP1014!hist14!CP1011,1
2026-07-16 15:47:21.1,1BFA_GSM_ALM,BFA_ALM4,MARK VIE A BFPT ALARM,,STA_5,LO CLR DISCHG TEMP OK,RTN,5,0,0,,!WP1001!WP1002!WP1003!WP1006!WP1007!WP1014!hist14!CP1011,1
2026-07-16 15:47:41.1,1PDF,SLPSL0001,PULV LOW SEAL AIR HDR DIFF PRESS,,LOABS,PULV LOW SEAL AIR HDR DIFF PRESS,RTN,1,4.01836,4,INH2O,!WP1001!WP1002!WP1003!WP1006!WP1007!WP1014!hist14!CP1004,1
2026-07-16 15:47:42.1,1PDF,SLPSL0001,PULV LOW SEAL AIR HDR DIFF PRESS,,LOABS,PULV LOW SEAL AIR HDR DIFF PRESS,ALM,1,3.96387,4,INH2O,!WP1001!WP1002!WP1003!WP1006!WP1007!WP1014!hist14!CP1004,1
2026-07-16 15:48:21.1,1PDF,SLPSL0001,PULV LOW SEAL AIR HDR DIFF PRESS,,LOABS,PULV LOW SEAL AIR HDR DIFF PRESS,RTN,1,4.01279,4,INH2O,!WP1001!WP1002!WP1003!WP1006!WP1007!WP1014!hist14!CP1004,1
2026-07-16 15:48:26.1,1PDF,SLPSL0001,PULV LOW SEAL AIR HDR DIFF PRESS,,LOABS,PULV LOW SEAL AIR HDR DIFF PRESS,ALM,1,3.93662,4,INH2O,!WP1001!WP1002!WP1003!WP1006!WP1007!WP1014!hist14!CP1004,1
2026-07-16 15:48:29.1,1PDF,SLPSL0001,PULV LOW SEAL AIR HDR DIFF PRESS,,LOABS,PULV LOW SEAL AIR HDR DIFF PRESS,RTN,1,4.01162,4,INH2O,!WP1001!WP1002!WP1003!WP1006!WP1007!WP1014!hist14!CP1004,1
2026-07-16 15:48:35.1,1PDF,SLPSL0001,PULV LOW SEAL AIR HDR DIFF PRESS,,LOABS,PULV LOW SEAL AIR HDR DIFF PRESS,ALM,1,3.99053,4,INH2O,!WP1001!WP1002!WP1003!WP1006!WP1007!WP1014!hist14!CP1004,1
2026-07-16 15:48:38.1,1PDF,SLPSL0001,PULV LOW SEAL AIR HDR DIFF PRESS,,LOABS,PULV LOW SEAL AIR HDR DIFF PRESS,RTN,1,4.1124,4,INH2O,!WP1001!WP1002!WP1003!WP1006!WP1007!WP1014!hist14!CP1004,1
2026-07-16 15:48:39.1,1PDF,SLPSL0001,PULV LOW SEAL AIR HDR DIFF PRESS,,LOABS,PULV LOW SEAL AIR HDR DIFF PRESS,ALM,1,3.98057,4,INH2O,!WP1001!WP1002!WP1003!WP1006!WP1007!WP1014!hist14!CP1004,1
2026-07-16 15:48:39.1,1BFA_GSM_ALM,BFA_ALM4,MARK VIE A BFPT ALARM,,STA_5,LO CLR DISCHG TEMP HIGH,ALM,5,0,0,,!WP1001!WP1002!WP1003!WP1006!WP1007!WP1014!hist14!CP1011,1
2026-07-16 15:48:40.1,1PDF,SLPSL0001,PULV LOW SEAL AIR HDR DIFF PRESS,,LOABS,PULV LOW SEAL AIR HDR DIFF PRESS,RTN,1,4.00254,4,INH2O,!WP1001!WP1002!WP1003!WP1006!WP1007!WP1014!hist14!CP1004,1
2026-07-16 15:48:41.1,1PDF,SLPSL0001,PULV LOW SEAL AIR HDR DIFF PRESS,,LOABS,PULV LOW SEAL AIR HDR DIFF PRESS,ALM,1,3.94277,4,INH2O,!WP1001!WP1002!WP1003!WP1006!WP1007!WP1014!hist14!CP1004,1
2026-07-16 15:48:42.6,1BFA_GSM_ALM,BFA_ALM4,MARK VIE A BFPT ALARM,,STA_5,LO CLR DISCHG TEMP OK,RTN,5,0,0,,!WP1001!WP1002!WP1003!WP1006!WP1007!WP1014!hist14!CP1011,1
2026-07-16 15:48:48.6,1BFA_GSM_ALM,BFA_ALM4,MARK VIE A BFPT ALARM,,STA_5,LO CLR DISCHG TEMP HIGH,ALM,5,0,0,,!WP1001!WP1002!WP1003!WP1006!WP1007!WP1014!hist14!CP1011,1
2026-07-16 15:48:50.6,1BFA_GSM_ALM,BFA_ALM4,MARK VIE A BFPT ALARM,,STA_5,LO CLR DISCHG TEMP OK,RTN,5,0,0,,!WP1001!WP1002!WP1003!WP1006!WP1007!WP1014!hist14!CP1011,1
2026-07-16 15:48:57.1,1BFA_GSM_ALM,BFA_ALM4,MARK VIE A BFPT ALARM,,STA_5,LO CLR DISCHG TEMP HIGH,ALM,5,0,0,,!WP1001!WP1002!WP1003!WP1006!WP1007!WP1014!hist14!CP1011,1
2026-07-16 15:48:59.1,1BFA_GSM_ALM,BFA_ALM4,MARK VIE A BFPT ALARM,,STA_5,LO CLR DISCHG TEMP OK,RTN,5,0,0,,!WP1001!WP1002!WP1003!WP1006!WP1007!WP1014!hist14!CP1011,1
2026-07-16 15:49:22.1,1PDF,SLPSL0001,PULV LOW SEAL AIR HDR DIFF PRESS,,LOABS,PULV LOW SEAL AIR HDR DIFF PRESS,RTN,1,4.01162,4,INH2O,!WP1001!WP1002!WP1003!WP1006!WP1007!WP1014!hist14!CP1004,1
2026-07-16 15:49:23.1,1PDF,SLPSL0001,PULV LOW SEAL AIR HDR DIFF PRESS,,LOABS,PULV LOW SEAL AIR HDR DIFF PRESS,ALM,1,3.94277,4,INH2O,!WP1001!WP1002!WP1003!WP1006!WP1007!WP1014!hist14!CP1004,1
2026-07-16 15:49:34.6,1BFA_GSM_ALM,BFA_ALM4,MARK VIE A BFPT ALARM,,STA_5,LO CLR DISCHG TEMP HIGH,ALM,5,0,0,,!WP1001!WP1002!WP1003!WP1006!WP1007!WP1014!hist14!CP1011,1
2026-07-16 15:49:36.6,1BFA_GSM_ALM,BFA_ALM4,MARK VIE A BFPT ALARM,,STA_5,LO CLR DISCHG TEMP OK,RTN,5,0,0,,!WP1001!WP1002!WP1003!WP1006!WP1007!WP1014!hist14!CP1011,1
2026-07-16 15:50:08.6,1BFA_GSM_ALM,BFA_ALM4,MARK VIE A BFPT ALARM,,STA_5,LO CLR DISCHG TEMP HIGH,ALM,5,0,0,,!WP1001!WP1002!WP1003!WP1006!WP1007!WP1014!hist14!CP1011,1
2026-07-16 15:50:10.6,1BFA_GSM_ALM,BFA_ALM4,MARK VIE A BFPT ALARM,,STA_5,LO CLR DISCHG TEMP OK,RTN,5,0,0,,!WP1001!WP1002!WP1003!WP1006!WP1007!WP1014!hist14!CP1011,1
2026-07-16 15:50:11.1,1PDF,SLPSL0001,PULV LOW SEAL AIR HDR DIFF PRESS,,LOABS,PULV LOW SEAL AIR HDR DIFF PRESS,RTN,1,4.04619,4,INH2O,!WP1001!WP1002!WP1003!WP1006!WP1007!WP1014!hist14!CP1004,1
2026-07-16 15:50:13.1,1PDF,SLPSL0001,PULV LOW SEAL AIR HDR DIFF PRESS,,LOABS,PULV LOW SEAL AIR HDR DIFF PRESS,ALM,1,3.9958,4,INH2O,!WP1001!WP1002!WP1003!WP1006!WP1007!WP1014!hist14!CP1004,1
2026-07-16 15:50:14.1,1PDF,SLPSL0001,PULV LOW SEAL AIR HDR DIFF PRESS,,LOABS,PULV LOW SEAL AIR HDR DIFF PRESS,RTN,1,4.04736,4,INH2O,!WP1001!WP1002!WP1003!WP1006!WP1007!WP1014!hist14!CP1004,1
2026-07-16 15:50:15.1,1PDF,SLPSL0001,PULV LOW SEAL AIR HDR DIFF PRESS,,LOABS,PULV LOW SEAL AIR HDR DIFF PRESS,ALM,1,3.99199,4,INH2O,!WP1001!WP1002!WP1003!WP1006!WP1007!WP1014!hist14!CP1004,1
2026-07-16 15:50:21.1,1PDF,SLPSL0001,PULV LOW SEAL AIR HDR DIFF PRESS,,LOABS,PULV LOW SEAL AIR HDR DIFF PRESS,RTN,1,4.0084,4,INH2O,!WP1001!WP1002!WP1003!WP1006!WP1007!WP1014!hist14!CP1004,1
2026-07-16 15:50:22.1,1PDF,SLPSL0001,PULV LOW SEAL AIR HDR DIFF PRESS,,LOABS,PULV LOW SEAL AIR HDR DIFF PRESS,ALM,1,3.96738,4,INH2O,!WP1001!WP1002!WP1003!WP1006!WP1007!WP1014!hist14!CP1004,1
2026-07-16 15:50:36.6,1BFA_GSM_ALM,BFA_ALM4,MARK VIE A BFPT ALARM,,STA_5,LO CLR DISCHG TEMP HIGH,ALM,5,0,0,,!WP1001!WP1002!WP1003!WP1006!WP1007!WP1014!hist14!CP1011,1
2026-07-16 15:50:39.1,1BFA_GSM_ALM,BFA_ALM4,MARK VIE A BFPT ALARM,,STA_5,LO CLR DISCHG TEMP OK,RTN,5,0,0,,!WP1001!WP1002!WP1003!WP1006!WP1007!WP1014!hist14!CP1011,1
2026-07-16 15:50:44.1,1PDF,SLPSL0001,PULV LOW SEAL AIR HDR DIFF PRESS,,LOABS,PULV LOW SEAL AIR HDR DIFF PRESS,RTN,1,4.01484,4,INH2O,!WP1001!WP1002!WP1003!WP1006!WP1007!WP1014!hist14!CP1004,1
2026-07-16 15:50:45.1,1PDF,SLPSL0001,PULV LOW SEAL AIR HDR DIFF PRESS,,LOABS,PULV LOW SEAL AIR HDR DIFF PRESS,ALM,1,3.90791,4,INH2O,!WP1001!WP1002!WP1003!WP1006!WP1007!WP1014!hist14!CP1004,1
2026-07-16 15:50:54.1,1PDF,SLPSL0001,PULV LOW SEAL AIR HDR DIFF PRESS,,LOABS,PULV LOW SEAL AIR HDR DIFF PRESS,RTN,1,4.06934,4,INH2O,!WP1001!WP1002!WP1003!WP1006!WP1007!WP1014!hist14!CP1004,1
2026-07-16 15:50:55.1,1PDF,SLPSL0001,PULV LOW SEAL AIR HDR DIFF PRESS,,LOABS,PULV LOW SEAL AIR HDR DIFF PRESS,ALM,1,3.94307,4,INH2O,!WP1001!WP1002!WP1003!WP1006!WP1007!WP1014!hist14!CP1004,1
2026-07-16 15:51:13.1,1BFA_GSM_ALM,BFA_ALM4,MARK VIE A BFPT ALARM,,STA_5,LO CLR DISCHG TEMP HIGH,ALM,5,0,0,,!WP1001!WP1002!WP1003!WP1006!WP1007!WP1014!hist14!CP1011,1
2026-07-16 15:51:14.6,1BFA_GSM_ALM,BFA_ALM4,MARK VIE A BFPT ALARM,,STA_5,LO CLR DISCHG TEMP OK,RTN,5,0,0,,!WP1001!WP1002!WP1003!WP1006!WP1007!WP1014!hist14!CP1011,1
2026-07-16 15:51:20.1,1SEAL_AIR,PDI5735_ALM,BF B OUT DMPR SEAL CAV D/P LOW,,STATE,DP ALARM CLEAR,RTN,3,,,,!WP1001!WP1002!WP1003!WP1006!WP1007!WP1014!hist14!CP1015,1
2026-07-16 15:51:51.1,1PDF,SLPSL0001,PULV LOW SEAL AIR HDR DIFF PRESS,,LOABS,PULV LOW SEAL AIR HDR DIFF PRESS,RTN,1,4.04824,4,INH2O,!WP1001!WP1002!WP1003!WP1006!WP1007!WP1014!hist14!CP1004,1
2026-07-16 15:51:54.1,1PDF,SLPSL0001,PULV LOW SEAL AIR HDR DIFF PRESS,,LOABS,PULV LOW SEAL AIR HDR DIFF PRESS,ALM,1,3.98584,4,INH2O,!WP1001!WP1002!WP1003!WP1006!WP1007!WP1014!hist14!CP1004,1
2026-07-16 15:51:55.1,1PDF,SLPSL0001,PULV LOW SEAL AIR HDR DIFF PRESS,,LOABS,PULV LOW SEAL AIR HDR DIFF PRESS,RTN,1,4.00957,4,INH2O,!WP1001!WP1002!WP1003!WP1006!WP1007!WP1014!hist14!CP1004,1
2026-07-16 15:51:56.1,1PDF,SLPSL0001,PULV LOW SEAL AIR HDR DIFF PRESS,,LOABS,PULV LOW SEAL AIR HDR DIFF PRESS,ALM,1,3.89209,4,INH2O,!WP1001!WP1002!WP1003!WP1006!WP1007!WP1014!hist14!CP1004,1
2026-07-16 15:51:57.1,1BFA_GSM_ALM,BFA_ALM4,MARK VIE A BFPT ALARM,,STA_5,LO CLR DISCHG TEMP HIGH,ALM,5,0,0,,!WP1001!WP1002!WP1003!WP1006!WP1007!WP1014!hist14!CP1011,1
2026-07-16 15:51:59.1,1BFA_GSM_ALM,BFA_ALM4,MARK VIE A BFPT ALARM,,STA_5,LO CLR DISCHG TEMP OK,RTN,5,0,0,,!WP1001!WP1002!WP1003!WP1006!WP1007!WP1014!hist14!CP1011,1
2026-07-16 15:52:02.1,1PDF,SLPSL0001,PULV LOW SEAL AIR HDR DIFF PRESS,,LOABS,PULV LOW SEAL AIR HDR DIFF PRESS,RTN,1,4.02568,4,INH2O,!WP1001!WP1002!WP1003!WP1006!WP1007!WP1014!hist14!CP1004,1
2026-07-16 15:52:04.1,1PDF,SLPSL0001,PULV LOW SEAL AIR HDR DIFF PRESS,,LOABS,PULV LOW SEAL AIR HDR DIFF PRESS,ALM,1,3.95684,4,INH2O,!WP1001!WP1002!WP1003!WP1006!WP1007!WP1014!hist14!CP1004,1
2026-07-16 15:52:07.1,1PDF,SLPSL0001,PULV LOW SEAL AIR HDR DIFF PRESS,,LOABS,PULV LOW SEAL AIR HDR DIFF PRESS,RTN,1,4.01016,4,INH2O,!WP1001!WP1002!WP1003!WP1006!WP1007!WP1014!hist14!CP1004,1
2026-07-16 15:52:13.1,1PDF,SLPSL0001,PULV LOW SEAL AIR HDR DIFF PRESS,,LOABS,PULV LOW SEAL AIR HDR DIFF PRESS,ALM,1,3.96211,4,INH2O,!WP1001!WP1002!WP1003!WP1006!WP1007!WP1014!hist14!CP1004,1
2026-07-16 15:52:14.1,1PDF,SLPSL0001,PULV LOW SEAL AIR HDR DIFF PRESS,,LOABS,PULV LOW SEAL AIR HDR DIFF PRESS,RTN,1,4.01221,4,INH2O,!WP1001!WP1002!WP1003!WP1006!WP1007!WP1014!hist14!CP1004,1
2026-07-16 15:52:15.1,1PDF,SLPSL0001,PULV LOW SEAL AIR HDR DIFF PRESS,,LOABS,PULV LOW SEAL AIR HDR DIFF PRESS,ALM,1,3.97178,4,INH2O,!WP1001!WP1002!WP1003!WP1006!WP1007!WP1014!hist14!CP1004,1
2026-07-16 15:52:16.1,1PDF,SLPSL0001,PULV LOW SEAL AIR HDR DIFF PRESS,,LOABS,PULV LOW SEAL AIR HDR DIFF PRESS,RTN,1,4.01953,4,INH2O,!WP1001!WP1002!WP1003!WP1006!WP1007!WP1014!hist14!CP1004,1
2026-07-16 15:52:17.1,1PDF,SLPSL0001,PULV LOW SEAL AIR HDR DIFF PRESS,,LOABS,PULV LOW SEAL AIR HDR DIFF PRESS,ALM,1,3.92754,4,INH2O,!WP1001!WP1002!WP1003!WP1006!WP1007!WP1014!hist14!CP1004,1
2026-07-16 15:52:19.1,1PDF,SLPSL0001,PULV LOW SEAL AIR HDR DIFF PRESS,,LOABS,PULV LOW SEAL AIR HDR DIFF PRESS,RTN,1,4.00957,4,INH2O,!WP1001!WP1002!WP1003!WP1006!WP1007!WP1014!hist14!CP1004,1
2026-07-16 15:52:20.1,1PDF,SLPSL0001,PULV LOW SEAL AIR HDR DIFF PRESS,,LOABS,PULV LOW SEAL AIR HDR DIFF PRESS,ALM,1,3.99141,4,INH2O,!WP1001!WP1002!WP1003!WP1006!WP1007!WP1014!hist14!CP1004,1
2026-07-16 15:52:21.1,1PDF,SLPSL0001,PULV LOW SEAL AIR HDR DIFF PRESS,,LOABS,PULV LOW SEAL AIR HDR DIFF PRESS,RTN,1,4.03008,4,INH2O,!WP1001!WP1002!WP1003!WP1006!WP1007!WP1014!hist14!CP1004,1
2026-07-16 15:52:22.1,1PDF,SLPSL0001,PULV LOW SEAL AIR HDR DIFF PRESS,,LOABS,PULV LOW SEAL AIR HDR DIFF PRESS,ALM,1,3.95625,4,INH2O,!WP1001!WP1002!WP1003!WP1006!WP1007!WP1014!hist14!CP1004,1
2026-07-16 15:52:24.1,1PDF,SLPSL0001,PULV LOW SEAL AIR HDR DIFF PRESS,,LOABS,PULV LOW SEAL AIR HDR DIFF PRESS,RTN,1,4.00547,4,INH2O,!WP1001!WP1002!WP1003!WP1006!WP1007!WP1014!hist14!CP1004,1
2026-07-16 15:53:46.1,1PDF,SLPSL0001,PULV LOW SEAL AIR HDR DIFF PRESS,,LOABS,PULV LOW SEAL AIR HDR DIFF PRESS,ALM,1,3.98115,4,INH2O,!WP1001!WP1002!WP1003!WP1006!WP1007!WP1014!hist14!CP1004,1
2026-07-16 15:53:49.1,1PDF,SLPSL0001,PULV LOW SEAL AIR HDR DIFF PRESS,,LOABS,PULV LOW SEAL AIR HDR DIFF PRESS,RTN,1,4.00254,4,INH2O,!WP1001!WP1002!WP1003!WP1006!WP1007!WP1014!hist14!CP1004,1
2026-07-16 15:53:50.1,1PDF,SLPSL0001,PULV LOW SEAL AIR HDR DIFF PRESS,,LOABS,PULV LOW SEAL AIR HDR DIFF PRESS,ALM,1,3.97793,4,INH2O,!WP1001!WP1002!WP1003!WP1006!WP1007!WP1014!hist14!CP1004,1
2026-07-16 15:53:51.1,1PDF,SLPSL0001,PULV LOW SEAL AIR HDR DIFF PRESS,,LOABS,PULV LOW SEAL AIR HDR DIFF PRESS,RTN,1,4.02803,4,INH2O,!WP1001!WP1002!WP1003!WP1006!WP1007!WP1014!hist14!CP1004,1
2026-07-16 15:53:52.1,1PDF,SLPSL0001,PULV LOW SEAL AIR HDR DIFF PRESS,,LOABS,PULV LOW SEAL AIR HDR DIFF PRESS,ALM,1,3.96094,4,INH2O,!WP1001!WP1002!WP1003!WP1006!WP1007!WP1014!hist14!CP1004,1
2026-07-16 15:54:08.6,1SEAL_AIR,PDI5735_ALM,BF B OUT DMPR SEAL CAV D/P LOW,,STATE,DP ALARM ACTIVE,ALM,3,,,,!WP1001!WP1002!WP1003!WP1006!WP1007!WP1014!hist14!CP1015,1
2026-07-16 15:54:16.1,1PDF,SLPSL0001,PULV LOW SEAL AIR HDR DIFF PRESS,,LOABS,PULV LOW SEAL AIR HDR DIFF PRESS,RTN,1,4.02539,4,INH2O,!WP1001!WP1002!WP1003!WP1006!WP1007!WP1014!hist14!CP1004,1
2026-07-16 15:54:17.1,1PDF,SLPSL0001,PULV LOW SEAL AIR HDR DIFF PRESS,,LOABS,PULV LOW SEAL AIR HDR DIFF PRESS,ALM,1,3.98877,4,INH2O,!WP1001!WP1002!WP1003!WP1006!WP1007!WP1014!hist14!CP1004,1
2026-07-16 15:54:24.1,1PDF,SLPSL0001,PULV LOW SEAL AIR HDR DIFF PRESS,,LOABS,PULV LOW SEAL AIR HDR DIFF PRESS,RTN,1,4.03184,4,INH2O,!WP1001!WP1002!WP1003!WP1006!WP1007!WP1014!hist14!CP1004,1
2026-07-16 15:54:25.1,1PDF,SLPSL0001,PULV LOW SEAL AIR HDR DIFF PRESS,,LOABS,PULV LOW SEAL AIR HDR DIFF PRESS,ALM,1,3.9665,4,INH2O,!WP1001!WP1002!WP1003!WP1006!WP1007!WP1014!hist14!CP1004,1
2026-07-16 15:55:23.6,1SEAL_AIR,PDI5735_ALM,BF B OUT DMPR SEAL CAV D/P LOW,,STATE,DP ALARM CLEAR,RTN,3,,,,!WP1001!WP1002!WP1003!WP1006!WP1007!WP1014!hist14!CP1015,1
2026-07-16 15:55:24.1,IDFAN_PEEC,OPCY_ALM,PRECIP OUT > 50%,PRECIP OUTLET,STATE,ALARM,ALM,3,,,,!WP1001!WP1002!WP1003!WP1006!WP1007!WP1014!hist14!CP1003,1
2026-07-16 15:55:31.1,IDFAN_PEEC,OPCY_ALM,PRECIP OUT > 50%,PRECIP OUTLET,STATE,NORMAL,RTN,3,,,,!WP1001!WP1002!WP1003!WP1006!WP1007!WP1014!hist14!CP1003,1
2026-07-16 15:58:50.8,1DAS10,IACE3211,COND MAKE-UP SPEC CNDCT,,HIABS,HIGH,RTN,1,0.279902,0.3,US/CM,!WP1002!WP1006!WP1007!WP1001!WP1003!WP1014!hist14!CP1008,1
2026-07-16 15:59:12.1,1PDF,SLPSL0001,PULV LOW SEAL AIR HDR DIFF PRESS,,LOABS,PULV LOW SEAL AIR HDR DIFF PRESS,RTN,1,4.00752,4,INH2O,!WP1001!WP1002!WP1003!WP1006!WP1007!WP1014!hist14!CP1004,1
2026-07-16 15:59:13.1,1PDF,SLPSL0001,PULV LOW SEAL AIR HDR DIFF PRESS,,LOABS,PULV LOW SEAL AIR HDR DIFF PRESS,ALM,1,3.92988,4,INH2O,!WP1001!WP1002!WP1003!WP1006!WP1007!WP1014!hist14!CP1004,1
2026-07-16 15:59:19.1,1PDF,SLPSL0001,PULV LOW SEAL AIR HDR DIFF PRESS,,LOABS,PULV LOW SEAL AIR HDR DIFF PRESS,RTN,1,4.08018,4,INH2O,!WP1001!WP1002!WP1003!WP1006!WP1007!WP1014!hist14!CP1004,1
2026-07-16 15:59:21.1,1PDF,SLPSL0001,PULV LOW SEAL AIR HDR DIFF PRESS,,LOABS,PULV LOW SEAL AIR HDR DIFF PRESS,ALM,1,3.96973,4,INH2O,!WP1001!WP1002!WP1003!WP1006!WP1007!WP1014!hist14!CP1004,1
2026-07-16 15:59:22.4,1AR_LS,DEV_5803,LS SYS B,,STATE,VALVE 5803 DEVIATION,ALM,3,,,,!WP1001!WP1002!WP1003!WP1006!WP1007!WP1014!hist14!CP1017,1
2026-07-16 15:59:25.1,1PDF,SLPSL0001,PULV LOW SEAL AIR HDR DIFF PRESS,,LOABS,PULV LOW SEAL AIR HDR DIFF PRESS,RTN,1,4.00635,4,INH2O,!WP1001!WP1002!WP1003!WP1006!WP1007!WP1014!hist14!CP1004,1
2026-07-16 15:59:30.1,1PDF,SLPSL0001,PULV LOW SEAL AIR HDR DIFF PRESS,,LOABS,PULV LOW SEAL AIR HDR DIFF PRESS,ALM,1,3.94453,4,INH2O,!WP1001!WP1002!WP1003!WP1006!WP1007!WP1014!hist14!CP1004,1
2026-07-16 15:59:36.1,1PDF,SLPSL0001,PULV LOW SEAL AIR HDR DIFF PRESS,,LOABS,PULV LOW SEAL AIR HDR DIFF PRESS,RTN,1,4.01777,4,INH2O,!WP1001!WP1002!WP1003!WP1006!WP1007!WP1014!hist14!CP1004,1
2026-07-16 15:59:45.1,1PDF,SLPSL0001,PULV LOW SEAL AIR HDR DIFF PRESS,,LOABS,PULV LOW SEAL AIR HDR DIFF PRESS,ALM,1,3.96357,4,INH2O,!WP1001!WP1002!WP1003!WP1006!WP1007!WP1014!hist14!CP1004,1
2026-07-16 15:59:48.1,1PDF,SLPSL0001,PULV LOW SEAL AIR HDR DIFF PRESS,,LOABS,PULV LOW SEAL AIR HDR DIFF PRESS,RTN,1,4.01162,4,INH2O,!WP1001!WP1002!WP1003!WP1006!WP1007!WP1014!hist14!CP1004,1
2026-07-16 15:59:49.1,1PDF,SLPSL0001,PULV LOW SEAL AIR HDR DIFF PRESS,,LOABS,PULV LOW SEAL AIR HDR DIFF PRESS,ALM,1,3.94248,4,INH2O,!WP1001!WP1002!WP1003!WP1006!WP1007!WP1014!hist14!CP1004,1
2026-07-16 15:59:51.1,1PDF,SLPSL0001,PULV LOW SEAL AIR HDR DIFF PRESS,,LOABS,PULV LOW SEAL AIR HDR DIFF PRESS,RTN,1,4.00166,4,INH2O,!WP1001!WP1002!WP1003!WP1006!WP1007!WP1014!hist14!CP1004,1
2026-07-16 15:59:55.1,1PDF,SLPSL0001,PULV LOW SEAL AIR HDR DIFF PRESS,,LOABS,PULV LOW SEAL AIR HDR DIFF PRESS,ALM,1,3.99844,4,INH2O,!WP1001!WP1002!WP1003!WP1006!WP1007!WP1014!hist14!CP1004,1
2026-07-16 15:59:57.1,1PDF,SLPSL0001,PULV LOW SEAL AIR HDR DIFF PRESS,,LOABS,PULV LOW SEAL AIR HDR DIFF PRESS,RTN,1,4.01191,4,INH2O,!WP1001!WP1002!WP1003!WP1006!WP1007!WP1014!hist14!CP1004,1
2026-07-16 16:00:11.0,1AR_LS,DEV_5803,LS SYS B,,STATE,,RTN,3,,,,!WP1001!WP1002!WP1003!WP1006!WP1007!WP1014!hist14!CP1017,1
2026-07-16 16:00:39.1,1PDF,SLPSL0001,PULV LOW SEAL AIR HDR DIFF PRESS,,LOABS,PULV LOW SEAL AIR HDR DIFF PRESS,ALM,1,3.96182,4,INH2O,!WP1001!WP1002!WP1003!WP1006!WP1007!WP1014!hist14!CP1004,1
2026-07-16 16:00:51.1,1PDF,SLPSL0001,PULV LOW SEAL AIR HDR DIFF PRESS,,LOABS,PULV LOW SEAL AIR HDR DIFF PRESS,RTN,1,4.03594,4,INH2O,!WP1001!WP1002!WP1003!WP1006!WP1007!WP1014!hist14!CP1004,1
2026-07-16 16:00:57.1,1PDF,SLPSL0001,PULV LOW SEAL AIR HDR DIFF PRESS,,LOABS,PULV LOW SEAL AIR HDR DIFF PRESS,ALM,1,3.96885,4,INH2O,!WP1001!WP1002!WP1003!WP1006!WP1007!WP1014!hist14!CP1004,1
2026-07-16 16:00:58.1,1PDF,SLPSL0001,PULV LOW SEAL AIR HDR DIFF PRESS,,LOABS,PULV LOW SEAL AIR HDR DIFF PRESS,RTN,1,4.01279,4,INH2O,!WP1001!WP1002!WP1003!WP1006!WP1007!WP1014!hist14!CP1004,1
2026-07-16 16:01:04.1,1PDF,SLPSL0001,PULV LOW SEAL AIR HDR DIFF PRESS,,LOABS,PULV LOW SEAL AIR HDR DIFF PRESS,ALM,1,3.89736,4,INH2O,!WP1001!WP1002!WP1003!WP1006!WP1007!WP1014!hist14!CP1004,1
2026-07-16 16:01:06.1,1PDF,SLPSL0001,PULV LOW SEAL AIR HDR DIFF PRESS,,LOABS,PULV LOW SEAL AIR HDR DIFF PRESS,RTN,1,4.02422,4,INH2O,!WP1001!WP1002!WP1003!WP1006!WP1007!WP1014!hist14!CP1004,1
2026-07-16 16:01:09.1,1PDF,SLPSL0001,PULV LOW SEAL AIR HDR DIFF PRESS,,LOABS,PULV LOW SEAL AIR HDR DIFF PRESS,ALM,1,3.96768,4,INH2O,!WP1001!WP1002!WP1003!WP1006!WP1007!WP1014!hist14!CP1004,1
2026-07-16 16:01:13.1,1PDF,SLPSL0001,PULV LOW SEAL AIR HDR DIFF PRESS,,LOABS,PULV LOW SEAL AIR HDR DIFF PRESS,RTN,1,4.03271,4,INH2O,!WP1001!WP1002!WP1003!WP1006!WP1007!WP1014!hist14!CP1004,1
2026-07-16 16:01:18.1,1PDF,SLPSL0001,PULV LOW SEAL AIR HDR DIFF PRESS,,LOABS,PULV LOW SEAL AIR HDR DIFF PRESS,ALM,1,3.99785,4,INH2O,!WP1001!WP1002!WP1003!WP1006!WP1007!WP1014!hist14!CP1004,1
2026-07-16 16:02:04.7,1GEN_ALM,ALM1,GEN BUS COOLING EQUIP,2024,STATE,ALM,ALM,1,,,,!WP1002!WP1006!WP1007!WP1001!WP1003!WP1014!hist14!CP1007,1
2026-07-16 16:05:57.1,IDFAN_PEEC,OPCY_ALM,PRECIP OUT > 50%,PRECIP OUTLET,STATE,ALARM,ALM,3,,,,!WP1001!WP1002!WP1003!WP1006!WP1007!WP1014!hist14!CP1003,1
2026-07-16 16:06:05.1,IDFAN_PEEC,OPCY_ALM,PRECIP OUT > 50%,PRECIP OUTLET,STATE,NORMAL,RTN,3,,,,!WP1001!WP1002!WP1003!WP1006!WP1007!WP1014!hist14!CP1003,1
2026-07-16 16:07:31.3,1AB_SURGEA,ABXV5105AAL,SURGE BIN AIRLCK ABOT VLV,SURGE BIN AIR,STATE,FAIL,ALM,3,,,,!WP1002!WP1011!WP1001!hist14!CP1020,1
2026-07-16 16:07:38.3,1AB_SURGEA,ABXV5105AAL,SURGE BIN AIRLCK ABOT VLV,SURGE BIN AIR,STATE,OK,RTN,3,,,,!WP1002!WP1011!WP1001!hist14!CP1020,1
2026-07-16 16:07:43.1,1PDF,SLPSL0001,PULV LOW SEAL AIR HDR DIFF PRESS,,LOABS,PULV LOW SEAL AIR HDR DIFF PRESS,RTN,1,4.14111,4,INH2O,!WP1001!WP1002!WP1003!WP1006!WP1007!WP1014!hist14!CP1004,1
2026-07-16 16:08:02.1,1PDF,SLPSL0001,PULV LOW SEAL AIR HDR DIFF PRESS,,LOABS,PULV LOW SEAL AIR HDR DIFF PRESS,ALM,1,3.96768,4,INH2O,!WP1001!WP1002!WP1003!WP1006!WP1007!WP1014!hist14!CP1004,1
2026-07-16 16:08:04.1,1PDF,SLPSL0001,PULV LOW SEAL AIR HDR DIFF PRESS,,LOABS,PULV LOW SEAL AIR HDR DIFF PRESS,RTN,1,4.03506,4,INH2O,!WP1001!WP1002!WP1003!WP1006!WP1007!WP1014!hist14!CP1004,1
2026-07-16 16:08:11.1,1PDF,SLPSL0001,PULV LOW SEAL AIR HDR DIFF PRESS,,LOABS,PULV LOW SEAL AIR HDR DIFF PRESS,ALM,1,3.87305,4,INH2O,!WP1001!WP1002!WP1003!WP1006!WP1007!WP1014!hist14!CP1004,1
2026-07-16 16:09:32.1,1PDF,SLPSL0001,PULV LOW SEAL AIR HDR DIFF PRESS,,LOABS,PULV LOW SEAL AIR HDR DIFF PRESS,RTN,1,4.01982,4,INH2O,!WP1001!WP1002!WP1003!WP1006!WP1007!WP1014!hist14!CP1004,1
2026-07-16 16:09:33.1,1PDF,SLPSL0001,PULV LOW SEAL AIR HDR DIFF PRESS,,LOABS,PULV LOW SEAL AIR HDR DIFF PRESS,ALM,1,3.86104,4,INH2O,!WP1001!WP1002!WP1003!WP1006!WP1007!WP1014!hist14!CP1004,1
2026-07-16 16:15:08.1,1PDF,SLPSL0001,PULV LOW SEAL AIR HDR DIFF PRESS,,LOABS,PULV LOW SEAL AIR HDR DIFF PRESS,RTN,1,4.01016,4,INH2O,!WP1001!WP1002!WP1003!WP1006!WP1007!WP1014!hist14!CP1004,1
2026-07-16 16:16:04.1,1PDF,SLPSL0001,PULV LOW SEAL AIR HDR DIFF PRESS,,LOABS,PULV LOW SEAL AIR HDR DIFF PRESS,ALM,1,3.96826,4,INH2O,!WP1001!WP1002!WP1003!WP1006!WP1007!WP1014!hist14!CP1004,1
2026-07-16 16:16:08.8,1DAS6,ISTE4911,BFPT A OIL CLR    DSCH TMP,1295,HIABS,HIGH,RTN,3,128.249,130,DEG.F,!WP1002!WP1006!WP1007!WP1001!WP1003!WP1014!hist14!CP1006,1
2026-07-16 16:16:52.1,PAC_PLC,ACI_FDR_A_TR,ACI FDR A AC-WIC-5007 TRBLE ALM,,CHANGE,PAC FEEDER A TROUBLE,ALM,1,,,,!WP1001!WP1002!WP1003!WP1006!WP1007!WP1014!hist14!CP1003,1
2026-07-16 16:17:28.6,PAC_PLC,ACI_FDR_A_TR,ACI FDR A AC-WIC-5007 TRBLE ALM,,CHANGE,PAC FEEDER A TROUBLE,ALM,1,,,,!WP1001!WP1002!WP1003!WP1006!WP1007!WP1014!hist14!CP1003,1
2026-07-16 16:17:31.6,PAC_PLC,ACI_FDR_A_TR,ACI FDR A AC-WIC-5007 TRBLE ALM,,CHANGE,PAC FEEDER A TROUBLE,ALM,1,,,,!WP1001!WP1002!WP1003!WP1006!WP1007!WP1014!hist14!CP1003,1
2026-07-16 16:17:32.6,PAC_PLC,ACI_FDR_A_TR,ACI FDR A AC-WIC-5007 TRBLE ALM,,CHANGE,PAC FEEDER A TROUBLE,ALM,1,,,,!WP1001!WP1002!WP1003!WP1006!WP1007!WP1014!hist14!CP1003,1
2026-07-16 16:19:29.1,1PDF,SLPSL0001,PULV LOW SEAL AIR HDR DIFF PRESS,,LOABS,PULV LOW SEAL AIR HDR DIFF PRESS,RTN,1,4.0626,4,INH2O,!WP1001!WP1002!WP1003!WP1006!WP1007!WP1014!hist14!CP1004,1
2026-07-16 16:19:32.1,1PDF,SLPSL0001,PULV LOW SEAL AIR HDR DIFF PRESS,,LOABS,PULV LOW SEAL AIR HDR DIFF PRESS,ALM,1,3.92197,4,INH2O,!WP1001!WP1002!WP1003!WP1006!WP1007!WP1014!hist14!CP1004,1
2026-07-16 16:19:33.1,1PDF,SLPSL0001,PULV LOW SEAL AIR HDR DIFF PRESS,,LOABS,PULV LOW SEAL AIR HDR DIFF PRESS,RTN,1,4.02334,4,INH2O,!WP1001!WP1002!WP1003!WP1006!WP1007!WP1014!hist14!CP1004,1
2026-07-16 16:19:34.1,1PDF,SLPSL0001,PULV LOW SEAL AIR HDR DIFF PRESS,,LOABS,PULV LOW SEAL AIR HDR DIFF PRESS,ALM,1,3.94336,4,INH2O,!WP1001!WP1002!WP1003!WP1006!WP1007!WP1014!hist14!CP1004,1
2026-07-16 16:19:35.7,1GEN_ALM,ALM1,GEN BUS COOLING EQUIP,2024,STATE,NML,RTN,1,,,,!WP1002!WP1006!WP1007!WP1001!WP1003!WP1014!hist14!CP1007,1
2026-07-16 16:22:19.6,IDFAN_PEEC,OPCY_ALM,PRECIP OUT > 50%,PRECIP OUTLET,STATE,ALARM,ALM,3,,,,!WP1001!WP1002!WP1003!WP1006!WP1007!WP1014!hist14!CP1003,1
2026-07-16 16:22:25.1,IDFAN_PEEC,OPCY_ALM,PRECIP OUT > 50%,PRECIP OUTLET,STATE,NORMAL,RTN,3,,,,!WP1001!WP1002!WP1003!WP1006!WP1007!WP1014!hist14!CP1003,1
2026-07-16 16:24:40.1,1PDF,SLPSL0001,PULV LOW SEAL AIR HDR DIFF PRESS,,LOABS,PULV LOW SEAL AIR HDR DIFF PRESS,RTN,1,4.06641,4,INH2O,!WP1001!WP1002!WP1003!WP1006!WP1007!WP1014!hist14!CP1004,1
2026-07-16 16:24:41.1,1PDF,SLPSL0001,PULV LOW SEAL AIR HDR DIFF PRESS,,LOABS,PULV LOW SEAL AIR HDR DIFF PRESS,ALM,1,3.91582,4,INH2O,!WP1001!WP1002!WP1003!WP1006!WP1007!WP1014!hist14!CP1004,1
2026-07-16 16:29:43.1,1PDF,SLPSL0001,PULV LOW SEAL AIR HDR DIFF PRESS,,LOABS,PULV LOW SEAL AIR HDR DIFF PRESS,RTN,1,4.04766,4,INH2O,!WP1001!WP1002!WP1003!WP1006!WP1007!WP1014!hist14!CP1004,1
2026-07-16 16:29:44.1,1PDF,SLPSL0001,PULV LOW SEAL AIR HDR DIFF PRESS,,LOABS,PULV LOW SEAL AIR HDR DIFF PRESS,ALM,1,3.9208,4,INH2O,!WP1001!WP1002!WP1003!WP1006!WP1007!WP1014!hist14!CP1004,1
2026-07-16 16:29:46.8,1AB_SCR_SEQ,SCR_HOP_T17,SCR HOPPER SEQ XV5105 TIMER,,PTARG,TIMEOUT,ALM,3,240.99,240,SEC,!WP1002!WP1011!WP1001!hist14!CP1020,1
2026-07-16 16:29:47.8,1AB_SCR_SEQ,SCR_HOP_T17,SCR HOPPER SEQ XV5105 TIMER,,PTARG,TIMEOUT,RTN,3,0,240,SEC,!WP1002!WP1011!WP1001!hist14!CP1020,1
2026-07-16 16:36:10.8,1AB_SURGEA,FCVA153AL,LINE A TO SILO    B,TRANSPORT LIN,STATE,FAIL,ALM,3,,,,!WP1002!WP1011!WP1001!hist14!CP1020,1
2026-07-16 16:36:12.8,1AB_SURGEA,FCVA153AL,LINE A TO SILO    B,TRANSPORT LIN,STATE,OK,RTN,3,,,,!WP1002!WP1011!WP1001!hist14!CP1020,1
2026-07-16 16:40:34.8,1DAS10,IACE3211,COND MAKE-UP SPEC CNDCT,,HIABS,HIGH,ALM,1,0.300117,0.3,US/CM,!WP1002!WP1006!WP1007!WP1001!WP1003!WP1014!hist14!CP1008,1
2026-07-16 16:42:55.1,1PDF,SLPSL0001,PULV LOW SEAL AIR HDR DIFF PRESS,,LOABS,PULV LOW SEAL AIR HDR DIFF PRESS,RTN,1,4.04473,4,INH2O,!WP1001!WP1002!WP1003!WP1006!WP1007!WP1014!hist14!CP1004,1
2026-07-16 16:42:56.1,1PDF,SLPSL0001,PULV LOW SEAL AIR HDR DIFF PRESS,,LOABS,PULV LOW SEAL AIR HDR DIFF PRESS,ALM,1,3.89385,4,INH2O,!WP1001!WP1002!WP1003!WP1006!WP1007!WP1014!hist14!CP1004,1
2026-07-16 16:43:26.2,1WB_DEV,AA_JJ_DEV,AUX AIR JJ ANY DEV,,STATE,NORMAL,RTN,5,,,,,0
2026-07-16 16:44:37.1,IDFAN_PEEC,OPCY_ALM,PRECIP OUT > 50%,PRECIP OUTLET,STATE,ALARM,ALM,3,,,,!WP1001!WP1002!WP1003!WP1006!WP1007!WP1014!hist14!CP1003,1
2026-07-16 16:44:54.6,IDFAN_PEEC,OPCY_ALM,PRECIP OUT > 50%,PRECIP OUTLET,STATE,NORMAL,RTN,3,,,,!WP1001!WP1002!WP1003!WP1006!WP1007!WP1014!hist14!CP1003,1
2026-07-16 16:45:30.3,1NW_ESP_SMP,NWAI6702B,PRECIP SUMP PMP B DSCH PH,,IOBAD,BAD CHANNEL,RTN,3,,,,!WP1002!WP1011!WP1001!hist14!CP1020,1
2026-07-16 16:49:51.1,1PDF,SLPSL0001,PULV LOW SEAL AIR HDR DIFF PRESS,,LOABS,PULV LOW SEAL AIR HDR DIFF PRESS,RTN,1,4.04561,4,INH2O,!WP1001!WP1002!WP1003!WP1006!WP1007!WP1014!hist14!CP1004,1
2026-07-16 16:49:52.1,1PDF,SLPSL0001,PULV LOW SEAL AIR HDR DIFF PRESS,,LOABS,PULV LOW SEAL AIR HDR DIFF PRESS,ALM,1,3.97148,4,INH2O,!WP1001!WP1002!WP1003!WP1006!WP1007!WP1014!hist14!CP1004,1
2026-07-16 16:49:53.1,1PDF,SLPSL0001,PULV LOW SEAL AIR HDR DIFF PRESS,,LOABS,PULV LOW SEAL AIR HDR DIFF PRESS,RTN,1,4.12236,4,INH2O,!WP1001!WP1002!WP1003!WP1006!WP1007!WP1014!hist14!CP1004,1
2026-07-16 16:49:56.1,1PDF,SLPSL0001,PULV LOW SEAL AIR HDR DIFF PRESS,,LOABS,PULV LOW SEAL AIR HDR DIFF PRESS,ALM,1,3.87158,4,INH2O,!WP1001!WP1002!WP1003!WP1006!WP1007!WP1014!hist14!CP1004,1
2026-07-16 16:50:31.1,1PDF,SLPSL0001,PULV LOW SEAL AIR HDR DIFF PRESS,,LOABS,PULV LOW SEAL AIR HDR DIFF PRESS,RTN,1,4.03799,4,INH2O,!WP1001!WP1002!WP1003!WP1006!WP1007!WP1014!hist14!CP1004,1
2026-07-16 16:50:32.1,1PDF,SLPSL0001,PULV LOW SEAL AIR HDR DIFF PRESS,,LOABS,PULV LOW SEAL AIR HDR DIFF PRESS,ALM,1,3.92461,4,INH2O,!WP1001!WP1002!WP1003!WP1006!WP1007!WP1014!hist14!CP1004,1
2026-07-16 16:50:33.1,1PDF,SLPSL0001,PULV LOW SEAL AIR HDR DIFF PRESS,,LOABS,PULV LOW SEAL AIR HDR DIFF PRESS,RTN,1,4.00752,4,INH2O,!WP1001!WP1002!WP1003!WP1006!WP1007!WP1014!hist14!CP1004,1
2026-07-16 16:50:34.1,1PDF,SLPSL0001,PULV LOW SEAL AIR HDR DIFF PRESS,,LOABS,PULV LOW SEAL AIR HDR DIFF PRESS,ALM,1,3.92959,4,INH2O,!WP1001!WP1002!WP1003!WP1006!WP1007!WP1014!hist14!CP1004,1
2026-07-16 16:50:35.1,1PDF,SLPSL0001,PULV LOW SEAL AIR HDR DIFF PRESS,,LOABS,PULV LOW SEAL AIR HDR DIFF PRESS,RTN,1,4.08398,4,INH2O,!WP1001!WP1002!WP1003!WP1006!WP1007!WP1014!hist14!CP1004,1
2026-07-16 16:50:38.1,1PDF,SLPSL0001,PULV LOW SEAL AIR HDR DIFF PRESS,,LOABS,PULV LOW SEAL AIR HDR DIFF PRESS,ALM,1,3.87451,4,INH2O,!WP1001!WP1002!WP1003!WP1006!WP1007!WP1014!hist14!CP1004,1
2026-07-16 16:50:41.2,1WB_DEV,AA_JJ_DEV,AUX AIR JJ ANY DEV,,STATE,DEVIATION,ALM,5,,,,,0
2026-07-16 16:52:33.6,1FG_B_HYD,MO5750B_ASTR,BF B HYD OIL CLR B AUTOSTART,,STATE,ON A FAILURE,ALM,3,,,,!WP1001!WP1002!WP1003!WP1006!WP1007!WP1014!hist14!CP1015,1
2026-07-16 16:52:33.6,1FG_B_HYD,TSHL5742A,BF B HYD OIL TANK ALM,HYDRAULIC OIL,HIABS,HI ALARM,ALM,1,122.023,122,DEGF,!WP1001!WP1002!WP1003!WP1006!WP1007!WP1014!hist14!CP1015,1
2026-07-16 16:52:35.6,1FG_B_HYD,MO5750B_ASTR,BF B HYD OIL CLR B AUTOSTART,,STATE,NORMAL,RTN,3,,,,!WP1001!WP1002!WP1003!WP1006!WP1007!WP1014!hist14!CP1015,1
2026-07-16 16:53:54.1,IDFAN_PEEC,OPCY_ALM,PRECIP OUT > 50%,PRECIP OUTLET,STATE,ALARM,ALM,3,,,,!WP1001!WP1002!WP1003!WP1006!WP1007!WP1014!hist14!CP1003,1
2026-07-16 16:53:55.6,IDFAN_PEEC,OPCY_ALM,PRECIP OUT > 50%,PRECIP OUTLET,STATE,NORMAL,RTN,3,,,,!WP1001!WP1002!WP1003!WP1006!WP1007!WP1014!hist14!CP1003,1
2026-07-16 16:54:37.6,1FG_B_HYD,TSHL5742A,BF B HYD OIL TANK ALM,HYDRAULIC OIL,HIABS,HI ALARM,RTN,1,121.484,122,DEGF,!WP1001!WP1002!WP1003!WP1006!WP1007!WP1014!hist14!CP1015,1
2026-07-16 16:56:22.2,1WB_DEV,AA_JJ_DEV,AUX AIR JJ ANY DEV,,STATE,NORMAL,RTN,5,,,INWC,,0
2026-07-16 16:57:45.0,1AAIR,B16,WINDBOX/FURN DIFF PRESS,,LLABS,WINDBIX/FURN PRESS LOW,ALM,5,1.99877,2,INWC,!WP1001!WP1002!WP1003!WP1006!WP1007!WP1014!hist14!CP1001,1
2026-07-16 16:57:51.2,1SCR_B_PRESS,FGPDI5228B,SCR B CAT LAYER 4 DP,1SR114 PNT 4,HHABS,HI HI DP,ALM,1,1.70438,1.7,INH2O,!WP1001!WP1002!WP1003!WP1006!WP1007!WP1014!hist14!CP1016,1
2026-07-16 16:58:21.3,1NW_ESP_SMP,NWAI6702B,PRECIP SUMP PMP B DSCH PH,,IOBAD,BAD CHANNEL,ALM,3,,,,!WP1002!WP1011!WP1001!hist14!CP1020,1
2026-07-16 16:59:23.4,1AR_LS,DEV_5803,LS SYS B,,STATE,VALVE 5803 DEVIATION,ALM,3,,,,!WP1001!WP1002!WP1003!WP1006!WP1007!WP1014!hist14!CP1017,1
2026-07-16 16:59:33.1,1PDF,SLPSL0001,PULV LOW SEAL AIR HDR DIFF PRESS,,LOABS,PULV LOW SEAL AIR HDR DIFF PRESS,RTN,1,4.04238,4,INH2O,!WP1001!WP1002!WP1003!WP1006!WP1007!WP1014!hist14!CP1004,1
2026-07-16 16:59:34.1,1PDF,SLPSL0001,PULV LOW SEAL AIR HDR DIFF PRESS,,LOABS,PULV LOW SEAL AIR HDR DIFF PRESS,ALM,1,3.91553,4,INH2O,!WP1001!WP1002!WP1003!WP1006!WP1007!WP1014!hist14!CP1004,1
2026-07-16 16:59:35.1,1PDF,SLPSL0001,PULV LOW SEAL AIR HDR DIFF PRESS,,LOABS,PULV LOW SEAL AIR HDR DIFF PRESS,RTN,1,4.03154,4,INH2O,!WP1001!WP1002!WP1003!WP1006!WP1007!WP1014!hist14!CP1004,1
2026-07-16 16:59:36.1,1PDF,SLPSL0001,PULV LOW SEAL AIR HDR DIFF PRESS,,LOABS,PULV LOW SEAL AIR HDR DIFF PRESS,ALM,1,3.93486,4,INH2O,!WP1001!WP1002!WP1003!WP1006!WP1007!WP1014!hist14!CP1004,1
2026-07-16 16:59:37.1,1PDF,SLPSL0001,PULV LOW SEAL AIR HDR DIFF PRESS,,LOABS,PULV LOW SEAL AIR HDR DIFF PRESS,RTN,1,4.08809,4,INH2O,!WP1001!WP1002!WP1003!WP1006!WP1007!WP1014!hist14!CP1004,1
2026-07-16 16:59:47.1,1PDF,SLPSL0001,PULV LOW SEAL AIR HDR DIFF PRESS,,LOABS,PULV LOW SEAL AIR HDR DIFF PRESS,ALM,1,3.88154,4,INH2O,!WP1001!WP1002!WP1003!WP1006!WP1007!WP1014!hist14!CP1004,1
2026-07-16 16:59:50.1,1PDF,SLPSL0001,PULV LOW SEAL AIR HDR DIFF PRESS,,LOABS,PULV LOW SEAL AIR HDR DIFF PRESS,RTN,1,4.06875,4,INH2O,!WP1001!WP1002!WP1003!WP1006!WP1007!WP1014!hist14!CP1004,1
2026-07-16 16:59:53.1,1PDF,SLPSL0001,PULV LOW SEAL AIR HDR DIFF PRESS,,LOABS,PULV LOW SEAL AIR HDR DIFF PRESS,ALM,1,3.97031,4,INH2O,!WP1001!WP1002!WP1003!WP1006!WP1007!WP1014!hist14!CP1004,1
2026-07-16 17:00:19.4,1AR_LS,DEV_5803,LS SYS B,,STATE,,RTN,3,,,,!WP1001!WP1002!WP1003!WP1006!WP1007!WP1014!hist14!CP1017,1
2026-07-16 17:00:53.4,1DAS11,IAAH3281,COND PUMP DISCH   SILICA,1233,HIABS,HIGH,RTN,1,8.49414,10,ppb,!WP1002!WP1006!WP1007!WP1001!WP1003!WP1014!hist14!CP1008,1
2026-07-16 17:01:39.1,1PDF,SLPSL0001,PULV LOW SEAL AIR HDR DIFF PRESS,,LOABS,PULV LOW SEAL AIR HDR DIFF PRESS,RTN,1,4.16133,4,INH2O,!WP1001!WP1002!WP1003!WP1006!WP1007!WP1014!hist14!CP1004,1
2026-07-16 17:01:40.1,1PDF,SLPSL0001,PULV LOW SEAL AIR HDR DIFF PRESS,,LOABS,PULV LOW SEAL AIR HDR DIFF PRESS,ALM,1,3.9873,4,INH2O,!WP1001!WP1002!WP1003!WP1006!WP1007!WP1014!hist14!CP1004,1
2026-07-16 17:01:41.1,1PDF,SLPSL0001,PULV LOW SEAL AIR HDR DIFF PRESS,,LOABS,PULV LOW SEAL AIR HDR DIFF PRESS,RTN,1,4.03125,4,INH2O,!WP1001!WP1002!WP1003!WP1006!WP1007!WP1014!hist14!CP1004,1
2026-07-16 17:01:42.1,1PDF,SLPSL0001,PULV LOW SEAL AIR HDR DIFF PRESS,,LOABS,PULV LOW SEAL AIR HDR DIFF PRESS,ALM,1,3.8543,4,INH2O,!WP1001!WP1002!WP1003!WP1006!WP1007!WP1014!hist14!CP1004,1
2026-07-16 17:01:56.1,1PDF,SLPSL0001,PULV LOW SEAL AIR HDR DIFF PRESS,,LOABS,PULV LOW SEAL AIR HDR DIFF PRESS,RTN,1,4.01543,4,INH2O,!WP1001!WP1002!WP1003!WP1006!WP1007!WP1014!hist14!CP1004,1
2026-07-16 17:01:57.1,1PDF,SLPSL0001,PULV LOW SEAL AIR HDR DIFF PRESS,,LOABS,PULV LOW SEAL AIR HDR DIFF PRESS,ALM,1,3.86836,4,INH2O,!WP1001!WP1002!WP1003!WP1006!WP1007!WP1014!hist14!CP1004,1
2026-07-16 17:01:58.0,1AAIR,B16,WINDBOX/FURN DIFF PRESS,,LLABS,WINDBIX/FURN PRESS LOW,RTN,5,2.51146,2,INWC,!WP1001!WP1002!WP1003!WP1006!WP1007!WP1014!hist14!CP1001,1
2026-07-16 17:01:58.1,1PDF,SLPSL0001,PULV LOW SEAL AIR HDR DIFF PRESS,,LOABS,PULV LOW SEAL AIR HDR DIFF PRESS,RTN,1,4.03213,4,INH2O,!WP1001!WP1002!WP1003!WP1006!WP1007!WP1014!hist14!CP1004,1
2026-07-16 17:01:59.1,1PDF,SLPSL0001,PULV LOW SEAL AIR HDR DIFF PRESS,,LOABS,PULV LOW SEAL AIR HDR DIFF PRESS,ALM,1,3.88682,4,INH2O,!WP1001!WP1002!WP1003!WP1006!WP1007!WP1014!hist14!CP1004,1
2026-07-16 17:02:23.1,1PDF,SLPSL0001,PULV LOW SEAL AIR HDR DIFF PRESS,,LOABS,PULV LOW SEAL AIR HDR DIFF PRESS,RTN,1,4.03828,4,INH2O,!WP1001!WP1002!WP1003!WP1006!WP1007!WP1014!hist14!CP1004,1
2026-07-16 17:02:24.1,1PDF,SLPSL0001,PULV LOW SEAL AIR HDR DIFF PRESS,,LOABS,PULV LOW SEAL AIR HDR DIFF PRESS,ALM,1,3.90146,4,INH2O,!WP1001!WP1002!WP1003!WP1006!WP1007!WP1014!hist14!CP1004,1
2026-07-16 17:02:27.7,1SCR_B_PRESS,FGPDI5228B,SCR B CAT LAYER 4 DP,1SR114 PNT 4,HHABS,HI HI DP,RTN,1,1.19844,1.7,INH2O,!WP1001!WP1002!WP1003!WP1006!WP1007!WP1014!hist14!CP1016,1
2026-07-16 17:03:00.5,1TC,B21,DROOP ACTIVE,DROOP,STATE,ACTIVE,ALM,5,,,,!hist14!CP1001,2
2026-07-16 17:03:01.0,1TC,B21,DROOP ACTIVE,DROOP,STATE,NORMAL,RTN,5,,,,!hist14!CP1001,2
2026-07-16 17:03:19.7,1BCS_7,IKTE3751,REHEAT TEMP RIGHT (REDUNDANT),,HIABS,HIGH,ALM,1,1012.24,1012.18,DEG.F,!WP1002!WP1006!WP1007!WP1001!WP1003!WP1014!hist14!CP1007,1
2026-07-16 17:04:26.2,1BCS_7,IKTE3751,REHEAT TEMP RIGHT (REDUNDANT),,HIABS,HIGH,RTN,1,1007.15,1012.18,DEG.F,!WP1002!WP1006!WP1007!WP1001!WP1003!WP1014!hist14!CP1007,1
2026-07-16 17:05:06.0,1DAS10,IACE3211,COND MAKE-UP SPEC CNDCT,,HIABS,HIGH,RTN,1,0.279727,0.3,US/CM,!WP1002!WP1006!WP1007!WP1001!WP1003!WP1014!hist14!CP1008,1
2026-07-16 17:06:18.0,1AAIR,B16,WINDBOX/FURN DIFF PRESS,,LLABS,WINDBIX/FURN PRESS LOW,ALM,5,1.99642,2,INWC,!WP1001!WP1002!WP1003!WP1006!WP1007!WP1014!hist14!CP1001,1
2026-07-16 17:07:45.1,1HMILL,ISTC102,H PULV LUBE OIL   TEMP CTRLR,,HIABS,H MILL OIL TEMP >130DEG,ALM,5,130.029,130,DEGF,!WP1001!WP1002!WP1003!WP1006!WP1007!WP1014!hist14!CP1004,1
2026-07-16 17:09:32.7,1BCS_7,IKTE3751,REHEAT TEMP RIGHT (REDUNDANT),,HIABS,HIGH,ALM,1,1012.18,1012.18,DEG.F,!WP1002!WP1006!WP1007!WP1001!WP1003!WP1014!hist14!CP1007,1
2026-07-16 17:09:50.7,1BCS_7,IKTE3451,REHEAT TEMP RIGHT (NORM),,HIABS,HIGH,ALM,1,1012.18,1012.18,DEG.F,!WP1002!WP1006!WP1007!WP1001!WP1003!WP1014!hist14!CP1007,1
2026-07-16 17:10:48.4,1DAS11,IAAH3281,COND PUMP DISCH   SILICA,1233,HIABS,HIGH,ALM,1,12.0781,10,ppb,!WP1002!WP1006!WP1007!WP1001!WP1003!WP1014!hist14!CP1008,1
2026-07-16 17:11:11.2,1BCS_7,IKTE3451,REHEAT TEMP RIGHT (NORM),,HIABS,HIGH,RTN,1,1007.13,1012.18,DEG.F,!WP1002!WP1006!WP1007!WP1001!WP1003!WP1014!hist14!CP1007,1
2026-07-16 17:11:18.2,1BCS_7,IKTE3751,REHEAT TEMP RIGHT (REDUNDANT),,HIABS,HIGH,RTN,1,1007.1,1012.18,DEG.F,!WP1002!WP1006!WP1007!WP1001!WP1003!WP1014!hist14!CP1007,1
2026-07-16 17:18:27.8,1AB_FILTERB,ACXV5141BAL,VAC PRDCR B INLT  VLV,VACUUM PRODUC,STATE,FAIL,ALM,3,,,,!WP1002!WP1011!WP1001!hist14!CP1020,1
2026-07-16 17:23:57.2,1BCS_7,IKTE3751,REHEAT TEMP RIGHT (REDUNDANT),,HIABS,HIGH,ALM,1,1012.21,1012.18,DEG.F,!WP1002!WP1006!WP1007!WP1001!WP1003!WP1014!hist14!CP1007,1
2026-07-16 17:25:45.7,1BCS_7,IKTE3751,REHEAT TEMP RIGHT (REDUNDANT),,HIABS,HIGH,RTN,1,1007.17,1012.18,DEG.F,!WP1002!WP1006!WP1007!WP1001!WP1003!WP1014!hist14!CP1007,1
2026-07-16 17:30:25.8,1SCR_B_PRESS,FGPDI5228B,SCR B CAT LAYER 4 DP,1SR114 PNT 4,HHABS,HI HI DP,ALM,1,1.70199,1.7,INH2O,!WP1001!WP1002!WP1003!WP1006!WP1007!WP1014!hist14!CP1016,1
2026-07-16 17:30:39.1,1PDF,SLPSL0001,PULV LOW SEAL AIR HDR DIFF PRESS,,LOABS,PULV LOW SEAL AIR HDR DIFF PRESS,RTN,1,4.02832,4,INH2O,!WP1001!WP1002!WP1003!WP1006!WP1007!WP1014!hist14!CP1004,1
2026-07-16 17:30:48.1,1PDF,SLPSL0001,PULV LOW SEAL AIR HDR DIFF PRESS,,LOABS,PULV LOW SEAL AIR HDR DIFF PRESS,ALM,1,3.98262,4,INH2O,!WP1001!WP1002!WP1003!WP1006!WP1007!WP1014!hist14!CP1004,1
2026-07-16 17:30:49.1,1PDF,SLPSL0001,PULV LOW SEAL AIR HDR DIFF PRESS,,LOABS,PULV LOW SEAL AIR HDR DIFF PRESS,RTN,1,4.08193,4,INH2O,!WP1001!WP1002!WP1003!WP1006!WP1007!WP1014!hist14!CP1004,1
2026-07-16 17:31:07.1,1PDF,SLPSL0001,PULV LOW SEAL AIR HDR DIFF PRESS,,LOABS,PULV LOW SEAL AIR HDR DIFF PRESS,ALM,1,3.92344,4,INH2O,!WP1001!WP1002!WP1003!WP1006!WP1007!WP1014!hist14!CP1004,1
2026-07-16 17:34:18.1,1PDF,SLPSL0001,PULV LOW SEAL AIR HDR DIFF PRESS,,LOABS,PULV LOW SEAL AIR HDR DIFF PRESS,RTN,1,4.01045,4,INH2O,!WP1001!WP1002!WP1003!WP1006!WP1007!WP1014!hist14!CP1004,1
2026-07-16 17:34:25.1,1PDF,SLPSL0001,PULV LOW SEAL AIR HDR DIFF PRESS,,LOABS,PULV LOW SEAL AIR HDR DIFF PRESS,ALM,1,3.92168,4,INH2O,!WP1001!WP1002!WP1003!WP1006!WP1007!WP1014!hist14!CP1004,1
2026-07-16 17:34:26.1,1PDF,SLPSL0001,PULV LOW SEAL AIR HDR DIFF PRESS,,LOABS,PULV LOW SEAL AIR HDR DIFF PRESS,RTN,1,4.0002,4,INH2O,!WP1001!WP1002!WP1003!WP1006!WP1007!WP1014!hist14!CP1004,1
2026-07-16 17:34:27.1,1PDF,SLPSL0001,PULV LOW SEAL AIR HDR DIFF PRESS,,LOABS,PULV LOW SEAL AIR HDR DIFF PRESS,ALM,1,3.92432,4,INH2O,!WP1001!WP1002!WP1003!WP1006!WP1007!WP1014!hist14!CP1004,1
2026-07-16 17:35:10.1,1PDF,SLPSL0001,PULV LOW SEAL AIR HDR DIFF PRESS,,LOABS,PULV LOW SEAL AIR HDR DIFF PRESS,RTN,1,4.0793,4,INH2O,!WP1001!WP1002!WP1003!WP1006!WP1007!WP1014!hist14!CP1004,1
2026-07-16 17:35:11.1,1PDF,SLPSL0001,PULV LOW SEAL AIR HDR DIFF PRESS,,LOABS,PULV LOW SEAL AIR HDR DIFF PRESS,ALM,1,3.85547,4,INH2O,!WP1001!WP1002!WP1003!WP1006!WP1007!WP1014!hist14!CP1004,1
2026-07-16 17:35:36.5,1MJ,B37,MILL J TEMP,,HIABS,>150 DEGF,ALM,1,150.04,150,DEGF,!WP1001!WP1002!WP1003!WP1006!WP1007!WP1014!hist14!CP1001,1
2026-07-16 17:35:38.5,1TC,B21,DROOP ACTIVE,DROOP,STATE,ACTIVE,ALM,5,,,,!hist14!CP1001,2
2026-07-16 17:35:46.3,1SCR_B_PRESS,FGPDI5228B,SCR B CAT LAYER 4 DP,1SR114 PNT 4,HHABS,HI HI DP,RTN,1,1.19656,1.7,INH2O,!WP1001!WP1002!WP1003!WP1006!WP1007!WP1014!hist14!CP1016,1
2026-07-16 17:36:32.5,1TC,B21,DROOP ACTIVE,DROOP,STATE,NORMAL,RTN,5,,,,!hist14!CP1001,2
2026-07-16 17:36:35.0,1TC,B21,DROOP ACTIVE,DROOP,STATE,ACTIVE,ALM,5,,,,!hist14!CP1001,2
2026-07-16 17:36:52.5,1TC,B21,DROOP ACTIVE,DROOP,STATE,NORMAL,RTN,5,,,,!hist14!CP1001,2
2026-07-16 17:40:14.3,1SCR_B_PRESS,FGPDI5228B,SCR B CAT LAYER 4 DP,1SR114 PNT 4,HHABS,HI HI DP,ALM,1,1.70107,1.7,INH2O,!WP1001!WP1002!WP1003!WP1006!WP1007!WP1014!hist14!CP1016,1
2026-07-16 17:40:33.4,1DAS11,IAAH3281,COND PUMP DISCH   SILICA,1233,HIABS,HIGH,RTN,1,8.95898,10,ppb,!WP1002!WP1006!WP1007!WP1001!WP1003!WP1014!hist14!CP1008,1
2026-07-16 17:41:43.1,1PDF,SLPSL0001,PULV LOW SEAL AIR HDR DIFF PRESS,,LOABS,PULV LOW SEAL AIR HDR DIFF PRESS,RTN,1,4.35205,4,INH2O,!WP1001!WP1002!WP1003!WP1006!WP1007!WP1014!hist14!CP1004,1
2026-07-16 17:41:45.1,1JMILL,UBOWL_LO,JPULV SEAL AIR UND BOWL DP < 5,,STATE,PULV SEAL AIR UND BOWL DP < 5,ALM,5,,,,!WP1001!WP1002!WP1003!WP1006!WP1007!WP1014!hist14!CP1004,1
2026-07-16 17:53:18.6,IDFAN_PEEC,OPCY_ALM,PRECIP OUT > 50%,PRECIP OUTLET,STATE,ALARM,ALM,3,,,,!WP1001!WP1002!WP1003!WP1006!WP1007!WP1014!hist14!CP1003,1
2026-07-16 17:53:21.1,IDFAN_PEEC,OPCY_ALM,PRECIP OUT > 50%,PRECIP OUTLET,STATE,NORMAL,RTN,3,,,,!WP1001!WP1002!WP1003!WP1006!WP1007!WP1014!hist14!CP1003,1
2026-07-16 17:54:14.6,IDFAN_PEEC,OPCY_ALM,PRECIP OUT > 50%,PRECIP OUTLET,STATE,ALARM,ALM,3,,,,!WP1001!WP1002!WP1003!WP1006!WP1007!WP1014!hist14!CP1003,1
2026-07-16 17:54:20.1,IDFAN_PEEC,OPCY_ALM,PRECIP OUT > 50%,PRECIP OUTLET,STATE,NORMAL,RTN,3,,,,!WP1001!WP1002!WP1003!WP1006!WP1007!WP1014!hist14!CP1003,1
2026-07-16 17:59:24.4,1AR_LS,DEV_5803,LS SYS B,,STATE,VALVE 5803 DEVIATION,ALM,3,,,,!WP1001!WP1002!WP1003!WP1006!WP1007!WP1014!hist14!CP1017,1
