DATE,COMPOUND,BLOCK,DESCRIPTION,NAME,ALARM TYPE Type,ALARM DESC,ALM_RTN,PRIORITY,VALUE,ALARM VALUE,UNITS,LOCATION,GRP
2026-07-18 06:00:02.0,1AR_LS,DEV_5803,LS SYS B,,STATE,VALVE 5803 DEVIATION,ALM,3,,,,!WP1001!WP1002!WP1003!WP1006!WP1007!WP1014!hist14!CP1017,1
2026-07-18 06:00:49.5,1AR_LS,DEV_5803,LS SYS B,,STATE,,RTN,3,,,,!WP1001!WP1002!WP1003!WP1006!WP1007!WP1014!hist14!CP1017,1
2026-07-18 06:01:14.0,1NW_ESP_SMP,NWAI6702B,PRECIP SUMP PMP B DSCH PH,,IOBAD,BAD CHANNEL,ALM,3,,,,!WP1002!WP1011!WP1001!hist14!CP1020,1
2026-07-18 06:01:15.0,1NW_ESP_SMP,NWAI6702B,PRECIP SUMP PMP B DSCH PH,,IOBAD,BAD CHANNEL,RTN,3,,,,!WP1002!WP1011!WP1001!hist14!CP1020,1
2026-07-18 06:01:16.0,1NW_ESP_SMP,NWAI6702B,PRECIP SUMP PMP B DSCH PH,,IOBAD,BAD CHANNEL,ALM,3,,,,!WP1002!WP1011!WP1001!hist14!CP1020,1
2026-07-18 06:11:32.5,1GS_A,BLEED_FAIL,BLEED SYSTEM A FAILURE,,STATE,BLEED SYSTEM A EQUIPMENT FAILURE,ALM,3,,,,!WP1001!WP1002!WP1003!WP1006!WP1007!WP1014!hist14!CP1017,1
2026-07-18 06:13:37.5,1ULD,B27A,UNIT OFF AGC,,STATE,AGC UNAVAILABLE,ALM,5,,,,!WP1001!WP1002!WP1003!WP1006!WP1007!WP1014!hist14!CP1001,1
2026-07-18 06:18:40.5,1DAS11,IACE3071,ECON FW CC HI CALL LAB ASAP,,HIABS,COND PUMP DIS CC HI.CALL LAB,ALM,1,0.20002,0.2,US/CM,!WP1002!WP1006!WP1007!WP1001!WP1003!WP1014!hist14!CP1008,1
2026-07-18 06:21:09.5,1GS_A,BLEED_FAIL,BLEED SYSTEM A FAILURE,,STATE,BLEED SYSTEM A NORMAL,RTN,3,,,,!WP1001!WP1002!WP1003!WP1006!WP1007!WP1014!hist14!CP1017,1
2026-07-18 06:22:02.5,1SCRA_IDSAV,SLPDI5416A,A IDMPR SCR SA PSG TO FG DUCT DP,,LOABS,SCR A IN DMPR SEAL DP LOW (SERV),ALM,5,1.9832,2,INH2O,!hist14!CP1016,2
2026-07-18 06:22:06.0,1SCR_B_PRESS,FGPDI5228B,SCR B CAT LAYER 4 DP,1SR114 PNT 4,HHABS,HI HI DP,RTN,1,1.19999,1.7,INH2O,!WP1001!WP1002!WP1003!WP1006!WP1007!WP1014!hist14!CP1016,1
2026-07-18 06:22:07.5,1SCRA_IDSAV,SLPDI5416A,A IDMPR SCR SA PSG TO FG DUCT DP,,LOABS,SCR A IN DMPR SEAL DP LOW (SERV),RTN,5,2.23379,2,INH2O,!hist14!CP1016,2
2026-07-18 06:22:50.9,1BCS_7,IKTE3751,REHEAT TEMP RIGHT (REDUNDANT),,HIABS,HIGH,ALM,1,1012.19,1012.18,DEG.F,!WP1002!WP1006!WP1007!WP1001!WP1003!WP1014!hist14!CP1007,1
2026-07-18 06:23:19.5,1MELIM,ZDS5504,WET/DRY INTFC VLV  DM DEV,,LODEV,LOW DEVIATION ALARM,RTN,3,46.5762,42.5,%,!hist14!CP1017,2
2026-07-18 06:23:27.0,1SCR_B_NH3,NOX_ERR_HIGH,SCR B NOX ERROR   HIGH,,STATE,ALARM,ALM,1,,,,!WP1001!WP1002!WP1003!WP1006!WP1007!WP1014!hist14!CP1016,1
2026-07-18 06:23:30.0,1BCS_7,IKTE3741,REHEAT TEMP LEFT (REDUNDANT),,HIABS,HIGH,ALM,1,1012.23,1012.18,DEG.F,!WP1002!WP1006!WP1007!WP1001!WP1003!WP1014!hist14!CP1007,1
2026-07-18 06:23:31.0,1BCS_7,IKTE3451,REHEAT TEMP RIGHT (NORM),,HIABS,HIGH,ALM,1,1012.19,1012.18,DEG.F,!WP1002!WP1006!WP1007!WP1001!WP1003!WP1014!hist14!CP1007,1
2026-07-18 06:23:36.0,1BCS_7,IKTE3441,REHEAT TEMP LEFT (NORM),,HIABS,HIGH,ALM,1,1012.19,1012.18,DEG.F,!WP1002!WP1006!WP1007!WP1001!WP1003!WP1014!hist14!CP1007,1
2026-07-18 06:24:20.5,1MELIM,ZDS5504,WET/DRY INTFC VLV  DM DEV,,HIDEV,HIGH DEVIATION ALARM,ALM,3,98.7676,5,%,!hist14!CP1017,2
2026-07-18 06:24:21.0,1SCRA_IDSAV,SLPDI5416A,A IDMPR SCR SA PSG TO FG DUCT DP,,LOABS,SCR A IN DMPR SEAL DP LOW (SERV),ALM,5,1.98203,2,INH2O,!hist14!CP1016,2
2026-07-18 06:24:28.0,1SCRA_IDSAV,SLPDI5416A,A IDMPR SCR SA PSG TO FG DUCT DP,,LOABS,SCR A IN DMPR SEAL DP LOW (SERV),RTN,5,2.21738,2,INH2O,!hist14!CP1016,2
2026-07-18 06:24:41.0,1SCRA_IDSAV,SLPDI5416A,A IDMPR SCR SA PSG TO FG DUCT DP,,LOABS,SCR A IN DMPR SEAL DP LOW (SERV),ALM,5,1.96504,2,INH2O,!hist14!CP1016,2
2026-07-18 06:24:47.5,1SCR_A_NH3,NOX_ERR_HIGH,SCR A NOX ERROR   HIGH,,STATE,ALARM,ALM,1,,,,!WP1001!WP1002!WP1003!WP1006!WP1007!WP1014!hist14!CP1016,1
2026-07-18 06:24:56.0,IDFAN_PEEC,OPCY_ALM,PRECIP OUT > 50%,PRECIP OUTLET,STATE,ALARM,ALM,3,,,,!WP1001!WP1002!WP1003!WP1006!WP1007!WP1014!hist14!CP1003,1
2026-07-18 06:25:01.0,IDFAN_PEEC,OPCY_ALM,PRECIP OUT > 50%,PRECIP OUTLET,STATE,NORMAL,RTN,3,,,,!WP1001!WP1002!WP1003!WP1006!WP1007!WP1014!hist14!CP1003,1
2026-07-18 06:25:26.0,1SCRA_IDSAV,SLPDI5416A,A IDMPR SCR SA PSG TO FG DUCT DP,,LOABS,SCR A IN DMPR SEAL DP LOW (SERV),RTN,5,2.20156,2,INH2O,!hist14!CP1016,2
2026-07-18 06:25:31.0,1SCRA_IDSAV,SLPDI5416A,A IDMPR SCR SA PSG TO FG DUCT DP,,LOABS,SCR A IN DMPR SEAL DP LOW (SERV),ALM,5,1.98203,2,INH2O,!hist14!CP1016,2
2026-07-18 06:25:42.3,1STM_GSM_ALM,STM_ALM2,MARK VIE STEAM SEAL ALARM,,STA_5,STM SEAL DIV VLV TO CNDR OK,RTN,3,0,0,,!WP1001!WP1002!WP1003!WP1006!WP1007!WP1014!hist14!CP1011,1
2026-07-18 06:25:56.5,1MELIM,ZDS5504,WET/DRY INTFC VLV  DM DEV,,HIDEV,HIGH DEVIATION ALARM,RTN,3,54.0293,57.5,%,!hist14!CP1017,2
2026-07-18 06:27:03.5,1SCRA_IDSAV,SLPDI5416A,A IDMPR SCR SA PSG TO FG DUCT DP,,LOABS,SCR A IN DMPR SEAL DP LOW (SERV),RTN,5,2.20547,2,INH2O,!hist14!CP1016,2
2026-07-18 06:27:08.5,1SCRA_IDSAV,SLPDI5416A,A IDMPR SCR SA PSG TO FG DUCT DP,,LOABS,SCR A IN DMPR SEAL DP LOW (SERV),ALM,5,1.99824,2,INH2O,!hist14!CP1016,2
2026-07-18 06:27:27.5,1MELIM,ZDS5504,WET/DRY INTFC VLV  DM DEV,,HIDEV,HIGH DEVIATION ALARM,ALM,3,98.7949,5,%,!hist14!CP1017,2
2026-07-18 06:27:59.0,1SCRA_IDSAV,SLPDI5416A,A IDMPR SCR SA PSG TO FG DUCT DP,,LOABS,SCR A IN DMPR SEAL DP LOW (SERV),RTN,5,2.20645,2,INH2O,!hist14!CP1016,2
2026-07-18 06:28:05.0,1DAS11,ISPT0201,CONDENSATE PUMP   DISCH PRS,1191,LOABS,LOW,ALM,1,419.813,420,PG,!WP1002!WP1006!WP1007!WP1001!WP1003!WP1014!hist14!CP1008,1
2026-07-18 06:28:19.0,1DAS11,ISPT0201,CONDENSATE PUMP   DISCH PRS,1191,LOABS,LOW,RTN,1,536.438,420,PG,!WP1002!WP1006!WP1007!WP1001!WP1003!WP1014!hist14!CP1008,1
2026-07-18 06:29:00.5,1SCRA_IDSAV,SLPDI5416A,A IDMPR SCR SA PSG TO FG DUCT DP,,LOABS,SCR A IN DMPR SEAL DP LOW (SERV),ALM,5,1.98301,2,INH2O,!hist14!CP1016,2
2026-07-18 06:29:04.5,1SCRA_IDSAV,SLPDI5416A,A IDMPR SCR SA PSG TO FG DUCT DP,,LOABS,SCR A IN DMPR SEAL DP LOW (SERV),RTN,5,2.2084,2,INH2O,!hist14!CP1016,2
2026-07-18 06:29:31.2,1DMILL,FDR_LOCAL,D FEEDER SW       IN LOCAL,,STATE,FEEDER SW IN LOCAL,ALM,5,,,,!WP1001!WP1002!WP1003!WP1006!WP1007!WP1014!hist14!CP1004,1
2026-07-18 06:29:41.9,1BCS_7,IKTE3451,REHEAT TEMP RIGHT (NORM),,HIABS,HIGH,RTN,1,1007.11,1012.18,DEG.F,!WP1002!WP1006!WP1007!WP1001!WP1003!WP1014!hist14!CP1007,1
2026-07-18 06:29:58.7,1DMILL,FEEDER_TRIP,FEEDER TRIP FOR ANNUN,,STATE,1D FEEDER TRIP,ALM,3,,,,!WP1001!WP1002!WP1003!WP1006!WP1007!WP1014!hist14!CP1004,1
2026-07-18 06:29:59.9,1BCS_7,IKTE3751,REHEAT TEMP RIGHT (REDUNDANT),,HIABS,HIGH,RTN,1,1007.17,1012.18,DEG.F,!WP1002!WP1006!WP1007!WP1001!WP1003!WP1014!hist14!CP1007,1
2026-07-18 06:30:38.5,1SCRA_IDSAV,SLPDI5416A,A IDMPR SCR SA PSG TO FG DUCT DP,,LOABS,SCR A IN DMPR SEAL DP LOW (SERV),ALM,5,1.98867,2,INH2O,!hist14!CP1016,2
2026-07-18 06:30:46.5,1SCRA_IDSAV,SLPDI5416A,A IDMPR SCR SA PSG TO FG DUCT DP,,LOABS,SCR A IN DMPR SEAL DP LOW (SERV),RTN,5,2.20781,2,INH2O,!hist14!CP1016,2
2026-07-18 06:30:57.9,1BCS_7,IKTE3441,REHEAT TEMP LEFT (NORM),,HIABS,HIGH,RTN,1,1007.15,1012.18,DEG.F,!WP1002!WP1006!WP1007!WP1001!WP1003!WP1014!hist14!CP1007,1
2026-07-18 06:31:05.9,1BCS_7,IKTE3741,REHEAT TEMP LEFT (REDUNDANT),,HIABS,HIGH,RTN,1,1007.15,1012.18,DEG.F,!WP1002!WP1006!WP1007!WP1001!WP1003!WP1014!hist14!CP1007,1
2026-07-18 06:31:59.5,1DAS11,IACE3071,ECON FW CC HI CALL LAB ASAP,,HIABS,COND PUMP DIS CC HI.CALL LAB,RTN,1,0.17998,0.2,US/CM,!WP1002!WP1006!WP1007!WP1001!WP1003!WP1014!hist14!CP1008,1
2026-07-18 06:32:00.4,1BWCP_PURGE,OUTLET_TEMP,BWCP PURGE COOLER OUTLET TEMP,,HIABS,,ALM,2,105.068,105,DEGF,!WP1001!WP1002!WP1003!WP1006!WP1007!WP1014!hist14!CP1005,1
2026-07-18 06:32:20.5,1SCRA_IDSAV,SLPDI5416A,A IDMPR SCR SA PSG TO FG DUCT DP,,LOABS,SCR A IN DMPR SEAL DP LOW (SERV),ALM,5,1.99785,2,INH2O,!hist14!CP1016,2
2026-07-18 06:32:28.5,1SCRA_IDSAV,SLPDI5416A,A IDMPR SCR SA PSG TO FG DUCT DP,,LOABS,SCR A IN DMPR SEAL DP LOW (SERV),RTN,5,2.20664,2,INH2O,!hist14!CP1016,2
2026-07-18 06:33:10.5,1DAS10,IACE3211,COND MAKE-UP SPEC CNDCT,,HIABS,HIGH,ALM,1,0.3,0.3,US/CM,!WP1002!WP1006!WP1007!WP1001!WP1003!WP1014!hist14!CP1008,1
2026-07-18 06:33:56.0,1SCRA_IDSAV,SLPDI5416A,A IDMPR SCR SA PSG TO FG DUCT DP,,LOABS,SCR A IN DMPR SEAL DP LOW (SERV),ALM,5,1.97539,2,INH2O,!hist14!CP1016,2
2026-07-18 06:34:03.0,1SCR_A_NH3,NOX_ERR_HIGH,SCR A NOX ERROR   HIGH,,STATE,NORMAL,RTN,1,,,,!WP1001!WP1002!WP1003!WP1006!WP1007!WP1014!hist14!CP1016,1
2026-07-18 06:34:08.5,1SCRA_IDSAV,SLPDI5416A,A IDMPR SCR SA PSG TO FG DUCT DP,,LOABS,SCR A IN DMPR SEAL DP LOW (SERV),RTN,5,2.21895,2,INH2O,!hist14!CP1016,2
2026-07-18 06:34:41.0,1SCRA_IDSAV,SLPDI5416A,A IDMPR SCR SA PSG TO FG DUCT DP,,LOABS,SCR A IN DMPR SEAL DP LOW (SERV),ALM,5,1.98887,2,INH2O,!hist14!CP1016,2
2026-07-18 06:34:47.5,1SCRA_IDSAV,SLPDI5416A,A IDMPR SCR SA PSG TO FG DUCT DP,,LOABS,SCR A IN DMPR SEAL DP LOW (SERV),RTN,5,2.20176,2,INH2O,!hist14!CP1016,2
2026-07-18 06:35:40.5,1SCRA_IDSAV,SLPDI5416A,A IDMPR SCR SA PSG TO FG DUCT DP,,LOABS,SCR A IN DMPR SEAL DP LOW (SERV),ALM,5,1.99883,2,INH2O,!hist14!CP1016,2
2026-07-18 06:35:44.0,1SCRA_IDSAV,SLPDI5416A,A IDMPR SCR SA PSG TO FG DUCT DP,,LOABS,SCR A IN DMPR SEAL DP LOW (SERV),RTN,5,2.21816,2,INH2O,!hist14!CP1016,2
2026-07-18 06:36:11.0,1SCRA_IDSAV,SLPDI5416A,A IDMPR SCR SA PSG TO FG DUCT DP,,LOABS,SCR A IN DMPR SEAL DP LOW (SERV),ALM,5,1.95859,2,INH2O,!hist14!CP1016,2
2026-07-18 06:36:26.0,1SCRA_IDSAV,SLPDI5416A,A IDMPR SCR SA PSG TO FG DUCT DP,,LOABS,SCR A IN DMPR SEAL DP LOW (SERV),RTN,5,2.20313,2,INH2O,!hist14!CP1016,2
2026-07-18 06:36:57.0,1SCRA_IDSAV,SLPDI5416A,A IDMPR SCR SA PSG TO FG DUCT DP,,LOABS,SCR A IN DMPR SEAL DP LOW (SERV),ALM,5,1.99473,2,INH2O,!hist14!CP1016,2
2026-07-18 06:37:06.0,1SCRA_IDSAV,SLPDI5416A,A IDMPR SCR SA PSG TO FG DUCT DP,,LOABS,SCR A IN DMPR SEAL DP LOW (SERV),RTN,5,2.23125,2,INH2O,!hist14!CP1016,2
2026-07-18 06:37:17.5,1SCRA_IDSAV,SLPDI5416A,A IDMPR SCR SA PSG TO FG DUCT DP,,LOABS,SCR A IN DMPR SEAL DP LOW (SERV),ALM,5,1.98418,2,INH2O,!hist14!CP1016,2
2026-07-18 06:37:17.5,1DAS10,IACE3211,COND MAKE-UP SPEC CNDCT,,HIABS,HIGH,RTN,1,0.279961,0.3,US/CM,!WP1002!WP1006!WP1007!WP1001!WP1003!WP1014!hist14!CP1008,1
2026-07-18 06:37:42.3,1BFB_GSM_ALM,BFB_ALM20,MARK VIE B BFPT ALARM,,STA_7,B BFPT MANUAL/DCS OK,RTN,5,0,0,,!WP1001!WP1002!WP1003!WP1006!WP1007!WP1014!hist14!CP1011,1
2026-07-18 06:37:44.0,1SCRA_IDSAV,SLPDI5416A,A IDMPR SCR SA PSG TO FG DUCT DP,,LOABS,SCR A IN DMPR SEAL DP LOW (SERV),RTN,5,2.24063,2,INH2O,!hist14!CP1016,2
2026-07-18 06:37:58.5,1SCRA_IDSAV,SLPDI5416A,A IDMPR SCR SA PSG TO FG DUCT DP,,LOABS,SCR A IN DMPR SEAL DP LOW (SERV),ALM,5,1.98652,2,INH2O,!hist14!CP1016,2
2026-07-18 06:38:03.0,1SCRA_IDSAV,SLPDI5416A,A IDMPR SCR SA PSG TO FG DUCT DP,,LOABS,SCR A IN DMPR SEAL DP LOW (SERV),RTN,5,2.21074,2,INH2O,!hist14!CP1016,2
2026-07-18 06:38:06.5,1SCR_B_NH3,NOX_ERR_HIGH,SCR B NOX ERROR   HIGH,,STATE,NORMAL,RTN,1,,,,!WP1001!WP1002!WP1003!WP1006!WP1007!WP1014!hist14!CP1016,1
2026-07-18 06:38:25.5,1SCRA_IDSAV,SLPDI5416A,A IDMPR SCR SA PSG TO FG DUCT DP,,LOABS,SCR A IN DMPR SEAL DP LOW (SERV),ALM,5,1.99258,2,INH2O,!hist14!CP1016,2
2026-07-18 06:38:33.0,1SCRA_IDSAV,SLPDI5416A,A IDMPR SCR SA PSG TO FG DUCT DP,,LOABS,SCR A IN DMPR SEAL DP LOW (SERV),RTN,5,2.20645,2,INH2O,!hist14!CP1016,2
2026-07-18 06:38:54.0,1SCRA_IDSAV,SLPDI5416A,A IDMPR SCR SA PSG TO FG DUCT DP,,LOABS,SCR A IN DMPR SEAL DP LOW (SERV),ALM,5,1.97656,2,INH2O,!hist14!CP1016,2
2026-07-18 06:38:58.5,1SCRA_IDSAV,SLPDI5416A,A IDMPR SCR SA PSG TO FG DUCT DP,,LOABS,SCR A IN DMPR SEAL DP LOW (SERV),RTN,5,2.20879,2,INH2O,!hist14!CP1016,2
2026-07-18 06:39:03.5,1SCRA_IDSAV,SLPDI5416A,A IDMPR SCR SA PSG TO FG DUCT DP,,LOABS,SCR A IN DMPR SEAL DP LOW (SERV),ALM,5,1.99023,2,INH2O,!hist14!CP1016,2
2026-07-18 06:39:10.5,1SCRA_IDSAV,SLPDI5416A,A IDMPR SCR SA PSG TO FG DUCT DP,,LOABS,SCR A IN DMPR SEAL DP LOW (SERV),RTN,5,2.21152,2,INH2O,!hist14!CP1016,2
2026-07-18 06:39:35.0,1SCRA_IDSAV,SLPDI5416A,A IDMPR SCR SA PSG TO FG DUCT DP,,LOABS,SCR A IN DMPR SEAL DP LOW (SERV),ALM,5,1.99688,2,INH2O,!hist14!CP1016,2
2026-07-18 06:39:35.4,1BCS_7,IKTE3741,REHEAT TEMP LEFT (REDUNDANT),,HIABS,HIGH,ALM,1,1012.18,1012.18,DEG.F,!WP1002!WP1006!WP1007!WP1001!WP1003!WP1014!hist14!CP1007,1
2026-07-18 06:39:52.4,1BCS_7,IKTE3441,REHEAT TEMP LEFT (NORM),,HIABS,HIGH,ALM,1,1012.2,1012.18,DEG.F,!WP1002!WP1006!WP1007!WP1001!WP1003!WP1014!hist14!CP1007,1
2026-07-18 06:40:14.0,1SCRA_IDSAV,SLPDI5416A,A IDMPR SCR SA PSG TO FG DUCT DP,,LOABS,SCR A IN DMPR SEAL DP LOW (SERV),RTN,5,2.22422,2,INH2O,!hist14!CP1016,2
2026-07-18 06:40:31.6,1WB_DEV,SOFA_ANY_DEV,SOFA ANY DEVIATION,,STATE,NORMAL,RTN,5,,,INH2O,,0
2026-07-18 06:40:42.0,1SCRA_IDSAV,SLPDI5416A,A IDMPR SCR SA PSG TO FG DUCT DP,,LOABS,SCR A IN DMPR SEAL DP LOW (SERV),ALM,5,1.99863,2,INH2O,!hist14!CP1016,2
2026-07-18 06:40:56.5,1MELIM,ZDS5504,WET/DRY INTFC VLV  DM DEV,,HIDEV,HIGH DEVIATION ALARM,RTN,3,53.9824,57.5,%,!hist14!CP1017,2
2026-07-18 06:40:57.5,1SCRA_IDSAV,SLPDI5416A,A IDMPR SCR SA PSG TO FG DUCT DP,,LOABS,SCR A IN DMPR SEAL DP LOW (SERV),RTN,5,2.20156,2,INH2O,!hist14!CP1016,2
2026-07-18 06:41:20.0,1SCRA_IDSAV,SLPDI5416A,A IDMPR SCR SA PSG TO FG DUCT DP,,LOABS,SCR A IN DMPR SEAL DP LOW (SERV),ALM,5,1.98574,2,INH2O,!hist14!CP1016,2
2026-07-18 06:41:25.5,1SCRA_IDSAV,SLPDI5416A,A IDMPR SCR SA PSG TO FG DUCT DP,,LOABS,SCR A IN DMPR SEAL DP LOW (SERV),RTN,5,2.21523,2,INH2O,!hist14!CP1016,2
2026-07-18 06:41:32.6,1WB_DEV,SOFA_ANY_DEV,SOFA ANY DEVIATION,,STATE,DEVIATION,ALM,5,,,%,,0
2026-07-18 06:42:27.5,1MELIM,ZDS5504,WET/DRY INTFC VLV  DM DEV,,HIDEV,HIGH DEVIATION ALARM,ALM,3,98.8672,5,%,!hist14!CP1017,2
2026-07-18 06:42:45.4,1BCS_7,IKTE3441,REHEAT TEMP LEFT (NORM),,HIABS,HIGH,RTN,1,1007.17,1012.18,DEG.F,!WP1002!WP1006!WP1007!WP1001!WP1003!WP1014!hist14!CP1007,1
2026-07-18 06:42:51.4,1BCS_7,IKTE3741,REHEAT TEMP LEFT (REDUNDANT),,HIABS,HIGH,RTN,1,1007.18,1012.18,DEG.F,!WP1002!WP1006!WP1007!WP1001!WP1003!WP1014!hist14!CP1007,1
2026-07-18 06:43:04.5,1RPF_VIB,ARVI15554F,AR PMP F MTR IBRD SHAFT VIB-DE4,,HHABS,,RTN,1,4.38391,4.5,MILS,!WP1001!WP1002!WP1003!WP1006!WP1007!WP1014!hist14!CP1017,1
2026-07-18 06:43:14.5,1SCRA_IDSAV,SLPDI5416A,A IDMPR SCR SA PSG TO FG DUCT DP,,LOABS,SCR A IN DMPR SEAL DP LOW (SERV),ALM,5,1.9918,2,INH2O,!hist14!CP1016,2
2026-07-18 06:43:18.5,1SCRA_IDSAV,SLPDI5416A,A IDMPR SCR SA PSG TO FG DUCT DP,,LOABS,SCR A IN DMPR SEAL DP LOW (SERV),RTN,5,2.21699,2,INH2O,!hist14!CP1016,2
2026-07-18 06:45:45.5,1SCRA_IDSAV,SLPDI5416A,A IDMPR SCR SA PSG TO FG DUCT DP,,LOABS,SCR A IN DMPR SEAL DP LOW (SERV),ALM,5,1.98027,2,INH2O,!hist14!CP1016,2
2026-07-18 06:45:58.0,1SCRA_IDSAV,SLPDI5416A,A IDMPR SCR SA PSG TO FG DUCT DP,,LOABS,SCR A IN DMPR SEAL DP LOW (SERV),RTN,5,2.21465,2,INH2O,!hist14!CP1016,2
2026-07-18 06:47:49.0,1SCRA_IDSAV,SLPDI5416A,A IDMPR SCR SA PSG TO FG DUCT DP,,LOABS,SCR A IN DMPR SEAL DP LOW (SERV),ALM,5,1.95273,2,INH2O,!hist14!CP1016,2
2026-07-18 06:48:02.0,1SCRA_IDSAV,SLPDI5416A,A IDMPR SCR SA PSG TO FG DUCT DP,,LOABS,SCR A IN DMPR SEAL DP LOW (SERV),RTN,5,2.24668,2,INH2O,!hist14!CP1016,2
2026-07-18 06:49:33.0,1SCRA_IDSAV,SLPDI5416A,A IDMPR SCR SA PSG TO FG DUCT DP,,LOABS,SCR A IN DMPR SEAL DP LOW (SERV),ALM,5,1.99668,2,INH2O,!hist14!CP1016,2
2026-07-18 06:50:07.5,1SCRA_IDSAV,SLPDI5416A,A IDMPR SCR SA PSG TO FG DUCT DP,,LOABS,SCR A IN DMPR SEAL DP LOW (SERV),RTN,5,2.21191,2,INH2O,!hist14!CP1016,2
2026-07-18 06:50:39.5,1SCRA_IDSAV,SLPDI5416A,A IDMPR SCR SA PSG TO FG DUCT DP,,LOABS,SCR A IN DMPR SEAL DP LOW (SERV),ALM,5,1.97539,2,INH2O,!hist14!CP1016,2
2026-07-18 06:50:53.5,1SCRA_IDSAV,SLPDI5416A,A IDMPR SCR SA PSG TO FG DUCT DP,,LOABS,SCR A IN DMPR SEAL DP LOW (SERV),RTN,5,2.2041,2,INH2O,!hist14!CP1016,2
2026-07-18 06:52:03.0,1SCRA_IDSAV,SLPDI5416A,A IDMPR SCR SA PSG TO FG DUCT DP,,LOABS,SCR A IN DMPR SEAL DP LOW (SERV),ALM,5,1.99727,2,INH2O,!hist14!CP1016,2
2026-07-18 06:52:34.0,1SCRA_IDSAV,SLPDI5416A,A IDMPR SCR SA PSG TO FG DUCT DP,,LOABS,SCR A IN DMPR SEAL DP LOW (SERV),RTN,5,2.22969,2,INH2O,!hist14!CP1016,2
2026-07-18 06:53:06.5,1SCRA_IDSAV,SLPDI5416A,A IDMPR SCR SA PSG TO FG DUCT DP,,LOABS,SCR A IN DMPR SEAL DP LOW (SERV),ALM,5,1.99766,2,INH2O,!hist14!CP1016,2
2026-07-18 06:53:30.0,1SCRA_IDSAV,SLPDI5416A,A IDMPR SCR SA PSG TO FG DUCT DP,,LOABS,SCR A IN DMPR SEAL DP LOW (SERV),RTN,5,2.21113,2,INH2O,!hist14!CP1016,2
2026-07-18 06:53:44.5,1SCRA_IDSAV,SLPDI5416A,A IDMPR SCR SA PSG TO FG DUCT DP,,LOABS,SCR A IN DMPR SEAL DP LOW (SERV),ALM,5,1.9707,2,INH2O,!hist14!CP1016,2
2026-07-18 06:54:31.5,1SCRA_IDSAV,SLPDI5416A,A IDMPR SCR SA PSG TO FG DUCT DP,,LOABS,SCR A IN DMPR SEAL DP LOW (SERV),RTN,5,2.21367,2,INH2O,!hist14!CP1016,2
2026-07-18 06:54:56.0,1SCRA_IDSAV,SLPDI5416A,A IDMPR SCR SA PSG TO FG DUCT DP,,LOABS,SCR A IN DMPR SEAL DP LOW (SERV),ALM,5,1.97949,2,INH2O,!hist14!CP1016,2
2026-07-18 06:55:03.5,1SCRA_IDSAV,SLPDI5416A,A IDMPR SCR SA PSG TO FG DUCT DP,,LOABS,SCR A IN DMPR SEAL DP LOW (SERV),RTN,5,2.2127,2,INH2O,!hist14!CP1016,2
2026-07-18 06:55:43.0,1SCRA_IDSAV,SLPDI5416A,A IDMPR SCR SA PSG TO FG DUCT DP,,LOABS,SCR A IN DMPR SEAL DP LOW (SERV),ALM,5,1.97598,2,INH2O,!hist14!CP1016,2
2026-07-18 06:55:49.5,1SCRA_IDSAV,SLPDI5416A,A IDMPR SCR SA PSG TO FG DUCT DP,,LOABS,SCR A IN DMPR SEAL DP LOW (SERV),RTN,5,2.21641,2,INH2O,!hist14!CP1016,2
2026-07-18 06:55:55.5,1MELIM,ZDS5504,WET/DRY INTFC VLV  DM DEV,,HIDEV,HIGH DEVIATION ALARM,RTN,3,53.9512,57.5,%,!hist14!CP1017,2
2026-07-18 06:57:22.0,1SCRA_IDSAV,SLPDI5416A,A IDMPR SCR SA PSG TO FG DUCT DP,,LOABS,SCR A IN DMPR SEAL DP LOW (SERV),ALM,5,1.98105,2,INH2O,!hist14!CP1016,2
2026-07-18 06:57:26.5,1SCRA_IDSAV,SLPDI5416A,A IDMPR SCR SA PSG TO FG DUCT DP,,LOABS,SCR A IN DMPR SEAL DP LOW (SERV),RTN,5,2.21504,2,INH2O,!hist14!CP1016,2
2026-07-18 06:57:26.5,1MELIM,ZDS5504,WET/DRY INTFC VLV  DM DEV,,HIDEV,HIGH DEVIATION ALARM,ALM,3,99.0117,5,%,!hist14!CP1017,2
2026-07-18 06:57:27.6,1WB_DEV,SOFA_ANY_DEV,SOFA ANY DEVIATION,,STATE,NORMAL,RTN,5,,,INH2O,,0
2026-07-18 06:57:38.5,1SCRA_IDSAV,SLPDI5416A,A IDMPR SCR SA PSG TO FG DUCT DP,,LOABS,SCR A IN DMPR SEAL DP LOW (SERV),ALM,5,1.9748,2,INH2O,!hist14!CP1016,2
2026-07-18 06:57:44.0,1SCRA_IDSAV,SLPDI5416A,A IDMPR SCR SA PSG TO FG DUCT DP,,LOABS,SCR A IN DMPR SEAL DP LOW (SERV),RTN,5,2.2248,2,INH2O,!hist14!CP1016,2
2026-07-18 06:58:29.6,1WB_DEV,SOFA_ANY_DEV,SOFA ANY DEVIATION,,STATE,DEVIATION,ALM,5,,,INH2O,,0
2026-07-18 06:58:57.0,1SCRA_IDSAV,SLPDI5416A,A IDMPR SCR SA PSG TO FG DUCT DP,,LOABS,SCR A IN DMPR SEAL DP LOW (SERV),ALM,5,1.98262,2,INH2O,!hist14!CP1016,2
2026-07-18 06:59:03.0,1SCRA_IDSAV,SLPDI5416A,A IDMPR SCR SA PSG TO FG DUCT DP,,LOABS,SCR A IN DMPR SEAL DP LOW (SERV),RTN,5,2.21465,2,INH2O,!hist14!CP1016,2
2026-07-18 07:00:03.0,1AR_LS,DEV_5803,LS SYS B,,STATE,VALVE 5803 DEVIATION,ALM,3,,,,!WP1001!WP1002!WP1003!WP1006!WP1007!WP1014!hist14!CP1017,1
2026-07-18 07:00:36.0,1SCRA_IDSAV,SLPDI5416A,A IDMPR SCR SA PSG TO FG DUCT DP,,LOABS,SCR A IN DMPR SEAL DP LOW (SERV),ALM,5,1.98652,2,INH2O,!hist14!CP1016,2
2026-07-18 07:00:39.0,1AR_LS,DEV_5803,LS SYS B,,STATE,,RTN,3,,,,!WP1001!WP1002!WP1003!WP1006!WP1007!WP1014!hist14!CP1017,1
2026-07-18 07:01:13.0,1SCRA_IDSAV,SLPDI5416A,A IDMPR SCR SA PSG TO FG DUCT DP,,LOABS,SCR A IN DMPR SEAL DP LOW (SERV),RTN,5,2.20078,2,INH2O,!hist14!CP1016,2
2026-07-18 07:02:16.5,1SCRA_IDSAV,SLPDI5416A,A IDMPR SCR SA PSG TO FG DUCT DP,,LOABS,SCR A IN DMPR SEAL DP LOW (SERV),ALM,5,1.99648,2,INH2O,!hist14!CP1016,2
2026-07-18 07:02:30.0,1SCRA_IDSAV,SLPDI5416A,A IDMPR SCR SA PSG TO FG DUCT DP,,LOABS,SCR A IN DMPR SEAL DP LOW (SERV),RTN,5,2.21152,2,INH2O,!hist14!CP1016,2
2026-07-18 07:02:47.9,1BCS_7,IKTE3751,REHEAT TEMP RIGHT (REDUNDANT),,HIABS,HIGH,ALM,1,1012.19,1012.18,DEG.F,!WP1002!WP1006!WP1007!WP1001!WP1003!WP1014!hist14!CP1007,1
2026-07-18 07:03:12.5,1SCRA_IDSAV,SLPDI5416A,A IDMPR SCR SA PSG TO FG DUCT DP,,LOABS,SCR A IN DMPR SEAL DP LOW (SERV),ALM,5,1.98652,2,INH2O,!hist14!CP1016,2
2026-07-18 07:03:23.0,1SCRA_IDSAV,SLPDI5416A,A IDMPR SCR SA PSG TO FG DUCT DP,,LOABS,SCR A IN DMPR SEAL DP LOW (SERV),RTN,5,2.20117,2,INH2O,!hist14!CP1016,2
2026-07-18 07:03:47.9,1BCS_7,IKTE3451,REHEAT TEMP RIGHT (NORM),,HIABS,HIGH,ALM,1,1012.19,1012.18,DEG.F,!WP1002!WP1006!WP1007!WP1001!WP1003!WP1014!hist14!CP1007,1
2026-07-18 07:03:56.0,1SCRA_IDSAV,SLPDI5416A,A IDMPR SCR SA PSG TO FG DUCT DP,,LOABS,SCR A IN DMPR SEAL DP LOW (SERV),ALM,5,1.98516,2,INH2O,!hist14!CP1016,2
2026-07-18 07:04:47.7,1DMILL,FDR_LOCAL,D FEEDER SW       IN LOCAL,,STATE,FEEDER SW NOT IN LOCAL,RTN,5,,,,!WP1001!WP1002!WP1003!WP1006!WP1007!WP1014!hist14!CP1004,1
2026-07-18 07:05:52.0,1SCRA_IDSAV,SLPDI5416A,A IDMPR SCR SA PSG TO FG DUCT DP,,LOABS,SCR A IN DMPR SEAL DP LOW (SERV),RTN,5,2.21289,2,INH2O,!hist14!CP1016,2
2026-07-18 07:05:53.9,1BCS_7,IKTE3451,REHEAT TEMP RIGHT (NORM),,HIABS,HIGH,RTN,1,1007.12,1012.18,DEG.F,!WP1002!WP1006!WP1007!WP1001!WP1003!WP1014!hist14!CP1007,1
2026-07-18 07:06:14.4,1BCS_7,IKTE3751,REHEAT TEMP RIGHT (REDUNDANT),,HIABS,HIGH,RTN,1,1007.16,1012.18,DEG.F,!WP1002!WP1006!WP1007!WP1001!WP1003!WP1014!hist14!CP1007,1
2026-07-18 07:06:16.0,1SCRA_IDSAV,SLPDI5416A,A IDMPR SCR SA PSG TO FG DUCT DP,,LOABS,SCR A IN DMPR SEAL DP LOW (SERV),ALM,5,1.98516,2,INH2O,!hist14!CP1016,2
2026-07-18 07:06:24.0,1SCRA_IDSAV,SLPDI5416A,A IDMPR SCR SA PSG TO FG DUCT DP,,LOABS,SCR A IN DMPR SEAL DP LOW (SERV),RTN,5,2.20098,2,INH2O,!hist14!CP1016,2
2026-07-18 07:07:29.9,1BCS_7,IKTE3741,REHEAT TEMP LEFT (REDUNDANT),,HIABS,HIGH,ALM,1,1012.19,1012.18,DEG.F,!WP1002!WP1006!WP1007!WP1001!WP1003!WP1014!hist14!CP1007,1
2026-07-18 07:07:40.5,1SCRA_IDSAV,SLPDI5416A,A IDMPR SCR SA PSG TO FG DUCT DP,,LOABS,SCR A IN DMPR SEAL DP LOW (SERV),ALM,5,1.99512,2,INH2O,!hist14!CP1016,2
2026-07-18 07:07:54.0,1SCRA_IDSAV,SLPDI5416A,A IDMPR SCR SA PSG TO FG DUCT DP,,LOABS,SCR A IN DMPR SEAL DP LOW (SERV),RTN,5,2.21152,2,INH2O,!hist14!CP1016,2
2026-07-18 07:08:30.5,1MELIM,ZDS5504,WET/DRY INTFC VLV  DM DEV,,HIDEV,HIGH DEVIATION ALARM,RTN,3,53.9258,57.5,%,!hist14!CP1017,2
2026-07-18 07:08:37.0,1SCRA_IDSAV,SLPDI5416A,A IDMPR SCR SA PSG TO FG DUCT DP,,LOABS,SCR A IN DMPR SEAL DP LOW (SERV),ALM,5,1.98613,2,INH2O,!hist14!CP1016,2
2026-07-18 07:08:43.5,1SCRA_IDSAV,SLPDI5416A,A IDMPR SCR SA PSG TO FG DUCT DP,,LOABS,SCR A IN DMPR SEAL DP LOW (SERV),RTN,5,2.21016,2,INH2O,!hist14!CP1016,2
2026-07-18 07:09:01.0,1SCRA_IDSAV,SLPDI5416A,A IDMPR SCR SA PSG TO FG DUCT DP,,LOABS,SCR A IN DMPR SEAL DP LOW (SERV),ALM,5,1.99395,2,INH2O,!hist14!CP1016,2
2026-07-18 07:09:31.5,1MELIM,ZDS5504,WET/DRY INTFC VLV  DM DEV,,LODEV,LOW DEVIATION ALARM,ALM,3,-1.23438,95,%,!hist14!CP1017,2
2026-07-18 07:09:32.0,1SCRA_IDSAV,SLPDI5416A,A IDMPR SCR SA PSG TO FG DUCT DP,,LOABS,SCR A IN DMPR SEAL DP LOW (SERV),RTN,5,2.20352,2,INH2O,!hist14!CP1016,2
2026-07-18 07:09:39.0,1SCRA_IDSAV,SLPDI5416A,A IDMPR SCR SA PSG TO FG DUCT DP,,LOABS,SCR A IN DMPR SEAL DP LOW (SERV),ALM,5,1.99785,2,INH2O,!hist14!CP1016,2
2026-07-18 07:09:45.0,1SCRA_IDSAV,SLPDI5416A,A IDMPR SCR SA PSG TO FG DUCT DP,,LOABS,SCR A IN DMPR SEAL DP LOW (SERV),RTN,5,2.225,2,INH2O,!hist14!CP1016,2
2026-07-18 07:09:54.5,1SCRA_IDSAV,SLPDI5416A,A IDMPR SCR SA PSG TO FG DUCT DP,,LOABS,SCR A IN DMPR SEAL DP LOW (SERV),ALM,5,1.98789,2,INH2O,!hist14!CP1016,2
2026-07-18 07:10:30.5,1SCRA_IDSAV,SLPDI5416A,A IDMPR SCR SA PSG TO FG DUCT DP,,LOABS,SCR A IN DMPR SEAL DP LOW (SERV),RTN,5,2.22305,2,INH2O,!hist14!CP1016,2
2026-07-18 07:10:42.0,1SCRA_IDSAV,SLPDI5416A,A IDMPR SCR SA PSG TO FG DUCT DP,,LOABS,SCR A IN DMPR SEAL DP LOW (SERV),ALM,5,1.98359,2,INH2O,!hist14!CP1016,2
2026-07-18 07:10:49.0,1SCRA_IDSAV,SLPDI5416A,A IDMPR SCR SA PSG TO FG DUCT DP,,LOABS,SCR A IN DMPR SEAL DP LOW (SERV),RTN,5,2.20801,2,INH2O,!hist14!CP1016,2
2026-07-18 07:11:00.5,1SCRA_IDSAV,SLPDI5416A,A IDMPR SCR SA PSG TO FG DUCT DP,,LOABS,SCR A IN DMPR SEAL DP LOW (SERV),ALM,5,1.98867,2,INH2O,!hist14!CP1016,2
2026-07-18 07:11:07.9,1BCS_7,IKTE3741,REHEAT TEMP LEFT (REDUNDANT),,HIABS,HIGH,RTN,1,1007.16,1012.18,DEG.F,!WP1002!WP1006!WP1007!WP1001!WP1003!WP1014!hist14!CP1007,1
2026-07-18 07:11:19.0,1GS_A,BLEED_FAIL,BLEED SYSTEM A FAILURE,,STATE,BLEED SYSTEM A EQUIPMENT FAILURE,ALM,3,,,,!WP1001!WP1002!WP1003!WP1006!WP1007!WP1014!hist14!CP1017,1
2026-07-18 07:11:21.5,1SCRA_IDSAV,SLPDI5416A,A IDMPR SCR SA PSG TO FG DUCT DP,,LOABS,SCR A IN DMPR SEAL DP LOW (SERV),RTN,5,2.21465,2,INH2O,!hist14!CP1016,2
2026-07-18 07:11:38.0,1SCRA_IDSAV,SLPDI5416A,A IDMPR SCR SA PSG TO FG DUCT DP,,LOABS,SCR A IN DMPR SEAL DP LOW (SERV),ALM,5,1.98242,2,INH2O,!hist14!CP1016,2
2026-07-18 07:12:07.5,1SCRA_IDSAV,SLPDI5416A,A IDMPR SCR SA PSG TO FG DUCT DP,,LOABS,SCR A IN DMPR SEAL DP LOW (SERV),RTN,5,2.2043,2,INH2O,!hist14!CP1016,2
2026-07-18 07:12:50.5,1SCRA_IDSAV,SLPDI5416A,A IDMPR SCR SA PSG TO FG DUCT DP,,LOABS,SCR A IN DMPR SEAL DP LOW (SERV),ALM,5,1.9875,2,INH2O,!hist14!CP1016,2
2026-07-18 07:13:01.5,1SCRA_IDSAV,SLPDI5416A,A IDMPR SCR SA PSG TO FG DUCT DP,,LOABS,SCR A IN DMPR SEAL DP LOW (SERV),RTN,5,2.2041,2,INH2O,!hist14!CP1016,2
2026-07-18 07:13:12.5,1SCRA_IDSAV,SLPDI5416A,A IDMPR SCR SA PSG TO FG DUCT DP,,LOABS,SCR A IN DMPR SEAL DP LOW (SERV),ALM,5,1.99277,2,INH2O,!hist14!CP1016,2
2026-07-18 07:13:17.0,1SCRA_IDSAV,SLPDI5416A,A IDMPR SCR SA PSG TO FG DUCT DP,,LOABS,SCR A IN DMPR SEAL DP LOW (SERV),RTN,5,2.20313,2,INH2O,!hist14!CP1016,2
2026-07-18 07:13:26.5,1SCRA_IDSAV,SLPDI5416A,A IDMPR SCR SA PSG TO FG DUCT DP,,LOABS,SCR A IN DMPR SEAL DP LOW (SERV),ALM,5,1.96738,2,INH2O,!hist14!CP1016,2
2026-07-18 07:13:41.5,1SCRA_IDSAV,SLPDI5416A,A IDMPR SCR SA PSG TO FG DUCT DP,,LOABS,SCR A IN DMPR SEAL DP LOW (SERV),RTN,5,2.2041,2,INH2O,!hist14!CP1016,2
2026-07-18 07:15:15.0,1ULD,B27A,UNIT OFF AGC,,STATE,,RTN,5,,,,!WP1001!WP1002!WP1003!WP1006!WP1007!WP1014!hist14!CP1001,1
2026-07-18 07:16:30.0,1DAS11,ISPSH1131,LIGHTER OIL SUPPLY PRESS ALM,,HIABS,HI LIGHTER OIL SUPPLY PRESS,ALM,1,175.859,175,KPH,!WP1002!WP1006!WP1007!WP1001!WP1003!WP1014!hist14!CP1008,1
2026-07-18 07:18:49.0,1DAS10,IACE3211,COND MAKE-UP SPEC CNDCT,,HIABS,HIGH,ALM,1,0.30002,0.3,US/CM,!WP1002!WP1006!WP1007!WP1001!WP1003!WP1014!hist14!CP1008,1
2026-07-18 07:21:12.0,1GS_A,BLEED_FAIL,BLEED SYSTEM A FAILURE,,STATE,BLEED SYSTEM A NORMAL,RTN,3,,,,!WP1001!WP1002!WP1003!WP1006!WP1007!WP1014!hist14!CP1017,1
2026-07-18 07:21:14.0,1DAS11,IAAH3281,COND PUMP DISCH   SILICA,1233,HIABS,HIGH,ALM,1,10.2988,10,ppb,!WP1002!WP1006!WP1007!WP1001!WP1003!WP1014!hist14!CP1008,1
2026-07-18 07:21:59.0,IDFAN_PEEC,OPCY_ALM,PRECIP OUT > 50%,PRECIP OUTLET,STATE,ALARM,ALM,3,,,,!WP1001!WP1002!WP1003!WP1006!WP1007!WP1014!hist14!CP1003,1
2026-07-18 07:22:00.5,IDFAN_PEEC,OPCY_ALM,PRECIP OUT > 50%,PRECIP OUTLET,STATE,NORMAL,RTN,3,,,,!WP1001!WP1002!WP1003!WP1006!WP1007!WP1014!hist14!CP1003,1
2026-07-18 07:23:25.0,1AR_LS,DEV_5803,LS SYS B,,STATE,VALVE 5803 DEVIATION,ALM,3,,,,!WP1001!WP1002!WP1003!WP1006!WP1007!WP1014!hist14!CP1017,1
2026-07-18 07:24:44.8,1STM_GSM_ALM,STM_ALM2,MARK VIE STEAM SEAL ALARM,,STA_5,STM SEAL DIV VLV TO CNDR ALM,ALM,3,0,0,,!WP1001!WP1002!WP1003!WP1006!WP1007!WP1014!hist14!CP1011,1
2026-07-18 07:24:49.0,1AR_LS,DEV_5803,LS SYS B,,STATE,,RTN,3,,,,!WP1001!WP1002!WP1003!WP1006!WP1007!WP1014!hist14!CP1017,1
2026-07-18 07:25:20.0,1AR_LS,DEV_5803,LS SYS B,,STATE,VALVE 5803 DEVIATION,ALM,3,,,,!WP1001!WP1002!WP1003!WP1006!WP1007!WP1014!hist14!CP1017,1
2026-07-18 07:25:27.0,1AR_LS,DEV_5803,LS SYS B,,STATE,,RTN,3,,,,!WP1001!WP1002!WP1003!WP1006!WP1007!WP1014!hist14!CP1017,1
2026-07-18 07:25:58.0,1AR_LS,DEV_5803,LS SYS B,,STATE,VALVE 5803 DEVIATION,ALM,3,,,,!WP1001!WP1002!WP1003!WP1006!WP1007!WP1014!hist14!CP1017,1
2026-07-18 07:26:16.0,1AR_LS,DEV_5803,LS SYS B,,STATE,,RTN,3,,,,!WP1001!WP1002!WP1003!WP1006!WP1007!WP1014!hist14!CP1017,1
2026-07-18 07:28:56.1,1DAS10,IACE3211,COND MAKE-UP SPEC CNDCT,,HIABS,HIGH,RTN,1,0.27998,0.3,US/CM,!WP1002!WP1006!WP1007!WP1001!WP1003!WP1014!hist14!CP1008,1
2026-07-18 07:30:00.0,1AR_LS,DEV_5803,LS SYS B,,STATE,VALVE 5803 DEVIATION,ALM,3,,,,!WP1001!WP1002!WP1003!WP1006!WP1007!WP1014!hist14!CP1017,1
2026-07-18 07:30:21.0,1AR_LS,DEV_5803,LS SYS B,,STATE,,RTN,3,,,,!WP1001!WP1002!WP1003!WP1006!WP1007!WP1014!hist14!CP1017,1
2026-07-18 07:30:52.0,1AR_LS,DEV_5803,LS SYS B,,STATE,VALVE 5803 DEVIATION,ALM,3,,,,!WP1001!WP1002!WP1003!WP1006!WP1007!WP1014!hist14!CP1017,1
2026-07-18 07:31:09.1,1DAS11,IAAH3281,COND PUMP DISCH   SILICA,1233,HIABS,HIGH,RTN,1,8.70313,10,ppb,!WP1002!WP1006!WP1007!WP1001!WP1003!WP1014!hist14!CP1008,1
2026-07-18 07:31:36.0,1AR_LS,DEV_5803,LS SYS B,,STATE,,RTN,3,,,,!WP1001!WP1002!WP1003!WP1006!WP1007!WP1014!hist14!CP1017,1
2026-07-18 07:32:07.0,1AR_LS,DEV_5803,LS SYS B,,STATE,VALVE 5803 DEVIATION,ALM,3,,,,!WP1001!WP1002!WP1003!WP1006!WP1007!WP1014!hist14!CP1017,1
2026-07-18 07:34:34.6,1DAS11,IACE3071,ECON FW CC HI CALL LAB ASAP,,HIABS,COND PUMP DIS CC HI.CALL LAB,ALM,1,0.20002,0.2,US/CM,!WP1002!WP1006!WP1007!WP1001!WP1003!WP1014!hist14!CP1008,1
2026-07-18 07:35:13.0,1AR_LS,DEV_5803,LS SYS B,,STATE,,RTN,3,,,,!WP1001!WP1002!WP1003!WP1006!WP1007!WP1014!hist14!CP1017,1
2026-07-18 07:35:44.0,1AR_LS,DEV_5803,LS SYS B,,STATE,VALVE 5803 DEVIATION,ALM,3,,,,!WP1001!WP1002!WP1003!WP1006!WP1007!WP1014!hist14!CP1017,1
2026-07-18 07:35:48.0,1AR_LS,DEV_5803,LS SYS B,,STATE,,RTN,3,,,,!WP1001!WP1002!WP1003!WP1006!WP1007!WP1014!hist14!CP1017,1
2026-07-18 07:37:27.0,1AB_SURGEA,FCVA153AL,LINE A TO SILO    B,TRANSPORT LIN,STATE,FAIL,ALM,3,,,,!WP1002!WP1011!WP1001!hist14!CP1020,1
2026-07-18 07:37:28.8,1MISC,B143,AUX ATM VLV DEV ALM,,STATE,NORMAL,RTN,5,,,,!WP1001!WP1002!WP1003!WP1006!WP1007!WP1014!hist14!CP1002,1
2026-07-18 07:37:29.0,1AB_SURGEA,FCVA153AL,LINE A TO SILO    B,TRANSPORT LIN,STATE,OK,RTN,3,,,,!WP1002!WP1011!WP1001!hist14!CP1020,1
2026-07-18 07:37:43.0,1AR_LS,DEV_5803,LS SYS B,,STATE,VALVE 5803 DEVIATION,ALM,3,,,,!WP1001!WP1002!WP1003!WP1006!WP1007!WP1014!hist14!CP1017,1
2026-07-18 07:38:04.0,1AR_LS,DEV_5803,LS SYS B,,STATE,,RTN,3,,,,!WP1001!WP1002!WP1003!WP1006!WP1007!WP1014!hist14!CP1017,1
2026-07-18 07:38:35.0,1AR_LS,DEV_5803,LS SYS B,,STATE,VALVE 5803 DEVIATION,ALM,3,,,,!WP1001!WP1002!WP1003!WP1006!WP1007!WP1014!hist14!CP1017,1
2026-07-18 07:38:42.0,1BWCP_PURGE,OUTLET_TEMP,BWCP PURGE COOLER OUTLET TEMP,,HIABS,,RTN,2,101.979,105,DEGF,!WP1001!WP1002!WP1003!WP1006!WP1007!WP1014!hist14!CP1005,1
2026-07-18 07:38:45.0,1AR_LS,DEV_5803,LS SYS B,,STATE,,RTN,3,,,,!WP1001!WP1002!WP1003!WP1006!WP1007!WP1014!hist14!CP1017,1
2026-07-18 07:39:46.7,1DMILL,FDR_LOCAL,D FEEDER SW       IN LOCAL,,STATE,FEEDER SW IN LOCAL,ALM,5,,,,!WP1001!WP1002!WP1003!WP1006!WP1007!WP1014!hist14!CP1004,1
2026-07-18 07:39:49.2,1DMILL,FDR_LOCAL,D FEEDER SW       IN LOCAL,,STATE,FEEDER SW NOT IN LOCAL,RTN,5,,,,!WP1001!WP1002!WP1003!WP1006!WP1007!WP1014!hist14!CP1004,1
2026-07-18 07:40:11.7,1DMILL,FDR_LOCAL,D FEEDER SW       IN LOCAL,,STATE,FEEDER SW IN LOCAL,ALM,5,,,,!WP1001!WP1002!WP1003!WP1006!WP1007!WP1014!hist14!CP1004,1
2026-07-18 07:40:25.2,1DMILL,FDR_LOCAL,D FEEDER SW       IN LOCAL,,STATE,FEEDER SW NOT IN LOCAL,RTN,5,,,,!WP1001!WP1002!WP1003!WP1006!WP1007!WP1014!hist14!CP1004,1
2026-07-18 07:40:57.0,1AR_LS,DEV_5803,LS SYS B,,STATE,VALVE 5803 DEVIATION,ALM,3,,,,!WP1001!WP1002!WP1003!WP1006!WP1007!WP1014!hist14!CP1017,1
2026-07-18 07:41:00.5,1AR_LS,DEV_5803,LS SYS B,,STATE,,RTN,3,,,,!WP1001!WP1002!WP1003!WP1006!WP1007!WP1014!hist14!CP1017,1
2026-07-18 07:41:49.2,1DMILL,FDR_LOCAL,D FEEDER SW       IN LOCAL,,STATE,FEEDER SW IN LOCAL,ALM,5,,,,!WP1001!WP1002!WP1003!WP1006!WP1007!WP1014!hist14!CP1004,1
2026-07-18 07:41:52.0,1AR_LS,DEV_5803,LS SYS B,,STATE,VALVE 5803 DEVIATION,ALM,3,,,,!WP1001!WP1002!WP1003!WP1006!WP1007!WP1014!hist14!CP1017,1
2026-07-18 07:41:55.2,1DMILL,FDR_LOCAL,D FEEDER SW       IN LOCAL,,STATE,FEEDER SW NOT IN LOCAL,RTN,5,,,,!WP1001!WP1002!WP1003!WP1006!WP1007!WP1014!hist14!CP1004,1
2026-07-18 07:42:15.0,1AR_LS,DEV_5803,LS SYS B,,STATE,,RTN,3,,,,!WP1001!WP1002!WP1003!WP1006!WP1007!WP1014!hist14!CP1017,1
2026-07-18 07:42:43.7,1DMILL,FDR_LOCAL,D FEEDER SW       IN LOCAL,,STATE,FEEDER SW IN LOCAL,ALM,5,,,,!WP1001!WP1002!WP1003!WP1006!WP1007!WP1014!hist14!CP1004,1
2026-07-18 07:42:48.2,1DMILL,FDR_LOCAL,D FEEDER SW       IN LOCAL,,STATE,FEEDER SW NOT IN LOCAL,RTN,5,,,,!WP1001!WP1002!WP1003!WP1006!WP1007!WP1014!hist14!CP1004,1
2026-07-18 07:43:07.0,1AR_LS,DEV_5803,LS SYS B,,STATE,VALVE 5803 DEVIATION,ALM,3,,,,!WP1001!WP1002!WP1003!WP1006!WP1007!WP1014!hist14!CP1017,1
2026-07-18 07:43:31.0,1AR_LS,DEV_5803,LS SYS B,,STATE,,RTN,3,,,,!WP1001!WP1002!WP1003!WP1006!WP1007!WP1014!hist14!CP1017,1
2026-07-18 07:43:54.7,1DMILL,FDR_LOCAL,D FEEDER SW       IN LOCAL,,STATE,FEEDER SW IN LOCAL,ALM,5,,,,!WP1001!WP1002!WP1003!WP1006!WP1007!WP1014!hist14!CP1004,1
2026-07-18 07:43:58.7,1DMILL,FDR_LOCAL,D FEEDER SW       IN LOCAL,,STATE,FEEDER SW NOT IN LOCAL,RTN,5,,,,!WP1001!WP1002!WP1003!WP1006!WP1007!WP1014!hist14!CP1004,1
2026-07-18 07:45:03.0,1AR_LS,DEV_5803,LS SYS B,,STATE,VALVE 5803 DEVIATION,ALM,3,,,,!WP1001!WP1002!WP1003!WP1006!WP1007!WP1014!hist14!CP1017,1
2026-07-18 07:45:04.0,1AR_LS,DEV_5803,LS SYS B,,STATE,,RTN,3,,,,!WP1001!WP1002!WP1003!WP1006!WP1007!WP1014!hist14!CP1017,1
2026-07-18 07:45:05.0,ASH_DCS,PLC_TRB,ASH PLC TROUBLE ALARM,ASH PLC,STATE,TROUBLE ALARM,ALM,3,,,,!WP1002!WP1006!WP1007!WP1001!WP1003!WP1014!hist14!CP1006,1
2026-07-18 07:45:35.0,1AR_LS,DEV_5803,LS SYS B,,STATE,VALVE 5803 DEVIATION,ALM,3,,,,!WP1001!WP1002!WP1003!WP1006!WP1007!WP1014!hist14!CP1017,1
2026-07-18 07:45:49.0,1AR_LS,DEV_5803,LS SYS B,,STATE,,RTN,3,,,,!WP1001!WP1002!WP1003!WP1006!WP1007!WP1014!hist14!CP1017,1
2026-07-18 07:46:20.0,1AR_LS,DEV_5803,LS SYS B,,STATE,VALVE 5803 DEVIATION,ALM,3,,,,!WP1001!WP1002!WP1003!WP1006!WP1007!WP1014!hist14!CP1017,1
2026-07-18 07:46:28.0,1AR_LS,DEV_5803,LS SYS B,,STATE,,RTN,3,,,,!WP1001!WP1002!WP1003!WP1006!WP1007!WP1014!hist14!CP1017,1
2026-07-18 07:47:36.7,1DMILL,FDR_LOCAL,D FEEDER SW       IN LOCAL,,STATE,FEEDER SW IN LOCAL,ALM,5,,,,!WP1001!WP1002!WP1003!WP1006!WP1007!WP1014!hist14!CP1004,1
2026-07-18 07:47:40.0,1AR_LS,DEV_5803,LS SYS B,,STATE,VALVE 5803 DEVIATION,ALM,3,,,,!WP1001!WP1002!WP1003!WP1006!WP1007!WP1014!hist14!CP1017,1
2026-07-18 07:47:45.0,1AR_LS,DEV_5803,LS SYS B,,STATE,,RTN,3,,,,!WP1001!WP1002!WP1003!WP1006!WP1007!WP1014!hist14!CP1017,1
2026-07-18 07:47:48.7,1DMILL,FDR_LOCAL,D FEEDER SW       IN LOCAL,,STATE,FEEDER SW NOT IN LOCAL,RTN,5,,,,!WP1001!WP1002!WP1003!WP1006!WP1007!WP1014!hist14!CP1004,1
2026-07-18 07:48:37.0,1AR_LS,DEV_5803,LS SYS B,,STATE,VALVE 5803 DEVIATION,ALM,3,,,,!WP1001!WP1002!WP1003!WP1006!WP1007!WP1014!hist14!CP1017,1
2026-07-18 07:48:44.0,1AR_LS,DEV_5803,LS SYS B,,STATE,,RTN,3,,,,!WP1001!WP1002!WP1003!WP1006!WP1007!WP1014!hist14!CP1017,1
2026-07-18 07:49:14.1,1DAS10,IACE3211,COND MAKE-UP SPEC CNDCT,,HIABS,HIGH,ALM,1,0.300117,0.3,US/CM,!WP1002!WP1006!WP1007!WP1001!WP1003!WP1014!hist14!CP1008,1
2026-07-18 07:50:04.0,1AR_LS,DEV_5803,LS SYS B,,STATE,VALVE 5803 DEVIATION,ALM,3,,,,!WP1001!WP1002!WP1003!WP1006!WP1007!WP1014!hist14!CP1017,1
2026-07-18 07:50:12.0,1AR_LS,DEV_5803,LS SYS B,,STATE,,RTN,3,,,,!WP1001!WP1002!WP1003!WP1006!WP1007!WP1014!hist14!CP1017,1
2026-07-18 07:50:43.0,1AR_LS,DEV_5803,LS SYS B,,STATE,VALVE 5803 DEVIATION,ALM,3,,,,!WP1001!WP1002!WP1003!WP1006!WP1007!WP1014!hist14!CP1017,1
2026-07-18 07:50:48.0,1AR_LS,DEV_5803,LS SYS B,,STATE,,RTN,3,,,,!WP1001!WP1002!WP1003!WP1006!WP1007!WP1014!hist14!CP1017,1
2026-07-18 07:52:06.0,1AR_LS,DEV_5803,LS SYS B,,STATE,VALVE 5803 DEVIATION,ALM,3,,,,!WP1001!WP1002!WP1003!WP1006!WP1007!WP1014!hist14!CP1017,1
2026-07-18 07:52:24.0,1AR_LS,DEV_5803,LS SYS B,,STATE,,RTN,3,,,,!WP1001!WP1002!WP1003!WP1006!WP1007!WP1014!hist14!CP1017,1
2026-07-18 07:52:55.0,1AR_LS,DEV_5803,LS SYS B,,STATE,VALVE 5803 DEVIATION,ALM,3,,,,!WP1001!WP1002!WP1003!WP1006!WP1007!WP1014!hist14!CP1017,1
2026-07-18 07:53:13.0,1AR_LS,DEV_5803,LS SYS B,,STATE,,RTN,3,,,,!WP1001!WP1002!WP1003!WP1006!WP1007!WP1014!hist14!CP1017,1
2026-07-18 07:53:32.5,1MELIM,ZDS5504,WET/DRY INTFC VLV  DM DEV,,LODEV,LOW DEVIATION ALARM,RTN,3,46.4453,42.5,%,!hist14!CP1017,2
2026-07-18 07:53:44.0,1AR_LS,DEV_5803,LS SYS B,,STATE,VALVE 5803 DEVIATION,ALM,3,,,,!WP1001!WP1002!WP1003!WP1006!WP1007!WP1014!hist14!CP1017,1
2026-07-18 07:54:07.0,1AR_LS,DEV_5803,LS SYS B,,STATE,,RTN,3,,,,!WP1001!WP1002!WP1003!WP1006!WP1007!WP1014!hist14!CP1017,1
2026-07-18 07:54:33.5,1MELIM,ZDS5504,WET/DRY INTFC VLV  DM DEV,,HIDEV,HIGH DEVIATION ALARM,ALM,3,98.8398,5,%,!hist14!CP1017,2
2026-07-18 07:54:38.0,1AR_LS,DEV_5803,LS SYS B,,STATE,VALVE 5803 DEVIATION,ALM,3,,,,!WP1001!WP1002!WP1003!WP1006!WP1007!WP1014!hist14!CP1017,1
2026-07-18 07:54:46.0,1AR_LS,DEV_5803,LS SYS B,,STATE,,RTN,3,,,,!WP1001!WP1002!WP1003!WP1006!WP1007!WP1014!hist14!CP1017,1
2026-07-18 07:55:17.0,1AR_LS,DEV_5803,LS SYS B,,STATE,VALVE 5803 DEVIATION,ALM,3,,,,!WP1001!WP1002!WP1003!WP1006!WP1007!WP1014!hist14!CP1017,1
2026-07-18 07:56:58.0,1AR_LS,DEV_5803,LS SYS B,,STATE,,RTN,3,,,,!WP1001!WP1002!WP1003!WP1006!WP1007!WP1014!hist14!CP1017,1
2026-07-18 07:59:38.5,1MELIM,ZDS5504,WET/DRY INTFC VLV  DM DEV,,HIDEV,HIGH DEVIATION ALARM,RTN,3,53.8496,57.5,%,!hist14!CP1017,2
2026-07-18 08:00:04.0,1AR_LS,DEV_5803,LS SYS B,,STATE,VALVE 5803 DEVIATION,ALM,3,,,,!WP1001!WP1002!WP1003!WP1006!WP1007!WP1014!hist14!CP1017,1
2026-07-18 08:00:41.0,1AR_LS,DEV_5803,LS SYS B,,STATE,,RTN,3,,,,!WP1001!WP1002!WP1003!WP1006!WP1007!WP1014!hist14!CP1017,1
2026-07-18 08:01:09.5,1MELIM,ZDS5504,WET/DRY INTFC VLV  DM DEV,,HIDEV,HIGH DEVIATION ALARM,ALM,3,99.0781,5,%,!hist14!CP1017,2
2026-07-18 08:02:22.0,1AR_LS,DEV_5803,LS SYS B,,STATE,VALVE 5803 DEVIATION,ALM,3,,,,!WP1001!WP1002!WP1003!WP1006!WP1007!WP1014!hist14!CP1017,1
2026-07-18 08:06:03.3,1MISC,B143,AUX ATM VLV DEV ALM,,STATE,DEVIATION,ALM,5,,,,!WP1001!WP1002!WP1003!WP1006!WP1007!WP1014!hist14!CP1002,1
2026-07-18 08:09:24.5,1AR17,JAS_TIMER,JAS AUTO FLUSH TIMER,,PTARG,RESET FLUSH TIMER,ALM,5,28801,28800,SEC,!hist14!CP1017,2
2026-07-18 08:09:25.5,1AR17,JAS_TIMER,JAS AUTO FLUSH TIMER,,PTARG,RESET FLUSH TIMER,RTN,5,0,28800,SEC,!hist14!CP1017,2
2026-07-18 08:11:04.0,1GS_A,BLEED_FAIL,BLEED SYSTEM A FAILURE,,STATE,BLEED SYSTEM A EQUIPMENT FAILURE,ALM,3,,,,!WP1001!WP1002!WP1003!WP1006!WP1007!WP1014!hist14!CP1017,1
2026-07-18 08:14:38.6,1MELIM,ZDS5504,WET/DRY INTFC VLV  DM DEV,,HIDEV,HIGH DEVIATION ALARM,RTN,3,53.8223,57.5,%,!hist14!CP1017,2
2026-07-18 08:15:07.1,1DAS11,ISPSH1131,LIGHTER OIL SUPPLY PRESS ALM,,HIABS,HI LIGHTER OIL SUPPLY PRESS,RTN,1,160.4,175,KPH,!WP1002!WP1006!WP1007!WP1001!WP1003!WP1014!hist14!CP1008,1
2026-07-18 08:15:38.6,PAC_PLC,ACI_FDR_A_TR,ACI FDR A AC-WIC-5007 TRBLE ALM,,CHANGE,PAC FEEDER A TROUBLE,ALM,1,,,,!WP1001!WP1002!WP1003!WP1006!WP1007!WP1014!hist14!CP1003,1
2026-07-18 08:15:52.1,PAC_PLC,ACI_FDR_A_TR,ACI FDR A AC-WIC-5007 TRBLE ALM,,CHANGE,PAC FEEDER A TROUBLE,ALM,1,,,,!WP1001!WP1002!WP1003!WP1006!WP1007!WP1014!hist14!CP1003,1
2026-07-18 08:15:59.1,PAC_PLC,ACI_FDR_A_TR,ACI FDR A AC-WIC-5007 TRBLE ALM,,CHANGE,PAC FEEDER A TROUBLE,ALM,1,,,,!WP1001!WP1002!WP1003!WP1006!WP1007!WP1014!hist14!CP1003,1
2026-07-18 08:16:01.1,PAC_PLC,ACI_FDR_A_TR,ACI FDR A AC-WIC-5007 TRBLE ALM,,CHANGE,PAC FEEDER A TROUBLE,ALM,1,,,,!WP1001!WP1002!WP1003!WP1006!WP1007!WP1014!hist14!CP1003,1
2026-07-18 08:16:09.6,1MELIM,ZDS5504,WET/DRY INTFC VLV  DM DEV,,HIDEV,HIGH DEVIATION ALARM,ALM,3,99.0664,5,%,!hist14!CP1017,2
2026-07-18 08:21:14.6,1GS_A,BLEED_FAIL,BLEED SYSTEM A FAILURE,,STATE,BLEED SYSTEM A NORMAL,RTN,3,,,,!WP1001!WP1002!WP1003!WP1006!WP1007!WP1014!hist14!CP1017,1
2026-07-18 08:22:57.8,1DMILL,FDR_LOCAL,D FEEDER SW       IN LOCAL,,STATE,FEEDER SW IN LOCAL,ALM,5,,,,!WP1001!WP1002!WP1003!WP1006!WP1007!WP1014!hist14!CP1004,1
2026-07-18 08:23:11.3,1DMILL,FDR_LOCAL,D FEEDER SW       IN LOCAL,,STATE,FEEDER SW NOT IN LOCAL,RTN,5,,,,!WP1001!WP1002!WP1003!WP1006!WP1007!WP1014!hist14!CP1004,1
2026-07-18 08:26:48.1,1AR_LS,DEV_5803,LS SYS B,,STATE,,RTN,3,,,,!WP1001!WP1002!WP1003!WP1006!WP1007!WP1014!hist14!CP1017,1
2026-07-18 08:29:01.6,1AB_ECON_SEQ,ECON_HOP_T8,ECON HOPPER SEQ XV5122 TIMER,,PTARG,TIMEOUT,ALM,3,240.99,240,SEC,!WP1002!WP1011!WP1001!hist14!CP1020,1
2026-07-18 08:29:02.6,1AB_ECON_SEQ,ECON_HOP_T8,ECON HOPPER SEQ XV5122 TIMER,,PTARG,TIMEOUT,RTN,3,0,240,SEC,!WP1002!WP1011!WP1001!hist14!CP1020,1
2026-07-18 08:29:38.6,1MELIM,ZDS5504,WET/DRY INTFC VLV  DM DEV,,HIDEV,HIGH DEVIATION ALARM,RTN,3,53.8633,57.5,%,!hist14!CP1017,2
2026-07-18 08:31:09.6,1MELIM,ZDS5504,WET/DRY INTFC VLV  DM DEV,,HIDEV,HIGH DEVIATION ALARM,ALM,3,98.8105,5,%,!hist14!CP1017,2
2026-07-18 08:34:06.6,1AB_ECON_SEQ,ECON_HOP_T9,ECON HOPPER SEQ XV5123 TIMER,,PTARG,TIMEOUT,ALM,3,241,240,SEC,!WP1002!WP1011!WP1001!hist14!CP1020,1
2026-07-18 08:34:07.6,1AB_ECON_SEQ,ECON_HOP_T9,ECON HOPPER SEQ XV5123 TIMER,,PTARG,TIMEOUT,RTN,3,0,240,SEC,!WP1002!WP1011!WP1001!hist14!CP1020,1
2026-07-18 08:38:40.0,1TC,B21,DROOP ACTIVE,DROOP,STATE,ACTIVE,ALM,5,,,,!hist14!CP1001,2
2026-07-18 08:39:00.5,1TC,B21,DROOP ACTIVE,DROOP,STATE,NORMAL,RTN,5,,,,!hist14!CP1001,2
2026-07-18 08:39:03.0,1TC,B21,DROOP ACTIVE,DROOP,STATE,ACTIVE,ALM,5,,,,!hist14!CP1001,2
2026-07-18 08:39:06.5,1TC,B21,DROOP ACTIVE,DROOP,STATE,NORMAL,RTN,5,,,,!hist14!CP1001,2
2026-07-18 08:39:07.5,1TC,B21,DROOP ACTIVE,DROOP,STATE,ACTIVE,ALM,5,,,,!hist14!CP1001,2
2026-07-18 08:39:11.6,1AB_ECON_SEQ,ECON_HOP_T10,ECON HOPPER SEQ XV5124 TIMER,,PTARG,TIMEOUT,ALM,3,240.99,240,SEC,!WP1002!WP1011!WP1001!hist14!CP1020,1
2026-07-18 08:39:12.6,1AB_ECON_SEQ,ECON_HOP_T10,ECON HOPPER SEQ XV5124 TIMER,,PTARG,TIMEOUT,RTN,3,0,240,SEC,!WP1002!WP1011!WP1001!hist14!CP1020,1
2026-07-18 08:39:40.0,1TC,B21,DROOP ACTIVE,DROOP,STATE,NORMAL,RTN,5,,,,!hist14!CP1001,2
2026-07-18 08:40:04.5,1TC,B21,DROOP ACTIVE,DROOP,STATE,ACTIVE,ALM,5,,,,!hist14!CP1001,2
2026-07-18 08:40:05.0,1TC,B21,DROOP ACTIVE,DROOP,STATE,NORMAL,RTN,5,,,,!hist14!CP1001,2
2026-07-18 08:40:08.5,1TC,B21,DROOP ACTIVE,DROOP,STATE,ACTIVE,ALM,5,,,,!hist14!CP1001,2
2026-07-18 08:40:10.5,1TC,B21,DROOP ACTIVE,DROOP,STATE,NORMAL,RTN,5,,,,!hist14!CP1001,2
2026-07-18 08:40:11.5,1TC,B21,DROOP ACTIVE,DROOP,STATE,ACTIVE,ALM,5,,,,!hist14!CP1001,2
2026-07-18 08:40:12.5,1TC,B21,DROOP ACTIVE,DROOP,STATE,NORMAL,RTN,5,,,,!hist14!CP1001,2
2026-07-18 08:40:13.0,1TC,B21,DROOP ACTIVE,DROOP,STATE,ACTIVE,ALM,5,,,,!hist14!CP1001,2
2026-07-18 08:40:15.0,1TC,B21,DROOP ACTIVE,DROOP,STATE,NORMAL,RTN,5,,,,!hist14!CP1001,2
2026-07-18 08:44:37.6,1MELIM,ZDS5504,WET/DRY INTFC VLV  DM DEV,,HIDEV,HIGH DEVIATION ALARM,RTN,3,53.9336,57.5,%,!hist14!CP1017,2
2026-07-18 08:46:08.6,1MELIM,ZDS5504,WET/DRY INTFC VLV  DM DEV,,HIDEV,HIGH DEVIATION ALARM,ALM,3,98.959,5,%,!hist14!CP1017,2
2026-07-18 08:50:59.3,1MISC,B10,COOLING TOWER LEVEL CONTROL,,LOOUT,,ALM,5,0,0.001,%,!WP1001!WP1002!WP1003!WP1006!WP1007!WP1014!hist14!CP1002,1
2026-07-18 08:59:37.6,1MELIM,ZDS5504,WET/DRY INTFC VLV  DM DEV,,HIDEV,HIGH DEVIATION ALARM,RTN,3,53.9258,57.5,%,!hist14!CP1017,2
2026-07-18 09:00:05.1,1AR_LS,DEV_5803,LS SYS B,,STATE,VALVE 5803 DEVIATION,ALM,3,,,,!WP1001!WP1002!WP1003!WP1006!WP1007!WP1014!hist14!CP1017,1
2026-07-18 09:00:14.5,1TC,B21,DROOP ACTIVE,DROOP,STATE,ACTIVE,ALM,5,,,,!hist14!CP1001,2
2026-07-18 09:00:18.5,1TC,B21,DROOP ACTIVE,DROOP,STATE,NORMAL,RTN,5,,,,!hist14!CP1001,2
2026-07-18 09:00:24.2,1DAS11,IAAH3281,COND PUMP DISCH   SILICA,1233,HIABS,HIGH,ALM,1,10.0371,10,ppb,!WP1002!WP1006!WP1007!WP1001!WP1003!WP1014!hist14!CP1008,1
2026-07-18 09:00:55.1,1AR_LS,DEV_5803,LS SYS B,,STATE,,RTN,3,,,,!WP1001!WP1002!WP1003!WP1006!WP1007!WP1014!hist14!CP1017,1
2026-07-18 09:01:08.6,1MELIM,ZDS5504,WET/DRY INTFC VLV  DM DEV,,HIDEV,HIGH DEVIATION ALARM,ALM,3,99.041,5,%,!hist14!CP1017,2
2026-07-18 09:03:27.8,1DMILL,FDR_LOCAL,D FEEDER SW       IN LOCAL,,STATE,FEEDER SW IN LOCAL,ALM,5,,,,!WP1001!WP1002!WP1003!WP1006!WP1007!WP1014!hist14!CP1004,1
2026-07-18 09:04:18.3,1DMILL,FDR_LOCAL,D FEEDER SW       IN LOCAL,,STATE,FEEDER SW NOT IN LOCAL,RTN,5,,,,!WP1001!WP1002!WP1003!WP1006!WP1007!WP1014!hist14!CP1004,1
2026-07-18 09:05:35.6,1SBRS,B13,R.H. SOOT BLOWING REG FBK,,HIABS,R.H. SOOTBLOWER FB @ 90%,ALM,5,92.0176,90,PCT,!WP1002!WP1006!WP1007!WP1001!WP1003!WP1014!hist14!CP1009,1
2026-07-18 09:06:31.1,1SBRS,B13,R.H. SOOT BLOWING REG FBK,,HIABS,R.H. SOOTBLOWER FB @ 90%,RTN,5,89.8027,90,PCT,!WP1002!WP1006!WP1007!WP1001!WP1003!WP1014!hist14!CP1009,1
2026-07-18 09:08:18.1,PAC_PLC,ACI_FDR_A_TR,ACI FDR A AC-WIC-5007 TRBLE ALM,,CHANGE,PAC FEEDER A TROUBLE,ALM,1,,,,!WP1001!WP1002!WP1003!WP1006!WP1007!WP1014!hist14!CP1003,1
2026-07-18 09:08:23.1,PAC_PLC,ACI_FDR_A_TR,ACI FDR A AC-WIC-5007 TRBLE ALM,,CHANGE,PAC FEEDER A TROUBLE,ALM,1,,,,!WP1001!WP1002!WP1003!WP1006!WP1007!WP1014!hist14!CP1003,1
2026-07-18 09:08:24.1,PAC_PLC,ACI_FDR_A_TR,ACI FDR A AC-WIC-5007 TRBLE ALM,,CHANGE,PAC FEEDER A TROUBLE,ALM,1,,,,!WP1001!WP1002!WP1003!WP1006!WP1007!WP1014!hist14!CP1003,1
2026-07-18 09:08:26.1,PAC_PLC,ACI_FDR_A_TR,ACI FDR A AC-WIC-5007 TRBLE ALM,,CHANGE,PAC FEEDER A TROUBLE,ALM,1,,,,!WP1001!WP1002!WP1003!WP1006!WP1007!WP1014!hist14!CP1003,1
2026-07-18 09:08:28.1,PAC_PLC,ACI_FDR_A_TR,ACI FDR A AC-WIC-5007 TRBLE ALM,,CHANGE,PAC FEEDER A TROUBLE,ALM,1,,,,!WP1001!WP1002!WP1003!WP1006!WP1007!WP1014!hist14!CP1003,1
2026-07-18 09:08:31.1,PAC_PLC,ACI_FDR_A_TR,ACI FDR A AC-WIC-5007 TRBLE ALM,,CHANGE,PAC FEEDER A TROUBLE,ALM,1,,,,!WP1001!WP1002!WP1003!WP1006!WP1007!WP1014!hist14!CP1003,1
2026-07-18 09:10:18.2,1DAS11,IAAH3281,COND PUMP DISCH   SILICA,1233,HIABS,HIGH,RTN,1,8.1875,10,ppb,!WP1002!WP1006!WP1007!WP1001!WP1003!WP1014!hist14!CP1008,1
2026-07-18 09:11:29.0,1TC,B21,DROOP ACTIVE,DROOP,STATE,ACTIVE,ALM,5,,,,!hist14!CP1001,2
2026-07-18 09:11:49.6,1SBRS,B13,R.H. SOOT BLOWING REG FBK,,HIABS,R.H. SOOTBLOWER FB @ 90%,ALM,5,90.2031,90,PCT,!WP1002!WP1006!WP1007!WP1001!WP1003!WP1014!hist14!CP1009,1
2026-07-18 09:11:50.0,1TC,B21,DROOP ACTIVE,DROOP,STATE,NORMAL,RTN,5,,,,!hist14!CP1001,2
2026-07-18 09:12:03.1,1SBRS,B13,R.H. SOOT BLOWING REG FBK,,HIABS,R.H. SOOTBLOWER FB @ 90%,RTN,5,89.707,90,PCT,!WP1002!WP1006!WP1007!WP1001!WP1003!WP1014!hist14!CP1009,1
2026-07-18 09:12:25.6,1GS_A,BLEED_FAIL,BLEED SYSTEM A FAILURE,,STATE,BLEED SYSTEM A EQUIPMENT FAILURE,ALM,3,,,,!WP1001!WP1002!WP1003!WP1006!WP1007!WP1014!hist14!CP1017,1
2026-07-18 09:12:33.1,1SBRS,B13,R.H. SOOT BLOWING REG FBK,,HIABS,R.H. SOOTBLOWER FB @ 90%,ALM,5,90.0156,90,PCT,!WP1002!WP1006!WP1007!WP1001!WP1003!WP1014!hist14!CP1009,1
2026-07-18 09:12:47.6,1SBRS,B13,R.H. SOOT BLOWING REG FBK,,HIABS,R.H. SOOTBLOWER FB @ 90%,RTN,5,89.6484,90,PCT,!WP1002!WP1006!WP1007!WP1001!WP1003!WP1014!hist14!CP1009,1
2026-07-18 09:14:37.6,1MELIM,ZDS5504,WET/DRY INTFC VLV  DM DEV,,HIDEV,HIGH DEVIATION ALARM,RTN,3,53.9277,57.5,%,!hist14!CP1017,2
2026-07-18 09:16:08.6,1MELIM,ZDS5504,WET/DRY INTFC VLV  DM DEV,,HIDEV,HIGH DEVIATION ALARM,ALM,3,99.0391,5,%,!hist14!CP1017,2
2026-07-18 09:17:55.3,1DMILL,FEEDER_TRIP,FEEDER TRIP FOR ANNUN,,STATE,1D FEEDER RETURN,RTN,3,,,,!WP1001!WP1002!WP1003!WP1006!WP1007!WP1014!hist14!CP1004,1
2026-07-18 09:18:04.0,1TC,B21,DROOP ACTIVE,DROOP,STATE,ACTIVE,ALM,5,,,,!hist14!CP1001,2
2026-07-18 09:18:10.5,1TC,B21,DROOP ACTIVE,DROOP,STATE,NORMAL,RTN,5,,,,!hist14!CP1001,2
2026-07-18 09:19:25.5,1TC,B21,DROOP ACTIVE,DROOP,STATE,ACTIVE,ALM,5,,,,!hist14!CP1001,2
2026-07-18 09:20:13.0,1TC,B21,DROOP ACTIVE,DROOP,STATE,NORMAL,RTN,5,,,,!hist14!CP1001,2
2026-07-18 09:21:17.1,1GS_A,BLEED_FAIL,BLEED SYSTEM A FAILURE,,STATE,BLEED SYSTEM A NORMAL,RTN,3,,,,!WP1001!WP1002!WP1003!WP1006!WP1007!WP1014!hist14!CP1017,1
2026-07-18 09:24:24.5,1TC,B21,DROOP ACTIVE,DROOP,STATE,ACTIVE,ALM,5,,,,!hist14!CP1001,2
2026-07-18 09:25:32.0,1TC,B21,DROOP ACTIVE,DROOP,STATE,NORMAL,RTN,5,,,,!hist14!CP1001,2
2026-07-18 09:26:20.6,1MELIM,ZDS5504,WET/DRY INTFC VLV  DM DEV,,HIDEV,HIGH DEVIATION ALARM,RTN,3,53.7441,57.5,%,!hist14!CP1017,2
2026-07-18 09:26:56.5,1TC,B21,DROOP ACTIVE,DROOP,STATE,ACTIVE,ALM,5,,,,!hist14!CP1001,2
2026-07-18 09:26:57.0,1TC,B21,DROOP ACTIVE,DROOP,STATE,NORMAL,RTN,5,,,,!hist14!CP1001,2
2026-07-18 09:27:02.5,1TC,B21,DROOP ACTIVE,DROOP,STATE,ACTIVE,ALM,5,,,,!hist14!CP1001,2
2026-07-18 09:27:51.6,1MELIM,ZDS5504,WET/DRY INTFC VLV  DM DEV,,HIDEV,HIGH DEVIATION ALARM,ALM,3,99.2344,5,%,!hist14!CP1017,2
2026-07-18 09:27:53.0,1TC,B21,DROOP ACTIVE,DROOP,STATE,NORMAL,RTN,5,,,,!hist14!CP1001,2
2026-07-18 09:27:55.5,1TC,B21,DROOP ACTIVE,DROOP,STATE,ACTIVE,ALM,5,,,,!hist14!CP1001,2
2026-07-18 09:27:56.1,1TC,B21,DROOP ACTIVE,DROOP,STATE,NORMAL,RTN,5,,,,!hist14!CP1001,2
2026-07-18 09:27:56.5,1TC,B21,DROOP ACTIVE,DROOP,STATE,ACTIVE,ALM,5,,,,!hist14!CP1001,2
2026-07-18 09:28:43.3,1PDF,SLPSL0001,PULV LOW SEAL AIR HDR DIFF PRESS,,LOABS,PULV LOW SEAL AIR HDR DIFF PRESS,ALM,1,3.91553,4,INH2O,!WP1001!WP1002!WP1003!WP1006!WP1007!WP1014!hist14!CP1004,1
2026-07-18 09:28:44.3,1PDF,SLPSL0001,PULV LOW SEAL AIR HDR DIFF PRESS,,LOABS,PULV LOW SEAL AIR HDR DIFF PRESS,RTN,1,4.03799,4,INH2O,!WP1001!WP1002!WP1003!WP1006!WP1007!WP1014!hist14!CP1004,1
2026-07-18 09:29:07.5,1TC,B21,DROOP ACTIVE,DROOP,STATE,NORMAL,RTN,5,,,,!hist14!CP1001,2
2026-07-18 09:31:09.3,1MISC,B10,COOLING TOWER LEVEL CONTROL,,LOOUT,,RTN,5,3.02592,0.001,%,!WP1001!WP1002!WP1003!WP1006!WP1007!WP1014!hist14!CP1002,1
2026-07-18 09:37:36.0,1BWCP_PURGE,OUTLET_TEMP,BWCP PURGE COOLER OUTLET TEMP,,HIABS,,ALM,2,105.004,105,DEGF,!WP1001!WP1002!WP1003!WP1006!WP1007!WP1014!hist14!CP1005,1
2026-07-18 09:37:44.1,1SCR_B_NH3,NOX_ERR_HIGH,SCR B NOX ERROR   HIGH,,STATE,ALARM,ALM,1,,,,!WP1001!WP1002!WP1003!WP1006!WP1007!WP1014!hist14!CP1016,1
2026-07-18 09:38:37.1,1MELIM,ZDS5504,WET/DRY INTFC VLV  DM DEV,,HIDEV,HIGH DEVIATION ALARM,RTN,3,53.8672,57.5,%,!hist14!CP1017,2
2026-07-18 09:38:46.6,1SCR_A_NH3,NOX_ERR_HIGH,SCR A NOX ERROR   HIGH,,STATE,ALARM,ALM,1,,,,!WP1001!WP1002!WP1003!WP1006!WP1007!WP1014!hist14!CP1016,1
2026-07-18 09:39:19.6,1SCR_B_NH3,NOX_ERR_HIGH,SCR B NOX ERROR   HIGH,,STATE,NORMAL,RTN,1,,,,!WP1001!WP1002!WP1003!WP1006!WP1007!WP1014!hist14!CP1016,1
2026-07-18 09:39:37.1,1SCR_A_NH3,NOX_ERR_HIGH,SCR A NOX ERROR   HIGH,,STATE,NORMAL,RTN,1,,,,!WP1001!WP1002!WP1003!WP1006!WP1007!WP1014!hist14!CP1016,1
2026-07-18 09:39:38.1,1MELIM,ZDS5504,WET/DRY INTFC VLV  DM DEV,,LODEV,LOW DEVIATION ALARM,ALM,3,-1.23438,95,%,!hist14!CP1017,2
2026-07-18 09:42:09.1,1SCRA_IDSAV,SLPDI5416A,A IDMPR SCR SA PSG TO FG DUCT DP,,LOABS,SCR A IN DMPR SEAL DP LOW (SERV),ALM,5,1.99961,2,INH2O,!hist14!CP1016,2
2026-07-18 09:42:13.6,1SCRA_IDSAV,SLPDI5416A,A IDMPR SCR SA PSG TO FG DUCT DP,,LOABS,SCR A IN DMPR SEAL DP LOW (SERV),RTN,5,2.22266,2,INH2O,!hist14!CP1016,2
2026-07-18 09:45:11.1,1NW_ESP_SMP,NWAI6702B,PRECIP SUMP PMP B DSCH PH,,IOBAD,BAD CHANNEL,RTN,3,,,,!WP1002!WP1011!WP1001!hist14!CP1020,1
2026-07-18 09:45:56.0,1DAS7,IANBLR06A,AIR HEATER MISC ALARM,,STATE,GOOD,RTN,1,,,,!WP1002!WP1006!WP1007!WP1001!WP1003!WP1014!hist14!CP1007,1
2026-07-18 09:46:51.5,1BCS_7,IKTE3751,REHEAT TEMP RIGHT (REDUNDANT),,HIABS,HIGH,ALM,1,1012.19,1012.18,DEG.F,!WP1002!WP1006!WP1007!WP1001!WP1003!WP1014!hist14!CP1007,1
2026-07-18 09:47:03.1,1SCRA_IDSAV,SLPDI5416A,A IDMPR SCR SA PSG TO FG DUCT DP,,LOABS,SCR A IN DMPR SEAL DP LOW (SERV),ALM,5,1.99277,2,INH2O,!hist14!CP1016,2
2026-07-18 09:47:11.1,1SCRA_IDSAV,SLPDI5416A,A IDMPR SCR SA PSG TO FG DUCT DP,,LOABS,SCR A IN DMPR SEAL DP LOW (SERV),RTN,5,2.24063,2,INH2O,!hist14!CP1016,2
2026-07-18 09:48:14.1,1SCR_B_NH3,NOX_ERR_HIGH,SCR B NOX ERROR   HIGH,,STATE,ALARM,ALM,1,,,,!WP1001!WP1002!WP1003!WP1006!WP1007!WP1014!hist14!CP1016,1
2026-07-18 09:48:18.5,1BCS_7,IKTE3451,REHEAT TEMP RIGHT (NORM),,HIABS,HIGH,ALM,1,1012.19,1012.18,DEG.F,!WP1002!WP1006!WP1007!WP1001!WP1003!WP1014!hist14!CP1007,1
2026-07-18 09:48:35.1,1SCRA_IDSAV,SLPDI5416A,A IDMPR SCR SA PSG TO FG DUCT DP,,LOABS,SCR A IN DMPR SEAL DP LOW (SERV),ALM,5,1.99707,2,INH2O,!hist14!CP1016,2
2026-07-18 09:48:43.1,1SCRA_IDSAV,SLPDI5416A,A IDMPR SCR SA PSG TO FG DUCT DP,,LOABS,SCR A IN DMPR SEAL DP LOW (SERV),RTN,5,2.20371,2,INH2O,!hist14!CP1016,2
2026-07-18 09:49:29.0,1BWCP_PURGE,OUTLET_TEMP,BWCP PURGE COOLER OUTLET TEMP,,HIABS,,RTN,2,101.928,105,DEGF,!WP1001!WP1002!WP1003!WP1006!WP1007!WP1014!hist14!CP1005,1
2026-07-18 09:50:31.6,1NW_ESP_SMP,NWAI6702B,PRECIP SUMP PMP B DSCH PH,,IOBAD,BAD CHANNEL,ALM,3,,,,!WP1002!WP1011!WP1001!hist14!CP1020,1
2026-07-18 09:50:32.6,1NW_ESP_SMP,NWAI6702B,PRECIP SUMP PMP B DSCH PH,,IOBAD,BAD CHANNEL,RTN,3,,,,!WP1002!WP1011!WP1001!hist14!CP1020,1
2026-07-18 09:50:42.6,1NW_ESP_SMP,NWAI6702B,PRECIP SUMP PMP B DSCH PH,,IOBAD,BAD CHANNEL,ALM,3,,,,!WP1002!WP1011!WP1001!hist14!CP1020,1
2026-07-18 09:50:58.6,1SCRA_IDSAV,SLPDI5416A,A IDMPR SCR SA PSG TO FG DUCT DP,,LOABS,SCR A IN DMPR SEAL DP LOW (SERV),ALM,5,1.98594,2,INH2O,!hist14!CP1016,2
2026-07-18 09:51:01.6,1SCRA_IDSAV,SLPDI5416A,A IDMPR SCR SA PSG TO FG DUCT DP,,LOABS,SCR A IN DMPR SEAL DP LOW (SERV),RTN,5,2.21719,2,INH2O,!hist14!CP1016,2
2026-07-18 09:51:02.5,1BCS_7,IKTE3451,REHEAT TEMP RIGHT (NORM),,HIABS,HIGH,RTN,1,1007.18,1012.18,DEG.F,!WP1002!WP1006!WP1007!WP1001!WP1003!WP1014!hist14!CP1007,1
2026-07-18 09:51:18.5,1BCS_7,IKTE3751,REHEAT TEMP RIGHT (REDUNDANT),,HIABS,HIGH,RTN,1,1007.18,1012.18,DEG.F,!WP1002!WP1006!WP1007!WP1001!WP1003!WP1014!hist14!CP1007,1
2026-07-18 09:51:20.6,1SCR_B_NH3,NOX_ERR_HIGH,SCR B NOX ERROR   HIGH,,STATE,NORMAL,RTN,1,,,,!WP1001!WP1002!WP1003!WP1006!WP1007!WP1014!hist14!CP1016,1
2026-07-18 09:51:24.1,1STM_GSM_ALM,STM_ALM2,MARK VIE STEAM SEAL ALARM,,STA_5,STM SEAL DIV VLV TO CNDR OK,RTN,3,0,0,,!WP1001!WP1002!WP1003!WP1006!WP1007!WP1014!hist14!CP1011,1
2026-07-18 09:56:01.1,1TC,B21,DROOP ACTIVE,DROOP,STATE,ACTIVE,ALM,5,,,,!hist14!CP1001,2
2026-07-18 09:56:08.6,1TC,B21,DROOP ACTIVE,DROOP,STATE,NORMAL,RTN,5,,,,!hist14!CP1001,2
2026-07-18 09:56:09.6,1TC,B21,DROOP ACTIVE,DROOP,STATE,ACTIVE,ALM,5,,,,!hist14!CP1001,2
2026-07-18 09:56:09.1,1SCRA_IDSAV,SLPDI5416A,A IDMPR SCR SA PSG TO FG DUCT DP,,LOABS,SCR A IN DMPR SEAL DP LOW (SERV),ALM,5,1.99863,2,INH2O,!hist14!CP1016,2
2026-07-18 09:56:09.2,1DAS11,IACE3071,ECON FW CC HI CALL LAB ASAP,,HIABS,COND PUMP DIS CC HI.CALL LAB,RTN,1,0.179961,0.2,US/CM,!WP1002!WP1006!WP1007!WP1001!WP1003!WP1014!hist14!CP1008,1
2026-07-18 09:56:10.6,1TC,B21,DROOP ACTIVE,DROOP,STATE,NORMAL,RTN,5,,,,!hist14!CP1001,2
2026-07-18 09:56:11.6,1TC,B21,DROOP ACTIVE,DROOP,STATE,ACTIVE,ALM,5,,,,!hist14!CP1001,2
2026-07-18 09:56:12.1,1SCRA_IDSAV,SLPDI5416A,A IDMPR SCR SA PSG TO FG DUCT DP,,LOABS,SCR A IN DMPR SEAL DP LOW (SERV),RTN,5,2.20156,2,INH2O,!hist14!CP1016,2
2026-07-18 09:56:13.6,1TC,B21,DROOP ACTIVE,DROOP,STATE,NORMAL,RTN,5,,,,!hist14!CP1001,2
2026-07-18 09:57:28.6,1AB_PYR_SEQ,PYR_TIME,PULL PYRITE ALARM,,PTARG,PULL PYRITE ALARM,ALM,3,8.00026,8,HR,!WP1002!WP1011!WP1001!hist14!CP1020,1
2026-07-18 09:59:14.2,1DAS11,ISPSH1131,LIGHTER OIL SUPPLY PRESS ALM,,HIABS,HI LIGHTER OIL SUPPLY PRESS,ALM,1,175.703,175,KPH,!WP1002!WP1006!WP1007!WP1001!WP1003!WP1014!hist14!CP1008,1
2026-07-18 09:59:36.1,1STM_GSM_ALM,STM_ALM2,MARK VIE STEAM SEAL ALARM,,STA_5,STM SEAL DIV VLV TO CNDR ALM,ALM,3,0,0,,!WP1001!WP1002!WP1003!WP1006!WP1007!WP1014!hist14!CP1011,1
2026-07-18 10:00:06.1,1AR_LS,DEV_5803,LS SYS B,,STATE,VALVE 5803 DEVIATION,ALM,3,,,,!WP1001!WP1002!WP1003!WP1006!WP1007!WP1014!hist14!CP1017,1
2026-07-18 10:00:54.1,1AR_LS,DEV_5803,LS SYS B,,STATE,,RTN,3,,,,!WP1001!WP1002!WP1003!WP1006!WP1007!WP1014!hist14!CP1017,1
2026-07-18 10:01:15.6,1TC,B21,DROOP ACTIVE,DROOP,STATE,ACTIVE,ALM,5,,,,!hist14!CP1001,2
2026-07-18 10:01:18.1,1TC,B21,DROOP ACTIVE,DROOP,STATE,NORMAL,RTN,5,,,,!hist14!CP1001,2
2026-07-18 10:01:18.6,1TC,B21,DROOP ACTIVE,DROOP,STATE,ACTIVE,ALM,5,,,,!hist14!CP1001,2
2026-07-18 10:01:19.6,1TC,B21,DROOP ACTIVE,DROOP,STATE,NORMAL,RTN,5,,,,!hist14!CP1001,2
2026-07-18 10:01:20.6,1TC,B21,DROOP ACTIVE,DROOP,STATE,ACTIVE,ALM,5,,,,!hist14!CP1001,2
2026-07-18 10:01:21.1,1TC,B21,DROOP ACTIVE,DROOP,STATE,NORMAL,RTN,5,,,,!hist14!CP1001,2
2026-07-18 10:05:34.6,1TC,B21,DROOP ACTIVE,DROOP,STATE,ACTIVE,ALM,5,,,,!hist14!CP1001,2
2026-07-18 10:05:37.1,1TC,B21,DROOP ACTIVE,DROOP,STATE,NORMAL,RTN,5,,,,!hist14!CP1001,2
2026-07-18 10:08:28.6,1AB_PYRITE,ABMO5173AII,PYRITES SLC PMP A MOTOR CURRENT,,HIABS,HI,ALM,3,297.266,215,AMPS,!WP1002!WP1011!WP1001!hist14!CP1020,1
2026-07-18 10:08:28.6,1AB_PYRITE,ABMO5173AII,PYRITES SLC PMP A MOTOR CURRENT,,HHABS,HIHI,ALM,3,297.266,230,AMPS,!WP1002!WP1011!WP1001!hist14!CP1020,1
2026-07-18 10:08:29.1,1AB_PYRITE,ABMO5173AAL1,SLUICE PMP A,,STA_4,DISCHARGE PRESS >= 50 PSIG,RTN,1,297.266,0,,!WP1002!WP1011!WP1001!hist14!CP1020,1
2026-07-18 10:08:29.6,1AB_PYRITE,ABMO5173AII,PYRITES SLC PMP A MOTOR CURRENT,,IOBAD,BAD CHANNEL,RTN,3,,,,!WP1002!WP1011!WP1001!hist14!CP1020,1
2026-07-18 10:08:29.1,1AB_PYRITE,ABMO5173AII,PYRITES SLC PMP A MOTOR CURRENT,,IOBAD,BAD CHANNEL,ALM,3,,,,!WP1002!WP1011!WP1001!hist14!CP1020,1
2026-07-18 10:08:30.1,1AB_PYRITE,ABMO5173AII,PYRITES SLC PMP A MOTOR CURRENT,,HIABS,HI,RTN,3,85.5703,215,AMPS,!WP1002!WP1011!WP1001!hist14!CP1020,1
2026-07-18 10:08:30.1,1AB_PYRITE,ABMO5173AII,PYRITES SLC PMP A MOTOR CURRENT,,HHABS,HIHI,RTN,3,85.5703,230,AMPS,!WP1002!WP1011!WP1001!hist14!CP1020,1
2026-07-18 10:08:34.1,1AB_PYRITE,ABMO5173AAL1,SLUICE PMP A,,STA_4,DISCHARGE PRESS < 50 PSIG,ALM,1,85.5703,0,,!WP1002!WP1011!WP1001!hist14!CP1020,1
2026-07-18 10:09:48.2,1DAS11,IAAH3281,COND PUMP DISCH   SILICA,1233,HIABS,HIGH,ALM,1,11.5449,10,ppb,!WP1002!WP1006!WP1007!WP1001!WP1003!WP1014!hist14!CP1008,1
2026-07-18 10:10:09.1,1GS_A,BLEED_FAIL,BLEED SYSTEM A FAILURE,,STATE,BLEED SYSTEM A EQUIPMENT FAILURE,ALM,3,,,,!WP1001!WP1002!WP1003!WP1006!WP1007!WP1014!hist14!CP1017,1
2026-07-18 10:15:22.6,1MELIM,ZDS5504,WET/DRY INTFC VLV  DM DEV,,LODEV,LOW DEVIATION ALARM,RTN,3,46.5488,42.5,%,!hist14!CP1017,2
2026-07-18 10:16:23.6,1MELIM,ZDS5504,WET/DRY INTFC VLV  DM DEV,,HIDEV,HIGH DEVIATION ALARM,ALM,3,98.832,5,%,!hist14!CP1017,2
2026-07-18 10:19:01.6,1TC,B21,DROOP ACTIVE,DROOP,STATE,ACTIVE,ALM,5,,,,!hist14!CP1001,2
2026-07-18 10:19:24.1,1TC,B21,DROOP ACTIVE,DROOP,STATE,NORMAL,RTN,5,,,,!hist14!CP1001,2
2026-07-18 10:20:28.6,1TC,B21,DROOP ACTIVE,DROOP,STATE,ACTIVE,ALM,5,,,,!hist14!CP1001,2
2026-07-18 10:20:59.6,1TC,B21,DROOP ACTIVE,DROOP,STATE,NORMAL,RTN,5,,,,!hist14!CP1001,2
2026-07-18 10:21:00.1,1TC,B21,DROOP ACTIVE,DROOP,STATE,ACTIVE,ALM,5,,,,!hist14!CP1001,2
2026-07-18 10:21:01.1,1TC,B21,DROOP ACTIVE,DROOP,STATE,NORMAL,RTN,5,,,,!hist14!CP1001,2
2026-07-18 10:21:02.6,1TC,B21,DROOP ACTIVE,DROOP,STATE,ACTIVE,ALM,5,,,,!hist14!CP1001,2
2026-07-18 10:21:04.6,1TC,B21,DROOP ACTIVE,DROOP,STATE,NORMAL,RTN,5,,,,!hist14!CP1001,2
2026-07-18 10:21:14.1,1STM_GSM_ALM,STM_ALM2,MARK VIE STEAM SEAL ALARM,,STA_5,STM SEAL DIV VLV TO CNDR OK,RTN,3,0,0,,!WP1001!WP1002!WP1003!WP1006!WP1007!WP1014!hist14!CP1011,1
2026-07-18 10:21:19.6,1GS_A,BLEED_FAIL,BLEED SYSTEM A FAILURE,,STATE,BLEED SYSTEM A NORMAL,RTN,3,,,,!WP1001!WP1002!WP1003!WP1006!WP1007!WP1014!hist14!CP1017,1
2026-07-18 10:23:50.6,IDFAN_PEEC,OPCY_ALM,PRECIP OUT > 50%,PRECIP OUTLET,STATE,ALARM,ALM,3,,,,!WP1001!WP1002!WP1003!WP1006!WP1007!WP1014!hist14!CP1003,1
2026-07-18 10:23:54.6,IDFAN_PEEC,OPCY_ALM,PRECIP OUT > 50%,PRECIP OUTLET,STATE,NORMAL,RTN,3,,,,!WP1001!WP1002!WP1003!WP1006!WP1007!WP1014!hist14!CP1003,1
2026-07-18 10:25:58.1,1SCRA_IDSAV,SLPDI5416A,A IDMPR SCR SA PSG TO FG DUCT DP,,LOABS,SCR A IN DMPR SEAL DP LOW (SERV),ALM,5,1.9957,2,INH2O,!hist14!CP1016,2
2026-07-18 10:26:15.6,1SCRA_IDSAV,SLPDI5416A,A IDMPR SCR SA PSG TO FG DUCT DP,,LOABS,SCR A IN DMPR SEAL DP LOW (SERV),RTN,5,2.22051,2,INH2O,!hist14!CP1016,2
2026-07-18 10:26:21.6,1MELIM,ZDS5504,WET/DRY INTFC VLV  DM DEV,,HIDEV,HIGH DEVIATION ALARM,RTN,3,53.7109,57.5,%,!hist14!CP1017,2
2026-07-18 10:26:53.1,IDFAN_PEEC,OPCY_ALM,PRECIP OUT > 50%,PRECIP OUTLET,STATE,ALARM,ALM,3,,,,!WP1001!WP1002!WP1003!WP1006!WP1007!WP1014!hist14!CP1003,1
2026-07-18 10:27:01.1,IDFAN_PEEC,OPCY_ALM,PRECIP OUT > 50%,PRECIP OUTLET,STATE,NORMAL,RTN,3,,,,!WP1001!WP1002!WP1003!WP1006!WP1007!WP1014!hist14!CP1003,1
2026-07-18 10:27:52.6,1MELIM,ZDS5504,WET/DRY INTFC VLV  DM DEV,,HIDEV,HIGH DEVIATION ALARM,ALM,3,99.2969,5,%,!hist14!CP1017,2
2026-07-18 10:28:24.6,1TC,B21,DROOP ACTIVE,DROOP,STATE,ACTIVE,ALM,5,,,,!hist14!CP1001,2
2026-07-18 10:28:53.1,1SCRA_IDSAV,SLPDI5416A,A IDMPR SCR SA PSG TO FG DUCT DP,,LOABS,SCR A IN DMPR SEAL DP LOW (SERV),ALM,5,1.99531,2,INH2O,!hist14!CP1016,2
2026-07-18 10:29:12.6,1TC,B21,DROOP ACTIVE,DROOP,STATE,NORMAL,RTN,5,,,,!hist14!CP1001,2
2026-07-18 10:29:16.6,1TC,B21,DROOP ACTIVE,DROOP,STATE,ACTIVE,ALM,5,,,,!hist14!CP1001,2
2026-07-18 10:29:20.1,1TC,B21,DROOP ACTIVE,DROOP,STATE,NORMAL,RTN,5,,,,!hist14!CP1001,2
2026-07-18 10:29:21.1,1TC,B21,DROOP ACTIVE,DROOP,STATE,ACTIVE,ALM,5,,,,!hist14!CP1001,2
2026-07-18 10:29:22.6,1SCRA_IDSAV,SLPDI5416A,A IDMPR SCR SA PSG TO FG DUCT DP,,LOABS,SCR A IN DMPR SEAL DP LOW (SERV),RTN,5,2.2207,2,INH2O,!hist14!CP1016,2
2026-07-18 10:29:24.1,1TC,B21,DROOP ACTIVE,DROOP,STATE,NORMAL,RTN,5,,,,!hist14!CP1001,2
2026-07-18 10:29:26.6,1TC,B21,DROOP ACTIVE,DROOP,STATE,ACTIVE,ALM,5,,,,!hist14!CP1001,2
2026-07-18 10:29:27.6,1TC,B21,DROOP ACTIVE,DROOP,STATE,NORMAL,RTN,5,,,,!hist14!CP1001,2
2026-07-18 10:29:31.6,1SCRA_IDSAV,SLPDI5416A,A IDMPR SCR SA PSG TO FG DUCT DP,,LOABS,SCR A IN DMPR SEAL DP LOW (SERV),ALM,5,1.98301,2,INH2O,!hist14!CP1016,2
2026-07-18 10:29:38.3,1DAS11,IAAH3281,COND PUMP DISCH   SILICA,1233,HIABS,HIGH,RTN,1,9.33008,10,ppb,!WP1002!WP1006!WP1007!WP1001!WP1003!WP1014!hist14!CP1008,1
2026-07-18 10:29:40.1,1SCRA_IDSAV,SLPDI5416A,A IDMPR SCR SA PSG TO FG DUCT DP,,LOABS,SCR A IN DMPR SEAL DP LOW (SERV),RTN,5,2.20566,2,INH2O,!hist14!CP1016,2
2026-07-18 10:30:05.6,1TC,B21,DROOP ACTIVE,DROOP,STATE,ACTIVE,ALM,5,,,,!hist14!CP1001,2
2026-07-18 10:31:07.6,1TC,B21,DROOP ACTIVE,DROOP,STATE,NORMAL,RTN,5,,,,!hist14!CP1001,2
2026-07-18 10:31:41.6,1TC,B21,DROOP ACTIVE,DROOP,STATE,ACTIVE,ALM,5,,,,!hist14!CP1001,2
2026-07-18 10:31:52.1,1STM_GSM_ALM,STM_ALM2,MARK VIE STEAM SEAL ALARM,,STA_5,STM SEAL DIV VLV TO CNDR ALM,ALM,3,0,0,,!WP1001!WP1002!WP1003!WP1006!WP1007!WP1014!hist14!CP1011,1
2026-07-18 10:31:55.6,IDFAN_PEEC,OPCY_ALM,PRECIP OUT > 50%,PRECIP OUTLET,STATE,ALARM,ALM,3,,,,!WP1001!WP1002!WP1003!WP1006!WP1007!WP1014!hist14!CP1003,1
2026-07-18 10:32:02.6,IDFAN_PEEC,OPCY_ALM,PRECIP OUT > 50%,PRECIP OUTLET,STATE,NORMAL,RTN,3,,,,!WP1001!WP1002!WP1003!WP1006!WP1007!WP1014!hist14!CP1003,1
2026-07-18 10:32:15.6,1TC,B21,DROOP ACTIVE,DROOP,STATE,NORMAL,RTN,5,,,,!hist14!CP1001,2
2026-07-18 10:32:30.6,1AB_PYR_SEQ,PYR_TIME,PULL PYRITE ALARM,,PTARG,PULL PYRITE ALARM,RTN,3,0,8,HR,!WP1002!WP1011!WP1001!hist14!CP1020,1
2026-07-18 10:32:49.6,IDFAN_PEEC,OPCY_ALM,PRECIP OUT > 50%,PRECIP OUTLET,STATE,ALARM,ALM,3,,,,!WP1001!WP1002!WP1003!WP1006!WP1007!WP1014!hist14!CP1003,1
2026-07-18 10:32:53.1,IDFAN_PEEC,OPCY_ALM,PRECIP OUT > 50%,PRECIP OUTLET,STATE,NORMAL,RTN,3,,,,!WP1001!WP1002!WP1003!WP1006!WP1007!WP1014!hist14!CP1003,1
2026-07-18 10:32:56.6,1AB_PYRITE,SV_617AL,MILL HPR 1J EJCT  WTR VLV,MILL HOPPER 1,STATE,FAIL,ALM,3,,,,!WP1002!WP1011!WP1001!hist14!CP1020,1
2026-07-18 10:34:57.6,1SCRA_IDSAV,SLPDI5416A,A IDMPR SCR SA PSG TO FG DUCT DP,,LOABS,SCR A IN DMPR SEAL DP LOW (SERV),ALM,5,1.99941,2,INH2O,!hist14!CP1016,2
2026-07-18 10:35:03.1,1SCRA_IDSAV,SLPDI5416A,A IDMPR SCR SA PSG TO FG DUCT DP,,LOABS,SCR A IN DMPR SEAL DP LOW (SERV),RTN,5,2.21445,2,INH2O,!hist14!CP1016,2
2026-07-18 10:37:28.1,1AB_SURGEA,FCVA153AL,LINE A TO SILO    B,TRANSPORT LIN,STATE,FAIL,ALM,3,,,,!WP1002!WP1011!WP1001!hist14!CP1020,1
2026-07-18 10:37:29.6,1AB_SURGEA,FCVA153AL,LINE A TO SILO    B,TRANSPORT LIN,STATE,OK,RTN,3,,,,!WP1002!WP1011!WP1001!hist14!CP1020,1
2026-07-18 10:40:29.8,1DAS10,IACE3211,COND MAKE-UP SPEC CNDCT,,HIABS,HIGH,RTN,1,0.279941,0.3,US/CM,!WP1002!WP1006!WP1007!WP1001!WP1003!WP1014!hist14!CP1008,1
2026-07-18 10:41:21.6,1MELIM,ZDS5504,WET/DRY INTFC VLV  DM DEV,,HIDEV,HIGH DEVIATION ALARM,RTN,3,53.5605,57.5,%,!hist14!CP1017,2
2026-07-18 10:42:52.6,1MELIM,ZDS5504,WET/DRY INTFC VLV  DM DEV,,HIDEV,HIGH DEVIATION ALARM,ALM,3,99.0645,5,%,!hist14!CP1017,2
2026-07-18 10:44:07.4,1MISC,B143,AUX ATM VLV DEV ALM,,STATE,NORMAL,RTN,5,,,,!WP1001!WP1002!WP1003!WP1006!WP1007!WP1014!hist14!CP1002,1
2026-07-18 10:48:51.5,1BWCP_PURGE,OUTLET_TEMP,BWCP PURGE COOLER OUTLET TEMP,,HIABS,,ALM,2,105.04,105,DEGF,!WP1001!WP1002!WP1003!WP1006!WP1007!WP1014!hist14!CP1005,1
2026-07-18 10:49:24.8,1DAS11,IACE3071,ECON FW CC HI CALL LAB ASAP,,HIABS,COND PUMP DIS CC HI.CALL LAB,ALM,1,0.200039,0.2,US/CM,!WP1002!WP1006!WP1007!WP1001!WP1003!WP1014!hist14!CP1008,1
2026-07-18 10:54:29.1,PAC_PLC,ACI_FDR_A_TR,ACI FDR A AC-WIC-5007 TRBLE ALM,,CHANGE,PAC FEEDER A TROUBLE,ALM,1,,,,!WP1001!WP1002!WP1003!WP1006!WP1007!WP1014!hist14!CP1003,1
2026-07-18 10:54:36.0,1STM_GSM_ALM,STM_ALM2,MARK VIE STEAM SEAL ALARM,,STA_5,STM SEAL DIV VLV TO CNDR OK,RTN,3,0,0,,!WP1001!WP1002!WP1003!WP1006!WP1007!WP1014!hist14!CP1011,1
2026-07-18 10:54:38.1,PAC_PLC,ACI_FDR_A_TR,ACI FDR A AC-WIC-5007 TRBLE ALM,,CHANGE,PAC FEEDER A TROUBLE,ALM,1,,,,!WP1001!WP1002!WP1003!WP1006!WP1007!WP1014!hist14!CP1003,1
2026-07-18 10:56:20.6,1MELIM,ZDS5504,WET/DRY INTFC VLV  DM DEV,,HIDEV,HIGH DEVIATION ALARM,RTN,3,53.6113,57.5,%,!hist14!CP1017,2
2026-07-18 10:56:57.6,1TC,B21,DROOP ACTIVE,DROOP,STATE,NORMAL,RTN,5,,,,!hist14!CP1001,2
2026-07-18 10:56:57.1,1TC,B21,DROOP ACTIVE,DROOP,STATE,ACTIVE,ALM,5,,,,!hist14!CP1001,2
2026-07-18 10:57:09.0,1MISC,B143,AUX ATM VLV DEV ALM,,STATE,DEVIATION,ALM,5,,,,!WP1001!WP1002!WP1003!WP1006!WP1007!WP1014!hist14!CP1002,1
2026-07-18 10:57:21.6,1MELIM,ZDS5504,WET/DRY INTFC VLV  DM DEV,,LODEV,LOW DEVIATION ALARM,ALM,3,-1.23828,95,%,!hist14!CP1017,2
2026-07-18 10:57:22.1,1SCRA_IDSAV,SLPDI5416A,A IDMPR SCR SA PSG TO FG DUCT DP,,LOABS,SCR A IN DMPR SEAL DP LOW (SERV),ALM,5,1.99316,2,INH2O,!hist14!CP1016,2
2026-07-18 10:57:23.1,1TC,B21,DROOP ACTIVE,DROOP,STATE,ACTIVE,ALM,5,,,,!hist14!CP1001,2
2026-07-18 10:57:24.6,1TC,B21,DROOP ACTIVE,DROOP,STATE,NORMAL,RTN,5,,,,!hist14!CP1001,2
2026-07-18 10:57:25.1,1TC,B21,DROOP ACTIVE,DROOP,STATE,ACTIVE,ALM,5,,,,!hist14!CP1001,2
2026-07-18 10:57:28.6,1TC,B21,DROOP ACTIVE,DROOP,STATE,NORMAL,RTN,5,,,,!hist14!CP1001,2
2026-07-18 10:57:28.1,1SCRA_IDSAV,SLPDI5416A,A IDMPR SCR SA PSG TO FG DUCT DP,,LOABS,SCR A IN DMPR SEAL DP LOW (SERV),RTN,5,2.23223,2,INH2O,!hist14!CP1016,2
2026-07-18 10:59:11.6,1SCRA_IDSAV,SLPDI5416A,A IDMPR SCR SA PSG TO FG DUCT DP,,LOABS,SCR A IN DMPR SEAL DP LOW (SERV),ALM,5,1.9916,2,INH2O,!hist14!CP1016,2
2026-07-18 10:59:14.1,1SCRA_IDSAV,SLPDI5416A,A IDMPR SCR SA PSG TO FG DUCT DP,,LOABS,SCR A IN DMPR SEAL DP LOW (SERV),RTN,5,2.25547,2,INH2O,!hist14!CP1016,2
2026-07-18 11:00:07.1,1AR_LS,DEV_5803,LS SYS B,,STATE,VALVE 5803 DEVIATION,ALM,3,,,,!WP1001!WP1002!WP1003!WP1006!WP1007!WP1014!hist14!CP1017,1
2026-07-18 11:00:29.1,1TC,B21,DROOP ACTIVE,DROOP,STATE,ACTIVE,ALM,5,,,,!hist14!CP1001,2
2026-07-18 11:00:30.6,1TC,B21,DROOP ACTIVE,DROOP,STATE,NORMAL,RTN,5,,,,!hist14!CP1001,2
2026-07-18 11:00:56.6,1AR_LS,DEV_5803,LS SYS B,,STATE,,RTN,3,,,,!WP1001!WP1002!WP1003!WP1006!WP1007!WP1014!hist14!CP1017,1
2026-07-18 11:03:58.1,1STM_GSM_ALM,STM_ALM2,MARK VIE STEAM SEAL ALARM,,STA_5,STM SEAL DIV VLV TO CNDR ALM,ALM,3,0,0,,!WP1001!WP1002!WP1003!WP1006!WP1007!WP1014!hist14!CP1011,1
2026-07-18 11:04:55.0,1MISC,B10,COOLING TOWER LEVEL CONTROL,,LOOUT,,ALM,5,0,0.001,%,!WP1001!WP1002!WP1003!WP1006!WP1007!WP1014!hist14!CP1002,1
2026-07-18 11:06:00.8,1DAS11,IACE3071,ECON FW CC HI CALL LAB ASAP,,HIABS,COND PUMP DIS CC HI.CALL LAB,RTN,1,0.179941,0.2,US/CM,!WP1002!WP1006!WP1007!WP1001!WP1003!WP1014!hist14!CP1008,1
2026-07-18 11:06:29.8,1DAS11,IACE3071,ECON FW CC HI CALL LAB ASAP,,HIABS,COND PUMP DIS CC HI.CALL LAB,ALM,1,0.201328,0.2,US/CM,!WP1002!WP1006!WP1007!WP1001!WP1003!WP1014!hist14!CP1008,1
2026-07-18 11:06:45.3,1DAS11,IACE3071,ECON FW CC HI CALL LAB ASAP,,HIABS,COND PUMP DIS CC HI.CALL LAB,RTN,1,0.178652,0.2,US/CM,!WP1002!WP1006!WP1007!WP1001!WP1003!WP1014!hist14!CP1008,1
2026-07-18 11:06:55.1,1TC,B21,DROOP ACTIVE,DROOP,STATE,ACTIVE,ALM,5,,,,!hist14!CP1001,2
2026-07-18 11:06:56.6,1TC,B21,DROOP ACTIVE,DROOP,STATE,NORMAL,RTN,5,,,,!hist14!CP1001,2
2026-07-18 11:09:25.1,1SCRA_IDSAV,SLPDI5416A,A IDMPR SCR SA PSG TO FG DUCT DP,,LOABS,SCR A IN DMPR SEAL DP LOW (SERV),ALM,5,1.97832,2,INH2O,!hist14!CP1016,2
2026-07-18 11:09:37.6,1SCRA_IDSAV,SLPDI5416A,A IDMPR SCR SA PSG TO FG DUCT DP,,LOABS,SCR A IN DMPR SEAL DP LOW (SERV),RTN,5,2.20703,2,INH2O,!hist14!CP1016,2
2026-07-18 11:10:05.7,1AB_PYRITE,SV_617AL,MILL HPR 1J EJCT  WTR VLV,MILL HOPPER 1,STATE,OK,RTN,3,,,,!WP1002!WP1011!WP1001!hist14!CP1020,1
2026-07-18 11:11:00.0,1STM_GSM_ALM,STM_ALM2,MARK VIE STEAM SEAL ALARM,,STA_5,STM SEAL DIV VLV TO CNDR OK,RTN,3,0,0,,!WP1001!WP1002!WP1003!WP1006!WP1007!WP1014!hist14!CP1011,1
2026-07-18 11:11:45.1,1SCRA_IDSAV,SLPDI5416A,A IDMPR SCR SA PSG TO FG DUCT DP,,LOABS,SCR A IN DMPR SEAL DP LOW (SERV),ALM,5,1.99277,2,INH2O,!hist14!CP1016,2
2026-07-18 11:11:45.6,1GS_A,BLEED_FAIL,BLEED SYSTEM A FAILURE,,STATE,BLEED SYSTEM A EQUIPMENT FAILURE,ALM,3,,,,!WP1001!WP1002!WP1003!WP1006!WP1007!WP1014!hist14!CP1017,1
2026-07-18 11:11:51.1,1SCRA_IDSAV,SLPDI5416A,A IDMPR SCR SA PSG TO FG DUCT DP,,LOABS,SCR A IN DMPR SEAL DP LOW (SERV),RTN,5,2.23008,2,INH2O,!hist14!CP1016,2
2026-07-18 11:11:58.1,1SCRA_IDSAV,SLPDI5416A,A IDMPR SCR SA PSG TO FG DUCT DP,,LOABS,SCR A IN DMPR SEAL DP LOW (SERV),ALM,5,1.98125,2,INH2O,!hist14!CP1016,2
2026-07-18 11:12:13.1,1SCRA_IDSAV,SLPDI5416A,A IDMPR SCR SA PSG TO FG DUCT DP,,LOABS,SCR A IN DMPR SEAL DP LOW (SERV),RTN,5,2.20332,2,INH2O,!hist14!CP1016,2
2026-07-18 11:12:32.6,1SCRA_IDSAV,SLPDI5416A,A IDMPR SCR SA PSG TO FG DUCT DP,,LOABS,SCR A IN DMPR SEAL DP LOW (SERV),ALM,5,1.9959,2,INH2O,!hist14!CP1016,2
2026-07-18 11:12:42.6,1SCRA_IDSAV,SLPDI5416A,A IDMPR SCR SA PSG TO FG DUCT DP,,LOABS,SCR A IN DMPR SEAL DP LOW (SERV),RTN,5,2.21758,2,INH2O,!hist14!CP1016,2
2026-07-18 11:18:00.6,1SCRA_IDSAV,SLPDI5416A,A IDMPR SCR SA PSG TO FG DUCT DP,,LOABS,SCR A IN DMPR SEAL DP LOW (SERV),ALM,5,1.9916,2,INH2O,!hist14!CP1016,2
2026-07-18 11:18:04.6,1SCRA_IDSAV,SLPDI5416A,A IDMPR SCR SA PSG TO FG DUCT DP,,LOABS,SCR A IN DMPR SEAL DP LOW (SERV),RTN,5,2.20918,2,INH2O,!hist14!CP1016,2
2026-07-18 11:19:18.6,1TC,B21,DROOP ACTIVE,DROOP,STATE,NORMAL,RTN,5,,,,!hist14!CP1001,2
2026-07-18 11:19:18.1,1TC,B21,DROOP ACTIVE,DROOP,STATE,ACTIVE,ALM,5,,,,!hist14!CP1001,2
2026-07-18 11:19:20.1,1TC,B21,DROOP ACTIVE,DROOP,STATE,ACTIVE,ALM,5,,,,!hist14!CP1001,2
2026-07-18 11:19:30.1,1STM_GSM_ALM,STM_ALM2,MARK VIE STEAM SEAL ALARM,,STA_5,STM SEAL DIV VLV TO CNDR ALM,ALM,3,0,0,,!WP1001!WP1002!WP1003!WP1006!WP1007!WP1014!hist14!CP1011,1
2026-07-18 11:19:48.6,1TC,B21,DROOP ACTIVE,DROOP,STATE,NORMAL,RTN,5,,,,!hist14!CP1001,2
2026-07-18 11:20:06.6,1TC,B21,DROOP ACTIVE,DROOP,STATE,ACTIVE,ALM,5,,,,!hist14!CP1001,2
2026-07-18 11:20:07.1,1TC,B21,DROOP ACTIVE,DROOP,STATE,NORMAL,RTN,5,,,,!hist14!CP1001,2
2026-07-18 11:21:22.1,1GS_A,BLEED_FAIL,BLEED SYSTEM A FAILURE,,STATE,BLEED SYSTEM A NORMAL,RTN,3,,,,!WP1001!WP1002!WP1003!WP1006!WP1007!WP1014!hist14!CP1017,1
2026-07-18 11:22:12.1,1TC,B21,DROOP ACTIVE,DROOP,STATE,ACTIVE,ALM,5,,,,!hist14!CP1001,2
2026-07-18 11:22:37.6,1TC,B21,DROOP ACTIVE,DROOP,STATE,NORMAL,RTN,5,,,,!hist14!CP1001,2
2026-07-18 11:22:41.6,1TC,B21,DROOP ACTIVE,DROOP,STATE,ACTIVE,ALM,5,,,,!hist14!CP1001,2
2026-07-18 11:22:42.6,1TC,B21,DROOP ACTIVE,DROOP,STATE,NORMAL,RTN,5,,,,!hist14!CP1001,2
2026-07-18 11:22:44.6,1TC,B21,DROOP ACTIVE,DROOP,STATE,ACTIVE,ALM,5,,,,!hist14!CP1001,2
2026-07-18 11:22:46.6,1TC,B21,DROOP ACTIVE,DROOP,STATE,NORMAL,RTN,5,,,,!hist14!CP1001,2
2026-07-18 11:22:47.1,1TC,B21,DROOP ACTIVE,DROOP,STATE,ACTIVE,ALM,5,,,,!hist14!CP1001,2
2026-07-18 11:22:53.6,1TC,B21,DROOP ACTIVE,DROOP,STATE,NORMAL,RTN,5,,,,!hist14!CP1001,2
2026-07-18 11:22:54.6,1TC,B21,DROOP ACTIVE,DROOP,STATE,ACTIVE,ALM,5,,,,!hist14!CP1001,2
2026-07-18 11:22:55.1,1TC,B21,DROOP ACTIVE,DROOP,STATE,NORMAL,RTN,5,,,,!hist14!CP1001,2
2026-07-18 11:23:00.1,1TC,B21,DROOP ACTIVE,DROOP,STATE,ACTIVE,ALM,5,,,,!hist14!CP1001,2
2026-07-18 11:23:11.1,1TC,B21,DROOP ACTIVE,DROOP,STATE,NORMAL,RTN,5,,,,!hist14!CP1001,2
2026-07-18 11:23:16.4,1MISC,B10,COOLING TOWER LEVEL CONTROL,,LOOUT,,RTN,5,3.02924,0.001,%,!WP1001!WP1002!WP1003!WP1006!WP1007!WP1014!hist14!CP1002,1
2026-07-18 11:23:45.6,1SCRA_IDSAV,SLPDI5416A,A IDMPR SCR SA PSG TO FG DUCT DP,,LOABS,SCR A IN DMPR SEAL DP LOW (SERV),ALM,5,1.98457,2,INH2O,!hist14!CP1016,2
2026-07-18 11:24:01.6,1SCRA_IDSAV,SLPDI5416A,A IDMPR SCR SA PSG TO FG DUCT DP,,LOABS,SCR A IN DMPR SEAL DP LOW (SERV),RTN,5,2.21152,2,INH2O,!hist14!CP1016,2
2026-07-18 11:24:08.1,1RPF_VIB,ARVI15554F,AR PMP F MTR IBRD SHAFT VIB-DE4,,HHABS,,ALM,1,4.5025,4.5,MILS,!WP1001!WP1002!WP1003!WP1006!WP1007!WP1014!hist14!CP1017,1
2026-07-18 11:24:24.1,1STM_GSM_ALM,STM_ALM2,MARK VIE STEAM SEAL ALARM,,STA_5,STM SEAL DIV VLV TO CNDR OK,RTN,3,0,0,,!WP1001!WP1002!WP1003!WP1006!WP1007!WP1014!hist14!CP1011,1
2026-07-18 11:24:42.1,1TC,B21,DROOP ACTIVE,DROOP,STATE,ACTIVE,ALM,5,,,,!hist14!CP1001,2
2026-07-18 11:24:49.1,1TC,B21,DROOP ACTIVE,DROOP,STATE,NORMAL,RTN,5,,,,!hist14!CP1001,2
2026-07-18 11:25:01.6,1TC,B21,DROOP ACTIVE,DROOP,STATE,ACTIVE,ALM,5,,,,!hist14!CP1001,2
2026-07-18 11:25:10.1,1SCRA_IDSAV,SLPDI5416A,A IDMPR SCR SA PSG TO FG DUCT DP,,LOABS,SCR A IN DMPR SEAL DP LOW (SERV),ALM,5,1.98867,2,INH2O,!hist14!CP1016,2
2026-07-18 11:25:14.6,1SCRA_IDSAV,SLPDI5416A,A IDMPR SCR SA PSG TO FG DUCT DP,,LOABS,SCR A IN DMPR SEAL DP LOW (SERV),RTN,5,2.22305,2,INH2O,!hist14!CP1016,2
2026-07-18 11:25:23.6,1TC,B21,DROOP ACTIVE,DROOP,STATE,NORMAL,RTN,5,,,,!hist14!CP1001,2
2026-07-18 11:25:34.1,1SCRA_IDSAV,SLPDI5416A,A IDMPR SCR SA PSG TO FG DUCT DP,,LOABS,SCR A IN DMPR SEAL DP LOW (SERV),ALM,5,1.99453,2,INH2O,!hist14!CP1016,2
2026-07-18 11:25:46.1,1SCRA_IDSAV,SLPDI5416A,A IDMPR SCR SA PSG TO FG DUCT DP,,LOABS,SCR A IN DMPR SEAL DP LOW (SERV),RTN,5,2.21445,2,INH2O,!hist14!CP1016,2
2026-07-18 11:27:15.6,1SCRA_IDSAV,SLPDI5416A,A IDMPR SCR SA PSG TO FG DUCT DP,,LOABS,SCR A IN DMPR SEAL DP LOW (SERV),ALM,5,1.99219,2,INH2O,!hist14!CP1016,2
2026-07-18 11:27:20.6,1SCRA_IDSAV,SLPDI5416A,A IDMPR SCR SA PSG TO FG DUCT DP,,LOABS,SCR A IN DMPR SEAL DP LOW (SERV),RTN,5,2.21699,2,INH2O,!hist14!CP1016,2
2026-07-18 11:27:54.6,1SCRA_IDSAV,SLPDI5416A,A IDMPR SCR SA PSG TO FG DUCT DP,,LOABS,SCR A IN DMPR SEAL DP LOW (SERV),ALM,5,1.99805,2,INH2O,!hist14!CP1016,2
2026-07-18 11:28:23.6,1SCRA_IDSAV,SLPDI5416A,A IDMPR SCR SA PSG TO FG DUCT DP,,LOABS,SCR A IN DMPR SEAL DP LOW (SERV),RTN,5,2.21348,2,INH2O,!hist14!CP1016,2
2026-07-18 11:29:13.1,1SCRA_IDSAV,SLPDI5416A,A IDMPR SCR SA PSG TO FG DUCT DP,,LOABS,SCR A IN DMPR SEAL DP LOW (SERV),ALM,5,1.96992,2,INH2O,!hist14!CP1016,2
2026-07-18 11:29:17.6,1SCRA_IDSAV,SLPDI5416A,A IDMPR SCR SA PSG TO FG DUCT DP,,LOABS,SCR A IN DMPR SEAL DP LOW (SERV),RTN,5,2.20742,2,INH2O,!hist14!CP1016,2
2026-07-18 11:31:23.1,1SCRA_IDSAV,SLPDI5416A,A IDMPR SCR SA PSG TO FG DUCT DP,,LOABS,SCR A IN DMPR SEAL DP LOW (SERV),ALM,5,1.98711,2,INH2O,!hist14!CP1016,2
2026-07-18 11:31:36.1,1SCRA_IDSAV,SLPDI5416A,A IDMPR SCR SA PSG TO FG DUCT DP,,LOABS,SCR A IN DMPR SEAL DP LOW (SERV),RTN,5,2.22598,2,INH2O,!hist14!CP1016,2
2026-07-18 11:32:02.1,1SCRA_IDSAV,SLPDI5416A,A IDMPR SCR SA PSG TO FG DUCT DP,,LOABS,SCR A IN DMPR SEAL DP LOW (SERV),ALM,5,1.9998,2,INH2O,!hist14!CP1016,2
2026-07-18 11:32:18.1,1SCRA_IDSAV,SLPDI5416A,A IDMPR SCR SA PSG TO FG DUCT DP,,LOABS,SCR A IN DMPR SEAL DP LOW (SERV),RTN,5,2.20508,2,INH2O,!hist14!CP1016,2
2026-07-18 11:32:29.1,1SCRA_IDSAV,SLPDI5416A,A IDMPR SCR SA PSG TO FG DUCT DP,,LOABS,SCR A IN DMPR SEAL DP LOW (SERV),ALM,5,1.9998,2,INH2O,!hist14!CP1016,2
2026-07-18 11:32:59.1,1SCRA_IDSAV,SLPDI5416A,A IDMPR SCR SA PSG TO FG DUCT DP,,LOABS,SCR A IN DMPR SEAL DP LOW (SERV),RTN,5,2.21309,2,INH2O,!hist14!CP1016,2
2026-07-18 11:34:47.6,1MELIM,ZDS5504,WET/DRY INTFC VLV  DM DEV,,LODEV,LOW DEVIATION ALARM,RTN,3,46.4688,42.5,%,!hist14!CP1017,2
2026-07-18 11:34:57.6,1SCRA_IDSAV,SLPDI5416A,A IDMPR SCR SA PSG TO FG DUCT DP,,LOABS,SCR A IN DMPR SEAL DP LOW (SERV),ALM,5,1.98867,2,INH2O,!hist14!CP1016,2
2026-07-18 11:35:03.6,1SCRA_IDSAV,SLPDI5416A,A IDMPR SCR SA PSG TO FG DUCT DP,,LOABS,SCR A IN DMPR SEAL DP LOW (SERV),RTN,5,2.21973,2,INH2O,!hist14!CP1016,2
2026-07-18 11:35:35.1,1SCRA_IDSAV,SLPDI5416A,A IDMPR SCR SA PSG TO FG DUCT DP,,LOABS,SCR A IN DMPR SEAL DP LOW (SERV),ALM,5,1.96016,2,INH2O,!hist14!CP1016,2
2026-07-18 11:35:45.1,1SCRA_IDSAV,SLPDI5416A,A IDMPR SCR SA PSG TO FG DUCT DP,,LOABS,SCR A IN DMPR SEAL DP LOW (SERV),RTN,5,2.21621,2,INH2O,!hist14!CP1016,2
2026-07-18 11:35:48.6,1MELIM,ZDS5504,WET/DRY INTFC VLV  DM DEV,,HIDEV,HIGH DEVIATION ALARM,ALM,3,98.8789,5,%,!hist14!CP1017,2
2026-07-18 11:36:05.1,1SCRA_IDSAV,SLPDI5416A,A IDMPR SCR SA PSG TO FG DUCT DP,,LOABS,SCR A IN DMPR SEAL DP LOW (SERV),ALM,5,1.99316,2,INH2O,!hist14!CP1016,2
2026-07-18 11:36:12.6,1SCRA_IDSAV,SLPDI5416A,A IDMPR SCR SA PSG TO FG DUCT DP,,LOABS,SCR A IN DMPR SEAL DP LOW (SERV),RTN,5,2.20488,2,INH2O,!hist14!CP1016,2
2026-07-18 11:36:32.1,1BFA_GSM_ALM,BFA_ALM20,MARK VIE A BFPT ALARM,,STA_7,A BFPT MANUAL/DCS OK,RTN,5,0,0,,!WP1001!WP1002!WP1003!WP1006!WP1007!WP1014!hist14!CP1011,1
2026-07-18 11:36:57.1,1SCRA_IDSAV,SLPDI5416A,A IDMPR SCR SA PSG TO FG DUCT DP,,LOABS,SCR A IN DMPR SEAL DP LOW (SERV),ALM,5,1.98242,2,INH2O,!hist14!CP1016,2
2026-07-18 11:37:07.1,1SCRA_IDSAV,SLPDI5416A,A IDMPR SCR SA PSG TO FG DUCT DP,,LOABS,SCR A IN DMPR SEAL DP LOW (SERV),RTN,5,2.2125,2,INH2O,!hist14!CP1016,2
2026-07-18 11:37:42.1,1BFA_GSM_ALM,BFA_ALM20,MARK VIE A BFPT ALARM,,STA_7,A BFPT MANUAL/DCS ERROR,ALM,5,0,0,,!WP1001!WP1002!WP1003!WP1006!WP1007!WP1014!hist14!CP1011,1
2026-07-18 11:37:48.1,1BFA_GSM_ALM,BFA_ALM20,MARK VIE A BFPT ALARM,,STA_7,A BFPT MANUAL/DCS OK,RTN,5,0,0,,!WP1001!WP1002!WP1003!WP1006!WP1007!WP1014!hist14!CP1011,1
2026-07-18 11:37:49.0,1MKVIE_ALM2,B1A,MARK VIE A BFPT GENERAL ALARM,,STATE,ALARM,ALM,1,,,,!WP1001!WP1002!WP1003!WP1006!WP1007!WP1014!hist14!CP1002,1
2026-07-18 11:37:49.0,1MKVIE_ALM2,B2A,MARK VIE B BFPT GENERAL ALARM,,STATE,ALARM,ALM,1,,,,!WP1001!WP1002!WP1003!WP1006!WP1007!WP1014!hist14!CP1002,1
2026-07-18 11:37:49.3,1DAS11,IVVH0011,BFP A OUTB BRG     X  VIB,1723,HIABS,HIGH,ALM,1,2.01607,2,MILS,!WP1002!WP1006!WP1007!WP1001!WP1003!WP1014!hist14!CP1008,1
2026-07-18 11:37:49.3,1DAS11,IVVH0021,BFP A OUTB BRG     Y  VIB,1724,HIABS,HIGH,ALM,1,2.61879,2,MILS,!WP1002!WP1006!WP1007!WP1001!WP1003!WP1014!hist14!CP1008,1
2026-07-18 11:37:50.0,1BFA_GSM_ALM,BFA_ALM20,MARK VIE A BFPT ALARM,,STA_7,A BFPT MANUAL/DCS ERROR,ALM,5,0,0,,!WP1001!WP1002!WP1003!WP1006!WP1007!WP1014!hist14!CP1011,1
2026-07-18 11:37:51.4,1DAS11,IVVH0031,BFP A INB BRG  X  VIB,1725,HIABS,HIGH,ALM,1,2.00462,2,MILS,!WP1002!WP1006!WP1007!WP1001!WP1003!WP1014!hist14!CP1008,1
2026-07-18 11:37:52.0,1BFA_GSM_ALM,BFA_ALM12,MARK VIE A BFPT ALARM,,STA_4,BENTLY VIBRATION ALARM,ALM,1,0,0,,!WP1001!WP1002!WP1003!WP1006!WP1007!WP1014!hist14!CP1011,1
2026-07-18 11:37:52.0,1BFB_GSM_ALM,BFB_ALM12,MARK VIE B BFPT ALARM,,STA_4,BENTLY VIBRATION ALARM,ALM,1,0,0,,!WP1001!WP1002!WP1003!WP1006!WP1007!WP1014!hist14!CP1011,1
2026-07-18 11:37:54.0,1BFA_GSM_ALM,BFA_ALM12,MARK VIE A BFPT ALARM,,STA_4,BENTLY VIBRATION OK,RTN,1,0,0,,!WP1001!WP1002!WP1003!WP1006!WP1007!WP1014!hist14!CP1011,1
2026-07-18 11:37:54.0,1BFB_GSM_ALM,BFB_ALM12,MARK VIE B BFPT ALARM,,STA_4,BENTLY VIBRATION OK,RTN,1,0,0,,!WP1001!WP1002!WP1003!WP1006!WP1007!WP1014!hist14!CP1011,1
2026-07-18 11:37:55.3,1DAS11,IVVH0011,BFP A OUTB BRG     X  VIB,1723,HIABS,HIGH,RTN,1,1.57166,2,MILS,!WP1002!WP1006!WP1007!WP1001!WP1003!WP1014!hist14!CP1008,1
2026-07-18 11:37:57.3,1DAS11,IVVH0021,BFP A OUTB BRG     Y  VIB,1724,HIABS,HIGH,RTN,1,1.54495,2,MILS,!WP1002!WP1006!WP1007!WP1001!WP1003!WP1014!hist14!CP1008,1
2026-07-18 11:38:01.4,1DAS11,IVVH0021,BFP A OUTB BRG     Y  VIB,1724,HIABS,HIGH,ALM,1,2.17247,2,MILS,!WP1002!WP1006!WP1007!WP1001!WP1003!WP1014!hist14!CP1008,1
2026-07-18 11:38:02.0,1BFA_GSM_ALM,BFA_ALM12,MARK VIE A BFPT ALARM,,STA_4,BENTLY VIBRATION ALARM,ALM,1,0,0,,!WP1001!WP1002!WP1003!WP1006!WP1007!WP1014!hist14!CP1011,1
2026-07-18 11:38:02.0,1BFB_GSM_ALM,BFB_ALM12,MARK VIE B BFPT ALARM,,STA_4,BENTLY VIBRATION ALARM,ALM,1,0,0,,!WP1001!WP1002!WP1003!WP1006!WP1007!WP1014!hist14!CP1011,1
2026-07-18 11:38:05.3,1DAS11,IVVH0011,BFP A OUTB BRG     X  VIB,1723,HIABS,HIGH,ALM,1,2.06566,2,MILS,!WP1002!WP1006!WP1007!WP1001!WP1003!WP1014!hist14!CP1008,1
2026-07-18 11:38:06.1,1SCRA_IDSAV,SLPDI5416A,A IDMPR SCR SA PSG TO FG DUCT DP,,LOABS,SCR A IN DMPR SEAL DP LOW (SERV),ALM,5,1.99668,2,INH2O,!hist14!CP1016,2
2026-07-18 11:38:09.0,1BCS_7,IKTE3741,REHEAT TEMP LEFT (REDUNDANT),,HIABS,HIGH,ALM,1,1012.21,1012.18,DEG.F,!WP1002!WP1006!WP1007!WP1001!WP1003!WP1014!hist14!CP1007,1
2026-07-18 11:38:09.3,1DAS11,IVVH0441,BFP A INB BRG      Y  VIB,1726,HIABS,HIGH,ALM,1,2.18964,2,MILS,!WP1002!WP1006!WP1007!WP1001!WP1003!WP1014!hist14!CP1008,1
2026-07-18 11:38:10.4,1BFA_GSM_ALM,BFA_ALM12,MARK VIE A BFPT ALARM,,STA_4,BENTLY VIBRATION OK,RTN,1,0,0,,!WP1001!WP1002!WP1003!WP1006!WP1007!WP1014!hist14!CP1011,1
2026-07-18 11:38:10.4,1BFB_GSM_ALM,BFB_ALM12,MARK VIE B BFPT ALARM,,STA_4,BENTLY VIBRATION OK,RTN,1,0,0,,!WP1001!WP1002!WP1003!WP1006!WP1007!WP1014!hist14!CP1011,1
2026-07-18 11:38:11.4,1DAS11,IVVH0011,BFP A OUTB BRG     X  VIB,1723,HIABS,HIGH,RTN,1,1.12343,2,MILS,!WP1002!WP1006!WP1007!WP1001!WP1003!WP1014!hist14!CP1008,1
2026-07-18 11:38:11.4,1DAS11,IVVH0441,BFP A INB BRG      Y  VIB,1726,HIABS,HIGH,RTN,1,0.881196,2,MILS,!WP1002!WP1006!WP1007!WP1001!WP1003!WP1014!hist14!CP1008,1
2026-07-18 11:38:13.3,1DAS11,IVVH0021,BFP A OUTB BRG     Y  VIB,1724,HIABS,HIGH,RTN,1,1.38664,2,MILS,!WP1002!WP1006!WP1007!WP1001!WP1003!WP1014!hist14!CP1008,1
2026-07-18 11:38:13.3,1DAS11,IVVH0031,BFP A INB BRG  X  VIB,1725,HIABS,HIGH,RTN,1,0.822068,2,MILS,!WP1002!WP1006!WP1007!WP1001!WP1003!WP1014!hist14!CP1008,1
2026-07-18 11:38:24.5,1BCS_7,IKTE3441,REHEAT TEMP LEFT (NORM),,HIABS,HIGH,ALM,1,1012.18,1012.18,DEG.F,!WP1002!WP1006!WP1007!WP1001!WP1003!WP1014!hist14!CP1007,1
2026-07-18 11:38:29.1,1TC,B21,DROOP ACTIVE,DROOP,STATE,ACTIVE,ALM,5,,,,!hist14!CP1001,2
2026-07-18 11:38:39.7,1MELIM,ZDS5504,WET/DRY INTFC VLV  DM DEV,,HIDEV,HIGH DEVIATION ALARM,RTN,3,53.6641,57.5,%,!hist14!CP1017,2
2026-07-18 11:38:49.0,1MKVIE_ALM2,B1A,MARK VIE A BFPT GENERAL ALARM,,STATE,NORMAL,RTN,1,,,,!WP1001!WP1002!WP1003!WP1006!WP1007!WP1014!hist14!CP1002,1
2026-07-18 11:38:49.0,1MKVIE_ALM2,B2A,MARK VIE B BFPT GENERAL ALARM,,STATE,NORMAL,RTN,1,,,,!WP1001!WP1002!WP1003!WP1006!WP1007!WP1014!hist14!CP1002,1
2026-07-18 11:38:56.1,1TF,B24,TOTAL FUEL MOCS,,HIOUT,HIGH AVG MILL LOAD,ALM,5,80.0112,80,%,!WP1001!WP1002!WP1003!WP1006!WP1007!WP1014!hist14!CP1001,1
2026-07-18 11:39:34.6,1TF,B24,TOTAL FUEL MOCS,,HIOUT,HIGH AVG MILL LOAD,RTN,5,79.6021,80,%,!WP1001!WP1002!WP1003!WP1006!WP1007!WP1014!hist14!CP1001,1
2026-07-18 11:40:10.7,1MELIM,ZDS5504,WET/DRY INTFC VLV  DM DEV,,HIDEV,HIGH DEVIATION ALARM,ALM,3,98.7344,5,%,!hist14!CP1017,2
2026-07-18 11:40:27.0,1SOECIN,SOEP8881,ELEV CD FURN B    FLAME SCANNER,888,STATE,,RTN,5,,,,!WP1001!WP1002!WP1003!WP1006!WP1007!WP1014!hist14!CP1005,1
2026-07-18 11:40:38.6,IDFAN_PEEC,OPCY_ALM,PRECIP OUT > 50%,PRECIP OUTLET,STATE,ALARM,ALM,3,,,,!WP1001!WP1002!WP1003!WP1006!WP1007!WP1014!hist14!CP1003,1
2026-07-18 11:40:42.1,IDFAN_PEEC,OPCY_ALM,PRECIP OUT > 50%,PRECIP OUTLET,STATE,NORMAL,RTN,3,,,,!WP1001!WP1002!WP1003!WP1006!WP1007!WP1014!hist14!CP1003,1
2026-07-18 11:40:57.1,1TC,B21,DROOP ACTIVE,DROOP,STATE,NORMAL,RTN,5,,,,!hist14!CP1001,2
2026-07-18 11:41:23.1,1SCRA_IDSAV,SLPDI5416A,A IDMPR SCR SA PSG TO FG DUCT DP,,LOABS,SCR A IN DMPR SEAL DP LOW (SERV),RTN,5,2.21211,2,INH2O,!hist14!CP1016,2
2026-07-18 11:42:39.1,IDFAN_PEEC,OPCY_ALM,PRECIP OUT > 50%,PRECIP OUTLET,STATE,ALARM,ALM,3,,,,!WP1001!WP1002!WP1003!WP1006!WP1007!WP1014!hist14!CP1003,1
2026-07-18 11:42:40.1,IDFAN_PEEC,OPCY_ALM,PRECIP OUT > 50%,PRECIP OUTLET,STATE,NORMAL,RTN,3,,,,!WP1001!WP1002!WP1003!WP1006!WP1007!WP1014!hist14!CP1003,1
2026-07-18 11:43:21.5,1BCS_7,IKTE3441,REHEAT TEMP LEFT (NORM),,HIABS,HIGH,RTN,1,1007.18,1012.18,DEG.F,!WP1002!WP1006!WP1007!WP1001!WP1003!WP1014!hist14!CP1007,1
2026-07-18 11:43:28.5,1BCS_7,IKTE3741,REHEAT TEMP LEFT (REDUNDANT),,HIABS,HIGH,RTN,1,1007.17,1012.18,DEG.F,!WP1002!WP1006!WP1007!WP1001!WP1003!WP1014!hist14!CP1007,1
2026-07-18 11:44:22.1,1SCRA_IDSAV,SLPDI5416A,A IDMPR SCR SA PSG TO FG DUCT DP,,LOABS,SCR A IN DMPR SEAL DP LOW (SERV),ALM,5,1.9877,2,INH2O,!hist14!CP1016,2
2026-07-18 11:44:40.1,1SCRA_IDSAV,SLPDI5416A,A IDMPR SCR SA PSG TO FG DUCT DP,,LOABS,SCR A IN DMPR SEAL DP LOW (SERV),RTN,5,2.20566,2,INH2O,!hist14!CP1016,2
2026-07-18 11:45:42.6,1SBRS,B13,R.H. SOOT BLOWING REG FBK,,HIABS,R.H. SOOTBLOWER FB @ 90%,ALM,5,90.7773,90,PCT,!WP1002!WP1006!WP1007!WP1001!WP1003!WP1014!hist14!CP1009,1
2026-07-18 11:47:34.1,1SBRS,B13,R.H. SOOT BLOWING REG FBK,,HIABS,R.H. SOOTBLOWER FB @ 90%,RTN,5,89.6094,90,PCT,!WP1002!WP1006!WP1007!WP1001!WP1003!WP1014!hist14!CP1009,1
2026-07-18 11:48:22.4,1DAS11,ISPSH1131,LIGHTER OIL SUPPLY PRESS ALM,,HIABS,HI LIGHTER OIL SUPPLY PRESS,RTN,1,164.082,175,KPH,!WP1002!WP1006!WP1007!WP1001!WP1003!WP1014!hist14!CP1008,1
2026-07-18 11:48:27.0,1BCS_7,IKTE3741,REHEAT TEMP LEFT (REDUNDANT),,HIABS,HIGH,ALM,1,1012.2,1012.18,DEG.F,!WP1002!WP1006!WP1007!WP1001!WP1003!WP1014!hist14!CP1007,1
2026-07-18 11:48:52.6,1SCRA_IDSAV,SLPDI5416A,A IDMPR SCR SA PSG TO FG DUCT DP,,LOABS,SCR A IN DMPR SEAL DP LOW (SERV),ALM,5,1.99668,2,INH2O,!hist14!CP1016,2
2026-07-18 11:49:24.6,1SCRA_IDSAV,SLPDI5416A,A IDMPR SCR SA PSG TO FG DUCT DP,,LOABS,SCR A IN DMPR SEAL DP LOW (SERV),RTN,5,2.21836,2,INH2O,!hist14!CP1016,2
2026-07-18 11:49:33.6,1SCRA_IDSAV,SLPDI5416A,A IDMPR SCR SA PSG TO FG DUCT DP,,LOABS,SCR A IN DMPR SEAL DP LOW (SERV),ALM,5,1.99063,2,INH2O,!hist14!CP1016,2
2026-07-18 11:49:51.1,1SCRA_IDSAV,SLPDI5416A,A IDMPR SCR SA PSG TO FG DUCT DP,,LOABS,SCR A IN DMPR SEAL DP LOW (SERV),RTN,5,2.2127,2,INH2O,!hist14!CP1016,2
2026-07-18 11:51:43.1,1SBRS,B13,R.H. SOOT BLOWING REG FBK,,HIABS,R.H. SOOTBLOWER FB @ 90%,ALM,5,90.4551,90,PCT,!WP1002!WP1006!WP1007!WP1001!WP1003!WP1014!hist14!CP1009,1
2026-07-18 11:51:47.1,1SCRA_IDSAV,SLPDI5416A,A IDMPR SCR SA PSG TO FG DUCT DP,,LOABS,SCR A IN DMPR SEAL DP LOW (SERV),ALM,5,1.99336,2,INH2O,!hist14!CP1016,2
2026-07-18 11:52:48.6,1SBRS,B13,R.H. SOOT BLOWING REG FBK,,HIABS,R.H. SOOTBLOWER FB @ 90%,RTN,5,87.1484,90,PCT,!WP1002!WP1006!WP1007!WP1001!WP1003!WP1014!hist14!CP1009,1
2026-07-18 11:53:39.7,1MELIM,ZDS5504,WET/DRY INTFC VLV  DM DEV,,HIDEV,HIGH DEVIATION ALARM,RTN,3,53.5957,57.5,%,!hist14!CP1017,2
2026-07-18 11:54:21.5,1BCS_7,IKTE3751,REHEAT TEMP RIGHT (REDUNDANT),,HIABS,HIGH,ALM,1,1012.2,1012.18,DEG.F,!WP1002!WP1006!WP1007!WP1001!WP1003!WP1014!hist14!CP1007,1
2026-07-18 11:54:33.6,1SCRA_IDSAV,SLPDI5416A,A IDMPR SCR SA PSG TO FG DUCT DP,,LOABS,SCR A IN DMPR SEAL DP LOW (SERV),RTN,5,2.20547,2,INH2O,!hist14!CP1016,2
2026-07-18 11:54:39.1,1SCRA_IDSAV,SLPDI5416A,A IDMPR SCR SA PSG TO FG DUCT DP,,LOABS,SCR A IN DMPR SEAL DP LOW (SERV),ALM,5,1.97012,2,INH2O,!hist14!CP1016,2
2026-07-18 11:54:46.1,1SCRA_IDSAV,SLPDI5416A,A IDMPR SCR SA PSG TO FG DUCT DP,,LOABS,SCR A IN DMPR SEAL DP LOW (SERV),RTN,5,2.20449,2,INH2O,!hist14!CP1016,2
2026-07-18 11:54:51.6,1SCRA_IDSAV,SLPDI5416A,A IDMPR SCR SA PSG TO FG DUCT DP,,LOABS,SCR A IN DMPR SEAL DP LOW (SERV),ALM,5,1.98867,2,INH2O,!hist14!CP1016,2
2026-07-18 11:54:58.6,1SCRA_IDSAV,SLPDI5416A,A IDMPR SCR SA PSG TO FG DUCT DP,,LOABS,SCR A IN DMPR SEAL DP LOW (SERV),RTN,5,2.20098,2,INH2O,!hist14!CP1016,2
2026-07-18 11:55:05.6,1SCRA_IDSAV,SLPDI5416A,A IDMPR SCR SA PSG TO FG DUCT DP,,LOABS,SCR A IN DMPR SEAL DP LOW (SERV),ALM,5,1.99004,2,INH2O,!hist14!CP1016,2
2026-07-18 11:55:10.7,1MELIM,ZDS5504,WET/DRY INTFC VLV  DM DEV,,HIDEV,HIGH DEVIATION ALARM,ALM,3,98.8359,5,%,!hist14!CP1017,2
2026-07-18 11:56:14.0,1BCS_7,IKTE3751,REHEAT TEMP RIGHT (REDUNDANT),,HIABS,HIGH,RTN,1,1007.15,1012.18,DEG.F,!WP1002!WP1006!WP1007!WP1001!WP1003!WP1014!hist14!CP1007,1
2026-07-18 11:57:16.6,1SCRA_IDSAV,SLPDI5416A,A IDMPR SCR SA PSG TO FG DUCT DP,,LOABS,SCR A IN DMPR SEAL DP LOW (SERV),RTN,5,2.20547,2,INH2O,!hist14!CP1016,2
2026-07-18 11:57:33.1,1SCRA_IDSAV,SLPDI5416A,A IDMPR SCR SA PSG TO FG DUCT DP,,LOABS,SCR A IN DMPR SEAL DP LOW (SERV),ALM,5,1.96621,2,INH2O,!hist14!CP1016,2
2026-07-18 11:57:44.0,1BCS_7,IKTE3741,REHEAT TEMP LEFT (REDUNDANT),,HIABS,HIGH,RTN,1,1007.09,1012.18,DEG.F,!WP1002!WP1006!WP1007!WP1001!WP1003!WP1014!hist14!CP1007,1
2026-07-18 11:58:13.1,1SCRA_IDSAV,SLPDI5416A,A IDMPR SCR SA PSG TO FG DUCT DP,,LOABS,SCR A IN DMPR SEAL DP LOW (SERV),RTN,5,2.20371,2,INH2O,!hist14!CP1016,2
2026-07-18 11:58:22.6,1SCRA_IDSAV,SLPDI5416A,A IDMPR SCR SA PSG TO FG DUCT DP,,LOABS,SCR A IN DMPR SEAL DP LOW (SERV),ALM,5,1.9918,2,INH2O,!hist14!CP1016,2
2026-07-18 11:58:53.4,1DAS11,IAAH3281,COND PUMP DISCH   SILICA,1233,HIABS,HIGH,ALM,1,10.2422,10,ppb,!WP1002!WP1006!WP1007!WP1001!WP1003!WP1014!hist14!CP1008,1
2026-07-18 11:59:50.2,IDFAN_PEEC,OPCY_ALM,PRECIP OUT > 50%,PRECIP OUTLET,STATE,ALARM,ALM,3,,,,!WP1001!WP1002!WP1003!WP1006!WP1007!WP1014!hist14!CP1003,1
2026-07-18 11:59:55.2,IDFAN_PEEC,OPCY_ALM,PRECIP OUT > 50%,PRECIP OUTLET,STATE,NORMAL,RTN,3,,,,!WP1001!WP1002!WP1003!WP1006!WP1007!WP1014!hist14!CP1003,1
2026-07-18 12:00:08.2,1AR_LS,DEV_5803,LS SYS B,,STATE,VALVE 5803 DEVIATION,ALM,3,,,,!WP1001!WP1002!WP1003!WP1006!WP1007!WP1014!hist14!CP1017,1
2026-07-18 12:00:26.6,1SCRA_IDSAV,SLPDI5416A,A IDMPR SCR SA PSG TO FG DUCT DP,,LOABS,SCR A IN DMPR SEAL DP LOW (SERV),RTN,5,2.20391,2,INH2O,!hist14!CP1016,2
2026-07-18 12:00:57.0,1BCS_7,IKTE3741,REHEAT TEMP LEFT (REDUNDANT),,HIABS,HIGH,ALM,1,1012.2,1012.18,DEG.F,!WP1002!WP1006!WP1007!WP1001!WP1003!WP1014!hist14!CP1007,1
2026-07-18 12:01:03.7,1AR_LS,DEV_5803,LS SYS B,,STATE,,RTN,3,,,,!WP1001!WP1002!WP1003!WP1006!WP1007!WP1014!hist14!CP1017,1
2026-07-18 12:01:38.6,1SBRS,B13,R.H. SOOT BLOWING REG FBK,,HIABS,R.H. SOOTBLOWER FB @ 90%,ALM,5,91.7676,90,PCT,!WP1002!WP1006!WP1007!WP1001!WP1003!WP1014!hist14!CP1009,1
2026-07-18 12:01:47.1,1SCRA_IDSAV,SLPDI5416A,A IDMPR SCR SA PSG TO FG DUCT DP,,LOABS,SCR A IN DMPR SEAL DP LOW (SERV),ALM,5,1.99629,2,INH2O,!hist14!CP1016,2
2026-07-18 12:02:00.6,1SCRA_IDSAV,SLPDI5416A,A IDMPR SCR SA PSG TO FG DUCT DP,,LOABS,SCR A IN DMPR SEAL DP LOW (SERV),RTN,5,2.20957,2,INH2O,!hist14!CP1016,2
2026-07-18 12:02:20.1,1SCRA_IDSAV,SLPDI5416A,A IDMPR SCR SA PSG TO FG DUCT DP,,LOABS,SCR A IN DMPR SEAL DP LOW (SERV),ALM,5,1.99141,2,INH2O,!hist14!CP1016,2
2026-07-18 12:02:24.1,1SCRA_IDSAV,SLPDI5416A,A IDMPR SCR SA PSG TO FG DUCT DP,,LOABS,SCR A IN DMPR SEAL DP LOW (SERV),RTN,5,2.20996,2,INH2O,!hist14!CP1016,2
2026-07-18 12:02:25.5,1BCS_7,IKTE3741,REHEAT TEMP LEFT (REDUNDANT),,HIABS,HIGH,RTN,1,1007.17,1012.18,DEG.F,!WP1002!WP1006!WP1007!WP1001!WP1003!WP1014!hist14!CP1007,1
2026-07-18 12:02:47.6,1SBRS,B13,R.H. SOOT BLOWING REG FBK,,HIABS,R.H. SOOTBLOWER FB @ 90%,RTN,5,88.3066,90,PCT,!WP1002!WP1006!WP1007!WP1001!WP1003!WP1014!hist14!CP1009,1
2026-07-18 12:02:55.1,1SCRA_IDSAV,SLPDI5416A,A IDMPR SCR SA PSG TO FG DUCT DP,,LOABS,SCR A IN DMPR SEAL DP LOW (SERV),ALM,5,1.9793,2,INH2O,!hist14!CP1016,2
2026-07-18 12:07:02.6,1SCRA_IDSAV,SLPDI5416A,A IDMPR SCR SA PSG TO FG DUCT DP,,LOABS,SCR A IN DMPR SEAL DP LOW (SERV),RTN,5,2.21367,2,INH2O,!hist14!CP1016,2
2026-07-18 12:07:05.7,IDFAN_PEEC,OPCY_ALM,PRECIP OUT > 50%,PRECIP OUTLET,STATE,ALARM,ALM,3,,,,!WP1001!WP1002!WP1003!WP1006!WP1007!WP1014!hist14!CP1003,1
2026-07-18 12:07:09.7,IDFAN_PEEC,OPCY_ALM,PRECIP OUT > 50%,PRECIP OUTLET,STATE,NORMAL,RTN,3,,,,!WP1001!WP1002!WP1003!WP1006!WP1007!WP1014!hist14!CP1003,1
2026-07-18 12:07:10.6,1SCRA_IDSAV,SLPDI5416A,A IDMPR SCR SA PSG TO FG DUCT DP,,LOABS,SCR A IN DMPR SEAL DP LOW (SERV),ALM,5,1.98398,2,INH2O,!hist14!CP1016,2
2026-07-18 12:08:39.7,1MELIM,ZDS5504,WET/DRY INTFC VLV  DM DEV,,HIDEV,HIGH DEVIATION ALARM,RTN,3,53.6309,57.5,%,!hist14!CP1017,2
2026-07-18 12:08:48.4,1DAS11,IAAH3281,COND PUMP DISCH   SILICA,1233,HIABS,HIGH,RTN,1,8.24219,10,ppb,!WP1002!WP1006!WP1007!WP1001!WP1003!WP1014!hist14!CP1008,1
2026-07-18 12:09:26.2,1GS_A,BLEED_FAIL,BLEED SYSTEM A FAILURE,,STATE,BLEED SYSTEM A EQUIPMENT FAILURE,ALM,3,,,,!WP1001!WP1002!WP1003!WP1006!WP1007!WP1014!hist14!CP1017,1
2026-07-18 12:10:10.7,1MELIM,ZDS5504,WET/DRY INTFC VLV  DM DEV,,HIDEV,HIGH DEVIATION ALARM,ALM,3,99.2148,5,%,!hist14!CP1017,2
2026-07-18 12:15:20.6,1TF,B24,TOTAL FUEL MOCS,,HIOUT,HIGH AVG MILL LOAD,ALM,5,80.0513,80,%,!WP1001!WP1002!WP1003!WP1006!WP1007!WP1014!hist14!CP1001,1
2026-07-18 12:15:36.6,1TF,B24,TOTAL FUEL MOCS,,HIOUT,HIGH AVG MILL LOAD,RTN,5,79.9817,80,%,!WP1001!WP1002!WP1003!WP1006!WP1007!WP1014!hist14!CP1001,1
2026-07-18 12:16:13.2,IDFAN_PEEC,OPCY_ALM,PRECIP OUT > 50%,PRECIP OUTLET,STATE,ALARM,ALM,3,,,,!WP1001!WP1002!WP1003!WP1006!WP1007!WP1014!hist14!CP1003,1
2026-07-18 12:16:18.7,IDFAN_PEEC,OPCY_ALM,PRECIP OUT > 50%,PRECIP OUTLET,STATE,NORMAL,RTN,3,,,,!WP1001!WP1002!WP1003!WP1006!WP1007!WP1014!hist14!CP1003,1
2026-07-18 12:16:48.2,IDFAN_PEEC,OPCY_ALM,PRECIP OUT > 50%,PRECIP OUTLET,STATE,ALARM,ALM,3,,,,!WP1001!WP1002!WP1003!WP1006!WP1007!WP1014!hist14!CP1003,1
2026-07-18 12:16:56.2,IDFAN_PEEC,OPCY_ALM,PRECIP OUT > 50%,PRECIP OUTLET,STATE,NORMAL,RTN,3,,,,!WP1001!WP1002!WP1003!WP1006!WP1007!WP1014!hist14!CP1003,1
2026-07-18 12:17:31.1,1FG_B_HYD,MO5750B_ASTR,BF B HYD OIL CLR B AUTOSTART,,STATE,ON A FAILURE,ALM,3,,,,!WP1001!WP1002!WP1003!WP1006!WP1007!WP1014!hist14!CP1015,1
2026-07-18 12:17:31.1,1FG_B_HYD,TSHL5742A,BF B HYD OIL TANK ALM,HYDRAULIC OIL,HIABS,HI ALARM,ALM,1,122.023,122,DEGF,!WP1001!WP1002!WP1003!WP1006!WP1007!WP1014!hist14!CP1015,1
2026-07-18 12:17:33.1,1FG_B_HYD,MO5750B_ASTR,BF B HYD OIL CLR B AUTOSTART,,STATE,NORMAL,RTN,3,,,,!WP1001!WP1002!WP1003!WP1006!WP1007!WP1014!hist14!CP1015,1
2026-07-18 12:19:41.1,1FG_B_HYD,TSHL5742A,BF B HYD OIL TANK ALM,HYDRAULIC OIL,HIABS,HI ALARM,RTN,1,121.484,122,DEGF,!WP1001!WP1002!WP1003!WP1006!WP1007!WP1014!hist14!CP1015,1
2026-07-18 12:19:46.7,1MELIM,ZDS5504,WET/DRY INTFC VLV  DM DEV,,HIDEV,HIGH DEVIATION ALARM,RTN,3,53.6523,57.5,%,!hist14!CP1017,2
2026-07-18 12:20:39.6,1SBRS,B13,R.H. SOOT BLOWING REG FBK,,HIABS,R.H. SOOTBLOWER FB @ 90%,ALM,5,91.9512,90,PCT,!WP1002!WP1006!WP1007!WP1001!WP1003!WP1014!hist14!CP1009,1
2026-07-18 12:20:44.6,1AAIR,B16,WINDBOX/FURN DIFF PRESS,,LLABS,WINDBIX/FURN PRESS LOW,RTN,5,2.50576,2,INWC,!WP1001!WP1002!WP1003!WP1006!WP1007!WP1014!hist14!CP1001,1
2026-07-18 12:20:44.7,1LP_HTRLVL1,LDA048,LP HTR 1 EMERG VALVE DMD POS DEV,,LODEV,LOW DEV,ALM,1,1.30664,2.18348,%,!WP1001!WP1002!WP1003!WP1006!WP1007!WP1014!hist14!CP1013,1
2026-07-18 12:20:47.7,1MELIM,ZDS5504,WET/DRY INTFC VLV  DM DEV,,LODEV,LOW DEVIATION ALARM,ALM,3,-1.23828,95,%,!hist14!CP1017,2
2026-07-18 12:20:48.2,1LP_HTRLVL1,LDA048,LP HTR 1 EMERG VALVE DMD POS DEV,,LODEV,LOW DEV,RTN,1,10.8613,8.69904,%,!WP1001!WP1002!WP1003!WP1006!WP1007!WP1014!hist14!CP1013,1
2026-07-18 12:21:24.7,1GS_A,BLEED_FAIL,BLEED SYSTEM A FAILURE,,STATE,BLEED SYSTEM A NORMAL,RTN,3,,,,!WP1001!WP1002!WP1003!WP1006!WP1007!WP1014!hist14!CP1017,1
2026-07-18 12:21:47.6,1SBRS,B13,R.H. SOOT BLOWING REG FBK,,HIABS,R.H. SOOTBLOWER FB @ 90%,RTN,5,86.875,90,PCT,!WP1002!WP1006!WP1007!WP1001!WP1003!WP1014!hist14!CP1009,1
2026-07-18 12:21:58.2,IDFAN_PEEC,OPCY_ALM,PRECIP OUT > 50%,PRECIP OUTLET,STATE,ALARM,ALM,3,,,,!WP1001!WP1002!WP1003!WP1006!WP1007!WP1014!hist14!CP1003,1
2026-07-18 12:22:01.7,IDFAN_PEEC,OPCY_ALM,PRECIP OUT > 50%,PRECIP OUTLET,STATE,NORMAL,RTN,3,,,,!WP1001!WP1002!WP1003!WP1006!WP1007!WP1014!hist14!CP1003,1
2026-07-18 12:22:27.7,IDFAN_PEEC,OPCY_ALM,PRECIP OUT > 50%,PRECIP OUTLET,STATE,ALARM,ALM,3,,,,!WP1001!WP1002!WP1003!WP1006!WP1007!WP1014!hist14!CP1003,1
2026-07-18 12:23:08.2,IDFAN_PEEC,OPCY_ALM,PRECIP OUT > 50%,PRECIP OUTLET,STATE,NORMAL,RTN,3,,,,!WP1001!WP1002!WP1003!WP1006!WP1007!WP1014!hist14!CP1003,1
2026-07-18 12:23:14.2,IDFAN_PEEC,OPCY_ALM,PRECIP OUT > 50%,PRECIP OUTLET,STATE,ALARM,ALM,3,,,,!WP1001!WP1002!WP1003!WP1006!WP1007!WP1014!hist14!CP1003,1
2026-07-18 12:23:19.2,IDFAN_PEEC,OPCY_ALM,PRECIP OUT > 50%,PRECIP OUTLET,STATE,NORMAL,RTN,3,,,,!WP1001!WP1002!WP1003!WP1006!WP1007!WP1014!hist14!CP1003,1
2026-07-18 12:24:37.2,IDFAN_PEEC,OPCY_ALM,PRECIP OUT > 50%,PRECIP OUTLET,STATE,ALARM,ALM,3,,,,!WP1001!WP1002!WP1003!WP1006!WP1007!WP1014!hist14!CP1003,1
2026-07-18 12:24:38.2,IDFAN_PEEC,OPCY_ALM,PRECIP OUT > 50%,PRECIP OUTLET,STATE,NORMAL,RTN,3,,,,!WP1001!WP1002!WP1003!WP1006!WP1007!WP1014!hist14!CP1003,1
2026-07-18 12:27:47.2,1NW_ESP_SMP,NWAI6702B,PRECIP SUMP PMP B DSCH PH,,IOBAD,BAD CHANNEL,RTN,3,,,,!WP1002!WP1011!WP1001!hist14!CP1020,1
2026-07-18 12:28:01.5,1BCS_7,IKTE3741,REHEAT TEMP LEFT (REDUNDANT),,HIABS,HIGH,ALM,1,1012.23,1012.18,DEG.F,!WP1002!WP1006!WP1007!WP1001!WP1003!WP1014!hist14!CP1007,1
2026-07-18 12:28:03.0,1BCS_7,IKTE3441,REHEAT TEMP LEFT (NORM),,HIABS,HIGH,ALM,1,1012.23,1012.18,DEG.F,!WP1002!WP1006!WP1007!WP1001!WP1003!WP1014!hist14!CP1007,1
2026-07-18 12:28:37.0,1BCS_7,IKTE3751,REHEAT TEMP RIGHT (REDUNDANT),,HIABS,HIGH,ALM,1,1012.21,1012.18,DEG.F,!WP1002!WP1006!WP1007!WP1001!WP1003!WP1014!hist14!CP1007,1
2026-07-18 12:28:39.4,1DAS11,IAAH3281,COND PUMP DISCH   SILICA,1233,HIABS,HIGH,ALM,1,10.002,10,ppb,!WP1002!WP1006!WP1007!WP1001!WP1003!WP1014!hist14!CP1008,1
2026-07-18 12:28:44.5,1BCS_7,IKTE3451,REHEAT TEMP RIGHT (NORM),,HIABS,HIGH,ALM,1,1012.23,1012.18,DEG.F,!WP1002!WP1006!WP1007!WP1001!WP1003!WP1014!hist14!CP1007,1
2026-07-18 12:30:07.5,1BCS_7,IKTE3441,REHEAT TEMP LEFT (NORM),,HIABS,HIGH,RTN,1,1007.07,1012.18,DEG.F,!WP1002!WP1006!WP1007!WP1001!WP1003!WP1014!hist14!CP1007,1
2026-07-18 12:30:10.0,1BCS_7,IKTE3741,REHEAT TEMP LEFT (REDUNDANT),,HIABS,HIGH,RTN,1,1007.13,1012.18,DEG.F,!WP1002!WP1006!WP1007!WP1001!WP1003!WP1014!hist14!CP1007,1
2026-07-18 12:30:35.2,IDFAN_PEEC,OPCY_ALM,PRECIP OUT > 50%,PRECIP OUTLET,STATE,ALARM,ALM,3,,,,!WP1001!WP1002!WP1003!WP1006!WP1007!WP1014!hist14!CP1003,1
2026-07-18 12:30:42.5,1BCS_7,IKTE3451,REHEAT TEMP RIGHT (NORM),,HIABS,HIGH,RTN,1,1007.17,1012.18,DEG.F,!WP1002!WP1006!WP1007!WP1001!WP1003!WP1014!hist14!CP1007,1
2026-07-18 12:30:50.0,1BCS_7,IKTE3751,REHEAT TEMP RIGHT (REDUNDANT),,HIABS,HIGH,RTN,1,1007.06,1012.18,DEG.F,!WP1002!WP1006!WP1007!WP1001!WP1003!WP1014!hist14!CP1007,1
2026-07-18 12:31:49.4,1JMILL,UBOWL_LO,JPULV SEAL AIR UND BOWL DP < 5,,STATE,PULV SEAL AIR UND BOWL DP NOT<5,RTN,5,,,,!WP1001!WP1002!WP1003!WP1006!WP1007!WP1014!hist14!CP1004,1
2026-07-18 12:31:51.6,1TF,B24,TOTAL FUEL MOCS,,HIOUT,HIGH AVG MILL LOAD,ALM,5,80.0054,80,%,!WP1001!WP1002!WP1003!WP1006!WP1007!WP1014!hist14!CP1001,1
2026-07-18 12:32:00.4,1PDF,SLPSL0001,PULV LOW SEAL AIR HDR DIFF PRESS,,LOABS,PULV LOW SEAL AIR HDR DIFF PRESS,ALM,1,3.94131,4,INH2O,!WP1001!WP1002!WP1003!WP1006!WP1007!WP1014!hist14!CP1004,1
2026-07-18 12:32:03.4,1PDF,SLPSL0001,PULV LOW SEAL AIR HDR DIFF PRESS,,LOABS,PULV LOW SEAL AIR HDR DIFF PRESS,RTN,1,4.07139,4,INH2O,!WP1001!WP1002!WP1003!WP1006!WP1007!WP1014!hist14!CP1004,1
2026-07-18 12:32:05.4,1PDF,SLPSL0001,PULV LOW SEAL AIR HDR DIFF PRESS,,LOABS,PULV LOW SEAL AIR HDR DIFF PRESS,ALM,1,3.99521,4,INH2O,!WP1001!WP1002!WP1003!WP1006!WP1007!WP1014!hist14!CP1004,1
2026-07-18 12:32:10.4,1PDF,SLPSL0001,PULV LOW SEAL AIR HDR DIFF PRESS,,LOABS,PULV LOW SEAL AIR HDR DIFF PRESS,RTN,1,4.02481,4,INH2O,!WP1001!WP1002!WP1003!WP1006!WP1007!WP1014!hist14!CP1004,1
2026-07-18 12:32:11.4,1PDF,SLPSL0001,PULV LOW SEAL AIR HDR DIFF PRESS,,LOABS,PULV LOW SEAL AIR HDR DIFF PRESS,ALM,1,3.88447,4,INH2O,!WP1001!WP1002!WP1003!WP1006!WP1007!WP1014!hist14!CP1004,1
2026-07-18 12:32:13.1,1TF,B24,TOTAL FUEL MOCS,,HIOUT,HIGH AVG MILL LOAD,RTN,5,79.924,80,%,!WP1001!WP1002!WP1003!WP1006!WP1007!WP1014!hist14!CP1001,1
2026-07-18 12:33:07.1,1SBRS,B13,R.H. SOOT BLOWING REG FBK,,HIABS,R.H. SOOTBLOWER FB @ 90%,ALM,5,94.9473,90,PCT,!WP1002!WP1006!WP1007!WP1001!WP1003!WP1014!hist14!CP1009,1
2026-07-18 12:33:12.6,1SBRS,B13,R.H. SOOT BLOWING REG FBK,,HIABS,R.H. SOOTBLOWER FB @ 90%,RTN,5,89.834,90,PCT,!WP1002!WP1006!WP1007!WP1001!WP1003!WP1014!hist14!CP1009,1
2026-07-18 12:33:23.4,1PDF,SLPSL0001,PULV LOW SEAL AIR HDR DIFF PRESS,,LOABS,PULV LOW SEAL AIR HDR DIFF PRESS,RTN,1,4.02656,4,INH2O,!WP1001!WP1002!WP1003!WP1006!WP1007!WP1014!hist14!CP1004,1
2026-07-18 12:33:39.6,1TF,B24,TOTAL FUEL MOCS,,HIOUT,HIGH AVG MILL LOAD,ALM,5,80.0401,80,%,!WP1001!WP1002!WP1003!WP1006!WP1007!WP1014!hist14!CP1001,1
2026-07-18 12:33:40.7,IDFAN_PEEC,OPCY_ALM,PRECIP OUT > 50%,PRECIP OUTLET,STATE,NORMAL,RTN,3,,,,!WP1001!WP1002!WP1003!WP1006!WP1007!WP1014!hist14!CP1003,1
2026-07-18 12:33:47.7,IDFAN_PEEC,OPCY_ALM,PRECIP OUT > 50%,PRECIP OUTLET,STATE,ALARM,ALM,3,,,,!WP1001!WP1002!WP1003!WP1006!WP1007!WP1014!hist14!CP1003,1
2026-07-18 12:33:58.2,IDFAN_PEEC,OPCY_ALM,PRECIP OUT > 50%,PRECIP OUTLET,STATE,NORMAL,RTN,3,,,,!WP1001!WP1002!WP1003!WP1006!WP1007!WP1014!hist14!CP1003,1
2026-07-18 12:34:03.6,1TF,B24,TOTAL FUEL MOCS,,HIOUT,HIGH AVG MILL LOAD,RTN,5,79.9673,80,%,!WP1001!WP1002!WP1003!WP1006!WP1007!WP1014!hist14!CP1001,1
2026-07-18 12:34:29.4,1PDF,SLPSL0001,PULV LOW SEAL AIR HDR DIFF PRESS,,LOABS,PULV LOW SEAL AIR HDR DIFF PRESS,ALM,1,3.92021,4,INH2O,!WP1001!WP1002!WP1003!WP1006!WP1007!WP1014!hist14!CP1004,1
2026-07-18 12:34:47.7,IDFAN_PEEC,OPCY_ALM,PRECIP OUT > 50%,PRECIP OUTLET,STATE,ALARM,ALM,3,,,,!WP1001!WP1002!WP1003!WP1006!WP1007!WP1014!hist14!CP1003,1
2026-07-18 12:35:13.7,IDFAN_PEEC,OPCY_ALM,PRECIP OUT > 50%,PRECIP OUTLET,STATE,NORMAL,RTN,3,,,,!WP1001!WP1002!WP1003!WP1006!WP1007!WP1014!hist14!CP1003,1
2026-07-18 12:35:17.7,IDFAN_PEEC,OPCY_ALM,PRECIP OUT > 50%,PRECIP OUTLET,STATE,ALARM,ALM,3,,,,!WP1001!WP1002!WP1003!WP1006!WP1007!WP1014!hist14!CP1003,1
2026-07-18 12:35:18.7,1NW_ESP_SMP,NWAI6702B,PRECIP SUMP PMP B DSCH PH,,IOBAD,BAD CHANNEL,RTN,3,,,,!WP1002!WP1011!WP1001!hist14!CP1020,1
2026-07-18 12:35:18.2,1NW_ESP_SMP,NWAI6702B,PRECIP SUMP PMP B DSCH PH,,IOBAD,BAD CHANNEL,ALM,3,,,,!WP1002!WP1011!WP1001!hist14!CP1020,1
2026-07-18 12:35:22.2,1NW_ESP_SMP,NWAI6702B,PRECIP SUMP PMP B DSCH PH,,IOBAD,BAD CHANNEL,ALM,3,,,,!WP1002!WP1011!WP1001!hist14!CP1020,1
2026-07-18 12:35:26.7,1WB_DEV,AA_JJ_DEV,AUX AIR JJ ANY DEV,,STATE,DEVIATION,ALM,5,,,,,0
2026-07-18 12:36:08.7,IDFAN_PEEC,OPCY_ALM,PRECIP OUT > 50%,PRECIP OUTLET,STATE,NORMAL,RTN,3,,,,!WP1001!WP1002!WP1003!WP1006!WP1007!WP1014!hist14!CP1003,1
2026-07-18 12:36:37.2,IDFAN_PEEC,OPCY_ALM,PRECIP OUT > 50%,PRECIP OUTLET,STATE,ALARM,ALM,3,,,,!WP1001!WP1002!WP1003!WP1006!WP1007!WP1014!hist14!CP1003,1
2026-07-18 12:36:44.7,IDFAN_PEEC,OPCY_ALM,PRECIP OUT > 50%,PRECIP OUTLET,STATE,NORMAL,RTN,3,,,,!WP1001!WP1002!WP1003!WP1006!WP1007!WP1014!hist14!CP1003,1
2026-07-18 12:37:17.7,IDFAN_PEEC,OPCY_ALM,PRECIP OUT > 50%,PRECIP OUTLET,STATE,ALARM,ALM,3,,,,!WP1001!WP1002!WP1003!WP1006!WP1007!WP1014!hist14!CP1003,1
2026-07-18 12:37:28.7,IDFAN_PEEC,OPCY_ALM,PRECIP OUT > 50%,PRECIP OUTLET,STATE,NORMAL,RTN,3,,,,!WP1001!WP1002!WP1003!WP1006!WP1007!WP1014!hist14!CP1003,1
2026-07-18 12:38:30.4,1PDF,SLPSL0001,PULV LOW SEAL AIR HDR DIFF PRESS,,LOABS,PULV LOW SEAL AIR HDR DIFF PRESS,RTN,1,4.06377,4,INH2O,!WP1001!WP1002!WP1003!WP1006!WP1007!WP1014!hist14!CP1004,1
2026-07-18 12:38:31.4,1PDF,SLPSL0001,PULV LOW SEAL AIR HDR DIFF PRESS,,LOABS,PULV LOW SEAL AIR HDR DIFF PRESS,ALM,1,3.89473,4,INH2O,!WP1001!WP1002!WP1003!WP1006!WP1007!WP1014!hist14!CP1004,1
2026-07-18 12:39:01.2,IDFAN_PEEC,OPCY_ALM,PRECIP OUT > 50%,PRECIP OUTLET,STATE,ALARM,ALM,3,,,,!WP1001!WP1002!WP1003!WP1006!WP1007!WP1014!hist14!CP1003,1
2026-07-18 12:39:14.2,IDFAN_PEEC,OPCY_ALM,PRECIP OUT > 50%,PRECIP OUTLET,STATE,NORMAL,RTN,3,,,,!WP1001!WP1002!WP1003!WP1006!WP1007!WP1014!hist14!CP1003,1
2026-07-18 12:40:16.5,1BCS_7,IKTE3751,REHEAT TEMP RIGHT (REDUNDANT),,HIABS,HIGH,ALM,1,1012.19,1012.18,DEG.F,!WP1002!WP1006!WP1007!WP1001!WP1003!WP1014!hist14!CP1007,1
2026-07-18 12:40:29.5,1BCS_7,IKTE3451,REHEAT TEMP RIGHT (NORM),,HIABS,HIGH,ALM,1,1012.19,1012.18,DEG.F,!WP1002!WP1006!WP1007!WP1001!WP1003!WP1014!hist14!CP1007,1
2026-07-18 12:41:47.0,1BCS_7,IKTE3451,REHEAT TEMP RIGHT (NORM),,HIABS,HIGH,RTN,1,1007.14,1012.18,DEG.F,!WP1002!WP1006!WP1007!WP1001!WP1003!WP1014!hist14!CP1007,1
2026-07-18 12:41:53.5,1BCS_7,IKTE3751,REHEAT TEMP RIGHT (REDUNDANT),,HIABS,HIGH,RTN,1,1007.17,1012.18,DEG.F,!WP1002!WP1006!WP1007!WP1001!WP1003!WP1014!hist14!CP1007,1
2026-07-18 12:42:02.7,IDFAN_PEEC,OPCY_ALM,PRECIP OUT > 50%,PRECIP OUTLET,STATE,ALARM,ALM,3,,,,!WP1001!WP1002!WP1003!WP1006!WP1007!WP1014!hist14!CP1003,1
2026-07-18 12:42:09.7,IDFAN_PEEC,OPCY_ALM,PRECIP OUT > 50%,PRECIP OUTLET,STATE,NORMAL,RTN,3,,,,!WP1001!WP1002!WP1003!WP1006!WP1007!WP1014!hist14!CP1003,1
2026-07-18 12:44:16.7,IDFAN_PEEC,OPCY_ALM,PRECIP OUT > 50%,PRECIP OUTLET,STATE,ALARM,ALM,3,,,,!WP1001!WP1002!WP1003!WP1006!WP1007!WP1014!hist14!CP1003,1
2026-07-18 12:44:23.4,1PDF,SLPSL0001,PULV LOW SEAL AIR HDR DIFF PRESS,,LOABS,PULV LOW SEAL AIR HDR DIFF PRESS,RTN,1,4.16895,4,INH2O,!WP1001!WP1002!WP1003!WP1006!WP1007!WP1014!hist14!CP1004,1
2026-07-18 12:44:26.4,1PDF,SLPSL0001,PULV LOW SEAL AIR HDR DIFF PRESS,,LOABS,PULV LOW SEAL AIR HDR DIFF PRESS,ALM,1,3.9627,4,INH2O,!WP1001!WP1002!WP1003!WP1006!WP1007!WP1014!hist14!CP1004,1
2026-07-18 12:44:29.4,1PDF,SLPSL0001,PULV LOW SEAL AIR HDR DIFF PRESS,,LOABS,PULV LOW SEAL AIR HDR DIFF PRESS,RTN,1,4.14522,4,INH2O,!WP1001!WP1002!WP1003!WP1006!WP1007!WP1014!hist14!CP1004,1
2026-07-18 12:44:32.7,IDFAN_PEEC,OPCY_ALM,PRECIP OUT > 50%,PRECIP OUTLET,STATE,NORMAL,RTN,3,,,,!WP1001!WP1002!WP1003!WP1006!WP1007!WP1014!hist14!CP1003,1
2026-07-18 12:44:34.4,1PDF,SLPSL0001,PULV LOW SEAL AIR HDR DIFF PRESS,,LOABS,PULV LOW SEAL AIR HDR DIFF PRESS,ALM,1,3.9832,4,INH2O,!WP1001!WP1002!WP1003!WP1006!WP1007!WP1014!hist14!CP1004,1
2026-07-18 12:44:36.4,1PDF,SLPSL0001,PULV LOW SEAL AIR HDR DIFF PRESS,,LOABS,PULV LOW SEAL AIR HDR DIFF PRESS,RTN,1,4.01338,4,INH2O,!WP1001!WP1002!WP1003!WP1006!WP1007!WP1014!hist14!CP1004,1
2026-07-18 12:44:37.4,1PDF,SLPSL0001,PULV LOW SEAL AIR HDR DIFF PRESS,,LOABS,PULV LOW SEAL AIR HDR DIFF PRESS,ALM,1,3.8918,4,INH2O,!WP1001!WP1002!WP1003!WP1006!WP1007!WP1014!hist14!CP1004,1
2026-07-18 12:44:38.4,1PDF,SLPSL0001,PULV LOW SEAL AIR HDR DIFF PRESS,,LOABS,PULV LOW SEAL AIR HDR DIFF PRESS,RTN,1,4.04033,4,INH2O,!WP1001!WP1002!WP1003!WP1006!WP1007!WP1014!hist14!CP1004,1
2026-07-18 12:44:39.4,1PDF,SLPSL0001,PULV LOW SEAL AIR HDR DIFF PRESS,,LOABS,PULV LOW SEAL AIR HDR DIFF PRESS,ALM,1,3.98848,4,INH2O,!WP1001!WP1002!WP1003!WP1006!WP1007!WP1014!hist14!CP1004,1
2026-07-18 12:44:40.4,1PDF,SLPSL0001,PULV LOW SEAL AIR HDR DIFF PRESS,,LOABS,PULV LOW SEAL AIR HDR DIFF PRESS,RTN,1,4.15547,4,INH2O,!WP1001!WP1002!WP1003!WP1006!WP1007!WP1014!hist14!CP1004,1
2026-07-18 12:44:52.4,1PDF,SLPSL0001,PULV LOW SEAL AIR HDR DIFF PRESS,,LOABS,PULV LOW SEAL AIR HDR DIFF PRESS,ALM,1,3.97412,4,INH2O,!WP1001!WP1002!WP1003!WP1006!WP1007!WP1014!hist14!CP1004,1
2026-07-18 12:44:55.4,1PDF,SLPSL0001,PULV LOW SEAL AIR HDR DIFF PRESS,,LOABS,PULV LOW SEAL AIR HDR DIFF PRESS,RTN,1,4.00313,4,INH2O,!WP1001!WP1002!WP1003!WP1006!WP1007!WP1014!hist14!CP1004,1
2026-07-18 12:44:56.4,1PDF,SLPSL0001,PULV LOW SEAL AIR HDR DIFF PRESS,,LOABS,PULV LOW SEAL AIR HDR DIFF PRESS,ALM,1,3.90938,4,INH2O,!WP1001!WP1002!WP1003!WP1006!WP1007!WP1014!hist14!CP1004,1
2026-07-18 12:45:03.4,1PDF,SLPSL0001,PULV LOW SEAL AIR HDR DIFF PRESS,,LOABS,PULV LOW SEAL AIR HDR DIFF PRESS,RTN,1,4.02334,4,INH2O,!WP1001!WP1002!WP1003!WP1006!WP1007!WP1014!hist14!CP1004,1
2026-07-18 12:45:04.4,1PDF,SLPSL0001,PULV LOW SEAL AIR HDR DIFF PRESS,,LOABS,PULV LOW SEAL AIR HDR DIFF PRESS,ALM,1,3.9583,4,INH2O,!WP1001!WP1002!WP1003!WP1006!WP1007!WP1014!hist14!CP1004,1
2026-07-18 12:45:05.4,1PDF,SLPSL0001,PULV LOW SEAL AIR HDR DIFF PRESS,,LOABS,PULV LOW SEAL AIR HDR DIFF PRESS,RTN,1,4.02217,4,INH2O,!WP1001!WP1002!WP1003!WP1006!WP1007!WP1014!hist14!CP1004,1
2026-07-18 12:45:06.4,1PDF,SLPSL0001,PULV LOW SEAL AIR HDR DIFF PRESS,,LOABS,PULV LOW SEAL AIR HDR DIFF PRESS,ALM,1,3.81299,4,INH2O,!WP1001!WP1002!WP1003!WP1006!WP1007!WP1014!hist14!CP1004,1
2026-07-18 12:46:02.4,1PDF,SLPSL0001,PULV LOW SEAL AIR HDR DIFF PRESS,,LOABS,PULV LOW SEAL AIR HDR DIFF PRESS,RTN,1,4.0459,4,INH2O,!WP1001!WP1002!WP1003!WP1006!WP1007!WP1014!hist14!CP1004,1
2026-07-18 12:46:03.4,1PDF,SLPSL0001,PULV LOW SEAL AIR HDR DIFF PRESS,,LOABS,PULV LOW SEAL AIR HDR DIFF PRESS,ALM,1,3.99961,4,INH2O,!WP1001!WP1002!WP1003!WP1006!WP1007!WP1014!hist14!CP1004,1
2026-07-18 12:46:04.4,1PDF,SLPSL0001,PULV LOW SEAL AIR HDR DIFF PRESS,,LOABS,PULV LOW SEAL AIR HDR DIFF PRESS,RTN,1,4.15313,4,INH2O,!WP1001!WP1002!WP1003!WP1006!WP1007!WP1014!hist14!CP1004,1
2026-07-18 12:46:05.4,1PDF,SLPSL0001,PULV LOW SEAL AIR HDR DIFF PRESS,,LOABS,PULV LOW SEAL AIR HDR DIFF PRESS,ALM,1,3.96152,4,INH2O,!WP1001!WP1002!WP1003!WP1006!WP1007!WP1014!hist14!CP1004,1
2026-07-18 12:46:06.4,1PDF,SLPSL0001,PULV LOW SEAL AIR HDR DIFF PRESS,,LOABS,PULV LOW SEAL AIR HDR DIFF PRESS,RTN,1,4.03271,4,INH2O,!WP1001!WP1002!WP1003!WP1006!WP1007!WP1014!hist14!CP1004,1
2026-07-18 12:46:07.4,1PDF,SLPSL0001,PULV LOW SEAL AIR HDR DIFF PRESS,,LOABS,PULV LOW SEAL AIR HDR DIFF PRESS,ALM,1,3.82002,4,INH2O,!WP1001!WP1002!WP1003!WP1006!WP1007!WP1014!hist14!CP1004,1
2026-07-18 12:48:32.4,1PDF,SLPSL0001,PULV LOW SEAL AIR HDR DIFF PRESS,,LOABS,PULV LOW SEAL AIR HDR DIFF PRESS,RTN,1,4.00576,4,INH2O,!WP1001!WP1002!WP1003!WP1006!WP1007!WP1014!hist14!CP1004,1
2026-07-18 12:49:17.7,1WB_DEV,AA_JJ_DEV,AUX AIR JJ ANY DEV,,STATE,NORMAL,RTN,5,,,INH2O,,0
2026-07-18 12:49:29.4,1PDF,SLPSL0001,PULV LOW SEAL AIR HDR DIFF PRESS,,LOABS,PULV LOW SEAL AIR HDR DIFF PRESS,ALM,1,3.94541,4,INH2O,!WP1001!WP1002!WP1003!WP1006!WP1007!WP1014!hist14!CP1004,1
2026-07-18 12:49:30.4,1PDF,SLPSL0001,PULV LOW SEAL AIR HDR DIFF PRESS,,LOABS,PULV LOW SEAL AIR HDR DIFF PRESS,RTN,1,4.00635,4,INH2O,!WP1001!WP1002!WP1003!WP1006!WP1007!WP1014!hist14!CP1004,1
2026-07-18 12:49:31.4,1PDF,SLPSL0001,PULV LOW SEAL AIR HDR DIFF PRESS,,LOABS,PULV LOW SEAL AIR HDR DIFF PRESS,ALM,1,3.86074,4,INH2O,!WP1001!WP1002!WP1003!WP1006!WP1007!WP1014!hist14!CP1004,1
2026-07-18 12:49:32.4,1PDF,SLPSL0001,PULV LOW SEAL AIR HDR DIFF PRESS,,LOABS,PULV LOW SEAL AIR HDR DIFF PRESS,RTN,1,4.03359,4,INH2O,!WP1001!WP1002!WP1003!WP1006!WP1007!WP1014!hist14!CP1004,1
2026-07-18 12:49:33.4,1PDF,SLPSL0001,PULV LOW SEAL AIR HDR DIFF PRESS,,LOABS,PULV LOW SEAL AIR HDR DIFF PRESS,ALM,1,3.97266,4,INH2O,!WP1001!WP1002!WP1003!WP1006!WP1007!WP1014!hist14!CP1004,1
2026-07-18 12:49:34.4,1PDF,SLPSL0001,PULV LOW SEAL AIR HDR DIFF PRESS,,LOABS,PULV LOW SEAL AIR HDR DIFF PRESS,RTN,1,4.06641,4,INH2O,!WP1001!WP1002!WP1003!WP1006!WP1007!WP1014!hist14!CP1004,1
2026-07-18 12:49:35.4,1PDF,SLPSL0001,PULV LOW SEAL AIR HDR DIFF PRESS,,LOABS,PULV LOW SEAL AIR HDR DIFF PRESS,ALM,1,3.92227,4,INH2O,!WP1001!WP1002!WP1003!WP1006!WP1007!WP1014!hist14!CP1004,1
2026-07-18 12:49:46.0,1TWIP,DIFFALM2,REHEAT BOWL DEVIATION ALM,,HIABS,TWIP ALARM 50 DEG DEVIATION,ALM,3,226.674,50,DEG,!WP1002!WP1006!WP1007!WP1001!WP1003!WP1014!hist14!CP1006,1
2026-07-18 12:49:46.0,1TWIP,DIFFALM2,REHEAT BOWL DEVIATION ALM,,HHABS,TWIP ALARM 75 DEG DEVIATION,ALM,1,226.674,75,DEG,!WP1002!WP1006!WP1007!WP1001!WP1003!WP1014!hist14!CP1006,1
2026-07-18 12:50:47.2,1SBRS,B13,R.H. SOOT BLOWING REG FBK,,HIABS,R.H. SOOTBLOWER FB @ 90%,ALM,5,90.084,90,PCT,!WP1002!WP1006!WP1007!WP1001!WP1003!WP1014!hist14!CP1009,1
2026-07-18 12:50:50.7,1SBRS,B13,R.H. SOOT BLOWING REG FBK,,HIABS,R.H. SOOTBLOWER FB @ 90%,RTN,5,84.4609,90,PCT,!WP1002!WP1006!WP1007!WP1001!WP1003!WP1014!hist14!CP1009,1
2026-07-18 12:52:39.4,1PDF,SLPSL0001,PULV LOW SEAL AIR HDR DIFF PRESS,,LOABS,PULV LOW SEAL AIR HDR DIFF PRESS,RTN,1,4.08193,4,INH2O,!WP1001!WP1002!WP1003!WP1006!WP1007!WP1014!hist14!CP1004,1
2026-07-18 12:52:40.4,1PDF,SLPSL0001,PULV LOW SEAL AIR HDR DIFF PRESS,,LOABS,PULV LOW SEAL AIR HDR DIFF PRESS,ALM,1,3.95918,4,INH2O,!WP1001!WP1002!WP1003!WP1006!WP1007!WP1014!hist14!CP1004,1
2026-07-18 12:52:41.4,1PDF,SLPSL0001,PULV LOW SEAL AIR HDR DIFF PRESS,,LOABS,PULV LOW SEAL AIR HDR DIFF PRESS,RTN,1,4.10332,4,INH2O,!WP1001!WP1002!WP1003!WP1006!WP1007!WP1014!hist14!CP1004,1
2026-07-18 12:54:10.7,1WB_DEV,AA_JJ_DEV,AUX AIR JJ ANY DEV,,STATE,DEVIATION,ALM,5,,,INH2O,,0
2026-07-18 12:54:31.4,1PDF,SLPSL0001,PULV LOW SEAL AIR HDR DIFF PRESS,,LOABS,PULV LOW SEAL AIR HDR DIFF PRESS,ALM,1,3.9126,4,INH2O,!WP1001!WP1002!WP1003!WP1006!WP1007!WP1014!hist14!CP1004,1
2026-07-18 12:55:08.4,1FUEL_SFTY,FPTX_ALM,DRAFT TRANSMITTER DEVIATION,,STATE,FURN DRAFT PRESS XMTR DEVIATION,ALM,5,,,,!WP1001!WP1002!WP1003!WP1006!WP1007!WP1014!hist14!CP1004,1
2026-07-18 12:55:29.4,1FUEL_SFTY,FPTX_ALM,DRAFT TRANSMITTER DEVIATION,,STATE,NO DEVIATION,RTN,5,,,,!WP1001!WP1002!WP1003!WP1006!WP1007!WP1014!hist14!CP1004,1
2026-07-18 12:55:52.7,1WB_DEV,AA_JJ_DEV,AUX AIR JJ ANY DEV,,STATE,NORMAL,RTN,5,,,,,0
2026-07-18 12:56:13.1,1TC,B21,DROOP ACTIVE,DROOP,STATE,ACTIVE,ALM,5,,,,!hist14!CP1001,2
2026-07-18 12:56:14.6,1TC,B21,DROOP ACTIVE,DROOP,STATE,NORMAL,RTN,5,,,,!hist14!CP1001,2
2026-07-18 12:56:57.0,1TWIP,DIFFALM2,REHEAT BOWL DEVIATION ALM,,HHABS,TWIP ALARM 75 DEG DEVIATION,RTN,1,53.7745,75,DEG,!WP1002!WP1006!WP1007!WP1001!WP1003!WP1014!hist14!CP1006,1
2026-07-18 12:56:59.4,1PDF,SLPSL0001,PULV LOW SEAL AIR HDR DIFF PRESS,,LOABS,PULV LOW SEAL AIR HDR DIFF PRESS,RTN,1,4.04795,4,INH2O,!WP1001!WP1002!WP1003!WP1006!WP1007!WP1014!hist14!CP1004,1
2026-07-18 12:56:59.0,1TWIP,DIFFALM2,REHEAT BOWL DEVIATION ALM,,HIABS,TWIP ALARM 50 DEG DEVIATION,RTN,3,38.3387,50,DEG,!WP1002!WP1006!WP1007!WP1001!WP1003!WP1014!hist14!CP1006,1
2026-07-18 12:57:03.4,1PDF,SLPSL0001,PULV LOW SEAL AIR HDR DIFF PRESS,,LOABS,PULV LOW SEAL AIR HDR DIFF PRESS,ALM,1,3.89092,4,INH2O,!WP1001!WP1002!WP1003!WP1006!WP1007!WP1014!hist14!CP1004,1
2026-07-18 12:57:05.0,1TWIP,DIFFALM2,REHEAT BOWL DEVIATION ALM,,HIABS,TWIP ALARM 50 DEG DEVIATION,ALM,3,57.2295,50,DEG,!WP1002!WP1006!WP1007!WP1001!WP1003!WP1014!hist14!CP1006,1
2026-07-18 12:57:08.4,1PDF,SLPSL0001,PULV LOW SEAL AIR HDR DIFF PRESS,,LOABS,PULV LOW SEAL AIR HDR DIFF PRESS,RTN,1,4.00986,4,INH2O,!WP1001!WP1002!WP1003!WP1006!WP1007!WP1014!hist14!CP1004,1
2026-07-18 12:57:09.4,1PDF,SLPSL0001,PULV LOW SEAL AIR HDR DIFF PRESS,,LOABS,PULV LOW SEAL AIR HDR DIFF PRESS,ALM,1,3.79365,4,INH2O,!WP1001!WP1002!WP1003!WP1006!WP1007!WP1014!hist14!CP1004,1
2026-07-18 12:57:11.1,1TWIP,DIFFALM2,REHEAT BOWL DEVIATION ALM,,HIABS,TWIP ALARM 50 DEG DEVIATION,RTN,3,48.2858,50,DEG,!WP1002!WP1006!WP1007!WP1001!WP1003!WP1014!hist14!CP1006,1
2026-07-18 12:57:12.0,1TWIP,DIFFALM2,REHEAT BOWL DEVIATION ALM,,HIABS,TWIP ALARM 50 DEG DEVIATION,ALM,3,52.5208,50,DEG,!WP1002!WP1006!WP1007!WP1001!WP1003!WP1014!hist14!CP1006,1
2026-07-18 12:57:16.4,1PDF,SLPSL0001,PULV LOW SEAL AIR HDR DIFF PRESS,,LOABS,PULV LOW SEAL AIR HDR DIFF PRESS,RTN,1,4.1083,4,INH2O,!WP1001!WP1002!WP1003!WP1006!WP1007!WP1014!hist14!CP1004,1
2026-07-18 12:57:16.0,1TWIP,DIFFALM2,REHEAT BOWL DEVIATION ALM,,HIABS,TWIP ALARM 50 DEG DEVIATION,RTN,3,49.233,50,DEG,!WP1002!WP1006!WP1007!WP1001!WP1003!WP1014!hist14!CP1006,1
2026-07-18 12:57:17.0,1TWIP,DIFFALM2,REHEAT BOWL DEVIATION ALM,,HIABS,TWIP ALARM 50 DEG DEVIATION,ALM,3,50.9883,50,DEG,!WP1002!WP1006!WP1007!WP1001!WP1003!WP1014!hist14!CP1006,1
2026-07-18 12:57:19.0,1TWIP,DIFFALM2,REHEAT BOWL DEVIATION ALM,,HIABS,TWIP ALARM 50 DEG DEVIATION,RTN,3,47.2547,50,DEG,!WP1002!WP1006!WP1007!WP1001!WP1003!WP1014!hist14!CP1006,1
2026-07-18 12:57:24.0,1TWIP,DIFFALM2,REHEAT BOWL DEVIATION ALM,,HIABS,TWIP ALARM 50 DEG DEVIATION,ALM,3,53.3567,50,DEG,!WP1002!WP1006!WP1007!WP1001!WP1003!WP1014!hist14!CP1006,1
2026-07-18 12:57:26.0,1TWIP,DIFFALM2,REHEAT BOWL DEVIATION ALM,,HHABS,TWIP ALARM 75 DEG DEVIATION,ALM,1,86.1509,75,DEG,!WP1002!WP1006!WP1007!WP1001!WP1003!WP1014!hist14!CP1006,1
2026-07-18 12:57:28.0,1TWIP,DIFFALM2,REHEAT BOWL DEVIATION ALM,,HHABS,TWIP ALARM 75 DEG DEVIATION,RTN,1,60.0715,75,DEG,!WP1002!WP1006!WP1007!WP1001!WP1003!WP1014!hist14!CP1006,1
2026-07-18 12:57:29.0,1TWIP,DIFFALM2,REHEAT BOWL DEVIATION ALM,,HIABS,TWIP ALARM 50 DEG DEVIATION,RTN,3,9.89105,50,DEG,!WP1002!WP1006!WP1007!WP1001!WP1003!WP1014!hist14!CP1006,1
2026-07-18 12:58:02.4,1PDF,SLPSL0001,PULV LOW SEAL AIR HDR DIFF PRESS,,LOABS,PULV LOW SEAL AIR HDR DIFF PRESS,ALM,1,3.89326,4,INH2O,!WP1001!WP1002!WP1003!WP1006!WP1007!WP1014!hist14!CP1004,1
2026-07-18 12:58:05.4,1PDF,SLPSL0001,PULV LOW SEAL AIR HDR DIFF PRESS,,LOABS,PULV LOW SEAL AIR HDR DIFF PRESS,RTN,1,4.04326,4,INH2O,!WP1001!WP1002!WP1003!WP1006!WP1007!WP1014!hist14!CP1004,1
2026-07-18 12:58:06.4,1PDF,SLPSL0001,PULV LOW SEAL AIR HDR DIFF PRESS,,LOABS,PULV LOW SEAL AIR HDR DIFF PRESS,ALM,1,3.98496,4,INH2O,!WP1001!WP1002!WP1003!WP1006!WP1007!WP1014!hist14!CP1004,1
2026-07-18 12:58:07.4,1PDF,SLPSL0001,PULV LOW SEAL AIR HDR DIFF PRESS,,LOABS,PULV LOW SEAL AIR HDR DIFF PRESS,RTN,1,4.00342,4,INH2O,!WP1001!WP1002!WP1003!WP1006!WP1007!WP1014!hist14!CP1004,1
2026-07-18 12:58:08.4,1PDF,SLPSL0001,PULV LOW SEAL AIR HDR DIFF PRESS,,LOABS,PULV LOW SEAL AIR HDR DIFF PRESS,ALM,1,3.8335,4,INH2O,!WP1001!WP1002!WP1003!WP1006!WP1007!WP1014!hist14!CP1004,1
2026-07-18 12:58:24.4,1DAS11,IAAH3281,COND PUMP DISCH   SILICA,1233,HIABS,HIGH,RTN,1,8.6875,10,ppb,!WP1002!WP1006!WP1007!WP1001!WP1003!WP1014!hist14!CP1008,1
2026-07-18 13:00:09.2,1AR_LS,DEV_5803,LS SYS B,,STATE,VALVE 5803 DEVIATION,ALM,3,,,,!WP1001!WP1002!WP1003!WP1006!WP1007!WP1014!hist14!CP1017,1
2026-07-18 13:00:17.4,1PDF,SLPSL0001,PULV LOW SEAL AIR HDR DIFF PRESS,,LOABS,PULV LOW SEAL AIR HDR DIFF PRESS,RTN,1,4.01719,4,INH2O,!WP1001!WP1002!WP1003!WP1006!WP1007!WP1014!hist14!CP1004,1
2026-07-18 13:00:18.4,1PDF,SLPSL0001,PULV LOW SEAL AIR HDR DIFF PRESS,,LOABS,PULV LOW SEAL AIR HDR DIFF PRESS,ALM,1,3.91582,4,INH2O,!WP1001!WP1002!WP1003!WP1006!WP1007!WP1014!hist14!CP1004,1
2026-07-18 13:00:19.4,1PDF,SLPSL0001,PULV LOW SEAL AIR HDR DIFF PRESS,,LOABS,PULV LOW SEAL AIR HDR DIFF PRESS,RTN,1,4.13965,4,INH2O,!WP1001!WP1002!WP1003!WP1006!WP1007!WP1014!hist14!CP1004,1
2026-07-18 13:01:05.7,1AR_LS,DEV_5803,LS SYS B,,STATE,,RTN,3,,,,!WP1001!WP1002!WP1003!WP1006!WP1007!WP1014!hist14!CP1017,1
2026-07-18 13:01:23.4,1PDF,SLPSL0001,PULV LOW SEAL AIR HDR DIFF PRESS,,LOABS,PULV LOW SEAL AIR HDR DIFF PRESS,ALM,1,3.92285,4,INH2O,!WP1001!WP1002!WP1003!WP1006!WP1007!WP1014!hist14!CP1004,1
2026-07-18 13:01:27.4,1PDF,SLPSL0001,PULV LOW SEAL AIR HDR DIFF PRESS,,LOABS,PULV LOW SEAL AIR HDR DIFF PRESS,RTN,1,4.00313,4,INH2O,!WP1001!WP1002!WP1003!WP1006!WP1007!WP1014!hist14!CP1004,1
2026-07-18 13:01:32.4,1PDF,SLPSL0001,PULV LOW SEAL AIR HDR DIFF PRESS,,LOABS,PULV LOW SEAL AIR HDR DIFF PRESS,ALM,1,3.98965,4,INH2O,!WP1001!WP1002!WP1003!WP1006!WP1007!WP1014!hist14!CP1004,1
2026-07-18 13:01:37.4,1PDF,SLPSL0001,PULV LOW SEAL AIR HDR DIFF PRESS,,LOABS,PULV LOW SEAL AIR HDR DIFF PRESS,RTN,1,4.02422,4,INH2O,!WP1001!WP1002!WP1003!WP1006!WP1007!WP1014!hist14!CP1004,1
2026-07-18 13:01:38.4,1PDF,SLPSL0001,PULV LOW SEAL AIR HDR DIFF PRESS,,LOABS,PULV LOW SEAL AIR HDR DIFF PRESS,ALM,1,3.84111,4,INH2O,!WP1001!WP1002!WP1003!WP1006!WP1007!WP1014!hist14!CP1004,1
2026-07-18 13:01:52.4,1PDF,SLPSL0001,PULV LOW SEAL AIR HDR DIFF PRESS,,LOABS,PULV LOW SEAL AIR HDR DIFF PRESS,RTN,1,4.01309,4,INH2O,!WP1001!WP1002!WP1003!WP1006!WP1007!WP1014!hist14!CP1004,1
2026-07-18 13:02:35.4,1PDF,SLPSL0001,PULV LOW SEAL AIR HDR DIFF PRESS,,LOABS,PULV LOW SEAL AIR HDR DIFF PRESS,ALM,1,3.92988,4,INH2O,!WP1001!WP1002!WP1003!WP1006!WP1007!WP1014!hist14!CP1004,1
2026-07-18 13:04:23.4,1PDF,SLPSL0001,PULV LOW SEAL AIR HDR DIFF PRESS,,LOABS,PULV LOW SEAL AIR HDR DIFF PRESS,RTN,1,4.04443,4,INH2O,!WP1001!WP1002!WP1003!WP1006!WP1007!WP1014!hist14!CP1004,1
2026-07-18 13:05:42.4,1PDF,SLPSL0001,PULV LOW SEAL AIR HDR DIFF PRESS,,LOABS,PULV LOW SEAL AIR HDR DIFF PRESS,ALM,1,3.99258,4,INH2O,!WP1001!WP1002!WP1003!WP1006!WP1007!WP1014!hist14!CP1004,1
2026-07-18 13:05:43.4,1PDF,SLPSL0001,PULV LOW SEAL AIR HDR DIFF PRESS,,LOABS,PULV LOW SEAL AIR HDR DIFF PRESS,RTN,1,4.03623,4,INH2O,!WP1001!WP1002!WP1003!WP1006!WP1007!WP1014!hist14!CP1004,1
2026-07-18 13:05:44.4,1PDF,SLPSL0001,PULV LOW SEAL AIR HDR DIFF PRESS,,LOABS,PULV LOW SEAL AIR HDR DIFF PRESS,ALM,1,3.96885,4,INH2O,!WP1001!WP1002!WP1003!WP1006!WP1007!WP1014!hist14!CP1004,1
2026-07-18 13:07:02.2,1AB_EXTRACT,ABPDI5051,ASH CLR EXTR      DIFF PRESS,,IOBAD,BAD CHANNEL,ALM,3,,,,!WP1002!WP1011!WP1001!hist14!CP1020,1
2026-07-18 13:08:19.5,1DAS11,IAAH3281,COND PUMP DISCH   SILICA,1233,HIABS,HIGH,ALM,1,10.4648,10,ppb,!WP1002!WP1006!WP1007!WP1001!WP1003!WP1014!hist14!CP1008,1
2026-07-18 13:09:23.4,1PDF,SLPSL0001,PULV LOW SEAL AIR HDR DIFF PRESS,,LOABS,PULV LOW SEAL AIR HDR DIFF PRESS,RTN,1,4.12324,4,INH2O,!WP1001!WP1002!WP1003!WP1006!WP1007!WP1014!hist14!CP1004,1
2026-07-18 13:09:47.4,1PDF,SLPSL0001,PULV LOW SEAL AIR HDR DIFF PRESS,,LOABS,PULV LOW SEAL AIR HDR DIFF PRESS,ALM,1,3.95889,4,INH2O,!WP1001!WP1002!WP1003!WP1006!WP1007!WP1014!hist14!CP1004,1
2026-07-18 13:09:51.4,1PDF,SLPSL0001,PULV LOW SEAL AIR HDR DIFF PRESS,,LOABS,PULV LOW SEAL AIR HDR DIFF PRESS,RTN,1,4.00313,4,INH2O,!WP1001!WP1002!WP1003!WP1006!WP1007!WP1014!hist14!CP1004,1
2026-07-18 13:09:52.4,1PDF,SLPSL0001,PULV LOW SEAL AIR HDR DIFF PRESS,,LOABS,PULV LOW SEAL AIR HDR DIFF PRESS,ALM,1,3.95273,4,INH2O,!WP1001!WP1002!WP1003!WP1006!WP1007!WP1014!hist14!CP1004,1
2026-07-18 13:10:22.4,1PDF,SLPSL0001,PULV LOW SEAL AIR HDR DIFF PRESS,,LOABS,PULV LOW SEAL AIR HDR DIFF PRESS,RTN,1,4.00605,4,INH2O,!WP1001!WP1002!WP1003!WP1006!WP1007!WP1014!hist14!CP1004,1
2026-07-18 13:10:32.4,1PDF,SLPSL0001,PULV LOW SEAL AIR HDR DIFF PRESS,,LOABS,PULV LOW SEAL AIR HDR DIFF PRESS,ALM,1,3.93779,4,INH2O,!WP1001!WP1002!WP1003!WP1006!WP1007!WP1014!hist14!CP1004,1
2026-07-18 13:11:04.4,1PDF,SLPSL0001,PULV LOW SEAL AIR HDR DIFF PRESS,,LOABS,PULV LOW SEAL AIR HDR DIFF PRESS,RTN,1,4.01279,4,INH2O,!WP1001!WP1002!WP1003!WP1006!WP1007!WP1014!hist14!CP1004,1
2026-07-18 13:11:05.4,1PDF,SLPSL0001,PULV LOW SEAL AIR HDR DIFF PRESS,,LOABS,PULV LOW SEAL AIR HDR DIFF PRESS,ALM,1,3.90879,4,INH2O,!WP1001!WP1002!WP1003!WP1006!WP1007!WP1014!hist14!CP1004,1
2026-07-18 13:11:06.4,1PDF,SLPSL0001,PULV LOW SEAL AIR HDR DIFF PRESS,,LOABS,PULV LOW SEAL AIR HDR DIFF PRESS,RTN,1,4.03975,4,INH2O,!WP1001!WP1002!WP1003!WP1006!WP1007!WP1014!hist14!CP1004,1
2026-07-18 13:11:18.7,1GS_A,BLEED_FAIL,BLEED SYSTEM A FAILURE,,STATE,BLEED SYSTEM A EQUIPMENT FAILURE,ALM,3,,,,!WP1001!WP1002!WP1003!WP1006!WP1007!WP1014!hist14!CP1017,1
2026-07-18 13:11:30.4,1PDF,SLPSL0001,PULV LOW SEAL AIR HDR DIFF PRESS,,LOABS,PULV LOW SEAL AIR HDR DIFF PRESS,ALM,1,3.98906,4,INH2O,!WP1001!WP1002!WP1003!WP1006!WP1007!WP1014!hist14!CP1004,1
2026-07-18 13:11:31.4,1PDF,SLPSL0001,PULV LOW SEAL AIR HDR DIFF PRESS,,LOABS,PULV LOW SEAL AIR HDR DIFF PRESS,RTN,1,4.05586,4,INH2O,!WP1001!WP1002!WP1003!WP1006!WP1007!WP1014!hist14!CP1004,1
2026-07-18 13:11:35.4,1PDF,SLPSL0001,PULV LOW SEAL AIR HDR DIFF PRESS,,LOABS,PULV LOW SEAL AIR HDR DIFF PRESS,ALM,1,3.95068,4,INH2O,!WP1001!WP1002!WP1003!WP1006!WP1007!WP1014!hist14!CP1004,1
2026-07-18 13:11:40.4,1PDF,SLPSL0001,PULV LOW SEAL AIR HDR DIFF PRESS,,LOABS,PULV LOW SEAL AIR HDR DIFF PRESS,RTN,1,4.04004,4,INH2O,!WP1001!WP1002!WP1003!WP1006!WP1007!WP1014!hist14!CP1004,1
2026-07-18 13:11:41.4,1PDF,SLPSL0001,PULV LOW SEAL AIR HDR DIFF PRESS,,LOABS,PULV LOW SEAL AIR HDR DIFF PRESS,ALM,1,3.94395,4,INH2O,!WP1001!WP1002!WP1003!WP1006!WP1007!WP1014!hist14!CP1004,1
2026-07-18 13:11:42.4,1PDF,SLPSL0001,PULV LOW SEAL AIR HDR DIFF PRESS,,LOABS,PULV LOW SEAL AIR HDR DIFF PRESS,RTN,1,4.05996,4,INH2O,!WP1001!WP1002!WP1003!WP1006!WP1007!WP1014!hist14!CP1004,1
2026-07-18 13:11:43.4,1PDF,SLPSL0001,PULV LOW SEAL AIR HDR DIFF PRESS,,LOABS,PULV LOW SEAL AIR HDR DIFF PRESS,ALM,1,3.86484,4,INH2O,!WP1001!WP1002!WP1003!WP1006!WP1007!WP1014!hist14!CP1004,1
2026-07-18 13:13:13.6,1AAIR,B16,WINDBOX/FURN DIFF PRESS,,LLABS,WINDBIX/FURN PRESS LOW,ALM,5,1.99679,2,INWC,!WP1001!WP1002!WP1003!WP1006!WP1007!WP1014!hist14!CP1001,1
2026-07-18 13:14:07.4,1PDF,SLPSL0001,PULV LOW SEAL AIR HDR DIFF PRESS,,LOABS,PULV LOW SEAL AIR HDR DIFF PRESS,RTN,1,4.02246,4,INH2O,!WP1001!WP1002!WP1003!WP1006!WP1007!WP1014!hist14!CP1004,1
2026-07-18 13:14:08.4,1PDF,SLPSL0001,PULV LOW SEAL AIR HDR DIFF PRESS,,LOABS,PULV LOW SEAL AIR HDR DIFF PRESS,ALM,1,3.99258,4,INH2O,!WP1001!WP1002!WP1003!WP1006!WP1007!WP1014!hist14!CP1004,1
2026-07-18 13:14:09.4,1PDF,SLPSL0001,PULV LOW SEAL AIR HDR DIFF PRESS,,LOABS,PULV LOW SEAL AIR HDR DIFF PRESS,RTN,1,4.13145,4,INH2O,!WP1001!WP1002!WP1003!WP1006!WP1007!WP1014!hist14!CP1004,1
2026-07-18 13:14:45.7,1SCR_B_PRESS,FGPDI5228B,SCR B CAT LAYER 4 DP,1SR114 PNT 4,HHABS,HI HI DP,ALM,1,1.70216,1.7,INH2O,!WP1001!WP1002!WP1003!WP1006!WP1007!WP1014!hist14!CP1016,1
2026-07-18 13:15:07.6,1AAIR,B16,WINDBOX/FURN DIFF PRESS,,LLABS,WINDBIX/FURN PRESS LOW,RTN,5,2.51482,2,INWC,!WP1001!WP1002!WP1003!WP1006!WP1007!WP1014!hist14!CP1001,1
2026-07-18 13:15:23.4,1PDF,SLPSL0001,PULV LOW SEAL AIR HDR DIFF PRESS,,LOABS,PULV LOW SEAL AIR HDR DIFF PRESS,ALM,1,3.99375,4,INH2O,!WP1001!WP1002!WP1003!WP1006!WP1007!WP1014!hist14!CP1004,1
2026-07-18 13:15:24.4,1PDF,SLPSL0001,PULV LOW SEAL AIR HDR DIFF PRESS,,LOABS,PULV LOW SEAL AIR HDR DIFF PRESS,RTN,1,4.01162,4,INH2O,!WP1001!WP1002!WP1003!WP1006!WP1007!WP1014!hist14!CP1004,1
2026-07-18 13:15:25.4,1PDF,SLPSL0001,PULV LOW SEAL AIR HDR DIFF PRESS,,LOABS,PULV LOW SEAL AIR HDR DIFF PRESS,ALM,1,3.99434,4,INH2O,!WP1001!WP1002!WP1003!WP1006!WP1007!WP1014!hist14!CP1004,1
2026-07-18 13:15:26.4,1PDF,SLPSL0001,PULV LOW SEAL AIR HDR DIFF PRESS,,LOABS,PULV LOW SEAL AIR HDR DIFF PRESS,RTN,1,4.05029,4,INH2O,!WP1001!WP1002!WP1003!WP1006!WP1007!WP1014!hist14!CP1004,1
2026-07-18 13:15:29.7,1SCR_B_PRESS,FGPDI5228B,SCR B CAT LAYER 4 DP,1SR114 PNT 4,HHABS,HI HI DP,RTN,1,1.19365,1.7,INH2O,!WP1001!WP1002!WP1003!WP1006!WP1007!WP1014!hist14!CP1016,1
2026-07-18 13:15:32.4,1PDF,SLPSL0001,PULV LOW SEAL AIR HDR DIFF PRESS,,LOABS,PULV LOW SEAL AIR HDR DIFF PRESS,ALM,1,3.92285,4,INH2O,!WP1001!WP1002!WP1003!WP1006!WP1007!WP1014!hist14!CP1004,1
2026-07-18 13:15:35.4,1PDF,SLPSL0001,PULV LOW SEAL AIR HDR DIFF PRESS,,LOABS,PULV LOW SEAL AIR HDR DIFF PRESS,RTN,1,4.01836,4,INH2O,!WP1001!WP1002!WP1003!WP1006!WP1007!WP1014!hist14!CP1004,1
2026-07-18 13:15:36.4,1PDF,SLPSL0001,PULV LOW SEAL AIR HDR DIFF PRESS,,LOABS,PULV LOW SEAL AIR HDR DIFF PRESS,ALM,1,3.85225,4,INH2O,!WP1001!WP1002!WP1003!WP1006!WP1007!WP1014!hist14!CP1004,1
2026-07-18 13:16:35.2,PAC_PLC,ACI_FDR_A_TR,ACI FDR A AC-WIC-5007 TRBLE ALM,,CHANGE,PAC FEEDER A TROUBLE,ALM,1,,,,!WP1001!WP1002!WP1003!WP1006!WP1007!WP1014!hist14!CP1003,1
2026-07-18 13:16:36.2,1AAIR,B16,WINDBOX/FURN DIFF PRESS,,LLABS,WINDBIX/FURN PRESS LOW,ALM,5,1.99415,2,INWC,!WP1001!WP1002!WP1003!WP1006!WP1007!WP1014!hist14!CP1001,1
2026-07-18 13:16:37.7,PAC_PLC,ACI_FDR_A_TR,ACI FDR A AC-WIC-5007 TRBLE ALM,,CHANGE,PAC FEEDER A TROUBLE,ALM,1,,,,!WP1001!WP1002!WP1003!WP1006!WP1007!WP1014!hist14!CP1003,1
2026-07-18 13:17:10.4,1PDF,SLPSL0001,PULV LOW SEAL AIR HDR DIFF PRESS,,LOABS,PULV LOW SEAL AIR HDR DIFF PRESS,RTN,1,4.21465,4,INH2O,!WP1001!WP1002!WP1003!WP1006!WP1007!WP1014!hist14!CP1004,1
2026-07-18 13:17:32.7,1SCR_B_PRESS,FGPDI5228B,SCR B CAT LAYER 4 DP,1SR114 PNT 4,HHABS,HI HI DP,ALM,1,1.70162,1.7,INH2O,!WP1001!WP1002!WP1003!WP1006!WP1007!WP1014!hist14!CP1016,1
2026-07-18 13:18:10.7,1TC,B21,DROOP ACTIVE,DROOP,STATE,ACTIVE,ALM,5,,,,!hist14!CP1001,2
2026-07-18 13:18:32.4,1PDF,SLPSL0001,PULV LOW SEAL AIR HDR DIFF PRESS,,LOABS,PULV LOW SEAL AIR HDR DIFF PRESS,ALM,1,3.97236,4,INH2O,!WP1001!WP1002!WP1003!WP1006!WP1007!WP1014!hist14!CP1004,1
2026-07-18 13:18:36.4,1PDF,SLPSL0001,PULV LOW SEAL AIR HDR DIFF PRESS,,LOABS,PULV LOW SEAL AIR HDR DIFF PRESS,RTN,1,4.01104,4,INH2O,!WP1001!WP1002!WP1003!WP1006!WP1007!WP1014!hist14!CP1004,1
2026-07-18 13:18:37.4,1PDF,SLPSL0001,PULV LOW SEAL AIR HDR DIFF PRESS,,LOABS,PULV LOW SEAL AIR HDR DIFF PRESS,ALM,1,3.94336,4,INH2O,!WP1001!WP1002!WP1003!WP1006!WP1007!WP1014!hist14!CP1004,1
2026-07-18 13:18:38.4,1PDF,SLPSL0001,PULV LOW SEAL AIR HDR DIFF PRESS,,LOABS,PULV LOW SEAL AIR HDR DIFF PRESS,RTN,1,4.05381,4,INH2O,!WP1001!WP1002!WP1003!WP1006!WP1007!WP1014!hist14!CP1004,1
2026-07-18 13:18:58.7,1SCR_B_PRESS,FGPDI5228B,SCR B CAT LAYER 4 DP,1SR114 PNT 4,HHABS,HI HI DP,RTN,1,1.19705,1.7,INH2O,!WP1001!WP1002!WP1003!WP1006!WP1007!WP1014!hist14!CP1016,1
2026-07-18 13:19:00.4,1PDF,SLPSL0001,PULV LOW SEAL AIR HDR DIFF PRESS,,LOABS,PULV LOW SEAL AIR HDR DIFF PRESS,ALM,1,3.97266,4,INH2O,!WP1001!WP1002!WP1003!WP1006!WP1007!WP1014!hist14!CP1004,1
2026-07-18 13:19:26.7,1AAIR,B16,WINDBOX/FURN DIFF PRESS,,LLABS,WINDBIX/FURN PRESS LOW,RTN,5,2.5044,2,INWC,!WP1001!WP1002!WP1003!WP1006!WP1007!WP1014!hist14!CP1001,1
2026-07-18 13:19:34.7,1TC,B21,DROOP ACTIVE,DROOP,STATE,NORMAL,RTN,5,,,,!hist14!CP1001,2
2026-07-18 13:19:39.4,1PDF,SLPSL0001,PULV LOW SEAL AIR HDR DIFF PRESS,,LOABS,PULV LOW SEAL AIR HDR DIFF PRESS,RTN,1,4.06084,4,INH2O,!WP1001!WP1002!WP1003!WP1006!WP1007!WP1014!hist14!CP1004,1
2026-07-18 13:19:40.4,1PDF,SLPSL0001,PULV LOW SEAL AIR HDR DIFF PRESS,,LOABS,PULV LOW SEAL AIR HDR DIFF PRESS,ALM,1,3.98613,4,INH2O,!WP1001!WP1002!WP1003!WP1006!WP1007!WP1014!hist14!CP1004,1
2026-07-18 13:19:41.4,1PDF,SLPSL0001,PULV LOW SEAL AIR HDR DIFF PRESS,,LOABS,PULV LOW SEAL AIR HDR DIFF PRESS,RTN,1,4.21436,4,INH2O,!WP1001!WP1002!WP1003!WP1006!WP1007!WP1014!hist14!CP1004,1
2026-07-18 13:19:52.4,1PDF,SLPSL0001,PULV LOW SEAL AIR HDR DIFF PRESS,,LOABS,PULV LOW SEAL AIR HDR DIFF PRESS,ALM,1,3.92959,4,INH2O,!WP1001!WP1002!WP1003!WP1006!WP1007!WP1014!hist14!CP1004,1
2026-07-18 13:19:56.4,1PDF,SLPSL0001,PULV LOW SEAL AIR HDR DIFF PRESS,,LOABS,PULV LOW SEAL AIR HDR DIFF PRESS,RTN,1,4.03184,4,INH2O,!WP1001!WP1002!WP1003!WP1006!WP1007!WP1014!hist14!CP1004,1
2026-07-18 13:19:57.4,1PDF,SLPSL0001,PULV LOW SEAL AIR HDR DIFF PRESS,,LOABS,PULV LOW SEAL AIR HDR DIFF PRESS,ALM,1,3.99346,4,INH2O,!WP1001!WP1002!WP1003!WP1006!WP1007!WP1014!hist14!CP1004,1
2026-07-18 13:19:58.4,1PDF,SLPSL0001,PULV LOW SEAL AIR HDR DIFF PRESS,,LOABS,PULV LOW SEAL AIR HDR DIFF PRESS,RTN,1,4.13965,4,INH2O,!WP1001!WP1002!WP1003!WP1006!WP1007!WP1014!hist14!CP1004,1
2026-07-18 13:19:59.4,1PDF,SLPSL0001,PULV LOW SEAL AIR HDR DIFF PRESS,,LOABS,PULV LOW SEAL AIR HDR DIFF PRESS,ALM,1,3.946,4,INH2O,!WP1001!WP1002!WP1003!WP1006!WP1007!WP1014!hist14!CP1004,1
2026-07-18 13:20:00.4,1PDF,SLPSL0001,PULV LOW SEAL AIR HDR DIFF PRESS,,LOABS,PULV LOW SEAL AIR HDR DIFF PRESS,RTN,1,4.03594,4,INH2O,!WP1001!WP1002!WP1003!WP1006!WP1007!WP1014!hist14!CP1004,1
2026-07-18 13:20:01.4,1PDF,SLPSL0001,PULV LOW SEAL AIR HDR DIFF PRESS,,LOABS,PULV LOW SEAL AIR HDR DIFF PRESS,ALM,1,3.89238,4,INH2O,!WP1001!WP1002!WP1003!WP1006!WP1007!WP1014!hist14!CP1004,1
2026-07-18 13:20:02.4,1PDF,SLPSL0001,PULV LOW SEAL AIR HDR DIFF PRESS,,LOABS,PULV LOW SEAL AIR HDR DIFF PRESS,RTN,1,4.04238,4,INH2O,!WP1001!WP1002!WP1003!WP1006!WP1007!WP1014!hist14!CP1004,1
2026-07-18 13:20:03.4,1PDF,SLPSL0001,PULV LOW SEAL AIR HDR DIFF PRESS,,LOABS,PULV LOW SEAL AIR HDR DIFF PRESS,ALM,1,3.9624,4,INH2O,!WP1001!WP1002!WP1003!WP1006!WP1007!WP1014!hist14!CP1004,1
2026-07-18 13:20:04.4,1PDF,SLPSL0001,PULV LOW SEAL AIR HDR DIFF PRESS,,LOABS,PULV LOW SEAL AIR HDR DIFF PRESS,RTN,1,4.06348,4,INH2O,!WP1001!WP1002!WP1003!WP1006!WP1007!WP1014!hist14!CP1004,1
2026-07-18 13:20:10.4,1PDF,SLPSL0001,PULV LOW SEAL AIR HDR DIFF PRESS,,LOABS,PULV LOW SEAL AIR HDR DIFF PRESS,ALM,1,3.99082,4,INH2O,!WP1001!WP1002!WP1003!WP1006!WP1007!WP1014!hist14!CP1004,1
2026-07-18 13:20:21.4,1PDF,SLPSL0001,PULV LOW SEAL AIR HDR DIFF PRESS,,LOABS,PULV LOW SEAL AIR HDR DIFF PRESS,RTN,1,4.06377,4,INH2O,!WP1001!WP1002!WP1003!WP1006!WP1007!WP1014!hist14!CP1004,1
2026-07-18 13:20:26.4,1PDF,SLPSL0001,PULV LOW SEAL AIR HDR DIFF PRESS,,LOABS,PULV LOW SEAL AIR HDR DIFF PRESS,ALM,1,3.99609,4,INH2O,!WP1001!WP1002!WP1003!WP1006!WP1007!WP1014!hist14!CP1004,1
2026-07-18 13:20:27.4,1PDF,SLPSL0001,PULV LOW SEAL AIR HDR DIFF PRESS,,LOABS,PULV LOW SEAL AIR HDR DIFF PRESS,RTN,1,4.09688,4,INH2O,!WP1001!WP1002!WP1003!WP1006!WP1007!WP1014!hist14!CP1004,1
2026-07-18 13:20:34.4,1PDF,SLPSL0001,PULV LOW SEAL AIR HDR DIFF PRESS,,LOABS,PULV LOW SEAL AIR HDR DIFF PRESS,ALM,1,3.95947,4,INH2O,!WP1001!WP1002!WP1003!WP1006!WP1007!WP1014!hist14!CP1004,1
2026-07-18 13:21:18.7,1AB_ECON_SEQ,ECON_HOP_T8,ECON HOPPER SEQ XV5122 TIMER,,PTARG,TIMEOUT,ALM,3,240.01,240,SEC,!WP1002!WP1011!WP1001!hist14!CP1020,1
2026-07-18 13:21:19.7,1AB_ECON_SEQ,ECON_HOP_T8,ECON HOPPER SEQ XV5122 TIMER,,PTARG,TIMEOUT,RTN,3,0,240,SEC,!WP1002!WP1011!WP1001!hist14!CP1020,1
2026-07-18 13:21:27.2,1GS_A,BLEED_FAIL,BLEED SYSTEM A FAILURE,,STATE,BLEED SYSTEM A NORMAL,RTN,3,,,,!WP1001!WP1002!WP1003!WP1006!WP1007!WP1014!hist14!CP1017,1
2026-07-18 13:23:01.4,1PDF,SLPSL0001,PULV LOW SEAL AIR HDR DIFF PRESS,,LOABS,PULV LOW SEAL AIR HDR DIFF PRESS,RTN,1,4.14609,4,INH2O,!WP1001!WP1002!WP1003!WP1006!WP1007!WP1014!hist14!CP1004,1
2026-07-18 13:24:38.4,1PDF,SLPSL0001,PULV LOW SEAL AIR HDR DIFF PRESS,,LOABS,PULV LOW SEAL AIR HDR DIFF PRESS,ALM,1,3.94248,4,INH2O,!WP1001!WP1002!WP1003!WP1006!WP1007!WP1014!hist14!CP1004,1
2026-07-18 13:24:39.4,1PDF,SLPSL0001,PULV LOW SEAL AIR HDR DIFF PRESS,,LOABS,PULV LOW SEAL AIR HDR DIFF PRESS,RTN,1,4.00078,4,INH2O,!WP1001!WP1002!WP1003!WP1006!WP1007!WP1014!hist14!CP1004,1
2026-07-18 13:24:40.4,1PDF,SLPSL0001,PULV LOW SEAL AIR HDR DIFF PRESS,,LOABS,PULV LOW SEAL AIR HDR DIFF PRESS,ALM,1,3.97939,4,INH2O,!WP1001!WP1002!WP1003!WP1006!WP1007!WP1014!hist14!CP1004,1
2026-07-18 13:24:41.4,1PDF,SLPSL0001,PULV LOW SEAL AIR HDR DIFF PRESS,,LOABS,PULV LOW SEAL AIR HDR DIFF PRESS,RTN,1,4.01133,4,INH2O,!WP1001!WP1002!WP1003!WP1006!WP1007!WP1014!hist14!CP1004,1
2026-07-18 13:24:47.4,1PDF,SLPSL0001,PULV LOW SEAL AIR HDR DIFF PRESS,,LOABS,PULV LOW SEAL AIR HDR DIFF PRESS,ALM,1,3.95449,4,INH2O,!WP1001!WP1002!WP1003!WP1006!WP1007!WP1014!hist14!CP1004,1
2026-07-18 13:24:50.4,1PDF,SLPSL0001,PULV LOW SEAL AIR HDR DIFF PRESS,,LOABS,PULV LOW SEAL AIR HDR DIFF PRESS,RTN,1,4.03096,4,INH2O,!WP1001!WP1002!WP1003!WP1006!WP1007!WP1014!hist14!CP1004,1
2026-07-18 13:24:51.4,1PDF,SLPSL0001,PULV LOW SEAL AIR HDR DIFF PRESS,,LOABS,PULV LOW SEAL AIR HDR DIFF PRESS,ALM,1,3.91523,4,INH2O,!WP1001!WP1002!WP1003!WP1006!WP1007!WP1014!hist14!CP1004,1
2026-07-18 13:24:52.4,1PDF,SLPSL0001,PULV LOW SEAL AIR HDR DIFF PRESS,,LOABS,PULV LOW SEAL AIR HDR DIFF PRESS,RTN,1,4.01133,4,INH2O,!WP1001!WP1002!WP1003!WP1006!WP1007!WP1014!hist14!CP1004,1
2026-07-18 13:24:53.4,1PDF,SLPSL0001,PULV LOW SEAL AIR HDR DIFF PRESS,,LOABS,PULV LOW SEAL AIR HDR DIFF PRESS,ALM,1,3.88711,4,INH2O,!WP1001!WP1002!WP1003!WP1006!WP1007!WP1014!hist14!CP1004,1
2026-07-18 13:25:32.4,1PDF,SLPSL0001,PULV LOW SEAL AIR HDR DIFF PRESS,,LOABS,PULV LOW SEAL AIR HDR DIFF PRESS,RTN,1,4.08281,4,INH2O,!WP1001!WP1002!WP1003!WP1006!WP1007!WP1014!hist14!CP1004,1
2026-07-18 13:25:35.4,1PDF,SLPSL0001,PULV LOW SEAL AIR HDR DIFF PRESS,,LOABS,PULV LOW SEAL AIR HDR DIFF PRESS,ALM,1,3.8918,4,INH2O,!WP1001!WP1002!WP1003!WP1006!WP1007!WP1014!hist14!CP1004,1
2026-07-18 13:25:36.4,1PDF,SLPSL0001,PULV LOW SEAL AIR HDR DIFF PRESS,,LOABS,PULV LOW SEAL AIR HDR DIFF PRESS,RTN,1,4.06846,4,INH2O,!WP1001!WP1002!WP1003!WP1006!WP1007!WP1014!hist14!CP1004,1
2026-07-18 13:25:37.4,1PDF,SLPSL0001,PULV LOW SEAL AIR HDR DIFF PRESS,,LOABS,PULV LOW SEAL AIR HDR DIFF PRESS,ALM,1,3.90264,4,INH2O,!WP1001!WP1002!WP1003!WP1006!WP1007!WP1014!hist14!CP1004,1
2026-07-18 13:26:14.4,1PDF,SLPSL0001,PULV LOW SEAL AIR HDR DIFF PRESS,,LOABS,PULV LOW SEAL AIR HDR DIFF PRESS,RTN,1,4.0998,4,INH2O,!WP1001!WP1002!WP1003!WP1006!WP1007!WP1014!hist14!CP1004,1
2026-07-18 13:26:15.4,1PDF,SLPSL0001,PULV LOW SEAL AIR HDR DIFF PRESS,,LOABS,PULV LOW SEAL AIR HDR DIFF PRESS,ALM,1,3.9791,4,INH2O,!WP1001!WP1002!WP1003!WP1006!WP1007!WP1014!hist14!CP1004,1
2026-07-18 13:26:16.4,1PDF,SLPSL0001,PULV LOW SEAL AIR HDR DIFF PRESS,,LOABS,PULV LOW SEAL AIR HDR DIFF PRESS,RTN,1,4.06172,4,INH2O,!WP1001!WP1002!WP1003!WP1006!WP1007!WP1014!hist14!CP1004,1
2026-07-18 13:26:17.4,1PDF,SLPSL0001,PULV LOW SEAL AIR HDR DIFF PRESS,,LOABS,PULV LOW SEAL AIR HDR DIFF PRESS,ALM,1,3.94805,4,INH2O,!WP1001!WP1002!WP1003!WP1006!WP1007!WP1014!hist14!CP1004,1
2026-07-18 13:26:18.4,1PDF,SLPSL0001,PULV LOW SEAL AIR HDR DIFF PRESS,,LOABS,PULV LOW SEAL AIR HDR DIFF PRESS,RTN,1,4.00547,4,INH2O,!WP1001!WP1002!WP1003!WP1006!WP1007!WP1014!hist14!CP1004,1
2026-07-18 13:26:19.4,1PDF,SLPSL0001,PULV LOW SEAL AIR HDR DIFF PRESS,,LOABS,PULV LOW SEAL AIR HDR DIFF PRESS,ALM,1,3.89561,4,INH2O,!WP1001!WP1002!WP1003!WP1006!WP1007!WP1014!hist14!CP1004,1
2026-07-18 13:26:20.4,1PDF,SLPSL0001,PULV LOW SEAL AIR HDR DIFF PRESS,,LOABS,PULV LOW SEAL AIR HDR DIFF PRESS,RTN,1,4.00078,4,INH2O,!WP1001!WP1002!WP1003!WP1006!WP1007!WP1014!hist14!CP1004,1
2026-07-18 13:26:21.4,1PDF,SLPSL0001,PULV LOW SEAL AIR HDR DIFF PRESS,,LOABS,PULV LOW SEAL AIR HDR DIFF PRESS,ALM,1,3.9126,4,INH2O,!WP1001!WP1002!WP1003!WP1006!WP1007!WP1014!hist14!CP1004,1
2026-07-18 13:26:22.4,1PDF,SLPSL0001,PULV LOW SEAL AIR HDR DIFF PRESS,,LOABS,PULV LOW SEAL AIR HDR DIFF PRESS,RTN,1,4.05732,4,INH2O,!WP1001!WP1002!WP1003!WP1006!WP1007!WP1014!hist14!CP1004,1
2026-07-18 13:26:22.7,1AB_ECON_SEQ,ECON_HOP_T9,ECON HOPPER SEQ XV5123 TIMER,,PTARG,TIMEOUT,ALM,3,240.01,240,SEC,!WP1002!WP1011!WP1001!hist14!CP1020,1
2026-07-18 13:26:23.7,1AB_ECON_SEQ,ECON_HOP_T9,ECON HOPPER SEQ XV5123 TIMER,,PTARG,TIMEOUT,RTN,3,0,240,SEC,!WP1002!WP1011!WP1001!hist14!CP1020,1
2026-07-18 13:26:30.4,1PDF,SLPSL0001,PULV LOW SEAL AIR HDR DIFF PRESS,,LOABS,PULV LOW SEAL AIR HDR DIFF PRESS,ALM,1,3.98643,4,INH2O,!WP1001!WP1002!WP1003!WP1006!WP1007!WP1014!hist14!CP1004,1
2026-07-18 13:26:31.4,1PDF,SLPSL0001,PULV LOW SEAL AIR HDR DIFF PRESS,,LOABS,PULV LOW SEAL AIR HDR DIFF PRESS,RTN,1,4.05703,4,INH2O,!WP1001!WP1002!WP1003!WP1006!WP1007!WP1014!hist14!CP1004,1
2026-07-18 13:26:32.4,1PDF,SLPSL0001,PULV LOW SEAL AIR HDR DIFF PRESS,,LOABS,PULV LOW SEAL AIR HDR DIFF PRESS,ALM,1,3.99785,4,INH2O,!WP1001!WP1002!WP1003!WP1006!WP1007!WP1014!hist14!CP1004,1
2026-07-18 13:26:33.4,1PDF,SLPSL0001,PULV LOW SEAL AIR HDR DIFF PRESS,,LOABS,PULV LOW SEAL AIR HDR DIFF PRESS,RTN,1,4.01924,4,INH2O,!WP1001!WP1002!WP1003!WP1006!WP1007!WP1014!hist14!CP1004,1
2026-07-18 13:26:34.4,1PDF,SLPSL0001,PULV LOW SEAL AIR HDR DIFF PRESS,,LOABS,PULV LOW SEAL AIR HDR DIFF PRESS,ALM,1,3.79219,4,INH2O,!WP1001!WP1002!WP1003!WP1006!WP1007!WP1014!hist14!CP1004,1
2026-07-18 13:27:05.2,PAC_PLC,ACI_FDR_A_TR,ACI FDR A AC-WIC-5007 TRBLE ALM,,CHANGE,PAC FEEDER A TROUBLE,ALM,1,,,,!WP1001!WP1002!WP1003!WP1006!WP1007!WP1014!hist14!CP1003,1
2026-07-18 13:27:22.2,PAC_PLC,ACI_FDR_A_TR,ACI FDR A AC-WIC-5007 TRBLE ALM,,CHANGE,PAC FEEDER A TROUBLE,ALM,1,,,,!WP1001!WP1002!WP1003!WP1006!WP1007!WP1014!hist14!CP1003,1
2026-07-18 13:28:43.4,1PDF,SLPSL0001,PULV LOW SEAL AIR HDR DIFF PRESS,,LOABS,PULV LOW SEAL AIR HDR DIFF PRESS,RTN,1,4.03828,4,INH2O,!WP1001!WP1002!WP1003!WP1006!WP1007!WP1014!hist14!CP1004,1
2026-07-18 13:29:56.4,1PDF,SLPSL0001,PULV LOW SEAL AIR HDR DIFF PRESS,,LOABS,PULV LOW SEAL AIR HDR DIFF PRESS,ALM,1,3.92314,4,INH2O,!WP1001!WP1002!WP1003!WP1006!WP1007!WP1014!hist14!CP1004,1
2026-07-18 13:31:27.7,1AB_ECON_SEQ,ECON_HOP_T10,ECON HOPPER SEQ XV5124 TIMER,,PTARG,TIMEOUT,ALM,3,241,240,SEC,!WP1002!WP1011!WP1001!hist14!CP1020,1
2026-07-18 13:31:28.7,1AB_ECON_SEQ,ECON_HOP_T10,ECON HOPPER SEQ XV5124 TIMER,,PTARG,TIMEOUT,RTN,3,0,240,SEC,!WP1002!WP1011!WP1001!hist14!CP1020,1
2026-07-18 13:32:17.4,1PDF,SLPSL0001,PULV LOW SEAL AIR HDR DIFF PRESS,,LOABS,PULV LOW SEAL AIR HDR DIFF PRESS,RTN,1,4.004,4,INH2O,!WP1001!WP1002!WP1003!WP1006!WP1007!WP1014!hist14!CP1004,1
2026-07-18 13:32:21.4,1PDF,SLPSL0001,PULV LOW SEAL AIR HDR DIFF PRESS,,LOABS,PULV LOW SEAL AIR HDR DIFF PRESS,ALM,1,3.94541,4,INH2O,!WP1001!WP1002!WP1003!WP1006!WP1007!WP1014!hist14!CP1004,1
2026-07-18 13:32:22.4,1PDF,SLPSL0001,PULV LOW SEAL AIR HDR DIFF PRESS,,LOABS,PULV LOW SEAL AIR HDR DIFF PRESS,RTN,1,4.03037,4,INH2O,!WP1001!WP1002!WP1003!WP1006!WP1007!WP1014!hist14!CP1004,1
2026-07-18 13:32:23.4,1PDF,SLPSL0001,PULV LOW SEAL AIR HDR DIFF PRESS,,LOABS,PULV LOW SEAL AIR HDR DIFF PRESS,ALM,1,3.96914,4,INH2O,!WP1001!WP1002!WP1003!WP1006!WP1007!WP1014!hist14!CP1004,1
2026-07-18 13:32:24.4,1PDF,SLPSL0001,PULV LOW SEAL AIR HDR DIFF PRESS,,LOABS,PULV LOW SEAL AIR HDR DIFF PRESS,RTN,1,4.15986,4,INH2O,!WP1001!WP1002!WP1003!WP1006!WP1007!WP1014!hist14!CP1004,1
2026-07-18 13:32:27.4,1PDF,SLPSL0001,PULV LOW SEAL AIR HDR DIFF PRESS,,LOABS,PULV LOW SEAL AIR HDR DIFF PRESS,ALM,1,3.91084,4,INH2O,!WP1001!WP1002!WP1003!WP1006!WP1007!WP1014!hist14!CP1004,1
2026-07-18 13:32:34.4,1PDF,SLPSL0001,PULV LOW SEAL AIR HDR DIFF PRESS,,LOABS,PULV LOW SEAL AIR HDR DIFF PRESS,RTN,1,4.02598,4,INH2O,!WP1001!WP1002!WP1003!WP1006!WP1007!WP1014!hist14!CP1004,1
2026-07-18 13:32:35.4,1PDF,SLPSL0001,PULV LOW SEAL AIR HDR DIFF PRESS,,LOABS,PULV LOW SEAL AIR HDR DIFF PRESS,ALM,1,3.97939,4,INH2O,!WP1001!WP1002!WP1003!WP1006!WP1007!WP1014!hist14!CP1004,1
2026-07-18 13:33:07.4,1PDF,SLPSL0001,PULV LOW SEAL AIR HDR DIFF PRESS,,LOABS,PULV LOW SEAL AIR HDR DIFF PRESS,RTN,1,4.00869,4,INH2O,!WP1001!WP1002!WP1003!WP1006!WP1007!WP1014!hist14!CP1004,1
2026-07-18 13:33:09.4,1PDF,SLPSL0001,PULV LOW SEAL AIR HDR DIFF PRESS,,LOABS,PULV LOW SEAL AIR HDR DIFF PRESS,ALM,1,3.99492,4,INH2O,!WP1001!WP1002!WP1003!WP1006!WP1007!WP1014!hist14!CP1004,1
2026-07-18 13:35:39.4,1PDF,SLPSL0001,PULV LOW SEAL AIR HDR DIFF PRESS,,LOABS,PULV LOW SEAL AIR HDR DIFF PRESS,RTN,1,4.07871,4,INH2O,!WP1001!WP1002!WP1003!WP1006!WP1007!WP1014!hist14!CP1004,1
2026-07-18 13:35:40.4,1PDF,SLPSL0001,PULV LOW SEAL AIR HDR DIFF PRESS,,LOABS,PULV LOW SEAL AIR HDR DIFF PRESS,ALM,1,3.97705,4,INH2O,!WP1001!WP1002!WP1003!WP1006!WP1007!WP1014!hist14!CP1004,1
2026-07-18 13:36:21.4,1PDF,SLPSL0001,PULV LOW SEAL AIR HDR DIFF PRESS,,LOABS,PULV LOW SEAL AIR HDR DIFF PRESS,RTN,1,4.06143,4,INH2O,!WP1001!WP1002!WP1003!WP1006!WP1007!WP1014!hist14!CP1004,1
2026-07-18 13:36:22.4,1PDF,SLPSL0001,PULV LOW SEAL AIR HDR DIFF PRESS,,LOABS,PULV LOW SEAL AIR HDR DIFF PRESS,ALM,1,3.98379,4,INH2O,!WP1001!WP1002!WP1003!WP1006!WP1007!WP1014!hist14!CP1004,1
2026-07-18 13:36:23.4,1PDF,SLPSL0001,PULV LOW SEAL AIR HDR DIFF PRESS,,LOABS,PULV LOW SEAL AIR HDR DIFF PRESS,RTN,1,4.09395,4,INH2O,!WP1001!WP1002!WP1003!WP1006!WP1007!WP1014!hist14!CP1004,1
2026-07-18 13:36:31.7,1AB_ECON_SEQ,ECON_HOP_T11,ECON HOPPER SEQ XV5125 TIMER,,PTARG,TIMEOUT,ALM,3,240.01,240,SEC,!WP1002!WP1011!WP1001!hist14!CP1020,1
2026-07-18 13:36:32.7,1AB_ECON_SEQ,ECON_HOP_T11,ECON HOPPER SEQ XV5125 TIMER,,PTARG,TIMEOUT,RTN,3,0,240,SEC,!WP1002!WP1011!WP1001!hist14!CP1020,1
2026-07-18 13:37:04.4,1PDF,SLPSL0001,PULV LOW SEAL AIR HDR DIFF PRESS,,LOABS,PULV LOW SEAL AIR HDR DIFF PRESS,ALM,1,3.97734,4,INH2O,!WP1001!WP1002!WP1003!WP1006!WP1007!WP1014!hist14!CP1004,1
2026-07-18 13:37:05.4,1PDF,SLPSL0001,PULV LOW SEAL AIR HDR DIFF PRESS,,LOABS,PULV LOW SEAL AIR HDR DIFF PRESS,RTN,1,4.0251,4,INH2O,!WP1001!WP1002!WP1003!WP1006!WP1007!WP1014!hist14!CP1004,1
2026-07-18 13:37:06.4,1PDF,SLPSL0001,PULV LOW SEAL AIR HDR DIFF PRESS,,LOABS,PULV LOW SEAL AIR HDR DIFF PRESS,ALM,1,3.86279,4,INH2O,!WP1001!WP1002!WP1003!WP1006!WP1007!WP1014!hist14!CP1004,1
2026-07-18 13:37:29.2,1AB_SURGEA,FCVA153AL,LINE A TO SILO    B,TRANSPORT LIN,STATE,FAIL,ALM,3,,,,!WP1002!WP1011!WP1001!hist14!CP1020,1
2026-07-18 13:37:30.2,1AB_SURGEA,FCVA153AL,LINE A TO SILO    B,TRANSPORT LIN,STATE,OK,RTN,3,,,,!WP1002!WP1011!WP1001!hist14!CP1020,1
2026-07-18 13:39:01.4,1PDF,SLPSL0001,PULV LOW SEAL AIR HDR DIFF PRESS,,LOABS,PULV LOW SEAL AIR HDR DIFF PRESS,RTN,1,4.0084,4,INH2O,!WP1001!WP1002!WP1003!WP1006!WP1007!WP1014!hist14!CP1004,1
2026-07-18 13:39:02.4,1PDF,SLPSL0001,PULV LOW SEAL AIR HDR DIFF PRESS,,LOABS,PULV LOW SEAL AIR HDR DIFF PRESS,ALM,1,3.90322,4,INH2O,!WP1001!WP1002!WP1003!WP1006!WP1007!WP1014!hist14!CP1004,1
2026-07-18 13:39:49.4,1PDF,SLPSL0001,PULV LOW SEAL AIR HDR DIFF PRESS,,LOABS,PULV LOW SEAL AIR HDR DIFF PRESS,RTN,1,4.10361,4,INH2O,!WP1001!WP1002!WP1003!WP1006!WP1007!WP1014!hist14!CP1004,1
2026-07-18 13:40:01.4,1PDF,SLPSL0001,PULV LOW SEAL AIR HDR DIFF PRESS,,LOABS,PULV LOW SEAL AIR HDR DIFF PRESS,ALM,1,3.88008,4,INH2O,!WP1001!WP1002!WP1003!WP1006!WP1007!WP1014!hist14!CP1004,1
2026-07-18 13:41:36.7,1AB_ECON_SEQ,ECON_HOP_T12,ECON HOPPER SEQ XV5126 TIMER,,PTARG,TIMEOUT,ALM,3,241.01,240,SEC,!WP1002!WP1011!WP1001!hist14!CP1020,1
2026-07-18 13:41:37.7,1AB_ECON_SEQ,ECON_HOP_T12,ECON HOPPER SEQ XV5126 TIMER,,PTARG,TIMEOUT,RTN,3,0,240,SEC,!WP1002!WP1011!WP1001!hist14!CP1020,1
2026-07-18 13:42:10.4,1PDF,SLPSL0001,PULV LOW SEAL AIR HDR DIFF PRESS,,LOABS,PULV LOW SEAL AIR HDR DIFF PRESS,RTN,1,4.01689,4,INH2O,!WP1001!WP1002!WP1003!WP1006!WP1007!WP1014!hist14!CP1004,1
2026-07-18 13:42:34.4,1PDF,SLPSL0001,PULV LOW SEAL AIR HDR DIFF PRESS,,LOABS,PULV LOW SEAL AIR HDR DIFF PRESS,ALM,1,3.94805,4,INH2O,!WP1001!WP1002!WP1003!WP1006!WP1007!WP1014!hist14!CP1004,1
2026-07-18 13:42:37.4,1PDF,SLPSL0001,PULV LOW SEAL AIR HDR DIFF PRESS,,LOABS,PULV LOW SEAL AIR HDR DIFF PRESS,RTN,1,4.05498,4,INH2O,!WP1001!WP1002!WP1003!WP1006!WP1007!WP1014!hist14!CP1004,1
2026-07-18 13:42:44.4,1PDF,SLPSL0001,PULV LOW SEAL AIR HDR DIFF PRESS,,LOABS,PULV LOW SEAL AIR HDR DIFF PRESS,ALM,1,3.97266,4,INH2O,!WP1001!WP1002!WP1003!WP1006!WP1007!WP1014!hist14!CP1004,1
2026-07-18 13:42:48.4,1PDF,SLPSL0001,PULV LOW SEAL AIR HDR DIFF PRESS,,LOABS,PULV LOW SEAL AIR HDR DIFF PRESS,RTN,1,4.06436,4,INH2O,!WP1001!WP1002!WP1003!WP1006!WP1007!WP1014!hist14!CP1004,1
2026-07-18 13:42:49.4,1PDF,SLPSL0001,PULV LOW SEAL AIR HDR DIFF PRESS,,LOABS,PULV LOW SEAL AIR HDR DIFF PRESS,ALM,1,3.93867,4,INH2O,!WP1001!WP1002!WP1003!WP1006!WP1007!WP1014!hist14!CP1004,1
2026-07-18 13:42:50.4,1PDF,SLPSL0001,PULV LOW SEAL AIR HDR DIFF PRESS,,LOABS,PULV LOW SEAL AIR HDR DIFF PRESS,RTN,1,4.07695,4,INH2O,!WP1001!WP1002!WP1003!WP1006!WP1007!WP1014!hist14!CP1004,1
2026-07-18 13:42:51.4,1PDF,SLPSL0001,PULV LOW SEAL AIR HDR DIFF PRESS,,LOABS,PULV LOW SEAL AIR HDR DIFF PRESS,ALM,1,3.99727,4,INH2O,!WP1001!WP1002!WP1003!WP1006!WP1007!WP1014!hist14!CP1004,1
2026-07-18 13:42:52.4,1PDF,SLPSL0001,PULV LOW SEAL AIR HDR DIFF PRESS,,LOABS,PULV LOW SEAL AIR HDR DIFF PRESS,RTN,1,4.07666,4,INH2O,!WP1001!WP1002!WP1003!WP1006!WP1007!WP1014!hist14!CP1004,1
2026-07-18 13:42:53.4,1PDF,SLPSL0001,PULV LOW SEAL AIR HDR DIFF PRESS,,LOABS,PULV LOW SEAL AIR HDR DIFF PRESS,ALM,1,3.91436,4,INH2O,!WP1001!WP1002!WP1003!WP1006!WP1007!WP1014!hist14!CP1004,1
2026-07-18 13:42:56.4,1PDF,SLPSL0001,PULV LOW SEAL AIR HDR DIFF PRESS,,LOABS,PULV LOW SEAL AIR HDR DIFF PRESS,RTN,1,4.00166,4,INH2O,!WP1001!WP1002!WP1003!WP1006!WP1007!WP1014!hist14!CP1004,1
2026-07-18 13:42:57.4,1PDF,SLPSL0001,PULV LOW SEAL AIR HDR DIFF PRESS,,LOABS,PULV LOW SEAL AIR HDR DIFF PRESS,ALM,1,3.84463,4,INH2O,!WP1001!WP1002!WP1003!WP1006!WP1007!WP1014!hist14!CP1004,1
2026-07-18 13:43:05.4,1PDF,SLPSL0001,PULV LOW SEAL AIR HDR DIFF PRESS,,LOABS,PULV LOW SEAL AIR HDR DIFF PRESS,RTN,1,4.0002,4,INH2O,!WP1001!WP1002!WP1003!WP1006!WP1007!WP1014!hist14!CP1004,1
2026-07-18 13:43:06.4,1PDF,SLPSL0001,PULV LOW SEAL AIR HDR DIFF PRESS,,LOABS,PULV LOW SEAL AIR HDR DIFF PRESS,ALM,1,3.95127,4,INH2O,!WP1001!WP1002!WP1003!WP1006!WP1007!WP1014!hist14!CP1004,1
2026-07-18 13:43:09.4,1PDF,SLPSL0001,PULV LOW SEAL AIR HDR DIFF PRESS,,LOABS,PULV LOW SEAL AIR HDR DIFF PRESS,RTN,1,4.04531,4,INH2O,!WP1001!WP1002!WP1003!WP1006!WP1007!WP1014!hist14!CP1004,1
2026-07-18 13:43:10.4,1PDF,SLPSL0001,PULV LOW SEAL AIR HDR DIFF PRESS,,LOABS,PULV LOW SEAL AIR HDR DIFF PRESS,ALM,1,3.99492,4,INH2O,!WP1001!WP1002!WP1003!WP1006!WP1007!WP1014!hist14!CP1004,1
2026-07-18 13:43:11.4,1PDF,SLPSL0001,PULV LOW SEAL AIR HDR DIFF PRESS,,LOABS,PULV LOW SEAL AIR HDR DIFF PRESS,RTN,1,4.1335,4,INH2O,!WP1001!WP1002!WP1003!WP1006!WP1007!WP1014!hist14!CP1004,1
2026-07-18 13:43:18.4,1PDF,SLPSL0001,PULV LOW SEAL AIR HDR DIFF PRESS,,LOABS,PULV LOW SEAL AIR HDR DIFF PRESS,ALM,1,3.94482,4,INH2O,!WP1001!WP1002!WP1003!WP1006!WP1007!WP1014!hist14!CP1004,1
2026-07-18 13:43:19.4,1PDF,SLPSL0001,PULV LOW SEAL AIR HDR DIFF PRESS,,LOABS,PULV LOW SEAL AIR HDR DIFF PRESS,RTN,1,4.12266,4,INH2O,!WP1001!WP1002!WP1003!WP1006!WP1007!WP1014!hist14!CP1004,1
2026-07-18 13:43:24.4,1PDF,SLPSL0001,PULV LOW SEAL AIR HDR DIFF PRESS,,LOABS,PULV LOW SEAL AIR HDR DIFF PRESS,ALM,1,3.93955,4,INH2O,!WP1001!WP1002!WP1003!WP1006!WP1007!WP1014!hist14!CP1004,1
2026-07-18 13:43:28.4,1PDF,SLPSL0001,PULV LOW SEAL AIR HDR DIFF PRESS,,LOABS,PULV LOW SEAL AIR HDR DIFF PRESS,RTN,1,4.06289,4,INH2O,!WP1001!WP1002!WP1003!WP1006!WP1007!WP1014!hist14!CP1004,1
2026-07-18 13:43:33.4,1PDF,SLPSL0001,PULV LOW SEAL AIR HDR DIFF PRESS,,LOABS,PULV LOW SEAL AIR HDR DIFF PRESS,ALM,1,3.95186,4,INH2O,!WP1001!WP1002!WP1003!WP1006!WP1007!WP1014!hist14!CP1004,1
2026-07-18 13:43:34.4,1PDF,SLPSL0001,PULV LOW SEAL AIR HDR DIFF PRESS,,LOABS,PULV LOW SEAL AIR HDR DIFF PRESS,RTN,1,4.01484,4,INH2O,!WP1001!WP1002!WP1003!WP1006!WP1007!WP1014!hist14!CP1004,1
2026-07-18 13:43:35.4,1PDF,SLPSL0001,PULV LOW SEAL AIR HDR DIFF PRESS,,LOABS,PULV LOW SEAL AIR HDR DIFF PRESS,ALM,1,3.96357,4,INH2O,!WP1001!WP1002!WP1003!WP1006!WP1007!WP1014!hist14!CP1004,1
2026-07-18 13:43:36.4,1PDF,SLPSL0001,PULV LOW SEAL AIR HDR DIFF PRESS,,LOABS,PULV LOW SEAL AIR HDR DIFF PRESS,RTN,1,4.08838,4,INH2O,!WP1001!WP1002!WP1003!WP1006!WP1007!WP1014!hist14!CP1004,1
2026-07-18 13:43:43.4,1PDF,SLPSL0001,PULV LOW SEAL AIR HDR DIFF PRESS,,LOABS,PULV LOW SEAL AIR HDR DIFF PRESS,ALM,1,3.98174,4,INH2O,!WP1001!WP1002!WP1003!WP1006!WP1007!WP1014!hist14!CP1004,1
2026-07-18 13:43:44.4,1PDF,SLPSL0001,PULV LOW SEAL AIR HDR DIFF PRESS,,LOABS,PULV LOW SEAL AIR HDR DIFF PRESS,RTN,1,4.00605,4,INH2O,!WP1001!WP1002!WP1003!WP1006!WP1007!WP1014!hist14!CP1004,1
2026-07-18 13:43:45.4,1PDF,SLPSL0001,PULV LOW SEAL AIR HDR DIFF PRESS,,LOABS,PULV LOW SEAL AIR HDR DIFF PRESS,ALM,1,3.97178,4,INH2O,!WP1001!WP1002!WP1003!WP1006!WP1007!WP1014!hist14!CP1004,1
2026-07-18 13:43:46.4,1PDF,SLPSL0001,PULV LOW SEAL AIR HDR DIFF PRESS,,LOABS,PULV LOW SEAL AIR HDR DIFF PRESS,RTN,1,4.04766,4,INH2O,!WP1001!WP1002!WP1003!WP1006!WP1007!WP1014!hist14!CP1004,1
2026-07-18 13:43:56.4,1PDF,SLPSL0001,PULV LOW SEAL AIR HDR DIFF PRESS,,LOABS,PULV LOW SEAL AIR HDR DIFF PRESS,ALM,1,3.92842,4,INH2O,!WP1001!WP1002!WP1003!WP1006!WP1007!WP1014!hist14!CP1004,1
2026-07-18 13:45:51.4,1PDF,SLPSL0001,PULV LOW SEAL AIR HDR DIFF PRESS,,LOABS,PULV LOW SEAL AIR HDR DIFF PRESS,RTN,1,4.02305,4,INH2O,!WP1001!WP1002!WP1003!WP1006!WP1007!WP1014!hist14!CP1004,1
2026-07-18 13:45:52.4,1PDF,SLPSL0001,PULV LOW SEAL AIR HDR DIFF PRESS,,LOABS,PULV LOW SEAL AIR HDR DIFF PRESS,ALM,1,3.96328,4,INH2O,!WP1001!WP1002!WP1003!WP1006!WP1007!WP1014!hist14!CP1004,1
2026-07-18 13:46:34.4,1PDF,SLPSL0001,PULV LOW SEAL AIR HDR DIFF PRESS,,LOABS,PULV LOW SEAL AIR HDR DIFF PRESS,RTN,1,4.05938,4,INH2O,!WP1001!WP1002!WP1003!WP1006!WP1007!WP1014!hist14!CP1004,1
2026-07-18 13:46:36.4,1PDF,SLPSL0001,PULV LOW SEAL AIR HDR DIFF PRESS,,LOABS,PULV LOW SEAL AIR HDR DIFF PRESS,ALM,1,3.98965,4,INH2O,!WP1001!WP1002!WP1003!WP1006!WP1007!WP1014!hist14!CP1004,1
2026-07-18 13:46:37.4,1PDF,SLPSL0001,PULV LOW SEAL AIR HDR DIFF PRESS,,LOABS,PULV LOW SEAL AIR HDR DIFF PRESS,RTN,1,4.01543,4,INH2O,!WP1001!WP1002!WP1003!WP1006!WP1007!WP1014!hist14!CP1004,1
2026-07-18 13:46:38.4,1PDF,SLPSL0001,PULV LOW SEAL AIR HDR DIFF PRESS,,LOABS,PULV LOW SEAL AIR HDR DIFF PRESS,ALM,1,3.90762,4,INH2O,!WP1001!WP1002!WP1003!WP1006!WP1007!WP1014!hist14!CP1004,1
2026-07-18 13:46:43.4,1PDF,SLPSL0001,PULV LOW SEAL AIR HDR DIFF PRESS,,LOABS,PULV LOW SEAL AIR HDR DIFF PRESS,RTN,1,4.09365,4,INH2O,!WP1001!WP1002!WP1003!WP1006!WP1007!WP1014!hist14!CP1004,1
2026-07-18 13:46:44.4,1PDF,SLPSL0001,PULV LOW SEAL AIR HDR DIFF PRESS,,LOABS,PULV LOW SEAL AIR HDR DIFF PRESS,ALM,1,3.94248,4,INH2O,!WP1001!WP1002!WP1003!WP1006!WP1007!WP1014!hist14!CP1004,1
2026-07-18 13:46:58.4,1PDF,SLPSL0001,PULV LOW SEAL AIR HDR DIFF PRESS,,LOABS,PULV LOW SEAL AIR HDR DIFF PRESS,RTN,1,4.03037,4,INH2O,!WP1001!WP1002!WP1003!WP1006!WP1007!WP1014!hist14!CP1004,1
2026-07-18 13:46:59.4,1PDF,SLPSL0001,PULV LOW SEAL AIR HDR DIFF PRESS,,LOABS,PULV LOW SEAL AIR HDR DIFF PRESS,ALM,1,3.98584,4,INH2O,!WP1001!WP1002!WP1003!WP1006!WP1007!WP1014!hist14!CP1004,1
2026-07-18 13:47:00.4,1PDF,SLPSL0001,PULV LOW SEAL AIR HDR DIFF PRESS,,LOABS,PULV LOW SEAL AIR HDR DIFF PRESS,RTN,1,4.02979,4,INH2O,!WP1001!WP1002!WP1003!WP1006!WP1007!WP1014!hist14!CP1004,1
2026-07-18 13:47:01.4,1PDF,SLPSL0001,PULV LOW SEAL AIR HDR DIFF PRESS,,LOABS,PULV LOW SEAL AIR HDR DIFF PRESS,ALM,1,3.89297,4,INH2O,!WP1001!WP1002!WP1003!WP1006!WP1007!WP1014!hist14!CP1004,1
2026-07-18 13:47:23.4,1PDF,SLPSL0001,PULV LOW SEAL AIR HDR DIFF PRESS,,LOABS,PULV LOW SEAL AIR HDR DIFF PRESS,RTN,1,4.00488,4,INH2O,!WP1001!WP1002!WP1003!WP1006!WP1007!WP1014!hist14!CP1004,1
2026-07-18 13:47:28.4,1PDF,SLPSL0001,PULV LOW SEAL AIR HDR DIFF PRESS,,LOABS,PULV LOW SEAL AIR HDR DIFF PRESS,ALM,1,3.88916,4,INH2O,!WP1001!WP1002!WP1003!WP1006!WP1007!WP1014!hist14!CP1004,1
2026-07-18 13:47:32.4,1PDF,SLPSL0001,PULV LOW SEAL AIR HDR DIFF PRESS,,LOABS,PULV LOW SEAL AIR HDR DIFF PRESS,RTN,1,4.00752,4,INH2O,!WP1001!WP1002!WP1003!WP1006!WP1007!WP1014!hist14!CP1004,1
2026-07-18 13:47:33.4,1PDF,SLPSL0001,PULV LOW SEAL AIR HDR DIFF PRESS,,LOABS,PULV LOW SEAL AIR HDR DIFF PRESS,ALM,1,3.95801,4,INH2O,!WP1001!WP1002!WP1003!WP1006!WP1007!WP1014!hist14!CP1004,1
2026-07-18 13:49:06.4,1PDF,SLPSL0001,PULV LOW SEAL AIR HDR DIFF PRESS,,LOABS,PULV LOW SEAL AIR HDR DIFF PRESS,RTN,1,4.02539,4,INH2O,!WP1001!WP1002!WP1003!WP1006!WP1007!WP1014!hist14!CP1004,1
2026-07-18 13:49:07.4,1PDF,SLPSL0001,PULV LOW SEAL AIR HDR DIFF PRESS,,LOABS,PULV LOW SEAL AIR HDR DIFF PRESS,ALM,1,3.91289,4,INH2O,!WP1001!WP1002!WP1003!WP1006!WP1007!WP1014!hist14!CP1004,1
2026-07-18 13:49:13.4,1PDF,SLPSL0001,PULV LOW SEAL AIR HDR DIFF PRESS,,LOABS,PULV LOW SEAL AIR HDR DIFF PRESS,RTN,1,4.03389,4,INH2O,!WP1001!WP1002!WP1003!WP1006!WP1007!WP1014!hist14!CP1004,1
2026-07-18 13:49:15.4,1PDF,SLPSL0001,PULV LOW SEAL AIR HDR DIFF PRESS,,LOABS,PULV LOW SEAL AIR HDR DIFF PRESS,ALM,1,3.95772,4,INH2O,!WP1001!WP1002!WP1003!WP1006!WP1007!WP1014!hist14!CP1004,1
2026-07-18 13:49:48.4,1PDF,SLPSL0001,PULV LOW SEAL AIR HDR DIFF PRESS,,LOABS,PULV LOW SEAL AIR HDR DIFF PRESS,RTN,1,4.14258,4,INH2O,!WP1001!WP1002!WP1003!WP1006!WP1007!WP1014!hist14!CP1004,1
2026-07-18 13:50:08.4,1PDF,SLPSL0001,PULV LOW SEAL AIR HDR DIFF PRESS,,LOABS,PULV LOW SEAL AIR HDR DIFF PRESS,ALM,1,3.95332,4,INH2O,!WP1001!WP1002!WP1003!WP1006!WP1007!WP1014!hist14!CP1004,1
2026-07-18 13:50:09.4,1PDF,SLPSL0001,PULV LOW SEAL AIR HDR DIFF PRESS,,LOABS,PULV LOW SEAL AIR HDR DIFF PRESS,RTN,1,4.02832,4,INH2O,!WP1001!WP1002!WP1003!WP1006!WP1007!WP1014!hist14!CP1004,1
2026-07-18 13:50:10.4,1PDF,SLPSL0001,PULV LOW SEAL AIR HDR DIFF PRESS,,LOABS,PULV LOW SEAL AIR HDR DIFF PRESS,ALM,1,3.89707,4,INH2O,!WP1001!WP1002!WP1003!WP1006!WP1007!WP1014!hist14!CP1004,1
2026-07-18 13:50:11.4,1PDF,SLPSL0001,PULV LOW SEAL AIR HDR DIFF PRESS,,LOABS,PULV LOW SEAL AIR HDR DIFF PRESS,RTN,1,4.01719,4,INH2O,!WP1001!WP1002!WP1003!WP1006!WP1007!WP1014!hist14!CP1004,1
2026-07-18 13:50:12.4,1PDF,SLPSL0001,PULV LOW SEAL AIR HDR DIFF PRESS,,LOABS,PULV LOW SEAL AIR HDR DIFF PRESS,ALM,1,3.99609,4,INH2O,!WP1001!WP1002!WP1003!WP1006!WP1007!WP1014!hist14!CP1004,1
2026-07-18 13:50:13.4,1PDF,SLPSL0001,PULV LOW SEAL AIR HDR DIFF PRESS,,LOABS,PULV LOW SEAL AIR HDR DIFF PRESS,RTN,1,4.08135,4,INH2O,!WP1001!WP1002!WP1003!WP1006!WP1007!WP1014!hist14!CP1004,1
2026-07-18 13:50:14.4,1PDF,SLPSL0001,PULV LOW SEAL AIR HDR DIFF PRESS,,LOABS,PULV LOW SEAL AIR HDR DIFF PRESS,ALM,1,3.91084,4,INH2O,!WP1001!WP1002!WP1003!WP1006!WP1007!WP1014!hist14!CP1004,1
2026-07-18 13:50:24.4,1PDF,SLPSL0001,PULV LOW SEAL AIR HDR DIFF PRESS,,LOABS,PULV LOW SEAL AIR HDR DIFF PRESS,RTN,1,4.00225,4,INH2O,!WP1001!WP1002!WP1003!WP1006!WP1007!WP1014!hist14!CP1004,1
2026-07-18 13:50:25.4,1PDF,SLPSL0001,PULV LOW SEAL AIR HDR DIFF PRESS,,LOABS,PULV LOW SEAL AIR HDR DIFF PRESS,ALM,1,3.93926,4,INH2O,!WP1001!WP1002!WP1003!WP1006!WP1007!WP1014!hist14!CP1004,1
2026-07-18 13:50:30.4,1PDF,SLPSL0001,PULV LOW SEAL AIR HDR DIFF PRESS,,LOABS,PULV LOW SEAL AIR HDR DIFF PRESS,RTN,1,4.01484,4,INH2O,!WP1001!WP1002!WP1003!WP1006!WP1007!WP1014!hist14!CP1004,1
2026-07-18 13:50:31.4,1PDF,SLPSL0001,PULV LOW SEAL AIR HDR DIFF PRESS,,LOABS,PULV LOW SEAL AIR HDR DIFF PRESS,ALM,1,3.86836,4,INH2O,!WP1001!WP1002!WP1003!WP1006!WP1007!WP1014!hist14!CP1004,1
2026-07-18 13:50:34.4,1PDF,SLPSL0001,PULV LOW SEAL AIR HDR DIFF PRESS,,LOABS,PULV LOW SEAL AIR HDR DIFF PRESS,RTN,1,4.19971,4,INH2O,!WP1001!WP1002!WP1003!WP1006!WP1007!WP1014!hist14!CP1004,1
2026-07-18 13:51:49.4,1PDF,SLPSL0001,PULV LOW SEAL AIR HDR DIFF PRESS,,LOABS,PULV LOW SEAL AIR HDR DIFF PRESS,ALM,1,3.95537,4,INH2O,!WP1001!WP1002!WP1003!WP1006!WP1007!WP1014!hist14!CP1004,1
2026-07-18 13:51:50.4,1PDF,SLPSL0001,PULV LOW SEAL AIR HDR DIFF PRESS,,LOABS,PULV LOW SEAL AIR HDR DIFF PRESS,RTN,1,4.00576,4,INH2O,!WP1001!WP1002!WP1003!WP1006!WP1007!WP1014!hist14!CP1004,1
2026-07-18 13:51:51.4,1PDF,SLPSL0001,PULV LOW SEAL AIR HDR DIFF PRESS,,LOABS,PULV LOW SEAL AIR HDR DIFF PRESS,ALM,1,3.95039,4,INH2O,!WP1001!WP1002!WP1003!WP1006!WP1007!WP1014!hist14!CP1004,1
2026-07-18 13:51:52.4,1PDF,SLPSL0001,PULV LOW SEAL AIR HDR DIFF PRESS,,LOABS,PULV LOW SEAL AIR HDR DIFF PRESS,RTN,1,4.09043,4,INH2O,!WP1001!WP1002!WP1003!WP1006!WP1007!WP1014!hist14!CP1004,1
2026-07-18 13:51:57.4,1PDF,SLPSL0001,PULV LOW SEAL AIR HDR DIFF PRESS,,LOABS,PULV LOW SEAL AIR HDR DIFF PRESS,ALM,1,3.93398,4,INH2O,!WP1001!WP1002!WP1003!WP1006!WP1007!WP1014!hist14!CP1004,1
2026-07-18 13:52:17.7,1WB_DEV,AA_JJ_DEV,AUX AIR JJ ANY DEV,,STATE,DEVIATION,ALM,5,,,INH2O,,0
2026-07-18 13:54:25.4,1PDF,SLPSL0001,PULV LOW SEAL AIR HDR DIFF PRESS,,LOABS,PULV LOW SEAL AIR HDR DIFF PRESS,RTN,1,4.08047,4,INH2O,!WP1001!WP1002!WP1003!WP1006!WP1007!WP1014!hist14!CP1004,1
2026-07-18 13:54:26.4,1PDF,SLPSL0001,PULV LOW SEAL AIR HDR DIFF PRESS,,LOABS,PULV LOW SEAL AIR HDR DIFF PRESS,ALM,1,3.98291,4,INH2O,!WP1001!WP1002!WP1003!WP1006!WP1007!WP1014!hist14!CP1004,1
2026-07-18 13:54:27.4,1PDF,SLPSL0001,PULV LOW SEAL AIR HDR DIFF PRESS,,LOABS,PULV LOW SEAL AIR HDR DIFF PRESS,RTN,1,4.06553,4,INH2O,!WP1001!WP1002!WP1003!WP1006!WP1007!WP1014!hist14!CP1004,1
2026-07-18 13:56:26.4,1PDF,SLPSL0001,PULV LOW SEAL AIR HDR DIFF PRESS,,LOABS,PULV LOW SEAL AIR HDR DIFF PRESS,ALM,1,3.84522,4,INH2O,!WP1001!WP1002!WP1003!WP1006!WP1007!WP1014!hist14!CP1004,1
2026-07-18 13:58:54.4,1PDF,SLPSL0001,PULV LOW SEAL AIR HDR DIFF PRESS,,LOABS,PULV LOW SEAL AIR HDR DIFF PRESS,RTN,1,4.03008,4,INH2O,!WP1001!WP1002!WP1003!WP1006!WP1007!WP1014!hist14!CP1004,1
2026-07-18 14:00:10.2,1AR_LS,DEV_5803,LS SYS B,,STATE,VALVE 5803 DEVIATION,ALM,3,,,,!WP1001!WP1002!WP1003!WP1006!WP1007!WP1014!hist14!CP1017,1
2026-07-18 14:00:11.4,1PDF,SLPSL0001,PULV LOW SEAL AIR HDR DIFF PRESS,,LOABS,PULV LOW SEAL AIR HDR DIFF PRESS,ALM,1,3.90996,4,INH2O,!WP1001!WP1002!WP1003!WP1006!WP1007!WP1014!hist14!CP1004,1
2026-07-18 14:00:51.0,1QUENCH18,PDSH5701,MAKEUP WATER STRAINER PRESS SW,,HIABS,STRAINER DP HIGH,ALM,3,6.33809,5,PSIG,!WP1001!WP1002!WP1003!WP1006!WP1007!WP1014!hist14!CP1018,1
2026-07-18 14:01:01.7,1AR_LS,DEV_5803,LS SYS B,,STATE,,RTN,3,,,,!WP1001!WP1002!WP1003!WP1006!WP1007!WP1014!hist14!CP1017,1
2026-07-18 14:01:51.4,1PDF,SLPSL0001,PULV LOW SEAL AIR HDR DIFF PRESS,,LOABS,PULV LOW SEAL AIR HDR DIFF PRESS,RTN,1,4.0251,4,INH2O,!WP1001!WP1002!WP1003!WP1006!WP1007!WP1014!hist14!CP1004,1
2026-07-18 14:01:52.4,1PDF,SLPSL0001,PULV LOW SEAL AIR HDR DIFF PRESS,,LOABS,PULV LOW SEAL AIR HDR DIFF PRESS,ALM,1,3.93897,4,INH2O,!WP1001!WP1002!WP1003!WP1006!WP1007!WP1014!hist14!CP1004,1
2026-07-18 14:01:57.4,1PDF,SLPSL0001,PULV LOW SEAL AIR HDR DIFF PRESS,,LOABS,PULV LOW SEAL AIR HDR DIFF PRESS,RTN,1,4.08398,4,INH2O,!WP1001!WP1002!WP1003!WP1006!WP1007!WP1014!hist14!CP1004,1
2026-07-18 14:02:02.4,1PDF,SLPSL0001,PULV LOW SEAL AIR HDR DIFF PRESS,,LOABS,PULV LOW SEAL AIR HDR DIFF PRESS,ALM,1,3.93721,4,INH2O,!WP1001!WP1002!WP1003!WP1006!WP1007!WP1014!hist14!CP1004,1
2026-07-18 14:02:08.4,1PDF,SLPSL0001,PULV LOW SEAL AIR HDR DIFF PRESS,,LOABS,PULV LOW SEAL AIR HDR DIFF PRESS,RTN,1,4.02686,4,INH2O,!WP1001!WP1002!WP1003!WP1006!WP1007!WP1014!hist14!CP1004,1
2026-07-18 14:02:13.4,1PDF,SLPSL0001,PULV LOW SEAL AIR HDR DIFF PRESS,,LOABS,PULV LOW SEAL AIR HDR DIFF PRESS,ALM,1,3.96211,4,INH2O,!WP1001!WP1002!WP1003!WP1006!WP1007!WP1014!hist14!CP1004,1
2026-07-18 14:02:16.4,1PDF,SLPSL0001,PULV LOW SEAL AIR HDR DIFF PRESS,,LOABS,PULV LOW SEAL AIR HDR DIFF PRESS,RTN,1,4.0415,4,INH2O,!WP1001!WP1002!WP1003!WP1006!WP1007!WP1014!hist14!CP1004,1
2026-07-18 14:02:17.4,1PDF,SLPSL0001,PULV LOW SEAL AIR HDR DIFF PRESS,,LOABS,PULV LOW SEAL AIR HDR DIFF PRESS,ALM,1,3.95449,4,INH2O,!WP1001!WP1002!WP1003!WP1006!WP1007!WP1014!hist14!CP1004,1
2026-07-18 14:02:18.4,1PDF,SLPSL0001,PULV LOW SEAL AIR HDR DIFF PRESS,,LOABS,PULV LOW SEAL AIR HDR DIFF PRESS,RTN,1,4.00664,4,INH2O,!WP1001!WP1002!WP1003!WP1006!WP1007!WP1014!hist14!CP1004,1
2026-07-18 14:02:19.4,1PDF,SLPSL0001,PULV LOW SEAL AIR HDR DIFF PRESS,,LOABS,PULV LOW SEAL AIR HDR DIFF PRESS,ALM,1,3.97734,4,INH2O,!WP1001!WP1002!WP1003!WP1006!WP1007!WP1014!hist14!CP1004,1
2026-07-18 14:02:20.4,1PDF,SLPSL0001,PULV LOW SEAL AIR HDR DIFF PRESS,,LOABS,PULV LOW SEAL AIR HDR DIFF PRESS,RTN,1,4.16748,4,INH2O,!WP1001!WP1002!WP1003!WP1006!WP1007!WP1014!hist14!CP1004,1
2026-07-18 14:04:42.4,1PDF,SLPSL0001,PULV LOW SEAL AIR HDR DIFF PRESS,,LOABS,PULV LOW SEAL AIR HDR DIFF PRESS,ALM,1,3.89414,4,INH2O,!WP1001!WP1002!WP1003!WP1006!WP1007!WP1014!hist14!CP1004,1
2026-07-18 14:04:45.4,1PDF,SLPSL0001,PULV LOW SEAL AIR HDR DIFF PRESS,,LOABS,PULV LOW SEAL AIR HDR DIFF PRESS,RTN,1,4.12119,4,INH2O,!WP1001!WP1002!WP1003!WP1006!WP1007!WP1014!hist14!CP1004,1
2026-07-18 14:04:48.4,1PDF,SLPSL0001,PULV LOW SEAL AIR HDR DIFF PRESS,,LOABS,PULV LOW SEAL AIR HDR DIFF PRESS,ALM,1,3.91523,4,INH2O,!WP1001!WP1002!WP1003!WP1006!WP1007!WP1014!hist14!CP1004,1
2026-07-18 14:04:56.4,1PDF,SLPSL0001,PULV LOW SEAL AIR HDR DIFF PRESS,,LOABS,PULV LOW SEAL AIR HDR DIFF PRESS,RTN,1,4.04092,4,INH2O,!WP1001!WP1002!WP1003!WP1006!WP1007!WP1014!hist14!CP1004,1
2026-07-18 14:04:57.4,1PDF,SLPSL0001,PULV LOW SEAL AIR HDR DIFF PRESS,,LOABS,PULV LOW SEAL AIR HDR DIFF PRESS,ALM,1,3.98174,4,INH2O,!WP1001!WP1002!WP1003!WP1006!WP1007!WP1014!hist14!CP1004,1
2026-07-18 14:04:58.4,1PDF,SLPSL0001,PULV LOW SEAL AIR HDR DIFF PRESS,,LOABS,PULV LOW SEAL AIR HDR DIFF PRESS,RTN,1,4.00283,4,INH2O,!WP1001!WP1002!WP1003!WP1006!WP1007!WP1014!hist14!CP1004,1
2026-07-18 14:04:59.4,1PDF,SLPSL0001,PULV LOW SEAL AIR HDR DIFF PRESS,,LOABS,PULV LOW SEAL AIR HDR DIFF PRESS,ALM,1,3.89824,4,INH2O,!WP1001!WP1002!WP1003!WP1006!WP1007!WP1014!hist14!CP1004,1
2026-07-18 14:05:02.4,1PDF,SLPSL0001,PULV LOW SEAL AIR HDR DIFF PRESS,,LOABS,PULV LOW SEAL AIR HDR DIFF PRESS,RTN,1,4.00752,4,INH2O,!WP1001!WP1002!WP1003!WP1006!WP1007!WP1014!hist14!CP1004,1
2026-07-18 14:05:07.4,1PDF,SLPSL0001,PULV LOW SEAL AIR HDR DIFF PRESS,,LOABS,PULV LOW SEAL AIR HDR DIFF PRESS,ALM,1,3.92373,4,INH2O,!WP1001!WP1002!WP1003!WP1006!WP1007!WP1014!hist14!CP1004,1
2026-07-18 14:05:11.4,1PDF,SLPSL0001,PULV LOW SEAL AIR HDR DIFF PRESS,,LOABS,PULV LOW SEAL AIR HDR DIFF PRESS,RTN,1,4.02891,4,INH2O,!WP1001!WP1002!WP1003!WP1006!WP1007!WP1014!hist14!CP1004,1
2026-07-18 14:05:13.4,1PDF,SLPSL0001,PULV LOW SEAL AIR HDR DIFF PRESS,,LOABS,PULV LOW SEAL AIR HDR DIFF PRESS,ALM,1,3.99873,4,INH2O,!WP1001!WP1002!WP1003!WP1006!WP1007!WP1014!hist14!CP1004,1
2026-07-18 14:05:39.0,1QUENCH18,PDSH5701,MAKEUP WATER STRAINER PRESS SW,,HIABS,STRAINER DP HIGH,RTN,3,4.35088,5,PSIG,!WP1001!WP1002!WP1003!WP1006!WP1007!WP1014!hist14!CP1018,1
2026-07-18 14:05:49.7,IDFAN_PEEC,OPCY_ALM,PRECIP OUT > 50%,PRECIP OUTLET,STATE,ALARM,ALM,3,,,,!WP1001!WP1002!WP1003!WP1006!WP1007!WP1014!hist14!CP1003,1
2026-07-18 14:05:55.2,IDFAN_PEEC,OPCY_ALM,PRECIP OUT > 50%,PRECIP OUTLET,STATE,NORMAL,RTN,3,,,,!WP1001!WP1002!WP1003!WP1006!WP1007!WP1014!hist14!CP1003,1
2026-07-18 14:06:26.3,1NW_ESP_SMP,NWAI6702B,PRECIP SUMP PMP B DSCH PH,,IOBAD,BAD CHANNEL,RTN,3,,,,!WP1002!WP1011!WP1001!hist14!CP1020,1
2026-07-18 14:08:25.4,1PDF,SLPSL0001,PULV LOW SEAL AIR HDR DIFF PRESS,,LOABS,PULV LOW SEAL AIR HDR DIFF PRESS,RTN,1,4.08369,4,INH2O,!WP1001!WP1002!WP1003!WP1006!WP1007!WP1014!hist14!CP1004,1
2026-07-18 14:08:54.7,1WB_DEV,AA_JJ_DEV,AUX AIR JJ ANY DEV,,STATE,NORMAL,RTN,5,,,INH2O,,0
2026-07-18 14:08:54.4,1PDF,SLPSL0001,PULV LOW SEAL AIR HDR DIFF PRESS,,LOABS,PULV LOW SEAL AIR HDR DIFF PRESS,ALM,1,3.97471,4,INH2O,!WP1001!WP1002!WP1003!WP1006!WP1007!WP1014!hist14!CP1004,1
2026-07-18 14:08:55.4,1PDF,SLPSL0001,PULV LOW SEAL AIR HDR DIFF PRESS,,LOABS,PULV LOW SEAL AIR HDR DIFF PRESS,RTN,1,4.01045,4,INH2O,!WP1001!WP1002!WP1003!WP1006!WP1007!WP1014!hist14!CP1004,1
2026-07-18 14:08:56.4,1PDF,SLPSL0001,PULV LOW SEAL AIR HDR DIFF PRESS,,LOABS,PULV LOW SEAL AIR HDR DIFF PRESS,ALM,1,3.93516,4,INH2O,!WP1001!WP1002!WP1003!WP1006!WP1007!WP1014!hist14!CP1004,1
2026-07-18 14:08:57.4,1PDF,SLPSL0001,PULV LOW SEAL AIR HDR DIFF PRESS,,LOABS,PULV LOW SEAL AIR HDR DIFF PRESS,RTN,1,4.01338,4,INH2O,!WP1001!WP1002!WP1003!WP1006!WP1007!WP1014!hist14!CP1004,1
2026-07-18 14:08:58.4,1PDF,SLPSL0001,PULV LOW SEAL AIR HDR DIFF PRESS,,LOABS,PULV LOW SEAL AIR HDR DIFF PRESS,ALM,1,3.98965,4,INH2O,!WP1001!WP1002!WP1003!WP1006!WP1007!WP1014!hist14!CP1004,1
2026-07-18 14:08:59.4,1PDF,SLPSL0001,PULV LOW SEAL AIR HDR DIFF PRESS,,LOABS,PULV LOW SEAL AIR HDR DIFF PRESS,RTN,1,4.00752,4,INH2O,!WP1001!WP1002!WP1003!WP1006!WP1007!WP1014!hist14!CP1004,1
2026-07-18 14:09:00.4,1PDF,SLPSL0001,PULV LOW SEAL AIR HDR DIFF PRESS,,LOABS,PULV LOW SEAL AIR HDR DIFF PRESS,ALM,1,3.9835,4,INH2O,!WP1001!WP1002!WP1003!WP1006!WP1007!WP1014!hist14!CP1004,1
2026-07-18 14:09:01.4,1PDF,SLPSL0001,PULV LOW SEAL AIR HDR DIFF PRESS,,LOABS,PULV LOW SEAL AIR HDR DIFF PRESS,RTN,1,4.01777,4,INH2O,!WP1001!WP1002!WP1003!WP1006!WP1007!WP1014!hist14!CP1004,1
2026-07-18 14:10:20.4,1PDF,SLPSL0001,PULV LOW SEAL AIR HDR DIFF PRESS,,LOABS,PULV LOW SEAL AIR HDR DIFF PRESS,ALM,1,3.96563,4,INH2O,!WP1001!WP1002!WP1003!WP1006!WP1007!WP1014!hist14!CP1004,1
2026-07-18 14:10:21.4,1PDF,SLPSL0001,PULV LOW SEAL AIR HDR DIFF PRESS,,LOABS,PULV LOW SEAL AIR HDR DIFF PRESS,RTN,1,4.10068,4,INH2O,!WP1001!WP1002!WP1003!WP1006!WP1007!WP1014!hist14!CP1004,1
2026-07-18 14:10:27.4,1PDF,SLPSL0001,PULV LOW SEAL AIR HDR DIFF PRESS,,LOABS,PULV LOW SEAL AIR HDR DIFF PRESS,ALM,1,3.98643,4,INH2O,!WP1001!WP1002!WP1003!WP1006!WP1007!WP1014!hist14!CP1004,1
2026-07-18 14:10:28.4,1PDF,SLPSL0001,PULV LOW SEAL AIR HDR DIFF PRESS,,LOABS,PULV LOW SEAL AIR HDR DIFF PRESS,RTN,1,4.00781,4,INH2O,!WP1001!WP1002!WP1003!WP1006!WP1007!WP1014!hist14!CP1004,1
2026-07-18 14:10:34.7,1WB_DEV,AA_JJ_DEV,AUX AIR JJ ANY DEV,,STATE,DEVIATION,ALM,5,,,INH2O,,0
2026-07-18 14:11:07.4,1PDF,SLPSL0001,PULV LOW SEAL AIR HDR DIFF PRESS,,LOABS,PULV LOW SEAL AIR HDR DIFF PRESS,ALM,1,3.96826,4,INH2O,!WP1001!WP1002!WP1003!WP1006!WP1007!WP1014!hist14!CP1004,1
2026-07-18 14:12:08.4,1FUEL_SFTY,FPTX_ALM,DRAFT TRANSMITTER DEVIATION,,STATE,FURN DRAFT PRESS XMTR DEVIATION,ALM,5,,,,!WP1001!WP1002!WP1003!WP1006!WP1007!WP1014!hist14!CP1004,1
2026-07-18 14:12:24.7,1WB_DEV,AA_JJ_DEV,AUX AIR JJ ANY DEV,,STATE,NORMAL,RTN,5,,,,,0
2026-07-18 14:12:26.4,1FUEL_SFTY,FPTX_ALM,DRAFT TRANSMITTER DEVIATION,,STATE,NO DEVIATION,RTN,5,,,,!WP1001!WP1002!WP1003!WP1006!WP1007!WP1014!hist14!CP1004,1
2026-07-18 14:12:56.7,1GS_A,BLEED_FAIL,BLEED SYSTEM A FAILURE,,STATE,BLEED SYSTEM A EQUIPMENT FAILURE,ALM,3,,,,!WP1001!WP1002!WP1003!WP1006!WP1007!WP1014!hist14!CP1017,1
2026-07-18 14:13:28.4,1PDF,SLPSL0001,PULV LOW SEAL AIR HDR DIFF PRESS,,LOABS,PULV LOW SEAL AIR HDR DIFF PRESS,RTN,1,4.0667,4,INH2O,!WP1001!WP1002!WP1003!WP1006!WP1007!WP1014!hist14!CP1004,1
2026-07-18 14:13:31.4,1PDF,SLPSL0001,PULV LOW SEAL AIR HDR DIFF PRESS,,LOABS,PULV LOW SEAL AIR HDR DIFF PRESS,ALM,1,3.96094,4,INH2O,!WP1001!WP1002!WP1003!WP1006!WP1007!WP1014!hist14!CP1004,1
2026-07-18 14:13:43.4,1PDF,SLPSL0001,PULV LOW SEAL AIR HDR DIFF PRESS,,LOABS,PULV LOW SEAL AIR HDR DIFF PRESS,RTN,1,4.00664,4,INH2O,!WP1001!WP1002!WP1003!WP1006!WP1007!WP1014!hist14!CP1004,1
2026-07-18 14:13:44.4,1PDF,SLPSL0001,PULV LOW SEAL AIR HDR DIFF PRESS,,LOABS,PULV LOW SEAL AIR HDR DIFF PRESS,ALM,1,3.96211,4,INH2O,!WP1001!WP1002!WP1003!WP1006!WP1007!WP1014!hist14!CP1004,1
2026-07-18 14:13:45.4,1PDF,SLPSL0001,PULV LOW SEAL AIR HDR DIFF PRESS,,LOABS,PULV LOW SEAL AIR HDR DIFF PRESS,RTN,1,4.13555,4,INH2O,!WP1001!WP1002!WP1003!WP1006!WP1007!WP1014!hist14!CP1004,1
2026-07-18 14:14:07.2,1FG_B_HYD,MO5750B_ASTR,BF B HYD OIL CLR B AUTOSTART,,STATE,ON A FAILURE,ALM,3,,,,!WP1001!WP1002!WP1003!WP1006!WP1007!WP1014!hist14!CP1015,1
2026-07-18 14:14:07.2,1FG_B_HYD,TSHL5742A,BF B HYD OIL TANK ALM,HYDRAULIC OIL,HIABS,HI ALARM,ALM,1,122.023,122,DEGF,!WP1001!WP1002!WP1003!WP1006!WP1007!WP1014!hist14!CP1015,1
2026-07-18 14:14:09.2,1FG_B_HYD,MO5750B_ASTR,BF B HYD OIL CLR B AUTOSTART,,STATE,NORMAL,RTN,3,,,,!WP1001!WP1002!WP1003!WP1006!WP1007!WP1014!hist14!CP1015,1
2026-07-18 14:14:31.4,1PDF,SLPSL0001,PULV LOW SEAL AIR HDR DIFF PRESS,,LOABS,PULV LOW SEAL AIR HDR DIFF PRESS,ALM,1,3.96006,4,INH2O,!WP1001!WP1002!WP1003!WP1006!WP1007!WP1014!hist14!CP1004,1
2026-07-18 14:14:31.8,1AB_ECON_SEQ,ECON_HOP_T7,ECON HOPPER SEQ XV5121 TIMER,,PTARG,TIMEOUT,ALM,3,241,240,SEC,!WP1002!WP1011!WP1001!hist14!CP1020,1
2026-07-18 14:14:32.8,1AB_ECON_SEQ,ECON_HOP_T7,ECON HOPPER SEQ XV5121 TIMER,,PTARG,TIMEOUT,RTN,3,0,240,SEC,!WP1002!WP1011!WP1001!hist14!CP1020,1
2026-07-18 14:14:34.4,1PDF,SLPSL0001,PULV LOW SEAL AIR HDR DIFF PRESS,,LOABS,PULV LOW SEAL AIR HDR DIFF PRESS,RTN,1,4.02891,4,INH2O,!WP1001!WP1002!WP1003!WP1006!WP1007!WP1014!hist14!CP1004,1
2026-07-18 14:14:39.4,1PDF,SLPSL0001,PULV LOW SEAL AIR HDR DIFF PRESS,,LOABS,PULV LOW SEAL AIR HDR DIFF PRESS,ALM,1,3.95801,4,INH2O,!WP1001!WP1002!WP1003!WP1006!WP1007!WP1014!hist14!CP1004,1
2026-07-18 14:14:41.4,1PDF,SLPSL0001,PULV LOW SEAL AIR HDR DIFF PRESS,,LOABS,PULV LOW SEAL AIR HDR DIFF PRESS,RTN,1,4.00752,4,INH2O,!WP1001!WP1002!WP1003!WP1006!WP1007!WP1014!hist14!CP1004,1
2026-07-18 14:14:49.4,1PDF,SLPSL0001,PULV LOW SEAL AIR HDR DIFF PRESS,,LOABS,PULV LOW SEAL AIR HDR DIFF PRESS,ALM,1,3.91406,4,INH2O,!WP1001!WP1002!WP1003!WP1006!WP1007!WP1014!hist14!CP1004,1
2026-07-18 14:15:01.4,1PDF,SLPSL0001,PULV LOW SEAL AIR HDR DIFF PRESS,,LOABS,PULV LOW SEAL AIR HDR DIFF PRESS,RTN,1,4.03535,4,INH2O,!WP1001!WP1002!WP1003!WP1006!WP1007!WP1014!hist14!CP1004,1
2026-07-18 14:15:13.4,1PDF,SLPSL0001,PULV LOW SEAL AIR HDR DIFF PRESS,,LOABS,PULV LOW SEAL AIR HDR DIFF PRESS,ALM,1,3.97383,4,INH2O,!WP1001!WP1002!WP1003!WP1006!WP1007!WP1014!hist14!CP1004,1
2026-07-18 14:15:17.4,1PDF,SLPSL0001,PULV LOW SEAL AIR HDR DIFF PRESS,,LOABS,PULV LOW SEAL AIR HDR DIFF PRESS,RTN,1,4.01748,4,INH2O,!WP1001!WP1002!WP1003!WP1006!WP1007!WP1014!hist14!CP1004,1
2026-07-18 14:15:19.4,1PDF,SLPSL0001,PULV LOW SEAL AIR HDR DIFF PRESS,,LOABS,PULV LOW SEAL AIR HDR DIFF PRESS,ALM,1,3.9498,4,INH2O,!WP1001!WP1002!WP1003!WP1006!WP1007!WP1014!hist14!CP1004,1
2026-07-18 14:15:26.4,1PDF,SLPSL0001,PULV LOW SEAL AIR HDR DIFF PRESS,,LOABS,PULV LOW SEAL AIR HDR DIFF PRESS,RTN,1,4.02188,4,INH2O,!WP1001!WP1002!WP1003!WP1006!WP1007!WP1014!hist14!CP1004,1
2026-07-18 14:15:27.4,1PDF,SLPSL0001,PULV LOW SEAL AIR HDR DIFF PRESS,,LOABS,PULV LOW SEAL AIR HDR DIFF PRESS,ALM,1,3.99521,4,INH2O,!WP1001!WP1002!WP1003!WP1006!WP1007!WP1014!hist14!CP1004,1
2026-07-18 14:15:34.4,1PDF,SLPSL0001,PULV LOW SEAL AIR HDR DIFF PRESS,,LOABS,PULV LOW SEAL AIR HDR DIFF PRESS,RTN,1,4.08076,4,INH2O,!WP1001!WP1002!WP1003!WP1006!WP1007!WP1014!hist14!CP1004,1
2026-07-18 14:16:05.4,1PDF,SLPSL0001,PULV LOW SEAL AIR HDR DIFF PRESS,,LOABS,PULV LOW SEAL AIR HDR DIFF PRESS,ALM,1,3.93984,4,INH2O,!WP1001!WP1002!WP1003!WP1006!WP1007!WP1014!hist14!CP1004,1
2026-07-18 14:16:06.4,1PDF,SLPSL0001,PULV LOW SEAL AIR HDR DIFF PRESS,,LOABS,PULV LOW SEAL AIR HDR DIFF PRESS,RTN,1,4.0875,4,INH2O,!WP1001!WP1002!WP1003!WP1006!WP1007!WP1014!hist14!CP1004,1
2026-07-18 14:16:09.4,1PDF,SLPSL0001,PULV LOW SEAL AIR HDR DIFF PRESS,,LOABS,PULV LOW SEAL AIR HDR DIFF PRESS,ALM,1,3.90996,4,INH2O,!WP1001!WP1002!WP1003!WP1006!WP1007!WP1014!hist14!CP1004,1
2026-07-18 14:16:15.7,1FG_B_HYD,TSHL5742A,BF B HYD OIL TANK ALM,HYDRAULIC OIL,HIABS,HI ALARM,RTN,1,121.484,122,DEGF,!WP1001!WP1002!WP1003!WP1006!WP1007!WP1014!hist14!CP1015,1
2026-07-18 14:17:16.7,1AAIR,B16,WINDBOX/FURN DIFF PRESS,,LLABS,WINDBIX/FURN PRESS LOW,ALM,5,1.98138,2,INWC,!WP1001!WP1002!WP1003!WP1006!WP1007!WP1014!hist14!CP1001,1
2026-07-18 14:18:18.4,1PDF,SLPSL0001,PULV LOW SEAL AIR HDR DIFF PRESS,,LOABS,PULV LOW SEAL AIR HDR DIFF PRESS,RTN,1,4.04678,4,INH2O,!WP1001!WP1002!WP1003!WP1006!WP1007!WP1014!hist14!CP1004,1
2026-07-18 14:19:33.4,1PDF,SLPSL0001,PULV LOW SEAL AIR HDR DIFF PRESS,,LOABS,PULV LOW SEAL AIR HDR DIFF PRESS,ALM,1,3.86982,4,INH2O,!WP1001!WP1002!WP1003!WP1006!WP1007!WP1014!hist14!CP1004,1
2026-07-18 14:19:36.8,1AB_ECON_SEQ,ECON_HOP_T8,ECON HOPPER SEQ XV5122 TIMER,,PTARG,TIMEOUT,ALM,3,240.99,240,SEC,!WP1002!WP1011!WP1001!hist14!CP1020,1
2026-07-18 14:19:37.8,1AB_ECON_SEQ,ECON_HOP_T8,ECON HOPPER SEQ XV5122 TIMER,,PTARG,TIMEOUT,RTN,3,0,240,SEC,!WP1002!WP1011!WP1001!hist14!CP1020,1
2026-07-18 14:20:02.0,ASH_DCS,PLC_TRB,ASH PLC TROUBLE ALARM,ASH PLC,STATE,NORMAL,RTN,3,,,,!WP1002!WP1006!WP1007!WP1001!WP1003!WP1014!hist14!CP1006,1
2026-07-18 14:20:07.4,1PDF,SLPSL0001,PULV LOW SEAL AIR HDR DIFF PRESS,,LOABS,PULV LOW SEAL AIR HDR DIFF PRESS,RTN,1,4.04824,4,INH2O,!WP1001!WP1002!WP1003!WP1006!WP1007!WP1014!hist14!CP1004,1
2026-07-18 14:20:25.4,1PDF,SLPSL0001,PULV LOW SEAL AIR HDR DIFF PRESS,,LOABS,PULV LOW SEAL AIR HDR DIFF PRESS,ALM,1,3.88945,4,INH2O,!WP1001!WP1002!WP1003!WP1006!WP1007!WP1014!hist14!CP1004,1
2026-07-18 14:20:28.4,1PDF,SLPSL0001,PULV LOW SEAL AIR HDR DIFF PRESS,,LOABS,PULV LOW SEAL AIR HDR DIFF PRESS,RTN,1,4.03359,4,INH2O,!WP1001!WP1002!WP1003!WP1006!WP1007!WP1014!hist14!CP1004,1
2026-07-18 14:20:30.4,1PDF,SLPSL0001,PULV LOW SEAL AIR HDR DIFF PRESS,,LOABS,PULV LOW SEAL AIR HDR DIFF PRESS,ALM,1,3.97031,4,INH2O,!WP1001!WP1002!WP1003!WP1006!WP1007!WP1014!hist14!CP1004,1
2026-07-18 14:20:32.3,1NW_ESP_SMP,NWAI6702B,PRECIP SUMP PMP B DSCH PH,,IOBAD,BAD CHANNEL,ALM,3,,,,!WP1002!WP1011!WP1001!hist14!CP1020,1
2026-07-18 14:20:33.2,1AAIR,B16,WINDBOX/FURN DIFF PRESS,,LLABS,WINDBIX/FURN PRESS LOW,RTN,5,2.50326,2,INWC,!WP1001!WP1002!WP1003!WP1006!WP1007!WP1014!hist14!CP1001,1
2026-07-18 14:20:35.4,1PDF,SLPSL0001,PULV LOW SEAL AIR HDR DIFF PRESS,,LOABS,PULV LOW SEAL AIR HDR DIFF PRESS,RTN,1,4.00488,4,INH2O,!WP1001!WP1002!WP1003!WP1006!WP1007!WP1014!hist14!CP1004,1
2026-07-18 14:20:36.4,1PDF,SLPSL0001,PULV LOW SEAL AIR HDR DIFF PRESS,,LOABS,PULV LOW SEAL AIR HDR DIFF PRESS,ALM,1,3.98262,4,INH2O,!WP1001!WP1002!WP1003!WP1006!WP1007!WP1014!hist14!CP1004,1
2026-07-18 14:20:37.4,1PDF,SLPSL0001,PULV LOW SEAL AIR HDR DIFF PRESS,,LOABS,PULV LOW SEAL AIR HDR DIFF PRESS,RTN,1,4.00752,4,INH2O,!WP1001!WP1002!WP1003!WP1006!WP1007!WP1014!hist14!CP1004,1
2026-07-18 14:20:38.4,1PDF,SLPSL0001,PULV LOW SEAL AIR HDR DIFF PRESS,,LOABS,PULV LOW SEAL AIR HDR DIFF PRESS,ALM,1,3.95273,4,INH2O,!WP1001!WP1002!WP1003!WP1006!WP1007!WP1014!hist14!CP1004,1
2026-07-18 14:20:39.4,1PDF,SLPSL0001,PULV LOW SEAL AIR HDR DIFF PRESS,,LOABS,PULV LOW SEAL AIR HDR DIFF PRESS,RTN,1,4.02422,4,INH2O,!WP1001!WP1002!WP1003!WP1006!WP1007!WP1014!hist14!CP1004,1
2026-07-18 14:20:42.4,1PDF,SLPSL0001,PULV LOW SEAL AIR HDR DIFF PRESS,,LOABS,PULV LOW SEAL AIR HDR DIFF PRESS,ALM,1,3.97354,4,INH2O,!WP1001!WP1002!WP1003!WP1006!WP1007!WP1014!hist14!CP1004,1
2026-07-18 14:20:43.1,ASH_DCS,PLC_TRB,ASH PLC TROUBLE ALARM,ASH PLC,STATE,TROUBLE ALARM,ALM,3,,,,!WP1002!WP1006!WP1007!WP1001!WP1003!WP1014!hist14!CP1006,1
2026-07-18 14:20:51.4,1PDF,SLPSL0001,PULV LOW SEAL AIR HDR DIFF PRESS,,LOABS,PULV LOW SEAL AIR HDR DIFF PRESS,RTN,1,4.05791,4,INH2O,!WP1001!WP1002!WP1003!WP1006!WP1007!WP1014!hist14!CP1004,1
2026-07-18 14:21:03.7,1TC,B21,DROOP ACTIVE,DROOP,STATE,ACTIVE,ALM,5,,,,!hist14!CP1001,2
2026-07-18 14:21:14.4,1PDF,SLPSL0001,PULV LOW SEAL AIR HDR DIFF PRESS,,LOABS,PULV LOW SEAL AIR HDR DIFF PRESS,ALM,1,3.90205,4,INH2O,!WP1001!WP1002!WP1003!WP1006!WP1007!WP1014!hist14!CP1004,1
2026-07-18 14:21:19.4,1PDF,SLPSL0001,PULV LOW SEAL AIR HDR DIFF PRESS,,LOABS,PULV LOW SEAL AIR HDR DIFF PRESS,RTN,1,4.10449,4,INH2O,!WP1001!WP1002!WP1003!WP1006!WP1007!WP1014!hist14!CP1004,1
2026-07-18 14:21:22.4,1PDF,SLPSL0001,PULV LOW SEAL AIR HDR DIFF PRESS,,LOABS,PULV LOW SEAL AIR HDR DIFF PRESS,ALM,1,3.87305,4,INH2O,!WP1001!WP1002!WP1003!WP1006!WP1007!WP1014!hist14!CP1004,1
2026-07-18 14:21:26.7,1TC,B21,DROOP ACTIVE,DROOP,STATE,NORMAL,RTN,5,,,,!hist14!CP1001,2
2026-07-18 14:21:29.7,1GS_A,BLEED_FAIL,BLEED SYSTEM A FAILURE,,STATE,BLEED SYSTEM A NORMAL,RTN,3,,,,!WP1001!WP1002!WP1003!WP1006!WP1007!WP1014!hist14!CP1017,1
2026-07-18 14:21:33.4,1PDF,SLPSL0001,PULV LOW SEAL AIR HDR DIFF PRESS,,LOABS,PULV LOW SEAL AIR HDR DIFF PRESS,RTN,1,4.00459,4,INH2O,!WP1001!WP1002!WP1003!WP1006!WP1007!WP1014!hist14!CP1004,1
2026-07-18 14:22:04.4,1PDF,SLPSL0001,PULV LOW SEAL AIR HDR DIFF PRESS,,LOABS,PULV LOW SEAL AIR HDR DIFF PRESS,ALM,1,3.96885,4,INH2O,!WP1001!WP1002!WP1003!WP1006!WP1007!WP1014!hist14!CP1004,1
2026-07-18 14:22:07.4,1PDF,SLPSL0001,PULV LOW SEAL AIR HDR DIFF PRESS,,LOABS,PULV LOW SEAL AIR HDR DIFF PRESS,RTN,1,4.08398,4,INH2O,!WP1001!WP1002!WP1003!WP1006!WP1007!WP1014!hist14!CP1004,1
2026-07-18 14:22:12.4,1PDF,SLPSL0001,PULV LOW SEAL AIR HDR DIFF PRESS,,LOABS,PULV LOW SEAL AIR HDR DIFF PRESS,ALM,1,3.97588,4,INH2O,!WP1001!WP1002!WP1003!WP1006!WP1007!WP1014!hist14!CP1004,1
2026-07-18 14:22:19.4,1PDF,SLPSL0001,PULV LOW SEAL AIR HDR DIFF PRESS,,LOABS,PULV LOW SEAL AIR HDR DIFF PRESS,RTN,1,4.06377,4,INH2O,!WP1001!WP1002!WP1003!WP1006!WP1007!WP1014!hist14!CP1004,1
2026-07-18 14:22:21.4,1PDF,SLPSL0001,PULV LOW SEAL AIR HDR DIFF PRESS,,LOABS,PULV LOW SEAL AIR HDR DIFF PRESS,ALM,1,3.95772,4,INH2O,!WP1001!WP1002!WP1003!WP1006!WP1007!WP1014!hist14!CP1004,1
2026-07-18 14:23:11.4,1FUEL_SFTY,FPTX_ALM,DRAFT TRANSMITTER DEVIATION,,STATE,FURN DRAFT PRESS XMTR DEVIATION,ALM,5,,,,!WP1001!WP1002!WP1003!WP1006!WP1007!WP1014!hist14!CP1004,1
2026-07-18 14:23:34.4,1FUEL_SFTY,FPTX_ALM,DRAFT TRANSMITTER DEVIATION,,STATE,NO DEVIATION,RTN,5,,,,!WP1001!WP1002!WP1003!WP1006!WP1007!WP1014!hist14!CP1004,1
2026-07-18 14:24:24.4,1PDF,SLPSL0001,PULV LOW SEAL AIR HDR DIFF PRESS,,LOABS,PULV LOW SEAL AIR HDR DIFF PRESS,RTN,1,4.08223,4,INH2O,!WP1001!WP1002!WP1003!WP1006!WP1007!WP1014!hist14!CP1004,1
2026-07-18 14:24:41.8,1AB_ECON_SEQ,ECON_HOP_T9,ECON HOPPER SEQ XV5123 TIMER,,PTARG,TIMEOUT,ALM,3,240.99,240,SEC,!WP1002!WP1011!WP1001!hist14!CP1020,1
2026-07-18 14:24:42.8,1AB_ECON_SEQ,ECON_HOP_T9,ECON HOPPER SEQ XV5123 TIMER,,PTARG,TIMEOUT,RTN,3,0,240,SEC,!WP1002!WP1011!WP1001!hist14!CP1020,1
2026-07-18 14:26:25.4,1PDF,SLPSL0001,PULV LOW SEAL AIR HDR DIFF PRESS,,LOABS,PULV LOW SEAL AIR HDR DIFF PRESS,ALM,1,3.89209,4,INH2O,!WP1001!WP1002!WP1003!WP1006!WP1007!WP1014!hist14!CP1004,1
2026-07-18 14:26:53.4,1PDF,SLPSL0001,PULV LOW SEAL AIR HDR DIFF PRESS,,LOABS,PULV LOW SEAL AIR HDR DIFF PRESS,RTN,1,4.02715,4,INH2O,!WP1001!WP1002!WP1003!WP1006!WP1007!WP1014!hist14!CP1004,1
2026-07-18 14:26:58.4,1PDF,SLPSL0001,PULV LOW SEAL AIR HDR DIFF PRESS,,LOABS,PULV LOW SEAL AIR HDR DIFF PRESS,ALM,1,3.97676,4,INH2O,!WP1001!WP1002!WP1003!WP1006!WP1007!WP1014!hist14!CP1004,1
2026-07-18 14:26:59.4,1PDF,SLPSL0001,PULV LOW SEAL AIR HDR DIFF PRESS,,LOABS,PULV LOW SEAL AIR HDR DIFF PRESS,RTN,1,4.01982,4,INH2O,!WP1001!WP1002!WP1003!WP1006!WP1007!WP1014!hist14!CP1004,1
2026-07-18 14:27:00.4,1PDF,SLPSL0001,PULV LOW SEAL AIR HDR DIFF PRESS,,LOABS,PULV LOW SEAL AIR HDR DIFF PRESS,ALM,1,3.97324,4,INH2O,!WP1001!WP1002!WP1003!WP1006!WP1007!WP1014!hist14!CP1004,1
2026-07-18 14:27:01.4,1PDF,SLPSL0001,PULV LOW SEAL AIR HDR DIFF PRESS,,LOABS,PULV LOW SEAL AIR HDR DIFF PRESS,RTN,1,4.096,4,INH2O,!WP1001!WP1002!WP1003!WP1006!WP1007!WP1014!hist14!CP1004,1
2026-07-18 14:27:06.4,1PDF,SLPSL0001,PULV LOW SEAL AIR HDR DIFF PRESS,,LOABS,PULV LOW SEAL AIR HDR DIFF PRESS,ALM,1,3.9627,4,INH2O,!WP1001!WP1002!WP1003!WP1006!WP1007!WP1014!hist14!CP1004,1
2026-07-18 14:27:40.7,1WB_DEV,AA_JJ_DEV,AUX AIR JJ ANY DEV,,STATE,DEVIATION,ALM,5,,,INH2O,,0
2026-07-18 14:29:09.4,1PDF,SLPSL0001,PULV LOW SEAL AIR HDR DIFF PRESS,,LOABS,PULV LOW SEAL AIR HDR DIFF PRESS,RTN,1,4.06406,4,INH2O,!WP1001!WP1002!WP1003!WP1006!WP1007!WP1014!hist14!CP1004,1
2026-07-18 14:29:11.4,1PDF,SLPSL0001,PULV LOW SEAL AIR HDR DIFF PRESS,,LOABS,PULV LOW SEAL AIR HDR DIFF PRESS,ALM,1,3.97061,4,INH2O,!WP1001!WP1002!WP1003!WP1006!WP1007!WP1014!hist14!CP1004,1
2026-07-18 14:29:15.4,1PDF,SLPSL0001,PULV LOW SEAL AIR HDR DIFF PRESS,,LOABS,PULV LOW SEAL AIR HDR DIFF PRESS,RTN,1,4.08428,4,INH2O,!WP1001!WP1002!WP1003!WP1006!WP1007!WP1014!hist14!CP1004,1
2026-07-18 14:29:39.4,1PDF,SLPSL0001,PULV LOW SEAL AIR HDR DIFF PRESS,,LOABS,PULV LOW SEAL AIR HDR DIFF PRESS,ALM,1,3.98291,4,INH2O,!WP1001!WP1002!WP1003!WP1006!WP1007!WP1014!hist14!CP1004,1
2026-07-18 14:29:41.4,1PDF,SLPSL0001,PULV LOW SEAL AIR HDR DIFF PRESS,,LOABS,PULV LOW SEAL AIR HDR DIFF PRESS,RTN,1,4.02422,4,INH2O,!WP1001!WP1002!WP1003!WP1006!WP1007!WP1014!hist14!CP1004,1
2026-07-18 14:29:42.4,1PDF,SLPSL0001,PULV LOW SEAL AIR HDR DIFF PRESS,,LOABS,PULV LOW SEAL AIR HDR DIFF PRESS,ALM,1,3.97559,4,INH2O,!WP1001!WP1002!WP1003!WP1006!WP1007!WP1014!hist14!CP1004,1
2026-07-18 14:29:43.4,1PDF,SLPSL0001,PULV LOW SEAL AIR HDR DIFF PRESS,,LOABS,PULV LOW SEAL AIR HDR DIFF PRESS,RTN,1,4.01689,4,INH2O,!WP1001!WP1002!WP1003!WP1006!WP1007!WP1014!hist14!CP1004,1
2026-07-18 14:29:44.4,1PDF,SLPSL0001,PULV LOW SEAL AIR HDR DIFF PRESS,,LOABS,PULV LOW SEAL AIR HDR DIFF PRESS,ALM,1,3.9416,4,INH2O,!WP1001!WP1002!WP1003!WP1006!WP1007!WP1014!hist14!CP1004,1
2026-07-18 14:29:46.8,1AB_ECON_SEQ,ECON_HOP_T10,ECON HOPPER SEQ XV5124 TIMER,,PTARG,TIMEOUT,ALM,3,240.99,240,SEC,!WP1002!WP1011!WP1001!hist14!CP1020,1
2026-07-18 14:29:47.8,1AB_ECON_SEQ,ECON_HOP_T10,ECON HOPPER SEQ XV5124 TIMER,,PTARG,TIMEOUT,RTN,3,0,240,SEC,!WP1002!WP1011!WP1001!hist14!CP1020,1
2026-07-18 14:30:50.4,1JMILL,LO_TSL,J PULV LUBE OIL   TEMP ALM,,LOABS,LOW PULV LUBE OIL TEMPERATURE,RTN,5,92.0117,90,DEGF,!WP1001!WP1002!WP1003!WP1006!WP1007!WP1014!hist14!CP1004,1
2026-07-18 14:32:46.4,1PDF,SLPSL0001,PULV LOW SEAL AIR HDR DIFF PRESS,,LOABS,PULV LOW SEAL AIR HDR DIFF PRESS,RTN,1,4.00869,4,INH2O,!WP1001!WP1002!WP1003!WP1006!WP1007!WP1014!hist14!CP1004,1
2026-07-18 14:32:53.4,1PDF,SLPSL0001,PULV LOW SEAL AIR HDR DIFF PRESS,,LOABS,PULV LOW SEAL AIR HDR DIFF PRESS,ALM,1,3.85752,4,INH2O,!WP1001!WP1002!WP1003!WP1006!WP1007!WP1014!hist14!CP1004,1
2026-07-18 14:32:56.4,1PDF,SLPSL0001,PULV LOW SEAL AIR HDR DIFF PRESS,,LOABS,PULV LOW SEAL AIR HDR DIFF PRESS,RTN,1,4.13496,4,INH2O,!WP1001!WP1002!WP1003!WP1006!WP1007!WP1014!hist14!CP1004,1
2026-07-18 14:32:59.4,1PDF,SLPSL0001,PULV LOW SEAL AIR HDR DIFF PRESS,,LOABS,PULV LOW SEAL AIR HDR DIFF PRESS,ALM,1,3.99756,4,INH2O,!WP1001!WP1002!WP1003!WP1006!WP1007!WP1014!hist14!CP1004,1
2026-07-18 14:33:04.4,1PDF,SLPSL0001,PULV LOW SEAL AIR HDR DIFF PRESS,,LOABS,PULV LOW SEAL AIR HDR DIFF PRESS,RTN,1,4.05498,4,INH2O,!WP1001!WP1002!WP1003!WP1006!WP1007!WP1014!hist14!CP1004,1
2026-07-18 14:33:08.4,1PDF,SLPSL0001,PULV LOW SEAL AIR HDR DIFF PRESS,,LOABS,PULV LOW SEAL AIR HDR DIFF PRESS,ALM,1,3.9832,4,INH2O,!WP1001!WP1002!WP1003!WP1006!WP1007!WP1014!hist14!CP1004,1
2026-07-18 14:33:09.4,1PDF,SLPSL0001,PULV LOW SEAL AIR HDR DIFF PRESS,,LOABS,PULV LOW SEAL AIR HDR DIFF PRESS,RTN,1,4.01426,4,INH2O,!WP1001!WP1002!WP1003!WP1006!WP1007!WP1014!hist14!CP1004,1
2026-07-18 14:33:10.4,1PDF,SLPSL0001,PULV LOW SEAL AIR HDR DIFF PRESS,,LOABS,PULV LOW SEAL AIR HDR DIFF PRESS,ALM,1,3.99551,4,INH2O,!WP1001!WP1002!WP1003!WP1006!WP1007!WP1014!hist14!CP1004,1
2026-07-18 14:33:11.4,1PDF,SLPSL0001,PULV LOW SEAL AIR HDR DIFF PRESS,,LOABS,PULV LOW SEAL AIR HDR DIFF PRESS,RTN,1,4.04648,4,INH2O,!WP1001!WP1002!WP1003!WP1006!WP1007!WP1014!hist14!CP1004,1
2026-07-18 14:33:16.4,1PDF,SLPSL0001,PULV LOW SEAL AIR HDR DIFF PRESS,,LOABS,PULV LOW SEAL AIR HDR DIFF PRESS,ALM,1,3.98027,4,INH2O,!WP1001!WP1002!WP1003!WP1006!WP1007!WP1014!hist14!CP1004,1
2026-07-18 14:33:17.4,1PDF,SLPSL0001,PULV LOW SEAL AIR HDR DIFF PRESS,,LOABS,PULV LOW SEAL AIR HDR DIFF PRESS,RTN,1,4.06377,4,INH2O,!WP1001!WP1002!WP1003!WP1006!WP1007!WP1014!hist14!CP1004,1
2026-07-18 14:34:33.4,1PDF,SLPSL0001,PULV LOW SEAL AIR HDR DIFF PRESS,,LOABS,PULV LOW SEAL AIR HDR DIFF PRESS,ALM,1,3.96709,4,INH2O,!WP1001!WP1002!WP1003!WP1006!WP1007!WP1014!hist14!CP1004,1
2026-07-18 14:34:37.4,1PDF,SLPSL0001,PULV LOW SEAL AIR HDR DIFF PRESS,,LOABS,PULV LOW SEAL AIR HDR DIFF PRESS,RTN,1,4.02627,4,INH2O,!WP1001!WP1002!WP1003!WP1006!WP1007!WP1014!hist14!CP1004,1
2026-07-18 14:34:38.4,1PDF,SLPSL0001,PULV LOW SEAL AIR HDR DIFF PRESS,,LOABS,PULV LOW SEAL AIR HDR DIFF PRESS,ALM,1,3.91113,4,INH2O,!WP1001!WP1002!WP1003!WP1006!WP1007!WP1014!hist14!CP1004,1
2026-07-18 14:34:49.1,1TWIP,DIFFALM2,REHEAT BOWL DEVIATION ALM,,HIABS,TWIP ALARM 50 DEG DEVIATION,ALM,3,65.031,50,DEG,!WP1002!WP1006!WP1007!WP1001!WP1003!WP1014!hist14!CP1006,1
2026-07-18 14:34:50.0,1TWIP,DIFFALM2,REHEAT BOWL DEVIATION ALM,,HHABS,TWIP ALARM 75 DEG DEVIATION,ALM,1,226.449,75,DEG,!WP1002!WP1006!WP1007!WP1001!WP1003!WP1014!hist14!CP1006,1
2026-07-18 14:34:51.8,1AB_ECON_SEQ,ECON_HOP_T11,ECON HOPPER SEQ XV5125 TIMER,,PTARG,TIMEOUT,ALM,3,241,240,SEC,!WP1002!WP1011!WP1001!hist14!CP1020,1
2026-07-18 14:34:52.8,1AB_ECON_SEQ,ECON_HOP_T11,ECON HOPPER SEQ XV5125 TIMER,,PTARG,TIMEOUT,RTN,3,0,240,SEC,!WP1002!WP1011!WP1001!hist14!CP1020,1
2026-07-18 14:36:59.4,1PDF,SLPSL0001,PULV LOW SEAL AIR HDR DIFF PRESS,,LOABS,PULV LOW SEAL AIR HDR DIFF PRESS,RTN,1,4.08604,4,INH2O,!WP1001!WP1002!WP1003!WP1006!WP1007!WP1014!hist14!CP1004,1
2026-07-18 14:37:10.4,1PDF,SLPSL0001,PULV LOW SEAL AIR HDR DIFF PRESS,,LOABS,PULV LOW SEAL AIR HDR DIFF PRESS,ALM,1,3.97734,4,INH2O,!WP1001!WP1002!WP1003!WP1006!WP1007!WP1014!hist14!CP1004,1
2026-07-18 14:37:11.2,IDFAN_PEEC,OPCY_ALM,PRECIP OUT > 50%,PRECIP OUTLET,STATE,ALARM,ALM,3,,,,!WP1001!WP1002!WP1003!WP1006!WP1007!WP1014!hist14!CP1003,1
2026-07-18 14:37:19.2,IDFAN_PEEC,OPCY_ALM,PRECIP OUT > 50%,PRECIP OUTLET,STATE,NORMAL,RTN,3,,,,!WP1001!WP1002!WP1003!WP1006!WP1007!WP1014!hist14!CP1003,1
2026-07-18 14:37:40.4,1PDF,SLPSL0001,PULV LOW SEAL AIR HDR DIFF PRESS,,LOABS,PULV LOW SEAL AIR HDR DIFF PRESS,RTN,1,4.01309,4,INH2O,!WP1001!WP1002!WP1003!WP1006!WP1007!WP1014!hist14!CP1004,1
2026-07-18 14:37:41.4,1PDF,SLPSL0001,PULV LOW SEAL AIR HDR DIFF PRESS,,LOABS,PULV LOW SEAL AIR HDR DIFF PRESS,ALM,1,3.9624,4,INH2O,!WP1001!WP1002!WP1003!WP1006!WP1007!WP1014!hist14!CP1004,1
2026-07-18 14:37:42.4,1PDF,SLPSL0001,PULV LOW SEAL AIR HDR DIFF PRESS,,LOABS,PULV LOW SEAL AIR HDR DIFF PRESS,RTN,1,4.13877,4,INH2O,!WP1001!WP1002!WP1003!WP1006!WP1007!WP1014!hist14!CP1004,1
2026-07-18 14:37:49.2,IDFAN_PEEC,OPCY_ALM,PRECIP OUT > 50%,PRECIP OUTLET,STATE,ALARM,ALM,3,,,,!WP1001!WP1002!WP1003!WP1006!WP1007!WP1014!hist14!CP1003,1
2026-07-18 14:37:54.2,IDFAN_PEEC,OPCY_ALM,PRECIP OUT > 50%,PRECIP OUTLET,STATE,NORMAL,RTN,3,,,,!WP1001!WP1002!WP1003!WP1006!WP1007!WP1014!hist14!CP1003,1
2026-07-18 14:38:14.4,1PDF,SLPSL0001,PULV LOW SEAL AIR HDR DIFF PRESS,,LOABS,PULV LOW SEAL AIR HDR DIFF PRESS,ALM,1,3.97002,4,INH2O,!WP1001!WP1002!WP1003!WP1006!WP1007!WP1014!hist14!CP1004,1
2026-07-18 14:39:21.4,1PDF,SLPSL0001,PULV LOW SEAL AIR HDR DIFF PRESS,,LOABS,PULV LOW SEAL AIR HDR DIFF PRESS,RTN,1,4.04766,4,INH2O,!WP1001!WP1002!WP1003!WP1006!WP1007!WP1014!hist14!CP1004,1
2026-07-18 14:39:22.4,1PDF,SLPSL0001,PULV LOW SEAL AIR HDR DIFF PRESS,,LOABS,PULV LOW SEAL AIR HDR DIFF PRESS,ALM,1,3.99902,4,INH2O,!WP1001!WP1002!WP1003!WP1006!WP1007!WP1014!hist14!CP1004,1
2026-07-18 14:39:23.4,1PDF,SLPSL0001,PULV LOW SEAL AIR HDR DIFF PRESS,,LOABS,PULV LOW SEAL AIR HDR DIFF PRESS,RTN,1,4.09893,4,INH2O,!WP1001!WP1002!WP1003!WP1006!WP1007!WP1014!hist14!CP1004,1
2026-07-18 14:39:28.7,1TC,B21,DROOP ACTIVE,DROOP,STATE,ACTIVE,ALM,5,,,,!hist14!CP1001,2
2026-07-18 14:39:29.1,1TWIP,DIFFALM2,REHEAT BOWL DEVIATION ALM,,HHABS,TWIP ALARM 75 DEG DEVIATION,RTN,1,64.0558,75,DEG,!WP1002!WP1006!WP1007!WP1001!WP1003!WP1014!hist14!CP1006,1
2026-07-18 14:39:30.0,1TWIP,DIFFALM2,REHEAT BOWL DEVIATION ALM,,HHABS,TWIP ALARM 75 DEG DEVIATION,ALM,1,75.0893,75,DEG,!WP1002!WP1006!WP1007!WP1001!WP1003!WP1014!hist14!CP1006,1
2026-07-18 14:39:31.1,1TWIP,DIFFALM2,REHEAT BOWL DEVIATION ALM,,HIABS,TWIP ALARM 50 DEG DEVIATION,RTN,3,43.4097,50,DEG,!WP1002!WP1006!WP1007!WP1001!WP1003!WP1014!hist14!CP1006,1
2026-07-18 14:39:31.1,1TWIP,DIFFALM2,REHEAT BOWL DEVIATION ALM,,HHABS,TWIP ALARM 75 DEG DEVIATION,RTN,1,43.4097,75,DEG,!WP1002!WP1006!WP1007!WP1001!WP1003!WP1014!hist14!CP1006,1
2026-07-18 14:39:43.4,1PDF,SLPSL0001,PULV LOW SEAL AIR HDR DIFF PRESS,,LOABS,PULV LOW SEAL AIR HDR DIFF PRESS,ALM,1,3.91201,4,INH2O,!WP1001!WP1002!WP1003!WP1006!WP1007!WP1014!hist14!CP1004,1
2026-07-18 14:39:46.4,1PDF,SLPSL0001,PULV LOW SEAL AIR HDR DIFF PRESS,,LOABS,PULV LOW SEAL AIR HDR DIFF PRESS,RTN,1,4.00635,4,INH2O,!WP1001!WP1002!WP1003!WP1006!WP1007!WP1014!hist14!CP1004,1
2026-07-18 14:39:47.4,1PDF,SLPSL0001,PULV LOW SEAL AIR HDR DIFF PRESS,,LOABS,PULV LOW SEAL AIR HDR DIFF PRESS,ALM,1,3.99785,4,INH2O,!WP1001!WP1002!WP1003!WP1006!WP1007!WP1014!hist14!CP1004,1
2026-07-18 14:39:50.2,1TC,B21,DROOP ACTIVE,DROOP,STATE,NORMAL,RTN,5,,,,!hist14!CP1001,2
2026-07-18 14:39:52.7,1TC,B21,DROOP ACTIVE,DROOP,STATE,NORMAL,RTN,5,,,,!hist14!CP1001,2
2026-07-18 14:39:52.2,1TC,B21,DROOP ACTIVE,DROOP,STATE,ACTIVE,ALM,5,,,,!hist14!CP1001,2
2026-07-18 14:39:53.2,1TC,B21,DROOP ACTIVE,DROOP,STATE,ACTIVE,ALM,5,,,,!hist14!CP1001,2
2026-07-18 14:39:55.2,1TC,B21,DROOP ACTIVE,DROOP,STATE,NORMAL,RTN,5,,,,!hist14!CP1001,2
2026-07-18 14:39:55.7,1TC,B21,DROOP ACTIVE,DROOP,STATE,ACTIVE,ALM,5,,,,!hist14!CP1001,2
2026-07-18 14:39:55.8,1AB_ECON_SEQ,ECON_HOP_T12,ECON HOPPER SEQ XV5126 TIMER,,PTARG,TIMEOUT,ALM,3,240.01,240,SEC,!WP1002!WP1011!WP1001!hist14!CP1020,1
2026-07-18 14:39:56.4,1PDF,SLPSL0001,PULV LOW SEAL AIR HDR DIFF PRESS,,LOABS,PULV LOW SEAL AIR HDR DIFF PRESS,RTN,1,4.00986,4,INH2O,!WP1001!WP1002!WP1003!WP1006!WP1007!WP1014!hist14!CP1004,1
2026-07-18 14:39:56.8,1AB_ECON_SEQ,ECON_HOP_T12,ECON HOPPER SEQ XV5126 TIMER,,PTARG,TIMEOUT,RTN,3,0,240,SEC,!WP1002!WP1011!WP1001!hist14!CP1020,1
2026-07-18 14:39:57.4,1PDF,SLPSL0001,PULV LOW SEAL AIR HDR DIFF PRESS,,LOABS,PULV LOW SEAL AIR HDR DIFF PRESS,ALM,1,3.99873,4,INH2O,!WP1001!WP1002!WP1003!WP1006!WP1007!WP1014!hist14!CP1004,1
2026-07-18 14:39:58.4,1PDF,SLPSL0001,PULV LOW SEAL AIR HDR DIFF PRESS,,LOABS,PULV LOW SEAL AIR HDR DIFF PRESS,RTN,1,4.05469,4,INH2O,!WP1001!WP1002!WP1003!WP1006!WP1007!WP1014!hist14!CP1004,1
2026-07-18 14:40:02.4,1PDF,SLPSL0001,PULV LOW SEAL AIR HDR DIFF PRESS,,LOABS,PULV LOW SEAL AIR HDR DIFF PRESS,ALM,1,3.98086,4,INH2O,!WP1001!WP1002!WP1003!WP1006!WP1007!WP1014!hist14!CP1004,1
2026-07-18 14:40:03.4,1PDF,SLPSL0001,PULV LOW SEAL AIR HDR DIFF PRESS,,LOABS,PULV LOW SEAL AIR HDR DIFF PRESS,RTN,1,4.06377,4,INH2O,!WP1001!WP1002!WP1003!WP1006!WP1007!WP1014!hist14!CP1004,1
2026-07-18 14:40:06.4,1PDF,SLPSL0001,PULV LOW SEAL AIR HDR DIFF PRESS,,LOABS,PULV LOW SEAL AIR HDR DIFF PRESS,ALM,1,3.99697,4,INH2O,!WP1001!WP1002!WP1003!WP1006!WP1007!WP1014!hist14!CP1004,1
2026-07-18 14:40:07.4,1PDF,SLPSL0001,PULV LOW SEAL AIR HDR DIFF PRESS,,LOABS,PULV LOW SEAL AIR HDR DIFF PRESS,RTN,1,4.02832,4,INH2O,!WP1001!WP1002!WP1003!WP1006!WP1007!WP1014!hist14!CP1004,1
2026-07-18 14:40:08.4,1PDF,SLPSL0001,PULV LOW SEAL AIR HDR DIFF PRESS,,LOABS,PULV LOW SEAL AIR HDR DIFF PRESS,ALM,1,3.9542,4,INH2O,!WP1001!WP1002!WP1003!WP1006!WP1007!WP1014!hist14!CP1004,1
2026-07-18 14:40:19.4,1PDF,SLPSL0001,PULV LOW SEAL AIR HDR DIFF PRESS,,LOABS,PULV LOW SEAL AIR HDR DIFF PRESS,RTN,1,4.0084,4,INH2O,!WP1001!WP1002!WP1003!WP1006!WP1007!WP1014!hist14!CP1004,1
2026-07-18 14:40:32.7,1TC,B21,DROOP ACTIVE,DROOP,STATE,NORMAL,RTN,5,,,,!hist14!CP1001,2
2026-07-18 14:40:44.4,1PDF,SLPSL0001,PULV LOW SEAL AIR HDR DIFF PRESS,,LOABS,PULV LOW SEAL AIR HDR DIFF PRESS,ALM,1,3.9665,4,INH2O,!WP1001!WP1002!WP1003!WP1006!WP1007!WP1014!hist14!CP1004,1
2026-07-18 14:40:45.4,1PDF,SLPSL0001,PULV LOW SEAL AIR HDR DIFF PRESS,,LOABS,PULV LOW SEAL AIR HDR DIFF PRESS,RTN,1,4.07139,4,INH2O,!WP1001!WP1002!WP1003!WP1006!WP1007!WP1014!hist14!CP1004,1
2026-07-18 14:41:34.4,1PDF,SLPSL0001,PULV LOW SEAL AIR HDR DIFF PRESS,,LOABS,PULV LOW SEAL AIR HDR DIFF PRESS,ALM,1,3.90469,4,INH2O,!WP1001!WP1002!WP1003!WP1006!WP1007!WP1014!hist14!CP1004,1
2026-07-18 14:42:14.7,IDFAN_PEEC,OPCY_ALM,PRECIP OUT > 50%,PRECIP OUTLET,STATE,ALARM,ALM,3,,,,!WP1001!WP1002!WP1003!WP1006!WP1007!WP1014!hist14!CP1003,1
2026-07-18 14:42:18.7,IDFAN_PEEC,OPCY_ALM,PRECIP OUT > 50%,PRECIP OUTLET,STATE,NORMAL,RTN,3,,,,!WP1001!WP1002!WP1003!WP1006!WP1007!WP1014!hist14!CP1003,1
2026-07-18 14:43:17.4,1PDF,SLPSL0001,PULV LOW SEAL AIR HDR DIFF PRESS,,LOABS,PULV LOW SEAL AIR HDR DIFF PRESS,RTN,1,4.00049,4,INH2O,!WP1001!WP1002!WP1003!WP1006!WP1007!WP1014!hist14!CP1004,1
2026-07-18 14:43:18.4,1PDF,SLPSL0001,PULV LOW SEAL AIR HDR DIFF PRESS,,LOABS,PULV LOW SEAL AIR HDR DIFF PRESS,ALM,1,3.96973,4,INH2O,!WP1001!WP1002!WP1003!WP1006!WP1007!WP1014!hist14!CP1004,1
2026-07-18 14:43:20.4,1PDF,SLPSL0001,PULV LOW SEAL AIR HDR DIFF PRESS,,LOABS,PULV LOW SEAL AIR HDR DIFF PRESS,RTN,1,4.04561,4,INH2O,!WP1001!WP1002!WP1003!WP1006!WP1007!WP1014!hist14!CP1004,1
2026-07-18 14:43:21.4,1PDF,SLPSL0001,PULV LOW SEAL AIR HDR DIFF PRESS,,LOABS,PULV LOW SEAL AIR HDR DIFF PRESS,ALM,1,3.99961,4,INH2O,!WP1001!WP1002!WP1003!WP1006!WP1007!WP1014!hist14!CP1004,1
2026-07-18 14:43:22.4,1PDF,SLPSL0001,PULV LOW SEAL AIR HDR DIFF PRESS,,LOABS,PULV LOW SEAL AIR HDR DIFF PRESS,RTN,1,4.07022,4,INH2O,!WP1001!WP1002!WP1003!WP1006!WP1007!WP1014!hist14!CP1004,1
2026-07-18 14:45:34.4,1PDF,SLPSL0001,PULV LOW SEAL AIR HDR DIFF PRESS,,LOABS,PULV LOW SEAL AIR HDR DIFF PRESS,ALM,1,3.92783,4,INH2O,!WP1001!WP1002!WP1003!WP1006!WP1007!WP1014!hist14!CP1004,1
2026-07-18 14:47:05.4,1FUEL_SFTY,FPTX_ALM,DRAFT TRANSMITTER DEVIATION,,STATE,FURN DRAFT PRESS XMTR DEVIATION,ALM,5,,,,!WP1001!WP1002!WP1003!WP1006!WP1007!WP1014!hist14!CP1004,1
2026-07-18 14:47:13.4,1FUEL_SFTY,FPTX_ALM,DRAFT TRANSMITTER DEVIATION,,STATE,NO DEVIATION,RTN,5,,,,!WP1001!WP1002!WP1003!WP1006!WP1007!WP1014!hist14!CP1004,1
2026-07-18 14:48:40.4,1PDF,SLPSL0001,PULV LOW SEAL AIR HDR DIFF PRESS,,LOABS,PULV LOW SEAL AIR HDR DIFF PRESS,RTN,1,4.01484,4,INH2O,!WP1001!WP1002!WP1003!WP1006!WP1007!WP1014!hist14!CP1004,1
2026-07-18 14:48:41.4,1PDF,SLPSL0001,PULV LOW SEAL AIR HDR DIFF PRESS,,LOABS,PULV LOW SEAL AIR HDR DIFF PRESS,ALM,1,3.97617,4,INH2O,!WP1001!WP1002!WP1003!WP1006!WP1007!WP1014!hist14!CP1004,1
2026-07-18 14:48:42.4,1PDF,SLPSL0001,PULV LOW SEAL AIR HDR DIFF PRESS,,LOABS,PULV LOW SEAL AIR HDR DIFF PRESS,RTN,1,4.09482,4,INH2O,!WP1001!WP1002!WP1003!WP1006!WP1007!WP1014!hist14!CP1004,1
2026-07-18 14:49:48.4,1PDF,SLPSL0001,PULV LOW SEAL AIR HDR DIFF PRESS,,LOABS,PULV LOW SEAL AIR HDR DIFF PRESS,ALM,1,3.95566,4,INH2O,!WP1001!WP1002!WP1003!WP1006!WP1007!WP1014!hist14!CP1004,1
2026-07-18 14:50:28.4,1PDF,SLPSL0001,PULV LOW SEAL AIR HDR DIFF PRESS,,LOABS,PULV LOW SEAL AIR HDR DIFF PRESS,RTN,1,4.00635,4,INH2O,!WP1001!WP1002!WP1003!WP1006!WP1007!WP1014!hist14!CP1004,1
2026-07-18 14:50:30.4,1PDF,SLPSL0001,PULV LOW SEAL AIR HDR DIFF PRESS,,LOABS,PULV LOW SEAL AIR HDR DIFF PRESS,ALM,1,3.89883,4,INH2O,!WP1001!WP1002!WP1003!WP1006!WP1007!WP1014!hist14!CP1004,1
2026-07-18 14:50:57.6,1BCS_7,IKTE3751,REHEAT TEMP RIGHT (REDUNDANT),,HIABS,HIGH,ALM,1,1012.23,1012.18,DEG.F,!WP1002!WP1006!WP1007!WP1001!WP1003!WP1014!hist14!CP1007,1
2026-07-18 14:51:07.1,1BCS_7,IKTE3451,REHEAT TEMP RIGHT (NORM),,HIABS,HIGH,ALM,1,1012.26,1012.18,DEG.F,!WP1002!WP1006!WP1007!WP1001!WP1003!WP1014!hist14!CP1007,1
2026-07-18 14:51:17.4,1PDF,SLPSL0001,PULV LOW SEAL AIR HDR DIFF PRESS,,LOABS,PULV LOW SEAL AIR HDR DIFF PRESS,RTN,1,4.04824,4,INH2O,!WP1001!WP1002!WP1003!WP1006!WP1007!WP1014!hist14!CP1004,1
2026-07-18 14:51:22.4,1PDF,SLPSL0001,PULV LOW SEAL AIR HDR DIFF PRESS,,LOABS,PULV LOW SEAL AIR HDR DIFF PRESS,ALM,1,3.88271,4,INH2O,!WP1001!WP1002!WP1003!WP1006!WP1007!WP1014!hist14!CP1004,1
2026-07-18 14:52:32.1,1BCS_7,IKTE3451,REHEAT TEMP RIGHT (NORM),,HIABS,HIGH,RTN,1,1007.15,1012.18,DEG.F,!WP1002!WP1006!WP1007!WP1001!WP1003!WP1014!hist14!CP1007,1
2026-07-18 14:52:37.6,1BCS_7,IKTE3751,REHEAT TEMP RIGHT (REDUNDANT),,HIABS,HIGH,RTN,1,1007.16,1012.18,DEG.F,!WP1002!WP1006!WP1007!WP1001!WP1003!WP1014!hist14!CP1007,1
2026-07-18 14:52:58.4,1PDF,SLPSL0001,PULV LOW SEAL AIR HDR DIFF PRESS,,LOABS,PULV LOW SEAL AIR HDR DIFF PRESS,RTN,1,4.10859,4,INH2O,!WP1001!WP1002!WP1003!WP1006!WP1007!WP1014!hist14!CP1004,1
2026-07-18 14:53:03.4,1PDF,SLPSL0001,PULV LOW SEAL AIR HDR DIFF PRESS,,LOABS,PULV LOW SEAL AIR HDR DIFF PRESS,ALM,1,3.92959,4,INH2O,!WP1001!WP1002!WP1003!WP1006!WP1007!WP1014!hist14!CP1004,1
2026-07-18 14:53:06.4,1PDF,SLPSL0001,PULV LOW SEAL AIR HDR DIFF PRESS,,LOABS,PULV LOW SEAL AIR HDR DIFF PRESS,RTN,1,4.03066,4,INH2O,!WP1001!WP1002!WP1003!WP1006!WP1007!WP1014!hist14!CP1004,1
2026-07-18 14:53:10.4,1PDF,SLPSL0001,PULV LOW SEAL AIR HDR DIFF PRESS,,LOABS,PULV LOW SEAL AIR HDR DIFF PRESS,ALM,1,3.91377,4,INH2O,!WP1001!WP1002!WP1003!WP1006!WP1007!WP1014!hist14!CP1004,1
2026-07-18 14:53:13.4,1PDF,SLPSL0001,PULV LOW SEAL AIR HDR DIFF PRESS,,LOABS,PULV LOW SEAL AIR HDR DIFF PRESS,RTN,1,4.01689,4,INH2O,!WP1001!WP1002!WP1003!WP1006!WP1007!WP1014!hist14!CP1004,1
2026-07-18 14:54:08.2,1FG_A,ZSH5601A,BF A BLADE PITCH,,HIABS,BLADE PITCH ALARM,ALM,3,70.0527,70,%,!WP1001!WP1002!WP1003!WP1006!WP1007!WP1014!hist14!CP1015,1
2026-07-18 14:54:08.7,1FG_B,ZSH5701A,BF B BLADE PITCH,,HIABS,BLADE PITCH ALARM,ALM,3,70.1992,70,%,!WP1001!WP1002!WP1003!WP1006!WP1007!WP1014!hist14!CP1015,1
2026-07-18 14:54:20.2,IDFAN_PEEC,OPCY_ALM,PRECIP OUT > 50%,PRECIP OUTLET,STATE,ALARM,ALM,3,,,,!WP1001!WP1002!WP1003!WP1006!WP1007!WP1014!hist14!CP1003,1
2026-07-18 14:54:29.2,IDFAN_PEEC,OPCY_ALM,PRECIP OUT > 50%,PRECIP OUTLET,STATE,NORMAL,RTN,3,,,,!WP1001!WP1002!WP1003!WP1006!WP1007!WP1014!hist14!CP1003,1
2026-07-18 14:54:42.2,1SEAL_AIR,PDI5735_ALM,BF B OUT DMPR SEAL CAV D/P LOW,,STATE,DP ALARM ACTIVE,ALM,3,,,,!WP1001!WP1002!WP1003!WP1006!WP1007!WP1014!hist14!CP1015,1
2026-07-18 14:55:14.4,1PDF,SLPSL0001,PULV LOW SEAL AIR HDR DIFF PRESS,,LOABS,PULV LOW SEAL AIR HDR DIFF PRESS,ALM,1,3.96387,4,INH2O,!WP1001!WP1002!WP1003!WP1006!WP1007!WP1014!hist14!CP1004,1
2026-07-18 14:55:19.4,1PDF,SLPSL0001,PULV LOW SEAL AIR HDR DIFF PRESS,,LOABS,PULV LOW SEAL AIR HDR DIFF PRESS,RTN,1,4.06816,4,INH2O,!WP1001!WP1002!WP1003!WP1006!WP1007!WP1014!hist14!CP1004,1
2026-07-18 14:55:20.4,1PDF,SLPSL0001,PULV LOW SEAL AIR HDR DIFF PRESS,,LOABS,PULV LOW SEAL AIR HDR DIFF PRESS,ALM,1,3.9627,4,INH2O,!WP1001!WP1002!WP1003!WP1006!WP1007!WP1014!hist14!CP1004,1
2026-07-18 14:55:21.4,1PDF,SLPSL0001,PULV LOW SEAL AIR HDR DIFF PRESS,,LOABS,PULV LOW SEAL AIR HDR DIFF PRESS,RTN,1,4.07139,4,INH2O,!WP1001!WP1002!WP1003!WP1006!WP1007!WP1014!hist14!CP1004,1
2026-07-18 14:55:40.7,IDFAN_PEEC,OPCY_ALM,PRECIP OUT > 50%,PRECIP OUTLET,STATE,ALARM,ALM,3,,,,!WP1001!WP1002!WP1003!WP1006!WP1007!WP1014!hist14!CP1003,1
2026-07-18 14:55:43.4,1PDF,SLPSL0001,PULV LOW SEAL AIR HDR DIFF PRESS,,LOABS,PULV LOW SEAL AIR HDR DIFF PRESS,ALM,1,3.93809,4,INH2O,!WP1001!WP1002!WP1003!WP1006!WP1007!WP1014!hist14!CP1004,1
2026-07-18 14:55:44.4,1PDF,SLPSL0001,PULV LOW SEAL AIR HDR DIFF PRESS,,LOABS,PULV LOW SEAL AIR HDR DIFF PRESS,RTN,1,4.05117,4,INH2O,!WP1001!WP1002!WP1003!WP1006!WP1007!WP1014!hist14!CP1004,1
2026-07-18 14:55:45.7,IDFAN_PEEC,OPCY_ALM,PRECIP OUT > 50%,PRECIP OUTLET,STATE,NORMAL,RTN,3,,,,!WP1001!WP1002!WP1003!WP1006!WP1007!WP1014!hist14!CP1003,1
2026-07-18 14:55:49.4,1PDF,SLPSL0001,PULV LOW SEAL AIR HDR DIFF PRESS,,LOABS,PULV LOW SEAL AIR HDR DIFF PRESS,ALM,1,3.93926,4,INH2O,!WP1001!WP1002!WP1003!WP1006!WP1007!WP1014!hist14!CP1004,1
2026-07-18 14:57:03.2,1FG_B,ZSH5701A,BF B BLADE PITCH,,HIABS,BLADE PITCH ALARM,RTN,3,69.7754,70,%,!WP1001!WP1002!WP1003!WP1006!WP1007!WP1014!hist14!CP1015,1
2026-07-18 14:57:04.2,1FG_A,ZSH5601A,BF A BLADE PITCH,,HIABS,BLADE PITCH ALARM,RTN,3,69.8535,70,%,!WP1001!WP1002!WP1003!WP1006!WP1007!WP1014!hist14!CP1015,1
2026-07-18 14:57:53.2,1SEAL_AIR,PDI5735_ALM,BF B OUT DMPR SEAL CAV D/P LOW,,STATE,DP ALARM CLEAR,RTN,3,,,,!WP1001!WP1002!WP1003!WP1006!WP1007!WP1014!hist14!CP1015,1
2026-07-18 14:59:33.4,1PDF,SLPSL0001,PULV LOW SEAL AIR HDR DIFF PRESS,,LOABS,PULV LOW SEAL AIR HDR DIFF PRESS,RTN,1,4.0415,4,INH2O,!WP1001!WP1002!WP1003!WP1006!WP1007!WP1014!hist14!CP1004,1
2026-07-18 14:59:53.4,1PDF,SLPSL0001,PULV LOW SEAL AIR HDR DIFF PRESS,,LOABS,PULV LOW SEAL AIR HDR DIFF PRESS,ALM,1,3.99814,4,INH2O,!WP1001!WP1002!WP1003!WP1006!WP1007!WP1014!hist14!CP1004,1
2026-07-18 14:59:56.4,1PDF,SLPSL0001,PULV LOW SEAL AIR HDR DIFF PRESS,,LOABS,PULV LOW SEAL AIR HDR DIFF PRESS,RTN,1,4.07871,4,INH2O,!WP1001!WP1002!WP1003!WP1006!WP1007!WP1014!hist14!CP1004,1
2026-07-18 15:00:11.3,1AR_LS,DEV_5803,LS SYS B,,STATE,VALVE 5803 DEVIATION,ALM,3,,,,!WP1001!WP1002!WP1003!WP1006!WP1007!WP1014!hist14!CP1017,1
2026-07-18 15:00:58.3,1RP_VLV,AUTO_ALM,RP AUTO SELECTION LOGIC,,STATE,PLACE ONE RP IN AUTO,ALM,1,,,,!WP1001!WP1002!WP1003!WP1006!WP1007!WP1014!hist14!CP1017,1
2026-07-18 15:01:06.7,1AR_LS,DEV_5803,LS SYS B,,STATE,,RTN,3,,,,!WP1001!WP1002!WP1003!WP1006!WP1007!WP1014!hist14!CP1017,1
2026-07-18 15:01:28.4,1PDF,SLPSL0001,PULV LOW SEAL AIR HDR DIFF PRESS,,LOABS,PULV LOW SEAL AIR HDR DIFF PRESS,ALM,1,3.96094,4,INH2O,!WP1001!WP1002!WP1003!WP1006!WP1007!WP1014!hist14!CP1004,1
2026-07-18 15:01:28.6,1BCS_7,IKTE3751,REHEAT TEMP RIGHT (REDUNDANT),,HIABS,HIGH,ALM,1,1012.3,1012.18,DEG.F,!WP1002!WP1006!WP1007!WP1001!WP1003!WP1014!hist14!CP1007,1
2026-07-18 15:01:34.1,1BCS_7,IKTE3451,REHEAT TEMP RIGHT (NORM),,HIABS,HIGH,ALM,1,1012.2,1012.18,DEG.F,!WP1002!WP1006!WP1007!WP1001!WP1003!WP1014!hist14!CP1007,1
2026-07-18 15:02:33.2,IDFAN_PEEC,OPCY_ALM,PRECIP OUT > 50%,PRECIP OUTLET,STATE,ALARM,ALM,3,,,,!WP1001!WP1002!WP1003!WP1006!WP1007!WP1014!hist14!CP1003,1
2026-07-18 15:02:36.2,IDFAN_PEEC,OPCY_ALM,PRECIP OUT > 50%,PRECIP OUTLET,STATE,NORMAL,RTN,3,,,,!WP1001!WP1002!WP1003!WP1006!WP1007!WP1014!hist14!CP1003,1
2026-07-18 15:03:12.5,1PDF,SLPSL0001,PULV LOW SEAL AIR HDR DIFF PRESS,,LOABS,PULV LOW SEAL AIR HDR DIFF PRESS,RTN,1,4.08223,4,INH2O,!WP1001!WP1002!WP1003!WP1006!WP1007!WP1014!hist14!CP1004,1
2026-07-18 15:03:17.1,1BCS_7,IKTE3451,REHEAT TEMP RIGHT (NORM),,HIABS,HIGH,RTN,1,1007.12,1012.18,DEG.F,!WP1002!WP1006!WP1007!WP1001!WP1003!WP1014!hist14!CP1007,1
2026-07-18 15:03:21.1,1BCS_7,IKTE3751,REHEAT TEMP RIGHT (REDUNDANT),,HIABS,HIGH,RTN,1,1007.16,1012.18,DEG.F,!WP1002!WP1006!WP1007!WP1001!WP1003!WP1014!hist14!CP1007,1
2026-07-18 15:04:09.7,1FG_A,ZSH5601A,BF A BLADE PITCH,,HIABS,BLADE PITCH ALARM,ALM,3,70.0762,70,%,!WP1001!WP1002!WP1003!WP1006!WP1007!WP1014!hist14!CP1015,1
2026-07-18 15:04:09.2,1FG_B,ZSH5701A,BF B BLADE PITCH,,HIABS,BLADE PITCH ALARM,ALM,3,70.0215,70,%,!WP1001!WP1002!WP1003!WP1006!WP1007!WP1014!hist14!CP1015,1
2026-07-18 15:04:31.2,IDFAN_PEEC,OPCY_ALM,PRECIP OUT > 50%,PRECIP OUTLET,STATE,ALARM,ALM,3,,,,!WP1001!WP1002!WP1003!WP1006!WP1007!WP1014!hist14!CP1003,1
2026-07-18 15:04:58.7,1SEAL_AIR,PDI5735_ALM,BF B OUT DMPR SEAL CAV D/P LOW,,STATE,DP ALARM ACTIVE,ALM,3,,,,!WP1001!WP1002!WP1003!WP1006!WP1007!WP1014!hist14!CP1015,1
2026-07-18 15:05:11.4,1PDF,SLPSL0001,PULV LOW SEAL AIR HDR DIFF PRESS,,LOABS,PULV LOW SEAL AIR HDR DIFF PRESS,ALM,1,3.99287,4,INH2O,!WP1001!WP1002!WP1003!WP1006!WP1007!WP1014!hist14!CP1004,1
2026-07-18 15:05:54.7,IDFAN_PEEC,OPCY_ALM,PRECIP OUT > 50%,PRECIP OUTLET,STATE,NORMAL,RTN,3,,,,!WP1001!WP1002!WP1003!WP1006!WP1007!WP1014!hist14!CP1003,1
2026-07-18 15:05:56.2,IDFAN_PEEC,OPCY_ALM,PRECIP OUT > 50%,PRECIP OUTLET,STATE,ALARM,ALM,3,,,,!WP1001!WP1002!WP1003!WP1006!WP1007!WP1014!hist14!CP1003,1
2026-07-18 15:06:09.2,IDFAN_PEEC,OPCY_ALM,PRECIP OUT > 50%,PRECIP OUTLET,STATE,NORMAL,RTN,3,,,,!WP1001!WP1002!WP1003!WP1006!WP1007!WP1014!hist14!CP1003,1
2026-07-18 15:06:20.7,1FG_A,ZSH5601A,BF A BLADE PITCH,,HIABS,BLADE PITCH ALARM,RTN,3,69.8555,70,%,!WP1001!WP1002!WP1003!WP1006!WP1007!WP1014!hist14!CP1015,1
2026-07-18 15:06:20.2,1FG_B,ZSH5701A,BF B BLADE PITCH,,HIABS,BLADE PITCH ALARM,RTN,3,69.8672,70,%,!WP1001!WP1002!WP1003!WP1006!WP1007!WP1014!hist14!CP1015,1
2026-07-18 15:07:11.5,1PDF,SLPSL0001,PULV LOW SEAL AIR HDR DIFF PRESS,,LOABS,PULV LOW SEAL AIR HDR DIFF PRESS,RTN,1,4.03711,4,INH2O,!WP1001!WP1002!WP1003!WP1006!WP1007!WP1014!hist14!CP1004,1
2026-07-18 15:07:12.5,1PDF,SLPSL0001,PULV LOW SEAL AIR HDR DIFF PRESS,,LOABS,PULV LOW SEAL AIR HDR DIFF PRESS,ALM,1,3.99141,4,INH2O,!WP1001!WP1002!WP1003!WP1006!WP1007!WP1014!hist14!CP1004,1
2026-07-18 15:07:13.5,1PDF,SLPSL0001,PULV LOW SEAL AIR HDR DIFF PRESS,,LOABS,PULV LOW SEAL AIR HDR DIFF PRESS,RTN,1,4.12441,4,INH2O,!WP1001!WP1002!WP1003!WP1006!WP1007!WP1014!hist14!CP1004,1
2026-07-18 15:08:14.7,1FG_A,ZSH5601A,BF A BLADE PITCH,,HIABS,BLADE PITCH ALARM,ALM,3,70.0195,70,%,!WP1001!WP1002!WP1003!WP1006!WP1007!WP1014!hist14!CP1015,1
2026-07-18 15:08:14.7,1FG_B,ZSH5701A,BF B BLADE PITCH,,HIABS,BLADE PITCH ALARM,ALM,3,70.082,70,%,!WP1001!WP1002!WP1003!WP1006!WP1007!WP1014!hist14!CP1015,1
2026-07-18 15:09:08.5,1PDF,SLPSL0001,PULV LOW SEAL AIR HDR DIFF PRESS,,LOABS,PULV LOW SEAL AIR HDR DIFF PRESS,ALM,1,3.89268,4,INH2O,!WP1001!WP1002!WP1003!WP1006!WP1007!WP1014!hist14!CP1004,1
2026-07-18 15:09:30.2,IDFAN_PEEC,OPCY_ALM,PRECIP OUT > 50%,PRECIP OUTLET,STATE,ALARM,ALM,3,,,,!WP1001!WP1002!WP1003!WP1006!WP1007!WP1014!hist14!CP1003,1
2026-07-18 15:09:46.2,IDFAN_PEEC,OPCY_ALM,PRECIP OUT > 50%,PRECIP OUTLET,STATE,NORMAL,RTN,3,,,,!WP1001!WP1002!WP1003!WP1006!WP1007!WP1014!hist14!CP1003,1
2026-07-18 15:09:52.7,1FG_B,ZSH5701A,BF B BLADE PITCH,,HIABS,BLADE PITCH ALARM,RTN,3,69.8242,70,%,!WP1001!WP1002!WP1003!WP1006!WP1007!WP1014!hist14!CP1015,1
2026-07-18 15:09:54.2,1FG_A,ZSH5601A,BF A BLADE PITCH,,HIABS,BLADE PITCH ALARM,RTN,3,69.7754,70,%,!WP1001!WP1002!WP1003!WP1006!WP1007!WP1014!hist14!CP1015,1
2026-07-18 15:09:58.6,1BCS_7,IKTE3741,REHEAT TEMP LEFT (REDUNDANT),,HIABS,HIGH,ALM,1,1012.23,1012.18,DEG.F,!WP1002!WP1006!WP1007!WP1001!WP1003!WP1014!hist14!CP1007,1
2026-07-18 15:10:00.1,1BCS_7,IKTE3441,REHEAT TEMP LEFT (NORM),,HIABS,HIGH,ALM,1,1012.23,1012.18,DEG.F,!WP1002!WP1006!WP1007!WP1001!WP1003!WP1014!hist14!CP1007,1
2026-07-18 15:10:14.5,1FUEL_SFTY,FPTX_ALM,DRAFT TRANSMITTER DEVIATION,,STATE,FURN DRAFT PRESS XMTR DEVIATION,ALM,5,,,,!WP1001!WP1002!WP1003!WP1006!WP1007!WP1014!hist14!CP1004,1
2026-07-18 15:10:14.3,1GS_A,BLEED_FAIL,BLEED SYSTEM A FAILURE,,STATE,BLEED SYSTEM A EQUIPMENT FAILURE,ALM,3,,,,!WP1001!WP1002!WP1003!WP1006!WP1007!WP1014!hist14!CP1017,1
2026-07-18 15:10:39.2,1SEAL_AIR,PDI5735_ALM,BF B OUT DMPR SEAL CAV D/P LOW,,STATE,DP ALARM CLEAR,RTN,3,,,,!WP1001!WP1002!WP1003!WP1006!WP1007!WP1014!hist14!CP1015,1
2026-07-18 15:10:42.5,1FUEL_SFTY,FPTX_ALM,DRAFT TRANSMITTER DEVIATION,,STATE,NO DEVIATION,RTN,5,,,,!WP1001!WP1002!WP1003!WP1006!WP1007!WP1014!hist14!CP1004,1
2026-07-18 15:10:58.6,1BCS_7,IKTE3441,REHEAT TEMP LEFT (NORM),,HIABS,HIGH,RTN,1,1007.15,1012.18,DEG.F,!WP1002!WP1006!WP1007!WP1001!WP1003!WP1014!hist14!CP1007,1
2026-07-18 15:11:00.0,1BFA_GSM_ALM,BFA_ALM4,MARK VIE A BFPT ALARM,,STA_5,LO CLR DISCHG TEMP HIGH,ALM,5,0,0,,!WP1001!WP1002!WP1003!WP1006!WP1007!WP1014!hist14!CP1011,1
2026-07-18 15:11:01.1,1BCS_7,IKTE3741,REHEAT TEMP LEFT (REDUNDANT),,HIABS,HIGH,RTN,1,1007.05,1012.18,DEG.F,!WP1002!WP1006!WP1007!WP1001!WP1003!WP1014!hist14!CP1007,1
2026-07-18 15:11:02.0,1BFA_GSM_ALM,BFA_ALM4,MARK VIE A BFPT ALARM,,STA_5,LO CLR DISCHG TEMP OK,RTN,5,0,0,,!WP1001!WP1002!WP1003!WP1006!WP1007!WP1014!hist14!CP1011,1
2026-07-18 15:11:27.5,1PDF,SLPSL0001,PULV LOW SEAL AIR HDR DIFF PRESS,,LOABS,PULV LOW SEAL AIR HDR DIFF PRESS,RTN,1,4.02539,4,INH2O,!WP1001!WP1002!WP1003!WP1006!WP1007!WP1014!hist14!CP1004,1
2026-07-18 15:11:32.5,1PDF,SLPSL0001,PULV LOW SEAL AIR HDR DIFF PRESS,,LOABS,PULV LOW SEAL AIR HDR DIFF PRESS,ALM,1,3.97061,4,INH2O,!WP1001!WP1002!WP1003!WP1006!WP1007!WP1014!hist14!CP1004,1
2026-07-18 15:11:34.5,1PDF,SLPSL0001,PULV LOW SEAL AIR HDR DIFF PRESS,,LOABS,PULV LOW SEAL AIR HDR DIFF PRESS,RTN,1,4.01953,4,INH2O,!WP1001!WP1002!WP1003!WP1006!WP1007!WP1014!hist14!CP1004,1
2026-07-18 15:11:35.5,1PDF,SLPSL0001,PULV LOW SEAL AIR HDR DIFF PRESS,,LOABS,PULV LOW SEAL AIR HDR DIFF PRESS,ALM,1,3.96885,4,INH2O,!WP1001!WP1002!WP1003!WP1006!WP1007!WP1014!hist14!CP1004,1
2026-07-18 15:11:36.5,1PDF,SLPSL0001,PULV LOW SEAL AIR HDR DIFF PRESS,,LOABS,PULV LOW SEAL AIR HDR DIFF PRESS,RTN,1,4.05205,4,INH2O,!WP1001!WP1002!WP1003!WP1006!WP1007!WP1014!hist14!CP1004,1
2026-07-18 15:11:37.5,1PDF,SLPSL0001,PULV LOW SEAL AIR HDR DIFF PRESS,,LOABS,PULV LOW SEAL AIR HDR DIFF PRESS,ALM,1,3.9293,4,INH2O,!WP1001!WP1002!WP1003!WP1006!WP1007!WP1014!hist14!CP1004,1
2026-07-18 15:12:08.5,1PDF,SLPSL0001,PULV LOW SEAL AIR HDR DIFF PRESS,,LOABS,PULV LOW SEAL AIR HDR DIFF PRESS,RTN,1,4.00752,4,INH2O,!WP1001!WP1002!WP1003!WP1006!WP1007!WP1014!hist14!CP1004,1
2026-07-18 15:12:09.5,1PDF,SLPSL0001,PULV LOW SEAL AIR HDR DIFF PRESS,,LOABS,PULV LOW SEAL AIR HDR DIFF PRESS,ALM,1,3.95068,4,INH2O,!WP1001!WP1002!WP1003!WP1006!WP1007!WP1014!hist14!CP1004,1
2026-07-18 15:12:11.5,1PDF,SLPSL0001,PULV LOW SEAL AIR HDR DIFF PRESS,,LOABS,PULV LOW SEAL AIR HDR DIFF PRESS,RTN,1,4.03213,4,INH2O,!WP1001!WP1002!WP1003!WP1006!WP1007!WP1014!hist14!CP1004,1
2026-07-18 15:12:13.5,1PDF,SLPSL0001,PULV LOW SEAL AIR HDR DIFF PRESS,,LOABS,PULV LOW SEAL AIR HDR DIFF PRESS,ALM,1,3.96973,4,INH2O,!WP1001!WP1002!WP1003!WP1006!WP1007!WP1014!hist14!CP1004,1
2026-07-18 15:12:16.5,1PDF,SLPSL0001,PULV LOW SEAL AIR HDR DIFF PRESS,,LOABS,PULV LOW SEAL AIR HDR DIFF PRESS,RTN,1,4.09365,4,INH2O,!WP1001!WP1002!WP1003!WP1006!WP1007!WP1014!hist14!CP1004,1
2026-07-18 15:12:23.5,1PDF,SLPSL0001,PULV LOW SEAL AIR HDR DIFF PRESS,,LOABS,PULV LOW SEAL AIR HDR DIFF PRESS,ALM,1,3.93105,4,INH2O,!WP1001!WP1002!WP1003!WP1006!WP1007!WP1014!hist14!CP1004,1
2026-07-18 15:12:24.5,1PDF,SLPSL0001,PULV LOW SEAL AIR HDR DIFF PRESS,,LOABS,PULV LOW SEAL AIR HDR DIFF PRESS,RTN,1,4.05674,4,INH2O,!WP1001!WP1002!WP1003!WP1006!WP1007!WP1014!hist14!CP1004,1
2026-07-18 15:12:29.5,1PDF,SLPSL0001,PULV LOW SEAL AIR HDR DIFF PRESS,,LOABS,PULV LOW SEAL AIR HDR DIFF PRESS,ALM,1,3.88623,4,INH2O,!WP1001!WP1002!WP1003!WP1006!WP1007!WP1014!hist14!CP1004,1
2026-07-18 15:12:30.8,1AB_ECON_SEQ,ECON_HOP_T7,ECON HOPPER SEQ XV5121 TIMER,,PTARG,TIMEOUT,ALM,3,240.01,240,SEC,!WP1002!WP1011!WP1001!hist14!CP1020,1
2026-07-18 15:12:31.8,1AB_ECON_SEQ,ECON_HOP_T7,ECON HOPPER SEQ XV5121 TIMER,,PTARG,TIMEOUT,RTN,3,0,240,SEC,!WP1002!WP1011!WP1001!hist14!CP1020,1
2026-07-18 15:12:37.5,1PDF,SLPSL0001,PULV LOW SEAL AIR HDR DIFF PRESS,,LOABS,PULV LOW SEAL AIR HDR DIFF PRESS,RTN,1,4.02363,4,INH2O,!WP1001!WP1002!WP1003!WP1006!WP1007!WP1014!hist14!CP1004,1
2026-07-18 15:12:38.5,1PDF,SLPSL0001,PULV LOW SEAL AIR HDR DIFF PRESS,,LOABS,PULV LOW SEAL AIR HDR DIFF PRESS,ALM,1,3.88945,4,INH2O,!WP1001!WP1002!WP1003!WP1006!WP1007!WP1014!hist14!CP1004,1
2026-07-18 15:13:02.5,1PDF,SLPSL0001,PULV LOW SEAL AIR HDR DIFF PRESS,,LOABS,PULV LOW SEAL AIR HDR DIFF PRESS,RTN,1,4.08721,4,INH2O,!WP1001!WP1002!WP1003!WP1006!WP1007!WP1014!hist14!CP1004,1
2026-07-18 15:13:05.5,1PDF,SLPSL0001,PULV LOW SEAL AIR HDR DIFF PRESS,,LOABS,PULV LOW SEAL AIR HDR DIFF PRESS,ALM,1,3.87422,4,INH2O,!WP1001!WP1002!WP1003!WP1006!WP1007!WP1014!hist14!CP1004,1
2026-07-18 15:13:08.5,1PDF,SLPSL0001,PULV LOW SEAL AIR HDR DIFF PRESS,,LOABS,PULV LOW SEAL AIR HDR DIFF PRESS,RTN,1,4.15957,4,INH2O,!WP1001!WP1002!WP1003!WP1006!WP1007!WP1014!hist14!CP1004,1
2026-07-18 15:13:20.5,1PDF,SLPSL0001,PULV LOW SEAL AIR HDR DIFF PRESS,,LOABS,PULV LOW SEAL AIR HDR DIFF PRESS,ALM,1,3.94629,4,INH2O,!WP1001!WP1002!WP1003!WP1006!WP1007!WP1014!hist14!CP1004,1
2026-07-18 15:13:22.7,1SCR_B_PRESS,FGPDI5228B,SCR B CAT LAYER 4 DP,1SR114 PNT 4,HHABS,HI HI DP,ALM,1,1.70217,1.7,INH2O,!WP1001!WP1002!WP1003!WP1006!WP1007!WP1014!hist14!CP1016,1
2026-07-18 15:13:25.5,1PDF,SLPSL0001,PULV LOW SEAL AIR HDR DIFF PRESS,,LOABS,PULV LOW SEAL AIR HDR DIFF PRESS,RTN,1,4.00869,4,INH2O,!WP1001!WP1002!WP1003!WP1006!WP1007!WP1014!hist14!CP1004,1
2026-07-18 15:13:26.5,1PDF,SLPSL0001,PULV LOW SEAL AIR HDR DIFF PRESS,,LOABS,PULV LOW SEAL AIR HDR DIFF PRESS,ALM,1,3.94541,4,INH2O,!WP1001!WP1002!WP1003!WP1006!WP1007!WP1014!hist14!CP1004,1
2026-07-18 15:13:27.5,1PDF,SLPSL0001,PULV LOW SEAL AIR HDR DIFF PRESS,,LOABS,PULV LOW SEAL AIR HDR DIFF PRESS,RTN,1,4.03154,4,INH2O,!WP1001!WP1002!WP1003!WP1006!WP1007!WP1014!hist14!CP1004,1
2026-07-18 15:13:28.5,1PDF,SLPSL0001,PULV LOW SEAL AIR HDR DIFF PRESS,,LOABS,PULV LOW SEAL AIR HDR DIFF PRESS,ALM,1,3.91172,4,INH2O,!WP1001!WP1002!WP1003!WP1006!WP1007!WP1014!hist14!CP1004,1
2026-07-18 15:13:28.0,1BFA_GSM_ALM,BFA_ALM4,MARK VIE A BFPT ALARM,,STA_5,LO CLR DISCHG TEMP HIGH,ALM,5,0,0,,!WP1001!WP1002!WP1003!WP1006!WP1007!WP1014!hist14!CP1011,1
2026-07-18 15:13:30.0,1BFA_GSM_ALM,BFA_ALM4,MARK VIE A BFPT ALARM,,STA_5,LO CLR DISCHG TEMP OK,RTN,5,0,0,,!WP1001!WP1002!WP1003!WP1006!WP1007!WP1014!hist14!CP1011,1
2026-07-18 15:13:35.5,1PDF,SLPSL0001,PULV LOW SEAL AIR HDR DIFF PRESS,,LOABS,PULV LOW SEAL AIR HDR DIFF PRESS,RTN,1,4.00107,4,INH2O,!WP1001!WP1002!WP1003!WP1006!WP1007!WP1014!hist14!CP1004,1
2026-07-18 15:13:37.5,1PDF,SLPSL0001,PULV LOW SEAL AIR HDR DIFF PRESS,,LOABS,PULV LOW SEAL AIR HDR DIFF PRESS,ALM,1,3.97646,4,INH2O,!WP1001!WP1002!WP1003!WP1006!WP1007!WP1014!hist14!CP1004,1
2026-07-18 15:13:38.5,1PDF,SLPSL0001,PULV LOW SEAL AIR HDR DIFF PRESS,,LOABS,PULV LOW SEAL AIR HDR DIFF PRESS,RTN,1,4.06289,4,INH2O,!WP1001!WP1002!WP1003!WP1006!WP1007!WP1014!hist14!CP1004,1
2026-07-18 15:14:44.1,1BCS_7,IKTE3741,REHEAT TEMP LEFT (REDUNDANT),,HIABS,HIGH,ALM,1,1012.19,1012.18,DEG.F,!WP1002!WP1006!WP1007!WP1001!WP1003!WP1014!hist14!CP1007,1
2026-07-18 15:14:45.1,1BCS_7,IKTE3441,REHEAT TEMP LEFT (NORM),,HIABS,HIGH,ALM,1,1012.22,1012.18,DEG.F,!WP1002!WP1006!WP1007!WP1001!WP1003!WP1014!hist14!CP1007,1
2026-07-18 15:14:48.0,1BFA_GSM_ALM,BFA_ALM4,MARK VIE A BFPT ALARM,,STA_5,LO CLR DISCHG TEMP HIGH,ALM,5,0,0,,!WP1001!WP1002!WP1003!WP1006!WP1007!WP1014!hist14!CP1011,1
2026-07-18 15:14:50.0,1BFA_GSM_ALM,BFA_ALM4,MARK VIE A BFPT ALARM,,STA_5,LO CLR DISCHG TEMP OK,RTN,5,0,0,,!WP1001!WP1002!WP1003!WP1006!WP1007!WP1014!hist14!CP1011,1
2026-07-18 15:15:01.5,1PDF,SLPSL0001,PULV LOW SEAL AIR HDR DIFF PRESS,,LOABS,PULV LOW SEAL AIR HDR DIFF PRESS,ALM,1,3.90205,4,INH2O,!WP1001!WP1002!WP1003!WP1006!WP1007!WP1014!hist14!CP1004,1
2026-07-18 15:15:28.7,1FG_A,ZSH5601A,BF A BLADE PITCH,,HIABS,BLADE PITCH ALARM,ALM,3,70.0469,70,%,!WP1001!WP1002!WP1003!WP1006!WP1007!WP1014!hist14!CP1015,1
2026-07-18 15:15:30.2,1FG_B,ZSH5701A,BF B BLADE PITCH,,HIABS,BLADE PITCH ALARM,ALM,3,70.1602,70,%,!WP1001!WP1002!WP1003!WP1006!WP1007!WP1014!hist14!CP1015,1
2026-07-18 15:15:41.7,1FG_B,ZSH5701A,BF B BLADE PITCH,,HIABS,BLADE PITCH ALARM,RTN,3,69.8594,70,%,!WP1001!WP1002!WP1003!WP1006!WP1007!WP1014!hist14!CP1015,1
2026-07-18 15:15:46.2,1FG_A,ZSH5601A,BF A BLADE PITCH,,HIABS,BLADE PITCH ALARM,RTN,3,69.791,70,%,!WP1001!WP1002!WP1003!WP1006!WP1007!WP1014!hist14!CP1015,1
2026-07-18 15:15:47.2,1SEAL_AIR,PDI5735_ALM,BF B OUT DMPR SEAL CAV D/P LOW,,STATE,DP ALARM ACTIVE,ALM,3,,,,!WP1001!WP1002!WP1003!WP1006!WP1007!WP1014!hist14!CP1015,1
2026-07-18 15:16:18.0,1BFA_GSM_ALM,BFA_ALM4,MARK VIE A BFPT ALARM,,STA_5,LO CLR DISCHG TEMP HIGH,ALM,5,0,0,,!WP1001!WP1002!WP1003!WP1006!WP1007!WP1014!hist14!CP1011,1
2026-07-18 15:16:22.0,1BFA_GSM_ALM,BFA_ALM4,MARK VIE A BFPT ALARM,,STA_5,LO CLR DISCHG TEMP OK,RTN,5,0,0,,!WP1001!WP1002!WP1003!WP1006!WP1007!WP1014!hist14!CP1011,1
2026-07-18 15:16:24.0,1BFA_GSM_ALM,BFA_ALM4,MARK VIE A BFPT ALARM,,STA_5,LO CLR DISCHG TEMP HIGH,ALM,5,0,0,,!WP1001!WP1002!WP1003!WP1006!WP1007!WP1014!hist14!CP1011,1
2026-07-18 15:16:26.0,1BFA_GSM_ALM,BFA_ALM4,MARK VIE A BFPT ALARM,,STA_5,LO CLR DISCHG TEMP OK,RTN,5,0,0,,!WP1001!WP1002!WP1003!WP1006!WP1007!WP1014!hist14!CP1011,1
2026-07-18 15:16:29.1,1BCS_7,IKTE3441,REHEAT TEMP LEFT (NORM),,HIABS,HIGH,RTN,1,1007.12,1012.18,DEG.F,!WP1002!WP1006!WP1007!WP1001!WP1003!WP1014!hist14!CP1007,1
2026-07-18 15:16:31.6,1BCS_7,IKTE3741,REHEAT TEMP LEFT (REDUNDANT),,HIABS,HIGH,RTN,1,1007.11,1012.18,DEG.F,!WP1002!WP1006!WP1007!WP1001!WP1003!WP1014!hist14!CP1007,1
2026-07-18 15:16:42.4,1BFA_GSM_ALM,BFA_ALM4,MARK VIE A BFPT ALARM,,STA_5,LO CLR DISCHG TEMP HIGH,ALM,5,0,0,,!WP1001!WP1002!WP1003!WP1006!WP1007!WP1014!hist14!CP1011,1
2026-07-18 15:16:44.0,1BFA_GSM_ALM,BFA_ALM4,MARK VIE A BFPT ALARM,,STA_5,LO CLR DISCHG TEMP OK,RTN,5,0,0,,!WP1001!WP1002!WP1003!WP1006!WP1007!WP1014!hist14!CP1011,1
2026-07-18 15:17:02.0,1BFA_GSM_ALM,BFA_ALM4,MARK VIE A BFPT ALARM,,STA_5,LO CLR DISCHG TEMP HIGH,ALM,5,0,0,,!WP1001!WP1002!WP1003!WP1006!WP1007!WP1014!hist14!CP1011,1
2026-07-18 15:17:06.4,1BFA_GSM_ALM,BFA_ALM4,MARK VIE A BFPT ALARM,,STA_5,LO CLR DISCHG TEMP OK,RTN,5,0,0,,!WP1001!WP1002!WP1003!WP1006!WP1007!WP1014!hist14!CP1011,1
2026-07-18 15:17:14.0,1BFA_GSM_ALM,BFA_ALM4,MARK VIE A BFPT ALARM,,STA_5,LO CLR DISCHG TEMP HIGH,ALM,5,0,0,,!WP1001!WP1002!WP1003!WP1006!WP1007!WP1014!hist14!CP1011,1
2026-07-18 15:17:16.0,1BFA_GSM_ALM,BFA_ALM4,MARK VIE A BFPT ALARM,,STA_5,LO CLR DISCHG TEMP OK,RTN,5,0,0,,!WP1001!WP1002!WP1003!WP1006!WP1007!WP1014!hist14!CP1011,1
2026-07-18 15:17:21.5,1PDF,SLPSL0001,PULV LOW SEAL AIR HDR DIFF PRESS,,LOABS,PULV LOW SEAL AIR HDR DIFF PRESS,RTN,1,4.03418,4,INH2O,!WP1001!WP1002!WP1003!WP1006!WP1007!WP1014!hist14!CP1004,1
2026-07-18 15:17:35.8,1AB_ECON_SEQ,ECON_HOP_T8,ECON HOPPER SEQ XV5122 TIMER,,PTARG,TIMEOUT,ALM,3,241,240,SEC,!WP1002!WP1011!WP1001!hist14!CP1020,1
2026-07-18 15:17:36.8,1AB_ECON_SEQ,ECON_HOP_T8,ECON HOPPER SEQ XV5122 TIMER,,PTARG,TIMEOUT,RTN,3,0,240,SEC,!WP1002!WP1011!WP1001!hist14!CP1020,1
2026-07-18 15:17:44.0,1BFA_GSM_ALM,BFA_ALM4,MARK VIE A BFPT ALARM,,STA_5,LO CLR DISCHG TEMP HIGH,ALM,5,0,0,,!WP1001!WP1002!WP1003!WP1006!WP1007!WP1014!hist14!CP1011,1
2026-07-18 15:17:46.0,1BFA_GSM_ALM,BFA_ALM4,MARK VIE A BFPT ALARM,,STA_5,LO CLR DISCHG TEMP OK,RTN,5,0,0,,!WP1001!WP1002!WP1003!WP1006!WP1007!WP1014!hist14!CP1011,1
2026-07-18 15:17:48.0,1BFA_GSM_ALM,BFA_ALM4,MARK VIE A BFPT ALARM,,STA_5,LO CLR DISCHG TEMP HIGH,ALM,5,0,0,,!WP1001!WP1002!WP1003!WP1006!WP1007!WP1014!hist14!CP1011,1
2026-07-18 15:17:50.0,1BFA_GSM_ALM,BFA_ALM4,MARK VIE A BFPT ALARM,,STA_5,LO CLR DISCHG TEMP OK,RTN,5,0,0,,!WP1001!WP1002!WP1003!WP1006!WP1007!WP1014!hist14!CP1011,1
2026-07-18 15:18:10.0,1BFA_GSM_ALM,BFA_ALM4,MARK VIE A BFPT ALARM,,STA_5,LO CLR DISCHG TEMP HIGH,ALM,5,0,0,,!WP1001!WP1002!WP1003!WP1006!WP1007!WP1014!hist14!CP1011,1
2026-07-18 15:18:12.0,1BFA_GSM_ALM,BFA_ALM4,MARK VIE A BFPT ALARM,,STA_5,LO CLR DISCHG TEMP OK,RTN,5,0,0,,!WP1001!WP1002!WP1003!WP1006!WP1007!WP1014!hist14!CP1011,1
2026-07-18 15:18:33.2,1FG_A,ZSH5601A,BF A BLADE PITCH,,HIABS,BLADE PITCH ALARM,ALM,3,70.0156,70,%,!WP1001!WP1002!WP1003!WP1006!WP1007!WP1014!hist14!CP1015,1
2026-07-18 15:18:36.7,1FG_B,ZSH5701A,BF B BLADE PITCH,,HIABS,BLADE PITCH ALARM,ALM,3,70.123,70,%,!WP1001!WP1002!WP1003!WP1006!WP1007!WP1014!hist14!CP1015,1
2026-07-18 15:18:46.4,1BFA_GSM_ALM,BFA_ALM4,MARK VIE A BFPT ALARM,,STA_5,LO CLR DISCHG TEMP HIGH,ALM,5,0,0,,!WP1001!WP1002!WP1003!WP1006!WP1007!WP1014!hist14!CP1011,1
2026-07-18 15:18:48.4,1BFA_GSM_ALM,BFA_ALM4,MARK VIE A BFPT ALARM,,STA_5,LO CLR DISCHG TEMP OK,RTN,5,0,0,,!WP1001!WP1002!WP1003!WP1006!WP1007!WP1014!hist14!CP1011,1
2026-07-18 15:18:54.0,1BFA_GSM_ALM,BFA_ALM4,MARK VIE A BFPT ALARM,,STA_5,LO CLR DISCHG TEMP HIGH,ALM,5,0,0,,!WP1001!WP1002!WP1003!WP1006!WP1007!WP1014!hist14!CP1011,1
2026-07-18 15:18:56.0,1BFA_GSM_ALM,BFA_ALM4,MARK VIE A BFPT ALARM,,STA_5,LO CLR DISCHG TEMP OK,RTN,5,0,0,,!WP1001!WP1002!WP1003!WP1006!WP1007!WP1014!hist14!CP1011,1
2026-07-18 15:19:02.0,1BFA_GSM_ALM,BFA_ALM4,MARK VIE A BFPT ALARM,,STA_5,LO CLR DISCHG TEMP HIGH,ALM,5,0,0,,!WP1001!WP1002!WP1003!WP1006!WP1007!WP1014!hist14!CP1011,1
2026-07-18 15:19:04.0,1BFA_GSM_ALM,BFA_ALM4,MARK VIE A BFPT ALARM,,STA_5,LO CLR DISCHG TEMP OK,RTN,5,0,0,,!WP1001!WP1002!WP1003!WP1006!WP1007!WP1014!hist14!CP1011,1
2026-07-18 15:19:12.4,1BFA_GSM_ALM,BFA_ALM4,MARK VIE A BFPT ALARM,,STA_5,LO CLR DISCHG TEMP HIGH,ALM,5,0,0,,!WP1001!WP1002!WP1003!WP1006!WP1007!WP1014!hist14!CP1011,1
2026-07-18 15:19:14.4,1BFA_GSM_ALM,BFA_ALM4,MARK VIE A BFPT ALARM,,STA_5,LO CLR DISCHG TEMP OK,RTN,5,0,0,,!WP1001!WP1002!WP1003!WP1006!WP1007!WP1014!hist14!CP1011,1
2026-07-18 15:19:15.5,1PDF,SLPSL0001,PULV LOW SEAL AIR HDR DIFF PRESS,,LOABS,PULV LOW SEAL AIR HDR DIFF PRESS,ALM,1,3.91289,4,INH2O,!WP1001!WP1002!WP1003!WP1006!WP1007!WP1014!hist14!CP1004,1
2026-07-18 15:19:16.5,1PDF,SLPSL0001,PULV LOW SEAL AIR HDR DIFF PRESS,,LOABS,PULV LOW SEAL AIR HDR DIFF PRESS,RTN,1,4.06113,4,INH2O,!WP1001!WP1002!WP1003!WP1006!WP1007!WP1014!hist14!CP1004,1
2026-07-18 15:19:16.0,1BFA_GSM_ALM,BFA_ALM4,MARK VIE A BFPT ALARM,,STA_5,LO CLR DISCHG TEMP HIGH,ALM,5,0,0,,!WP1001!WP1002!WP1003!WP1006!WP1007!WP1014!hist14!CP1011,1
2026-07-18 15:19:20.0,1BFA_GSM_ALM,BFA_ALM4,MARK VIE A BFPT ALARM,,STA_5,LO CLR DISCHG TEMP OK,RTN,5,0,0,,!WP1001!WP1002!WP1003!WP1006!WP1007!WP1014!hist14!CP1011,1
2026-07-18 15:19:21.5,1PDF,SLPSL0001,PULV LOW SEAL AIR HDR DIFF PRESS,,LOABS,PULV LOW SEAL AIR HDR DIFF PRESS,ALM,1,3.93135,4,INH2O,!WP1001!WP1002!WP1003!WP1006!WP1007!WP1014!hist14!CP1004,1
2026-07-18 15:19:22.0,1BFA_GSM_ALM,BFA_ALM4,MARK VIE A BFPT ALARM,,STA_5,LO CLR DISCHG TEMP HIGH,ALM,5,0,0,,!WP1001!WP1002!WP1003!WP1006!WP1007!WP1014!hist14!CP1011,1
2026-07-18 15:19:26.0,1BFA_GSM_ALM,BFA_ALM4,MARK VIE A BFPT ALARM,,STA_5,LO CLR DISCHG TEMP OK,RTN,5,0,0,,!WP1001!WP1002!WP1003!WP1006!WP1007!WP1014!hist14!CP1011,1
2026-07-18 15:19:48.0,1BFA_GSM_ALM,BFA_ALM4,MARK VIE A BFPT ALARM,,STA_5,LO CLR DISCHG TEMP HIGH,ALM,5,0,0,,!WP1001!WP1002!WP1003!WP1006!WP1007!WP1014!hist14!CP1011,1
2026-07-18 15:19:50.0,1BFA_GSM_ALM,BFA_ALM4,MARK VIE A BFPT ALARM,,STA_5,LO CLR DISCHG TEMP OK,RTN,5,0,0,,!WP1001!WP1002!WP1003!WP1006!WP1007!WP1014!hist14!CP1011,1
2026-07-18 15:19:54.0,1BFA_GSM_ALM,BFA_ALM4,MARK VIE A BFPT ALARM,,STA_5,LO CLR DISCHG TEMP HIGH,ALM,5,0,0,,!WP1001!WP1002!WP1003!WP1006!WP1007!WP1014!hist14!CP1011,1
2026-07-18 15:19:55.7,1FG_B,ZSH5701A,BF B BLADE PITCH,,HIABS,BLADE PITCH ALARM,RTN,3,69.832,70,%,!WP1001!WP1002!WP1003!WP1006!WP1007!WP1014!hist14!CP1015,1
2026-07-18 15:19:57.2,1FG_A,ZSH5601A,BF A BLADE PITCH,,HIABS,BLADE PITCH ALARM,RTN,3,69.7422,70,%,!WP1001!WP1002!WP1003!WP1006!WP1007!WP1014!hist14!CP1015,1
2026-07-18 15:20:00.0,1BFA_GSM_ALM,BFA_ALM4,MARK VIE A BFPT ALARM,,STA_5,LO CLR DISCHG TEMP OK,RTN,5,0,0,,!WP1001!WP1002!WP1003!WP1006!WP1007!WP1014!hist14!CP1011,1
2026-07-18 15:20:04.4,1BFA_GSM_ALM,BFA_ALM4,MARK VIE A BFPT ALARM,,STA_5,LO CLR DISCHG TEMP HIGH,ALM,5,0,0,,!WP1001!WP1002!WP1003!WP1006!WP1007!WP1014!hist14!CP1011,1
2026-07-18 15:20:06.4,1BFA_GSM_ALM,BFA_ALM4,MARK VIE A BFPT ALARM,,STA_5,LO CLR DISCHG TEMP OK,RTN,5,0,0,,!WP1001!WP1002!WP1003!WP1006!WP1007!WP1014!hist14!CP1011,1
2026-07-18 15:20:15.1,1BCS_7,IKTE3741,REHEAT TEMP LEFT (REDUNDANT),,HIABS,HIGH,ALM,1,1012.3,1012.18,DEG.F,!WP1002!WP1006!WP1007!WP1001!WP1003!WP1014!hist14!CP1007,1
2026-07-18 15:20:16.6,1BCS_7,IKTE3441,REHEAT TEMP LEFT (NORM),,HIABS,HIGH,ALM,1,1012.21,1012.18,DEG.F,!WP1002!WP1006!WP1007!WP1001!WP1003!WP1014!hist14!CP1007,1
2026-07-18 15:20:30.5,1FUEL_SFTY,FPTX_ALM,DRAFT TRANSMITTER DEVIATION,,STATE,FURN DRAFT PRESS XMTR DEVIATION,ALM,5,,,,!WP1001!WP1002!WP1003!WP1006!WP1007!WP1014!hist14!CP1004,1
2026-07-18 15:20:38.5,1FUEL_SFTY,FPTX_ALM,DRAFT TRANSMITTER DEVIATION,,STATE,NO DEVIATION,RTN,5,,,,!WP1001!WP1002!WP1003!WP1006!WP1007!WP1014!hist14!CP1004,1
2026-07-18 15:20:38.0,1BFA_GSM_ALM,BFA_ALM4,MARK VIE A BFPT ALARM,,STA_5,LO CLR DISCHG TEMP HIGH,ALM,5,0,0,,!WP1001!WP1002!WP1003!WP1006!WP1007!WP1014!hist14!CP1011,1
2026-07-18 15:20:40.0,1BFA_GSM_ALM,BFA_ALM4,MARK VIE A BFPT ALARM,,STA_5,LO CLR DISCHG TEMP OK,RTN,5,0,0,,!WP1001!WP1002!WP1003!WP1006!WP1007!WP1014!hist14!CP1011,1
2026-07-18 15:20:44.0,1BFA_GSM_ALM,BFA_ALM4,MARK VIE A BFPT ALARM,,STA_5,LO CLR DISCHG TEMP HIGH,ALM,5,0,0,,!WP1001!WP1002!WP1003!WP1006!WP1007!WP1014!hist14!CP1011,1
2026-07-18 15:20:46.0,1BFA_GSM_ALM,BFA_ALM4,MARK VIE A BFPT ALARM,,STA_5,LO CLR DISCHG TEMP OK,RTN,5,0,0,,!WP1001!WP1002!WP1003!WP1006!WP1007!WP1014!hist14!CP1011,1
2026-07-18 15:20:54.0,1BFA_GSM_ALM,BFA_ALM4,MARK VIE A BFPT ALARM,,STA_5,LO CLR DISCHG TEMP HIGH,ALM,5,0,0,,!WP1001!WP1002!WP1003!WP1006!WP1007!WP1014!hist14!CP1011,1
2026-07-18 15:20:58.4,1BFA_GSM_ALM,BFA_ALM4,MARK VIE A BFPT ALARM,,STA_5,LO CLR DISCHG TEMP OK,RTN,5,0,0,,!WP1001!WP1002!WP1003!WP1006!WP1007!WP1014!hist14!CP1011,1
2026-07-18 15:21:04.0,1BFA_GSM_ALM,BFA_ALM4,MARK VIE A BFPT ALARM,,STA_5,LO CLR DISCHG TEMP HIGH,ALM,5,0,0,,!WP1001!WP1002!WP1003!WP1006!WP1007!WP1014!hist14!CP1011,1
2026-07-18 15:21:06.0,1BFA_GSM_ALM,BFA_ALM4,MARK VIE A BFPT ALARM,,STA_5,LO CLR DISCHG TEMP OK,RTN,5,0,0,,!WP1001!WP1002!WP1003!WP1006!WP1007!WP1014!hist14!CP1011,1
2026-07-18 15:21:10.6,1BCS_7,IKTE3441,REHEAT TEMP LEFT (NORM),,HIABS,HIGH,RTN,1,1007.15,1012.18,DEG.F,!WP1002!WP1006!WP1007!WP1001!WP1003!WP1014!hist14!CP1007,1
2026-07-18 15:21:13.6,1BCS_7,IKTE3741,REHEAT TEMP LEFT (REDUNDANT),,HIABS,HIGH,RTN,1,1007.09,1012.18,DEG.F,!WP1002!WP1006!WP1007!WP1001!WP1003!WP1014!hist14!CP1007,1
2026-07-18 15:21:14.0,1BFA_GSM_ALM,BFA_ALM4,MARK VIE A BFPT ALARM,,STA_5,LO CLR DISCHG TEMP HIGH,ALM,5,0,0,,!WP1001!WP1002!WP1003!WP1006!WP1007!WP1014!hist14!CP1011,1
2026-07-18 15:21:18.0,1BFA_GSM_ALM,BFA_ALM4,MARK VIE A BFPT ALARM,,STA_5,LO CLR DISCHG TEMP OK,RTN,5,0,0,,!WP1001!WP1002!WP1003!WP1006!WP1007!WP1014!hist14!CP1011,1
2026-07-18 15:21:22.5,1PDF,SLPSL0001,PULV LOW SEAL AIR HDR DIFF PRESS,,LOABS,PULV LOW SEAL AIR HDR DIFF PRESS,RTN,1,4.06729,4,INH2O,!WP1001!WP1002!WP1003!WP1006!WP1007!WP1014!hist14!CP1004,1
2026-07-18 15:21:23.5,1PDF,SLPSL0001,PULV LOW SEAL AIR HDR DIFF PRESS,,LOABS,PULV LOW SEAL AIR HDR DIFF PRESS,ALM,1,3.9082,4,INH2O,!WP1001!WP1002!WP1003!WP1006!WP1007!WP1014!hist14!CP1004,1
2026-07-18 15:21:24.5,1PDF,SLPSL0001,PULV LOW SEAL AIR HDR DIFF PRESS,,LOABS,PULV LOW SEAL AIR HDR DIFF PRESS,RTN,1,4.06729,4,INH2O,!WP1001!WP1002!WP1003!WP1006!WP1007!WP1014!hist14!CP1004,1
2026-07-18 15:21:26.0,1BFA_GSM_ALM,BFA_ALM4,MARK VIE A BFPT ALARM,,STA_5,LO CLR DISCHG TEMP HIGH,ALM,5,0,0,,!WP1001!WP1002!WP1003!WP1006!WP1007!WP1014!hist14!CP1011,1
2026-07-18 15:21:32.0,1BFA_GSM_ALM,BFA_ALM4,MARK VIE A BFPT ALARM,,STA_5,LO CLR DISCHG TEMP OK,RTN,5,0,0,,!WP1001!WP1002!WP1003!WP1006!WP1007!WP1014!hist14!CP1011,1
2026-07-18 15:21:32.3,1GS_A,BLEED_FAIL,BLEED SYSTEM A FAILURE,,STATE,BLEED SYSTEM A NORMAL,RTN,3,,,,!WP1001!WP1002!WP1003!WP1006!WP1007!WP1014!hist14!CP1017,1
2026-07-18 15:21:36.0,1BFA_GSM_ALM,BFA_ALM4,MARK VIE A BFPT ALARM,,STA_5,LO CLR DISCHG TEMP HIGH,ALM,5,0,0,,!WP1001!WP1002!WP1003!WP1006!WP1007!WP1014!hist14!CP1011,1
2026-07-18 15:21:38.0,1BFA_GSM_ALM,BFA_ALM4,MARK VIE A BFPT ALARM,,STA_5,LO CLR DISCHG TEMP OK,RTN,5,0,0,,!WP1001!WP1002!WP1003!WP1006!WP1007!WP1014!hist14!CP1011,1
2026-07-18 15:21:40.0,1BFA_GSM_ALM,BFA_ALM4,MARK VIE A BFPT ALARM,,STA_5,LO CLR DISCHG TEMP HIGH,ALM,5,0,0,,!WP1001!WP1002!WP1003!WP1006!WP1007!WP1014!hist14!CP1011,1
2026-07-18 15:21:42.0,1BFA_GSM_ALM,BFA_ALM4,MARK VIE A BFPT ALARM,,STA_5,LO CLR DISCHG TEMP OK,RTN,5,0,0,,!WP1001!WP1002!WP1003!WP1006!WP1007!WP1014!hist14!CP1011,1
2026-07-18 15:21:42.0,1DAS6,ISTE4911,BFPT A OIL CLR    DSCH TMP,1295,HIABS,HIGH,ALM,3,130.003,130,DEG.F,!WP1002!WP1006!WP1007!WP1001!WP1003!WP1014!hist14!CP1006,1
2026-07-18 15:21:44.0,1BFA_GSM_ALM,BFA_ALM4,MARK VIE A BFPT ALARM,,STA_5,LO CLR DISCHG TEMP HIGH,ALM,5,0,0,,!WP1001!WP1002!WP1003!WP1006!WP1007!WP1014!hist14!CP1011,1
2026-07-18 15:21:48.4,1BFA_GSM_ALM,BFA_ALM4,MARK VIE A BFPT ALARM,,STA_5,LO CLR DISCHG TEMP OK,RTN,5,0,0,,!WP1001!WP1002!WP1003!WP1006!WP1007!WP1014!hist14!CP1011,1
2026-07-18 15:21:50.4,1BFA_GSM_ALM,BFA_ALM4,MARK VIE A BFPT ALARM,,STA_5,LO CLR DISCHG TEMP HIGH,ALM,5,0,0,,!WP1001!WP1002!WP1003!WP1006!WP1007!WP1014!hist14!CP1011,1
2026-07-18 15:21:52.0,1BFA_GSM_ALM,BFA_ALM4,MARK VIE A BFPT ALARM,,STA_5,LO CLR DISCHG TEMP OK,RTN,5,0,0,,!WP1001!WP1002!WP1003!WP1006!WP1007!WP1014!hist14!CP1011,1
2026-07-18 15:21:56.0,1BFA_GSM_ALM,BFA_ALM4,MARK VIE A BFPT ALARM,,STA_5,LO CLR DISCHG TEMP HIGH,ALM,5,0,0,,!WP1001!WP1002!WP1003!WP1006!WP1007!WP1014!hist14!CP1011,1
2026-07-18 15:22:04.2,1FG_A,ZSH5601A,BF A BLADE PITCH,,HIABS,BLADE PITCH ALARM,ALM,3,70.0645,70,%,!WP1001!WP1002!WP1003!WP1006!WP1007!WP1014!hist14!CP1015,1
2026-07-18 15:22:06.0,1BFA_GSM_ALM,BFA_ALM4,MARK VIE A BFPT ALARM,,STA_5,LO CLR DISCHG TEMP OK,RTN,5,0,0,,!WP1001!WP1002!WP1003!WP1006!WP1007!WP1014!hist14!CP1011,1
2026-07-18 15:22:06.2,1FG_B,ZSH5701A,BF B BLADE PITCH,,HIABS,BLADE PITCH ALARM,ALM,3,70.1836,70,%,!WP1001!WP1002!WP1003!WP1006!WP1007!WP1014!hist14!CP1015,1
2026-07-18 15:22:10.0,1BFA_GSM_ALM,BFA_ALM4,MARK VIE A BFPT ALARM,,STA_5,LO CLR DISCHG TEMP HIGH,ALM,5,0,0,,!WP1001!WP1002!WP1003!WP1006!WP1007!WP1014!hist14!CP1011,1
2026-07-18 15:22:14.4,1BFA_GSM_ALM,BFA_ALM4,MARK VIE A BFPT ALARM,,STA_5,LO CLR DISCHG TEMP OK,RTN,5,0,0,,!WP1001!WP1002!WP1003!WP1006!WP1007!WP1014!hist14!CP1011,1
2026-07-18 15:22:18.0,1BFA_GSM_ALM,BFA_ALM4,MARK VIE A BFPT ALARM,,STA_5,LO CLR DISCHG TEMP HIGH,ALM,5,0,0,,!WP1001!WP1002!WP1003!WP1006!WP1007!WP1014!hist14!CP1011,1
2026-07-18 15:22:20.0,1BFA_GSM_ALM,BFA_ALM4,MARK VIE A BFPT ALARM,,STA_5,LO CLR DISCHG TEMP OK,RTN,5,0,0,,!WP1001!WP1002!WP1003!WP1006!WP1007!WP1014!hist14!CP1011,1
2026-07-18 15:22:22.0,1BFA_GSM_ALM,BFA_ALM4,MARK VIE A BFPT ALARM,,STA_5,LO CLR DISCHG TEMP HIGH,ALM,5,0,0,,!WP1001!WP1002!WP1003!WP1006!WP1007!WP1014!hist14!CP1011,1
2026-07-18 15:22:30.0,1BFA_GSM_ALM,BFA_ALM4,MARK VIE A BFPT ALARM,,STA_5,LO CLR DISCHG TEMP OK,RTN,5,0,0,,!WP1001!WP1002!WP1003!WP1006!WP1007!WP1014!hist14!CP1011,1
2026-07-18 15:22:32.0,1BFA_GSM_ALM,BFA_ALM4,MARK VIE A BFPT ALARM,,STA_5,LO CLR DISCHG TEMP HIGH,ALM,5,0,0,,!WP1001!WP1002!WP1003!WP1006!WP1007!WP1014!hist14!CP1011,1
2026-07-18 15:22:34.0,1BFA_GSM_ALM,BFA_ALM4,MARK VIE A BFPT ALARM,,STA_5,LO CLR DISCHG TEMP OK,RTN,5,0,0,,!WP1001!WP1002!WP1003!WP1006!WP1007!WP1014!hist14!CP1011,1
2026-07-18 15:22:38.4,1BFA_GSM_ALM,BFA_ALM4,MARK VIE A BFPT ALARM,,STA_5,LO CLR DISCHG TEMP HIGH,ALM,5,0,0,,!WP1001!WP1002!WP1003!WP1006!WP1007!WP1014!hist14!CP1011,1
2026-07-18 15:22:40.8,1AB_ECON_SEQ,ECON_HOP_T9,ECON HOPPER SEQ XV5123 TIMER,,PTARG,TIMEOUT,ALM,3,241.01,240,SEC,!WP1002!WP1011!WP1001!hist14!CP1020,1
2026-07-18 15:22:41.8,1AB_ECON_SEQ,ECON_HOP_T9,ECON HOPPER SEQ XV5123 TIMER,,PTARG,TIMEOUT,RTN,3,0,240,SEC,!WP1002!WP1011!WP1001!hist14!CP1020,1
2026-07-18 15:22:42.4,1BFA_GSM_ALM,BFA_ALM4,MARK VIE A BFPT ALARM,,STA_5,LO CLR DISCHG TEMP OK,RTN,5,0,0,,!WP1001!WP1002!WP1003!WP1006!WP1007!WP1014!hist14!CP1011,1
2026-07-18 15:22:58.0,1BFA_GSM_ALM,BFA_ALM4,MARK VIE A BFPT ALARM,,STA_5,LO CLR DISCHG TEMP HIGH,ALM,5,0,0,,!WP1001!WP1002!WP1003!WP1006!WP1007!WP1014!hist14!CP1011,1
2026-07-18 15:23:00.0,1BFA_GSM_ALM,BFA_ALM4,MARK VIE A BFPT ALARM,,STA_5,LO CLR DISCHG TEMP OK,RTN,5,0,0,,!WP1001!WP1002!WP1003!WP1006!WP1007!WP1014!hist14!CP1011,1
2026-07-18 15:23:02.0,1BFA_GSM_ALM,BFA_ALM4,MARK VIE A BFPT ALARM,,STA_5,LO CLR DISCHG TEMP HIGH,ALM,5,0,0,,!WP1001!WP1002!WP1003!WP1006!WP1007!WP1014!hist14!CP1011,1
2026-07-18 15:23:06.4,1BFA_GSM_ALM,BFA_ALM4,MARK VIE A BFPT ALARM,,STA_5,LO CLR DISCHG TEMP OK,RTN,5,0,0,,!WP1001!WP1002!WP1003!WP1006!WP1007!WP1014!hist14!CP1011,1
2026-07-18 15:23:16.0,1BFA_GSM_ALM,BFA_ALM4,MARK VIE A BFPT ALARM,,STA_5,LO CLR DISCHG TEMP HIGH,ALM,5,0,0,,!WP1001!WP1002!WP1003!WP1006!WP1007!WP1014!hist14!CP1011,1
2026-07-18 15:23:18.0,1BFA_GSM_ALM,BFA_ALM4,MARK VIE A BFPT ALARM,,STA_5,LO CLR DISCHG TEMP OK,RTN,5,0,0,,!WP1001!WP1002!WP1003!WP1006!WP1007!WP1014!hist14!CP1011,1
2026-07-18 15:23:22.0,1BFA_GSM_ALM,BFA_ALM4,MARK VIE A BFPT ALARM,,STA_5,LO CLR DISCHG TEMP HIGH,ALM,5,0,0,,!WP1001!WP1002!WP1003!WP1006!WP1007!WP1014!hist14!CP1011,1
2026-07-18 15:23:24.0,1BFA_GSM_ALM,BFA_ALM4,MARK VIE A BFPT ALARM,,STA_5,LO CLR DISCHG TEMP OK,RTN,5,0,0,,!WP1001!WP1002!WP1003!WP1006!WP1007!WP1014!hist14!CP1011,1
2026-07-18 15:23:25.5,1PDF,SLPSL0001,PULV LOW SEAL AIR HDR DIFF PRESS,,LOABS,PULV LOW SEAL AIR HDR DIFF PRESS,ALM,1,3.98291,4,INH2O,!WP1001!WP1002!WP1003!WP1006!WP1007!WP1014!hist14!CP1004,1
2026-07-18 15:23:28.0,1BFA_GSM_ALM,BFA_ALM4,MARK VIE A BFPT ALARM,,STA_5,LO CLR DISCHG TEMP HIGH,ALM,5,0,0,,!WP1001!WP1002!WP1003!WP1006!WP1007!WP1014!hist14!CP1011,1
2026-07-18 15:23:30.4,1BFA_GSM_ALM,BFA_ALM4,MARK VIE A BFPT ALARM,,STA_5,LO CLR DISCHG TEMP OK,RTN,5,0,0,,!WP1001!WP1002!WP1003!WP1006!WP1007!WP1014!hist14!CP1011,1
2026-07-18 15:23:36.0,1BFA_GSM_ALM,BFA_ALM4,MARK VIE A BFPT ALARM,,STA_5,LO CLR DISCHG TEMP HIGH,ALM,5,0,0,,!WP1001!WP1002!WP1003!WP1006!WP1007!WP1014!hist14!CP1011,1
2026-07-18 15:23:38.0,1BFA_GSM_ALM,BFA_ALM4,MARK VIE A BFPT ALARM,,STA_5,LO CLR DISCHG TEMP OK,RTN,5,0,0,,!WP1001!WP1002!WP1003!WP1006!WP1007!WP1014!hist14!CP1011,1
2026-07-18 15:23:40.0,1BFA_GSM_ALM,BFA_ALM4,MARK VIE A BFPT ALARM,,STA_5,LO CLR DISCHG TEMP HIGH,ALM,5,0,0,,!WP1001!WP1002!WP1003!WP1006!WP1007!WP1014!hist14!CP1011,1
2026-07-18 15:23:42.0,1BFA_GSM_ALM,BFA_ALM4,MARK VIE A BFPT ALARM,,STA_5,LO CLR DISCHG TEMP OK,RTN,5,0,0,,!WP1001!WP1002!WP1003!WP1006!WP1007!WP1014!hist14!CP1011,1
2026-07-18 15:23:50.0,1BFA_GSM_ALM,BFA_ALM4,MARK VIE A BFPT ALARM,,STA_5,LO CLR DISCHG TEMP HIGH,ALM,5,0,0,,!WP1001!WP1002!WP1003!WP1006!WP1007!WP1014!hist14!CP1011,1
2026-07-18 15:23:56.4,1BFA_GSM_ALM,BFA_ALM4,MARK VIE A BFPT ALARM,,STA_5,LO CLR DISCHG TEMP OK,RTN,5,0,0,,!WP1001!WP1002!WP1003!WP1006!WP1007!WP1014!hist14!CP1011,1
2026-07-18 15:24:01.2,1SCR_B_PRESS,FGPDI5228B,SCR B CAT LAYER 4 DP,1SR114 PNT 4,HHABS,HI HI DP,RTN,1,1.19964,1.7,INH2O,!WP1001!WP1002!WP1003!WP1006!WP1007!WP1014!hist14!CP1016,1
2026-07-18 15:24:10.0,1BFA_GSM_ALM,BFA_ALM4,MARK VIE A BFPT ALARM,,STA_5,LO CLR DISCHG TEMP HIGH,ALM,5,0,0,,!WP1001!WP1002!WP1003!WP1006!WP1007!WP1014!hist14!CP1011,1
2026-07-18 15:24:16.0,1BFA_GSM_ALM,BFA_ALM4,MARK VIE A BFPT ALARM,,STA_5,LO CLR DISCHG TEMP OK,RTN,5,0,0,,!WP1001!WP1002!WP1003!WP1006!WP1007!WP1014!hist14!CP1011,1
2026-07-18 15:24:20.0,1BFA_GSM_ALM,BFA_ALM4,MARK VIE A BFPT ALARM,,STA_5,LO CLR DISCHG TEMP HIGH,ALM,5,0,0,,!WP1001!WP1002!WP1003!WP1006!WP1007!WP1014!hist14!CP1011,1
2026-07-18 15:24:22.4,1BFA_GSM_ALM,BFA_ALM4,MARK VIE A BFPT ALARM,,STA_5,LO CLR DISCHG TEMP OK,RTN,5,0,0,,!WP1001!WP1002!WP1003!WP1006!WP1007!WP1014!hist14!CP1011,1
2026-07-18 15:24:38.0,1BFA_GSM_ALM,BFA_ALM4,MARK VIE A BFPT ALARM,,STA_5,LO CLR DISCHG TEMP HIGH,ALM,5,0,0,,!WP1001!WP1002!WP1003!WP1006!WP1007!WP1014!hist14!CP1011,1
2026-07-18 15:24:42.0,1BFA_GSM_ALM,BFA_ALM4,MARK VIE A BFPT ALARM,,STA_5,LO CLR DISCHG TEMP OK,RTN,5,0,0,,!WP1001!WP1002!WP1003!WP1006!WP1007!WP1014!hist14!CP1011,1
2026-07-18 15:24:44.0,1BFA_GSM_ALM,BFA_ALM4,MARK VIE A BFPT ALARM,,STA_5,LO CLR DISCHG TEMP HIGH,ALM,5,0,0,,!WP1001!WP1002!WP1003!WP1006!WP1007!WP1014!hist14!CP1011,1
2026-07-18 15:24:46.4,1BFA_GSM_ALM,BFA_ALM4,MARK VIE A BFPT ALARM,,STA_5,LO CLR DISCHG TEMP OK,RTN,5,0,0,,!WP1001!WP1002!WP1003!WP1006!WP1007!WP1014!hist14!CP1011,1
2026-07-18 15:24:50.4,1BFA_GSM_ALM,BFA_ALM4,MARK VIE A BFPT ALARM,,STA_5,LO CLR DISCHG TEMP HIGH,ALM,5,0,0,,!WP1001!WP1002!WP1003!WP1006!WP1007!WP1014!hist14!CP1011,1
2026-07-18 15:24:54.0,1BFA_GSM_ALM,BFA_ALM4,MARK VIE A BFPT ALARM,,STA_5,LO CLR DISCHG TEMP OK,RTN,5,0,0,,!WP1001!WP1002!WP1003!WP1006!WP1007!WP1014!hist14!CP1011,1
2026-07-18 15:24:56.0,1BFA_GSM_ALM,BFA_ALM4,MARK VIE A BFPT ALARM,,STA_5,LO CLR DISCHG TEMP HIGH,ALM,5,0,0,,!WP1001!WP1002!WP1003!WP1006!WP1007!WP1014!hist14!CP1011,1
2026-07-18 15:24:58.0,1BFA_GSM_ALM,BFA_ALM4,MARK VIE A BFPT ALARM,,STA_5,LO CLR DISCHG TEMP OK,RTN,5,0,0,,!WP1001!WP1002!WP1003!WP1006!WP1007!WP1014!hist14!CP1011,1
2026-07-18 15:25:00.0,1BFA_GSM_ALM,BFA_ALM4,MARK VIE A BFPT ALARM,,STA_5,LO CLR DISCHG TEMP HIGH,ALM,5,0,0,,!WP1001!WP1002!WP1003!WP1006!WP1007!WP1014!hist14!CP1011,1
2026-07-18 15:25:04.0,1BFA_GSM_ALM,BFA_ALM4,MARK VIE A BFPT ALARM,,STA_5,LO CLR DISCHG TEMP OK,RTN,5,0,0,,!WP1001!WP1002!WP1003!WP1006!WP1007!WP1014!hist14!CP1011,1
2026-07-18 15:25:08.0,1BFA_GSM_ALM,BFA_ALM4,MARK VIE A BFPT ALARM,,STA_5,LO CLR DISCHG TEMP HIGH,ALM,5,0,0,,!WP1001!WP1002!WP1003!WP1006!WP1007!WP1014!hist14!CP1011,1
2026-07-18 15:25:10.0,1BFA_GSM_ALM,BFA_ALM4,MARK VIE A BFPT ALARM,,STA_5,LO CLR DISCHG TEMP OK,RTN,5,0,0,,!WP1001!WP1002!WP1003!WP1006!WP1007!WP1014!hist14!CP1011,1
2026-07-18 15:25:16.4,1BFA_GSM_ALM,BFA_ALM4,MARK VIE A BFPT ALARM,,STA_5,LO CLR DISCHG TEMP HIGH,ALM,5,0,0,,!WP1001!WP1002!WP1003!WP1006!WP1007!WP1014!hist14!CP1011,1
2026-07-18 15:25:22.0,1BFA_GSM_ALM,BFA_ALM4,MARK VIE A BFPT ALARM,,STA_5,LO CLR DISCHG TEMP OK,RTN,5,0,0,,!WP1001!WP1002!WP1003!WP1006!WP1007!WP1014!hist14!CP1011,1
2026-07-18 15:25:26.0,1BFA_GSM_ALM,BFA_ALM4,MARK VIE A BFPT ALARM,,STA_5,LO CLR DISCHG TEMP HIGH,ALM,5,0,0,,!WP1001!WP1002!WP1003!WP1006!WP1007!WP1014!hist14!CP1011,1
2026-07-18 15:25:28.0,1BFA_GSM_ALM,BFA_ALM4,MARK VIE A BFPT ALARM,,STA_5,LO CLR DISCHG TEMP OK,RTN,5,0,0,,!WP1001!WP1002!WP1003!WP1006!WP1007!WP1014!hist14!CP1011,1
2026-07-18 15:25:34.5,1PDF,SLPSL0001,PULV LOW SEAL AIR HDR DIFF PRESS,,LOABS,PULV LOW SEAL AIR HDR DIFF PRESS,RTN,1,4.10244,4,INH2O,!WP1001!WP1002!WP1003!WP1006!WP1007!WP1014!hist14!CP1004,1
2026-07-18 15:25:36.0,1BFA_GSM_ALM,BFA_ALM4,MARK VIE A BFPT ALARM,,STA_5,LO CLR DISCHG TEMP HIGH,ALM,5,0,0,,!WP1001!WP1002!WP1003!WP1006!WP1007!WP1014!hist14!CP1011,1
2026-07-18 15:25:42.4,1BFA_GSM_ALM,BFA_ALM4,MARK VIE A BFPT ALARM,,STA_5,LO CLR DISCHG TEMP OK,RTN,5,0,0,,!WP1001!WP1002!WP1003!WP1006!WP1007!WP1014!hist14!CP1011,1
2026-07-18 15:25:44.0,1BFA_GSM_ALM,BFA_ALM4,MARK VIE A BFPT ALARM,,STA_5,LO CLR DISCHG TEMP HIGH,ALM,5,0,0,,!WP1001!WP1002!WP1003!WP1006!WP1007!WP1014!hist14!CP1011,1
2026-07-18 15:25:50.0,1BFA_GSM_ALM,BFA_ALM4,MARK VIE A BFPT ALARM,,STA_5,LO CLR DISCHG TEMP OK,RTN,5,0,0,,!WP1001!WP1002!WP1003!WP1006!WP1007!WP1014!hist14!CP1011,1
2026-07-18 15:25:54.0,1BFA_GSM_ALM,BFA_ALM4,MARK VIE A BFPT ALARM,,STA_5,LO CLR DISCHG TEMP HIGH,ALM,5,0,0,,!WP1001!WP1002!WP1003!WP1006!WP1007!WP1014!hist14!CP1011,1
2026-07-18 15:26:02.0,1BFA_GSM_ALM,BFA_ALM4,MARK VIE A BFPT ALARM,,STA_5,LO CLR DISCHG TEMP OK,RTN,5,0,0,,!WP1001!WP1002!WP1003!WP1006!WP1007!WP1014!hist14!CP1011,1
2026-07-18 15:26:06.4,1BFA_GSM_ALM,BFA_ALM4,MARK VIE A BFPT ALARM,,STA_5,LO CLR DISCHG TEMP HIGH,ALM,5,0,0,,!WP1001!WP1002!WP1003!WP1006!WP1007!WP1014!hist14!CP1011,1
2026-07-18 15:26:12.0,1BFA_GSM_ALM,BFA_ALM4,MARK VIE A BFPT ALARM,,STA_5,LO CLR DISCHG TEMP OK,RTN,5,0,0,,!WP1001!WP1002!WP1003!WP1006!WP1007!WP1014!hist14!CP1011,1
2026-07-18 15:26:16.0,1BFA_GSM_ALM,BFA_ALM4,MARK VIE A BFPT ALARM,,STA_5,LO CLR DISCHG TEMP HIGH,ALM,5,0,0,,!WP1001!WP1002!WP1003!WP1006!WP1007!WP1014!hist14!CP1011,1
2026-07-18 15:26:20.0,1BFA_GSM_ALM,BFA_ALM4,MARK VIE A BFPT ALARM,,STA_5,LO CLR DISCHG TEMP OK,RTN,5,0,0,,!WP1001!WP1002!WP1003!WP1006!WP1007!WP1014!hist14!CP1011,1
2026-07-18 15:26:24.0,1BFA_GSM_ALM,BFA_ALM4,MARK VIE A BFPT ALARM,,STA_5,LO CLR DISCHG TEMP HIGH,ALM,5,0,0,,!WP1001!WP1002!WP1003!WP1006!WP1007!WP1014!hist14!CP1011,1
2026-07-18 15:26:26.0,1BFA_GSM_ALM,BFA_ALM4,MARK VIE A BFPT ALARM,,STA_5,LO CLR DISCHG TEMP OK,RTN,5,0,0,,!WP1001!WP1002!WP1003!WP1006!WP1007!WP1014!hist14!CP1011,1
2026-07-18 15:26:28.4,1BFA_GSM_ALM,BFA_ALM4,MARK VIE A BFPT ALARM,,STA_5,LO CLR DISCHG TEMP HIGH,ALM,5,0,0,,!WP1001!WP1002!WP1003!WP1006!WP1007!WP1014!hist14!CP1011,1
2026-07-18 15:26:30.4,1BFA_GSM_ALM,BFA_ALM4,MARK VIE A BFPT ALARM,,STA_5,LO CLR DISCHG TEMP OK,RTN,5,0,0,,!WP1001!WP1002!WP1003!WP1006!WP1007!WP1014!hist14!CP1011,1
2026-07-18 15:26:32.4,1BFA_GSM_ALM,BFA_ALM4,MARK VIE A BFPT ALARM,,STA_5,LO CLR DISCHG TEMP HIGH,ALM,5,0,0,,!WP1001!WP1002!WP1003!WP1006!WP1007!WP1014!hist14!CP1011,1
2026-07-18 15:26:42.0,1BFA_GSM_ALM,BFA_ALM4,MARK VIE A BFPT ALARM,,STA_5,LO CLR DISCHG TEMP OK,RTN,5,0,0,,!WP1001!WP1002!WP1003!WP1006!WP1007!WP1014!hist14!CP1011,1
2026-07-18 15:26:46.0,1BFA_GSM_ALM,BFA_ALM4,MARK VIE A BFPT ALARM,,STA_5,LO CLR DISCHG TEMP HIGH,ALM,5,0,0,,!WP1001!WP1002!WP1003!WP1006!WP1007!WP1014!hist14!CP1011,1
2026-07-18 15:26:48.0,1BFA_GSM_ALM,BFA_ALM4,MARK VIE A BFPT ALARM,,STA_5,LO CLR DISCHG TEMP OK,RTN,5,0,0,,!WP1001!WP1002!WP1003!WP1006!WP1007!WP1014!hist14!CP1011,1
2026-07-18 15:26:50.0,1BFA_GSM_ALM,BFA_ALM4,MARK VIE A BFPT ALARM,,STA_5,LO CLR DISCHG TEMP HIGH,ALM,5,0,0,,!WP1001!WP1002!WP1003!WP1006!WP1007!WP1014!hist14!CP1011,1
2026-07-18 15:26:52.0,1BFA_GSM_ALM,BFA_ALM4,MARK VIE A BFPT ALARM,,STA_5,LO CLR DISCHG TEMP OK,RTN,5,0,0,,!WP1001!WP1002!WP1003!WP1006!WP1007!WP1014!hist14!CP1011,1
2026-07-18 15:26:54.0,1BFA_GSM_ALM,BFA_ALM4,MARK VIE A BFPT ALARM,,STA_5,LO CLR DISCHG TEMP HIGH,ALM,5,0,0,,!WP1001!WP1002!WP1003!WP1006!WP1007!WP1014!hist14!CP1011,1
2026-07-18 15:27:04.0,1BFA_GSM_ALM,BFA_ALM4,MARK VIE A BFPT ALARM,,STA_5,LO CLR DISCHG TEMP OK,RTN,5,0,0,,!WP1001!WP1002!WP1003!WP1006!WP1007!WP1014!hist14!CP1011,1
2026-07-18 15:27:08.0,1BFA_GSM_ALM,BFA_ALM4,MARK VIE A BFPT ALARM,,STA_5,LO CLR DISCHG TEMP HIGH,ALM,5,0,0,,!WP1001!WP1002!WP1003!WP1006!WP1007!WP1014!hist14!CP1011,1
2026-07-18 15:27:10.5,1PDF,SLPSL0001,PULV LOW SEAL AIR HDR DIFF PRESS,,LOABS,PULV LOW SEAL AIR HDR DIFF PRESS,ALM,1,3.98643,4,INH2O,!WP1001!WP1002!WP1003!WP1006!WP1007!WP1014!hist14!CP1004,1
2026-07-18 15:27:10.0,1BFA_GSM_ALM,BFA_ALM4,MARK VIE A BFPT ALARM,,STA_5,LO CLR DISCHG TEMP OK,RTN,5,0,0,,!WP1001!WP1002!WP1003!WP1006!WP1007!WP1014!hist14!CP1011,1
2026-07-18 15:27:11.5,1PDF,SLPSL0001,PULV LOW SEAL AIR HDR DIFF PRESS,,LOABS,PULV LOW SEAL AIR HDR DIFF PRESS,RTN,1,4.03682,4,INH2O,!WP1001!WP1002!WP1003!WP1006!WP1007!WP1014!hist14!CP1004,1
2026-07-18 15:27:12.0,1BFA_GSM_ALM,BFA_ALM4,MARK VIE A BFPT ALARM,,STA_5,LO CLR DISCHG TEMP HIGH,ALM,5,0,0,,!WP1001!WP1002!WP1003!WP1006!WP1007!WP1014!hist14!CP1011,1
2026-07-18 15:27:16.0,1BFA_GSM_ALM,BFA_ALM4,MARK VIE A BFPT ALARM,,STA_5,LO CLR DISCHG TEMP OK,RTN,5,0,0,,!WP1001!WP1002!WP1003!WP1006!WP1007!WP1014!hist14!CP1011,1
2026-07-18 15:27:18.0,1BFA_GSM_ALM,BFA_ALM4,MARK VIE A BFPT ALARM,,STA_5,LO CLR DISCHG TEMP HIGH,ALM,5,0,0,,!WP1001!WP1002!WP1003!WP1006!WP1007!WP1014!hist14!CP1011,1
2026-07-18 15:27:26.2,IDFAN_PEEC,OPCY_ALM,PRECIP OUT > 50%,PRECIP OUTLET,STATE,ALARM,ALM,3,,,,!WP1001!WP1002!WP1003!WP1006!WP1007!WP1014!hist14!CP1003,1
2026-07-18 15:27:31.7,IDFAN_PEEC,OPCY_ALM,PRECIP OUT > 50%,PRECIP OUTLET,STATE,NORMAL,RTN,3,,,,!WP1001!WP1002!WP1003!WP1006!WP1007!WP1014!hist14!CP1003,1
2026-07-18 15:27:31.5,1PDF,SLPSL0001,PULV LOW SEAL AIR HDR DIFF PRESS,,LOABS,PULV LOW SEAL AIR HDR DIFF PRESS,ALM,1,3.93926,4,INH2O,!WP1001!WP1002!WP1003!WP1006!WP1007!WP1014!hist14!CP1004,1
2026-07-18 15:27:34.0,1BFA_GSM_ALM,BFA_ALM4,MARK VIE A BFPT ALARM,,STA_5,LO CLR DISCHG TEMP OK,RTN,5,0,0,,!WP1001!WP1002!WP1003!WP1006!WP1007!WP1014!hist14!CP1011,1
2026-07-18 15:27:40.0,1BFA_GSM_ALM,BFA_ALM4,MARK VIE A BFPT ALARM,,STA_5,LO CLR DISCHG TEMP HIGH,ALM,5,0,0,,!WP1001!WP1002!WP1003!WP1006!WP1007!WP1014!hist14!CP1011,1
2026-07-18 15:27:44.8,1AB_ECON_SEQ,ECON_HOP_T10,ECON HOPPER SEQ XV5124 TIMER,,PTARG,TIMEOUT,ALM,3,240.01,240,SEC,!WP1002!WP1011!WP1001!hist14!CP1020,1
2026-07-18 15:27:45.8,1AB_ECON_SEQ,ECON_HOP_T10,ECON HOPPER SEQ XV5124 TIMER,,PTARG,TIMEOUT,RTN,3,0,240,SEC,!WP1002!WP1011!WP1001!hist14!CP1020,1
2026-07-18 15:28:04.9,1BFA_GSM_ALM,BFA_ALM4,MARK VIE A BFPT ALARM,,STA_5,LO CLR DISCHG TEMP OK,RTN,5,0,0,,!WP1001!WP1002!WP1003!WP1006!WP1007!WP1014!hist14!CP1011,1
2026-07-18 15:28:06.9,1BFA_GSM_ALM,BFA_ALM4,MARK VIE A BFPT ALARM,,STA_5,LO CLR DISCHG TEMP HIGH,ALM,5,0,0,,!WP1001!WP1002!WP1003!WP1006!WP1007!WP1014!hist14!CP1011,1
2026-07-18 15:28:12.9,1BFA_GSM_ALM,BFA_ALM4,MARK VIE A BFPT ALARM,,STA_5,LO CLR DISCHG TEMP OK,RTN,5,0,0,,!WP1001!WP1002!WP1003!WP1006!WP1007!WP1014!hist14!CP1011,1
2026-07-18 15:28:16.4,1BFA_GSM_ALM,BFA_ALM4,MARK VIE A BFPT ALARM,,STA_5,LO CLR DISCHG TEMP HIGH,ALM,5,0,0,,!WP1001!WP1002!WP1003!WP1006!WP1007!WP1014!hist14!CP1011,1
2026-07-18 15:28:20.9,1BFA_GSM_ALM,BFA_ALM4,MARK VIE A BFPT ALARM,,STA_5,LO CLR DISCHG TEMP OK,RTN,5,0,0,,!WP1001!WP1002!WP1003!WP1006!WP1007!WP1014!hist14!CP1011,1
2026-07-18 15:28:22.9,1BFA_GSM_ALM,BFA_ALM4,MARK VIE A BFPT ALARM,,STA_5,LO CLR DISCHG TEMP HIGH,ALM,5,0,0,,!WP1001!WP1002!WP1003!WP1006!WP1007!WP1014!hist14!CP1011,1
2026-07-18 15:28:24.9,1BFA_GSM_ALM,BFA_ALM4,MARK VIE A BFPT ALARM,,STA_5,LO CLR DISCHG TEMP OK,RTN,5,0,0,,!WP1001!WP1002!WP1003!WP1006!WP1007!WP1014!hist14!CP1011,1
2026-07-18 15:28:28.9,1BFA_GSM_ALM,BFA_ALM4,MARK VIE A BFPT ALARM,,STA_5,LO CLR DISCHG TEMP HIGH,ALM,5,0,0,,!WP1001!WP1002!WP1003!WP1006!WP1007!WP1014!hist14!CP1011,1
2026-07-18 15:28:32.9,1BFA_GSM_ALM,BFA_ALM4,MARK VIE A BFPT ALARM,,STA_5,LO CLR DISCHG TEMP OK,RTN,5,0,0,,!WP1001!WP1002!WP1003!WP1006!WP1007!WP1014!hist14!CP1011,1
2026-07-18 15:28:34.9,1BFA_GSM_ALM,BFA_ALM4,MARK VIE A BFPT ALARM,,STA_5,LO CLR DISCHG TEMP HIGH,ALM,5,0,0,,!WP1001!WP1002!WP1003!WP1006!WP1007!WP1014!hist14!CP1011,1
2026-07-18 15:29:04.4,1BFA_GSM_ALM,BFA_ALM4,MARK VIE A BFPT ALARM,,STA_5,LO CLR DISCHG TEMP OK,RTN,5,0,0,,!WP1001!WP1002!WP1003!WP1006!WP1007!WP1014!hist14!CP1011,1
2026-07-18 15:29:06.4,1BFA_GSM_ALM,BFA_ALM4,MARK VIE A BFPT ALARM,,STA_5,LO CLR DISCHG TEMP HIGH,ALM,5,0,0,,!WP1001!WP1002!WP1003!WP1006!WP1007!WP1014!hist14!CP1011,1
2026-07-18 15:29:12.9,1BFA_GSM_ALM,BFA_ALM4,MARK VIE A BFPT ALARM,,STA_5,LO CLR DISCHG TEMP OK,RTN,5,0,0,,!WP1001!WP1002!WP1003!WP1006!WP1007!WP1014!hist14!CP1011,1
2026-07-18 15:29:16.9,1BFA_GSM_ALM,BFA_ALM4,MARK VIE A BFPT ALARM,,STA_5,LO CLR DISCHG TEMP HIGH,ALM,5,0,0,,!WP1001!WP1002!WP1003!WP1006!WP1007!WP1014!hist14!CP1011,1
2026-07-18 15:29:20.9,1BFA_GSM_ALM,BFA_ALM4,MARK VIE A BFPT ALARM,,STA_5,LO CLR DISCHG TEMP OK,RTN,5,0,0,,!WP1001!WP1002!WP1003!WP1006!WP1007!WP1014!hist14!CP1011,1
2026-07-18 15:29:24.9,1BFA_GSM_ALM,BFA_ALM4,MARK VIE A BFPT ALARM,,STA_5,LO CLR DISCHG TEMP HIGH,ALM,5,0,0,,!WP1001!WP1002!WP1003!WP1006!WP1007!WP1014!hist14!CP1011,1
2026-07-18 15:29:57.5,1PDF,SLPSL0001,PULV LOW SEAL AIR HDR DIFF PRESS,,LOABS,PULV LOW SEAL AIR HDR DIFF PRESS,RTN,1,4.00254,4,INH2O,!WP1001!WP1002!WP1003!WP1006!WP1007!WP1014!hist14!CP1004,1
2026-07-18 15:29:58.5,1PDF,SLPSL0001,PULV LOW SEAL AIR HDR DIFF PRESS,,LOABS,PULV LOW SEAL AIR HDR DIFF PRESS,ALM,1,3.96826,4,INH2O,!WP1001!WP1002!WP1003!WP1006!WP1007!WP1014!hist14!CP1004,1
2026-07-18 15:29:59.5,1PDF,SLPSL0001,PULV LOW SEAL AIR HDR DIFF PRESS,,LOABS,PULV LOW SEAL AIR HDR DIFF PRESS,RTN,1,4.05205,4,INH2O,!WP1001!WP1002!WP1003!WP1006!WP1007!WP1014!hist14!CP1004,1
2026-07-18 15:30:00.5,1PDF,SLPSL0001,PULV LOW SEAL AIR HDR DIFF PRESS,,LOABS,PULV LOW SEAL AIR HDR DIFF PRESS,ALM,1,3.89268,4,INH2O,!WP1001!WP1002!WP1003!WP1006!WP1007!WP1014!hist14!CP1004,1
2026-07-18 15:30:38.9,1BFA_GSM_ALM,BFA_ALM4,MARK VIE A BFPT ALARM,,STA_5,LO CLR DISCHG TEMP OK,RTN,5,0,0,,!WP1001!WP1002!WP1003!WP1006!WP1007!WP1014!hist14!CP1011,1
2026-07-18 15:30:40.9,1BFA_GSM_ALM,BFA_ALM4,MARK VIE A BFPT ALARM,,STA_5,LO CLR DISCHG TEMP HIGH,ALM,5,0,0,,!WP1001!WP1002!WP1003!WP1006!WP1007!WP1014!hist14!CP1011,1
2026-07-18 15:30:41.5,1PDF,SLPSL0001,PULV LOW SEAL AIR HDR DIFF PRESS,,LOABS,PULV LOW SEAL AIR HDR DIFF PRESS,RTN,1,4.03301,4,INH2O,!WP1001!WP1002!WP1003!WP1006!WP1007!WP1014!hist14!CP1004,1
2026-07-18 15:30:42.5,1PDF,SLPSL0001,PULV LOW SEAL AIR HDR DIFF PRESS,,LOABS,PULV LOW SEAL AIR HDR DIFF PRESS,ALM,1,3.92666,4,INH2O,!WP1001!WP1002!WP1003!WP1006!WP1007!WP1014!hist14!CP1004,1
2026-07-18 15:30:43.5,1PDF,SLPSL0001,PULV LOW SEAL AIR HDR DIFF PRESS,,LOABS,PULV LOW SEAL AIR HDR DIFF PRESS,RTN,1,4.01748,4,INH2O,!WP1001!WP1002!WP1003!WP1006!WP1007!WP1014!hist14!CP1004,1
2026-07-18 15:30:44.5,1PDF,SLPSL0001,PULV LOW SEAL AIR HDR DIFF PRESS,,LOABS,PULV LOW SEAL AIR HDR DIFF PRESS,ALM,1,3.9293,4,INH2O,!WP1001!WP1002!WP1003!WP1006!WP1007!WP1014!hist14!CP1004,1
2026-07-18 15:30:47.5,1PDF,SLPSL0001,PULV LOW SEAL AIR HDR DIFF PRESS,,LOABS,PULV LOW SEAL AIR HDR DIFF PRESS,RTN,1,4.17246,4,INH2O,!WP1001!WP1002!WP1003!WP1006!WP1007!WP1014!hist14!CP1004,1
2026-07-18 15:30:52.5,1PDF,SLPSL0001,PULV LOW SEAL AIR HDR DIFF PRESS,,LOABS,PULV LOW SEAL AIR HDR DIFF PRESS,ALM,1,3.99082,4,INH2O,!WP1001!WP1002!WP1003!WP1006!WP1007!WP1014!hist14!CP1004,1
2026-07-18 15:30:54.5,1PDF,SLPSL0001,PULV LOW SEAL AIR HDR DIFF PRESS,,LOABS,PULV LOW SEAL AIR HDR DIFF PRESS,RTN,1,4.0582,4,INH2O,!WP1001!WP1002!WP1003!WP1006!WP1007!WP1014!hist14!CP1004,1
2026-07-18 15:30:59.5,1PDF,SLPSL0001,PULV LOW SEAL AIR HDR DIFF PRESS,,LOABS,PULV LOW SEAL AIR HDR DIFF PRESS,ALM,1,3.88359,4,INH2O,!WP1001!WP1002!WP1003!WP1006!WP1007!WP1014!hist14!CP1004,1
2026-07-18 15:31:04.5,1PDF,SLPSL0001,PULV LOW SEAL AIR HDR DIFF PRESS,,LOABS,PULV LOW SEAL AIR HDR DIFF PRESS,RTN,1,4.04854,4,INH2O,!WP1001!WP1002!WP1003!WP1006!WP1007!WP1014!hist14!CP1004,1
2026-07-18 15:31:05.5,1PDF,SLPSL0001,PULV LOW SEAL AIR HDR DIFF PRESS,,LOABS,PULV LOW SEAL AIR HDR DIFF PRESS,ALM,1,3.99229,4,INH2O,!WP1001!WP1002!WP1003!WP1006!WP1007!WP1014!hist14!CP1004,1
2026-07-18 15:31:06.5,1PDF,SLPSL0001,PULV LOW SEAL AIR HDR DIFF PRESS,,LOABS,PULV LOW SEAL AIR HDR DIFF PRESS,RTN,1,4.08721,4,INH2O,!WP1001!WP1002!WP1003!WP1006!WP1007!WP1014!hist14!CP1004,1
2026-07-18 15:31:09.5,1PDF,SLPSL0001,PULV LOW SEAL AIR HDR DIFF PRESS,,LOABS,PULV LOW SEAL AIR HDR DIFF PRESS,ALM,1,3.9542,4,INH2O,!WP1001!WP1002!WP1003!WP1006!WP1007!WP1014!hist14!CP1004,1
2026-07-18 15:31:10.5,1PDF,SLPSL0001,PULV LOW SEAL AIR HDR DIFF PRESS,,LOABS,PULV LOW SEAL AIR HDR DIFF PRESS,RTN,1,4.00898,4,INH2O,!WP1001!WP1002!WP1003!WP1006!WP1007!WP1014!hist14!CP1004,1
2026-07-18 15:31:16.5,1PDF,SLPSL0001,PULV LOW SEAL AIR HDR DIFF PRESS,,LOABS,PULV LOW SEAL AIR HDR DIFF PRESS,ALM,1,3.95713,4,INH2O,!WP1001!WP1002!WP1003!WP1006!WP1007!WP1014!hist14!CP1004,1
2026-07-18 15:31:21.5,1PDF,SLPSL0001,PULV LOW SEAL AIR HDR DIFF PRESS,,LOABS,PULV LOW SEAL AIR HDR DIFF PRESS,RTN,1,4.07022,4,INH2O,!WP1001!WP1002!WP1003!WP1006!WP1007!WP1014!hist14!CP1004,1
2026-07-18 15:31:22.5,1PDF,SLPSL0001,PULV LOW SEAL AIR HDR DIFF PRESS,,LOABS,PULV LOW SEAL AIR HDR DIFF PRESS,ALM,1,3.90645,4,INH2O,!WP1001!WP1002!WP1003!WP1006!WP1007!WP1014!hist14!CP1004,1
2026-07-18 15:31:22.9,1BFA_GSM_ALM,BFA_ALM4,MARK VIE A BFPT ALARM,,STA_5,LO CLR DISCHG TEMP OK,RTN,5,0,0,,!WP1001!WP1002!WP1003!WP1006!WP1007!WP1014!hist14!CP1011,1
2026-07-18 15:31:24.9,1BFA_GSM_ALM,BFA_ALM4,MARK VIE A BFPT ALARM,,STA_5,LO CLR DISCHG TEMP HIGH,ALM,5,0,0,,!WP1001!WP1002!WP1003!WP1006!WP1007!WP1014!hist14!CP1011,1
2026-07-18 15:31:29.5,1PDF,SLPSL0001,PULV LOW SEAL AIR HDR DIFF PRESS,,LOABS,PULV LOW SEAL AIR HDR DIFF PRESS,RTN,1,4.00664,4,INH2O,!WP1001!WP1002!WP1003!WP1006!WP1007!WP1014!hist14!CP1004,1
2026-07-18 15:32:00.1,1GEN_ALM,ALM1,GEN BUS COOLING EQUIP,2024,STATE,ALM,ALM,1,,,,!WP1002!WP1006!WP1007!WP1001!WP1003!WP1014!hist14!CP1007,1
2026-07-18 15:32:02.5,1PDF,SLPSL0001,PULV LOW SEAL AIR HDR DIFF PRESS,,LOABS,PULV LOW SEAL AIR HDR DIFF PRESS,ALM,1,3.9873,4,INH2O,!WP1001!WP1002!WP1003!WP1006!WP1007!WP1014!hist14!CP1004,1
2026-07-18 15:32:03.5,1PDF,SLPSL0001,PULV LOW SEAL AIR HDR DIFF PRESS,,LOABS,PULV LOW SEAL AIR HDR DIFF PRESS,RTN,1,4.12236,4,INH2O,!WP1001!WP1002!WP1003!WP1006!WP1007!WP1014!hist14!CP1004,1
2026-07-18 15:32:19.5,1PDF,SLPSL0001,PULV LOW SEAL AIR HDR DIFF PRESS,,LOABS,PULV LOW SEAL AIR HDR DIFF PRESS,ALM,1,3.99258,4,INH2O,!WP1001!WP1002!WP1003!WP1006!WP1007!WP1014!hist14!CP1004,1
2026-07-18 15:32:20.5,1PDF,SLPSL0001,PULV LOW SEAL AIR HDR DIFF PRESS,,LOABS,PULV LOW SEAL AIR HDR DIFF PRESS,RTN,1,4.10391,4,INH2O,!WP1001!WP1002!WP1003!WP1006!WP1007!WP1014!hist14!CP1004,1
2026-07-18 15:32:38.9,1BFA_GSM_ALM,BFA_ALM4,MARK VIE A BFPT ALARM,,STA_5,LO CLR DISCHG TEMP OK,RTN,5,0,0,,!WP1001!WP1002!WP1003!WP1006!WP1007!WP1014!hist14!CP1011,1
2026-07-18 15:32:40.9,1BFA_GSM_ALM,BFA_ALM4,MARK VIE A BFPT ALARM,,STA_5,LO CLR DISCHG TEMP HIGH,ALM,5,0,0,,!WP1001!WP1002!WP1003!WP1006!WP1007!WP1014!hist14!CP1011,1
2026-07-18 15:32:42.5,1PDF,SLPSL0001,PULV LOW SEAL AIR HDR DIFF PRESS,,LOABS,PULV LOW SEAL AIR HDR DIFF PRESS,ALM,1,3.93223,4,INH2O,!WP1001!WP1002!WP1003!WP1006!WP1007!WP1014!hist14!CP1004,1
2026-07-18 15:32:43.5,1PDF,SLPSL0001,PULV LOW SEAL AIR HDR DIFF PRESS,,LOABS,PULV LOW SEAL AIR HDR DIFF PRESS,RTN,1,4.06348,4,INH2O,!WP1001!WP1002!WP1003!WP1006!WP1007!WP1014!hist14!CP1004,1
2026-07-18 15:32:44.5,1PDF,SLPSL0001,PULV LOW SEAL AIR HDR DIFF PRESS,,LOABS,PULV LOW SEAL AIR HDR DIFF PRESS,ALM,1,3.96416,4,INH2O,!WP1001!WP1002!WP1003!WP1006!WP1007!WP1014!hist14!CP1004,1
2026-07-18 15:32:45.5,1PDF,SLPSL0001,PULV LOW SEAL AIR HDR DIFF PRESS,,LOABS,PULV LOW SEAL AIR HDR DIFF PRESS,RTN,1,4.12324,4,INH2O,!WP1001!WP1002!WP1003!WP1006!WP1007!WP1014!hist14!CP1004,1
2026-07-18 15:32:48.9,1BFA_GSM_ALM,BFA_ALM4,MARK VIE A BFPT ALARM,,STA_5,LO CLR DISCHG TEMP OK,RTN,5,0,0,,!WP1001!WP1002!WP1003!WP1006!WP1007!WP1014!hist14!CP1011,1
2026-07-18 15:32:49.8,1AB_ECON_SEQ,ECON_HOP_T11,ECON HOPPER SEQ XV5125 TIMER,,PTARG,TIMEOUT,ALM,3,241,240,SEC,!WP1002!WP1011!WP1001!hist14!CP1020,1
2026-07-18 15:32:50.5,1PDF,SLPSL0001,PULV LOW SEAL AIR HDR DIFF PRESS,,LOABS,PULV LOW SEAL AIR HDR DIFF PRESS,ALM,1,3.96299,4,INH2O,!WP1001!WP1002!WP1003!WP1006!WP1007!WP1014!hist14!CP1004,1
2026-07-18 15:32:50.9,1BFA_GSM_ALM,BFA_ALM4,MARK VIE A BFPT ALARM,,STA_5,LO CLR DISCHG TEMP HIGH,ALM,5,0,0,,!WP1001!WP1002!WP1003!WP1006!WP1007!WP1014!hist14!CP1011,1
2026-07-18 15:32:50.8,1AB_ECON_SEQ,ECON_HOP_T11,ECON HOPPER SEQ XV5125 TIMER,,PTARG,TIMEOUT,RTN,3,0,240,SEC,!WP1002!WP1011!WP1001!hist14!CP1020,1
2026-07-18 15:32:51.5,1PDF,SLPSL0001,PULV LOW SEAL AIR HDR DIFF PRESS,,LOABS,PULV LOW SEAL AIR HDR DIFF PRESS,RTN,1,4.05,4,INH2O,!WP1001!WP1002!WP1003!WP1006!WP1007!WP1014!hist14!CP1004,1
2026-07-18 15:32:56.5,1PDF,SLPSL0001,PULV LOW SEAL AIR HDR DIFF PRESS,,LOABS,PULV LOW SEAL AIR HDR DIFF PRESS,ALM,1,3.98877,4,INH2O,!WP1001!WP1002!WP1003!WP1006!WP1007!WP1014!hist14!CP1004,1
2026-07-18 15:33:41.7,1FG_A,ZSH5601A,BF A BLADE PITCH,,HIABS,BLADE PITCH ALARM,RTN,3,69.8887,70,%,!WP1001!WP1002!WP1003!WP1006!WP1007!WP1014!hist14!CP1015,1
2026-07-18 15:33:41.2,1FG_B,ZSH5701A,BF B BLADE PITCH,,HIABS,BLADE PITCH ALARM,RTN,3,69.8809,70,%,!WP1001!WP1002!WP1003!WP1006!WP1007!WP1014!hist14!CP1015,1
2026-07-18 15:34:13.5,1FUEL_SFTY,FPTX_ALM,DRAFT TRANSMITTER DEVIATION,,STATE,FURN DRAFT PRESS XMTR DEVIATION,ALM,5,,,,!WP1001!WP1002!WP1003!WP1006!WP1007!WP1014!hist14!CP1004,1
2026-07-18 15:34:16.5,1FUEL_SFTY,FPTX_ALM,DRAFT TRANSMITTER DEVIATION,,STATE,NO DEVIATION,RTN,5,,,,!WP1001!WP1002!WP1003!WP1006!WP1007!WP1014!hist14!CP1004,1
2026-07-18 15:35:00.5,1PDF,SLPSL0001,PULV LOW SEAL AIR HDR DIFF PRESS,,LOABS,PULV LOW SEAL AIR HDR DIFF PRESS,RTN,1,4.01836,4,INH2O,!WP1001!WP1002!WP1003!WP1006!WP1007!WP1014!hist14!CP1004,1
2026-07-18 15:35:08.9,1BFA_GSM_ALM,BFA_ALM4,MARK VIE A BFPT ALARM,,STA_5,LO CLR DISCHG TEMP OK,RTN,5,0,0,,!WP1001!WP1002!WP1003!WP1006!WP1007!WP1014!hist14!CP1011,1
2026-07-18 15:35:10.9,1BFA_GSM_ALM,BFA_ALM4,MARK VIE A BFPT ALARM,,STA_5,LO CLR DISCHG TEMP HIGH,ALM,5,0,0,,!WP1001!WP1002!WP1003!WP1006!WP1007!WP1014!hist14!CP1011,1
2026-07-18 15:35:56.2,1FG_B,ZSH5701A,BF B BLADE PITCH,,HIABS,BLADE PITCH ALARM,ALM,3,70.0449,70,%,!WP1001!WP1002!WP1003!WP1006!WP1007!WP1014!hist14!CP1015,1
2026-07-18 15:35:57.2,1FG_A,ZSH5601A,BF A BLADE PITCH,,HIABS,BLADE PITCH ALARM,ALM,3,70.0645,70,%,!WP1001!WP1002!WP1003!WP1006!WP1007!WP1014!hist14!CP1015,1
2026-07-18 15:36:52.5,1PDF,SLPSL0001,PULV LOW SEAL AIR HDR DIFF PRESS,,LOABS,PULV LOW SEAL AIR HDR DIFF PRESS,ALM,1,3.96914,4,INH2O,!WP1001!WP1002!WP1003!WP1006!WP1007!WP1014!hist14!CP1004,1
2026-07-18 15:37:05.1,1BCS_7,IKTE3751,REHEAT TEMP RIGHT (REDUNDANT),,HIABS,HIGH,ALM,1,1012.19,1012.18,DEG.F,!WP1002!WP1006!WP1007!WP1001!WP1003!WP1014!hist14!CP1007,1
2026-07-18 15:37:11.6,1BCS_7,IKTE3451,REHEAT TEMP RIGHT (NORM),,HIABS,HIGH,ALM,1,1012.2,1012.18,DEG.F,!WP1002!WP1006!WP1007!WP1001!WP1003!WP1014!hist14!CP1007,1
2026-07-18 15:37:54.8,1AB_ECON_SEQ,ECON_HOP_T12,ECON HOPPER SEQ XV5126 TIMER,,PTARG,TIMEOUT,ALM,3,241,240,SEC,!WP1002!WP1011!WP1001!hist14!CP1020,1
2026-07-18 15:37:55.8,1AB_ECON_SEQ,ECON_HOP_T12,ECON HOPPER SEQ XV5126 TIMER,,PTARG,TIMEOUT,RTN,3,0,240,SEC,!WP1002!WP1011!WP1001!hist14!CP1020,1
2026-07-18 15:38:45.6,1BCS_7,IKTE3451,REHEAT TEMP RIGHT (NORM),,HIABS,HIGH,RTN,1,1007.09,1012.18,DEG.F,!WP1002!WP1006!WP1007!WP1001!WP1003!WP1014!hist14!CP1007,1
2026-07-18 15:38:50.1,1BCS_7,IKTE3751,REHEAT TEMP RIGHT (REDUNDANT),,HIABS,HIGH,RTN,1,1007.05,1012.18,DEG.F,!WP1002!WP1006!WP1007!WP1001!WP1003!WP1014!hist14!CP1007,1
2026-07-18 15:39:12.5,1PDF,SLPSL0001,PULV LOW SEAL AIR HDR DIFF PRESS,,LOABS,PULV LOW SEAL AIR HDR DIFF PRESS,RTN,1,4.09922,4,INH2O,!WP1001!WP1002!WP1003!WP1006!WP1007!WP1014!hist14!CP1004,1
2026-07-18 15:39:15.5,1PDF,SLPSL0001,PULV LOW SEAL AIR HDR DIFF PRESS,,LOABS,PULV LOW SEAL AIR HDR DIFF PRESS,ALM,1,3.91729,4,INH2O,!WP1001!WP1002!WP1003!WP1006!WP1007!WP1014!hist14!CP1004,1
2026-07-18 15:39:20.5,1PDF,SLPSL0001,PULV LOW SEAL AIR HDR DIFF PRESS,,LOABS,PULV LOW SEAL AIR HDR DIFF PRESS,RTN,1,4.07754,4,INH2O,!WP1001!WP1002!WP1003!WP1006!WP1007!WP1014!hist14!CP1004,1
2026-07-18 15:39:21.5,1PDF,SLPSL0001,PULV LOW SEAL AIR HDR DIFF PRESS,,LOABS,PULV LOW SEAL AIR HDR DIFF PRESS,ALM,1,3.95449,4,INH2O,!WP1001!WP1002!WP1003!WP1006!WP1007!WP1014!hist14!CP1004,1
2026-07-18 15:40:02.5,1PDF,SLPSL0001,PULV LOW SEAL AIR HDR DIFF PRESS,,LOABS,PULV LOW SEAL AIR HDR DIFF PRESS,RTN,1,4.09629,4,INH2O,!WP1001!WP1002!WP1003!WP1006!WP1007!WP1014!hist14!CP1004,1
2026-07-18 15:40:07.5,1PDF,SLPSL0001,PULV LOW SEAL AIR HDR DIFF PRESS,,LOABS,PULV LOW SEAL AIR HDR DIFF PRESS,ALM,1,3.91377,4,INH2O,!WP1001!WP1002!WP1003!WP1006!WP1007!WP1014!hist14!CP1004,1
2026-07-18 15:40:13.7,1FG_B,ZSH5701A,BF B BLADE PITCH,,HIABS,BLADE PITCH ALARM,RTN,3,69.8398,70,%,!WP1001!WP1002!WP1003!WP1006!WP1007!WP1014!hist14!CP1015,1
2026-07-18 15:40:18.7,1FG_A,ZSH5601A,BF A BLADE PITCH,,HIABS,BLADE PITCH ALARM,RTN,3,69.7852,70,%,!WP1001!WP1002!WP1003!WP1006!WP1007!WP1014!hist14!CP1015,1
2026-07-18 15:40:46.5,1PDF,SLPSL0001,PULV LOW SEAL AIR HDR DIFF PRESS,,LOABS,PULV LOW SEAL AIR HDR DIFF PRESS,RTN,1,4.01309,4,INH2O,!WP1001!WP1002!WP1003!WP1006!WP1007!WP1014!hist14!CP1004,1
2026-07-18 15:40:47.5,1PDF,SLPSL0001,PULV LOW SEAL AIR HDR DIFF PRESS,,LOABS,PULV LOW SEAL AIR HDR DIFF PRESS,ALM,1,3.87451,4,INH2O,!WP1001!WP1002!WP1003!WP1006!WP1007!WP1014!hist14!CP1004,1
2026-07-18 15:40:53.5,1PDF,SLPSL0001,PULV LOW SEAL AIR HDR DIFF PRESS,,LOABS,PULV LOW SEAL AIR HDR DIFF PRESS,RTN,1,4.02979,4,INH2O,!WP1001!WP1002!WP1003!WP1006!WP1007!WP1014!hist14!CP1004,1
2026-07-18 15:40:55.5,1PDF,SLPSL0001,PULV LOW SEAL AIR HDR DIFF PRESS,,LOABS,PULV LOW SEAL AIR HDR DIFF PRESS,ALM,1,3.9627,4,INH2O,!WP1001!WP1002!WP1003!WP1006!WP1007!WP1014!hist14!CP1004,1
2026-07-18 15:41:52.0,1DAS2,ISTE2241,AIR FROM ALT SE   COOLER TMP,1346,HIABS,HIGH,ALM,3,113.006,113,DEG.F,!WP1002!WP1006!WP1007!WP1001!WP1003!WP1014!hist14!CP1006,1
2026-07-18 15:42:32.2,1MA,B37,MILL A TEMP,,HIABS,>145 DEGF,ALM,1,145.129,145,DEGF,!WP1001!WP1002!WP1003!WP1006!WP1007!WP1014!hist14!CP1001,1
2026-07-18 15:43:15.2,1SEAL_AIR,PDI5735_ALM,BF B OUT DMPR SEAL CAV D/P LOW,,STATE,DP ALARM CLEAR,RTN,3,,,,!WP1001!WP1002!WP1003!WP1006!WP1007!WP1014!hist14!CP1015,1
2026-07-18 15:43:24.5,1PDF,SLPSL0001,PULV LOW SEAL AIR HDR DIFF PRESS,,LOABS,PULV LOW SEAL AIR HDR DIFF PRESS,RTN,1,4.10537,4,INH2O,!WP1001!WP1002!WP1003!WP1006!WP1007!WP1014!hist14!CP1004,1
2026-07-18 15:43:27.5,1PDF,SLPSL0001,PULV LOW SEAL AIR HDR DIFF PRESS,,LOABS,PULV LOW SEAL AIR HDR DIFF PRESS,ALM,1,3.86191,4,INH2O,!WP1001!WP1002!WP1003!WP1006!WP1007!WP1014!hist14!CP1004,1
2026-07-18 15:43:48.2,1SCR_B_PRESS,FGPDI5228B,SCR B CAT LAYER 4 DP,1SR114 PNT 4,HHABS,HI HI DP,ALM,1,1.70222,1.7,INH2O,!WP1001!WP1002!WP1003!WP1006!WP1007!WP1014!hist14!CP1016,1
2026-07-18 15:44:14.5,1PDF,SLPSL0001,PULV LOW SEAL AIR HDR DIFF PRESS,,LOABS,PULV LOW SEAL AIR HDR DIFF PRESS,RTN,1,4.13555,4,INH2O,!WP1001!WP1002!WP1003!WP1006!WP1007!WP1014!hist14!CP1004,1
2026-07-18 15:44:27.5,1PDF,SLPSL0001,PULV LOW SEAL AIR HDR DIFF PRESS,,LOABS,PULV LOW SEAL AIR HDR DIFF PRESS,ALM,1,3.99287,4,INH2O,!WP1001!WP1002!WP1003!WP1006!WP1007!WP1014!hist14!CP1004,1
2026-07-18 15:44:33.5,1PDF,SLPSL0001,PULV LOW SEAL AIR HDR DIFF PRESS,,LOABS,PULV LOW SEAL AIR HDR DIFF PRESS,RTN,1,4.04121,4,INH2O,!WP1001!WP1002!WP1003!WP1006!WP1007!WP1014!hist14!CP1004,1
2026-07-18 15:44:34.5,1PDF,SLPSL0001,PULV LOW SEAL AIR HDR DIFF PRESS,,LOABS,PULV LOW SEAL AIR HDR DIFF PRESS,ALM,1,3.83643,4,INH2O,!WP1001!WP1002!WP1003!WP1006!WP1007!WP1014!hist14!CP1004,1
2026-07-18 15:44:58.5,1PDF,SLPSL0001,PULV LOW SEAL AIR HDR DIFF PRESS,,LOABS,PULV LOW SEAL AIR HDR DIFF PRESS,RTN,1,4.01279,4,INH2O,!WP1001!WP1002!WP1003!WP1006!WP1007!WP1014!hist14!CP1004,1
2026-07-18 15:45:02.5,1PDF,SLPSL0001,PULV LOW SEAL AIR HDR DIFF PRESS,,LOABS,PULV LOW SEAL AIR HDR DIFF PRESS,ALM,1,3.98672,4,INH2O,!WP1001!WP1002!WP1003!WP1006!WP1007!WP1014!hist14!CP1004,1
2026-07-18 15:45:03.5,1PDF,SLPSL0001,PULV LOW SEAL AIR HDR DIFF PRESS,,LOABS,PULV LOW SEAL AIR HDR DIFF PRESS,RTN,1,4.00986,4,INH2O,!WP1001!WP1002!WP1003!WP1006!WP1007!WP1014!hist14!CP1004,1
2026-07-18 15:45:10.5,1PDF,SLPSL0001,PULV LOW SEAL AIR HDR DIFF PRESS,,LOABS,PULV LOW SEAL AIR HDR DIFF PRESS,ALM,1,3.81328,4,INH2O,!WP1001!WP1002!WP1003!WP1006!WP1007!WP1014!hist14!CP1004,1
2026-07-18 15:45:13.5,1PDF,SLPSL0001,PULV LOW SEAL AIR HDR DIFF PRESS,,LOABS,PULV LOW SEAL AIR HDR DIFF PRESS,RTN,1,4.13818,4,INH2O,!WP1001!WP1002!WP1003!WP1006!WP1007!WP1014!hist14!CP1004,1
2026-07-18 15:45:16.5,1PDF,SLPSL0001,PULV LOW SEAL AIR HDR DIFF PRESS,,LOABS,PULV LOW SEAL AIR HDR DIFF PRESS,ALM,1,3.93779,4,INH2O,!WP1001!WP1002!WP1003!WP1006!WP1007!WP1014!hist14!CP1004,1
2026-07-18 15:45:23.5,1PDF,SLPSL0001,PULV LOW SEAL AIR HDR DIFF PRESS,,LOABS,PULV LOW SEAL AIR HDR DIFF PRESS,RTN,1,4.00781,4,INH2O,!WP1001!WP1002!WP1003!WP1006!WP1007!WP1014!hist14!CP1004,1
2026-07-18 15:45:25.5,1PDF,SLPSL0001,PULV LOW SEAL AIR HDR DIFF PRESS,,LOABS,PULV LOW SEAL AIR HDR DIFF PRESS,ALM,1,3.91992,4,INH2O,!WP1001!WP1002!WP1003!WP1006!WP1007!WP1014!hist14!CP1004,1
2026-07-18 15:45:49.5,1PDF,SLPSL0001,PULV LOW SEAL AIR HDR DIFF PRESS,,LOABS,PULV LOW SEAL AIR HDR DIFF PRESS,RTN,1,4.01807,4,INH2O,!WP1001!WP1002!WP1003!WP1006!WP1007!WP1014!hist14!CP1004,1
2026-07-18 15:45:50.5,1PDF,SLPSL0001,PULV LOW SEAL AIR HDR DIFF PRESS,,LOABS,PULV LOW SEAL AIR HDR DIFF PRESS,ALM,1,3.90967,4,INH2O,!WP1001!WP1002!WP1003!WP1006!WP1007!WP1014!hist14!CP1004,1
2026-07-18 15:45:55.5,1PDF,SLPSL0001,PULV LOW SEAL AIR HDR DIFF PRESS,,LOABS,PULV LOW SEAL AIR HDR DIFF PRESS,RTN,1,4.16514,4,INH2O,!WP1001!WP1002!WP1003!WP1006!WP1007!WP1014!hist14!CP1004,1
2026-07-18 15:45:58.5,1PDF,SLPSL0001,PULV LOW SEAL AIR HDR DIFF PRESS,,LOABS,PULV LOW SEAL AIR HDR DIFF PRESS,ALM,1,3.9873,4,INH2O,!WP1001!WP1002!WP1003!WP1006!WP1007!WP1014!hist14!CP1004,1
2026-07-18 15:46:39.5,1PDF,SLPSL0001,PULV LOW SEAL AIR HDR DIFF PRESS,,LOABS,PULV LOW SEAL AIR HDR DIFF PRESS,RTN,1,4.01719,4,INH2O,!WP1001!WP1002!WP1003!WP1006!WP1007!WP1014!hist14!CP1004,1
2026-07-18 15:46:40.5,1PDF,SLPSL0001,PULV LOW SEAL AIR HDR DIFF PRESS,,LOABS,PULV LOW SEAL AIR HDR DIFF PRESS,ALM,1,3.89648,4,INH2O,!WP1001!WP1002!WP1003!WP1006!WP1007!WP1014!hist14!CP1004,1
2026-07-18 15:46:43.5,1PDF,SLPSL0001,PULV LOW SEAL AIR HDR DIFF PRESS,,LOABS,PULV LOW SEAL AIR HDR DIFF PRESS,RTN,1,4.03887,4,INH2O,!WP1001!WP1002!WP1003!WP1006!WP1007!WP1014!hist14!CP1004,1
2026-07-18 15:46:59.6,1DAS11,IAAH3281,COND PUMP DISCH   SILICA,1233,HIABS,HIGH,RTN,1,9.37695,10,ppb,!WP1002!WP1006!WP1007!WP1001!WP1003!WP1014!hist14!CP1008,1
2026-07-18 15:47:53.1,1TWIP,DIFFALM2,REHEAT BOWL DEVIATION ALM,,HIABS,TWIP ALARM 50 DEG DEVIATION,ALM,3,90.2187,50,DEG,!WP1002!WP1006!WP1007!WP1001!WP1003!WP1014!hist14!CP1006,1
2026-07-18 15:47:53.1,1TWIP,DIFFALM2,REHEAT BOWL DEVIATION ALM,,HHABS,TWIP ALARM 75 DEG DEVIATION,ALM,1,90.2187,75,DEG,!WP1002!WP1006!WP1007!WP1001!WP1003!WP1014!hist14!CP1006,1
2026-07-18 15:47:54.0,1TWIP,DIFFALM2,REHEAT BOWL DEVIATION ALM,,HIABS,TWIP ALARM 50 DEG DEVIATION,RTN,3,36.1376,50,DEG,!WP1002!WP1006!WP1007!WP1001!WP1003!WP1014!hist14!CP1006,1
2026-07-18 15:47:54.0,1TWIP,DIFFALM2,REHEAT BOWL DEVIATION ALM,,HHABS,TWIP ALARM 75 DEG DEVIATION,RTN,1,36.1376,75,DEG,!WP1002!WP1006!WP1007!WP1001!WP1003!WP1014!hist14!CP1006,1
2026-07-18 15:48:02.0,1TWIP,DIFFALM2,REHEAT BOWL DEVIATION ALM,,HIABS,TWIP ALARM 50 DEG DEVIATION,ALM,3,58.7898,50,DEG,!WP1002!WP1006!WP1007!WP1001!WP1003!WP1014!hist14!CP1006,1
2026-07-18 15:48:03.1,1TWIP,DIFFALM2,REHEAT BOWL DEVIATION ALM,,HIABS,TWIP ALARM 50 DEG DEVIATION,RTN,3,41.9053,50,DEG,!WP1002!WP1006!WP1007!WP1001!WP1003!WP1014!hist14!CP1006,1
2026-07-18 15:48:06.0,1TWIP,DIFFALM2,REHEAT BOWL DEVIATION ALM,,HIABS,TWIP ALARM 50 DEG DEVIATION,ALM,3,79.4916,50,DEG,!WP1002!WP1006!WP1007!WP1001!WP1003!WP1014!hist14!CP1006,1
2026-07-18 15:48:06.0,1TWIP,DIFFALM2,REHEAT BOWL DEVIATION ALM,,HHABS,TWIP ALARM 75 DEG DEVIATION,ALM,1,79.4916,75,DEG,!WP1002!WP1006!WP1007!WP1001!WP1003!WP1014!hist14!CP1006,1
2026-07-18 15:48:07.1,1TWIP,DIFFALM2,REHEAT BOWL DEVIATION ALM,,HHABS,TWIP ALARM 75 DEG DEVIATION,RTN,1,63.2199,75,DEG,!WP1002!WP1006!WP1007!WP1001!WP1003!WP1014!hist14!CP1006,1
2026-07-18 15:48:09.1,1TWIP,DIFFALM2,REHEAT BOWL DEVIATION ALM,,HHABS,TWIP ALARM 75 DEG DEVIATION,ALM,1,75.2845,75,DEG,!WP1002!WP1006!WP1007!WP1001!WP1003!WP1014!hist14!CP1006,1
2026-07-18 15:48:38.5,1PDF,SLPSL0001,PULV LOW SEAL AIR HDR DIFF PRESS,,LOABS,PULV LOW SEAL AIR HDR DIFF PRESS,ALM,1,3.85752,4,INH2O,!WP1001!WP1002!WP1003!WP1006!WP1007!WP1014!hist14!CP1004,1
2026-07-18 15:48:45.1,1TWIP,DIFFALM2,REHEAT BOWL DEVIATION ALM,,HIABS,TWIP ALARM 50 DEG DEVIATION,RTN,3,1.17023,50,DEG,!WP1002!WP1006!WP1007!WP1001!WP1003!WP1014!hist14!CP1006,1
2026-07-18 15:48:45.1,1TWIP,DIFFALM2,REHEAT BOWL DEVIATION ALM,,HHABS,TWIP ALARM 75 DEG DEVIATION,RTN,1,1.17023,75,DEG,!WP1002!WP1006!WP1007!WP1001!WP1003!WP1014!hist14!CP1006,1
2026-07-18 15:48:47.1,1TWIP,DIFFALM2,REHEAT BOWL DEVIATION ALM,,HIABS,TWIP ALARM 50 DEG DEVIATION,ALM,3,225.009,50,DEG,!WP1002!WP1006!WP1007!WP1001!WP1003!WP1014!hist14!CP1006,1
2026-07-18 15:48:47.1,1TWIP,DIFFALM2,REHEAT BOWL DEVIATION ALM,,HHABS,TWIP ALARM 75 DEG DEVIATION,ALM,1,225.009,75,DEG,!WP1002!WP1006!WP1007!WP1001!WP1003!WP1014!hist14!CP1006,1
2026-07-18 15:49:11.7,1SEAL_AIR,PDI5735_ALM,BF B OUT DMPR SEAL CAV D/P LOW,,STATE,DP ALARM ACTIVE,ALM,3,,,,!WP1001!WP1002!WP1003!WP1006!WP1007!WP1014!hist14!CP1015,1
2026-07-18 15:49:17.5,1PDF,SLPSL0001,PULV LOW SEAL AIR HDR DIFF PRESS,,LOABS,PULV LOW SEAL AIR HDR DIFF PRESS,RTN,1,4.06904,4,INH2O,!WP1001!WP1002!WP1003!WP1006!WP1007!WP1014!hist14!CP1004,1
2026-07-18 15:49:20.5,1PDF,SLPSL0001,PULV LOW SEAL AIR HDR DIFF PRESS,,LOABS,PULV LOW SEAL AIR HDR DIFF PRESS,ALM,1,3.90791,4,INH2O,!WP1001!WP1002!WP1003!WP1006!WP1007!WP1014!hist14!CP1004,1
2026-07-18 15:49:44.8,1NW_ESP_SMP,NWAI6702B,PRECIP SUMP PMP B DSCH PH,,IOBAD,BAD CHANNEL,RTN,3,,,,!WP1002!WP1011!WP1001!hist14!CP1020,1
2026-07-18 15:50:29.1,1TWIP,DIFFALM2,REHEAT BOWL DEVIATION ALM,,HHABS,TWIP ALARM 75 DEG DEVIATION,RTN,1,64.0837,75,DEG,!WP1002!WP1006!WP1007!WP1001!WP1003!WP1014!hist14!CP1006,1
2026-07-18 15:50:32.0,1TWIP,DIFFALM2,REHEAT BOWL DEVIATION ALM,,HIABS,TWIP ALARM 50 DEG DEVIATION,RTN,3,35.8312,50,DEG,!WP1002!WP1006!WP1007!WP1001!WP1003!WP1014!hist14!CP1006,1
2026-07-18 15:50:52.0,1TWIP,DIFFALM2,REHEAT BOWL DEVIATION ALM,,HIABS,TWIP ALARM 50 DEG DEVIATION,ALM,3,52.4372,50,DEG,!WP1002!WP1006!WP1007!WP1001!WP1003!WP1014!hist14!CP1006,1
2026-07-18 15:50:53.1,1TWIP,DIFFALM2,REHEAT BOWL DEVIATION ALM,,HIABS,TWIP ALARM 50 DEG DEVIATION,RTN,3,40.9021,50,DEG,!WP1002!WP1006!WP1007!WP1001!WP1003!WP1014!hist14!CP1006,1
2026-07-18 15:50:54.7,1SEAL_AIR,PDI5735_ALM,BF B OUT DMPR SEAL CAV D/P LOW,,STATE,DP ALARM CLEAR,RTN,3,,,,!WP1001!WP1002!WP1003!WP1006!WP1007!WP1014!hist14!CP1015,1
2026-07-18 15:51:09.1,1TWIP,DIFFALM2,REHEAT BOWL DEVIATION ALM,,HIABS,TWIP ALARM 50 DEG DEVIATION,ALM,3,57.2853,50,DEG,!WP1002!WP1006!WP1007!WP1001!WP1003!WP1014!hist14!CP1006,1
2026-07-18 15:51:14.0,1TWIP,DIFFALM2,REHEAT BOWL DEVIATION ALM,,HIABS,TWIP ALARM 50 DEG DEVIATION,RTN,3,46.1682,50,DEG,!WP1002!WP1006!WP1007!WP1001!WP1003!WP1014!hist14!CP1006,1
2026-07-18 15:51:21.8,1AB_ECON_SEQ,ECON_HOP_T7,ECON HOPPER SEQ XV5121 TIMER,,PTARG,TIMEOUT,ALM,3,240.01,240,SEC,!WP1002!WP1011!WP1001!hist14!CP1020,1
2026-07-18 15:51:22.8,1AB_ECON_SEQ,ECON_HOP_T7,ECON HOPPER SEQ XV5121 TIMER,,PTARG,TIMEOUT,RTN,3,0,240,SEC,!WP1002!WP1011!WP1001!hist14!CP1020,1
2026-07-18 15:51:42.5,1PDF,SLPSL0001,PULV LOW SEAL AIR HDR DIFF PRESS,,LOABS,PULV LOW SEAL AIR HDR DIFF PRESS,RTN,1,4.21963,4,INH2O,!WP1001!WP1002!WP1003!WP1006!WP1007!WP1014!hist14!CP1004,1
2026-07-18 15:52:11.7,PAC_PLC,ACI_FDR_A_TR,ACI FDR A AC-WIC-5007 TRBLE ALM,,CHANGE,PAC FEEDER A TROUBLE,ALM,1,,,,!WP1001!WP1002!WP1003!WP1006!WP1007!WP1014!hist14!CP1003,1
2026-07-18 15:52:17.7,PAC_PLC,ACI_FDR_A_TR,ACI FDR A AC-WIC-5007 TRBLE ALM,,CHANGE,PAC FEEDER A TROUBLE,ALM,1,,,,!WP1001!WP1002!WP1003!WP1006!WP1007!WP1014!hist14!CP1003,1
2026-07-18 15:52:46.1,1TWIP,DIFFALM2,REHEAT BOWL DEVIATION ALM,,HIABS,TWIP ALARM 50 DEG DEVIATION,ALM,3,52.9666,50,DEG,!WP1002!WP1006!WP1007!WP1001!WP1003!WP1014!hist14!CP1006,1
2026-07-18 15:52:49.1,1TWIP,DIFFALM2,REHEAT BOWL DEVIATION ALM,,HIABS,TWIP ALARM 50 DEG DEVIATION,RTN,3,43.9671,50,DEG,!WP1002!WP1006!WP1007!WP1001!WP1003!WP1014!hist14!CP1006,1
2026-07-18 15:52:50.1,1TWIP,DIFFALM2,REHEAT BOWL DEVIATION ALM,,HIABS,TWIP ALARM 50 DEG DEVIATION,ALM,3,50.264,50,DEG,!WP1002!WP1006!WP1007!WP1001!WP1003!WP1014!hist14!CP1006,1
2026-07-18 15:52:52.0,1TWIP,DIFFALM2,REHEAT BOWL DEVIATION ALM,,HIABS,TWIP ALARM 50 DEG DEVIATION,RTN,3,46.5861,50,DEG,!WP1002!WP1006!WP1007!WP1001!WP1003!WP1014!hist14!CP1006,1
2026-07-18 15:53:19.7,1FG_B,ZSH5701A,BF B BLADE PITCH,,HIABS,BLADE PITCH ALARM,ALM,3,70.0938,70,%,!WP1001!WP1002!WP1003!WP1006!WP1007!WP1014!hist14!CP1015,1
2026-07-18 15:53:21.7,1FG_A,ZSH5601A,BF A BLADE PITCH,,HIABS,BLADE PITCH ALARM,ALM,3,70.0059,70,%,!WP1001!WP1002!WP1003!WP1006!WP1007!WP1014!hist14!CP1015,1
2026-07-18 15:53:28.5,1PDF,SLPSL0001,PULV LOW SEAL AIR HDR DIFF PRESS,,LOABS,PULV LOW SEAL AIR HDR DIFF PRESS,ALM,1,3.98672,4,INH2O,!WP1001!WP1002!WP1003!WP1006!WP1007!WP1014!hist14!CP1004,1
2026-07-18 15:53:28.7,1SEAL_AIR,PDI5735_ALM,BF B OUT DMPR SEAL CAV D/P LOW,,STATE,DP ALARM ACTIVE,ALM,3,,,,!WP1001!WP1002!WP1003!WP1006!WP1007!WP1014!hist14!CP1015,1
2026-07-18 15:53:29.5,1PDF,SLPSL0001,PULV LOW SEAL AIR HDR DIFF PRESS,,LOABS,PULV LOW SEAL AIR HDR DIFF PRESS,RTN,1,4.19414,4,INH2O,!WP1001!WP1002!WP1003!WP1006!WP1007!WP1014!hist14!CP1004,1
2026-07-18 15:53:34.5,1PDF,SLPSL0001,PULV LOW SEAL AIR HDR DIFF PRESS,,LOABS,PULV LOW SEAL AIR HDR DIFF PRESS,ALM,1,3.75293,4,INH2O,!WP1001!WP1002!WP1003!WP1006!WP1007!WP1014!hist14!CP1004,1
2026-07-18 15:53:35.7,1FG_A,ZSH5601A,BF A BLADE PITCH,,HIABS,BLADE PITCH ALARM,RTN,3,69.7969,70,%,!WP1001!WP1002!WP1003!WP1006!WP1007!WP1014!hist14!CP1015,1
2026-07-18 15:53:35.7,1FG_B,ZSH5701A,BF B BLADE PITCH,,HIABS,BLADE PITCH ALARM,RTN,3,69.7852,70,%,!WP1001!WP1002!WP1003!WP1006!WP1007!WP1014!hist14!CP1015,1
2026-07-18 15:53:40.0,1TWIP,DIFFALM2,REHEAT BOWL DEVIATION ALM,,HIABS,TWIP ALARM 50 DEG DEVIATION,ALM,3,50.7933,50,DEG,!WP1002!WP1006!WP1007!WP1001!WP1003!WP1014!hist14!CP1006,1
2026-07-18 15:53:59.1,1TWIP,DIFFALM2,REHEAT BOWL DEVIATION ALM,,HHABS,TWIP ALARM 75 DEG DEVIATION,ALM,1,77.2904,75,DEG,!WP1002!WP1006!WP1007!WP1001!WP1003!WP1014!hist14!CP1006,1
2026-07-18 15:54:00.1,1TWIP,DIFFALM2,REHEAT BOWL DEVIATION ALM,,HHABS,TWIP ALARM 75 DEG DEVIATION,RTN,1,59.5143,75,DEG,!WP1002!WP1006!WP1007!WP1001!WP1003!WP1014!hist14!CP1006,1
2026-07-18 15:54:06.1,1TWIP,DIFFALM2,REHEAT BOWL DEVIATION ALM,,HIABS,TWIP ALARM 50 DEG DEVIATION,RTN,3,48.3691,50,DEG,!WP1002!WP1006!WP1007!WP1001!WP1003!WP1014!hist14!CP1006,1
2026-07-18 15:54:07.1,1TWIP,DIFFALM2,REHEAT BOWL DEVIATION ALM,,HIABS,TWIP ALARM 50 DEG DEVIATION,ALM,3,58.539,50,DEG,!WP1002!WP1006!WP1007!WP1001!WP1003!WP1014!hist14!CP1006,1
2026-07-18 15:54:10.0,1TWIP,DIFFALM2,REHEAT BOWL DEVIATION ALM,,HHABS,TWIP ALARM 75 DEG DEVIATION,ALM,1,107.856,75,DEG,!WP1002!WP1006!WP1007!WP1001!WP1003!WP1014!hist14!CP1006,1
2026-07-18 15:54:25.6,1BCS_7,IKTE3751,REHEAT TEMP RIGHT (REDUNDANT),,HIABS,HIGH,ALM,1,1012.21,1012.18,DEG.F,!WP1002!WP1006!WP1007!WP1001!WP1003!WP1014!hist14!CP1007,1
2026-07-18 15:54:43.1,1TWIP,DIFFALM2,REHEAT BOWL DEVIATION ALM,,HHABS,TWIP ALARM 75 DEG DEVIATION,RTN,1,71.718,75,DEG,!WP1002!WP1006!WP1007!WP1001!WP1003!WP1014!hist14!CP1006,1
2026-07-18 15:54:44.1,1TWIP,DIFFALM2,REHEAT BOWL DEVIATION ALM,,HHABS,TWIP ALARM 75 DEG DEVIATION,ALM,1,96.5714,75,DEG,!WP1002!WP1006!WP1007!WP1001!WP1003!WP1014!hist14!CP1006,1
2026-07-18 15:54:45.1,1TWIP,DIFFALM2,REHEAT BOWL DEVIATION ALM,,HIABS,TWIP ALARM 50 DEG DEVIATION,RTN,3,47.8399,50,DEG,!WP1002!WP1006!WP1007!WP1001!WP1003!WP1014!hist14!CP1006,1
2026-07-18 15:54:45.1,1TWIP,DIFFALM2,REHEAT BOWL DEVIATION ALM,,HHABS,TWIP ALARM 75 DEG DEVIATION,RTN,1,47.8399,75,DEG,!WP1002!WP1006!WP1007!WP1001!WP1003!WP1014!hist14!CP1006,1
2026-07-18 15:54:48.1,1TWIP,DIFFALM2,REHEAT BOWL DEVIATION ALM,,HIABS,TWIP ALARM 50 DEG DEVIATION,ALM,3,60.6844,50,DEG,!WP1002!WP1006!WP1007!WP1001!WP1003!WP1014!hist14!CP1006,1
2026-07-18 15:54:49.1,1TWIP,DIFFALM2,REHEAT BOWL DEVIATION ALM,,HHABS,TWIP ALARM 75 DEG DEVIATION,ALM,1,87.2094,75,DEG,!WP1002!WP1006!WP1007!WP1001!WP1003!WP1014!hist14!CP1006,1
2026-07-18 15:55:03.7,1SEAL_AIR,PDI5735_ALM,BF B OUT DMPR SEAL CAV D/P LOW,,STATE,DP ALARM CLEAR,RTN,3,,,,!WP1001!WP1002!WP1003!WP1006!WP1007!WP1014!hist14!CP1015,1
2026-07-18 15:55:12.5,1PDF,SLPSL0001,PULV LOW SEAL AIR HDR DIFF PRESS,,LOABS,PULV LOW SEAL AIR HDR DIFF PRESS,RTN,1,4.16426,4,INH2O,!WP1001!WP1002!WP1003!WP1006!WP1007!WP1014!hist14!CP1004,1
2026-07-18 15:55:13.6,1BCS_7,IKTE3751,REHEAT TEMP RIGHT (REDUNDANT),,HIABS,HIGH,RTN,1,1007.13,1012.18,DEG.F,!WP1002!WP1006!WP1007!WP1001!WP1003!WP1014!hist14!CP1007,1
2026-07-18 15:55:30.0,1TWIP,DIFFALM2,REHEAT BOWL DEVIATION ALM,,HIABS,TWIP ALARM 50 DEG DEVIATION,RTN,3,39.8155,50,DEG,!WP1002!WP1006!WP1007!WP1001!WP1003!WP1014!hist14!CP1006,1
2026-07-18 15:55:30.0,1TWIP,DIFFALM2,REHEAT BOWL DEVIATION ALM,,HHABS,TWIP ALARM 75 DEG DEVIATION,RTN,1,39.8155,75,DEG,!WP1002!WP1006!WP1007!WP1001!WP1003!WP1014!hist14!CP1006,1
2026-07-18 15:55:52.3,1RP_VLV,AUTO_ALM,RP AUTO SELECTION LOGIC,,STATE,RP SELECTION OK,RTN,1,,,,!WP1001!WP1002!WP1003!WP1006!WP1007!WP1014!hist14!CP1017,1
2026-07-18 15:56:14.2,1FG_A,ZSH5601A,BF A BLADE PITCH,,HIABS,BLADE PITCH ALARM,ALM,3,70.0293,70,%,!WP1001!WP1002!WP1003!WP1006!WP1007!WP1014!hist14!CP1015,1
2026-07-18 15:56:17.2,1FG_B,ZSH5701A,BF B BLADE PITCH,,HIABS,BLADE PITCH ALARM,ALM,3,70.041,70,%,!WP1001!WP1002!WP1003!WP1006!WP1007!WP1014!hist14!CP1015,1
2026-07-18 15:56:17.7,1SEAL_AIR,PDI5735_ALM,BF B OUT DMPR SEAL CAV D/P LOW,,STATE,DP ALARM ACTIVE,ALM,3,,,,!WP1001!WP1002!WP1003!WP1006!WP1007!WP1014!hist14!CP1015,1
2026-07-18 15:56:26.8,1AB_ECON_SEQ,ECON_HOP_T8,ECON HOPPER SEQ XV5122 TIMER,,PTARG,TIMEOUT,ALM,3,241,240,SEC,!WP1002!WP1011!WP1001!hist14!CP1020,1
2026-07-18 15:56:27.8,1AB_ECON_SEQ,ECON_HOP_T8,ECON HOPPER SEQ XV5122 TIMER,,PTARG,TIMEOUT,RTN,3,0,240,SEC,!WP1002!WP1011!WP1001!hist14!CP1020,1
2026-07-18 15:56:32.8,1RPF_VIB,ARVI15554F,AR PMP F MTR IBRD SHAFT VIB-DE4,,HHABS,,RTN,1,4.35687,4.5,MILS,!WP1001!WP1002!WP1003!WP1006!WP1007!WP1014!hist14!CP1017,1
2026-07-18 15:56:34.3,1RPF_VIB,ARVI15554F,AR PMP F MTR IBRD SHAFT VIB-DE4,,HIABS,,RTN,3,3.25062,3.5,MILS,!WP1001!WP1002!WP1003!WP1006!WP1007!WP1014!hist14!CP1017,1
2026-07-18 15:56:54.7,1DAS11,IAAH3281,COND PUMP DISCH   SILICA,1233,HIABS,HIGH,ALM,1,11.3027,10,ppb,!WP1002!WP1006!WP1007!WP1001!WP1003!WP1014!hist14!CP1008,1
2026-07-18 15:57:07.2,1SCR_B_PRESS,FGPDI5228B,SCR B CAT LAYER 4 DP,1SR114 PNT 4,HHABS,HI HI DP,RTN,1,1.19988,1.7,INH2O,!WP1001!WP1002!WP1003!WP1006!WP1007!WP1014!hist14!CP1016,1
2026-07-18 15:57:13.5,1PDF,SLPSL0001,PULV LOW SEAL AIR HDR DIFF PRESS,,LOABS,PULV LOW SEAL AIR HDR DIFF PRESS,ALM,1,3.98174,4,INH2O,!WP1001!WP1002!WP1003!WP1006!WP1007!WP1014!hist14!CP1004,1
2026-07-18 15:57:14.5,1PDF,SLPSL0001,PULV LOW SEAL AIR HDR DIFF PRESS,,LOABS,PULV LOW SEAL AIR HDR DIFF PRESS,RTN,1,4.04678,4,INH2O,!WP1001!WP1002!WP1003!WP1006!WP1007!WP1014!hist14!CP1004,1
2026-07-18 15:57:15.5,1PDF,SLPSL0001,PULV LOW SEAL AIR HDR DIFF PRESS,,LOABS,PULV LOW SEAL AIR HDR DIFF PRESS,ALM,1,3.97354,4,INH2O,!WP1001!WP1002!WP1003!WP1006!WP1007!WP1014!hist14!CP1004,1
2026-07-18 15:57:16.5,1PDF,SLPSL0001,PULV LOW SEAL AIR HDR DIFF PRESS,,LOABS,PULV LOW SEAL AIR HDR DIFF PRESS,RTN,1,4.08721,4,INH2O,!WP1001!WP1002!WP1003!WP1006!WP1007!WP1014!hist14!CP1004,1
2026-07-18 15:57:17.5,1PDF,SLPSL0001,PULV LOW SEAL AIR HDR DIFF PRESS,,LOABS,PULV LOW SEAL AIR HDR DIFF PRESS,ALM,1,3.97324,4,INH2O,!WP1001!WP1002!WP1003!WP1006!WP1007!WP1014!hist14!CP1004,1
2026-07-18 15:57:18.5,1PDF,SLPSL0001,PULV LOW SEAL AIR HDR DIFF PRESS,,LOABS,PULV LOW SEAL AIR HDR DIFF PRESS,RTN,1,4.01309,4,INH2O,!WP1001!WP1002!WP1003!WP1006!WP1007!WP1014!hist14!CP1004,1
2026-07-18 15:57:19.5,1PDF,SLPSL0001,PULV LOW SEAL AIR HDR DIFF PRESS,,LOABS,PULV LOW SEAL AIR HDR DIFF PRESS,ALM,1,3.89268,4,INH2O,!WP1001!WP1002!WP1003!WP1006!WP1007!WP1014!hist14!CP1004,1
2026-07-18 15:57:44.5,1PDF,SLPSL0001,PULV LOW SEAL AIR HDR DIFF PRESS,,LOABS,PULV LOW SEAL AIR HDR DIFF PRESS,RTN,1,4.03184,4,INH2O,!WP1001!WP1002!WP1003!WP1006!WP1007!WP1014!hist14!CP1004,1
2026-07-18 15:57:45.5,1PDF,SLPSL0001,PULV LOW SEAL AIR HDR DIFF PRESS,,LOABS,PULV LOW SEAL AIR HDR DIFF PRESS,ALM,1,3.97207,4,INH2O,!WP1001!WP1002!WP1003!WP1006!WP1007!WP1014!hist14!CP1004,1
2026-07-18 15:58:32.5,1PDF,SLPSL0001,PULV LOW SEAL AIR HDR DIFF PRESS,,LOABS,PULV LOW SEAL AIR HDR DIFF PRESS,RTN,1,4.01895,4,INH2O,!WP1001!WP1002!WP1003!WP1006!WP1007!WP1014!hist14!CP1004,1
2026-07-18 15:58:33.5,1PDF,SLPSL0001,PULV LOW SEAL AIR HDR DIFF PRESS,,LOABS,PULV LOW SEAL AIR HDR DIFF PRESS,ALM,1,3.91934,4,INH2O,!WP1001!WP1002!WP1003!WP1006!WP1007!WP1014!hist14!CP1004,1
2026-07-18 15:58:34.5,1PDF,SLPSL0001,PULV LOW SEAL AIR HDR DIFF PRESS,,LOABS,PULV LOW SEAL AIR HDR DIFF PRESS,RTN,1,4.01572,4,INH2O,!WP1001!WP1002!WP1003!WP1006!WP1007!WP1014!hist14!CP1004,1
2026-07-18 15:58:35.5,1PDF,SLPSL0001,PULV LOW SEAL AIR HDR DIFF PRESS,,LOABS,PULV LOW SEAL AIR HDR DIFF PRESS,ALM,1,3.84199,4,INH2O,!WP1001!WP1002!WP1003!WP1006!WP1007!WP1014!hist14!CP1004,1
2026-07-18 15:59:16.5,1PDF,SLPSL0001,PULV LOW SEAL AIR HDR DIFF PRESS,,LOABS,PULV LOW SEAL AIR HDR DIFF PRESS,RTN,1,4.07871,4,INH2O,!WP1001!WP1002!WP1003!WP1006!WP1007!WP1014!hist14!CP1004,1
2026-07-18 15:59:17.5,1PDF,SLPSL0001,PULV LOW SEAL AIR HDR DIFF PRESS,,LOABS,PULV LOW SEAL AIR HDR DIFF PRESS,ALM,1,3.9709,4,INH2O,!WP1001!WP1002!WP1003!WP1006!WP1007!WP1014!hist14!CP1004,1
2026-07-18 15:59:18.5,1PDF,SLPSL0001,PULV LOW SEAL AIR HDR DIFF PRESS,,LOABS,PULV LOW SEAL AIR HDR DIFF PRESS,RTN,1,4.08984,4,INH2O,!WP1001!WP1002!WP1003!WP1006!WP1007!WP1014!hist14!CP1004,1
2026-07-18 15:59:59.7,1FP,B58,ID FAN B INLET DAMPER FEEDBACK,,HHABS,IDF B DAMPER 80%,ALM,1,80.0744,80,PCT,!WP1001!WP1002!WP1003!WP1006!WP1007!WP1014!hist14!CP1001,1
2026-07-18 15:59:59.2,1FP,B86,ID FAN C INLET DAMPER FEEDBACK,,HHABS,ID FAN C DAMPER 80 %,ALM,1,80.061,80,PCT,!WP1001!WP1002!WP1003!WP1006!WP1007!WP1014!hist14!CP1001,1
2026-07-18 15:59:59.7,1FG_B,5706TX_ALM,BF B INLET OUTLET PRESS,FGPDIT5706,STATE,BF B INLET/OUTLET PRESS DEV,ALM,3,,,,!WP1001!WP1002!WP1003!WP1006!WP1007!WP1014!hist14!CP1015,1
2026-07-18 16:00:00.2,1FP,B56,ID FAN A INLET DAMPER FEEDBACK,,HHABS,ID FAN A DAMPER 80 %,ALM,1,80.1147,80,PCT,!WP1001!WP1002!WP1003!WP1006!WP1007!WP1014!hist14!CP1001,1
2026-07-18 16:00:12.3,1AR_LS,DEV_5803,LS SYS B,,STATE,VALVE 5803 DEVIATION,ALM,3,,,,!WP1001!WP1002!WP1003!WP1006!WP1007!WP1014!hist14!CP1017,1
2026-07-18 16:01:08.3,1AR_LS,DEV_5803,LS SYS B,,STATE,,RTN,3,,,,!WP1001!WP1002!WP1003!WP1006!WP1007!WP1014!hist14!CP1017,1
2026-07-18 16:01:30.8,1AB_ECON_SEQ,ECON_HOP_T9,ECON HOPPER SEQ XV5123 TIMER,,PTARG,TIMEOUT,ALM,3,241,240,SEC,!WP1002!WP1011!WP1001!hist14!CP1020,1
2026-07-18 16:01:31.8,1AB_ECON_SEQ,ECON_HOP_T9,ECON HOPPER SEQ XV5123 TIMER,,PTARG,TIMEOUT,RTN,3,0,240,SEC,!WP1002!WP1011!WP1001!hist14!CP1020,1
2026-07-18 16:01:42.3,IDFAN_PEEC,OPCY_ALM,PRECIP OUT > 50%,PRECIP OUTLET,STATE,ALARM,ALM,3,,,,!WP1001!WP1002!WP1003!WP1006!WP1007!WP1014!hist14!CP1003,1
2026-07-18 16:01:43.2,1AF,B76,FD FAN B INLET DAMPER FEEDBACK,,HHABS,FD FAN B DAMPER > 80%,ALM,1,80.0293,80,PCT,!WP1001!WP1002!WP1003!WP1006!WP1007!WP1014!hist14!CP1001,1
2026-07-18 16:01:52.7,1AF,B74,FD FAN A INLET DAMPER FEEDBACK,,HHABS,FD FAN A DAMPER > 80%,ALM,1,80.0234,80,PCT,!WP1001!WP1002!WP1003!WP1006!WP1007!WP1014!hist14!CP1001,1
2026-07-18 16:02:36.3,IDFAN_PEEC,OPCY_ALM,PRECIP OUT > 50%,PRECIP OUTLET,STATE,NORMAL,RTN,3,,,,!WP1001!WP1002!WP1003!WP1006!WP1007!WP1014!hist14!CP1003,1
2026-07-18 16:02:40.3,IDFAN_PEEC,OPCY_ALM,PRECIP OUT > 50%,PRECIP OUTLET,STATE,ALARM,ALM,3,,,,!WP1001!WP1002!WP1003!WP1006!WP1007!WP1014!hist14!CP1003,1
2026-07-18 16:02:56.7,1FG_B,5703TX_ALM,BF B INLET BOX PRESS,FGPIT5703,STATE,BF B INLET PRESS DEVIATION,ALM,3,,,,!WP1001!WP1002!WP1003!WP1006!WP1007!WP1014!hist14!CP1015,1
2026-07-18 16:02:58.5,1PDF,SLPSL0001,PULV LOW SEAL AIR HDR DIFF PRESS,,LOABS,PULV LOW SEAL AIR HDR DIFF PRESS,ALM,1,3.96738,4,INH2O,!WP1001!WP1002!WP1003!WP1006!WP1007!WP1014!hist14!CP1004,1
2026-07-18 16:02:59.5,1PDF,SLPSL0001,PULV LOW SEAL AIR HDR DIFF PRESS,,LOABS,PULV LOW SEAL AIR HDR DIFF PRESS,RTN,1,4.07666,4,INH2O,!WP1001!WP1002!WP1003!WP1006!WP1007!WP1014!hist14!CP1004,1
2026-07-18 16:03:10.5,1PDF,SLPSL0001,PULV LOW SEAL AIR HDR DIFF PRESS,,LOABS,PULV LOW SEAL AIR HDR DIFF PRESS,ALM,1,3.99932,4,INH2O,!WP1001!WP1002!WP1003!WP1006!WP1007!WP1014!hist14!CP1004,1
2026-07-18 16:03:11.5,1PDF,SLPSL0001,PULV LOW SEAL AIR HDR DIFF PRESS,,LOABS,PULV LOW SEAL AIR HDR DIFF PRESS,RTN,1,4.06172,4,INH2O,!WP1001!WP1002!WP1003!WP1006!WP1007!WP1014!hist14!CP1004,1
2026-07-18 16:03:12.5,1PDF,SLPSL0001,PULV LOW SEAL AIR HDR DIFF PRESS,,LOABS,PULV LOW SEAL AIR HDR DIFF PRESS,ALM,1,3.92314,4,INH2O,!WP1001!WP1002!WP1003!WP1006!WP1007!WP1014!hist14!CP1004,1
2026-07-18 16:03:59.1,1DAS3,ISTE2311,ALT SLOT NO 5 TMP,1425,HIABS,HIGH,ALM,5,170.007,170,DEG.F,!WP1002!WP1006!WP1007!WP1001!WP1003!WP1014!hist14!CP1006,1
2026-07-18 16:04:36.7,1AF,B74,FD FAN A INLET DAMPER FEEDBACK,,HHABS,FD FAN A DAMPER > 80%,RTN,1,79.916,80,PCT,!WP1001!WP1002!WP1003!WP1006!WP1007!WP1014!hist14!CP1001,1
2026-07-18 16:04:49.7,1AF,B76,FD FAN B INLET DAMPER FEEDBACK,,HHABS,FD FAN B DAMPER > 80%,RTN,1,79.9531,80,PCT,!WP1001!WP1002!WP1003!WP1006!WP1007!WP1014!hist14!CP1001,1
2026-07-18 16:05:11.3,IDFAN_PEEC,OPCY_ALM,PRECIP OUT > 50%,PRECIP OUTLET,STATE,NORMAL,RTN,3,,,,!WP1001!WP1002!WP1003!WP1006!WP1007!WP1014!hist14!CP1003,1
2026-07-18 16:05:17.5,1PDF,SLPSL0001,PULV LOW SEAL AIR HDR DIFF PRESS,,LOABS,PULV LOW SEAL AIR HDR DIFF PRESS,RTN,1,4.08428,4,INH2O,!WP1001!WP1002!WP1003!WP1006!WP1007!WP1014!hist14!CP1004,1
2026-07-18 16:05:21.5,1PDF,SLPSL0001,PULV LOW SEAL AIR HDR DIFF PRESS,,LOABS,PULV LOW SEAL AIR HDR DIFF PRESS,ALM,1,3.95098,4,INH2O,!WP1001!WP1002!WP1003!WP1006!WP1007!WP1014!hist14!CP1004,1
2026-07-18 16:05:22.5,1PDF,SLPSL0001,PULV LOW SEAL AIR HDR DIFF PRESS,,LOABS,PULV LOW SEAL AIR HDR DIFF PRESS,RTN,1,4.01279,4,INH2O,!WP1001!WP1002!WP1003!WP1006!WP1007!WP1014!hist14!CP1004,1
2026-07-18 16:05:23.5,1PDF,SLPSL0001,PULV LOW SEAL AIR HDR DIFF PRESS,,LOABS,PULV LOW SEAL AIR HDR DIFF PRESS,ALM,1,3.98936,4,INH2O,!WP1001!WP1002!WP1003!WP1006!WP1007!WP1014!hist14!CP1004,1
2026-07-18 16:05:24.5,1PDF,SLPSL0001,PULV LOW SEAL AIR HDR DIFF PRESS,,LOABS,PULV LOW SEAL AIR HDR DIFF PRESS,RTN,1,4.11738,4,INH2O,!WP1001!WP1002!WP1003!WP1006!WP1007!WP1014!hist14!CP1004,1
2026-07-18 16:05:25.3,IDFAN_PEEC,OPCY_ALM,PRECIP OUT > 50%,PRECIP OUTLET,STATE,ALARM,ALM,3,,,,!WP1001!WP1002!WP1003!WP1006!WP1007!WP1014!hist14!CP1003,1
2026-07-18 16:05:27.5,1PDF,SLPSL0001,PULV LOW SEAL AIR HDR DIFF PRESS,,LOABS,PULV LOW SEAL AIR HDR DIFF PRESS,ALM,1,3.98496,4,INH2O,!WP1001!WP1002!WP1003!WP1006!WP1007!WP1014!hist14!CP1004,1
2026-07-18 16:05:28.5,1PDF,SLPSL0001,PULV LOW SEAL AIR HDR DIFF PRESS,,LOABS,PULV LOW SEAL AIR HDR DIFF PRESS,RTN,1,4.03652,4,INH2O,!WP1001!WP1002!WP1003!WP1006!WP1007!WP1014!hist14!CP1004,1
2026-07-18 16:05:29.5,1PDF,SLPSL0001,PULV LOW SEAL AIR HDR DIFF PRESS,,LOABS,PULV LOW SEAL AIR HDR DIFF PRESS,ALM,1,3.90117,4,INH2O,!WP1001!WP1002!WP1003!WP1006!WP1007!WP1014!hist14!CP1004,1
2026-07-18 16:05:30.5,1PDF,SLPSL0001,PULV LOW SEAL AIR HDR DIFF PRESS,,LOABS,PULV LOW SEAL AIR HDR DIFF PRESS,RTN,1,4.02188,4,INH2O,!WP1001!WP1002!WP1003!WP1006!WP1007!WP1014!hist14!CP1004,1
2026-07-18 16:05:38.3,IDFAN_PEEC,OPCY_ALM,PRECIP OUT > 50%,PRECIP OUTLET,STATE,NORMAL,RTN,3,,,,!WP1001!WP1002!WP1003!WP1006!WP1007!WP1014!hist14!CP1003,1
2026-07-18 16:05:52.8,IDFAN_PEEC,OPCY_ALM,PRECIP OUT > 50%,PRECIP OUTLET,STATE,ALARM,ALM,3,,,,!WP1001!WP1002!WP1003!WP1006!WP1007!WP1014!hist14!CP1003,1
2026-07-18 16:05:54.2,1FG_B,5703TX_ALM,BF B INLET BOX PRESS,FGPIT5703,STATE,DEVIATION ALARM CLEAR,RTN,3,,,,!WP1001!WP1002!WP1003!WP1006!WP1007!WP1014!hist14!CP1015,1
2026-07-18 16:05:57.8,1NW_ESP_SMP,NWAI6702B,PRECIP SUMP PMP B DSCH PH,,IOBAD,BAD CHANNEL,ALM,3,,,,!WP1002!WP1011!WP1001!hist14!CP1020,1
2026-07-18 16:05:59.8,IDFAN_PEEC,OPCY_ALM,PRECIP OUT > 50%,PRECIP OUTLET,STATE,NORMAL,RTN,3,,,,!WP1001!WP1002!WP1003!WP1006!WP1007!WP1014!hist14!CP1003,1
2026-07-18 16:05:59.3,1NW_ESP_SMP,NWAI6702B,PRECIP SUMP PMP B DSCH PH,,IOBAD,BAD CHANNEL,RTN,3,,,,!WP1002!WP1011!WP1001!hist14!CP1020,1
2026-07-18 16:06:03.3,1NW_ESP_SMP,NWAI6702B,PRECIP SUMP PMP B DSCH PH,,IOBAD,BAD CHANNEL,ALM,3,,,,!WP1002!WP1011!WP1001!hist14!CP1020,1
2026-07-18 16:06:05.7,1AF,B76,FD FAN B INLET DAMPER FEEDBACK,,HHABS,FD FAN B DAMPER > 80%,ALM,1,80.0215,80,PCT,!WP1001!WP1002!WP1003!WP1006!WP1007!WP1014!hist14!CP1001,1
2026-07-18 16:06:35.8,1AB_ECON_SEQ,ECON_HOP_T10,ECON HOPPER SEQ XV5124 TIMER,,PTARG,TIMEOUT,ALM,3,241,240,SEC,!WP1002!WP1011!WP1001!hist14!CP1020,1
2026-07-18 16:06:36.8,1AB_ECON_SEQ,ECON_HOP_T10,ECON HOPPER SEQ XV5124 TIMER,,PTARG,TIMEOUT,RTN,3,0,240,SEC,!WP1002!WP1011!WP1001!hist14!CP1020,1
2026-07-18 16:06:47.2,1AF,B76,FD FAN B INLET DAMPER FEEDBACK,,HHABS,FD FAN B DAMPER > 80%,RTN,1,79.9863,80,PCT,!WP1001!WP1002!WP1003!WP1006!WP1007!WP1014!hist14!CP1001,1
2026-07-18 16:06:56.3,IDFAN_PEEC,OPCY_ALM,PRECIP OUT > 50%,PRECIP OUTLET,STATE,ALARM,ALM,3,,,,!WP1001!WP1002!WP1003!WP1006!WP1007!WP1014!hist14!CP1003,1
2026-07-18 16:07:00.1,1DAS3,ISTE2291,ALT SLOT NO 3 TMP,1423,HIABS,HIGH,ALM,5,170.004,170,DEG.F,!WP1002!WP1006!WP1007!WP1001!WP1003!WP1014!hist14!CP1006,1
2026-07-18 16:07:08.5,1PDF,SLPSL0001,PULV LOW SEAL AIR HDR DIFF PRESS,,LOABS,PULV LOW SEAL AIR HDR DIFF PRESS,ALM,1,3.96885,4,INH2O,!WP1001!WP1002!WP1003!WP1006!WP1007!WP1014!hist14!CP1004,1
2026-07-18 16:07:11.5,1PDF,SLPSL0001,PULV LOW SEAL AIR HDR DIFF PRESS,,LOABS,PULV LOW SEAL AIR HDR DIFF PRESS,RTN,1,4.04795,4,INH2O,!WP1001!WP1002!WP1003!WP1006!WP1007!WP1014!hist14!CP1004,1
2026-07-18 16:07:12.5,1PDF,SLPSL0001,PULV LOW SEAL AIR HDR DIFF PRESS,,LOABS,PULV LOW SEAL AIR HDR DIFF PRESS,ALM,1,3.93721,4,INH2O,!WP1001!WP1002!WP1003!WP1006!WP1007!WP1014!hist14!CP1004,1
2026-07-18 16:07:37.8,IDFAN_PEEC,OPCY_ALM,PRECIP OUT > 50%,PRECIP OUTLET,STATE,NORMAL,RTN,3,,,,!WP1001!WP1002!WP1003!WP1006!WP1007!WP1014!hist14!CP1003,1
2026-07-18 16:07:47.5,1PDF,SLPSL0001,PULV LOW SEAL AIR HDR DIFF PRESS,,LOABS,PULV LOW SEAL AIR HDR DIFF PRESS,RTN,1,4.02832,4,INH2O,!WP1001!WP1002!WP1003!WP1006!WP1007!WP1014!hist14!CP1004,1
2026-07-18 16:07:50.5,1PDF,SLPSL0001,PULV LOW SEAL AIR HDR DIFF PRESS,,LOABS,PULV LOW SEAL AIR HDR DIFF PRESS,ALM,1,3.93457,4,INH2O,!WP1001!WP1002!WP1003!WP1006!WP1007!WP1014!hist14!CP1004,1
2026-07-18 16:08:03.6,1BCS_7,IKTE3751,REHEAT TEMP RIGHT (REDUNDANT),,HIABS,HIGH,ALM,1,1012.19,1012.18,DEG.F,!WP1002!WP1006!WP1007!WP1001!WP1003!WP1014!hist14!CP1007,1
2026-07-18 16:08:34.3,IDFAN_PEEC,OPCY_ALM,PRECIP OUT > 50%,PRECIP OUTLET,STATE,ALARM,ALM,3,,,,!WP1001!WP1002!WP1003!WP1006!WP1007!WP1014!hist14!CP1003,1
2026-07-18 16:08:43.3,IDFAN_PEEC,OPCY_ALM,PRECIP OUT > 50%,PRECIP OUTLET,STATE,NORMAL,RTN,3,,,,!WP1001!WP1002!WP1003!WP1006!WP1007!WP1014!hist14!CP1003,1
2026-07-18 16:09:05.6,1BCS_7,IKTE3751,REHEAT TEMP RIGHT (REDUNDANT),,HIABS,HIGH,RTN,1,1007.13,1012.18,DEG.F,!WP1002!WP1006!WP1007!WP1001!WP1003!WP1014!hist14!CP1007,1
2026-07-18 16:09:23.5,1PDF,SLPSL0001,PULV LOW SEAL AIR HDR DIFF PRESS,,LOABS,PULV LOW SEAL AIR HDR DIFF PRESS,RTN,1,4.01748,4,INH2O,!WP1001!WP1002!WP1003!WP1006!WP1007!WP1014!hist14!CP1004,1
2026-07-18 16:09:24.5,1PDF,SLPSL0001,PULV LOW SEAL AIR HDR DIFF PRESS,,LOABS,PULV LOW SEAL AIR HDR DIFF PRESS,ALM,1,3.95654,4,INH2O,!WP1001!WP1002!WP1003!WP1006!WP1007!WP1014!hist14!CP1004,1
2026-07-18 16:09:27.5,1PDF,SLPSL0001,PULV LOW SEAL AIR HDR DIFF PRESS,,LOABS,PULV LOW SEAL AIR HDR DIFF PRESS,RTN,1,4.08223,4,INH2O,!WP1001!WP1002!WP1003!WP1006!WP1007!WP1014!hist14!CP1004,1
2026-07-18 16:09:33.5,1PDF,SLPSL0001,PULV LOW SEAL AIR HDR DIFF PRESS,,LOABS,PULV LOW SEAL AIR HDR DIFF PRESS,ALM,1,3.94189,4,INH2O,!WP1001!WP1002!WP1003!WP1006!WP1007!WP1014!hist14!CP1004,1
2026-07-18 16:09:33.3,1GS_A,BLEED_FAIL,BLEED SYSTEM A FAILURE,,STATE,BLEED SYSTEM A EQUIPMENT FAILURE,ALM,3,,,,!WP1001!WP1002!WP1003!WP1006!WP1007!WP1014!hist14!CP1017,1
2026-07-18 16:09:34.5,1PDF,SLPSL0001,PULV LOW SEAL AIR HDR DIFF PRESS,,LOABS,PULV LOW SEAL AIR HDR DIFF PRESS,RTN,1,4.0541,4,INH2O,!WP1001!WP1002!WP1003!WP1006!WP1007!WP1014!hist14!CP1004,1
2026-07-18 16:09:35.5,1PDF,SLPSL0001,PULV LOW SEAL AIR HDR DIFF PRESS,,LOABS,PULV LOW SEAL AIR HDR DIFF PRESS,ALM,1,3.98086,4,INH2O,!WP1001!WP1002!WP1003!WP1006!WP1007!WP1014!hist14!CP1004,1
2026-07-18 16:09:36.5,1PDF,SLPSL0001,PULV LOW SEAL AIR HDR DIFF PRESS,,LOABS,PULV LOW SEAL AIR HDR DIFF PRESS,RTN,1,4.12441,4,INH2O,!WP1001!WP1002!WP1003!WP1006!WP1007!WP1014!hist14!CP1004,1
2026-07-18 16:09:39.5,1PDF,SLPSL0001,PULV LOW SEAL AIR HDR DIFF PRESS,,LOABS,PULV LOW SEAL AIR HDR DIFF PRESS,ALM,1,3.88945,4,INH2O,!WP1001!WP1002!WP1003!WP1006!WP1007!WP1014!hist14!CP1004,1
2026-07-18 16:09:44.5,1PDF,SLPSL0001,PULV LOW SEAL AIR HDR DIFF PRESS,,LOABS,PULV LOW SEAL AIR HDR DIFF PRESS,RTN,1,4.09189,4,INH2O,!WP1001!WP1002!WP1003!WP1006!WP1007!WP1014!hist14!CP1004,1
2026-07-18 16:09:49.5,1PDF,SLPSL0001,PULV LOW SEAL AIR HDR DIFF PRESS,,LOABS,PULV LOW SEAL AIR HDR DIFF PRESS,ALM,1,3.95801,4,INH2O,!WP1001!WP1002!WP1003!WP1006!WP1007!WP1014!hist14!CP1004,1
2026-07-18 16:10:18.5,1PDF,SLPSL0001,PULV LOW SEAL AIR HDR DIFF PRESS,,LOABS,PULV LOW SEAL AIR HDR DIFF PRESS,RTN,1,4.23369,4,INH2O,!WP1001!WP1002!WP1003!WP1006!WP1007!WP1014!hist14!CP1004,1
2026-07-18 16:10:19.1,1DAS3,ISTE2321,ALT SLOT NO 6 TMP,1426,HIABS,HIGH,ALM,5,170.004,170,DEG.F,!WP1002!WP1006!WP1007!WP1001!WP1003!WP1014!hist14!CP1006,1
2026-07-18 16:10:23.5,1PDF,SLPSL0001,PULV LOW SEAL AIR HDR DIFF PRESS,,LOABS,PULV LOW SEAL AIR HDR DIFF PRESS,ALM,1,3.91172,4,INH2O,!WP1001!WP1002!WP1003!WP1006!WP1007!WP1014!hist14!CP1004,1
2026-07-18 16:10:24.5,1PDF,SLPSL0001,PULV LOW SEAL AIR HDR DIFF PRESS,,LOABS,PULV LOW SEAL AIR HDR DIFF PRESS,RTN,1,4.02305,4,INH2O,!WP1001!WP1002!WP1003!WP1006!WP1007!WP1014!hist14!CP1004,1
2026-07-18 16:10:29.5,1PDF,SLPSL0001,PULV LOW SEAL AIR HDR DIFF PRESS,,LOABS,PULV LOW SEAL AIR HDR DIFF PRESS,ALM,1,3.94951,4,INH2O,!WP1001!WP1002!WP1003!WP1006!WP1007!WP1014!hist14!CP1004,1
2026-07-18 16:11:02.5,1PDF,SLPSL0001,PULV LOW SEAL AIR HDR DIFF PRESS,,LOABS,PULV LOW SEAL AIR HDR DIFF PRESS,RTN,1,4.06406,4,INH2O,!WP1001!WP1002!WP1003!WP1006!WP1007!WP1014!hist14!CP1004,1
2026-07-18 16:11:03.5,1PDF,SLPSL0001,PULV LOW SEAL AIR HDR DIFF PRESS,,LOABS,PULV LOW SEAL AIR HDR DIFF PRESS,ALM,1,3.8877,4,INH2O,!WP1001!WP1002!WP1003!WP1006!WP1007!WP1014!hist14!CP1004,1
2026-07-18 16:11:04.5,1PDF,SLPSL0001,PULV LOW SEAL AIR HDR DIFF PRESS,,LOABS,PULV LOW SEAL AIR HDR DIFF PRESS,RTN,1,4.00313,4,INH2O,!WP1001!WP1002!WP1003!WP1006!WP1007!WP1014!hist14!CP1004,1
2026-07-18 16:11:05.5,1PDF,SLPSL0001,PULV LOW SEAL AIR HDR DIFF PRESS,,LOABS,PULV LOW SEAL AIR HDR DIFF PRESS,ALM,1,3.86982,4,INH2O,!WP1001!WP1002!WP1003!WP1006!WP1007!WP1014!hist14!CP1004,1
2026-07-18 16:11:08.5,1PDF,SLPSL0001,PULV LOW SEAL AIR HDR DIFF PRESS,,LOABS,PULV LOW SEAL AIR HDR DIFF PRESS,RTN,1,4.11006,4,INH2O,!WP1001!WP1002!WP1003!WP1006!WP1007!WP1014!hist14!CP1004,1
2026-07-18 16:11:14.5,1PDF,SLPSL0001,PULV LOW SEAL AIR HDR DIFF PRESS,,LOABS,PULV LOW SEAL AIR HDR DIFF PRESS,ALM,1,3.98965,4,INH2O,!WP1001!WP1002!WP1003!WP1006!WP1007!WP1014!hist14!CP1004,1
2026-07-18 16:11:15.5,1PDF,SLPSL0001,PULV LOW SEAL AIR HDR DIFF PRESS,,LOABS,PULV LOW SEAL AIR HDR DIFF PRESS,RTN,1,4.05059,4,INH2O,!WP1001!WP1002!WP1003!WP1006!WP1007!WP1014!hist14!CP1004,1
2026-07-18 16:11:20.5,1PDF,SLPSL0001,PULV LOW SEAL AIR HDR DIFF PRESS,,LOABS,PULV LOW SEAL AIR HDR DIFF PRESS,ALM,1,3.86455,4,INH2O,!WP1001!WP1002!WP1003!WP1006!WP1007!WP1014!hist14!CP1004,1
2026-07-18 16:12:35.5,1FUEL_SFTY,FPTX_ALM,DRAFT TRANSMITTER DEVIATION,,STATE,FURN DRAFT PRESS XMTR DEVIATION,ALM,5,,,,!WP1001!WP1002!WP1003!WP1006!WP1007!WP1014!hist14!CP1004,1
2026-07-18 16:12:47.5,1PDF,SLPSL0001,PULV LOW SEAL AIR HDR DIFF PRESS,,LOABS,PULV LOW SEAL AIR HDR DIFF PRESS,RTN,1,4.0459,4,INH2O,!WP1001!WP1002!WP1003!WP1006!WP1007!WP1014!hist14!CP1004,1
2026-07-18 16:12:47.3,1FG_B,5706TX_ALM,BF B INLET OUTLET PRESS,FGPDIT5706,STATE,DEVIATION ALARM CLEAR,RTN,3,,,,!WP1001!WP1002!WP1003!WP1006!WP1007!WP1014!hist14!CP1015,1
2026-07-18 16:12:54.5,1PDF,SLPSL0001,PULV LOW SEAL AIR HDR DIFF PRESS,,LOABS,PULV LOW SEAL AIR HDR DIFF PRESS,ALM,1,3.93691,4,INH2O,!WP1001!WP1002!WP1003!WP1006!WP1007!WP1014!hist14!CP1004,1
2026-07-18 16:12:57.5,1PDF,SLPSL0001,PULV LOW SEAL AIR HDR DIFF PRESS,,LOABS,PULV LOW SEAL AIR HDR DIFF PRESS,RTN,1,4.00752,4,INH2O,!WP1001!WP1002!WP1003!WP1006!WP1007!WP1014!hist14!CP1004,1
2026-07-18 16:13:01.5,1FUEL_SFTY,FPTX_ALM,DRAFT TRANSMITTER DEVIATION,,STATE,NO DEVIATION,RTN,5,,,,!WP1001!WP1002!WP1003!WP1006!WP1007!WP1014!hist14!CP1004,1
2026-07-18 16:13:01.5,1PDF,SLPSL0001,PULV LOW SEAL AIR HDR DIFF PRESS,,LOABS,PULV LOW SEAL AIR HDR DIFF PRESS,ALM,1,3.8877,4,INH2O,!WP1001!WP1002!WP1003!WP1006!WP1007!WP1014!hist14!CP1004,1
2026-07-18 16:13:06.5,1PDF,SLPSL0001,PULV LOW SEAL AIR HDR DIFF PRESS,,LOABS,PULV LOW SEAL AIR HDR DIFF PRESS,RTN,1,4.02979,4,INH2O,!WP1001!WP1002!WP1003!WP1006!WP1007!WP1014!hist14!CP1004,1
2026-07-18 16:13:07.5,1PDF,SLPSL0001,PULV LOW SEAL AIR HDR DIFF PRESS,,LOABS,PULV LOW SEAL AIR HDR DIFF PRESS,ALM,1,3.98232,4,INH2O,!WP1001!WP1002!WP1003!WP1006!WP1007!WP1014!hist14!CP1004,1
2026-07-18 16:13:08.5,1PDF,SLPSL0001,PULV LOW SEAL AIR HDR DIFF PRESS,,LOABS,PULV LOW SEAL AIR HDR DIFF PRESS,RTN,1,4.12061,4,INH2O,!WP1001!WP1002!WP1003!WP1006!WP1007!WP1014!hist14!CP1004,1
2026-07-18 16:13:11.5,1PDF,SLPSL0001,PULV LOW SEAL AIR HDR DIFF PRESS,,LOABS,PULV LOW SEAL AIR HDR DIFF PRESS,ALM,1,3.93662,4,INH2O,!WP1001!WP1002!WP1003!WP1006!WP1007!WP1014!hist14!CP1004,1
2026-07-18 16:13:14.5,1PDF,SLPSL0001,PULV LOW SEAL AIR HDR DIFF PRESS,,LOABS,PULV LOW SEAL AIR HDR DIFF PRESS,RTN,1,4.02246,4,INH2O,!WP1001!WP1002!WP1003!WP1006!WP1007!WP1014!hist14!CP1004,1
2026-07-18 16:13:15.5,1PDF,SLPSL0001,PULV LOW SEAL AIR HDR DIFF PRESS,,LOABS,PULV LOW SEAL AIR HDR DIFF PRESS,ALM,1,3.96064,4,INH2O,!WP1001!WP1002!WP1003!WP1006!WP1007!WP1014!hist14!CP1004,1
2026-07-18 16:13:17.5,1PDF,SLPSL0001,PULV LOW SEAL AIR HDR DIFF PRESS,,LOABS,PULV LOW SEAL AIR HDR DIFF PRESS,RTN,1,4.02832,4,INH2O,!WP1001!WP1002!WP1003!WP1006!WP1007!WP1014!hist14!CP1004,1
2026-07-18 16:13:23.2,1FP,B56,ID FAN A INLET DAMPER FEEDBACK,,HHABS,ID FAN A DAMPER 80 %,RTN,1,78.9581,80,PCT,!WP1001!WP1002!WP1003!WP1006!WP1007!WP1014!hist14!CP1001,1
2026-07-18 16:13:24.2,1FP,B58,ID FAN B INLET DAMPER FEEDBACK,,HHABS,IDF B DAMPER 80%,RTN,1,78.9803,80,PCT,!WP1001!WP1002!WP1003!WP1006!WP1007!WP1014!hist14!CP1001,1
2026-07-18 16:13:24.5,1PDF,SLPSL0001,PULV LOW SEAL AIR HDR DIFF PRESS,,LOABS,PULV LOW SEAL AIR HDR DIFF PRESS,ALM,1,3.96738,4,INH2O,!WP1001!WP1002!WP1003!WP1006!WP1007!WP1014!hist14!CP1004,1
2026-07-18 16:13:25.5,1PDF,SLPSL0001,PULV LOW SEAL AIR HDR DIFF PRESS,,LOABS,PULV LOW SEAL AIR HDR DIFF PRESS,RTN,1,4.01279,4,INH2O,!WP1001!WP1002!WP1003!WP1006!WP1007!WP1014!hist14!CP1004,1
2026-07-18 16:13:26.7,1FP,B86,ID FAN C INLET DAMPER FEEDBACK,,HHABS,ID FAN C DAMPER 80 %,RTN,1,78.9519,80,PCT,!WP1001!WP1002!WP1003!WP1006!WP1007!WP1014!hist14!CP1001,1
2026-07-18 16:13:26.5,1PDF,SLPSL0001,PULV LOW SEAL AIR HDR DIFF PRESS,,LOABS,PULV LOW SEAL AIR HDR DIFF PRESS,ALM,1,3.92197,4,INH2O,!WP1001!WP1002!WP1003!WP1006!WP1007!WP1014!hist14!CP1004,1
2026-07-18 16:13:26.3,1FG_B,ZSH5701A,BF B BLADE PITCH,,HIABS,BLADE PITCH ALARM,RTN,3,69.8965,70,%,!WP1001!WP1002!WP1003!WP1006!WP1007!WP1014!hist14!CP1015,1
2026-07-18 16:13:27.5,1PDF,SLPSL0001,PULV LOW SEAL AIR HDR DIFF PRESS,,LOABS,PULV LOW SEAL AIR HDR DIFF PRESS,RTN,1,4.01074,4,INH2O,!WP1001!WP1002!WP1003!WP1006!WP1007!WP1014!hist14!CP1004,1
2026-07-18 16:13:28.5,1PDF,SLPSL0001,PULV LOW SEAL AIR HDR DIFF PRESS,,LOABS,PULV LOW SEAL AIR HDR DIFF PRESS,ALM,1,3.97852,4,INH2O,!WP1001!WP1002!WP1003!WP1006!WP1007!WP1014!hist14!CP1004,1
2026-07-18 16:13:29.5,1PDF,SLPSL0001,PULV LOW SEAL AIR HDR DIFF PRESS,,LOABS,PULV LOW SEAL AIR HDR DIFF PRESS,RTN,1,4.17891,4,INH2O,!WP1001!WP1002!WP1003!WP1006!WP1007!WP1014!hist14!CP1004,1
2026-07-18 16:13:57.8,1FG_B,ZSH5701A,BF B BLADE PITCH,,HIABS,BLADE PITCH ALARM,ALM,3,70.0078,70,%,!WP1001!WP1002!WP1003!WP1006!WP1007!WP1014!hist14!CP1015,1
2026-07-18 16:14:10.5,1PDF,SLPSL0001,PULV LOW SEAL AIR HDR DIFF PRESS,,LOABS,PULV LOW SEAL AIR HDR DIFF PRESS,ALM,1,3.99141,4,INH2O,!WP1001!WP1002!WP1003!WP1006!WP1007!WP1014!hist14!CP1004,1
2026-07-18 16:14:11.5,1PDF,SLPSL0001,PULV LOW SEAL AIR HDR DIFF PRESS,,LOABS,PULV LOW SEAL AIR HDR DIFF PRESS,RTN,1,4.12119,4,INH2O,!WP1001!WP1002!WP1003!WP1006!WP1007!WP1014!hist14!CP1004,1
2026-07-18 16:15:34.5,1PDF,SLPSL0001,PULV LOW SEAL AIR HDR DIFF PRESS,,LOABS,PULV LOW SEAL AIR HDR DIFF PRESS,ALM,1,3.89385,4,INH2O,!WP1001!WP1002!WP1003!WP1006!WP1007!WP1014!hist14!CP1004,1
2026-07-18 16:17:52.5,1PDF,SLPSL0001,PULV LOW SEAL AIR HDR DIFF PRESS,,LOABS,PULV LOW SEAL AIR HDR DIFF PRESS,RTN,1,4.13057,4,INH2O,!WP1001!WP1002!WP1003!WP1006!WP1007!WP1014!hist14!CP1004,1
2026-07-18 16:17:59.5,1PDF,SLPSL0001,PULV LOW SEAL AIR HDR DIFF PRESS,,LOABS,PULV LOW SEAL AIR HDR DIFF PRESS,ALM,1,3.96475,4,INH2O,!WP1001!WP1002!WP1003!WP1006!WP1007!WP1014!hist14!CP1004,1
2026-07-18 16:18:00.5,1PDF,SLPSL0001,PULV LOW SEAL AIR HDR DIFF PRESS,,LOABS,PULV LOW SEAL AIR HDR DIFF PRESS,RTN,1,4.08926,4,INH2O,!WP1001!WP1002!WP1003!WP1006!WP1007!WP1014!hist14!CP1004,1
2026-07-18 16:18:01.5,1PDF,SLPSL0001,PULV LOW SEAL AIR HDR DIFF PRESS,,LOABS,PULV LOW SEAL AIR HDR DIFF PRESS,ALM,1,3.98232,4,INH2O,!WP1001!WP1002!WP1003!WP1006!WP1007!WP1014!hist14!CP1004,1
2026-07-18 16:18:02.5,1PDF,SLPSL0001,PULV LOW SEAL AIR HDR DIFF PRESS,,LOABS,PULV LOW SEAL AIR HDR DIFF PRESS,RTN,1,4.02334,4,INH2O,!WP1001!WP1002!WP1003!WP1006!WP1007!WP1014!hist14!CP1004,1
2026-07-18 16:18:03.5,1PDF,SLPSL0001,PULV LOW SEAL AIR HDR DIFF PRESS,,LOABS,PULV LOW SEAL AIR HDR DIFF PRESS,ALM,1,3.91318,4,INH2O,!WP1001!WP1002!WP1003!WP1006!WP1007!WP1014!hist14!CP1004,1
2026-07-18 16:18:36.5,1PDF,SLPSL0001,PULV LOW SEAL AIR HDR DIFF PRESS,,LOABS,PULV LOW SEAL AIR HDR DIFF PRESS,RTN,1,4.09863,4,INH2O,!WP1001!WP1002!WP1003!WP1006!WP1007!WP1014!hist14!CP1004,1
2026-07-18 16:18:37.5,1PDF,SLPSL0001,PULV LOW SEAL AIR HDR DIFF PRESS,,LOABS,PULV LOW SEAL AIR HDR DIFF PRESS,ALM,1,3.9832,4,INH2O,!WP1001!WP1002!WP1003!WP1006!WP1007!WP1014!hist14!CP1004,1
2026-07-18 16:18:38.5,1PDF,SLPSL0001,PULV LOW SEAL AIR HDR DIFF PRESS,,LOABS,PULV LOW SEAL AIR HDR DIFF PRESS,RTN,1,4.08047,4,INH2O,!WP1001!WP1002!WP1003!WP1006!WP1007!WP1014!hist14!CP1004,1
2026-07-18 16:18:56.5,1PDF,SLPSL0001,PULV LOW SEAL AIR HDR DIFF PRESS,,LOABS,PULV LOW SEAL AIR HDR DIFF PRESS,ALM,1,3.97412,4,INH2O,!WP1001!WP1002!WP1003!WP1006!WP1007!WP1014!hist14!CP1004,1
2026-07-18 16:18:57.5,1PDF,SLPSL0001,PULV LOW SEAL AIR HDR DIFF PRESS,,LOABS,PULV LOW SEAL AIR HDR DIFF PRESS,RTN,1,4.07109,4,INH2O,!WP1001!WP1002!WP1003!WP1006!WP1007!WP1014!hist14!CP1004,1
2026-07-18 16:19:04.5,1PDF,SLPSL0001,PULV LOW SEAL AIR HDR DIFF PRESS,,LOABS,PULV LOW SEAL AIR HDR DIFF PRESS,ALM,1,3.9999,4,INH2O,!WP1001!WP1002!WP1003!WP1006!WP1007!WP1014!hist14!CP1004,1
2026-07-18 16:19:05.5,1PDF,SLPSL0001,PULV LOW SEAL AIR HDR DIFF PRESS,,LOABS,PULV LOW SEAL AIR HDR DIFF PRESS,RTN,1,4.16543,4,INH2O,!WP1001!WP1002!WP1003!WP1006!WP1007!WP1014!hist14!CP1004,1
2026-07-18 16:19:13.5,1PDF,SLPSL0001,PULV LOW SEAL AIR HDR DIFF PRESS,,LOABS,PULV LOW SEAL AIR HDR DIFF PRESS,ALM,1,3.98789,4,INH2O,!WP1001!WP1002!WP1003!WP1006!WP1007!WP1014!hist14!CP1004,1
2026-07-18 16:19:14.5,1PDF,SLPSL0001,PULV LOW SEAL AIR HDR DIFF PRESS,,LOABS,PULV LOW SEAL AIR HDR DIFF PRESS,RTN,1,4.02246,4,INH2O,!WP1001!WP1002!WP1003!WP1006!WP1007!WP1014!hist14!CP1004,1
2026-07-18 16:19:19.5,1PDF,SLPSL0001,PULV LOW SEAL AIR HDR DIFF PRESS,,LOABS,PULV LOW SEAL AIR HDR DIFF PRESS,ALM,1,3.9832,4,INH2O,!WP1001!WP1002!WP1003!WP1006!WP1007!WP1014!hist14!CP1004,1
2026-07-18 16:19:20.5,1PDF,SLPSL0001,PULV LOW SEAL AIR HDR DIFF PRESS,,LOABS,PULV LOW SEAL AIR HDR DIFF PRESS,RTN,1,4.09365,4,INH2O,!WP1001!WP1002!WP1003!WP1006!WP1007!WP1014!hist14!CP1004,1
2026-07-18 16:19:46.5,1PDF,SLPSL0001,PULV LOW SEAL AIR HDR DIFF PRESS,,LOABS,PULV LOW SEAL AIR HDR DIFF PRESS,ALM,1,3.93838,4,INH2O,!WP1001!WP1002!WP1003!WP1006!WP1007!WP1014!hist14!CP1004,1
2026-07-18 16:19:47.5,1PDF,SLPSL0001,PULV LOW SEAL AIR HDR DIFF PRESS,,LOABS,PULV LOW SEAL AIR HDR DIFF PRESS,RTN,1,4.02861,4,INH2O,!WP1001!WP1002!WP1003!WP1006!WP1007!WP1014!hist14!CP1004,1
2026-07-18 16:19:48.5,1PDF,SLPSL0001,PULV LOW SEAL AIR HDR DIFF PRESS,,LOABS,PULV LOW SEAL AIR HDR DIFF PRESS,ALM,1,3.98643,4,INH2O,!WP1001!WP1002!WP1003!WP1006!WP1007!WP1014!hist14!CP1004,1
2026-07-18 16:19:49.5,1PDF,SLPSL0001,PULV LOW SEAL AIR HDR DIFF PRESS,,LOABS,PULV LOW SEAL AIR HDR DIFF PRESS,RTN,1,4.04355,4,INH2O,!WP1001!WP1002!WP1003!WP1006!WP1007!WP1014!hist14!CP1004,1
2026-07-18 16:19:55.5,1PDF,SLPSL0001,PULV LOW SEAL AIR HDR DIFF PRESS,,LOABS,PULV LOW SEAL AIR HDR DIFF PRESS,ALM,1,3.95713,4,INH2O,!WP1001!WP1002!WP1003!WP1006!WP1007!WP1014!hist14!CP1004,1
2026-07-18 16:19:56.5,1PDF,SLPSL0001,PULV LOW SEAL AIR HDR DIFF PRESS,,LOABS,PULV LOW SEAL AIR HDR DIFF PRESS,RTN,1,4.00107,4,INH2O,!WP1001!WP1002!WP1003!WP1006!WP1007!WP1014!hist14!CP1004,1
2026-07-18 16:19:57.5,1PDF,SLPSL0001,PULV LOW SEAL AIR HDR DIFF PRESS,,LOABS,PULV LOW SEAL AIR HDR DIFF PRESS,ALM,1,3.90879,4,INH2O,!WP1001!WP1002!WP1003!WP1006!WP1007!WP1014!hist14!CP1004,1
2026-07-18 16:20:06.5,1PDF,SLPSL0001,PULV LOW SEAL AIR HDR DIFF PRESS,,LOABS,PULV LOW SEAL AIR HDR DIFF PRESS,RTN,1,4.0043,4,INH2O,!WP1001!WP1002!WP1003!WP1006!WP1007!WP1014!hist14!CP1004,1
2026-07-18 16:20:07.5,1PDF,SLPSL0001,PULV LOW SEAL AIR HDR DIFF PRESS,,LOABS,PULV LOW SEAL AIR HDR DIFF PRESS,ALM,1,3.98115,4,INH2O,!WP1001!WP1002!WP1003!WP1006!WP1007!WP1014!hist14!CP1004,1
2026-07-18 16:20:10.5,1PDF,SLPSL0001,PULV LOW SEAL AIR HDR DIFF PRESS,,LOABS,PULV LOW SEAL AIR HDR DIFF PRESS,RTN,1,4.00283,4,INH2O,!WP1001!WP1002!WP1003!WP1006!WP1007!WP1014!hist14!CP1004,1
2026-07-18 16:20:11.5,1PDF,SLPSL0001,PULV LOW SEAL AIR HDR DIFF PRESS,,LOABS,PULV LOW SEAL AIR HDR DIFF PRESS,ALM,1,3.92578,4,INH2O,!WP1001!WP1002!WP1003!WP1006!WP1007!WP1014!hist14!CP1004,1
2026-07-18 16:20:13.5,1PDF,SLPSL0001,PULV LOW SEAL AIR HDR DIFF PRESS,,LOABS,PULV LOW SEAL AIR HDR DIFF PRESS,RTN,1,4.01191,4,INH2O,!WP1001!WP1002!WP1003!WP1006!WP1007!WP1014!hist14!CP1004,1
2026-07-18 16:20:14.5,1PDF,SLPSL0001,PULV LOW SEAL AIR HDR DIFF PRESS,,LOABS,PULV LOW SEAL AIR HDR DIFF PRESS,ALM,1,3.9999,4,INH2O,!WP1001!WP1002!WP1003!WP1006!WP1007!WP1014!hist14!CP1004,1
2026-07-18 16:20:16.5,1PDF,SLPSL0001,PULV LOW SEAL AIR HDR DIFF PRESS,,LOABS,PULV LOW SEAL AIR HDR DIFF PRESS,RTN,1,4.00869,4,INH2O,!WP1001!WP1002!WP1003!WP1006!WP1007!WP1014!hist14!CP1004,1
2026-07-18 16:21:00.5,1PDF,SLPSL0001,PULV LOW SEAL AIR HDR DIFF PRESS,,LOABS,PULV LOW SEAL AIR HDR DIFF PRESS,ALM,1,3.975,4,INH2O,!WP1001!WP1002!WP1003!WP1006!WP1007!WP1014!hist14!CP1004,1
2026-07-18 16:21:01.5,1PDF,SLPSL0001,PULV LOW SEAL AIR HDR DIFF PRESS,,LOABS,PULV LOW SEAL AIR HDR DIFF PRESS,RTN,1,4.04092,4,INH2O,!WP1001!WP1002!WP1003!WP1006!WP1007!WP1014!hist14!CP1004,1
2026-07-18 16:21:02.5,1PDF,SLPSL0001,PULV LOW SEAL AIR HDR DIFF PRESS,,LOABS,PULV LOW SEAL AIR HDR DIFF PRESS,ALM,1,3.97969,4,INH2O,!WP1001!WP1002!WP1003!WP1006!WP1007!WP1014!hist14!CP1004,1
2026-07-18 16:21:03.5,1PDF,SLPSL0001,PULV LOW SEAL AIR HDR DIFF PRESS,,LOABS,PULV LOW SEAL AIR HDR DIFF PRESS,RTN,1,4.0916,4,INH2O,!WP1001!WP1002!WP1003!WP1006!WP1007!WP1014!hist14!CP1004,1
2026-07-18 16:21:25.5,1PDF,SLPSL0001,PULV LOW SEAL AIR HDR DIFF PRESS,,LOABS,PULV LOW SEAL AIR HDR DIFF PRESS,ALM,1,3.96533,4,INH2O,!WP1001!WP1002!WP1003!WP1006!WP1007!WP1014!hist14!CP1004,1
2026-07-18 16:21:26.5,1PDF,SLPSL0001,PULV LOW SEAL AIR HDR DIFF PRESS,,LOABS,PULV LOW SEAL AIR HDR DIFF PRESS,RTN,1,4.01572,4,INH2O,!WP1001!WP1002!WP1003!WP1006!WP1007!WP1014!hist14!CP1004,1
2026-07-18 16:21:27.5,1PDF,SLPSL0001,PULV LOW SEAL AIR HDR DIFF PRESS,,LOABS,PULV LOW SEAL AIR HDR DIFF PRESS,ALM,1,3.89385,4,INH2O,!WP1001!WP1002!WP1003!WP1006!WP1007!WP1014!hist14!CP1004,1
2026-07-18 16:21:28.3,1FG_B,5706TX_ALM,BF B INLET OUTLET PRESS,FGPDIT5706,STATE,BF B INLET/OUTLET PRESS DEV,ALM,3,,,,!WP1001!WP1002!WP1003!WP1006!WP1007!WP1014!hist14!CP1015,1
2026-07-18 16:21:34.8,1GS_A,BLEED_FAIL,BLEED SYSTEM A FAILURE,,STATE,BLEED SYSTEM A NORMAL,RTN,3,,,,!WP1001!WP1002!WP1003!WP1006!WP1007!WP1014!hist14!CP1017,1
2026-07-18 16:22:04.5,1PDF,SLPSL0001,PULV LOW SEAL AIR HDR DIFF PRESS,,LOABS,PULV LOW SEAL AIR HDR DIFF PRESS,RTN,1,4.06729,4,INH2O,!WP1001!WP1002!WP1003!WP1006!WP1007!WP1014!hist14!CP1004,1
2026-07-18 16:22:07.5,1PDF,SLPSL0001,PULV LOW SEAL AIR HDR DIFF PRESS,,LOABS,PULV LOW SEAL AIR HDR DIFF PRESS,ALM,1,3.9334,4,INH2O,!WP1001!WP1002!WP1003!WP1006!WP1007!WP1014!hist14!CP1004,1
2026-07-18 16:23:51.7,1SCR_B_PRESS,FGPDI5228B,SCR B CAT LAYER 4 DP,1SR114 PNT 4,HHABS,HI HI DP,ALM,1,1.70176,1.7,INH2O,!WP1001!WP1002!WP1003!WP1006!WP1007!WP1014!hist14!CP1016,1
2026-07-18 16:24:29.5,1PDF,SLPSL0001,PULV LOW SEAL AIR HDR DIFF PRESS,,LOABS,PULV LOW SEAL AIR HDR DIFF PRESS,RTN,1,4.07461,4,INH2O,!WP1001!WP1002!WP1003!WP1006!WP1007!WP1014!hist14!CP1004,1
2026-07-18 16:24:32.5,1PDF,SLPSL0001,PULV LOW SEAL AIR HDR DIFF PRESS,,LOABS,PULV LOW SEAL AIR HDR DIFF PRESS,ALM,1,3.99375,4,INH2O,!WP1001!WP1002!WP1003!WP1006!WP1007!WP1014!hist14!CP1004,1
2026-07-18 16:24:33.5,1PDF,SLPSL0001,PULV LOW SEAL AIR HDR DIFF PRESS,,LOABS,PULV LOW SEAL AIR HDR DIFF PRESS,RTN,1,4.16602,4,INH2O,!WP1001!WP1002!WP1003!WP1006!WP1007!WP1014!hist14!CP1004,1
2026-07-18 16:24:46.5,1PDF,SLPSL0001,PULV LOW SEAL AIR HDR DIFF PRESS,,LOABS,PULV LOW SEAL AIR HDR DIFF PRESS,ALM,1,3.98086,4,INH2O,!WP1001!WP1002!WP1003!WP1006!WP1007!WP1014!hist14!CP1004,1
2026-07-18 16:25:20.5,1PDF,SLPSL0001,PULV LOW SEAL AIR HDR DIFF PRESS,,LOABS,PULV LOW SEAL AIR HDR DIFF PRESS,RTN,1,4.04502,4,INH2O,!WP1001!WP1002!WP1003!WP1006!WP1007!WP1014!hist14!CP1004,1
2026-07-18 16:25:22.5,1PDF,SLPSL0001,PULV LOW SEAL AIR HDR DIFF PRESS,,LOABS,PULV LOW SEAL AIR HDR DIFF PRESS,ALM,1,3.95068,4,INH2O,!WP1001!WP1002!WP1003!WP1006!WP1007!WP1014!hist14!CP1004,1
2026-07-18 16:25:25.5,1PDF,SLPSL0001,PULV LOW SEAL AIR HDR DIFF PRESS,,LOABS,PULV LOW SEAL AIR HDR DIFF PRESS,RTN,1,4.06758,4,INH2O,!WP1001!WP1002!WP1003!WP1006!WP1007!WP1014!hist14!CP1004,1
2026-07-18 16:25:31.5,1PDF,SLPSL0001,PULV LOW SEAL AIR HDR DIFF PRESS,,LOABS,PULV LOW SEAL AIR HDR DIFF PRESS,ALM,1,3.98232,4,INH2O,!WP1001!WP1002!WP1003!WP1006!WP1007!WP1014!hist14!CP1004,1
2026-07-18 16:26:12.5,1PDF,SLPSL0001,PULV LOW SEAL AIR HDR DIFF PRESS,,LOABS,PULV LOW SEAL AIR HDR DIFF PRESS,RTN,1,4.03506,4,INH2O,!WP1001!WP1002!WP1003!WP1006!WP1007!WP1014!hist14!CP1004,1
2026-07-18 16:26:15.5,1PDF,SLPSL0001,PULV LOW SEAL AIR HDR DIFF PRESS,,LOABS,PULV LOW SEAL AIR HDR DIFF PRESS,ALM,1,3.9501,4,INH2O,!WP1001!WP1002!WP1003!WP1006!WP1007!WP1014!hist14!CP1004,1
2026-07-18 16:26:16.5,1PDF,SLPSL0001,PULV LOW SEAL AIR HDR DIFF PRESS,,LOABS,PULV LOW SEAL AIR HDR DIFF PRESS,RTN,1,4.15928,4,INH2O,!WP1001!WP1002!WP1003!WP1006!WP1007!WP1014!hist14!CP1004,1
2026-07-18 16:26:23.5,1PDF,SLPSL0001,PULV LOW SEAL AIR HDR DIFF PRESS,,LOABS,PULV LOW SEAL AIR HDR DIFF PRESS,ALM,1,3.98643,4,INH2O,!WP1001!WP1002!WP1003!WP1006!WP1007!WP1014!hist14!CP1004,1
2026-07-18 16:26:24.5,1PDF,SLPSL0001,PULV LOW SEAL AIR HDR DIFF PRESS,,LOABS,PULV LOW SEAL AIR HDR DIFF PRESS,RTN,1,4.0207,4,INH2O,!WP1001!WP1002!WP1003!WP1006!WP1007!WP1014!hist14!CP1004,1
2026-07-18 16:26:28.5,1PDF,SLPSL0001,PULV LOW SEAL AIR HDR DIFF PRESS,,LOABS,PULV LOW SEAL AIR HDR DIFF PRESS,ALM,1,3.91113,4,INH2O,!WP1001!WP1002!WP1003!WP1006!WP1007!WP1014!hist14!CP1004,1
2026-07-18 16:26:35.5,1PDF,SLPSL0001,PULV LOW SEAL AIR HDR DIFF PRESS,,LOABS,PULV LOW SEAL AIR HDR DIFF PRESS,RTN,1,4.00049,4,INH2O,!WP1001!WP1002!WP1003!WP1006!WP1007!WP1014!hist14!CP1004,1
2026-07-18 16:26:36.5,1PDF,SLPSL0001,PULV LOW SEAL AIR HDR DIFF PRESS,,LOABS,PULV LOW SEAL AIR HDR DIFF PRESS,ALM,1,3.84258,4,INH2O,!WP1001!WP1002!WP1003!WP1006!WP1007!WP1014!hist14!CP1004,1
2026-07-18 16:26:39.7,1DAS11,IAAH3281,COND PUMP DISCH   SILICA,1233,HIABS,HIGH,RTN,1,9.48828,10,ppb,!WP1002!WP1006!WP1007!WP1001!WP1003!WP1014!hist14!CP1008,1
2026-07-18 16:26:39.8,1AB_SCR_SEQ,SCR_HOP_T13,SCR HOPPER SEQ XV5101 TIMER,,PTARG,TIMEOUT,ALM,3,241,240,SEC,!WP1002!WP1011!WP1001!hist14!CP1020,1
2026-07-18 16:26:40.8,1AB_SCR_SEQ,SCR_HOP_T13,SCR HOPPER SEQ XV5101 TIMER,,PTARG,TIMEOUT,RTN,3,0,240,SEC,!WP1002!WP1011!WP1001!hist14!CP1020,1
2026-07-18 16:27:06.5,1PDF,SLPSL0001,PULV LOW SEAL AIR HDR DIFF PRESS,,LOABS,PULV LOW SEAL AIR HDR DIFF PRESS,RTN,1,4.08984,4,INH2O,!WP1001!WP1002!WP1003!WP1006!WP1007!WP1014!hist14!CP1004,1
2026-07-18 16:27:16.5,1PDF,SLPSL0001,PULV LOW SEAL AIR HDR DIFF PRESS,,LOABS,PULV LOW SEAL AIR HDR DIFF PRESS,ALM,1,3.99668,4,INH2O,!WP1001!WP1002!WP1003!WP1006!WP1007!WP1014!hist14!CP1004,1
2026-07-18 16:27:46.8,1FG_B,5706TX_ALM,BF B INLET OUTLET PRESS,FGPDIT5706,STATE,DEVIATION ALARM CLEAR,RTN,3,,,,!WP1001!WP1002!WP1003!WP1006!WP1007!WP1014!hist14!CP1015,1
2026-07-18 16:27:53.5,1PDF,SLPSL0001,PULV LOW SEAL AIR HDR DIFF PRESS,,LOABS,PULV LOW SEAL AIR HDR DIFF PRESS,RTN,1,4.00078,4,INH2O,!WP1001!WP1002!WP1003!WP1006!WP1007!WP1014!hist14!CP1004,1
2026-07-18 16:27:54.5,1PDF,SLPSL0001,PULV LOW SEAL AIR HDR DIFF PRESS,,LOABS,PULV LOW SEAL AIR HDR DIFF PRESS,ALM,1,3.94131,4,INH2O,!WP1001!WP1002!WP1003!WP1006!WP1007!WP1014!hist14!CP1004,1
2026-07-18 16:27:55.5,1PDF,SLPSL0001,PULV LOW SEAL AIR HDR DIFF PRESS,,LOABS,PULV LOW SEAL AIR HDR DIFF PRESS,RTN,1,4.03359,4,INH2O,!WP1001!WP1002!WP1003!WP1006!WP1007!WP1014!hist14!CP1004,1
2026-07-18 16:28:09.5,1PDF,SLPSL0001,PULV LOW SEAL AIR HDR DIFF PRESS,,LOABS,PULV LOW SEAL AIR HDR DIFF PRESS,ALM,1,3.9457,4,INH2O,!WP1001!WP1002!WP1003!WP1006!WP1007!WP1014!hist14!CP1004,1
2026-07-18 16:28:12.5,1PDF,SLPSL0001,PULV LOW SEAL AIR HDR DIFF PRESS,,LOABS,PULV LOW SEAL AIR HDR DIFF PRESS,RTN,1,4.04063,4,INH2O,!WP1001!WP1002!WP1003!WP1006!WP1007!WP1014!hist14!CP1004,1
2026-07-18 16:28:19.5,1PDF,SLPSL0001,PULV LOW SEAL AIR HDR DIFF PRESS,,LOABS,PULV LOW SEAL AIR HDR DIFF PRESS,ALM,1,3.92607,4,INH2O,!WP1001!WP1002!WP1003!WP1006!WP1007!WP1014!hist14!CP1004,1
2026-07-18 16:28:39.5,1PDF,SLPSL0001,PULV LOW SEAL AIR HDR DIFF PRESS,,LOABS,PULV LOW SEAL AIR HDR DIFF PRESS,RTN,1,4.01514,4,INH2O,!WP1001!WP1002!WP1003!WP1006!WP1007!WP1014!hist14!CP1004,1
2026-07-18 16:29:00.5,1PDF,SLPSL0001,PULV LOW SEAL AIR HDR DIFF PRESS,,LOABS,PULV LOW SEAL AIR HDR DIFF PRESS,ALM,1,3.99727,4,INH2O,!WP1001!WP1002!WP1003!WP1006!WP1007!WP1014!hist14!CP1004,1
2026-07-18 16:29:06.5,1PDF,SLPSL0001,PULV LOW SEAL AIR HDR DIFF PRESS,,LOABS,PULV LOW SEAL AIR HDR DIFF PRESS,RTN,1,4.01982,4,INH2O,!WP1001!WP1002!WP1003!WP1006!WP1007!WP1014!hist14!CP1004,1
2026-07-18 16:29:07.5,1PDF,SLPSL0001,PULV LOW SEAL AIR HDR DIFF PRESS,,LOABS,PULV LOW SEAL AIR HDR DIFF PRESS,ALM,1,3.91318,4,INH2O,!WP1001!WP1002!WP1003!WP1006!WP1007!WP1014!hist14!CP1004,1
2026-07-18 16:29:31.5,1PDF,SLPSL0001,PULV LOW SEAL AIR HDR DIFF PRESS,,LOABS,PULV LOW SEAL AIR HDR DIFF PRESS,RTN,1,4.03652,4,INH2O,!WP1001!WP1002!WP1003!WP1006!WP1007!WP1014!hist14!CP1004,1
2026-07-18 16:29:43.5,1PDF,SLPSL0001,PULV LOW SEAL AIR HDR DIFF PRESS,,LOABS,PULV LOW SEAL AIR HDR DIFF PRESS,ALM,1,3.97881,4,INH2O,!WP1001!WP1002!WP1003!WP1006!WP1007!WP1014!hist14!CP1004,1
2026-07-18 16:29:44.5,1PDF,SLPSL0001,PULV LOW SEAL AIR HDR DIFF PRESS,,LOABS,PULV LOW SEAL AIR HDR DIFF PRESS,RTN,1,4.00957,4,INH2O,!WP1001!WP1002!WP1003!WP1006!WP1007!WP1014!hist14!CP1004,1
2026-07-18 16:29:45.5,1PDF,SLPSL0001,PULV LOW SEAL AIR HDR DIFF PRESS,,LOABS,PULV LOW SEAL AIR HDR DIFF PRESS,ALM,1,3.93223,4,INH2O,!WP1001!WP1002!WP1003!WP1006!WP1007!WP1014!hist14!CP1004,1
2026-07-18 16:29:47.5,1PDF,SLPSL0001,PULV LOW SEAL AIR HDR DIFF PRESS,,LOABS,PULV LOW SEAL AIR HDR DIFF PRESS,RTN,1,4.0002,4,INH2O,!WP1001!WP1002!WP1003!WP1006!WP1007!WP1014!hist14!CP1004,1
2026-07-18 16:29:49.5,1PDF,SLPSL0001,PULV LOW SEAL AIR HDR DIFF PRESS,,LOABS,PULV LOW SEAL AIR HDR DIFF PRESS,ALM,1,3.9293,4,INH2O,!WP1001!WP1002!WP1003!WP1006!WP1007!WP1014!hist14!CP1004,1
2026-07-18 16:29:55.5,1PDF,SLPSL0001,PULV LOW SEAL AIR HDR DIFF PRESS,,LOABS,PULV LOW SEAL AIR HDR DIFF PRESS,RTN,1,4.03037,4,INH2O,!WP1001!WP1002!WP1003!WP1006!WP1007!WP1014!hist14!CP1004,1
2026-07-18 16:29:56.5,1PDF,SLPSL0001,PULV LOW SEAL AIR HDR DIFF PRESS,,LOABS,PULV LOW SEAL AIR HDR DIFF PRESS,ALM,1,3.94365,4,INH2O,!WP1001!WP1002!WP1003!WP1006!WP1007!WP1014!hist14!CP1004,1
2026-07-18 16:30:05.3,1FG_B,ZSH5701A,BF B BLADE PITCH,,HIABS,BLADE PITCH ALARM,RTN,3,69.873,70,%,!WP1001!WP1002!WP1003!WP1006!WP1007!WP1014!hist14!CP1015,1
2026-07-18 16:30:25.8,1FG_A,ZSH5601A,BF A BLADE PITCH,,HIABS,BLADE PITCH ALARM,RTN,3,69.8242,70,%,!WP1001!WP1002!WP1003!WP1006!WP1007!WP1014!hist14!CP1015,1
2026-07-18 16:30:28.5,1PDF,SLPSL0001,PULV LOW SEAL AIR HDR DIFF PRESS,,LOABS,PULV LOW SEAL AIR HDR DIFF PRESS,RTN,1,4.06377,4,INH2O,!WP1001!WP1002!WP1003!WP1006!WP1007!WP1014!hist14!CP1004,1
2026-07-18 16:30:32.5,1PDF,SLPSL0001,PULV LOW SEAL AIR HDR DIFF PRESS,,LOABS,PULV LOW SEAL AIR HDR DIFF PRESS,ALM,1,3.96123,4,INH2O,!WP1001!WP1002!WP1003!WP1006!WP1007!WP1014!hist14!CP1004,1
2026-07-18 16:30:45.5,1PDF,SLPSL0001,PULV LOW SEAL AIR HDR DIFF PRESS,,LOABS,PULV LOW SEAL AIR HDR DIFF PRESS,RTN,1,4.01689,4,INH2O,!WP1001!WP1002!WP1003!WP1006!WP1007!WP1014!hist14!CP1004,1
2026-07-18 16:30:46.5,1PDF,SLPSL0001,PULV LOW SEAL AIR HDR DIFF PRESS,,LOABS,PULV LOW SEAL AIR HDR DIFF PRESS,ALM,1,3.97119,4,INH2O,!WP1001!WP1002!WP1003!WP1006!WP1007!WP1014!hist14!CP1004,1
2026-07-18 16:30:47.5,1PDF,SLPSL0001,PULV LOW SEAL AIR HDR DIFF PRESS,,LOABS,PULV LOW SEAL AIR HDR DIFF PRESS,RTN,1,4.0541,4,INH2O,!WP1001!WP1002!WP1003!WP1006!WP1007!WP1014!hist14!CP1004,1
2026-07-18 16:30:48.5,1PDF,SLPSL0001,PULV LOW SEAL AIR HDR DIFF PRESS,,LOABS,PULV LOW SEAL AIR HDR DIFF PRESS,ALM,1,3.97002,4,INH2O,!WP1001!WP1002!WP1003!WP1006!WP1007!WP1014!hist14!CP1004,1
2026-07-18 16:30:51.5,1PDF,SLPSL0001,PULV LOW SEAL AIR HDR DIFF PRESS,,LOABS,PULV LOW SEAL AIR HDR DIFF PRESS,RTN,1,4.021,4,INH2O,!WP1001!WP1002!WP1003!WP1006!WP1007!WP1014!hist14!CP1004,1
2026-07-18 16:30:52.5,1PDF,SLPSL0001,PULV LOW SEAL AIR HDR DIFF PRESS,,LOABS,PULV LOW SEAL AIR HDR DIFF PRESS,ALM,1,3.94922,4,INH2O,!WP1001!WP1002!WP1003!WP1006!WP1007!WP1014!hist14!CP1004,1
2026-07-18 16:30:53.5,1PDF,SLPSL0001,PULV LOW SEAL AIR HDR DIFF PRESS,,LOABS,PULV LOW SEAL AIR HDR DIFF PRESS,RTN,1,4.03682,4,INH2O,!WP1001!WP1002!WP1003!WP1006!WP1007!WP1014!hist14!CP1004,1
2026-07-18 16:31:01.3,1FG_B,ZSH5701A,BF B BLADE PITCH,,HIABS,BLADE PITCH ALARM,ALM,3,70.0352,70,%,!WP1001!WP1002!WP1003!WP1006!WP1007!WP1014!hist14!CP1015,1
2026-07-18 16:31:02.3,1FG_A,ZSH5601A,BF A BLADE PITCH,,HIABS,BLADE PITCH ALARM,ALM,3,70.0273,70,%,!WP1001!WP1002!WP1003!WP1006!WP1007!WP1014!hist14!CP1015,1
2026-07-18 16:31:47.5,1PDF,SLPSL0001,PULV LOW SEAL AIR HDR DIFF PRESS,,LOABS,PULV LOW SEAL AIR HDR DIFF PRESS,ALM,1,3.98379,4,INH2O,!WP1001!WP1002!WP1003!WP1006!WP1007!WP1014!hist14!CP1004,1
2026-07-18 16:31:48.5,1PDF,SLPSL0001,PULV LOW SEAL AIR HDR DIFF PRESS,,LOABS,PULV LOW SEAL AIR HDR DIFF PRESS,RTN,1,4.0667,4,INH2O,!WP1001!WP1002!WP1003!WP1006!WP1007!WP1014!hist14!CP1004,1
2026-07-18 16:31:56.5,1PDF,SLPSL0001,PULV LOW SEAL AIR HDR DIFF PRESS,,LOABS,PULV LOW SEAL AIR HDR DIFF PRESS,ALM,1,3.99873,4,INH2O,!WP1001!WP1002!WP1003!WP1006!WP1007!WP1014!hist14!CP1004,1
2026-07-18 16:31:58.5,1PDF,SLPSL0001,PULV LOW SEAL AIR HDR DIFF PRESS,,LOABS,PULV LOW SEAL AIR HDR DIFF PRESS,RTN,1,4.02949,4,INH2O,!WP1001!WP1002!WP1003!WP1006!WP1007!WP1014!hist14!CP1004,1
2026-07-18 16:32:20.3,1FG_B,5706TX_ALM,BF B INLET OUTLET PRESS,FGPDIT5706,STATE,BF B INLET/OUTLET PRESS DEV,ALM,3,,,,!WP1001!WP1002!WP1003!WP1006!WP1007!WP1014!hist14!CP1015,1
2026-07-18 16:32:22.5,1PDF,SLPSL0001,PULV LOW SEAL AIR HDR DIFF PRESS,,LOABS,PULV LOW SEAL AIR HDR DIFF PRESS,ALM,1,3.99375,4,INH2O,!WP1001!WP1002!WP1003!WP1006!WP1007!WP1014!hist14!CP1004,1
2026-07-18 16:32:28.5,1PDF,SLPSL0001,PULV LOW SEAL AIR HDR DIFF PRESS,,LOABS,PULV LOW SEAL AIR HDR DIFF PRESS,RTN,1,4.05762,4,INH2O,!WP1001!WP1002!WP1003!WP1006!WP1007!WP1014!hist14!CP1004,1
2026-07-18 16:32:29.5,1PDF,SLPSL0001,PULV LOW SEAL AIR HDR DIFF PRESS,,LOABS,PULV LOW SEAL AIR HDR DIFF PRESS,ALM,1,3.9624,4,INH2O,!WP1001!WP1002!WP1003!WP1006!WP1007!WP1014!hist14!CP1004,1
2026-07-18 16:32:30.5,1PDF,SLPSL0001,PULV LOW SEAL AIR HDR DIFF PRESS,,LOABS,PULV LOW SEAL AIR HDR DIFF PRESS,RTN,1,4.01543,4,INH2O,!WP1001!WP1002!WP1003!WP1006!WP1007!WP1014!hist14!CP1004,1
2026-07-18 16:32:31.5,1PDF,SLPSL0001,PULV LOW SEAL AIR HDR DIFF PRESS,,LOABS,PULV LOW SEAL AIR HDR DIFF PRESS,ALM,1,3.90293,4,INH2O,!WP1001!WP1002!WP1003!WP1006!WP1007!WP1014!hist14!CP1004,1
2026-07-18 16:32:55.5,1PDF,SLPSL0001,PULV LOW SEAL AIR HDR DIFF PRESS,,LOABS,PULV LOW SEAL AIR HDR DIFF PRESS,RTN,1,4.01865,4,INH2O,!WP1001!WP1002!WP1003!WP1006!WP1007!WP1014!hist14!CP1004,1
2026-07-18 16:32:56.5,1PDF,SLPSL0001,PULV LOW SEAL AIR HDR DIFF PRESS,,LOABS,PULV LOW SEAL AIR HDR DIFF PRESS,ALM,1,3.96035,4,INH2O,!WP1001!WP1002!WP1003!WP1006!WP1007!WP1014!hist14!CP1004,1
2026-07-18 16:32:59.5,1PDF,SLPSL0001,PULV LOW SEAL AIR HDR DIFF PRESS,,LOABS,PULV LOW SEAL AIR HDR DIFF PRESS,RTN,1,4.13877,4,INH2O,!WP1001!WP1002!WP1003!WP1006!WP1007!WP1014!hist14!CP1004,1
2026-07-18 16:33:05.5,1PDF,SLPSL0001,PULV LOW SEAL AIR HDR DIFF PRESS,,LOABS,PULV LOW SEAL AIR HDR DIFF PRESS,ALM,1,3.97852,4,INH2O,!WP1001!WP1002!WP1003!WP1006!WP1007!WP1014!hist14!CP1004,1
2026-07-18 16:33:06.5,1PDF,SLPSL0001,PULV LOW SEAL AIR HDR DIFF PRESS,,LOABS,PULV LOW SEAL AIR HDR DIFF PRESS,RTN,1,4.0166,4,INH2O,!WP1001!WP1002!WP1003!WP1006!WP1007!WP1014!hist14!CP1004,1
2026-07-18 16:33:07.5,1PDF,SLPSL0001,PULV LOW SEAL AIR HDR DIFF PRESS,,LOABS,PULV LOW SEAL AIR HDR DIFF PRESS,ALM,1,3.9583,4,INH2O,!WP1001!WP1002!WP1003!WP1006!WP1007!WP1014!hist14!CP1004,1
2026-07-18 16:33:08.5,1PDF,SLPSL0001,PULV LOW SEAL AIR HDR DIFF PRESS,,LOABS,PULV LOW SEAL AIR HDR DIFF PRESS,RTN,1,4.01367,4,INH2O,!WP1001!WP1002!WP1003!WP1006!WP1007!WP1014!hist14!CP1004,1
2026-07-18 16:33:09.5,1PDF,SLPSL0001,PULV LOW SEAL AIR HDR DIFF PRESS,,LOABS,PULV LOW SEAL AIR HDR DIFF PRESS,ALM,1,3.95332,4,INH2O,!WP1001!WP1002!WP1003!WP1006!WP1007!WP1014!hist14!CP1004,1
2026-07-18 16:33:10.5,1PDF,SLPSL0001,PULV LOW SEAL AIR HDR DIFF PRESS,,LOABS,PULV LOW SEAL AIR HDR DIFF PRESS,RTN,1,4.03213,4,INH2O,!WP1001!WP1002!WP1003!WP1006!WP1007!WP1014!hist14!CP1004,1
2026-07-18 16:33:11.5,1PDF,SLPSL0001,PULV LOW SEAL AIR HDR DIFF PRESS,,LOABS,PULV LOW SEAL AIR HDR DIFF PRESS,ALM,1,3.89707,4,INH2O,!WP1001!WP1002!WP1003!WP1006!WP1007!WP1014!hist14!CP1004,1
2026-07-18 16:33:16.2,1FP,B86,ID FAN C INLET DAMPER FEEDBACK,,HHABS,ID FAN C DAMPER 80 %,ALM,1,80.0232,80,PCT,!WP1001!WP1002!WP1003!WP1006!WP1007!WP1014!hist14!CP1001,1
2026-07-18 16:33:31.7,1FP,B56,ID FAN A INLET DAMPER FEEDBACK,,HHABS,ID FAN A DAMPER 80 %,ALM,1,80.0073,80,PCT,!WP1001!WP1002!WP1003!WP1006!WP1007!WP1014!hist14!CP1001,1
2026-07-18 16:33:31.2,1FP,B58,ID FAN B INLET DAMPER FEEDBACK,,HHABS,IDF B DAMPER 80%,ALM,1,80.0195,80,PCT,!WP1001!WP1002!WP1003!WP1006!WP1007!WP1014!hist14!CP1001,1
2026-07-18 16:33:44.5,1PDF,SLPSL0001,PULV LOW SEAL AIR HDR DIFF PRESS,,LOABS,PULV LOW SEAL AIR HDR DIFF PRESS,RTN,1,4.04238,4,INH2O,!WP1001!WP1002!WP1003!WP1006!WP1007!WP1014!hist14!CP1004,1
2026-07-18 16:34:03.5,1PDF,SLPSL0001,PULV LOW SEAL AIR HDR DIFF PRESS,,LOABS,PULV LOW SEAL AIR HDR DIFF PRESS,ALM,1,3.99902,4,INH2O,!WP1001!WP1002!WP1003!WP1006!WP1007!WP1014!hist14!CP1004,1
2026-07-18 16:34:05.5,1PDF,SLPSL0001,PULV LOW SEAL AIR HDR DIFF PRESS,,LOABS,PULV LOW SEAL AIR HDR DIFF PRESS,RTN,1,4.05469,4,INH2O,!WP1001!WP1002!WP1003!WP1006!WP1007!WP1014!hist14!CP1004,1
2026-07-18 16:34:22.5,1PDF,SLPSL0001,PULV LOW SEAL AIR HDR DIFF PRESS,,LOABS,PULV LOW SEAL AIR HDR DIFF PRESS,ALM,1,3.9835,4,INH2O,!WP1001!WP1002!WP1003!WP1006!WP1007!WP1014!hist14!CP1004,1
2026-07-18 16:34:24.5,1PDF,SLPSL0001,PULV LOW SEAL AIR HDR DIFF PRESS,,LOABS,PULV LOW SEAL AIR HDR DIFF PRESS,RTN,1,4.01191,4,INH2O,!WP1001!WP1002!WP1003!WP1006!WP1007!WP1014!hist14!CP1004,1
2026-07-18 16:34:25.5,1PDF,SLPSL0001,PULV LOW SEAL AIR HDR DIFF PRESS,,LOABS,PULV LOW SEAL AIR HDR DIFF PRESS,ALM,1,3.95684,4,INH2O,!WP1001!WP1002!WP1003!WP1006!WP1007!WP1014!hist14!CP1004,1
2026-07-18 16:34:29.5,1PDF,SLPSL0001,PULV LOW SEAL AIR HDR DIFF PRESS,,LOABS,PULV LOW SEAL AIR HDR DIFF PRESS,RTN,1,4.05088,4,INH2O,!WP1001!WP1002!WP1003!WP1006!WP1007!WP1014!hist14!CP1004,1
2026-07-18 16:34:56.5,1PDF,SLPSL0001,PULV LOW SEAL AIR HDR DIFF PRESS,,LOABS,PULV LOW SEAL AIR HDR DIFF PRESS,ALM,1,3.99785,4,INH2O,!WP1001!WP1002!WP1003!WP1006!WP1007!WP1014!hist14!CP1004,1
2026-07-18 16:34:57.5,1PDF,SLPSL0001,PULV LOW SEAL AIR HDR DIFF PRESS,,LOABS,PULV LOW SEAL AIR HDR DIFF PRESS,RTN,1,4.09307,4,INH2O,!WP1001!WP1002!WP1003!WP1006!WP1007!WP1014!hist14!CP1004,1
2026-07-18 16:35:02.5,1PDF,SLPSL0001,PULV LOW SEAL AIR HDR DIFF PRESS,,LOABS,PULV LOW SEAL AIR HDR DIFF PRESS,ALM,1,3.96006,4,INH2O,!WP1001!WP1002!WP1003!WP1006!WP1007!WP1014!hist14!CP1004,1
2026-07-18 16:35:05.5,1PDF,SLPSL0001,PULV LOW SEAL AIR HDR DIFF PRESS,,LOABS,PULV LOW SEAL AIR HDR DIFF PRESS,RTN,1,4.00811,4,INH2O,!WP1001!WP1002!WP1003!WP1006!WP1007!WP1014!hist14!CP1004,1
2026-07-18 16:35:09.1,1DAS3,ISTE2271,ALT SLOT NO 1 TMP,1421,HIABS,HIGH,ALM,5,170.019,170,DEG.F,!WP1002!WP1006!WP1007!WP1001!WP1003!WP1014!hist14!CP1006,1
2026-07-18 16:35:11.5,1PDF,SLPSL0001,PULV LOW SEAL AIR HDR DIFF PRESS,,LOABS,PULV LOW SEAL AIR HDR DIFF PRESS,ALM,1,3.99902,4,INH2O,!WP1001!WP1002!WP1003!WP1006!WP1007!WP1014!hist14!CP1004,1
2026-07-18 16:35:12.5,1PDF,SLPSL0001,PULV LOW SEAL AIR HDR DIFF PRESS,,LOABS,PULV LOW SEAL AIR HDR DIFF PRESS,RTN,1,4.07549,4,INH2O,!WP1001!WP1002!WP1003!WP1006!WP1007!WP1014!hist14!CP1004,1
2026-07-18 16:35:15.5,1PDF,SLPSL0001,PULV LOW SEAL AIR HDR DIFF PRESS,,LOABS,PULV LOW SEAL AIR HDR DIFF PRESS,ALM,1,3.91641,4,INH2O,!WP1001!WP1002!WP1003!WP1006!WP1007!WP1014!hist14!CP1004,1
2026-07-18 16:35:25.5,1PDF,SLPSL0001,PULV LOW SEAL AIR HDR DIFF PRESS,,LOABS,PULV LOW SEAL AIR HDR DIFF PRESS,RTN,1,4.03975,4,INH2O,!WP1001!WP1002!WP1003!WP1006!WP1007!WP1014!hist14!CP1004,1
2026-07-18 16:35:30.1,1DAS3,ISTE2281,ALT SLOT NO 2 TMP,1422,HIABS,HIGH,ALM,5,170.019,170,DEG.F,!WP1002!WP1006!WP1007!WP1001!WP1003!WP1014!hist14!CP1006,1
2026-07-18 16:35:55.5,1PDF,SLPSL0001,PULV LOW SEAL AIR HDR DIFF PRESS,,LOABS,PULV LOW SEAL AIR HDR DIFF PRESS,ALM,1,3.96504,4,INH2O,!WP1001!WP1002!WP1003!WP1006!WP1007!WP1014!hist14!CP1004,1
2026-07-18 16:35:56.5,1PDF,SLPSL0001,PULV LOW SEAL AIR HDR DIFF PRESS,,LOABS,PULV LOW SEAL AIR HDR DIFF PRESS,RTN,1,4.03242,4,INH2O,!WP1001!WP1002!WP1003!WP1006!WP1007!WP1014!hist14!CP1004,1
2026-07-18 16:35:59.5,1PDF,SLPSL0001,PULV LOW SEAL AIR HDR DIFF PRESS,,LOABS,PULV LOW SEAL AIR HDR DIFF PRESS,ALM,1,3.95361,4,INH2O,!WP1001!WP1002!WP1003!WP1006!WP1007!WP1014!hist14!CP1004,1
2026-07-18 16:36:05.5,1PDF,SLPSL0001,PULV LOW SEAL AIR HDR DIFF PRESS,,LOABS,PULV LOW SEAL AIR HDR DIFF PRESS,RTN,1,4.00693,4,INH2O,!WP1001!WP1002!WP1003!WP1006!WP1007!WP1014!hist14!CP1004,1
2026-07-18 16:36:06.5,1PDF,SLPSL0001,PULV LOW SEAL AIR HDR DIFF PRESS,,LOABS,PULV LOW SEAL AIR HDR DIFF PRESS,ALM,1,3.98848,4,INH2O,!WP1001!WP1002!WP1003!WP1006!WP1007!WP1014!hist14!CP1004,1
2026-07-18 16:36:11.5,1PDF,SLPSL0001,PULV LOW SEAL AIR HDR DIFF PRESS,,LOABS,PULV LOW SEAL AIR HDR DIFF PRESS,RTN,1,4.02305,4,INH2O,!WP1001!WP1002!WP1003!WP1006!WP1007!WP1014!hist14!CP1004,1
2026-07-18 16:36:12.5,1PDF,SLPSL0001,PULV LOW SEAL AIR HDR DIFF PRESS,,LOABS,PULV LOW SEAL AIR HDR DIFF PRESS,ALM,1,3.96885,4,INH2O,!WP1001!WP1002!WP1003!WP1006!WP1007!WP1014!hist14!CP1004,1
2026-07-18 16:36:13.5,1PDF,SLPSL0001,PULV LOW SEAL AIR HDR DIFF PRESS,,LOABS,PULV LOW SEAL AIR HDR DIFF PRESS,RTN,1,4.00781,4,INH2O,!WP1001!WP1002!WP1003!WP1006!WP1007!WP1014!hist14!CP1004,1
2026-07-18 16:36:14.5,1PDF,SLPSL0001,PULV LOW SEAL AIR HDR DIFF PRESS,,LOABS,PULV LOW SEAL AIR HDR DIFF PRESS,ALM,1,3.94512,4,INH2O,!WP1001!WP1002!WP1003!WP1006!WP1007!WP1014!hist14!CP1004,1
2026-07-18 16:36:15.5,1PDF,SLPSL0001,PULV LOW SEAL AIR HDR DIFF PRESS,,LOABS,PULV LOW SEAL AIR HDR DIFF PRESS,RTN,1,4.09014,4,INH2O,!WP1001!WP1002!WP1003!WP1006!WP1007!WP1014!hist14!CP1004,1
2026-07-18 16:36:18.5,1PDF,SLPSL0001,PULV LOW SEAL AIR HDR DIFF PRESS,,LOABS,PULV LOW SEAL AIR HDR DIFF PRESS,ALM,1,3.92842,4,INH2O,!WP1001!WP1002!WP1003!WP1006!WP1007!WP1014!hist14!CP1004,1
2026-07-18 16:36:21.5,1PDF,SLPSL0001,PULV LOW SEAL AIR HDR DIFF PRESS,,LOABS,PULV LOW SEAL AIR HDR DIFF PRESS,RTN,1,4.12559,4,INH2O,!WP1001!WP1002!WP1003!WP1006!WP1007!WP1014!hist14!CP1004,1
2026-07-18 16:36:26.5,1PDF,SLPSL0001,PULV LOW SEAL AIR HDR DIFF PRESS,,LOABS,PULV LOW SEAL AIR HDR DIFF PRESS,ALM,1,3.96357,4,INH2O,!WP1001!WP1002!WP1003!WP1006!WP1007!WP1014!hist14!CP1004,1
2026-07-18 16:36:30.5,1PDF,SLPSL0001,PULV LOW SEAL AIR HDR DIFF PRESS,,LOABS,PULV LOW SEAL AIR HDR DIFF PRESS,RTN,1,4.02305,4,INH2O,!WP1001!WP1002!WP1003!WP1006!WP1007!WP1014!hist14!CP1004,1
2026-07-18 16:36:31.5,1PDF,SLPSL0001,PULV LOW SEAL AIR HDR DIFF PRESS,,LOABS,PULV LOW SEAL AIR HDR DIFF PRESS,ALM,1,3.91758,4,INH2O,!WP1001!WP1002!WP1003!WP1006!WP1007!WP1014!hist14!CP1004,1
2026-07-18 16:36:31.8,1AB_SCR_SEQ,SCR_HOP_T15,SCR HOPPER SEQ XV5103 TIMER,,PTARG,TIMEOUT,ALM,3,241,240,SEC,!WP1002!WP1011!WP1001!hist14!CP1020,1
2026-07-18 16:36:32.8,1AB_SCR_SEQ,SCR_HOP_T15,SCR HOPPER SEQ XV5103 TIMER,,PTARG,TIMEOUT,RTN,3,0,240,SEC,!WP1002!WP1011!WP1001!hist14!CP1020,1
2026-07-18 16:36:33.7,1DAS11,IAAH3281,COND PUMP DISCH   SILICA,1233,HIABS,HIGH,ALM,1,10.9961,10,ppb,!WP1002!WP1006!WP1007!WP1001!WP1003!WP1014!hist14!CP1008,1
2026-07-18 16:37:12.5,1PDF,SLPSL0001,PULV LOW SEAL AIR HDR DIFF PRESS,,LOABS,PULV LOW SEAL AIR HDR DIFF PRESS,RTN,1,4.07607,4,INH2O,!WP1001!WP1002!WP1003!WP1006!WP1007!WP1014!hist14!CP1004,1
2026-07-18 16:37:16.5,1PDF,SLPSL0001,PULV LOW SEAL AIR HDR DIFF PRESS,,LOABS,PULV LOW SEAL AIR HDR DIFF PRESS,ALM,1,3.91934,4,INH2O,!WP1001!WP1002!WP1003!WP1006!WP1007!WP1014!hist14!CP1004,1
2026-07-18 16:37:30.3,1AB_SURGEA,FCVA153AL,LINE A TO SILO    B,TRANSPORT LIN,STATE,FAIL,ALM,3,,,,!WP1002!WP1011!WP1001!hist14!CP1020,1
2026-07-18 16:37:31.3,1AB_SURGEA,FCVA153AL,LINE A TO SILO    B,TRANSPORT LIN,STATE,OK,RTN,3,,,,!WP1002!WP1011!WP1001!hist14!CP1020,1
2026-07-18 16:38:52.5,1PDF,SLPSL0001,PULV LOW SEAL AIR HDR DIFF PRESS,,LOABS,PULV LOW SEAL AIR HDR DIFF PRESS,RTN,1,4.00635,4,INH2O,!WP1001!WP1002!WP1003!WP1006!WP1007!WP1014!hist14!CP1004,1
2026-07-18 16:38:53.2,1FP,B56,ID FAN A INLET DAMPER FEEDBACK,,HHABS,ID FAN A DAMPER 80 %,RTN,1,78.989,80,PCT,!WP1001!WP1002!WP1003!WP1006!WP1007!WP1014!hist14!CP1001,1
2026-07-18 16:38:53.7,1FP,B58,ID FAN B INLET DAMPER FEEDBACK,,HHABS,IDF B DAMPER 80%,RTN,1,78.9989,80,PCT,!WP1001!WP1002!WP1003!WP1006!WP1007!WP1014!hist14!CP1001,1
2026-07-18 16:38:54.7,1FP,B86,ID FAN C INLET DAMPER FEEDBACK,,HHABS,ID FAN C DAMPER 80 %,RTN,1,78.9519,80,PCT,!WP1001!WP1002!WP1003!WP1006!WP1007!WP1014!hist14!CP1001,1
2026-07-18 16:38:58.5,1PDF,SLPSL0001,PULV LOW SEAL AIR HDR DIFF PRESS,,LOABS,PULV LOW SEAL AIR HDR DIFF PRESS,ALM,1,3.94922,4,INH2O,!WP1001!WP1002!WP1003!WP1006!WP1007!WP1014!hist14!CP1004,1
2026-07-18 16:39:01.5,1PDF,SLPSL0001,PULV LOW SEAL AIR HDR DIFF PRESS,,LOABS,PULV LOW SEAL AIR HDR DIFF PRESS,RTN,1,4.08311,4,INH2O,!WP1001!WP1002!WP1003!WP1006!WP1007!WP1014!hist14!CP1004,1
2026-07-18 16:39:04.5,1PDF,SLPSL0001,PULV LOW SEAL AIR HDR DIFF PRESS,,LOABS,PULV LOW SEAL AIR HDR DIFF PRESS,ALM,1,3.94365,4,INH2O,!WP1001!WP1002!WP1003!WP1006!WP1007!WP1014!hist14!CP1004,1
2026-07-18 16:39:37.5,1PDF,SLPSL0001,PULV LOW SEAL AIR HDR DIFF PRESS,,LOABS,PULV LOW SEAL AIR HDR DIFF PRESS,RTN,1,4.12646,4,INH2O,!WP1001!WP1002!WP1003!WP1006!WP1007!WP1014!hist14!CP1004,1
2026-07-18 16:39:58.8,1FG_B,5706TX_ALM,BF B INLET OUTLET PRESS,FGPDIT5706,STATE,DEVIATION ALARM CLEAR,RTN,3,,,,!WP1001!WP1002!WP1003!WP1006!WP1007!WP1014!hist14!CP1015,1
2026-07-18 16:40:17.8,1AR17,JAS_TIMER,JAS AUTO FLUSH TIMER,,PTARG,RESET FLUSH TIMER,ALM,5,28801,28800,SEC,!hist14!CP1017,2
2026-07-18 16:40:17.3,1FG_B,5706TX_ALM,BF B INLET OUTLET PRESS,FGPDIT5706,STATE,BF B INLET/OUTLET PRESS DEV,ALM,3,,,,!WP1001!WP1002!WP1003!WP1006!WP1007!WP1014!hist14!CP1015,1
2026-07-18 16:40:18.8,1AR17,JAS_TIMER,JAS AUTO FLUSH TIMER,,PTARG,RESET FLUSH TIMER,RTN,5,0,28800,SEC,!hist14!CP1017,2
2026-07-18 16:41:46.5,1PDF,SLPSL0001,PULV LOW SEAL AIR HDR DIFF PRESS,,LOABS,PULV LOW SEAL AIR HDR DIFF PRESS,ALM,1,3.99316,4,INH2O,!WP1001!WP1002!WP1003!WP1006!WP1007!WP1014!hist14!CP1004,1
2026-07-18 16:41:47.5,1PDF,SLPSL0001,PULV LOW SEAL AIR HDR DIFF PRESS,,LOABS,PULV LOW SEAL AIR HDR DIFF PRESS,RTN,1,4.10098,4,INH2O,!WP1001!WP1002!WP1003!WP1006!WP1007!WP1014!hist14!CP1004,1
2026-07-18 16:41:59.5,1PDF,SLPSL0001,PULV LOW SEAL AIR HDR DIFF PRESS,,LOABS,PULV LOW SEAL AIR HDR DIFF PRESS,ALM,1,3.97441,4,INH2O,!WP1001!WP1002!WP1003!WP1006!WP1007!WP1014!hist14!CP1004,1
2026-07-18 16:42:08.5,1PDF,SLPSL0001,PULV LOW SEAL AIR HDR DIFF PRESS,,LOABS,PULV LOW SEAL AIR HDR DIFF PRESS,RTN,1,4.01045,4,INH2O,!WP1001!WP1002!WP1003!WP1006!WP1007!WP1014!hist14!CP1004,1
2026-07-18 16:42:09.5,1PDF,SLPSL0001,PULV LOW SEAL AIR HDR DIFF PRESS,,LOABS,PULV LOW SEAL AIR HDR DIFF PRESS,ALM,1,3.94512,4,INH2O,!WP1001!WP1002!WP1003!WP1006!WP1007!WP1014!hist14!CP1004,1
2026-07-18 16:42:14.5,1PDF,SLPSL0001,PULV LOW SEAL AIR HDR DIFF PRESS,,LOABS,PULV LOW SEAL AIR HDR DIFF PRESS,RTN,1,4.08457,4,INH2O,!WP1001!WP1002!WP1003!WP1006!WP1007!WP1014!hist14!CP1004,1
2026-07-18 16:42:20.5,1PDF,SLPSL0001,PULV LOW SEAL AIR HDR DIFF PRESS,,LOABS,PULV LOW SEAL AIR HDR DIFF PRESS,ALM,1,3.96973,4,INH2O,!WP1001!WP1002!WP1003!WP1006!WP1007!WP1014!hist14!CP1004,1
2026-07-18 16:43:05.5,1PDF,SLPSL0001,PULV LOW SEAL AIR HDR DIFF PRESS,,LOABS,PULV LOW SEAL AIR HDR DIFF PRESS,RTN,1,4.07227,4,INH2O,!WP1001!WP1002!WP1003!WP1006!WP1007!WP1014!hist14!CP1004,1
2026-07-18 16:43:26.5,1PDF,SLPSL0001,PULV LOW SEAL AIR HDR DIFF PRESS,,LOABS,PULV LOW SEAL AIR HDR DIFF PRESS,ALM,1,3.97559,4,INH2O,!WP1001!WP1002!WP1003!WP1006!WP1007!WP1014!hist14!CP1004,1
2026-07-18 16:43:30.5,1PDF,SLPSL0001,PULV LOW SEAL AIR HDR DIFF PRESS,,LOABS,PULV LOW SEAL AIR HDR DIFF PRESS,RTN,1,4.00371,4,INH2O,!WP1001!WP1002!WP1003!WP1006!WP1007!WP1014!hist14!CP1004,1
2026-07-18 16:43:31.5,1PDF,SLPSL0001,PULV LOW SEAL AIR HDR DIFF PRESS,,LOABS,PULV LOW SEAL AIR HDR DIFF PRESS,ALM,1,3.94131,4,INH2O,!WP1001!WP1002!WP1003!WP1006!WP1007!WP1014!hist14!CP1004,1
2026-07-18 16:43:32.5,1PDF,SLPSL0001,PULV LOW SEAL AIR HDR DIFF PRESS,,LOABS,PULV LOW SEAL AIR HDR DIFF PRESS,RTN,1,4.00342,4,INH2O,!WP1001!WP1002!WP1003!WP1006!WP1007!WP1014!hist14!CP1004,1
2026-07-18 16:43:33.5,1PDF,SLPSL0001,PULV LOW SEAL AIR HDR DIFF PRESS,,LOABS,PULV LOW SEAL AIR HDR DIFF PRESS,ALM,1,3.89678,4,INH2O,!WP1001!WP1002!WP1003!WP1006!WP1007!WP1014!hist14!CP1004,1
2026-07-18 16:43:45.5,1PDF,SLPSL0001,PULV LOW SEAL AIR HDR DIFF PRESS,,LOABS,PULV LOW SEAL AIR HDR DIFF PRESS,RTN,1,4.02949,4,INH2O,!WP1001!WP1002!WP1003!WP1006!WP1007!WP1014!hist14!CP1004,1
2026-07-18 16:44:05.2,1FP,B86,ID FAN C INLET DAMPER FEEDBACK,,HHABS,ID FAN C DAMPER 80 %,ALM,1,80.0513,80,PCT,!WP1001!WP1002!WP1003!WP1006!WP1007!WP1014!hist14!CP1001,1
2026-07-18 16:44:07.5,1PDF,SLPSL0001,PULV LOW SEAL AIR HDR DIFF PRESS,,LOABS,PULV LOW SEAL AIR HDR DIFF PRESS,ALM,1,3.93369,4,INH2O,!WP1001!WP1002!WP1003!WP1006!WP1007!WP1014!hist14!CP1004,1
2026-07-18 16:44:08.7,1FP,B58,ID FAN B INLET DAMPER FEEDBACK,,HHABS,IDF B DAMPER 80%,ALM,1,80.0159,80,PCT,!WP1001!WP1002!WP1003!WP1006!WP1007!WP1014!hist14!CP1001,1
2026-07-18 16:44:13.5,1PDF,SLPSL0001,PULV LOW SEAL AIR HDR DIFF PRESS,,LOABS,PULV LOW SEAL AIR HDR DIFF PRESS,RTN,1,4.01191,4,INH2O,!WP1001!WP1002!WP1003!WP1006!WP1007!WP1014!hist14!CP1004,1
2026-07-18 16:44:14.2,1FP,B56,ID FAN A INLET DAMPER FEEDBACK,,HHABS,ID FAN A DAMPER 80 %,ALM,1,80.0232,80,PCT,!WP1001!WP1002!WP1003!WP1006!WP1007!WP1014!hist14!CP1001,1
2026-07-18 16:44:22.5,1PDF,SLPSL0001,PULV LOW SEAL AIR HDR DIFF PRESS,,LOABS,PULV LOW SEAL AIR HDR DIFF PRESS,ALM,1,3.9791,4,INH2O,!WP1001!WP1002!WP1003!WP1006!WP1007!WP1014!hist14!CP1004,1
2026-07-18 16:44:39.5,1PDF,SLPSL0001,PULV LOW SEAL AIR HDR DIFF PRESS,,LOABS,PULV LOW SEAL AIR HDR DIFF PRESS,RTN,1,4.11416,4,INH2O,!WP1001!WP1002!WP1003!WP1006!WP1007!WP1014!hist14!CP1004,1
2026-07-18 16:44:42.0,1AB_PYRITE,ABXV5172BAL,SLUICE PMP B SUCT  VLV,PYRITE SLUICE,STATE,FAIL,ALM,3,,,,!WP1002!WP1011!WP1001!hist14!CP1020,1
2026-07-18 16:44:46.7,1SCR_B_PRESS,FGPDI5228B,SCR B CAT LAYER 4 DP,1SR114 PNT 4,HHABS,HI HI DP,RTN,1,1.1993,1.7,INH2O,!WP1001!WP1002!WP1003!WP1006!WP1007!WP1014!hist14!CP1016,1
2026-07-18 16:45:20.5,1PDF,SLPSL0001,PULV LOW SEAL AIR HDR DIFF PRESS,,LOABS,PULV LOW SEAL AIR HDR DIFF PRESS,ALM,1,3.91113,4,INH2O,!WP1001!WP1002!WP1003!WP1006!WP1007!WP1014!hist14!CP1004,1
2026-07-18 16:45:30.5,1PDF,SLPSL0001,PULV LOW SEAL AIR HDR DIFF PRESS,,LOABS,PULV LOW SEAL AIR HDR DIFF PRESS,RTN,1,4.1042,4,INH2O,!WP1001!WP1002!WP1003!WP1006!WP1007!WP1014!hist14!CP1004,1
2026-07-18 16:45:49.5,1PDF,SLPSL0001,PULV LOW SEAL AIR HDR DIFF PRESS,,LOABS,PULV LOW SEAL AIR HDR DIFF PRESS,ALM,1,3.97148,4,INH2O,!WP1001!WP1002!WP1003!WP1006!WP1007!WP1014!hist14!CP1004,1
2026-07-18 16:45:51.5,1PDF,SLPSL0001,PULV LOW SEAL AIR HDR DIFF PRESS,,LOABS,PULV LOW SEAL AIR HDR DIFF PRESS,RTN,1,4.02305,4,INH2O,!WP1001!WP1002!WP1003!WP1006!WP1007!WP1014!hist14!CP1004,1
2026-07-18 16:45:52.5,1PDF,SLPSL0001,PULV LOW SEAL AIR HDR DIFF PRESS,,LOABS,PULV LOW SEAL AIR HDR DIFF PRESS,ALM,1,3.9832,4,INH2O,!WP1001!WP1002!WP1003!WP1006!WP1007!WP1014!hist14!CP1004,1
2026-07-18 16:45:53.5,1PDF,SLPSL0001,PULV LOW SEAL AIR HDR DIFF PRESS,,LOABS,PULV LOW SEAL AIR HDR DIFF PRESS,RTN,1,4.05908,4,INH2O,!WP1001!WP1002!WP1003!WP1006!WP1007!WP1014!hist14!CP1004,1
2026-07-18 16:45:54.5,1PDF,SLPSL0001,PULV LOW SEAL AIR HDR DIFF PRESS,,LOABS,PULV LOW SEAL AIR HDR DIFF PRESS,ALM,1,3.99375,4,INH2O,!WP1001!WP1002!WP1003!WP1006!WP1007!WP1014!hist14!CP1004,1
2026-07-18 16:45:55.5,1PDF,SLPSL0001,PULV LOW SEAL AIR HDR DIFF PRESS,,LOABS,PULV LOW SEAL AIR HDR DIFF PRESS,RTN,1,4.03154,4,INH2O,!WP1001!WP1002!WP1003!WP1006!WP1007!WP1014!hist14!CP1004,1
2026-07-18 16:45:56.5,1PDF,SLPSL0001,PULV LOW SEAL AIR HDR DIFF PRESS,,LOABS,PULV LOW SEAL AIR HDR DIFF PRESS,ALM,1,3.91758,4,INH2O,!WP1001!WP1002!WP1003!WP1006!WP1007!WP1014!hist14!CP1004,1
2026-07-18 16:46:27.5,1PDF,SLPSL0001,PULV LOW SEAL AIR HDR DIFF PRESS,,LOABS,PULV LOW SEAL AIR HDR DIFF PRESS,RTN,1,4.07051,4,INH2O,!WP1001!WP1002!WP1003!WP1006!WP1007!WP1014!hist14!CP1004,1
2026-07-18 16:46:30.5,1PDF,SLPSL0001,PULV LOW SEAL AIR HDR DIFF PRESS,,LOABS,PULV LOW SEAL AIR HDR DIFF PRESS,ALM,1,3.93135,4,INH2O,!WP1001!WP1002!WP1003!WP1006!WP1007!WP1014!hist14!CP1004,1
2026-07-18 16:46:39.0,1AB_PYRITE,ABXV5172BAL,SLUICE PMP B SUCT  VLV,PYRITE SLUICE,STATE,OK,RTN,3,,,,!WP1002!WP1011!WP1001!hist14!CP1020,1
2026-07-18 16:47:00.2,1FP,B56,ID FAN A INLET DAMPER FEEDBACK,,HHABS,ID FAN A DAMPER 80 %,RTN,1,78.9222,80,PCT,!WP1001!WP1002!WP1003!WP1006!WP1007!WP1014!hist14!CP1001,1
2026-07-18 16:47:00.7,1FP,B58,ID FAN B INLET DAMPER FEEDBACK,,HHABS,IDF B DAMPER 80%,RTN,1,78.9061,80,PCT,!WP1001!WP1002!WP1003!WP1006!WP1007!WP1014!hist14!CP1001,1
2026-07-18 16:47:01.2,1FP,B86,ID FAN C INLET DAMPER FEEDBACK,,HHABS,ID FAN C DAMPER 80 %,RTN,1,78.9506,80,PCT,!WP1001!WP1002!WP1003!WP1006!WP1007!WP1014!hist14!CP1001,1
2026-07-18 16:47:01.1,1AB_PYRITE,ABMO5173AII,PYRITES SLC PMP A MOTOR CURRENT,,HIABS,HI,ALM,3,289.93,215,AMPS,!WP1002!WP1011!WP1001!hist14!CP1020,1
2026-07-18 16:47:01.1,1AB_PYRITE,ABMO5173AII,PYRITES SLC PMP A MOTOR CURRENT,,HHABS,HIHI,ALM,3,289.93,230,AMPS,!WP1002!WP1011!WP1001!hist14!CP1020,1
2026-07-18 16:47:02.4,1AB_PYRITE,ABMO5173AAL1,SLUICE PMP A,,STA_4,DISCHARGE PRESS >= 50 PSIG,RTN,1,289.93,0,,!WP1002!WP1011!WP1001!hist14!CP1020,1
2026-07-18 16:47:02.1,1AB_PYRITE,ABMO5173AII,PYRITES SLC PMP A MOTOR CURRENT,,IOBAD,BAD CHANNEL,RTN,3,,,,!WP1002!WP1011!WP1001!hist14!CP1020,1
2026-07-18 16:47:02.4,1AB_PYRITE,ABMO5173AII,PYRITES SLC PMP A MOTOR CURRENT,,IOBAD,BAD CHANNEL,ALM,3,,,,!WP1002!WP1011!WP1001!hist14!CP1020,1
2026-07-18 16:47:03.4,1AB_PYRITE,ABMO5173AII,PYRITES SLC PMP A MOTOR CURRENT,,HIABS,HI,RTN,3,81.5703,215,AMPS,!WP1002!WP1011!WP1001!hist14!CP1020,1
2026-07-18 16:47:03.4,1AB_PYRITE,ABMO5173AII,PYRITES SLC PMP A MOTOR CURRENT,,HHABS,HIHI,RTN,3,81.5703,230,AMPS,!WP1002!WP1011!WP1001!hist14!CP1020,1
2026-07-18 16:47:19.5,1FUEL_SFTY,FPTX_ALM,DRAFT TRANSMITTER DEVIATION,,STATE,FURN DRAFT PRESS XMTR DEVIATION,ALM,5,,,,!WP1001!WP1002!WP1003!WP1006!WP1007!WP1014!hist14!CP1004,1
2026-07-18 16:47:27.3,1FG_B,ZSH5701A,BF B BLADE PITCH,,HIABS,BLADE PITCH ALARM,RTN,3,69.8789,70,%,!WP1001!WP1002!WP1003!WP1006!WP1007!WP1014!hist14!CP1015,1
2026-07-18 16:47:28.8,1FG_A,ZSH5601A,BF A BLADE PITCH,,HIABS,BLADE PITCH ALARM,RTN,3,69.8926,70,%,!WP1001!WP1002!WP1003!WP1006!WP1007!WP1014!hist14!CP1015,1
2026-07-18 16:47:30.5,1FUEL_SFTY,FPTX_ALM,DRAFT TRANSMITTER DEVIATION,,STATE,NO DEVIATION,RTN,5,,,,!WP1001!WP1002!WP1003!WP1006!WP1007!WP1014!hist14!CP1004,1
2026-07-18 16:47:33.5,1FUEL_SFTY,FPTX_ALM,DRAFT TRANSMITTER DEVIATION,,STATE,FURN DRAFT PRESS XMTR DEVIATION,ALM,5,,,,!WP1001!WP1002!WP1003!WP1006!WP1007!WP1014!hist14!CP1004,1
2026-07-18 16:47:33.8,1FG_B,5706TX_ALM,BF B INLET OUTLET PRESS,FGPDIT5706,STATE,DEVIATION ALARM CLEAR,RTN,3,,,,!WP1001!WP1002!WP1003!WP1006!WP1007!WP1014!hist14!CP1015,1
2026-07-18 16:48:23.5,1FUEL_SFTY,FPTX_ALM,DRAFT TRANSMITTER DEVIATION,,STATE,NO DEVIATION,RTN,5,,,,!WP1001!WP1002!WP1003!WP1006!WP1007!WP1014!hist14!CP1004,1
2026-07-18 16:48:39.8,1SEAL_AIR,PDI5735_ALM,BF B OUT DMPR SEAL CAV D/P LOW,,STATE,DP ALARM CLEAR,RTN,3,,,,!WP1001!WP1002!WP1003!WP1006!WP1007!WP1014!hist14!CP1015,1
2026-07-18 16:48:51.5,1PDF,SLPSL0001,PULV LOW SEAL AIR HDR DIFF PRESS,,LOABS,PULV LOW SEAL AIR HDR DIFF PRESS,RTN,1,4.0415,4,INH2O,!WP1001!WP1002!WP1003!WP1006!WP1007!WP1014!hist14!CP1004,1
2026-07-18 16:49:08.7,1SCR_B_PRESS,FGPDI5228B,SCR B CAT LAYER 4 DP,1SR114 PNT 4,HHABS,HI HI DP,ALM,1,1.70304,1.7,INH2O,!WP1001!WP1002!WP1003!WP1006!WP1007!WP1014!hist14!CP1016,1
2026-07-18 16:49:11.5,1PDF,SLPSL0001,PULV LOW SEAL AIR HDR DIFF PRESS,,LOABS,PULV LOW SEAL AIR HDR DIFF PRESS,ALM,1,3.94014,4,INH2O,!WP1001!WP1002!WP1003!WP1006!WP1007!WP1014!hist14!CP1004,1
2026-07-18 16:49:15.5,1PDF,SLPSL0001,PULV LOW SEAL AIR HDR DIFF PRESS,,LOABS,PULV LOW SEAL AIR HDR DIFF PRESS,RTN,1,4.00371,4,INH2O,!WP1001!WP1002!WP1003!WP1006!WP1007!WP1014!hist14!CP1004,1
2026-07-18 16:49:16.5,1PDF,SLPSL0001,PULV LOW SEAL AIR HDR DIFF PRESS,,LOABS,PULV LOW SEAL AIR HDR DIFF PRESS,ALM,1,3.99844,4,INH2O,!WP1001!WP1002!WP1003!WP1006!WP1007!WP1014!hist14!CP1004,1
2026-07-18 16:49:17.5,1PDF,SLPSL0001,PULV LOW SEAL AIR HDR DIFF PRESS,,LOABS,PULV LOW SEAL AIR HDR DIFF PRESS,RTN,1,4.00254,4,INH2O,!WP1001!WP1002!WP1003!WP1006!WP1007!WP1014!hist14!CP1004,1
2026-07-18 16:49:18.5,1PDF,SLPSL0001,PULV LOW SEAL AIR HDR DIFF PRESS,,LOABS,PULV LOW SEAL AIR HDR DIFF PRESS,ALM,1,3.93809,4,INH2O,!WP1001!WP1002!WP1003!WP1006!WP1007!WP1014!hist14!CP1004,1
2026-07-18 16:49:21.5,1PDF,SLPSL0001,PULV LOW SEAL AIR HDR DIFF PRESS,,LOABS,PULV LOW SEAL AIR HDR DIFF PRESS,RTN,1,4.00898,4,INH2O,!WP1001!WP1002!WP1003!WP1006!WP1007!WP1014!hist14!CP1004,1
2026-07-18 16:49:34.5,1PDF,SLPSL0001,PULV LOW SEAL AIR HDR DIFF PRESS,,LOABS,PULV LOW SEAL AIR HDR DIFF PRESS,ALM,1,3.975,4,INH2O,!WP1001!WP1002!WP1003!WP1006!WP1007!WP1014!hist14!CP1004,1
2026-07-18 16:49:40.5,1PDF,SLPSL0001,PULV LOW SEAL AIR HDR DIFF PRESS,,LOABS,PULV LOW SEAL AIR HDR DIFF PRESS,RTN,1,4.01279,4,INH2O,!WP1001!WP1002!WP1003!WP1006!WP1007!WP1014!hist14!CP1004,1
2026-07-18 16:49:41.5,1PDF,SLPSL0001,PULV LOW SEAL AIR HDR DIFF PRESS,,LOABS,PULV LOW SEAL AIR HDR DIFF PRESS,ALM,1,3.96855,4,INH2O,!WP1001!WP1002!WP1003!WP1006!WP1007!WP1014!hist14!CP1004,1
2026-07-18 16:49:42.5,1PDF,SLPSL0001,PULV LOW SEAL AIR HDR DIFF PRESS,,LOABS,PULV LOW SEAL AIR HDR DIFF PRESS,RTN,1,4.1001,4,INH2O,!WP1001!WP1002!WP1003!WP1006!WP1007!WP1014!hist14!CP1004,1
2026-07-18 16:49:47.5,1PDF,SLPSL0001,PULV LOW SEAL AIR HDR DIFF PRESS,,LOABS,PULV LOW SEAL AIR HDR DIFF PRESS,ALM,1,3.97617,4,INH2O,!WP1001!WP1002!WP1003!WP1006!WP1007!WP1014!hist14!CP1004,1
2026-07-18 16:49:48.5,1PDF,SLPSL0001,PULV LOW SEAL AIR HDR DIFF PRESS,,LOABS,PULV LOW SEAL AIR HDR DIFF PRESS,RTN,1,4.10039,4,INH2O,!WP1001!WP1002!WP1003!WP1006!WP1007!WP1014!hist14!CP1004,1
2026-07-18 16:49:53.5,1PDF,SLPSL0001,PULV LOW SEAL AIR HDR DIFF PRESS,,LOABS,PULV LOW SEAL AIR HDR DIFF PRESS,ALM,1,3.98555,4,INH2O,!WP1001!WP1002!WP1003!WP1006!WP1007!WP1014!hist14!CP1004,1
2026-07-18 16:49:55.5,1PDF,SLPSL0001,PULV LOW SEAL AIR HDR DIFF PRESS,,LOABS,PULV LOW SEAL AIR HDR DIFF PRESS,RTN,1,4.00166,4,INH2O,!WP1001!WP1002!WP1003!WP1006!WP1007!WP1014!hist14!CP1004,1
2026-07-18 16:49:56.5,1PDF,SLPSL0001,PULV LOW SEAL AIR HDR DIFF PRESS,,LOABS,PULV LOW SEAL AIR HDR DIFF PRESS,ALM,1,3.94512,4,INH2O,!WP1001!WP1002!WP1003!WP1006!WP1007!WP1014!hist14!CP1004,1
2026-07-18 16:49:57.5,1PDF,SLPSL0001,PULV LOW SEAL AIR HDR DIFF PRESS,,LOABS,PULV LOW SEAL AIR HDR DIFF PRESS,RTN,1,4.05703,4,INH2O,!WP1001!WP1002!WP1003!WP1006!WP1007!WP1014!hist14!CP1004,1
2026-07-18 16:50:00.5,1PDF,SLPSL0001,PULV LOW SEAL AIR HDR DIFF PRESS,,LOABS,PULV LOW SEAL AIR HDR DIFF PRESS,ALM,1,3.89414,4,INH2O,!WP1001!WP1002!WP1003!WP1006!WP1007!WP1014!hist14!CP1004,1
2026-07-18 16:50:03.5,1PDF,SLPSL0001,PULV LOW SEAL AIR HDR DIFF PRESS,,LOABS,PULV LOW SEAL AIR HDR DIFF PRESS,RTN,1,4.01689,4,INH2O,!WP1001!WP1002!WP1003!WP1006!WP1007!WP1014!hist14!CP1004,1
2026-07-18 16:50:04.5,1PDF,SLPSL0001,PULV LOW SEAL AIR HDR DIFF PRESS,,LOABS,PULV LOW SEAL AIR HDR DIFF PRESS,ALM,1,3.9999,4,INH2O,!WP1001!WP1002!WP1003!WP1006!WP1007!WP1014!hist14!CP1004,1
2026-07-18 16:50:05.5,1PDF,SLPSL0001,PULV LOW SEAL AIR HDR DIFF PRESS,,LOABS,PULV LOW SEAL AIR HDR DIFF PRESS,RTN,1,4.05791,4,INH2O,!WP1001!WP1002!WP1003!WP1006!WP1007!WP1014!hist14!CP1004,1
2026-07-18 16:50:08.5,1PDF,SLPSL0001,PULV LOW SEAL AIR HDR DIFF PRESS,,LOABS,PULV LOW SEAL AIR HDR DIFF PRESS,ALM,1,3.95772,4,INH2O,!WP1001!WP1002!WP1003!WP1006!WP1007!WP1014!hist14!CP1004,1
2026-07-18 16:50:13.5,1FUEL_SFTY,FPTX_ALM,DRAFT TRANSMITTER DEVIATION,,STATE,FURN DRAFT PRESS XMTR DEVIATION,ALM,5,,,,!WP1001!WP1002!WP1003!WP1006!WP1007!WP1014!hist14!CP1004,1
2026-07-18 16:50:30.5,1FUEL_SFTY,FPTX_ALM,DRAFT TRANSMITTER DEVIATION,,STATE,NO DEVIATION,RTN,5,,,,!WP1001!WP1002!WP1003!WP1006!WP1007!WP1014!hist14!CP1004,1
2026-07-18 16:51:23.5,1PDF,SLPSL0001,PULV LOW SEAL AIR HDR DIFF PRESS,,LOABS,PULV LOW SEAL AIR HDR DIFF PRESS,RTN,1,4.15225,4,INH2O,!WP1001!WP1002!WP1003!WP1006!WP1007!WP1014!hist14!CP1004,1
2026-07-18 16:51:51.5,1PDF,SLPSL0001,PULV LOW SEAL AIR HDR DIFF PRESS,,LOABS,PULV LOW SEAL AIR HDR DIFF PRESS,ALM,1,3.99082,4,INH2O,!WP1001!WP1002!WP1003!WP1006!WP1007!WP1014!hist14!CP1004,1
2026-07-18 16:51:52.5,1PDF,SLPSL0001,PULV LOW SEAL AIR HDR DIFF PRESS,,LOABS,PULV LOW SEAL AIR HDR DIFF PRESS,RTN,1,4.0582,4,INH2O,!WP1001!WP1002!WP1003!WP1006!WP1007!WP1014!hist14!CP1004,1
2026-07-18 16:52:06.5,1PDF,SLPSL0001,PULV LOW SEAL AIR HDR DIFF PRESS,,LOABS,PULV LOW SEAL AIR HDR DIFF PRESS,ALM,1,3.9498,4,INH2O,!WP1001!WP1002!WP1003!WP1006!WP1007!WP1014!hist14!CP1004,1
2026-07-18 16:52:07.5,1PDF,SLPSL0001,PULV LOW SEAL AIR HDR DIFF PRESS,,LOABS,PULV LOW SEAL AIR HDR DIFF PRESS,RTN,1,4.04414,4,INH2O,!WP1001!WP1002!WP1003!WP1006!WP1007!WP1014!hist14!CP1004,1
2026-07-18 16:53:15.5,1PDF,SLPSL0001,PULV LOW SEAL AIR HDR DIFF PRESS,,LOABS,PULV LOW SEAL AIR HDR DIFF PRESS,ALM,1,3.9208,4,INH2O,!WP1001!WP1002!WP1003!WP1006!WP1007!WP1014!hist14!CP1004,1
2026-07-18 16:54:31.4,1AB_PYRITE,SV_616AL,MILL HPR 1H EJCT  WTR VLV,MILL HOPPER 1,STATE,FAIL,ALM,3,,,,!WP1002!WP1011!WP1001!hist14!CP1020,1
2026-07-18 16:55:43.5,1PDF,SLPSL0001,PULV LOW SEAL AIR HDR DIFF PRESS,,LOABS,PULV LOW SEAL AIR HDR DIFF PRESS,RTN,1,4.04121,4,INH2O,!WP1001!WP1002!WP1003!WP1006!WP1007!WP1014!hist14!CP1004,1
2026-07-18 16:55:45.5,1PDF,SLPSL0001,PULV LOW SEAL AIR HDR DIFF PRESS,,LOABS,PULV LOW SEAL AIR HDR DIFF PRESS,ALM,1,3.95068,4,INH2O,!WP1001!WP1002!WP1003!WP1006!WP1007!WP1014!hist14!CP1004,1
2026-07-18 16:55:51.5,1PDF,SLPSL0001,PULV LOW SEAL AIR HDR DIFF PRESS,,LOABS,PULV LOW SEAL AIR HDR DIFF PRESS,RTN,1,4.00957,4,INH2O,!WP1001!WP1002!WP1003!WP1006!WP1007!WP1014!hist14!CP1004,1
2026-07-18 16:55:51.4,1AB_PYRITE,ABXV5250HAL,MILL HPR 1H TOP   VLV,MILL HOPPER 1,STATE,FAIL,ALM,3,,,,!WP1002!WP1011!WP1001!hist14!CP1020,1
2026-07-18 16:55:52.5,1PDF,SLPSL0001,PULV LOW SEAL AIR HDR DIFF PRESS,,LOABS,PULV LOW SEAL AIR HDR DIFF PRESS,ALM,1,3.92813,4,INH2O,!WP1001!WP1002!WP1003!WP1006!WP1007!WP1014!hist14!CP1004,1
2026-07-18 16:55:58.5,1PDF,SLPSL0001,PULV LOW SEAL AIR HDR DIFF PRESS,,LOABS,PULV LOW SEAL AIR HDR DIFF PRESS,RTN,1,4.05234,4,INH2O,!WP1001!WP1002!WP1003!WP1006!WP1007!WP1014!hist14!CP1004,1
2026-07-18 16:57:05.0,1AB_PYRITE,SV_616AL,MILL HPR 1H EJCT  WTR VLV,MILL HOPPER 1,STATE,OK,RTN,3,,,,!WP1002!WP1011!WP1001!hist14!CP1020,1
2026-07-18 16:57:35.5,1PDF,SLPSL0001,PULV LOW SEAL AIR HDR DIFF PRESS,,LOABS,PULV LOW SEAL AIR HDR DIFF PRESS,ALM,1,3.92783,4,INH2O,!WP1001!WP1002!WP1003!WP1006!WP1007!WP1014!hist14!CP1004,1
2026-07-18 16:58:06.5,1PDF,SLPSL0001,PULV LOW SEAL AIR HDR DIFF PRESS,,LOABS,PULV LOW SEAL AIR HDR DIFF PRESS,RTN,1,4.03301,4,INH2O,!WP1001!WP1002!WP1003!WP1006!WP1007!WP1014!hist14!CP1004,1
2026-07-18 16:58:12.4,1AB_PYRITE,ABXV5250HAL,MILL HPR 1H TOP   VLV,MILL HOPPER 1,STATE,OK,RTN,3,,,,!WP1002!WP1011!WP1001!hist14!CP1020,1
2026-07-18 16:58:19.1,1DAS3,ISTE2281,ALT SLOT NO 2 TMP,1422,HIABS,HIGH,RTN,5,168.234,170,DEG.F,!WP1002!WP1006!WP1007!WP1001!WP1003!WP1014!hist14!CP1006,1
2026-07-18 16:58:20.5,1PDF,SLPSL0001,PULV LOW SEAL AIR HDR DIFF PRESS,,LOABS,PULV LOW SEAL AIR HDR DIFF PRESS,ALM,1,3.97822,4,INH2O,!WP1001!WP1002!WP1003!WP1006!WP1007!WP1014!hist14!CP1004,1
2026-07-18 16:58:26.1,1DAS3,ISTE2271,ALT SLOT NO 1 TMP,1421,HIABS,HIGH,RTN,5,168.234,170,DEG.F,!WP1002!WP1006!WP1007!WP1001!WP1003!WP1014!hist14!CP1006,1
2026-07-18 16:58:44.2,1SCR_B_PRESS,FGPDI5228B,SCR B CAT LAYER 4 DP,1SR114 PNT 4,HHABS,HI HI DP,RTN,1,1.19931,1.7,INH2O,!WP1001!WP1002!WP1003!WP1006!WP1007!WP1014!hist14!CP1016,1
2026-07-18 16:59:02.5,1FUEL_SFTY,FPTX_ALM,DRAFT TRANSMITTER DEVIATION,,STATE,FURN DRAFT PRESS XMTR DEVIATION,ALM,5,,,,!WP1001!WP1002!WP1003!WP1006!WP1007!WP1014!hist14!CP1004,1
2026-07-18 16:59:10.5,1FUEL_SFTY,FPTX_ALM,DRAFT TRANSMITTER DEVIATION,,STATE,NO DEVIATION,RTN,5,,,,!WP1001!WP1002!WP1003!WP1006!WP1007!WP1014!hist14!CP1004,1
2026-07-18 16:59:51.7,FD_FAN_VIB,B_FAN_VEL_AX,B FD FAN VEL AX,,HIABS,B FD FAN VEL AX HI VIB,ALM,1,3.03953,3,MILS,!WP1001!WP1002!WP1003!WP1006!WP1007!WP1014!hist14!CP1005,1
2026-07-18 16:59:57.5,1PDF,SLPSL0001,PULV LOW SEAL AIR HDR DIFF PRESS,,LOABS,PULV LOW SEAL AIR HDR DIFF PRESS,RTN,1,4.06143,4,INH2O,!WP1001!WP1002!WP1003!WP1006!WP1007!WP1014!hist14!CP1004,1
2026-07-18 16:59:59.7,FD_FAN_VIB,B_FAN_VEL_AX,B FD FAN VEL AX,,HIABS,B FD FAN VEL AX HI VIB,RTN,1,2.39766,3,MILS,!WP1001!WP1002!WP1003!WP1006!WP1007!WP1014!hist14!CP1005,1
2026-07-18 17:00:13.3,1AR_LS,DEV_5803,LS SYS B,,STATE,VALVE 5803 DEVIATION,ALM,3,,,,!WP1001!WP1002!WP1003!WP1006!WP1007!WP1014!hist14!CP1017,1
2026-07-18 17:00:48.3,1AR_LS,DEV_5803,LS SYS B,,STATE,,RTN,3,,,,!WP1001!WP1002!WP1003!WP1006!WP1007!WP1014!hist14!CP1017,1
2026-07-18 17:01:08.4,1AB_PYRITE,SV_615AL,MILL HPR 1G EJCT  WTR VLV,MILL HOPPER 1,STATE,FAIL,ALM,3,,,,!WP1002!WP1011!WP1001!hist14!CP1020,1
2026-07-18 17:01:58.5,1PDF,SLPSL0001,PULV LOW SEAL AIR HDR DIFF PRESS,,LOABS,PULV LOW SEAL AIR HDR DIFF PRESS,ALM,1,3.99082,4,INH2O,!WP1001!WP1002!WP1003!WP1006!WP1007!WP1014!hist14!CP1004,1
2026-07-18 17:01:59.5,1PDF,SLPSL0001,PULV LOW SEAL AIR HDR DIFF PRESS,,LOABS,PULV LOW SEAL AIR HDR DIFF PRESS,RTN,1,4.0292,4,INH2O,!WP1001!WP1002!WP1003!WP1006!WP1007!WP1014!hist14!CP1004,1
2026-07-18 17:02:01.3,IDFAN_PEEC,OPCY_ALM,PRECIP OUT > 50%,PRECIP OUTLET,STATE,ALARM,ALM,3,,,,!WP1001!WP1002!WP1003!WP1006!WP1007!WP1014!hist14!CP1003,1
2026-07-18 17:02:04.8,1FG_A,ZSH5601A,BF A BLADE PITCH,,HIABS,BLADE PITCH ALARM,ALM,3,70.0371,70,%,!WP1001!WP1002!WP1003!WP1006!WP1007!WP1014!hist14!CP1015,1
2026-07-18 17:02:04.3,1FG_B,ZSH5701A,BF B BLADE PITCH,,HIABS,BLADE PITCH ALARM,ALM,3,70.1582,70,%,!WP1001!WP1002!WP1003!WP1006!WP1007!WP1014!hist14!CP1015,1
2026-07-18 17:02:08.8,IDFAN_PEEC,OPCY_ALM,PRECIP OUT > 50%,PRECIP OUTLET,STATE,NORMAL,RTN,3,,,,!WP1001!WP1002!WP1003!WP1006!WP1007!WP1014!hist14!CP1003,1
2026-07-18 17:02:09.5,1PDF,SLPSL0001,PULV LOW SEAL AIR HDR DIFF PRESS,,LOABS,PULV LOW SEAL AIR HDR DIFF PRESS,ALM,1,3.98467,4,INH2O,!WP1001!WP1002!WP1003!WP1006!WP1007!WP1014!hist14!CP1004,1
2026-07-18 17:02:30.3,1FG_B,ZSH5701A,BF B BLADE PITCH,,HIABS,BLADE PITCH ALARM,RTN,3,69.8125,70,%,!WP1001!WP1002!WP1003!WP1006!WP1007!WP1014!hist14!CP1015,1
2026-07-18 17:02:32.3,1FG_A,ZSH5601A,BF A BLADE PITCH,,HIABS,BLADE PITCH ALARM,RTN,3,69.834,70,%,!WP1001!WP1002!WP1003!WP1006!WP1007!WP1014!hist14!CP1015,1
2026-07-18 17:02:50.3,1SEAL_AIR,PDI5735_ALM,BF B OUT DMPR SEAL CAV D/P LOW,,STATE,DP ALARM ACTIVE,ALM,3,,,,!WP1001!WP1002!WP1003!WP1006!WP1007!WP1014!hist14!CP1015,1
2026-07-18 17:03:10.3,1SEAL_AIR,PDI5735_ALM,BF B OUT DMPR SEAL CAV D/P LOW,,STATE,DP ALARM CLEAR,RTN,3,,,,!WP1001!WP1002!WP1003!WP1006!WP1007!WP1014!hist14!CP1015,1
2026-07-18 17:03:21.3,1FG_B_HYD,MO5750B_ASTR,BF B HYD OIL CLR B AUTOSTART,,STATE,ON A FAILURE,ALM,3,,,,!WP1001!WP1002!WP1003!WP1006!WP1007!WP1014!hist14!CP1015,1
2026-07-18 17:03:21.3,1FG_B_HYD,TSHL5742A,BF B HYD OIL TANK ALM,HYDRAULIC OIL,HIABS,HI ALARM,ALM,1,122.046,122,DEGF,!WP1001!WP1002!WP1003!WP1006!WP1007!WP1014!hist14!CP1015,1
2026-07-18 17:03:23.3,1FG_B_HYD,MO5750B_ASTR,BF B HYD OIL CLR B AUTOSTART,,STATE,NORMAL,RTN,3,,,,!WP1001!WP1002!WP1003!WP1006!WP1007!WP1014!hist14!CP1015,1
2026-07-18 17:03:26.8,IDFAN_PEEC,OPCY_ALM,PRECIP OUT > 50%,PRECIP OUTLET,STATE,ALARM,ALM,3,,,,!WP1001!WP1002!WP1003!WP1006!WP1007!WP1014!hist14!CP1003,1
2026-07-18 17:03:30.3,IDFAN_PEEC,OPCY_ALM,PRECIP OUT > 50%,PRECIP OUTLET,STATE,NORMAL,RTN,3,,,,!WP1001!WP1002!WP1003!WP1006!WP1007!WP1014!hist14!CP1003,1
2026-07-18 17:04:05.5,1PDF,SLPSL0001,PULV LOW SEAL AIR HDR DIFF PRESS,,LOABS,PULV LOW SEAL AIR HDR DIFF PRESS,RTN,1,4.01514,4,INH2O,!WP1001!WP1002!WP1003!WP1006!WP1007!WP1014!hist14!CP1004,1
2026-07-18 17:04:26.0,1AB_ECON_SEQ,ECON_HOP_T7,ECON HOPPER SEQ XV5121 TIMER,,PTARG,TIMEOUT,ALM,3,241,240,SEC,!WP1002!WP1011!WP1001!hist14!CP1020,1
2026-07-18 17:04:27.0,1AB_ECON_SEQ,ECON_HOP_T7,ECON HOPPER SEQ XV5121 TIMER,,PTARG,TIMEOUT,RTN,3,0,240,SEC,!WP1002!WP1011!WP1001!hist14!CP1020,1
2026-07-18 17:04:36.6,SERV_WATER,TE104,SERV WTR PMP #1 STATOR,,HIABS,HIGH STATOR TEMP,ALM,2,200.039,200,DEGF,!WP1002!WP1006!WP1007!WP1001!WP1003!WP1014!hist14!CP1007,1
2026-07-18 17:05:35.8,1FG_A,ZSH5601A,BF A BLADE PITCH,,HIABS,BLADE PITCH ALARM,ALM,3,70.082,70,%,!WP1001!WP1002!WP1003!WP1006!WP1007!WP1014!hist14!CP1015,1
2026-07-18 17:05:35.8,1FG_B_HYD,TSHL5742A,BF B HYD OIL TANK ALM,HYDRAULIC OIL,HIABS,HI ALARM,RTN,1,121.484,122,DEGF,!WP1001!WP1002!WP1003!WP1006!WP1007!WP1014!hist14!CP1015,1
2026-07-18 17:05:36.8,1FG_B,ZSH5701A,BF B BLADE PITCH,,HIABS,BLADE PITCH ALARM,ALM,3,70.1719,70,%,!WP1001!WP1002!WP1003!WP1006!WP1007!WP1014!hist14!CP1015,1
2026-07-18 17:05:46.0,1BFA_GSM_ALM,BFA_ALM4,MARK VIE A BFPT ALARM,,STA_5,LO CLR DISCHG TEMP OK,RTN,5,0,0,,!WP1001!WP1002!WP1003!WP1006!WP1007!WP1014!hist14!CP1011,1
2026-07-18 17:05:48.4,1BFA_GSM_ALM,BFA_ALM4,MARK VIE A BFPT ALARM,,STA_5,LO CLR DISCHG TEMP HIGH,ALM,5,0,0,,!WP1001!WP1002!WP1003!WP1006!WP1007!WP1014!hist14!CP1011,1
2026-07-18 17:06:10.5,1PDF,SLPSL0001,PULV LOW SEAL AIR HDR DIFF PRESS,,LOABS,PULV LOW SEAL AIR HDR DIFF PRESS,ALM,1,3.98086,4,INH2O,!WP1001!WP1002!WP1003!WP1006!WP1007!WP1014!hist14!CP1004,1
2026-07-18 17:06:11.5,1PDF,SLPSL0001,PULV LOW SEAL AIR HDR DIFF PRESS,,LOABS,PULV LOW SEAL AIR HDR DIFF PRESS,RTN,1,4.03359,4,INH2O,!WP1001!WP1002!WP1003!WP1006!WP1007!WP1014!hist14!CP1004,1
2026-07-18 17:06:14.5,1PDF,SLPSL0001,PULV LOW SEAL AIR HDR DIFF PRESS,,LOABS,PULV LOW SEAL AIR HDR DIFF PRESS,ALM,1,3.91846,4,INH2O,!WP1001!WP1002!WP1003!WP1006!WP1007!WP1014!hist14!CP1004,1
2026-07-18 17:06:17.0,1AB_PYRITE,SV_615AL,MILL HPR 1G EJCT  WTR VLV,MILL HOPPER 1,STATE,OK,RTN,3,,,,!WP1002!WP1011!WP1001!hist14!CP1020,1
2026-07-18 17:06:21.8,1SEAL_AIR,PDI5735_ALM,BF B OUT DMPR SEAL CAV D/P LOW,,STATE,DP ALARM ACTIVE,ALM,3,,,,!WP1001!WP1002!WP1003!WP1006!WP1007!WP1014!hist14!CP1015,1
2026-07-18 17:06:45.8,1FG_B,ZSH5701A,BF B BLADE PITCH,,HIABS,BLADE PITCH ALARM,RTN,3,69.8965,70,%,!WP1001!WP1002!WP1003!WP1006!WP1007!WP1014!hist14!CP1015,1
2026-07-18 17:06:48.3,1FG_A,ZSH5601A,BF A BLADE PITCH,,HIABS,BLADE PITCH ALARM,RTN,3,69.8535,70,%,!WP1001!WP1002!WP1003!WP1006!WP1007!WP1014!hist14!CP1015,1
2026-07-18 17:07:13.4,1AB_PYRITE,SV_614AL,MILL HPR 1F EJCT  WTR VLV,MILL HOPPER 1,STATE,FAIL,ALM,3,,,,!WP1002!WP1011!WP1001!hist14!CP1020,1
2026-07-18 17:07:28.5,1FUEL_SFTY,FPTX_ALM,DRAFT TRANSMITTER DEVIATION,,STATE,FURN DRAFT PRESS XMTR DEVIATION,ALM,5,,,,!WP1001!WP1002!WP1003!WP1006!WP1007!WP1014!hist14!CP1004,1
2026-07-18 17:07:33.8,1SEAL_AIR,PDI5735_ALM,BF B OUT DMPR SEAL CAV D/P LOW,,STATE,DP ALARM CLEAR,RTN,3,,,,!WP1001!WP1002!WP1003!WP1006!WP1007!WP1014!hist14!CP1015,1
2026-07-18 17:07:34.5,1FUEL_SFTY,FPTX_ALM,DRAFT TRANSMITTER DEVIATION,,STATE,NO DEVIATION,RTN,5,,,,!WP1001!WP1002!WP1003!WP1006!WP1007!WP1014!hist14!CP1004,1
2026-07-18 17:08:07.5,1PDF,SLPSL0001,PULV LOW SEAL AIR HDR DIFF PRESS,,LOABS,PULV LOW SEAL AIR HDR DIFF PRESS,RTN,1,4.09307,4,INH2O,!WP1001!WP1002!WP1003!WP1006!WP1007!WP1014!hist14!CP1004,1
2026-07-18 17:09:04.0,1BFA_GSM_ALM,BFA_ALM4,MARK VIE A BFPT ALARM,,STA_5,LO CLR DISCHG TEMP OK,RTN,5,0,0,,!WP1001!WP1002!WP1003!WP1006!WP1007!WP1014!hist14!CP1011,1
2026-07-18 17:09:06.0,1BFA_GSM_ALM,BFA_ALM4,MARK VIE A BFPT ALARM,,STA_5,LO CLR DISCHG TEMP HIGH,ALM,5,0,0,,!WP1001!WP1002!WP1003!WP1006!WP1007!WP1014!hist14!CP1011,1
2026-07-18 17:09:14.4,1BFA_GSM_ALM,BFA_ALM4,MARK VIE A BFPT ALARM,,STA_5,LO CLR DISCHG TEMP OK,RTN,5,0,0,,!WP1001!WP1002!WP1003!WP1006!WP1007!WP1014!hist14!CP1011,1
2026-07-18 17:09:16.4,1BFA_GSM_ALM,BFA_ALM4,MARK VIE A BFPT ALARM,,STA_5,LO CLR DISCHG TEMP HIGH,ALM,5,0,0,,!WP1001!WP1002!WP1003!WP1006!WP1007!WP1014!hist14!CP1011,1
2026-07-18 17:09:17.3,1FG_A,ZSH5601A,BF A BLADE PITCH,,HIABS,BLADE PITCH ALARM,ALM,3,70.0234,70,%,!WP1001!WP1002!WP1003!WP1006!WP1007!WP1014!hist14!CP1015,1
2026-07-18 17:09:18.3,1FG_B,ZSH5701A,BF B BLADE PITCH,,HIABS,BLADE PITCH ALARM,ALM,3,70.1895,70,%,!WP1001!WP1002!WP1003!WP1006!WP1007!WP1014!hist14!CP1015,1
2026-07-18 17:09:31.0,1AB_ECON_SEQ,ECON_HOP_T8,ECON HOPPER SEQ XV5122 TIMER,,PTARG,TIMEOUT,ALM,3,241,240,SEC,!WP1002!WP1011!WP1001!hist14!CP1020,1
2026-07-18 17:09:32.0,1AB_ECON_SEQ,ECON_HOP_T8,ECON HOPPER SEQ XV5122 TIMER,,PTARG,TIMEOUT,RTN,3,0,240,SEC,!WP1002!WP1011!WP1001!hist14!CP1020,1
2026-07-18 17:09:47.5,1PDF,SLPSL0001,PULV LOW SEAL AIR HDR DIFF PRESS,,LOABS,PULV LOW SEAL AIR HDR DIFF PRESS,ALM,1,3.99316,4,INH2O,!WP1001!WP1002!WP1003!WP1006!WP1007!WP1014!hist14!CP1004,1
2026-07-18 17:09:48.3,1GS_A,BLEED_FAIL,BLEED SYSTEM A FAILURE,,STATE,BLEED SYSTEM A EQUIPMENT FAILURE,ALM,3,,,,!WP1001!WP1002!WP1003!WP1006!WP1007!WP1014!hist14!CP1017,1
2026-07-18 17:09:51.3,1MELIM,ZDS5504,WET/DRY INTFC VLV  DM DEV,,LODEV,LOW DEVIATION ALARM,RTN,3,46.4395,42.5,%,!hist14!CP1017,2
2026-07-18 17:09:59.5,1PDF,SLPSL0001,PULV LOW SEAL AIR HDR DIFF PRESS,,LOABS,PULV LOW SEAL AIR HDR DIFF PRESS,RTN,1,4.06611,4,INH2O,!WP1001!WP1002!WP1003!WP1006!WP1007!WP1014!hist14!CP1004,1
2026-07-18 17:10:04.5,1PDF,SLPSL0001,PULV LOW SEAL AIR HDR DIFF PRESS,,LOABS,PULV LOW SEAL AIR HDR DIFF PRESS,ALM,1,3.96064,4,INH2O,!WP1001!WP1002!WP1003!WP1006!WP1007!WP1014!hist14!CP1004,1
2026-07-18 17:10:07.8,1SEAL_AIR,PDI5735_ALM,BF B OUT DMPR SEAL CAV D/P LOW,,STATE,DP ALARM ACTIVE,ALM,3,,,,!WP1001!WP1002!WP1003!WP1006!WP1007!WP1014!hist14!CP1015,1
2026-07-18 17:10:18.0,1BFA_GSM_ALM,BFA_ALM4,MARK VIE A BFPT ALARM,,STA_5,LO CLR DISCHG TEMP OK,RTN,5,0,0,,!WP1001!WP1002!WP1003!WP1006!WP1007!WP1014!hist14!CP1011,1
2026-07-18 17:10:20.0,1BFA_GSM_ALM,BFA_ALM4,MARK VIE A BFPT ALARM,,STA_5,LO CLR DISCHG TEMP HIGH,ALM,5,0,0,,!WP1001!WP1002!WP1003!WP1006!WP1007!WP1014!hist14!CP1011,1
2026-07-18 17:10:45.8,1FG_B,ZSH5701A,BF B BLADE PITCH,,HIABS,BLADE PITCH ALARM,RTN,3,69.8652,70,%,!WP1001!WP1002!WP1003!WP1006!WP1007!WP1014!hist14!CP1015,1
2026-07-18 17:10:46.0,1BFA_GSM_ALM,BFA_ALM4,MARK VIE A BFPT ALARM,,STA_5,LO CLR DISCHG TEMP OK,RTN,5,0,0,,!WP1001!WP1002!WP1003!WP1006!WP1007!WP1014!hist14!CP1011,1
2026-07-18 17:10:48.0,1BFA_GSM_ALM,BFA_ALM4,MARK VIE A BFPT ALARM,,STA_5,LO CLR DISCHG TEMP HIGH,ALM,5,0,0,,!WP1001!WP1002!WP1003!WP1006!WP1007!WP1014!hist14!CP1011,1
2026-07-18 17:10:48.8,1FG_A,ZSH5601A,BF A BLADE PITCH,,HIABS,BLADE PITCH ALARM,RTN,3,69.8984,70,%,!WP1001!WP1002!WP1003!WP1006!WP1007!WP1014!hist14!CP1015,1
2026-07-18 17:10:52.3,1MELIM,ZDS5504,WET/DRY INTFC VLV  DM DEV,,HIDEV,HIGH DEVIATION ALARM,ALM,3,98.8555,5,%,!hist14!CP1017,2
2026-07-18 17:11:14.3,1FG_A,ZSH5601A,BF A BLADE PITCH,,HIABS,BLADE PITCH ALARM,ALM,3,70.041,70,%,!WP1001!WP1002!WP1003!WP1006!WP1007!WP1014!hist14!CP1015,1
2026-07-18 17:11:15.3,1FG_B,ZSH5701A,BF B BLADE PITCH,,HIABS,BLADE PITCH ALARM,ALM,3,70.1172,70,%,!WP1001!WP1002!WP1003!WP1006!WP1007!WP1014!hist14!CP1015,1
2026-07-18 17:11:31.5,1PDF,SLPSL0001,PULV LOW SEAL AIR HDR DIFF PRESS,,LOABS,PULV LOW SEAL AIR HDR DIFF PRESS,RTN,1,4.03242,4,INH2O,!WP1001!WP1002!WP1003!WP1006!WP1007!WP1014!hist14!CP1004,1
2026-07-18 17:11:32.4,1AB_PYRITE,SV_614AL,MILL HPR 1F EJCT  WTR VLV,MILL HOPPER 1,STATE,OK,RTN,3,,,,!WP1002!WP1011!WP1001!hist14!CP1020,1
2026-07-18 17:12:00.0,1BFA_GSM_ALM,BFA_ALM4,MARK VIE A BFPT ALARM,,STA_5,LO CLR DISCHG TEMP OK,RTN,5,0,0,,!WP1001!WP1002!WP1003!WP1006!WP1007!WP1014!hist14!CP1011,1
2026-07-18 17:12:02.0,1BFA_GSM_ALM,BFA_ALM4,MARK VIE A BFPT ALARM,,STA_5,LO CLR DISCHG TEMP HIGH,ALM,5,0,0,,!WP1001!WP1002!WP1003!WP1006!WP1007!WP1014!hist14!CP1011,1
2026-07-18 17:12:12.8,1FG_B,5706TX_ALM,BF B INLET OUTLET PRESS,FGPDIT5706,STATE,BF B INLET/OUTLET PRESS DEV,ALM,3,,,,!WP1001!WP1002!WP1003!WP1006!WP1007!WP1014!hist14!CP1015,1
2026-07-18 17:12:45.8,1FP,B86,ID FAN C INLET DAMPER FEEDBACK,,HHABS,ID FAN C DAMPER 80 %,ALM,1,80.0024,80,PCT,!WP1001!WP1002!WP1003!WP1006!WP1007!WP1014!hist14!CP1001,1
2026-07-18 17:12:46.8,1FP,B58,ID FAN B INLET DAMPER FEEDBACK,,HHABS,IDF B DAMPER 80%,ALM,1,80.0268,80,PCT,!WP1001!WP1002!WP1003!WP1006!WP1007!WP1014!hist14!CP1001,1
2026-07-18 17:12:47.3,1FP,B56,ID FAN A INLET DAMPER FEEDBACK,,HHABS,ID FAN A DAMPER 80 %,ALM,1,80.1122,80,PCT,!WP1001!WP1002!WP1003!WP1006!WP1007!WP1014!hist14!CP1001,1
2026-07-18 17:13:34.0,1AB_PYRITE,SV_611AL,MILL HPR 1C EJCT  WTR VLV,MILL HOPPER 1,STATE,FAIL,ALM,3,,,,!WP1002!WP1011!WP1001!hist14!CP1020,1
2026-07-18 17:13:44.5,1PDF,SLPSL0001,PULV LOW SEAL AIR HDR DIFF PRESS,,LOABS,PULV LOW SEAL AIR HDR DIFF PRESS,ALM,1,3.96738,4,INH2O,!WP1001!WP1002!WP1003!WP1006!WP1007!WP1014!hist14!CP1004,1
2026-07-18 17:13:45.5,1PDF,SLPSL0001,PULV LOW SEAL AIR HDR DIFF PRESS,,LOABS,PULV LOW SEAL AIR HDR DIFF PRESS,RTN,1,4.01484,4,INH2O,!WP1001!WP1002!WP1003!WP1006!WP1007!WP1014!hist14!CP1004,1
2026-07-18 17:13:48.5,1PDF,SLPSL0001,PULV LOW SEAL AIR HDR DIFF PRESS,,LOABS,PULV LOW SEAL AIR HDR DIFF PRESS,ALM,1,3.99932,4,INH2O,!WP1001!WP1002!WP1003!WP1006!WP1007!WP1014!hist14!CP1004,1
2026-07-18 17:13:50.5,1PDF,SLPSL0001,PULV LOW SEAL AIR HDR DIFF PRESS,,LOABS,PULV LOW SEAL AIR HDR DIFF PRESS,RTN,1,4.00518,4,INH2O,!WP1001!WP1002!WP1003!WP1006!WP1007!WP1014!hist14!CP1004,1
2026-07-18 17:13:51.5,1PDF,SLPSL0001,PULV LOW SEAL AIR HDR DIFF PRESS,,LOABS,PULV LOW SEAL AIR HDR DIFF PRESS,ALM,1,3.91875,4,INH2O,!WP1001!WP1002!WP1003!WP1006!WP1007!WP1014!hist14!CP1004,1
2026-07-18 17:14:06.5,1PDF,SLPSL0001,PULV LOW SEAL AIR HDR DIFF PRESS,,LOABS,PULV LOW SEAL AIR HDR DIFF PRESS,RTN,1,4.03008,4,INH2O,!WP1001!WP1002!WP1003!WP1006!WP1007!WP1014!hist14!CP1004,1
2026-07-18 17:14:07.5,1PDF,SLPSL0001,PULV LOW SEAL AIR HDR DIFF PRESS,,LOABS,PULV LOW SEAL AIR HDR DIFF PRESS,ALM,1,3.97383,4,INH2O,!WP1001!WP1002!WP1003!WP1006!WP1007!WP1014!hist14!CP1004,1
2026-07-18 17:14:10.5,1PDF,SLPSL0001,PULV LOW SEAL AIR HDR DIFF PRESS,,LOABS,PULV LOW SEAL AIR HDR DIFF PRESS,RTN,1,4.04707,4,INH2O,!WP1001!WP1002!WP1003!WP1006!WP1007!WP1014!hist14!CP1004,1
2026-07-18 17:14:21.5,1PDF,SLPSL0001,PULV LOW SEAL AIR HDR DIFF PRESS,,LOABS,PULV LOW SEAL AIR HDR DIFF PRESS,ALM,1,3.99141,4,INH2O,!WP1001!WP1002!WP1003!WP1006!WP1007!WP1014!hist14!CP1004,1
2026-07-18 17:14:36.0,1AB_ECON_SEQ,ECON_HOP_T9,ECON HOPPER SEQ XV5123 TIMER,,PTARG,TIMEOUT,ALM,3,241,240,SEC,!WP1002!WP1011!WP1001!hist14!CP1020,1
2026-07-18 17:14:37.0,1AB_ECON_SEQ,ECON_HOP_T9,ECON HOPPER SEQ XV5123 TIMER,,PTARG,TIMEOUT,RTN,3,0,240,SEC,!WP1002!WP1011!WP1001!hist14!CP1020,1
2026-07-18 17:14:58.0,1BFA_GSM_ALM,BFA_ALM4,MARK VIE A BFPT ALARM,,STA_5,LO CLR DISCHG TEMP OK,RTN,5,0,0,,!WP1001!WP1002!WP1003!WP1006!WP1007!WP1014!hist14!CP1011,1
2026-07-18 17:15:00.0,1BFA_GSM_ALM,BFA_ALM4,MARK VIE A BFPT ALARM,,STA_5,LO CLR DISCHG TEMP HIGH,ALM,5,0,0,,!WP1001!WP1002!WP1003!WP1006!WP1007!WP1014!hist14!CP1011,1
2026-07-18 17:15:03.5,1PDF,SLPSL0001,PULV LOW SEAL AIR HDR DIFF PRESS,,LOABS,PULV LOW SEAL AIR HDR DIFF PRESS,RTN,1,4.10742,4,INH2O,!WP1001!WP1002!WP1003!WP1006!WP1007!WP1014!hist14!CP1004,1
2026-07-18 17:15:06.5,1PDF,SLPSL0001,PULV LOW SEAL AIR HDR DIFF PRESS,,LOABS,PULV LOW SEAL AIR HDR DIFF PRESS,ALM,1,3.90117,4,INH2O,!WP1001!WP1002!WP1003!WP1006!WP1007!WP1014!hist14!CP1004,1
2026-07-18 17:15:51.5,1PDF,SLPSL0001,PULV LOW SEAL AIR HDR DIFF PRESS,,LOABS,PULV LOW SEAL AIR HDR DIFF PRESS,RTN,1,4.00488,4,INH2O,!WP1001!WP1002!WP1003!WP1006!WP1007!WP1014!hist14!CP1004,1
2026-07-18 17:15:57.5,1PDF,SLPSL0001,PULV LOW SEAL AIR HDR DIFF PRESS,,LOABS,PULV LOW SEAL AIR HDR DIFF PRESS,ALM,1,3.98115,4,INH2O,!WP1001!WP1002!WP1003!WP1006!WP1007!WP1014!hist14!CP1004,1
2026-07-18 17:16:42.5,1PDF,SLPSL0001,PULV LOW SEAL AIR HDR DIFF PRESS,,LOABS,PULV LOW SEAL AIR HDR DIFF PRESS,RTN,1,4.03945,4,INH2O,!WP1001!WP1002!WP1003!WP1006!WP1007!WP1014!hist14!CP1004,1
2026-07-18 17:16:49.5,1PDF,SLPSL0001,PULV LOW SEAL AIR HDR DIFF PRESS,,LOABS,PULV LOW SEAL AIR HDR DIFF PRESS,ALM,1,3.93311,4,INH2O,!WP1001!WP1002!WP1003!WP1006!WP1007!WP1014!hist14!CP1004,1
2026-07-18 17:16:52.5,1PDF,SLPSL0001,PULV LOW SEAL AIR HDR DIFF PRESS,,LOABS,PULV LOW SEAL AIR HDR DIFF PRESS,RTN,1,4.06348,4,INH2O,!WP1001!WP1002!WP1003!WP1006!WP1007!WP1014!hist14!CP1004,1
2026-07-18 17:16:54.5,1PDF,SLPSL0001,PULV LOW SEAL AIR HDR DIFF PRESS,,LOABS,PULV LOW SEAL AIR HDR DIFF PRESS,ALM,1,3.96387,4,INH2O,!WP1001!WP1002!WP1003!WP1006!WP1007!WP1014!hist14!CP1004,1
2026-07-18 17:17:11.8,1MELIM,ZDS5504,WET/DRY INTFC VLV  DM DEV,,HIDEV,HIGH DEVIATION ALARM,RTN,3,53.6074,57.5,%,!hist14!CP1017,2
2026-07-18 17:17:28.5,1PDF,SLPSL0001,PULV LOW SEAL AIR HDR DIFF PRESS,,LOABS,PULV LOW SEAL AIR HDR DIFF PRESS,RTN,1,4.0292,4,INH2O,!WP1001!WP1002!WP1003!WP1006!WP1007!WP1014!hist14!CP1004,1
2026-07-18 17:17:44.5,1PDF,SLPSL0001,PULV LOW SEAL AIR HDR DIFF PRESS,,LOABS,PULV LOW SEAL AIR HDR DIFF PRESS,ALM,1,3.99023,4,INH2O,!WP1001!WP1002!WP1003!WP1006!WP1007!WP1014!hist14!CP1004,1
2026-07-18 17:17:45.5,1PDF,SLPSL0001,PULV LOW SEAL AIR HDR DIFF PRESS,,LOABS,PULV LOW SEAL AIR HDR DIFF PRESS,RTN,1,4.00752,4,INH2O,!WP1001!WP1002!WP1003!WP1006!WP1007!WP1014!hist14!CP1004,1
2026-07-18 17:17:46.5,1PDF,SLPSL0001,PULV LOW SEAL AIR HDR DIFF PRESS,,LOABS,PULV LOW SEAL AIR HDR DIFF PRESS,ALM,1,3.92344,4,INH2O,!WP1001!WP1002!WP1003!WP1006!WP1007!WP1014!hist14!CP1004,1
2026-07-18 17:17:47.5,1PDF,SLPSL0001,PULV LOW SEAL AIR HDR DIFF PRESS,,LOABS,PULV LOW SEAL AIR HDR DIFF PRESS,RTN,1,4.00107,4,INH2O,!WP1001!WP1002!WP1003!WP1006!WP1007!WP1014!hist14!CP1004,1
2026-07-18 17:17:48.5,1PDF,SLPSL0001,PULV LOW SEAL AIR HDR DIFF PRESS,,LOABS,PULV LOW SEAL AIR HDR DIFF PRESS,ALM,1,3.95772,4,INH2O,!WP1001!WP1002!WP1003!WP1006!WP1007!WP1014!hist14!CP1004,1
2026-07-18 17:17:51.5,1PDF,SLPSL0001,PULV LOW SEAL AIR HDR DIFF PRESS,,LOABS,PULV LOW SEAL AIR HDR DIFF PRESS,RTN,1,4.02627,4,INH2O,!WP1001!WP1002!WP1003!WP1006!WP1007!WP1014!hist14!CP1004,1
2026-07-18 17:17:54.5,1PDF,SLPSL0001,PULV LOW SEAL AIR HDR DIFF PRESS,,LOABS,PULV LOW SEAL AIR HDR DIFF PRESS,ALM,1,3.87803,4,INH2O,!WP1001!WP1002!WP1003!WP1006!WP1007!WP1014!hist14!CP1004,1
2026-07-18 17:18:12.5,1PDF,SLPSL0001,PULV LOW SEAL AIR HDR DIFF PRESS,,LOABS,PULV LOW SEAL AIR HDR DIFF PRESS,RTN,1,4.04854,4,INH2O,!WP1001!WP1002!WP1003!WP1006!WP1007!WP1014!hist14!CP1004,1
2026-07-18 17:18:18.0,1AB_PYRITE,SV_611AL,MILL HPR 1C EJCT  WTR VLV,MILL HOPPER 1,STATE,OK,RTN,3,,,,!WP1002!WP1011!WP1001!hist14!CP1020,1
2026-07-18 17:18:42.8,1MELIM,ZDS5504,WET/DRY INTFC VLV  DM DEV,,HIDEV,HIGH DEVIATION ALARM,ALM,3,98.7188,5,%,!hist14!CP1017,2
2026-07-18 17:18:51.5,1PDF,SLPSL0001,PULV LOW SEAL AIR HDR DIFF PRESS,,LOABS,PULV LOW SEAL AIR HDR DIFF PRESS,ALM,1,3.97793,4,INH2O,!WP1001!WP1002!WP1003!WP1006!WP1007!WP1014!hist14!CP1004,1
2026-07-18 17:18:52.5,1PDF,SLPSL0001,PULV LOW SEAL AIR HDR DIFF PRESS,,LOABS,PULV LOW SEAL AIR HDR DIFF PRESS,RTN,1,4.04736,4,INH2O,!WP1001!WP1002!WP1003!WP1006!WP1007!WP1014!hist14!CP1004,1
2026-07-18 17:18:53.5,1PDF,SLPSL0001,PULV LOW SEAL AIR HDR DIFF PRESS,,LOABS,PULV LOW SEAL AIR HDR DIFF PRESS,ALM,1,3.98877,4,INH2O,!WP1001!WP1002!WP1003!WP1006!WP1007!WP1014!hist14!CP1004,1
2026-07-18 17:18:54.5,1PDF,SLPSL0001,PULV LOW SEAL AIR HDR DIFF PRESS,,LOABS,PULV LOW SEAL AIR HDR DIFF PRESS,RTN,1,4.02451,4,INH2O,!WP1001!WP1002!WP1003!WP1006!WP1007!WP1014!hist14!CP1004,1
2026-07-18 17:18:55.5,1PDF,SLPSL0001,PULV LOW SEAL AIR HDR DIFF PRESS,,LOABS,PULV LOW SEAL AIR HDR DIFF PRESS,ALM,1,3.95947,4,INH2O,!WP1001!WP1002!WP1003!WP1006!WP1007!WP1014!hist14!CP1004,1
2026-07-18 17:18:56.5,1PDF,SLPSL0001,PULV LOW SEAL AIR HDR DIFF PRESS,,LOABS,PULV LOW SEAL AIR HDR DIFF PRESS,RTN,1,4.03799,4,INH2O,!WP1001!WP1002!WP1003!WP1006!WP1007!WP1014!hist14!CP1004,1
2026-07-18 17:19:00.5,1PDF,SLPSL0001,PULV LOW SEAL AIR HDR DIFF PRESS,,LOABS,PULV LOW SEAL AIR HDR DIFF PRESS,ALM,1,3.99492,4,INH2O,!WP1001!WP1002!WP1003!WP1006!WP1007!WP1014!hist14!CP1004,1
2026-07-18 17:19:02.5,1PDF,SLPSL0001,PULV LOW SEAL AIR HDR DIFF PRESS,,LOABS,PULV LOW SEAL AIR HDR DIFF PRESS,RTN,1,4.01162,4,INH2O,!WP1001!WP1002!WP1003!WP1006!WP1007!WP1014!hist14!CP1004,1
2026-07-18 17:19:03.5,1PDF,SLPSL0001,PULV LOW SEAL AIR HDR DIFF PRESS,,LOABS,PULV LOW SEAL AIR HDR DIFF PRESS,ALM,1,3.97588,4,INH2O,!WP1001!WP1002!WP1003!WP1006!WP1007!WP1014!hist14!CP1004,1
2026-07-18 17:19:07.5,1PDF,SLPSL0001,PULV LOW SEAL AIR HDR DIFF PRESS,,LOABS,PULV LOW SEAL AIR HDR DIFF PRESS,RTN,1,4.07959,4,INH2O,!WP1001!WP1002!WP1003!WP1006!WP1007!WP1014!hist14!CP1004,1
2026-07-18 17:19:27.5,1PDF,SLPSL0001,PULV LOW SEAL AIR HDR DIFF PRESS,,LOABS,PULV LOW SEAL AIR HDR DIFF PRESS,ALM,1,3.99902,4,INH2O,!WP1001!WP1002!WP1003!WP1006!WP1007!WP1014!hist14!CP1004,1
2026-07-18 17:19:28.5,1PDF,SLPSL0001,PULV LOW SEAL AIR HDR DIFF PRESS,,LOABS,PULV LOW SEAL AIR HDR DIFF PRESS,RTN,1,4.07168,4,INH2O,!WP1001!WP1002!WP1003!WP1006!WP1007!WP1014!hist14!CP1004,1
2026-07-18 17:19:35.5,1PDF,SLPSL0001,PULV LOW SEAL AIR HDR DIFF PRESS,,LOABS,PULV LOW SEAL AIR HDR DIFF PRESS,ALM,1,3.8959,4,INH2O,!WP1001!WP1002!WP1003!WP1006!WP1007!WP1014!hist14!CP1004,1
2026-07-18 17:19:40.5,1PDF,SLPSL0001,PULV LOW SEAL AIR HDR DIFF PRESS,,LOABS,PULV LOW SEAL AIR HDR DIFF PRESS,RTN,1,4.00986,4,INH2O,!WP1001!WP1002!WP1003!WP1006!WP1007!WP1014!hist14!CP1004,1
2026-07-18 17:19:41.0,1AB_ECON_SEQ,ECON_HOP_T10,ECON HOPPER SEQ XV5124 TIMER,,PTARG,TIMEOUT,ALM,3,240.99,240,SEC,!WP1002!WP1011!WP1001!hist14!CP1020,1
2026-07-18 17:19:42.5,1PDF,SLPSL0001,PULV LOW SEAL AIR HDR DIFF PRESS,,LOABS,PULV LOW SEAL AIR HDR DIFF PRESS,ALM,1,3.96621,4,INH2O,!WP1001!WP1002!WP1003!WP1006!WP1007!WP1014!hist14!CP1004,1
2026-07-18 17:19:42.0,1AB_ECON_SEQ,ECON_HOP_T10,ECON HOPPER SEQ XV5124 TIMER,,PTARG,TIMEOUT,RTN,3,0,240,SEC,!WP1002!WP1011!WP1001!hist14!CP1020,1
2026-07-18 17:19:51.0,1AB_PYRITE,SV_612AL,MILL HPR 1D EJCT  WTR VLV,MILL HOPPER 1,STATE,FAIL,ALM,3,,,,!WP1002!WP1011!WP1001!hist14!CP1020,1
2026-07-18 17:19:59.5,1PDF,SLPSL0001,PULV LOW SEAL AIR HDR DIFF PRESS,,LOABS,PULV LOW SEAL AIR HDR DIFF PRESS,RTN,1,4.1127,4,INH2O,!WP1001!WP1002!WP1003!WP1006!WP1007!WP1014!hist14!CP1004,1
2026-07-18 17:20:01.5,1PDF,SLPSL0001,PULV LOW SEAL AIR HDR DIFF PRESS,,LOABS,PULV LOW SEAL AIR HDR DIFF PRESS,ALM,1,3.90996,4,INH2O,!WP1001!WP1002!WP1003!WP1006!WP1007!WP1014!hist14!CP1004,1
2026-07-18 17:20:03.5,1PDF,SLPSL0001,PULV LOW SEAL AIR HDR DIFF PRESS,,LOABS,PULV LOW SEAL AIR HDR DIFF PRESS,RTN,1,4.03711,4,INH2O,!WP1001!WP1002!WP1003!WP1006!WP1007!WP1014!hist14!CP1004,1
2026-07-18 17:20:15.5,1PDF,SLPSL0001,PULV LOW SEAL AIR HDR DIFF PRESS,,LOABS,PULV LOW SEAL AIR HDR DIFF PRESS,ALM,1,3.94248,4,INH2O,!WP1001!WP1002!WP1003!WP1006!WP1007!WP1014!hist14!CP1004,1
2026-07-18 17:20:44.5,1PDF,SLPSL0001,PULV LOW SEAL AIR HDR DIFF PRESS,,LOABS,PULV LOW SEAL AIR HDR DIFF PRESS,RTN,1,4.01777,4,INH2O,!WP1001!WP1002!WP1003!WP1006!WP1007!WP1014!hist14!CP1004,1
2026-07-18 17:21:08.5,1PDF,SLPSL0001,PULV LOW SEAL AIR HDR DIFF PRESS,,LOABS,PULV LOW SEAL AIR HDR DIFF PRESS,ALM,1,3.9999,4,INH2O,!WP1001!WP1002!WP1003!WP1006!WP1007!WP1014!hist14!CP1004,1
2026-07-18 17:21:09.5,1PDF,SLPSL0001,PULV LOW SEAL AIR HDR DIFF PRESS,,LOABS,PULV LOW SEAL AIR HDR DIFF PRESS,RTN,1,4.07461,4,INH2O,!WP1001!WP1002!WP1003!WP1006!WP1007!WP1014!hist14!CP1004,1
2026-07-18 17:21:18.5,1PDF,SLPSL0001,PULV LOW SEAL AIR HDR DIFF PRESS,,LOABS,PULV LOW SEAL AIR HDR DIFF PRESS,ALM,1,3.9668,4,INH2O,!WP1001!WP1002!WP1003!WP1006!WP1007!WP1014!hist14!CP1004,1
2026-07-18 17:21:19.5,1PDF,SLPSL0001,PULV LOW SEAL AIR HDR DIFF PRESS,,LOABS,PULV LOW SEAL AIR HDR DIFF PRESS,RTN,1,4.04795,4,INH2O,!WP1001!WP1002!WP1003!WP1006!WP1007!WP1014!hist14!CP1004,1
2026-07-18 17:21:31.5,1PDF,SLPSL0001,PULV LOW SEAL AIR HDR DIFF PRESS,,LOABS,PULV LOW SEAL AIR HDR DIFF PRESS,ALM,1,3.90498,4,INH2O,!WP1001!WP1002!WP1003!WP1006!WP1007!WP1014!hist14!CP1004,1
2026-07-18 17:21:34.5,1PDF,SLPSL0001,PULV LOW SEAL AIR HDR DIFF PRESS,,LOABS,PULV LOW SEAL AIR HDR DIFF PRESS,RTN,1,4.01016,4,INH2O,!WP1001!WP1002!WP1003!WP1006!WP1007!WP1014!hist14!CP1004,1
2026-07-18 17:21:35.5,1PDF,SLPSL0001,PULV LOW SEAL AIR HDR DIFF PRESS,,LOABS,PULV LOW SEAL AIR HDR DIFF PRESS,ALM,1,3.97559,4,INH2O,!WP1001!WP1002!WP1003!WP1006!WP1007!WP1014!hist14!CP1004,1
2026-07-18 17:21:37.3,1GS_A,BLEED_FAIL,BLEED SYSTEM A FAILURE,,STATE,BLEED SYSTEM A NORMAL,RTN,3,,,,!WP1001!WP1002!WP1003!WP1006!WP1007!WP1014!hist14!CP1017,1
2026-07-18 17:21:38.5,1PDF,SLPSL0001,PULV LOW SEAL AIR HDR DIFF PRESS,,LOABS,PULV LOW SEAL AIR HDR DIFF PRESS,RTN,1,4.08047,4,INH2O,!WP1001!WP1002!WP1003!WP1006!WP1007!WP1014!hist14!CP1004,1
2026-07-18 17:23:39.5,1PDF,SLPSL0001,PULV LOW SEAL AIR HDR DIFF PRESS,,LOABS,PULV LOW SEAL AIR HDR DIFF PRESS,ALM,1,3.9252,4,INH2O,!WP1001!WP1002!WP1003!WP1006!WP1007!WP1014!hist14!CP1004,1
2026-07-18 17:23:40.5,1PDF,SLPSL0001,PULV LOW SEAL AIR HDR DIFF PRESS,,LOABS,PULV LOW SEAL AIR HDR DIFF PRESS,RTN,1,4.01221,4,INH2O,!WP1001!WP1002!WP1003!WP1006!WP1007!WP1014!hist14!CP1004,1
2026-07-18 17:23:41.5,1PDF,SLPSL0001,PULV LOW SEAL AIR HDR DIFF PRESS,,LOABS,PULV LOW SEAL AIR HDR DIFF PRESS,ALM,1,3.87656,4,INH2O,!WP1001!WP1002!WP1003!WP1006!WP1007!WP1014!hist14!CP1004,1
2026-07-18 17:23:44.5,1PDF,SLPSL0001,PULV LOW SEAL AIR HDR DIFF PRESS,,LOABS,PULV LOW SEAL AIR HDR DIFF PRESS,RTN,1,4.02012,4,INH2O,!WP1001!WP1002!WP1003!WP1006!WP1007!WP1014!hist14!CP1004,1
2026-07-18 17:23:45.5,1PDF,SLPSL0001,PULV LOW SEAL AIR HDR DIFF PRESS,,LOABS,PULV LOW SEAL AIR HDR DIFF PRESS,ALM,1,3.96006,4,INH2O,!WP1001!WP1002!WP1003!WP1006!WP1007!WP1014!hist14!CP1004,1
2026-07-18 17:23:48.5,1PDF,SLPSL0001,PULV LOW SEAL AIR HDR DIFF PRESS,,LOABS,PULV LOW SEAL AIR HDR DIFF PRESS,RTN,1,4.01162,4,INH2O,!WP1001!WP1002!WP1003!WP1006!WP1007!WP1014!hist14!CP1004,1
2026-07-18 17:23:49.5,1PDF,SLPSL0001,PULV LOW SEAL AIR HDR DIFF PRESS,,LOABS,PULV LOW SEAL AIR HDR DIFF PRESS,ALM,1,3.92725,4,INH2O,!WP1001!WP1002!WP1003!WP1006!WP1007!WP1014!hist14!CP1004,1
2026-07-18 17:23:50.5,1PDF,SLPSL0001,PULV LOW SEAL AIR HDR DIFF PRESS,,LOABS,PULV LOW SEAL AIR HDR DIFF PRESS,RTN,1,4.05381,4,INH2O,!WP1001!WP1002!WP1003!WP1006!WP1007!WP1014!hist14!CP1004,1
2026-07-18 17:23:54.5,1PDF,SLPSL0001,PULV LOW SEAL AIR HDR DIFF PRESS,,LOABS,PULV LOW SEAL AIR HDR DIFF PRESS,ALM,1,3.99316,4,INH2O,!WP1001!WP1002!WP1003!WP1006!WP1007!WP1014!hist14!CP1004,1
2026-07-18 17:24:11.5,1PDF,SLPSL0001,PULV LOW SEAL AIR HDR DIFF PRESS,,LOABS,PULV LOW SEAL AIR HDR DIFF PRESS,RTN,1,4.05381,4,INH2O,!WP1001!WP1002!WP1003!WP1006!WP1007!WP1014!hist14!CP1004,1
2026-07-18 17:24:13.5,1PDF,SLPSL0001,PULV LOW SEAL AIR HDR DIFF PRESS,,LOABS,PULV LOW SEAL AIR HDR DIFF PRESS,ALM,1,3.99961,4,INH2O,!WP1001!WP1002!WP1003!WP1006!WP1007!WP1014!hist14!CP1004,1
2026-07-18 17:24:14.5,1PDF,SLPSL0001,PULV LOW SEAL AIR HDR DIFF PRESS,,LOABS,PULV LOW SEAL AIR HDR DIFF PRESS,RTN,1,4.02568,4,INH2O,!WP1001!WP1002!WP1003!WP1006!WP1007!WP1014!hist14!CP1004,1
2026-07-18 17:24:45.0,1AB_ECON_SEQ,ECON_HOP_T11,ECON HOPPER SEQ XV5125 TIMER,,PTARG,TIMEOUT,ALM,3,240.01,240,SEC,!WP1002!WP1011!WP1001!hist14!CP1020,1
2026-07-18 17:24:46.5,1PDF,SLPSL0001,PULV LOW SEAL AIR HDR DIFF PRESS,,LOABS,PULV LOW SEAL AIR HDR DIFF PRESS,ALM,1,3.96738,4,INH2O,!WP1001!WP1002!WP1003!WP1006!WP1007!WP1014!hist14!CP1004,1
2026-07-18 17:24:46.0,1AB_ECON_SEQ,ECON_HOP_T11,ECON HOPPER SEQ XV5125 TIMER,,PTARG,TIMEOUT,RTN,3,0,240,SEC,!WP1002!WP1011!WP1001!hist14!CP1020,1
2026-07-18 17:24:47.5,1PDF,SLPSL0001,PULV LOW SEAL AIR HDR DIFF PRESS,,LOABS,PULV LOW SEAL AIR HDR DIFF PRESS,RTN,1,4.06611,4,INH2O,!WP1001!WP1002!WP1003!WP1006!WP1007!WP1014!hist14!CP1004,1
2026-07-18 17:24:54.5,1PDF,SLPSL0001,PULV LOW SEAL AIR HDR DIFF PRESS,,LOABS,PULV LOW SEAL AIR HDR DIFF PRESS,ALM,1,3.97705,4,INH2O,!WP1001!WP1002!WP1003!WP1006!WP1007!WP1014!hist14!CP1004,1
2026-07-18 17:24:57.5,1PDF,SLPSL0001,PULV LOW SEAL AIR HDR DIFF PRESS,,LOABS,PULV LOW SEAL AIR HDR DIFF PRESS,RTN,1,4.05439,4,INH2O,!WP1001!WP1002!WP1003!WP1006!WP1007!WP1014!hist14!CP1004,1
2026-07-18 17:25:12.5,1PDF,SLPSL0001,PULV LOW SEAL AIR HDR DIFF PRESS,,LOABS,PULV LOW SEAL AIR HDR DIFF PRESS,ALM,1,3.95566,4,INH2O,!WP1001!WP1002!WP1003!WP1006!WP1007!WP1014!hist14!CP1004,1
2026-07-18 17:25:53.5,1FUEL_SFTY,FPTX_ALM,DRAFT TRANSMITTER DEVIATION,,STATE,FURN DRAFT PRESS XMTR DEVIATION,ALM,5,,,,!WP1001!WP1002!WP1003!WP1006!WP1007!WP1014!hist14!CP1004,1
2026-07-18 17:25:58.3,1FP,B56,ID FAN A INLET DAMPER FEEDBACK,,HHABS,ID FAN A DAMPER 80 %,RTN,1,78.9618,80,PCT,!WP1001!WP1002!WP1003!WP1006!WP1007!WP1014!hist14!CP1001,1
2026-07-18 17:25:58.8,1FP,B58,ID FAN B INLET DAMPER FEEDBACK,,HHABS,IDF B DAMPER 80%,RTN,1,78.8838,80,PCT,!WP1001!WP1002!WP1003!WP1006!WP1007!WP1014!hist14!CP1001,1
2026-07-18 17:25:58.8,1FP,B86,ID FAN C INLET DAMPER FEEDBACK,,HHABS,ID FAN C DAMPER 80 %,RTN,1,78.9593,80,PCT,!WP1001!WP1002!WP1003!WP1006!WP1007!WP1014!hist14!CP1001,1
2026-07-18 17:26:02.8,1FG_B,ZSH5701A,BF B BLADE PITCH,,HIABS,BLADE PITCH ALARM,RTN,3,69.8887,70,%,!WP1001!WP1002!WP1003!WP1006!WP1007!WP1014!hist14!CP1015,1
2026-07-18 17:26:04.8,1FG_A,ZSH5601A,BF A BLADE PITCH,,HIABS,BLADE PITCH ALARM,RTN,3,69.7871,70,%,!WP1001!WP1002!WP1003!WP1006!WP1007!WP1014!hist14!CP1015,1
2026-07-18 17:26:08.3,1FG_B,5706TX_ALM,BF B INLET OUTLET PRESS,FGPDIT5706,STATE,DEVIATION ALARM CLEAR,RTN,3,,,,!WP1001!WP1002!WP1003!WP1006!WP1007!WP1014!hist14!CP1015,1
2026-07-18 17:27:15.5,1FUEL_SFTY,FPTX_ALM,DRAFT TRANSMITTER DEVIATION,,STATE,NO DEVIATION,RTN,5,,,,!WP1001!WP1002!WP1003!WP1006!WP1007!WP1014!hist14!CP1004,1
2026-07-18 17:27:21.8,1SEAL_AIR,PDI5735_ALM,BF B OUT DMPR SEAL CAV D/P LOW,,STATE,DP ALARM CLEAR,RTN,3,,,,!WP1001!WP1002!WP1003!WP1006!WP1007!WP1014!hist14!CP1015,1
2026-07-18 17:27:29.5,1PDF,SLPSL0001,PULV LOW SEAL AIR HDR DIFF PRESS,,LOABS,PULV LOW SEAL AIR HDR DIFF PRESS,RTN,1,4.03477,4,INH2O,!WP1001!WP1002!WP1003!WP1006!WP1007!WP1014!hist14!CP1004,1
2026-07-18 17:27:30.5,1PDF,SLPSL0001,PULV LOW SEAL AIR HDR DIFF PRESS,,LOABS,PULV LOW SEAL AIR HDR DIFF PRESS,ALM,1,3.9876,4,INH2O,!WP1001!WP1002!WP1003!WP1006!WP1007!WP1014!hist14!CP1004,1
2026-07-18 17:27:31.5,1PDF,SLPSL0001,PULV LOW SEAL AIR HDR DIFF PRESS,,LOABS,PULV LOW SEAL AIR HDR DIFF PRESS,RTN,1,4.13818,4,INH2O,!WP1001!WP1002!WP1003!WP1006!WP1007!WP1014!hist14!CP1004,1
2026-07-18 17:28:43.8,1MELIM,ZDS5504,WET/DRY INTFC VLV  DM DEV,,HIDEV,HIGH DEVIATION ALARM,RTN,3,53.4258,57.5,%,!hist14!CP1017,2
2026-07-18 17:28:52.5,1PDF,SLPSL0001,PULV LOW SEAL AIR HDR DIFF PRESS,,LOABS,PULV LOW SEAL AIR HDR DIFF PRESS,ALM,1,3.97734,4,INH2O,!WP1001!WP1002!WP1003!WP1006!WP1007!WP1014!hist14!CP1004,1
2026-07-18 17:28:53.5,1PDF,SLPSL0001,PULV LOW SEAL AIR HDR DIFF PRESS,,LOABS,PULV LOW SEAL AIR HDR DIFF PRESS,RTN,1,4.0418,4,INH2O,!WP1001!WP1002!WP1003!WP1006!WP1007!WP1014!hist14!CP1004,1
2026-07-18 17:28:54.5,1PDF,SLPSL0001,PULV LOW SEAL AIR HDR DIFF PRESS,,LOABS,PULV LOW SEAL AIR HDR DIFF PRESS,ALM,1,3.99375,4,INH2O,!WP1001!WP1002!WP1003!WP1006!WP1007!WP1014!hist14!CP1004,1
2026-07-18 17:28:57.5,1PDF,SLPSL0001,PULV LOW SEAL AIR HDR DIFF PRESS,,LOABS,PULV LOW SEAL AIR HDR DIFF PRESS,RTN,1,4.00664,4,INH2O,!WP1001!WP1002!WP1003!WP1006!WP1007!WP1014!hist14!CP1004,1
2026-07-18 17:28:58.5,1PDF,SLPSL0001,PULV LOW SEAL AIR HDR DIFF PRESS,,LOABS,PULV LOW SEAL AIR HDR DIFF PRESS,ALM,1,3.95479,4,INH2O,!WP1001!WP1002!WP1003!WP1006!WP1007!WP1014!hist14!CP1004,1
2026-07-18 17:28:59.5,1PDF,SLPSL0001,PULV LOW SEAL AIR HDR DIFF PRESS,,LOABS,PULV LOW SEAL AIR HDR DIFF PRESS,RTN,1,4.05703,4,INH2O,!WP1001!WP1002!WP1003!WP1006!WP1007!WP1014!hist14!CP1004,1
2026-07-18 17:29:00.5,1PDF,SLPSL0001,PULV LOW SEAL AIR HDR DIFF PRESS,,LOABS,PULV LOW SEAL AIR HDR DIFF PRESS,ALM,1,3.97852,4,INH2O,!WP1001!WP1002!WP1003!WP1006!WP1007!WP1014!hist14!CP1004,1
2026-07-18 17:29:01.5,1PDF,SLPSL0001,PULV LOW SEAL AIR HDR DIFF PRESS,,LOABS,PULV LOW SEAL AIR HDR DIFF PRESS,RTN,1,4.06143,4,INH2O,!WP1001!WP1002!WP1003!WP1006!WP1007!WP1014!hist14!CP1004,1
2026-07-18 17:29:04.5,1PDF,SLPSL0001,PULV LOW SEAL AIR HDR DIFF PRESS,,LOABS,PULV LOW SEAL AIR HDR DIFF PRESS,ALM,1,3.97002,4,INH2O,!WP1001!WP1002!WP1003!WP1006!WP1007!WP1014!hist14!CP1004,1
2026-07-18 17:29:08.5,1PDF,SLPSL0001,PULV LOW SEAL AIR HDR DIFF PRESS,,LOABS,PULV LOW SEAL AIR HDR DIFF PRESS,RTN,1,4.03125,4,INH2O,!WP1001!WP1002!WP1003!WP1006!WP1007!WP1014!hist14!CP1004,1
2026-07-18 17:29:10.1,1BCS_7,IKTE3751,REHEAT TEMP RIGHT (REDUNDANT),,HIABS,HIGH,ALM,1,1012.21,1012.18,DEG.F,!WP1002!WP1006!WP1007!WP1001!WP1003!WP1014!hist14!CP1007,1
2026-07-18 17:29:24.8,1SEAL_AIR,PDI5735_ALM,BF B OUT DMPR SEAL CAV D/P LOW,,STATE,DP ALARM ACTIVE,ALM,3,,,,!WP1001!WP1002!WP1003!WP1006!WP1007!WP1014!hist14!CP1015,1
2026-07-18 17:29:27.3,IDFAN_PEEC,OPCY_ALM,PRECIP OUT > 50%,PRECIP OUTLET,STATE,ALARM,ALM,3,,,,!WP1001!WP1002!WP1003!WP1006!WP1007!WP1014!hist14!CP1003,1
2026-07-18 17:29:30.3,IDFAN_PEEC,OPCY_ALM,PRECIP OUT > 50%,PRECIP OUTLET,STATE,NORMAL,RTN,3,,,,!WP1001!WP1002!WP1003!WP1006!WP1007!WP1014!hist14!CP1003,1
2026-07-18 17:29:32.5,1PDF,SLPSL0001,PULV LOW SEAL AIR HDR DIFF PRESS,,LOABS,PULV LOW SEAL AIR HDR DIFF PRESS,ALM,1,3.97383,4,INH2O,!WP1001!WP1002!WP1003!WP1006!WP1007!WP1014!hist14!CP1004,1
2026-07-18 17:29:33.5,1PDF,SLPSL0001,PULV LOW SEAL AIR HDR DIFF PRESS,,LOABS,PULV LOW SEAL AIR HDR DIFF PRESS,RTN,1,4.01484,4,INH2O,!WP1001!WP1002!WP1003!WP1006!WP1007!WP1014!hist14!CP1004,1
2026-07-18 17:29:34.5,1PDF,SLPSL0001,PULV LOW SEAL AIR HDR DIFF PRESS,,LOABS,PULV LOW SEAL AIR HDR DIFF PRESS,ALM,1,3.95654,4,INH2O,!WP1001!WP1002!WP1003!WP1006!WP1007!WP1014!hist14!CP1004,1
2026-07-18 17:29:35.5,1PDF,SLPSL0001,PULV LOW SEAL AIR HDR DIFF PRESS,,LOABS,PULV LOW SEAL AIR HDR DIFF PRESS,RTN,1,4.02129,4,INH2O,!WP1001!WP1002!WP1003!WP1006!WP1007!WP1014!hist14!CP1004,1
2026-07-18 17:29:38.5,1PDF,SLPSL0001,PULV LOW SEAL AIR HDR DIFF PRESS,,LOABS,PULV LOW SEAL AIR HDR DIFF PRESS,ALM,1,3.97266,4,INH2O,!WP1001!WP1002!WP1003!WP1006!WP1007!WP1014!hist14!CP1004,1
2026-07-18 17:29:39.5,1PDF,SLPSL0001,PULV LOW SEAL AIR HDR DIFF PRESS,,LOABS,PULV LOW SEAL AIR HDR DIFF PRESS,RTN,1,4.05205,4,INH2O,!WP1001!WP1002!WP1003!WP1006!WP1007!WP1014!hist14!CP1004,1
2026-07-18 17:29:40.5,1PDF,SLPSL0001,PULV LOW SEAL AIR HDR DIFF PRESS,,LOABS,PULV LOW SEAL AIR HDR DIFF PRESS,ALM,1,3.95742,4,INH2O,!WP1001!WP1002!WP1003!WP1006!WP1007!WP1014!hist14!CP1004,1
2026-07-18 17:29:44.8,1MELIM,ZDS5504,WET/DRY INTFC VLV  DM DEV,,LODEV,LOW DEVIATION ALARM,ALM,3,-1.23828,95,%,!hist14!CP1017,2
2026-07-18 17:29:45.5,1PDF,SLPSL0001,PULV LOW SEAL AIR HDR DIFF PRESS,,LOABS,PULV LOW SEAL AIR HDR DIFF PRESS,RTN,1,4.00225,4,INH2O,!WP1001!WP1002!WP1003!WP1006!WP1007!WP1014!hist14!CP1004,1
2026-07-18 17:29:46.5,1PDF,SLPSL0001,PULV LOW SEAL AIR HDR DIFF PRESS,,LOABS,PULV LOW SEAL AIR HDR DIFF PRESS,ALM,1,3.97412,4,INH2O,!WP1001!WP1002!WP1003!WP1006!WP1007!WP1014!hist14!CP1004,1
2026-07-18 17:29:50.0,1AB_ECON_SEQ,ECON_HOP_T12,ECON HOPPER SEQ XV5126 TIMER,,PTARG,TIMEOUT,ALM,3,241,240,SEC,!WP1002!WP1011!WP1001!hist14!CP1020,1
2026-07-18 17:29:51.0,1AB_ECON_SEQ,ECON_HOP_T12,ECON HOPPER SEQ XV5126 TIMER,,PTARG,TIMEOUT,RTN,3,0,240,SEC,!WP1002!WP1011!WP1001!hist14!CP1020,1
2026-07-18 17:29:54.3,IDFAN_PEEC,OPCY_ALM,PRECIP OUT > 50%,PRECIP OUTLET,STATE,ALARM,ALM,3,,,,!WP1001!WP1002!WP1003!WP1006!WP1007!WP1014!hist14!CP1003,1
2026-07-18 17:29:55.8,IDFAN_PEEC,OPCY_ALM,PRECIP OUT > 50%,PRECIP OUTLET,STATE,NORMAL,RTN,3,,,,!WP1001!WP1002!WP1003!WP1006!WP1007!WP1014!hist14!CP1003,1
2026-07-18 17:30:33.6,1BCS_7,IKTE3751,REHEAT TEMP RIGHT (REDUNDANT),,HIABS,HIGH,RTN,1,1007.11,1012.18,DEG.F,!WP1002!WP1006!WP1007!WP1001!WP1003!WP1014!hist14!CP1007,1
2026-07-18 17:30:49.3,1SEAL_AIR,PDI5735_ALM,BF B OUT DMPR SEAL CAV D/P LOW,,STATE,DP ALARM CLEAR,RTN,3,,,,!WP1001!WP1002!WP1003!WP1006!WP1007!WP1014!hist14!CP1015,1
2026-07-18 17:30:59.5,1PDF,SLPSL0001,PULV LOW SEAL AIR HDR DIFF PRESS,,LOABS,PULV LOW SEAL AIR HDR DIFF PRESS,RTN,1,4.01719,4,INH2O,!WP1001!WP1002!WP1003!WP1006!WP1007!WP1014!hist14!CP1004,1
2026-07-18 17:32:03.5,1PDF,SLPSL0001,PULV LOW SEAL AIR HDR DIFF PRESS,,LOABS,PULV LOW SEAL AIR HDR DIFF PRESS,ALM,1,3.90967,4,INH2O,!WP1001!WP1002!WP1003!WP1006!WP1007!WP1014!hist14!CP1004,1
2026-07-18 17:32:37.3,1SEAL_AIR,PDI5735_ALM,BF B OUT DMPR SEAL CAV D/P LOW,,STATE,DP ALARM ACTIVE,ALM,3,,,,!WP1001!WP1002!WP1003!WP1006!WP1007!WP1014!hist14!CP1015,1
2026-07-18 17:32:38.3,1SEAL_AIR,PDI5735_ALM,BF B OUT DMPR SEAL CAV D/P LOW,,STATE,DP ALARM CLEAR,RTN,3,,,,!WP1001!WP1002!WP1003!WP1006!WP1007!WP1014!hist14!CP1015,1
2026-07-18 17:33:30.5,1PDF,SLPSL0001,PULV LOW SEAL AIR HDR DIFF PRESS,,LOABS,PULV LOW SEAL AIR HDR DIFF PRESS,RTN,1,4.00371,4,INH2O,!WP1001!WP1002!WP1003!WP1006!WP1007!WP1014!hist14!CP1004,1
2026-07-18 17:33:36.5,1PDF,SLPSL0001,PULV LOW SEAL AIR HDR DIFF PRESS,,LOABS,PULV LOW SEAL AIR HDR DIFF PRESS,ALM,1,3.91201,4,INH2O,!WP1001!WP1002!WP1003!WP1006!WP1007!WP1014!hist14!CP1004,1
2026-07-18 17:33:41.5,1PDF,SLPSL0001,PULV LOW SEAL AIR HDR DIFF PRESS,,LOABS,PULV LOW SEAL AIR HDR DIFF PRESS,RTN,1,4.06611,4,INH2O,!WP1001!WP1002!WP1003!WP1006!WP1007!WP1014!hist14!CP1004,1
2026-07-18 17:33:42.5,1PDF,SLPSL0001,PULV LOW SEAL AIR HDR DIFF PRESS,,LOABS,PULV LOW SEAL AIR HDR DIFF PRESS,ALM,1,3.8959,4,INH2O,!WP1001!WP1002!WP1003!WP1006!WP1007!WP1014!hist14!CP1004,1
2026-07-18 17:33:52.4,1AB_PYRITE,SV_612AL,MILL HPR 1D EJCT  WTR VLV,MILL HOPPER 1,STATE,OK,RTN,3,,,,!WP1002!WP1011!WP1001!hist14!CP1020,1
2026-07-18 17:33:58.5,1PDF,SLPSL0001,PULV LOW SEAL AIR HDR DIFF PRESS,,LOABS,PULV LOW SEAL AIR HDR DIFF PRESS,RTN,1,4.0418,4,INH2O,!WP1001!WP1002!WP1003!WP1006!WP1007!WP1014!hist14!CP1004,1
2026-07-18 17:34:01.5,1PDF,SLPSL0001,PULV LOW SEAL AIR HDR DIFF PRESS,,LOABS,PULV LOW SEAL AIR HDR DIFF PRESS,ALM,1,3.94951,4,INH2O,!WP1001!WP1002!WP1003!WP1006!WP1007!WP1014!hist14!CP1004,1
2026-07-18 17:34:02.5,1PDF,SLPSL0001,PULV LOW SEAL AIR HDR DIFF PRESS,,LOABS,PULV LOW SEAL AIR HDR DIFF PRESS,RTN,1,4.0084,4,INH2O,!WP1001!WP1002!WP1003!WP1006!WP1007!WP1014!hist14!CP1004,1
2026-07-18 17:34:03.5,1PDF,SLPSL0001,PULV LOW SEAL AIR HDR DIFF PRESS,,LOABS,PULV LOW SEAL AIR HDR DIFF PRESS,ALM,1,3.87422,4,INH2O,!WP1001!WP1002!WP1003!WP1006!WP1007!WP1014!hist14!CP1004,1
2026-07-18 17:34:17.5,1PDF,SLPSL0001,PULV LOW SEAL AIR HDR DIFF PRESS,,LOABS,PULV LOW SEAL AIR HDR DIFF PRESS,RTN,1,4.04033,4,INH2O,!WP1001!WP1002!WP1003!WP1006!WP1007!WP1014!hist14!CP1004,1
2026-07-18 17:34:30.0,1NW_ESP_SMP,NWAI6702B,PRECIP SUMP PMP B DSCH PH,,IOBAD,BAD CHANNEL,RTN,3,,,,!WP1002!WP1011!WP1001!hist14!CP1020,1
2026-07-18 17:34:35.5,1PDF,SLPSL0001,PULV LOW SEAL AIR HDR DIFF PRESS,,LOABS,PULV LOW SEAL AIR HDR DIFF PRESS,ALM,1,3.97793,4,INH2O,!WP1001!WP1002!WP1003!WP1006!WP1007!WP1014!hist14!CP1004,1
2026-07-18 17:34:38.5,1PDF,SLPSL0001,PULV LOW SEAL AIR HDR DIFF PRESS,,LOABS,PULV LOW SEAL AIR HDR DIFF PRESS,RTN,1,4.06611,4,INH2O,!WP1001!WP1002!WP1003!WP1006!WP1007!WP1014!hist14!CP1004,1
2026-07-18 17:34:38.8,1FG_B,ZSH5701A,BF B BLADE PITCH,,HIABS,BLADE PITCH ALARM,ALM,3,70.0313,70,%,!WP1001!WP1002!WP1003!WP1006!WP1007!WP1014!hist14!CP1015,1
2026-07-18 17:34:39.8,1FG_A,ZSH5601A,BF A BLADE PITCH,,HIABS,BLADE PITCH ALARM,ALM,3,70.0508,70,%,!WP1001!WP1002!WP1003!WP1006!WP1007!WP1014!hist14!CP1015,1
2026-07-18 17:34:44.5,1PDF,SLPSL0001,PULV LOW SEAL AIR HDR DIFF PRESS,,LOABS,PULV LOW SEAL AIR HDR DIFF PRESS,ALM,1,3.98672,4,INH2O,!WP1001!WP1002!WP1003!WP1006!WP1007!WP1014!hist14!CP1004,1
2026-07-18 17:34:46.5,1PDF,SLPSL0001,PULV LOW SEAL AIR HDR DIFF PRESS,,LOABS,PULV LOW SEAL AIR HDR DIFF PRESS,RTN,1,4.00049,4,INH2O,!WP1001!WP1002!WP1003!WP1006!WP1007!WP1014!hist14!CP1004,1
2026-07-18 17:34:46.3,1SEAL_AIR,PDI5735_ALM,BF B OUT DMPR SEAL CAV D/P LOW,,STATE,DP ALARM ACTIVE,ALM,3,,,,!WP1001!WP1002!WP1003!WP1006!WP1007!WP1014!hist14!CP1015,1
2026-07-18 17:34:47.5,1PDF,SLPSL0001,PULV LOW SEAL AIR HDR DIFF PRESS,,LOABS,PULV LOW SEAL AIR HDR DIFF PRESS,ALM,1,3.94746,4,INH2O,!WP1001!WP1002!WP1003!WP1006!WP1007!WP1014!hist14!CP1004,1
2026-07-18 17:34:48.5,1PDF,SLPSL0001,PULV LOW SEAL AIR HDR DIFF PRESS,,LOABS,PULV LOW SEAL AIR HDR DIFF PRESS,RTN,1,4.00371,4,INH2O,!WP1001!WP1002!WP1003!WP1006!WP1007!WP1014!hist14!CP1004,1
2026-07-18 17:34:49.5,1PDF,SLPSL0001,PULV LOW SEAL AIR HDR DIFF PRESS,,LOABS,PULV LOW SEAL AIR HDR DIFF PRESS,ALM,1,3.86426,4,INH2O,!WP1001!WP1002!WP1003!WP1006!WP1007!WP1014!hist14!CP1004,1
2026-07-18 17:35:09.8,1FG_B,ZSH5701A,BF B BLADE PITCH,,HIABS,BLADE PITCH ALARM,RTN,3,69.7402,70,%,!WP1001!WP1002!WP1003!WP1006!WP1007!WP1014!hist14!CP1015,1
2026-07-18 17:35:10.3,1FG_A,ZSH5601A,BF A BLADE PITCH,,HIABS,BLADE PITCH ALARM,RTN,3,69.8984,70,%,!WP1001!WP1002!WP1003!WP1006!WP1007!WP1014!hist14!CP1015,1
2026-07-18 17:35:11.5,1PDF,SLPSL0001,PULV LOW SEAL AIR HDR DIFF PRESS,,LOABS,PULV LOW SEAL AIR HDR DIFF PRESS,RTN,1,4.12529,4,INH2O,!WP1001!WP1002!WP1003!WP1006!WP1007!WP1014!hist14!CP1004,1
2026-07-18 17:35:19.5,1PDF,SLPSL0001,PULV LOW SEAL AIR HDR DIFF PRESS,,LOABS,PULV LOW SEAL AIR HDR DIFF PRESS,ALM,1,3.96563,4,INH2O,!WP1001!WP1002!WP1003!WP1006!WP1007!WP1014!hist14!CP1004,1
2026-07-18 17:35:20.5,1PDF,SLPSL0001,PULV LOW SEAL AIR HDR DIFF PRESS,,LOABS,PULV LOW SEAL AIR HDR DIFF PRESS,RTN,1,4.03887,4,INH2O,!WP1001!WP1002!WP1003!WP1006!WP1007!WP1014!hist14!CP1004,1
2026-07-18 17:35:21.5,1PDF,SLPSL0001,PULV LOW SEAL AIR HDR DIFF PRESS,,LOABS,PULV LOW SEAL AIR HDR DIFF PRESS,ALM,1,3.9999,4,INH2O,!WP1001!WP1002!WP1003!WP1006!WP1007!WP1014!hist14!CP1004,1
2026-07-18 17:35:22.5,1PDF,SLPSL0001,PULV LOW SEAL AIR HDR DIFF PRESS,,LOABS,PULV LOW SEAL AIR HDR DIFF PRESS,RTN,1,4.07373,4,INH2O,!WP1001!WP1002!WP1003!WP1006!WP1007!WP1014!hist14!CP1004,1
2026-07-18 17:35:25.5,1PDF,SLPSL0001,PULV LOW SEAL AIR HDR DIFF PRESS,,LOABS,PULV LOW SEAL AIR HDR DIFF PRESS,ALM,1,3.98584,4,INH2O,!WP1001!WP1002!WP1003!WP1006!WP1007!WP1014!hist14!CP1004,1
2026-07-18 17:35:26.5,1PDF,SLPSL0001,PULV LOW SEAL AIR HDR DIFF PRESS,,LOABS,PULV LOW SEAL AIR HDR DIFF PRESS,RTN,1,4.07139,4,INH2O,!WP1001!WP1002!WP1003!WP1006!WP1007!WP1014!hist14!CP1004,1
2026-07-18 17:35:27.5,1PDF,SLPSL0001,PULV LOW SEAL AIR HDR DIFF PRESS,,LOABS,PULV LOW SEAL AIR HDR DIFF PRESS,ALM,1,3.99287,4,INH2O,!WP1001!WP1002!WP1003!WP1006!WP1007!WP1014!hist14!CP1004,1
2026-07-18 17:35:29.0,1AB_PYRITE,SV_612AL,MILL HPR 1D EJCT  WTR VLV,MILL HOPPER 1,STATE,FAIL,ALM,3,,,,!WP1002!WP1011!WP1001!hist14!CP1020,1
2026-07-18 17:35:30.5,1PDF,SLPSL0001,PULV LOW SEAL AIR HDR DIFF PRESS,,LOABS,PULV LOW SEAL AIR HDR DIFF PRESS,RTN,1,4.05147,4,INH2O,!WP1001!WP1002!WP1003!WP1006!WP1007!WP1014!hist14!CP1004,1
2026-07-18 17:35:31.5,1PDF,SLPSL0001,PULV LOW SEAL AIR HDR DIFF PRESS,,LOABS,PULV LOW SEAL AIR HDR DIFF PRESS,ALM,1,3.94658,4,INH2O,!WP1001!WP1002!WP1003!WP1006!WP1007!WP1014!hist14!CP1004,1
2026-07-18 17:35:52.3,1SEAL_AIR,PDI5735_ALM,BF B OUT DMPR SEAL CAV D/P LOW,,STATE,DP ALARM CLEAR,RTN,3,,,,!WP1001!WP1002!WP1003!WP1006!WP1007!WP1014!hist14!CP1015,1
2026-07-18 17:36:46.5,1PDF,SLPSL0001,PULV LOW SEAL AIR HDR DIFF PRESS,,LOABS,PULV LOW SEAL AIR HDR DIFF PRESS,RTN,1,4.01279,4,INH2O,!WP1001!WP1002!WP1003!WP1006!WP1007!WP1014!hist14!CP1004,1
2026-07-18 17:37:23.0,1AB_PYRITE,SV_612AL,MILL HPR 1D EJCT  WTR VLV,MILL HOPPER 1,STATE,OK,RTN,3,,,,!WP1002!WP1011!WP1001!hist14!CP1020,1
2026-07-18 17:38:18.8,1FG_B,ZSH5701A,BF B BLADE PITCH,,HIABS,BLADE PITCH ALARM,ALM,3,70.0039,70,%,!WP1001!WP1002!WP1003!WP1006!WP1007!WP1014!hist14!CP1015,1
2026-07-18 17:38:22.8,1FG_A,ZSH5601A,BF A BLADE PITCH,,HIABS,BLADE PITCH ALARM,ALM,3,70.0352,70,%,!WP1001!WP1002!WP1003!WP1006!WP1007!WP1014!hist14!CP1015,1
2026-07-18 17:38:47.5,1PDF,SLPSL0001,PULV LOW SEAL AIR HDR DIFF PRESS,,LOABS,PULV LOW SEAL AIR HDR DIFF PRESS,ALM,1,3.88975,4,INH2O,!WP1001!WP1002!WP1003!WP1006!WP1007!WP1014!hist14!CP1004,1
2026-07-18 17:39:15.8,1SEAL_AIR,PDI5735_ALM,BF B OUT DMPR SEAL CAV D/P LOW,,STATE,DP ALARM ACTIVE,ALM,3,,,,!WP1001!WP1002!WP1003!WP1006!WP1007!WP1014!hist14!CP1015,1
2026-07-18 17:39:27.6,1BCS_7,IKTE3751,REHEAT TEMP RIGHT (REDUNDANT),,HIABS,HIGH,ALM,1,1012.22,1012.18,DEG.F,!WP1002!WP1006!WP1007!WP1001!WP1003!WP1014!hist14!CP1007,1
2026-07-18 17:39:30.8,1FG_B,ZSH5701A,BF B BLADE PITCH,,HIABS,BLADE PITCH ALARM,RTN,3,69.8086,70,%,!WP1001!WP1002!WP1003!WP1006!WP1007!WP1014!hist14!CP1015,1
2026-07-18 17:39:33.3,1FG_A,ZSH5601A,BF A BLADE PITCH,,HIABS,BLADE PITCH ALARM,RTN,3,69.6465,70,%,!WP1001!WP1002!WP1003!WP1006!WP1007!WP1014!hist14!CP1015,1
2026-07-18 17:39:40.6,1BCS_7,IKTE3451,REHEAT TEMP RIGHT (NORM),,HIABS,HIGH,ALM,1,1012.18,1012.18,DEG.F,!WP1002!WP1006!WP1007!WP1001!WP1003!WP1014!hist14!CP1007,1
2026-07-18 17:39:52.8,1SEAL_AIR,PDI5735_ALM,BF B OUT DMPR SEAL CAV D/P LOW,,STATE,DP ALARM CLEAR,RTN,3,,,,!WP1001!WP1002!WP1003!WP1006!WP1007!WP1014!hist14!CP1015,1
2026-07-18 17:39:55.5,1FUEL_SFTY,FPTX_ALM,DRAFT TRANSMITTER DEVIATION,,STATE,FURN DRAFT PRESS XMTR DEVIATION,ALM,5,,,,!WP1001!WP1002!WP1003!WP1006!WP1007!WP1014!hist14!CP1004,1
2026-07-18 17:40:12.5,1FUEL_SFTY,FPTX_ALM,DRAFT TRANSMITTER DEVIATION,,STATE,NO DEVIATION,RTN,5,,,,!WP1001!WP1002!WP1003!WP1006!WP1007!WP1014!hist14!CP1004,1
2026-07-18 17:40:27.6,1BCS_7,IKTE3451,REHEAT TEMP RIGHT (NORM),,HIABS,HIGH,RTN,1,1007.08,1012.18,DEG.F,!WP1002!WP1006!WP1007!WP1001!WP1003!WP1014!hist14!CP1007,1
2026-07-18 17:40:32.1,1BCS_7,IKTE3751,REHEAT TEMP RIGHT (REDUNDANT),,HIABS,HIGH,RTN,1,1007.14,1012.18,DEG.F,!WP1002!WP1006!WP1007!WP1001!WP1003!WP1014!hist14!CP1007,1
2026-07-18 17:40:45.5,1PDF,SLPSL0001,PULV LOW SEAL AIR HDR DIFF PRESS,,LOABS,PULV LOW SEAL AIR HDR DIFF PRESS,RTN,1,4.0626,4,INH2O,!WP1001!WP1002!WP1003!WP1006!WP1007!WP1014!hist14!CP1004,1
2026-07-18 17:41:38.8,1FG_A,ZSH5601A,BF A BLADE PITCH,,HIABS,BLADE PITCH ALARM,ALM,3,70.0059,70,%,!WP1001!WP1002!WP1003!WP1006!WP1007!WP1014!hist14!CP1015,1
2026-07-18 17:41:38.8,1FG_B,ZSH5701A,BF B BLADE PITCH,,HIABS,BLADE PITCH ALARM,ALM,3,70.127,70,%,!WP1001!WP1002!WP1003!WP1006!WP1007!WP1014!hist14!CP1015,1
2026-07-18 17:42:32.5,1PDF,SLPSL0001,PULV LOW SEAL AIR HDR DIFF PRESS,,LOABS,PULV LOW SEAL AIR HDR DIFF PRESS,ALM,1,3.97324,4,INH2O,!WP1001!WP1002!WP1003!WP1006!WP1007!WP1014!hist14!CP1004,1
2026-07-18 17:42:35.5,1PDF,SLPSL0001,PULV LOW SEAL AIR HDR DIFF PRESS,,LOABS,PULV LOW SEAL AIR HDR DIFF PRESS,RTN,1,4.00342,4,INH2O,!WP1001!WP1002!WP1003!WP1006!WP1007!WP1014!hist14!CP1004,1
2026-07-18 17:42:36.5,1PDF,SLPSL0001,PULV LOW SEAL AIR HDR DIFF PRESS,,LOABS,PULV LOW SEAL AIR HDR DIFF PRESS,ALM,1,3.98203,4,INH2O,!WP1001!WP1002!WP1003!WP1006!WP1007!WP1014!hist14!CP1004,1
2026-07-18 17:42:39.5,1PDF,SLPSL0001,PULV LOW SEAL AIR HDR DIFF PRESS,,LOABS,PULV LOW SEAL AIR HDR DIFF PRESS,RTN,1,4.0002,4,INH2O,!WP1001!WP1002!WP1003!WP1006!WP1007!WP1014!hist14!CP1004,1
2026-07-18 17:42:44.5,1PDF,SLPSL0001,PULV LOW SEAL AIR HDR DIFF PRESS,,LOABS,PULV LOW SEAL AIR HDR DIFF PRESS,ALM,1,3.91201,4,INH2O,!WP1001!WP1002!WP1003!WP1006!WP1007!WP1014!hist14!CP1004,1
2026-07-18 17:42:44.8,1SEAL_AIR,PDI5735_ALM,BF B OUT DMPR SEAL CAV D/P LOW,,STATE,DP ALARM ACTIVE,ALM,3,,,,!WP1001!WP1002!WP1003!WP1006!WP1007!WP1014!hist14!CP1015,1
2026-07-18 17:42:45.5,1PDF,SLPSL0001,PULV LOW SEAL AIR HDR DIFF PRESS,,LOABS,PULV LOW SEAL AIR HDR DIFF PRESS,RTN,1,4.0002,4,INH2O,!WP1001!WP1002!WP1003!WP1006!WP1007!WP1014!hist14!CP1004,1
2026-07-18 17:42:46.5,1PDF,SLPSL0001,PULV LOW SEAL AIR HDR DIFF PRESS,,LOABS,PULV LOW SEAL AIR HDR DIFF PRESS,ALM,1,3.90439,4,INH2O,!WP1001!WP1002!WP1003!WP1006!WP1007!WP1014!hist14!CP1004,1
2026-07-18 17:42:47.5,1PDF,SLPSL0001,PULV LOW SEAL AIR HDR DIFF PRESS,,LOABS,PULV LOW SEAL AIR HDR DIFF PRESS,RTN,1,4.05293,4,INH2O,!WP1001!WP1002!WP1003!WP1006!WP1007!WP1014!hist14!CP1004,1
2026-07-18 17:42:50.5,1PDF,SLPSL0001,PULV LOW SEAL AIR HDR DIFF PRESS,,LOABS,PULV LOW SEAL AIR HDR DIFF PRESS,ALM,1,3.92988,4,INH2O,!WP1001!WP1002!WP1003!WP1006!WP1007!WP1014!hist14!CP1004,1
2026-07-18 17:44:51.5,1PDF,SLPSL0001,PULV LOW SEAL AIR HDR DIFF PRESS,,LOABS,PULV LOW SEAL AIR HDR DIFF PRESS,RTN,1,4.03857,4,INH2O,!WP1001!WP1002!WP1003!WP1006!WP1007!WP1014!hist14!CP1004,1
2026-07-18 17:44:52.5,1PDF,SLPSL0001,PULV LOW SEAL AIR HDR DIFF PRESS,,LOABS,PULV LOW SEAL AIR HDR DIFF PRESS,ALM,1,3.99023,4,INH2O,!WP1001!WP1002!WP1003!WP1006!WP1007!WP1014!hist14!CP1004,1
2026-07-18 17:44:53.5,1PDF,SLPSL0001,PULV LOW SEAL AIR HDR DIFF PRESS,,LOABS,PULV LOW SEAL AIR HDR DIFF PRESS,RTN,1,4.16865,4,INH2O,!WP1001!WP1002!WP1003!WP1006!WP1007!WP1014!hist14!CP1004,1
2026-07-18 17:45:17.8,1FG_B,5706TX_ALM,BF B INLET OUTLET PRESS,FGPDIT5706,STATE,BF B INLET/OUTLET PRESS DEV,ALM,3,,,,!WP1001!WP1002!WP1003!WP1006!WP1007!WP1014!hist14!CP1015,1
2026-07-18 17:45:43.3,1FP,B86,ID FAN C INLET DAMPER FEEDBACK,,HHABS,ID FAN C DAMPER 80 %,ALM,1,80.0159,80,PCT,!WP1001!WP1002!WP1003!WP1006!WP1007!WP1014!hist14!CP1001,1
2026-07-18 17:45:44.3,1FP,B58,ID FAN B INLET DAMPER FEEDBACK,,HHABS,IDF B DAMPER 80%,ALM,1,80.0122,80,PCT,!WP1001!WP1002!WP1003!WP1006!WP1007!WP1014!hist14!CP1001,1
2026-07-18 17:45:46.3,1FP,B56,ID FAN A INLET DAMPER FEEDBACK,,HHABS,ID FAN A DAMPER 80 %,ALM,1,80.0537,80,PCT,!WP1001!WP1002!WP1003!WP1006!WP1007!WP1014!hist14!CP1001,1
2026-07-18 17:47:20.5,1PDF,SLPSL0001,PULV LOW SEAL AIR HDR DIFF PRESS,,LOABS,PULV LOW SEAL AIR HDR DIFF PRESS,ALM,1,3.98057,4,INH2O,!WP1001!WP1002!WP1003!WP1006!WP1007!WP1014!hist14!CP1004,1
2026-07-18 17:47:48.5,1PDF,SLPSL0001,PULV LOW SEAL AIR HDR DIFF PRESS,,LOABS,PULV LOW SEAL AIR HDR DIFF PRESS,RTN,1,4.15664,4,INH2O,!WP1001!WP1002!WP1003!WP1006!WP1007!WP1014!hist14!CP1004,1
2026-07-18 17:47:57.5,1PDF,SLPSL0001,PULV LOW SEAL AIR HDR DIFF PRESS,,LOABS,PULV LOW SEAL AIR HDR DIFF PRESS,ALM,1,3.94131,4,INH2O,!WP1001!WP1002!WP1003!WP1006!WP1007!WP1014!hist14!CP1004,1
2026-07-18 17:48:52.3,1AF,B76,FD FAN B INLET DAMPER FEEDBACK,,HHABS,FD FAN B DAMPER > 80%,ALM,1,80.0313,80,PCT,!WP1001!WP1002!WP1003!WP1006!WP1007!WP1014!hist14!CP1001,1
2026-07-18 17:49:21.1,1AB_FILTERB,ACPI5138B,FLT COLL B VAC LINPRESS,,IOBAD,BAD CHANNEL,ALM,3,,,,!WP1002!WP1011!WP1001!hist14!CP1020,1
2026-07-18 17:49:30.5,1PDF,SLPSL0001,PULV LOW SEAL AIR HDR DIFF PRESS,,LOABS,PULV LOW SEAL AIR HDR DIFF PRESS,RTN,1,4.02627,4,INH2O,!WP1001!WP1002!WP1003!WP1006!WP1007!WP1014!hist14!CP1004,1
2026-07-18 17:49:36.5,1PDF,SLPSL0001,PULV LOW SEAL AIR HDR DIFF PRESS,,LOABS,PULV LOW SEAL AIR HDR DIFF PRESS,ALM,1,3.92344,4,INH2O,!WP1001!WP1002!WP1003!WP1006!WP1007!WP1014!hist14!CP1004,1
2026-07-18 17:49:37.5,1PDF,SLPSL0001,PULV LOW SEAL AIR HDR DIFF PRESS,,LOABS,PULV LOW SEAL AIR HDR DIFF PRESS,RTN,1,4.021,4,INH2O,!WP1001!WP1002!WP1003!WP1006!WP1007!WP1014!hist14!CP1004,1
2026-07-18 17:49:38.5,1PDF,SLPSL0001,PULV LOW SEAL AIR HDR DIFF PRESS,,LOABS,PULV LOW SEAL AIR HDR DIFF PRESS,ALM,1,3.92959,4,INH2O,!WP1001!WP1002!WP1003!WP1006!WP1007!WP1014!hist14!CP1004,1
2026-07-18 17:49:39.5,1PDF,SLPSL0001,PULV LOW SEAL AIR HDR DIFF PRESS,,LOABS,PULV LOW SEAL AIR HDR DIFF PRESS,RTN,1,4.05205,4,INH2O,!WP1001!WP1002!WP1003!WP1006!WP1007!WP1014!hist14!CP1004,1
2026-07-18 17:49:40.5,1PDF,SLPSL0001,PULV LOW SEAL AIR HDR DIFF PRESS,,LOABS,PULV LOW SEAL AIR HDR DIFF PRESS,ALM,1,3.94541,4,INH2O,!WP1001!WP1002!WP1003!WP1006!WP1007!WP1014!hist14!CP1004,1
2026-07-18 17:49:41.5,1PDF,SLPSL0001,PULV LOW SEAL AIR HDR DIFF PRESS,,LOABS,PULV LOW SEAL AIR HDR DIFF PRESS,RTN,1,4.00781,4,INH2O,!WP1001!WP1002!WP1003!WP1006!WP1007!WP1014!hist14!CP1004,1
2026-07-18 17:49:42.5,1PDF,SLPSL0001,PULV LOW SEAL AIR HDR DIFF PRESS,,LOABS,PULV LOW SEAL AIR HDR DIFF PRESS,ALM,1,3.82881,4,INH2O,!WP1001!WP1002!WP1003!WP1006!WP1007!WP1014!hist14!CP1004,1
2026-07-18 17:49:42.1,1AB_FILTERB,ACPI5138B,FLT COLL B VAC LINPRESS,,IOBAD,BAD CHANNEL,RTN,3,,,,!WP1002!WP1011!WP1001!hist14!CP1020,1
2026-07-18 17:50:14.5,1PDF,SLPSL0001,PULV LOW SEAL AIR HDR DIFF PRESS,,LOABS,PULV LOW SEAL AIR HDR DIFF PRESS,RTN,1,4.05674,4,INH2O,!WP1001!WP1002!WP1003!WP1006!WP1007!WP1014!hist14!CP1004,1
2026-07-18 17:50:34.8,1FG_B,5703TX_ALM,BF B INLET BOX PRESS,FGPIT5703,STATE,BF B INLET PRESS DEVIATION,ALM,3,,,,!WP1001!WP1002!WP1003!WP1006!WP1007!WP1014!hist14!CP1015,1
2026-07-18 17:51:43.8,1AF,B74,FD FAN A INLET DAMPER FEEDBACK,,HHABS,FD FAN A DAMPER > 80%,ALM,1,80.0723,80,PCT,!WP1001!WP1002!WP1003!WP1006!WP1007!WP1014!hist14!CP1001,1
2026-07-18 17:51:44.8,1ULD,B3_ALM,BLOCK LOAD INC/DEC ALM,,STATE,BLOCK LOAD INCREASE/DECREASE,ALM,3,,,,!WP1001!WP1002!WP1003!WP1006!WP1007!WP1014!hist14!CP1001,1
2026-07-18 17:52:29.8,1ULD,B27A,UNIT OFF AGC,,STATE,AGC UNAVAILABLE,ALM,5,,,,!WP1001!WP1002!WP1003!WP1006!WP1007!WP1014!hist14!CP1001,1
2026-07-18 17:52:36.3,1AF,B74,FD FAN A INLET DAMPER FEEDBACK,,HHABS,FD FAN A DAMPER > 80%,RTN,1,79.9395,80,PCT,!WP1001!WP1002!WP1003!WP1006!WP1007!WP1014!hist14!CP1001,1
2026-07-18 17:53:03.8,1AF,B76,FD FAN B INLET DAMPER FEEDBACK,,HHABS,FD FAN B DAMPER > 80%,RTN,1,79.9648,80,PCT,!WP1001!WP1002!WP1003!WP1006!WP1007!WP1014!hist14!CP1001,1
2026-07-18 17:53:06.5,1PDF,SLPSL0001,PULV LOW SEAL AIR HDR DIFF PRESS,,LOABS,PULV LOW SEAL AIR HDR DIFF PRESS,ALM,1,3.9583,4,INH2O,!WP1001!WP1002!WP1003!WP1006!WP1007!WP1014!hist14!CP1004,1
2026-07-18 17:53:07.5,1PDF,SLPSL0001,PULV LOW SEAL AIR HDR DIFF PRESS,,LOABS,PULV LOW SEAL AIR HDR DIFF PRESS,RTN,1,4.02481,4,INH2O,!WP1001!WP1002!WP1003!WP1006!WP1007!WP1014!hist14!CP1004,1
2026-07-18 17:53:07.4,1NW_ESP_SMP,NWAI6702B,PRECIP SUMP PMP B DSCH PH,,IOBAD,BAD CHANNEL,ALM,3,,,,!WP1002!WP1011!WP1001!hist14!CP1020,1
2026-07-18 17:53:08.5,1PDF,SLPSL0001,PULV LOW SEAL AIR HDR DIFF PRESS,,LOABS,PULV LOW SEAL AIR HDR DIFF PRESS,ALM,1,3.92607,4,INH2O,!WP1001!WP1002!WP1003!WP1006!WP1007!WP1014!hist14!CP1004,1
2026-07-18 17:53:09.5,1PDF,SLPSL0001,PULV LOW SEAL AIR HDR DIFF PRESS,,LOABS,PULV LOW SEAL AIR HDR DIFF PRESS,RTN,1,4.03271,4,INH2O,!WP1001!WP1002!WP1003!WP1006!WP1007!WP1014!hist14!CP1004,1
2026-07-18 17:53:10.5,1PDF,SLPSL0001,PULV LOW SEAL AIR HDR DIFF PRESS,,LOABS,PULV LOW SEAL AIR HDR DIFF PRESS,ALM,1,3.95127,4,INH2O,!WP1001!WP1002!WP1003!WP1006!WP1007!WP1014!hist14!CP1004,1
2026-07-18 17:53:11.5,1PDF,SLPSL0001,PULV LOW SEAL AIR HDR DIFF PRESS,,LOABS,PULV LOW SEAL AIR HDR DIFF PRESS,RTN,1,4.00635,4,INH2O,!WP1001!WP1002!WP1003!WP1006!WP1007!WP1014!hist14!CP1004,1
2026-07-18 17:53:12.5,1PDF,SLPSL0001,PULV LOW SEAL AIR HDR DIFF PRESS,,LOABS,PULV LOW SEAL AIR HDR DIFF PRESS,ALM,1,3.84346,4,INH2O,!WP1001!WP1002!WP1003!WP1006!WP1007!WP1014!hist14!CP1004,1
2026-07-18 17:53:43.3,1ULD,B3_ALM,BLOCK LOAD INC/DEC ALM,,STATE,LOAD BLOCK NOT IN SERVICE,RTN,3,,,,!WP1001!WP1002!WP1003!WP1006!WP1007!WP1014!hist14!CP1001,1
2026-07-18 17:53:58.3,1ULD,B27A,UNIT OFF AGC,,STATE,,RTN,5,,,,!WP1001!WP1002!WP1003!WP1006!WP1007!WP1014!hist14!CP1001,1
2026-07-18 17:54:30.3,1FG_B,5703TX_ALM,BF B INLET BOX PRESS,FGPIT5703,STATE,DEVIATION ALARM CLEAR,RTN,3,,,,!WP1001!WP1002!WP1003!WP1006!WP1007!WP1014!hist14!CP1015,1
2026-07-18 17:54:38.5,1FUEL_SFTY,FPTX_ALM,DRAFT TRANSMITTER DEVIATION,,STATE,FURN DRAFT PRESS XMTR DEVIATION,ALM,5,,,,!WP1001!WP1002!WP1003!WP1006!WP1007!WP1014!hist14!CP1004,1
2026-07-18 17:54:40.5,1FUEL_SFTY,FPTX_ALM,DRAFT TRANSMITTER DEVIATION,,STATE,NO DEVIATION,RTN,5,,,,!WP1001!WP1002!WP1003!WP1006!WP1007!WP1014!hist14!CP1004,1
2026-07-18 17:54:48.5,1FUEL_SFTY,FPTX_ALM,DRAFT TRANSMITTER DEVIATION,,STATE,FURN DRAFT PRESS XMTR DEVIATION,ALM,5,,,,!WP1001!WP1002!WP1003!WP1006!WP1007!WP1014!hist14!CP1004,1
2026-07-18 17:55:17.5,1PDF,SLPSL0001,PULV LOW SEAL AIR HDR DIFF PRESS,,LOABS,PULV LOW SEAL AIR HDR DIFF PRESS,RTN,1,4.06992,4,INH2O,!WP1001!WP1002!WP1003!WP1006!WP1007!WP1014!hist14!CP1004,1
2026-07-18 17:55:20.5,1PDF,SLPSL0001,PULV LOW SEAL AIR HDR DIFF PRESS,,LOABS,PULV LOW SEAL AIR HDR DIFF PRESS,ALM,1,3.94336,4,INH2O,!WP1001!WP1002!WP1003!WP1006!WP1007!WP1014!hist14!CP1004,1
2026-07-18 17:55:21.5,1PDF,SLPSL0001,PULV LOW SEAL AIR HDR DIFF PRESS,,LOABS,PULV LOW SEAL AIR HDR DIFF PRESS,RTN,1,4.09072,4,INH2O,!WP1001!WP1002!WP1003!WP1006!WP1007!WP1014!hist14!CP1004,1
2026-07-18 17:55:43.5,1FUEL_SFTY,FPTX_ALM,DRAFT TRANSMITTER DEVIATION,,STATE,NO DEVIATION,RTN,5,,,,!WP1001!WP1002!WP1003!WP1006!WP1007!WP1014!hist14!CP1004,1
2026-07-18 17:57:16.5,1PDF,SLPSL0001,PULV LOW SEAL AIR HDR DIFF PRESS,,LOABS,PULV LOW SEAL AIR HDR DIFF PRESS,ALM,1,3.89619,4,INH2O,!WP1001!WP1002!WP1003!WP1006!WP1007!WP1014!hist14!CP1004,1
2026-07-18 17:57:51.6,1BCS_7,IKTE3741,REHEAT TEMP LEFT (REDUNDANT),,HIABS,HIGH,ALM,1,1012.19,1012.18,DEG.F,!WP1002!WP1006!WP1007!WP1001!WP1003!WP1014!hist14!CP1007,1
2026-07-18 17:57:52.6,1BCS_7,IKTE3441,REHEAT TEMP LEFT (NORM),,HIABS,HIGH,ALM,1,1012.19,1012.18,DEG.F,!WP1002!WP1006!WP1007!WP1001!WP1003!WP1014!hist14!CP1007,1
2026-07-18 17:58:08.5,1FUEL_SFTY,FPTX_ALM,DRAFT TRANSMITTER DEVIATION,,STATE,FURN DRAFT PRESS XMTR DEVIATION,ALM,5,,,,!WP1001!WP1002!WP1003!WP1006!WP1007!WP1014!hist14!CP1004,1
2026-07-18 17:58:28.3,1FP,B56,ID FAN A INLET DAMPER FEEDBACK,,HHABS,ID FAN A DAMPER 80 %,RTN,1,78.9729,80,PCT,!WP1001!WP1002!WP1003!WP1006!WP1007!WP1014!hist14!CP1001,1
2026-07-18 17:58:28.8,1FP,B58,ID FAN B INLET DAMPER FEEDBACK,,HHABS,IDF B DAMPER 80%,RTN,1,78.9172,80,PCT,!WP1001!WP1002!WP1003!WP1006!WP1007!WP1014!hist14!CP1001,1
2026-07-18 17:58:28.8,1FP,B86,ID FAN C INLET DAMPER FEEDBACK,,HHABS,ID FAN C DAMPER 80 %,RTN,1,78.9766,80,PCT,!WP1001!WP1002!WP1003!WP1006!WP1007!WP1014!hist14!CP1001,1
2026-07-18 17:58:30.3,1FG_A,ZSH5601A,BF A BLADE PITCH,,HIABS,BLADE PITCH ALARM,RTN,3,69.8926,70,%,!WP1001!WP1002!WP1003!WP1006!WP1007!WP1014!hist14!CP1015,1
2026-07-18 17:58:30.3,1FG_B,ZSH5701A,BF B BLADE PITCH,,HIABS,BLADE PITCH ALARM,RTN,3,69.8125,70,%,!WP1001!WP1002!WP1003!WP1006!WP1007!WP1014!hist14!CP1015,1
2026-07-18 17:58:45.5,1PDF,SLPSL0001,PULV LOW SEAL AIR HDR DIFF PRESS,,LOABS,PULV LOW SEAL AIR HDR DIFF PRESS,RTN,1,4.09541,4,INH2O,!WP1001!WP1002!WP1003!WP1006!WP1007!WP1014!hist14!CP1004,1
2026-07-18 17:58:45.8,1FG_B,5706TX_ALM,BF B INLET OUTLET PRESS,FGPDIT5706,STATE,DEVIATION ALARM CLEAR,RTN,3,,,,!WP1001!WP1002!WP1003!WP1006!WP1007!WP1014!hist14!CP1015,1
2026-07-18 17:59:09.5,1FUEL_SFTY,FPTX_ALM,DRAFT TRANSMITTER DEVIATION,,STATE,NO DEVIATION,RTN,5,,,,!WP1001!WP1002!WP1003!WP1006!WP1007!WP1014!hist14!CP1004,1
2026-07-18 17:59:11.6,1BCS_7,IKTE3441,REHEAT TEMP LEFT (NORM),,HIABS,HIGH,RTN,1,1007.09,1012.18,DEG.F,!WP1002!WP1006!WP1007!WP1001!WP1003!WP1014!hist14!CP1007,1
2026-07-18 17:59:14.1,1BCS_7,IKTE3741,REHEAT TEMP LEFT (REDUNDANT),,HIABS,HIGH,RTN,1,1007.15,1012.18,DEG.F,!WP1002!WP1006!WP1007!WP1001!WP1003!WP1014!hist14!CP1007,1
2026-07-18 17:59:57.3,1FG_A,ZSH5601A,BF A BLADE PITCH,,HIABS,BLADE PITCH ALARM,ALM,3,70.0078,70,%,!WP1001!WP1002!WP1003!WP1006!WP1007!WP1014!hist14!CP1015,1
2026-07-18 17:59:57.3,1FG_B,ZSH5701A,BF B BLADE PITCH,,HIABS,BLADE PITCH ALARM,ALM,3,70.0996,70,%,!WP1001!WP1002!WP1003!WP1006!WP1007!WP1014!hist14!CP1015,1
