DATE,COMPOUND,BLOCK,DESCRIPTION,NAME,ALARM TYPE Type,ALARM DESC,ALM_RTN,PRIORITY,VALUE,ALARM VALUE,UNITS,LOCATION,GRP
2026-07-17 06:00:30.8,1AR_LS,DEV_5803,LS SYS B,,STATE,,RTN,3,,,,!WP1001!WP1002!WP1003!WP1006!WP1007!WP1014!hist14!CP1017,1
2026-07-17 06:00:44.5,1SCR_B_PRESS,FGPDI5228B,SCR B CAT LAYER 4 DP,1SR114 PNT 4,HHABS,HI HI DP,RTN,1,1.19939,1.7,INH2O,!WP1001!WP1002!WP1003!WP1006!WP1007!WP1014!hist14!CP1016,1
2026-07-17 06:00:54.0,1SCRA_IDSAV,SLPDI5416A,A IDMPR SCR SA PSG TO FG DUCT DP,,LOABS,SCR A IN DMPR SEAL DP LOW (SERV),RTN,5,2.20879,2,INH2O,!hist14!CP1016,2
2026-07-17 06:01:08.3,1MELIM,ZDS5504,WET/DRY INTFC VLV  DM DEV,,HIDEV,HIGH DEVIATION ALARM,ALM,3,98.4473,5,%,!hist14!CP1017,2
2026-07-17 06:01:37.2,1STM_GSM_ALM,STM_ALM2,MARK VIE STEAM SEAL ALARM,,STA_5,STM SEAL DIV VLV TO CNDR OK,RTN,3,0,0,,!WP1001!WP1002!WP1003!WP1006!WP1007!WP1014!hist14!CP1011,1
2026-07-17 06:01:47.0,1SCRA_IDSAV,SLPDI5416A,A IDMPR SCR SA PSG TO FG DUCT DP,,LOABS,SCR A IN DMPR SEAL DP LOW (SERV),ALM,5,1.98945,2,INH2O,!hist14!CP1016,2
2026-07-17 06:02:00.0,1SCRA_IDSAV,SLPDI5416A,A IDMPR SCR SA PSG TO FG DUCT DP,,LOABS,SCR A IN DMPR SEAL DP LOW (SERV),RTN,5,2.21602,2,INH2O,!hist14!CP1016,2
2026-07-17 06:02:31.5,1SCRA_IDSAV,SLPDI5416A,A IDMPR SCR SA PSG TO FG DUCT DP,,LOABS,SCR A IN DMPR SEAL DP LOW (SERV),ALM,5,1.99316,2,INH2O,!hist14!CP1016,2
2026-07-17 06:02:40.2,1MISC,B10,COOLING TOWER LEVEL CONTROL,,LOOUT,,ALM,5,0,0.001,%,!WP1001!WP1002!WP1003!WP1006!WP1007!WP1014!hist14!CP1002,1
2026-07-17 06:03:29.5,1SCRA_IDSAV,SLPDI5416A,A IDMPR SCR SA PSG TO FG DUCT DP,,LOABS,SCR A IN DMPR SEAL DP LOW (SERV),RTN,5,2.2127,2,INH2O,!hist14!CP1016,2
2026-07-17 06:03:38.5,1SCRA_IDSAV,SLPDI5416A,A IDMPR SCR SA PSG TO FG DUCT DP,,LOABS,SCR A IN DMPR SEAL DP LOW (SERV),ALM,5,1.98262,2,INH2O,!hist14!CP1016,2
2026-07-17 06:04:06.5,1SCRA_IDSAV,SLPDI5416A,A IDMPR SCR SA PSG TO FG DUCT DP,,LOABS,SCR A IN DMPR SEAL DP LOW (SERV),RTN,5,2.20762,2,INH2O,!hist14!CP1016,2
2026-07-17 06:04:09.0,1SCRA_IDSAV,SLPDI5416A,A IDMPR SCR SA PSG TO FG DUCT DP,,LOABS,SCR A IN DMPR SEAL DP LOW (SERV),ALM,5,1.99531,2,INH2O,!hist14!CP1016,2
2026-07-17 06:04:35.7,1MISC,B143,AUX ATM VLV DEV ALM,,STATE,DEVIATION,ALM,5,,,,!WP1001!WP1002!WP1003!WP1006!WP1007!WP1014!hist14!CP1002,1
2026-07-17 06:05:04.5,1BCS_7,IKTE3751,REHEAT TEMP RIGHT (REDUNDANT),,HIABS,HIGH,ALM,1,1012.19,1012.18,DEG.F,!WP1002!WP1006!WP1007!WP1001!WP1003!WP1014!hist14!CP1007,1
2026-07-17 06:05:32.0,1BCS_7,IKTE3451,REHEAT TEMP RIGHT (NORM),,HIABS,HIGH,ALM,1,1012.19,1012.18,DEG.F,!WP1002!WP1006!WP1007!WP1001!WP1003!WP1014!hist14!CP1007,1
2026-07-17 06:06:05.5,1SCRA_IDSAV,SLPDI5416A,A IDMPR SCR SA PSG TO FG DUCT DP,,LOABS,SCR A IN DMPR SEAL DP LOW (SERV),RTN,5,2.21035,2,INH2O,!hist14!CP1016,2
2026-07-17 06:06:10.5,1SCRA_IDSAV,SLPDI5416A,A IDMPR SCR SA PSG TO FG DUCT DP,,LOABS,SCR A IN DMPR SEAL DP LOW (SERV),ALM,5,1.96973,2,INH2O,!hist14!CP1016,2
2026-07-17 06:07:20.5,1SCRA_IDSAV,SLPDI5416A,A IDMPR SCR SA PSG TO FG DUCT DP,,LOABS,SCR A IN DMPR SEAL DP LOW (SERV),RTN,5,2.20508,2,INH2O,!hist14!CP1016,2
2026-07-17 06:07:24.0,1SCRA_IDSAV,SLPDI5416A,A IDMPR SCR SA PSG TO FG DUCT DP,,LOABS,SCR A IN DMPR SEAL DP LOW (SERV),ALM,5,1.99336,2,INH2O,!hist14!CP1016,2
2026-07-17 06:07:39.8,1BWCP_PURGE,OUTLET_TEMP,BWCP PURGE COOLER OUTLET TEMP,,HIABS,,ALM,2,105.009,105,DEGF,!WP1001!WP1002!WP1003!WP1006!WP1007!WP1014!hist14!CP1005,1
2026-07-17 06:09:04.0,1BCS_7,IKTE3741,REHEAT TEMP LEFT (REDUNDANT),,HIABS,HIGH,ALM,1,1012.23,1012.18,DEG.F,!WP1002!WP1006!WP1007!WP1001!WP1003!WP1014!hist14!CP1007,1
2026-07-17 06:09:16.0,1BCS_7,IKTE3441,REHEAT TEMP LEFT (NORM),,HIABS,HIGH,ALM,1,1012.21,1012.18,DEG.F,!WP1002!WP1006!WP1007!WP1001!WP1003!WP1014!hist14!CP1007,1
2026-07-17 06:09:33.8,1MELIM,SEQ1_ALMS,MIST ELIM VALVE FAIL ALARMS,ARXV5631F,STA_6,ARXV5631F FAILURE,ALM,1,13.3072,0,,!WP1001!WP1002!WP1003!WP1006!WP1007!WP1014!hist14!CP1017,1
2026-07-17 06:09:52.5,1BCS_7,IKTE3451,REHEAT TEMP RIGHT (NORM),,HIABS,HIGH,RTN,1,1007.13,1012.18,DEG.F,!WP1002!WP1006!WP1007!WP1001!WP1003!WP1014!hist14!CP1007,1
2026-07-17 06:10:03.0,1BCS_7,IKTE3751,REHEAT TEMP RIGHT (REDUNDANT),,HIABS,HIGH,RTN,1,1007.16,1012.18,DEG.F,!WP1002!WP1006!WP1007!WP1001!WP1003!WP1014!hist14!CP1007,1
2026-07-17 06:10:20.3,1MELIM,SEQ1_ALMS,MIST ELIM VALVE FAIL ALARMS,ARXV5631F,STA_6,VLV FAILURE CLEAR,RTN,1,12.6993,0,,!WP1001!WP1002!WP1003!WP1006!WP1007!WP1014!hist14!CP1017,1
2026-07-17 06:10:21.5,1SCRA_IDSAV,SLPDI5416A,A IDMPR SCR SA PSG TO FG DUCT DP,,LOABS,SCR A IN DMPR SEAL DP LOW (SERV),RTN,5,2.20742,2,INH2O,!hist14!CP1016,2
2026-07-17 06:11:12.0,1SCRA_IDSAV,SLPDI5416A,A IDMPR SCR SA PSG TO FG DUCT DP,,LOABS,SCR A IN DMPR SEAL DP LOW (SERV),ALM,5,1.99082,2,INH2O,!hist14!CP1016,2
2026-07-17 06:11:20.5,1SCRA_IDSAV,SLPDI5416A,A IDMPR SCR SA PSG TO FG DUCT DP,,LOABS,SCR A IN DMPR SEAL DP LOW (SERV),RTN,5,2.22207,2,INH2O,!hist14!CP1016,2
2026-07-17 06:11:40.0,1SCRA_IDSAV,SLPDI5416A,A IDMPR SCR SA PSG TO FG DUCT DP,,LOABS,SCR A IN DMPR SEAL DP LOW (SERV),ALM,5,1.99629,2,INH2O,!hist14!CP1016,2
2026-07-17 06:11:51.5,1SCRA_IDSAV,SLPDI5416A,A IDMPR SCR SA PSG TO FG DUCT DP,,LOABS,SCR A IN DMPR SEAL DP LOW (SERV),RTN,5,2.21934,2,INH2O,!hist14!CP1016,2
2026-07-17 06:11:59.0,1BCS_7,IKTE3441,REHEAT TEMP LEFT (NORM),,HIABS,HIGH,RTN,1,1007.16,1012.18,DEG.F,!WP1002!WP1006!WP1007!WP1001!WP1003!WP1014!hist14!CP1007,1
2026-07-17 06:12:04.0,1BCS_7,IKTE3741,REHEAT TEMP LEFT (REDUNDANT),,HIABS,HIGH,RTN,1,1007.16,1012.18,DEG.F,!WP1002!WP1006!WP1007!WP1001!WP1003!WP1014!hist14!CP1007,1
2026-07-17 06:13:12.0,1SCRA_IDSAV,SLPDI5416A,A IDMPR SCR SA PSG TO FG DUCT DP,,LOABS,SCR A IN DMPR SEAL DP LOW (SERV),ALM,5,1.99902,2,INH2O,!hist14!CP1016,2
2026-07-17 06:13:27.0,1SCRA_IDSAV,SLPDI5416A,A IDMPR SCR SA PSG TO FG DUCT DP,,LOABS,SCR A IN DMPR SEAL DP LOW (SERV),RTN,5,2.20176,2,INH2O,!hist14!CP1016,2
2026-07-17 06:14:02.3,1MELIM,ME_FLOW,MIST ELIMINATOR WASH FLOW,,STATE,ME WASH LOW FLOW,ALM,3,,,,!hist14!CP1017,2
2026-07-17 06:14:32.3,1MELIM,ME_FLOW,MIST ELIMINATOR WASH FLOW,,STATE,ME WASH FLOW OK,RTN,3,,,,!hist14!CP1017,2
2026-07-17 06:14:37.3,1MELIM,ZDS5504,WET/DRY INTFC VLV  DM DEV,,HIDEV,HIGH DEVIATION ALARM,RTN,3,54.3262,57.5,%,!hist14!CP1017,2
2026-07-17 06:14:53.5,1SCRA_IDSAV,SLPDI5416A,A IDMPR SCR SA PSG TO FG DUCT DP,,LOABS,SCR A IN DMPR SEAL DP LOW (SERV),ALM,5,1.98965,2,INH2O,!hist14!CP1016,2
2026-07-17 06:15:09.0,1SCRA_IDSAV,SLPDI5416A,A IDMPR SCR SA PSG TO FG DUCT DP,,LOABS,SCR A IN DMPR SEAL DP LOW (SERV),RTN,5,2.20254,2,INH2O,!hist14!CP1016,2
2026-07-17 06:15:53.5,1SCRA_IDSAV,SLPDI5416A,A IDMPR SCR SA PSG TO FG DUCT DP,,LOABS,SCR A IN DMPR SEAL DP LOW (SERV),ALM,5,1.98652,2,INH2O,!hist14!CP1016,2
2026-07-17 06:15:56.0,1SCRA_IDSAV,SLPDI5416A,A IDMPR SCR SA PSG TO FG DUCT DP,,LOABS,SCR A IN DMPR SEAL DP LOW (SERV),RTN,5,2.21973,2,INH2O,!hist14!CP1016,2
2026-07-17 06:16:08.3,1MELIM,ZDS5504,WET/DRY INTFC VLV  DM DEV,,HIDEV,HIGH DEVIATION ALARM,ALM,3,98.668,5,%,!hist14!CP1017,2
2026-07-17 06:16:37.3,1DAS10,IACE3001,COND MAKE-UP      CATION CNDCT,,HIABS,HIGH,ALM,1,0.300273,0.3,US/CM,!WP1002!WP1006!WP1007!WP1001!WP1003!WP1014!hist14!CP1008,1
2026-07-17 06:17:02.0,1SCRA_IDSAV,SLPDI5416A,A IDMPR SCR SA PSG TO FG DUCT DP,,LOABS,SCR A IN DMPR SEAL DP LOW (SERV),ALM,5,1.99473,2,INH2O,!hist14!CP1016,2
2026-07-17 06:17:05.0,1SCRA_IDSAV,SLPDI5416A,A IDMPR SCR SA PSG TO FG DUCT DP,,LOABS,SCR A IN DMPR SEAL DP LOW (SERV),RTN,5,2.21855,2,INH2O,!hist14!CP1016,2
2026-07-17 06:17:12.0,1SCRA_IDSAV,SLPDI5416A,A IDMPR SCR SA PSG TO FG DUCT DP,,LOABS,SCR A IN DMPR SEAL DP LOW (SERV),ALM,5,1.99863,2,INH2O,!hist14!CP1016,2
2026-07-17 06:17:43.5,1SCRA_IDSAV,SLPDI5416A,A IDMPR SCR SA PSG TO FG DUCT DP,,LOABS,SCR A IN DMPR SEAL DP LOW (SERV),RTN,5,2.2041,2,INH2O,!hist14!CP1016,2
2026-07-17 06:18:08.5,1SCRA_IDSAV,SLPDI5416A,A IDMPR SCR SA PSG TO FG DUCT DP,,LOABS,SCR A IN DMPR SEAL DP LOW (SERV),ALM,5,1.98906,2,INH2O,!hist14!CP1016,2
2026-07-17 06:18:12.8,1MELIM,ME_FLOW,MIST ELIMINATOR WASH FLOW,,STATE,ME WASH LOW FLOW,ALM,3,,,,!hist14!CP1017,2
2026-07-17 06:18:15.5,1SCRA_IDSAV,SLPDI5416A,A IDMPR SCR SA PSG TO FG DUCT DP,,LOABS,SCR A IN DMPR SEAL DP LOW (SERV),RTN,5,2.21445,2,INH2O,!hist14!CP1016,2
2026-07-17 06:18:34.0,1SCRA_IDSAV,SLPDI5416A,A IDMPR SCR SA PSG TO FG DUCT DP,,LOABS,SCR A IN DMPR SEAL DP LOW (SERV),ALM,5,1.98105,2,INH2O,!hist14!CP1016,2
2026-07-17 06:18:42.0,1SCRA_IDSAV,SLPDI5416A,A IDMPR SCR SA PSG TO FG DUCT DP,,LOABS,SCR A IN DMPR SEAL DP LOW (SERV),RTN,5,2.21406,2,INH2O,!hist14!CP1016,2
2026-07-17 06:18:42.3,1MELIM,ME_FLOW,MIST ELIMINATOR WASH FLOW,,STATE,ME WASH FLOW OK,RTN,3,,,,!hist14!CP1017,2
2026-07-17 06:18:50.4,PAC_PLC,ACI_FDR_A_TR,ACI FDR A AC-WIC-5007 TRBLE ALM,,CHANGE,PAC FEEDER A TROUBLE,ALM,1,,,,!WP1001!WP1002!WP1003!WP1006!WP1007!WP1014!hist14!CP1003,1
2026-07-17 06:18:58.4,PAC_PLC,ACI_FDR_A_TR,ACI FDR A AC-WIC-5007 TRBLE ALM,,CHANGE,PAC FEEDER A TROUBLE,ALM,1,,,,!WP1001!WP1002!WP1003!WP1006!WP1007!WP1014!hist14!CP1003,1
2026-07-17 06:19:11.0,PAC_PLC,ACI_FDR_A_TR,ACI FDR A AC-WIC-5007 TRBLE ALM,,CHANGE,PAC FEEDER A TROUBLE,ALM,1,,,,!WP1001!WP1002!WP1003!WP1006!WP1007!WP1014!hist14!CP1003,1
2026-07-17 06:19:13.0,PAC_PLC,ACI_FDR_A_TR,ACI FDR A AC-WIC-5007 TRBLE ALM,,CHANGE,PAC FEEDER A TROUBLE,ALM,1,,,,!WP1001!WP1002!WP1003!WP1006!WP1007!WP1014!hist14!CP1003,1
2026-07-17 06:19:15.0,1SCRA_IDSAV,SLPDI5416A,A IDMPR SCR SA PSG TO FG DUCT DP,,LOABS,SCR A IN DMPR SEAL DP LOW (SERV),ALM,5,1.99531,2,INH2O,!hist14!CP1016,2
2026-07-17 06:19:20.0,PAC_PLC,ACI_FDR_A_TR,ACI FDR A AC-WIC-5007 TRBLE ALM,,CHANGE,PAC FEEDER A TROUBLE,ALM,1,,,,!WP1001!WP1002!WP1003!WP1006!WP1007!WP1014!hist14!CP1003,1
2026-07-17 06:19:22.0,PAC_PLC,ACI_FDR_A_TR,ACI FDR A AC-WIC-5007 TRBLE ALM,,CHANGE,PAC FEEDER A TROUBLE,ALM,1,,,,!WP1001!WP1002!WP1003!WP1006!WP1007!WP1014!hist14!CP1003,1
2026-07-17 06:19:25.0,1SCRA_IDSAV,SLPDI5416A,A IDMPR SCR SA PSG TO FG DUCT DP,,LOABS,SCR A IN DMPR SEAL DP LOW (SERV),RTN,5,2.20098,2,INH2O,!hist14!CP1016,2
2026-07-17 06:19:49.5,1SCRA_IDSAV,SLPDI5416A,A IDMPR SCR SA PSG TO FG DUCT DP,,LOABS,SCR A IN DMPR SEAL DP LOW (SERV),ALM,5,1.98281,2,INH2O,!hist14!CP1016,2
2026-07-17 06:20:01.5,1SCRA_IDSAV,SLPDI5416A,A IDMPR SCR SA PSG TO FG DUCT DP,,LOABS,SCR A IN DMPR SEAL DP LOW (SERV),RTN,5,2.22598,2,INH2O,!hist14!CP1016,2
2026-07-17 06:20:31.0,1SCRA_IDSAV,SLPDI5416A,A IDMPR SCR SA PSG TO FG DUCT DP,,LOABS,SCR A IN DMPR SEAL DP LOW (SERV),ALM,5,1.98574,2,INH2O,!hist14!CP1016,2
2026-07-17 06:20:37.5,1SCRA_IDSAV,SLPDI5416A,A IDMPR SCR SA PSG TO FG DUCT DP,,LOABS,SCR A IN DMPR SEAL DP LOW (SERV),RTN,5,2.20488,2,INH2O,!hist14!CP1016,2
2026-07-17 06:21:43.5,1SCRA_IDSAV,SLPDI5416A,A IDMPR SCR SA PSG TO FG DUCT DP,,LOABS,SCR A IN DMPR SEAL DP LOW (SERV),ALM,5,1.99492,2,INH2O,!hist14!CP1016,2
2026-07-17 06:22:03.8,1MISC,B10,COOLING TOWER LEVEL CONTROL,,LOOUT,,RTN,5,3.06121,0.001,%,!WP1001!WP1002!WP1003!WP1006!WP1007!WP1014!hist14!CP1002,1
2026-07-17 06:22:15.3,1DAS10,IACE3001,COND MAKE-UP      CATION CNDCT,,HIABS,HIGH,RTN,1,0.279824,0.3,US/CM,!WP1002!WP1006!WP1007!WP1001!WP1003!WP1014!hist14!CP1008,1
2026-07-17 06:22:30.5,1SCRA_IDSAV,SLPDI5416A,A IDMPR SCR SA PSG TO FG DUCT DP,,LOABS,SCR A IN DMPR SEAL DP LOW (SERV),RTN,5,2.2123,2,INH2O,!hist14!CP1016,2
2026-07-17 06:22:36.0,1SCRA_IDSAV,SLPDI5416A,A IDMPR SCR SA PSG TO FG DUCT DP,,LOABS,SCR A IN DMPR SEAL DP LOW (SERV),ALM,5,1.99668,2,INH2O,!hist14!CP1016,2
2026-07-17 06:22:41.5,1SCRA_IDSAV,SLPDI5416A,A IDMPR SCR SA PSG TO FG DUCT DP,,LOABS,SCR A IN DMPR SEAL DP LOW (SERV),RTN,5,2.21914,2,INH2O,!hist14!CP1016,2
2026-07-17 06:23:07.5,1SCRA_IDSAV,SLPDI5416A,A IDMPR SCR SA PSG TO FG DUCT DP,,LOABS,SCR A IN DMPR SEAL DP LOW (SERV),ALM,5,1.99375,2,INH2O,!hist14!CP1016,2
2026-07-17 06:23:18.5,1SCRA_IDSAV,SLPDI5416A,A IDMPR SCR SA PSG TO FG DUCT DP,,LOABS,SCR A IN DMPR SEAL DP LOW (SERV),RTN,5,2.20742,2,INH2O,!hist14!CP1016,2
2026-07-17 06:23:26.5,1SCRA_IDSAV,SLPDI5416A,A IDMPR SCR SA PSG TO FG DUCT DP,,LOABS,SCR A IN DMPR SEAL DP LOW (SERV),ALM,5,1.99824,2,INH2O,!hist14!CP1016,2
2026-07-17 06:23:29.0,1SCRA_IDSAV,SLPDI5416A,A IDMPR SCR SA PSG TO FG DUCT DP,,LOABS,SCR A IN DMPR SEAL DP LOW (SERV),RTN,5,2.2293,2,INH2O,!hist14!CP1016,2
2026-07-17 06:24:50.5,1SCRA_IDSAV,SLPDI5416A,A IDMPR SCR SA PSG TO FG DUCT DP,,LOABS,SCR A IN DMPR SEAL DP LOW (SERV),ALM,5,1.99531,2,INH2O,!hist14!CP1016,2
2026-07-17 06:24:57.0,1SCRA_IDSAV,SLPDI5416A,A IDMPR SCR SA PSG TO FG DUCT DP,,LOABS,SCR A IN DMPR SEAL DP LOW (SERV),RTN,5,2.21953,2,INH2O,!hist14!CP1016,2
2026-07-17 06:25:29.0,1SCRA_IDSAV,SLPDI5416A,A IDMPR SCR SA PSG TO FG DUCT DP,,LOABS,SCR A IN DMPR SEAL DP LOW (SERV),ALM,5,1.97383,2,INH2O,!hist14!CP1016,2
2026-07-17 06:26:05.5,1SCRA_IDSAV,SLPDI5416A,A IDMPR SCR SA PSG TO FG DUCT DP,,LOABS,SCR A IN DMPR SEAL DP LOW (SERV),RTN,5,2.20664,2,INH2O,!hist14!CP1016,2
2026-07-17 06:28:29.0,1SCRA_IDSAV,SLPDI5416A,A IDMPR SCR SA PSG TO FG DUCT DP,,LOABS,SCR A IN DMPR SEAL DP LOW (SERV),ALM,5,1.98613,2,INH2O,!hist14!CP1016,2
2026-07-17 06:28:40.5,1SCRA_IDSAV,SLPDI5416A,A IDMPR SCR SA PSG TO FG DUCT DP,,LOABS,SCR A IN DMPR SEAL DP LOW (SERV),RTN,5,2.23008,2,INH2O,!hist14!CP1016,2
2026-07-17 06:29:00.5,1SCRA_IDSAV,SLPDI5416A,A IDMPR SCR SA PSG TO FG DUCT DP,,LOABS,SCR A IN DMPR SEAL DP LOW (SERV),ALM,5,1.9875,2,INH2O,!hist14!CP1016,2
2026-07-17 06:29:22.5,1SCRA_IDSAV,SLPDI5416A,A IDMPR SCR SA PSG TO FG DUCT DP,,LOABS,SCR A IN DMPR SEAL DP LOW (SERV),RTN,5,2.20918,2,INH2O,!hist14!CP1016,2
2026-07-17 06:29:37.3,1MELIM,ZDS5504,WET/DRY INTFC VLV  DM DEV,,HIDEV,HIGH DEVIATION ALARM,RTN,3,54.3145,57.5,%,!hist14!CP1017,2
2026-07-17 06:31:08.3,1MELIM,ZDS5504,WET/DRY INTFC VLV  DM DEV,,HIDEV,HIGH DEVIATION ALARM,ALM,3,98.7871,5,%,!hist14!CP1017,2
2026-07-17 06:32:15.5,1AMILL,UBOWL_LO,APULV SEAL AIR UND BOWL DP < 5,,STATE,PULV SEAL AIR UND BOWL DP < 5,ALM,5,,,,!WP1001!WP1002!WP1003!WP1006!WP1007!WP1014!hist14!CP1004,1
2026-07-17 06:32:22.5,1AMILL,UBOWL_LO,APULV SEAL AIR UND BOWL DP < 5,,STATE,PULV SEAL AIR UND BOWL DP NOT<5,RTN,5,,,,!WP1001!WP1002!WP1003!WP1006!WP1007!WP1014!hist14!CP1004,1
2026-07-17 06:32:25.5,1AMILL,UBOWL_LO,APULV SEAL AIR UND BOWL DP < 5,,STATE,PULV SEAL AIR UND BOWL DP < 5,ALM,5,,,,!WP1001!WP1002!WP1003!WP1006!WP1007!WP1014!hist14!CP1004,1
2026-07-17 06:32:27.5,1AMILL,UBOWL_LO,APULV SEAL AIR UND BOWL DP < 5,,STATE,PULV SEAL AIR UND BOWL DP NOT<5,RTN,5,,,,!WP1001!WP1002!WP1003!WP1006!WP1007!WP1014!hist14!CP1004,1
2026-07-17 06:32:31.5,1AMILL,UBOWL_LO,APULV SEAL AIR UND BOWL DP < 5,,STATE,PULV SEAL AIR UND BOWL DP < 5,ALM,5,,,,!WP1001!WP1002!WP1003!WP1006!WP1007!WP1014!hist14!CP1004,1
2026-07-17 06:32:37.5,1SCRA_IDSAV,SLPDI5416A,A IDMPR SCR SA PSG TO FG DUCT DP,,LOABS,SCR A IN DMPR SEAL DP LOW (SERV),ALM,5,1.97949,2,INH2O,!hist14!CP1016,2
2026-07-17 06:32:50.5,1SCRA_IDSAV,SLPDI5416A,A IDMPR SCR SA PSG TO FG DUCT DP,,LOABS,SCR A IN DMPR SEAL DP LOW (SERV),RTN,5,2.21289,2,INH2O,!hist14!CP1016,2
2026-07-17 06:33:17.5,1AMILL,UBOWL_LO,APULV SEAL AIR UND BOWL DP < 5,,STATE,PULV SEAL AIR UND BOWL DP NOT<5,RTN,5,,,,!WP1001!WP1002!WP1003!WP1006!WP1007!WP1014!hist14!CP1004,1
2026-07-17 06:33:20.5,1AMILL,UBOWL_LO,APULV SEAL AIR UND BOWL DP < 5,,STATE,PULV SEAL AIR UND BOWL DP < 5,ALM,5,,,,!WP1001!WP1002!WP1003!WP1006!WP1007!WP1014!hist14!CP1004,1
2026-07-17 06:33:49.5,1AMILL,UBOWL_LO,APULV SEAL AIR UND BOWL DP < 5,,STATE,PULV SEAL AIR UND BOWL DP NOT<5,RTN,5,,,,!WP1001!WP1002!WP1003!WP1006!WP1007!WP1014!hist14!CP1004,1
2026-07-17 06:34:05.8,1AR17,ARFAH5672A,SAFETY EYE WASH     FLOW SWITCH,,STATE,509'' FGD SAFETY   EYEWASH ACTIVE,ALM,1,,,,!WP1001!WP1002!WP1003!WP1006!WP1007!WP1014!hist14!CP1017,1
2026-07-17 06:34:12.0,1SCRA_IDSAV,SLPDI5416A,A IDMPR SCR SA PSG TO FG DUCT DP,,LOABS,SCR A IN DMPR SEAL DP LOW (SERV),ALM,5,1.97188,2,INH2O,!hist14!CP1016,2
2026-07-17 06:34:12.3,1AR17,ARFAH5672A,SAFETY EYE WASH     FLOW SWITCH,,STATE,509''FGD SAFETY   EYEWASH NOT ACT,RTN,1,,,,!WP1001!WP1002!WP1003!WP1006!WP1007!WP1014!hist14!CP1017,1
2026-07-17 06:34:14.5,1AMILL,UBOWL_LO,APULV SEAL AIR UND BOWL DP < 5,,STATE,PULV SEAL AIR UND BOWL DP < 5,ALM,5,,,,!WP1001!WP1002!WP1003!WP1006!WP1007!WP1014!hist14!CP1004,1
2026-07-17 06:34:24.0,1SCRA_IDSAV,SLPDI5416A,A IDMPR SCR SA PSG TO FG DUCT DP,,LOABS,SCR A IN DMPR SEAL DP LOW (SERV),RTN,5,2.22129,2,INH2O,!hist14!CP1016,2
2026-07-17 06:34:40.5,1AMILL,UBOWL_LO,APULV SEAL AIR UND BOWL DP < 5,,STATE,PULV SEAL AIR UND BOWL DP NOT<5,RTN,5,,,,!WP1001!WP1002!WP1003!WP1006!WP1007!WP1014!hist14!CP1004,1
2026-07-17 06:34:42.5,1AMILL,UBOWL_LO,APULV SEAL AIR UND BOWL DP < 5,,STATE,PULV SEAL AIR UND BOWL DP < 5,ALM,5,,,,!WP1001!WP1002!WP1003!WP1006!WP1007!WP1014!hist14!CP1004,1
2026-07-17 06:35:04.5,1AMILL,UBOWL_LO,APULV SEAL AIR UND BOWL DP < 5,,STATE,PULV SEAL AIR UND BOWL DP NOT<5,RTN,5,,,,!WP1001!WP1002!WP1003!WP1006!WP1007!WP1014!hist14!CP1004,1
2026-07-17 06:35:45.5,1AMILL,UBOWL_LO,APULV SEAL AIR UND BOWL DP < 5,,STATE,PULV SEAL AIR UND BOWL DP < 5,ALM,5,,,,!WP1001!WP1002!WP1003!WP1006!WP1007!WP1014!hist14!CP1004,1
2026-07-17 06:35:54.5,1AMILL,UBOWL_LO,APULV SEAL AIR UND BOWL DP < 5,,STATE,PULV SEAL AIR UND BOWL DP NOT<5,RTN,5,,,,!WP1001!WP1002!WP1003!WP1006!WP1007!WP1014!hist14!CP1004,1
2026-07-17 06:36:02.5,1AMILL,UBOWL_LO,APULV SEAL AIR UND BOWL DP < 5,,STATE,PULV SEAL AIR UND BOWL DP < 5,ALM,5,,,,!WP1001!WP1002!WP1003!WP1006!WP1007!WP1014!hist14!CP1004,1
2026-07-17 06:36:12.5,1AMILL,UBOWL_LO,APULV SEAL AIR UND BOWL DP < 5,,STATE,PULV SEAL AIR UND BOWL DP NOT<5,RTN,5,,,,!WP1001!WP1002!WP1003!WP1006!WP1007!WP1014!hist14!CP1004,1
2026-07-17 06:36:14.5,1AMILL,UBOWL_LO,APULV SEAL AIR UND BOWL DP < 5,,STATE,PULV SEAL AIR UND BOWL DP < 5,ALM,5,,,,!WP1001!WP1002!WP1003!WP1006!WP1007!WP1014!hist14!CP1004,1
2026-07-17 06:36:31.5,1AMILL,UBOWL_LO,APULV SEAL AIR UND BOWL DP < 5,,STATE,PULV SEAL AIR UND BOWL DP NOT<5,RTN,5,,,,!WP1001!WP1002!WP1003!WP1006!WP1007!WP1014!hist14!CP1004,1
2026-07-17 06:36:32.5,1AMILL,UBOWL_LO,APULV SEAL AIR UND BOWL DP < 5,,STATE,PULV SEAL AIR UND BOWL DP < 5,ALM,5,,,,!WP1001!WP1002!WP1003!WP1006!WP1007!WP1014!hist14!CP1004,1
2026-07-17 06:36:44.3,1AR17,JAS_TIMER,JAS AUTO FLUSH TIMER,,PTARG,RESET FLUSH TIMER,ALM,5,28801,28800,SEC,!hist14!CP1017,2
2026-07-17 06:36:45.3,1AR17,JAS_TIMER,JAS AUTO FLUSH TIMER,,PTARG,RESET FLUSH TIMER,RTN,5,0,28800,SEC,!hist14!CP1017,2
2026-07-17 06:39:36.5,1SCRA_IDSAV,SLPDI5416A,A IDMPR SCR SA PSG TO FG DUCT DP,,LOABS,SCR A IN DMPR SEAL DP LOW (SERV),ALM,5,1.99355,2,INH2O,!hist14!CP1016,2
2026-07-17 06:40:04.5,1SCRA_IDSAV,SLPDI5416A,A IDMPR SCR SA PSG TO FG DUCT DP,,LOABS,SCR A IN DMPR SEAL DP LOW (SERV),RTN,5,2.21621,2,INH2O,!hist14!CP1016,2
2026-07-17 06:41:14.0,1SCRA_IDSAV,SLPDI5416A,A IDMPR SCR SA PSG TO FG DUCT DP,,LOABS,SCR A IN DMPR SEAL DP LOW (SERV),ALM,5,1.98203,2,INH2O,!hist14!CP1016,2
2026-07-17 06:41:18.0,1SCRA_IDSAV,SLPDI5416A,A IDMPR SCR SA PSG TO FG DUCT DP,,LOABS,SCR A IN DMPR SEAL DP LOW (SERV),RTN,5,2.21543,2,INH2O,!hist14!CP1016,2
2026-07-17 06:42:56.5,1SCRA_IDSAV,SLPDI5416A,A IDMPR SCR SA PSG TO FG DUCT DP,,LOABS,SCR A IN DMPR SEAL DP LOW (SERV),ALM,5,1.98828,2,INH2O,!hist14!CP1016,2
2026-07-17 06:43:17.0,1SCRA_IDSAV,SLPDI5416A,A IDMPR SCR SA PSG TO FG DUCT DP,,LOABS,SCR A IN DMPR SEAL DP LOW (SERV),RTN,5,2.20273,2,INH2O,!hist14!CP1016,2
2026-07-17 06:44:37.3,1MELIM,ZDS5504,WET/DRY INTFC VLV  DM DEV,,HIDEV,HIGH DEVIATION ALARM,RTN,3,54.4004,57.5,%,!hist14!CP1017,2
2026-07-17 06:45:36.2,1NW_ESP_SMP,NWAI6702B,PRECIP SUMP PMP B DSCH PH,,IOBAD,BAD CHANNEL,RTN,3,,,,!WP1002!WP1011!WP1001!hist14!CP1020,1
2026-07-17 06:45:41.2,1AB_FILTERB,ACXV5141BAL,VAC PRDCR B INLT  VLV,VACUUM PRODUC,STATE,OK,RTN,3,,,,!WP1002!WP1011!WP1001!hist14!CP1020,1
2026-07-17 06:45:47.0,1SCRA_IDSAV,SLPDI5416A,A IDMPR SCR SA PSG TO FG DUCT DP,,LOABS,SCR A IN DMPR SEAL DP LOW (SERV),ALM,5,1.99043,2,INH2O,!hist14!CP1016,2
2026-07-17 06:45:47.3,1BWCP_PURGE,OUTLET_TEMP,BWCP PURGE COOLER OUTLET TEMP,,HIABS,,RTN,2,101.969,105,DEGF,!WP1001!WP1002!WP1003!WP1006!WP1007!WP1014!hist14!CP1005,1
2026-07-17 06:45:54.5,1SCRA_IDSAV,SLPDI5416A,A IDMPR SCR SA PSG TO FG DUCT DP,,LOABS,SCR A IN DMPR SEAL DP LOW (SERV),RTN,5,2.20156,2,INH2O,!hist14!CP1016,2
2026-07-17 06:46:08.3,1MELIM,ZDS5504,WET/DRY INTFC VLV  DM DEV,,HIDEV,HIGH DEVIATION ALARM,ALM,3,98.8555,5,%,!hist14!CP1017,2
2026-07-17 06:46:11.5,1SCRA_IDSAV,SLPDI5416A,A IDMPR SCR SA PSG TO FG DUCT DP,,LOABS,SCR A IN DMPR SEAL DP LOW (SERV),ALM,5,1.98301,2,INH2O,!hist14!CP1016,2
2026-07-17 06:46:16.5,1SCRA_IDSAV,SLPDI5416A,A IDMPR SCR SA PSG TO FG DUCT DP,,LOABS,SCR A IN DMPR SEAL DP LOW (SERV),RTN,5,2.20469,2,INH2O,!hist14!CP1016,2
2026-07-17 06:49:53.8,1MELIM,SEQ3_ALMS,MIST ELIM VALVE FAIL ALARMS,ARXV5622J,STA_3,ARXV5622J FAILURE,ALM,1,535.203,0,,!WP1001!WP1002!WP1003!WP1006!WP1007!WP1014!hist14!CP1017,1
2026-07-17 06:50:38.8,1MELIM,SEQ3_ALMS,MIST ELIM VALVE FAIL ALARMS,ARXV5622J,STA_3,VLV FAILURE CLEAR,RTN,1,535.203,0,,!WP1001!WP1002!WP1003!WP1006!WP1007!WP1014!hist14!CP1017,1
2026-07-17 06:51:43.2,1STM_GSM_ALM,STM_ALM2,MARK VIE STEAM SEAL ALARM,,STA_5,STM SEAL DIV VLV TO CNDR ALM,ALM,3,0,0,,!WP1001!WP1002!WP1003!WP1006!WP1007!WP1014!hist14!CP1011,1
2026-07-17 06:52:45.5,1SCRA_IDSAV,SLPDI5416A,A IDMPR SCR SA PSG TO FG DUCT DP,,LOABS,SCR A IN DMPR SEAL DP LOW (SERV),ALM,5,1.9918,2,INH2O,!hist14!CP1016,2
2026-07-17 06:52:51.0,1SCRA_IDSAV,SLPDI5416A,A IDMPR SCR SA PSG TO FG DUCT DP,,LOABS,SCR A IN DMPR SEAL DP LOW (SERV),RTN,5,2.25801,2,INH2O,!hist14!CP1016,2
2026-07-17 06:53:20.7,1NW_ESP_SMP,NWAI6702B,PRECIP SUMP PMP B DSCH PH,,IOBAD,BAD CHANNEL,ALM,3,,,,!WP1002!WP1011!WP1001!hist14!CP1020,1
2026-07-17 06:54:02.8,1MISC,B143,AUX ATM VLV DEV ALM,,STATE,NORMAL,RTN,5,,,,!WP1001!WP1002!WP1003!WP1006!WP1007!WP1014!hist14!CP1002,1
2026-07-17 06:59:37.3,1MELIM,ZDS5504,WET/DRY INTFC VLV  DM DEV,,HIDEV,HIGH DEVIATION ALARM,RTN,3,54.5059,57.5,%,!hist14!CP1017,2
2026-07-17 06:59:37.8,1AR_LS,DEV_5803,LS SYS B,,STATE,VALVE 5803 DEVIATION,ALM,3,,,,!WP1001!WP1002!WP1003!WP1006!WP1007!WP1014!hist14!CP1017,1
2026-07-17 07:00:18.8,1AR_LS,DEV_5803,LS SYS B,,STATE,,RTN,3,,,,!WP1001!WP1002!WP1003!WP1006!WP1007!WP1014!hist14!CP1017,1
2026-07-17 07:00:20.5,1SCRA_IDSAV,SLPDI5416A,A IDMPR SCR SA PSG TO FG DUCT DP,,LOABS,SCR A IN DMPR SEAL DP LOW (SERV),ALM,5,1.98633,2,INH2O,!hist14!CP1016,2
2026-07-17 07:00:29.5,1SCRA_IDSAV,SLPDI5416A,A IDMPR SCR SA PSG TO FG DUCT DP,,LOABS,SCR A IN DMPR SEAL DP LOW (SERV),RTN,5,2.22246,2,INH2O,!hist14!CP1016,2
2026-07-17 07:01:08.3,1MELIM,ZDS5504,WET/DRY INTFC VLV  DM DEV,,HIDEV,HIGH DEVIATION ALARM,ALM,3,98.6934,5,%,!hist14!CP1017,2
2026-07-17 07:02:07.0,1SCRA_IDSAV,SLPDI5416A,A IDMPR SCR SA PSG TO FG DUCT DP,,LOABS,SCR A IN DMPR SEAL DP LOW (SERV),ALM,5,1.99863,2,INH2O,!hist14!CP1016,2
2026-07-17 07:02:13.0,1SCRA_IDSAV,SLPDI5416A,A IDMPR SCR SA PSG TO FG DUCT DP,,LOABS,SCR A IN DMPR SEAL DP LOW (SERV),RTN,5,2.20332,2,INH2O,!hist14!CP1016,2
2026-07-17 07:03:21.4,ASH_DCS,PLC_TRB,ASH PLC TROUBLE ALARM,ASH PLC,STATE,TROUBLE ALARM,ALM,3,,,,!WP1002!WP1006!WP1007!WP1001!WP1003!WP1014!hist14!CP1006,1
2026-07-17 07:03:28.7,1STM_GSM_ALM,STM_ALM2,MARK VIE STEAM SEAL ALARM,,STA_5,STM SEAL DIV VLV TO CNDR OK,RTN,3,0,0,,!WP1001!WP1002!WP1003!WP1006!WP1007!WP1014!hist14!CP1011,1
2026-07-17 07:04:39.0,ASH_DCS,PLC_TRB,ASH PLC TROUBLE ALARM,ASH PLC,STATE,NORMAL,RTN,3,,,,!WP1002!WP1006!WP1007!WP1001!WP1003!WP1014!hist14!CP1006,1
2026-07-17 07:05:27.5,1BCS_7,IKTE3751,REHEAT TEMP RIGHT (REDUNDANT),,HIABS,HIGH,ALM,1,1012.21,1012.18,DEG.F,!WP1002!WP1006!WP1007!WP1001!WP1003!WP1014!hist14!CP1007,1
2026-07-17 07:07:11.8,1MISC,B143,AUX ATM VLV DEV ALM,,STATE,DEVIATION,ALM,5,,,,!WP1001!WP1002!WP1003!WP1006!WP1007!WP1014!hist14!CP1002,1
2026-07-17 07:07:55.5,1BCS_7,IKTE3751,REHEAT TEMP RIGHT (REDUNDANT),,HIABS,HIGH,RTN,1,1007.15,1012.18,DEG.F,!WP1002!WP1006!WP1007!WP1001!WP1003!WP1014!hist14!CP1007,1
2026-07-17 07:09:08.7,1STM_GSM_ALM,STM_ALM2,MARK VIE STEAM SEAL ALARM,,STA_5,STM SEAL DIV VLV TO CNDR ALM,ALM,3,0,0,,!WP1001!WP1002!WP1003!WP1006!WP1007!WP1014!hist14!CP1011,1
2026-07-17 07:10:36.0,ASH_DCS,PLC_TRB,ASH PLC TROUBLE ALARM,ASH PLC,STATE,TROUBLE ALARM,ALM,3,,,,!WP1002!WP1006!WP1007!WP1001!WP1003!WP1014!hist14!CP1006,1
2026-07-17 07:11:35.8,1SBRS,B13,R.H. SOOT BLOWING REG FBK,,HIABS,R.H. SOOTBLOWER FB @ 90%,ALM,5,90.334,90,PCT,!WP1002!WP1006!WP1007!WP1001!WP1003!WP1014!hist14!CP1009,1
2026-07-17 07:14:31.4,1DAS10,IACE3001,COND MAKE-UP      CATION CNDCT,,HIABS,HIGH,ALM,1,0.300078,0.3,US/CM,!WP1002!WP1006!WP1007!WP1001!WP1003!WP1014!hist14!CP1008,1
2026-07-17 07:14:36.3,1MELIM,ZDS5504,WET/DRY INTFC VLV  DM DEV,,HIDEV,HIGH DEVIATION ALARM,RTN,3,54.377,57.5,%,!hist14!CP1017,2
2026-07-17 07:14:39.3,1SBRS,B13,R.H. SOOT BLOWING REG FBK,,HIABS,R.H. SOOTBLOWER FB @ 90%,RTN,5,83.3184,90,PCT,!WP1002!WP1006!WP1007!WP1001!WP1003!WP1014!hist14!CP1009,1
2026-07-17 07:15:20.0,PAC_PLC,ACI_FDR_A_TR,ACI FDR A AC-WIC-5007 TRBLE ALM,,CHANGE,PAC FEEDER A TROUBLE,ALM,1,,,,!WP1001!WP1002!WP1003!WP1006!WP1007!WP1014!hist14!CP1003,1
2026-07-17 07:15:39.0,PAC_PLC,ACI_FDR_A_TR,ACI FDR A AC-WIC-5007 TRBLE ALM,,CHANGE,PAC FEEDER A TROUBLE,ALM,1,,,,!WP1001!WP1002!WP1003!WP1006!WP1007!WP1014!hist14!CP1003,1
2026-07-17 07:15:40.0,PAC_PLC,ACI_FDR_A_TR,ACI FDR A AC-WIC-5007 TRBLE ALM,,CHANGE,PAC FEEDER A TROUBLE,ALM,1,,,,!WP1001!WP1002!WP1003!WP1006!WP1007!WP1014!hist14!CP1003,1
2026-07-17 07:15:41.3,1MELIM,SEQ4_ALMS,MIST ELIM VALVE FAIL ALARMS,ARXV5621E,STA_1,ARXV5621E FAILURE,ALM,1,98.5391,0,,!WP1001!WP1002!WP1003!WP1006!WP1007!WP1014!hist14!CP1017,1
2026-07-17 07:15:42.0,PAC_PLC,ACI_FDR_A_TR,ACI FDR A AC-WIC-5007 TRBLE ALM,,CHANGE,PAC FEEDER A TROUBLE,ALM,1,,,,!WP1001!WP1002!WP1003!WP1006!WP1007!WP1014!hist14!CP1003,1
2026-07-17 07:15:48.0,PAC_PLC,ACI_FDR_A_TR,ACI FDR A AC-WIC-5007 TRBLE ALM,,CHANGE,PAC FEEDER A TROUBLE,ALM,1,,,,!WP1001!WP1002!WP1003!WP1006!WP1007!WP1014!hist14!CP1003,1
2026-07-17 07:15:49.0,PAC_PLC,ACI_FDR_A_TR,ACI FDR A AC-WIC-5007 TRBLE ALM,,CHANGE,PAC FEEDER A TROUBLE,ALM,1,,,,!WP1001!WP1002!WP1003!WP1006!WP1007!WP1014!hist14!CP1003,1
2026-07-17 07:15:50.0,PAC_PLC,ACI_FDR_A_TR,ACI FDR A AC-WIC-5007 TRBLE ALM,,CHANGE,PAC FEEDER A TROUBLE,ALM,1,,,,!WP1001!WP1002!WP1003!WP1006!WP1007!WP1014!hist14!CP1003,1
2026-07-17 07:15:55.5,PAC_PLC,ACI_FDR_A_TR,ACI FDR A AC-WIC-5007 TRBLE ALM,,CHANGE,PAC FEEDER A TROUBLE,ALM,1,,,,!WP1001!WP1002!WP1003!WP1006!WP1007!WP1014!hist14!CP1003,1
2026-07-17 07:16:07.3,1MELIM,ZDS5504,WET/DRY INTFC VLV  DM DEV,,HIDEV,HIGH DEVIATION ALARM,ALM,3,98.5391,5,%,!hist14!CP1017,2
2026-07-17 07:16:26.3,1MELIM,SEQ4_ALMS,MIST ELIM VALVE FAIL ALARMS,ARXV5621E,STA_1,VLV FAILURE CLEAR,RTN,1,98.5391,0,,!WP1001!WP1002!WP1003!WP1006!WP1007!WP1014!hist14!CP1017,1
2026-07-17 07:18:03.3,1MELIM,ME_FLOW,MIST ELIMINATOR WASH FLOW,,STATE,ME WASH LOW FLOW,ALM,3,,,,!hist14!CP1017,2
2026-07-17 07:18:33.8,1MELIM,ME_FLOW,MIST ELIMINATOR WASH FLOW,,STATE,ME WASH FLOW OK,RTN,3,,,,!hist14!CP1017,2
2026-07-17 07:18:51.0,1DAS10,IACE3001,COND MAKE-UP      CATION CNDCT,,HIABS,HIGH,RTN,1,0.27998,0.3,US/CM,!WP1002!WP1006!WP1007!WP1001!WP1003!WP1014!hist14!CP1008,1
2026-07-17 07:22:07.4,1DAS11,IACE3071,ECON FW CC HI CALL LAB ASAP,,HIABS,COND PUMP DIS CC HI.CALL LAB,ALM,1,0.200312,0.2,US/CM,!WP1002!WP1006!WP1007!WP1001!WP1003!WP1014!hist14!CP1008,1
2026-07-17 07:24:03.3,1MELIM,SEQ4_ALMS,MIST ELIM VALVE FAIL ALARMS,ARXV5621J,STA_5,ARXV5621J FAILURE,ALM,1,572.344,0,,!WP1001!WP1002!WP1003!WP1006!WP1007!WP1014!hist14!CP1017,1
2026-07-17 07:24:48.3,1MELIM,SEQ4_ALMS,MIST ELIM VALVE FAIL ALARMS,ARXV5621J,STA_5,VLV FAILURE CLEAR,RTN,1,572.344,0,,!WP1001!WP1002!WP1003!WP1006!WP1007!WP1014!hist14!CP1017,1
2026-07-17 07:29:36.3,1MELIM,ZDS5504,WET/DRY INTFC VLV  DM DEV,,HIDEV,HIGH DEVIATION ALARM,RTN,3,54.2637,57.5,%,!hist14!CP1017,2
2026-07-17 07:31:07.3,1MELIM,ZDS5504,WET/DRY INTFC VLV  DM DEV,,HIDEV,HIGH DEVIATION ALARM,ALM,3,98.8809,5,%,!hist14!CP1017,2
2026-07-17 07:32:24.0,1SCR_B_PRESS,FGPDI5228B,SCR B CAT LAYER 4 DP,1SR114 PNT 4,HHABS,HI HI DP,ALM,1,1.70118,1.7,INH2O,!WP1001!WP1002!WP1003!WP1006!WP1007!WP1014!hist14!CP1016,1
2026-07-17 07:36:53.8,1AB_SURGEA,FCVA153AL,LINE A TO SILO    B,TRANSPORT LIN,STATE,FAIL,ALM,3,,,,!WP1002!WP1011!WP1001!hist14!CP1020,1
2026-07-17 07:36:56.3,1AB_SURGEA,FCVA153AL,LINE A TO SILO    B,TRANSPORT LIN,STATE,OK,RTN,3,,,,!WP1002!WP1011!WP1001!hist14!CP1020,1
2026-07-17 07:44:36.3,1MELIM,ZDS5504,WET/DRY INTFC VLV  DM DEV,,HIDEV,HIGH DEVIATION ALARM,RTN,3,54.2578,57.5,%,!hist14!CP1017,2
2026-07-17 07:46:07.3,1MELIM,ZDS5504,WET/DRY INTFC VLV  DM DEV,,HIDEV,HIGH DEVIATION ALARM,ALM,3,98.7246,5,%,!hist14!CP1017,2
2026-07-17 07:47:10.4,1DAS11,IACE3071,ECON FW CC HI CALL LAB ASAP,,HIABS,COND PUMP DIS CC HI.CALL LAB,RTN,1,0.179902,0.2,US/CM,!WP1002!WP1006!WP1007!WP1001!WP1003!WP1014!hist14!CP1008,1
2026-07-17 07:49:49.3,1MISC,B10,COOLING TOWER LEVEL CONTROL,,LOOUT,,ALM,5,0,0.001,%,!WP1001!WP1002!WP1003!WP1006!WP1007!WP1014!hist14!CP1002,1
2026-07-17 07:49:57.0,1SCR_B_PRESS,FGPDI5228B,SCR B CAT LAYER 4 DP,1SR114 PNT 4,HHABS,HI HI DP,RTN,1,1.19863,1.7,INH2O,!WP1001!WP1002!WP1003!WP1006!WP1007!WP1014!hist14!CP1016,1
2026-07-17 07:52:04.3,1AB_FILTERB,ACXV5141BAL,VAC PRDCR B INLT  VLV,VACUUM PRODUC,STATE,FAIL,ALM,3,,,,!WP1002!WP1011!WP1001!hist14!CP1020,1
2026-07-17 07:54:16.3,1MELIM,ZDS5504,WET/DRY INTFC VLV  DM DEV,,HIDEV,HIGH DEVIATION ALARM,RTN,3,54.2246,57.5,%,!hist14!CP1017,2
2026-07-17 07:55:47.3,1MELIM,ZDS5504,WET/DRY INTFC VLV  DM DEV,,HIDEV,HIGH DEVIATION ALARM,ALM,3,98.623,5,%,!hist14!CP1017,2
2026-07-17 07:57:47.6,1SCRA_IDSAV,SLPDI5416A,A IDMPR SCR SA PSG TO FG DUCT DP,,LOABS,SCR A IN DMPR SEAL DP LOW (SERV),ALM,5,1.9752,2,INH2O,!hist14!CP1016,2
2026-07-17 07:57:51.6,1SCRA_IDSAV,SLPDI5416A,A IDMPR SCR SA PSG TO FG DUCT DP,,LOABS,SCR A IN DMPR SEAL DP LOW (SERV),RTN,5,2.20996,2,INH2O,!hist14!CP1016,2
2026-07-17 07:59:38.9,1AR_LS,DEV_5803,LS SYS B,,STATE,VALVE 5803 DEVIATION,ALM,3,,,,!WP1001!WP1002!WP1003!WP1006!WP1007!WP1014!hist14!CP1017,1
2026-07-17 08:00:34.4,1AR_LS,DEV_5803,LS SYS B,,STATE,,RTN,3,,,,!WP1001!WP1002!WP1003!WP1006!WP1007!WP1014!hist14!CP1017,1
2026-07-17 08:05:42.1,1SCR_B_PRESS,FGPDI5228B,SCR B CAT LAYER 4 DP,1SR114 PNT 4,HHABS,HI HI DP,ALM,1,1.70035,1.7,INH2O,!WP1001!WP1002!WP1003!WP1006!WP1007!WP1014!hist14!CP1016,1
2026-07-17 08:05:48.1,1MELIM,SEQ1_ALMS,MIST ELIM VALVE FAIL ALARMS,ARXV5631F,STA_6,ARXV5631F FAILURE,ALM,1,788.609,0,,!WP1001!WP1002!WP1003!WP1006!WP1007!WP1014!hist14!CP1017,1
2026-07-17 08:06:35.4,1MELIM,SEQ1_ALMS,MIST ELIM VALVE FAIL ALARMS,ARXV5631F,STA_6,VLV FAILURE CLEAR,RTN,1,782.688,0,,!WP1001!WP1002!WP1003!WP1006!WP1007!WP1014!hist14!CP1017,1
2026-07-17 08:07:51.8,1SBRS,B13,R.H. SOOT BLOWING REG FBK,,HIABS,R.H. SOOTBLOWER FB @ 90%,ALM,5,90.207,90,PCT,!WP1002!WP1006!WP1007!WP1001!WP1003!WP1014!hist14!CP1009,1
2026-07-17 08:09:17.4,1MELIM,ZDS5504,WET/DRY INTFC VLV  DM DEV,,HIDEV,HIGH DEVIATION ALARM,RTN,3,54.2363,57.5,%,!hist14!CP1017,2
2026-07-17 08:09:54.5,PAC_PLC,ACI_FDR_A_TR,ACI FDR A AC-WIC-5007 TRBLE ALM,,CHANGE,PAC FEEDER A TROUBLE,ALM,1,,,,!WP1001!WP1002!WP1003!WP1006!WP1007!WP1014!hist14!CP1003,1
2026-07-17 08:10:09.5,PAC_PLC,ACI_FDR_A_TR,ACI FDR A AC-WIC-5007 TRBLE ALM,,CHANGE,PAC FEEDER A TROUBLE,ALM,1,,,,!WP1001!WP1002!WP1003!WP1006!WP1007!WP1014!hist14!CP1003,1
2026-07-17 08:10:16.1,1SCR_B_PRESS,FGPDI5228B,SCR B CAT LAYER 4 DP,1SR114 PNT 4,HHABS,HI HI DP,RTN,1,1.19992,1.7,INH2O,!WP1001!WP1002!WP1003!WP1006!WP1007!WP1014!hist14!CP1016,1
2026-07-17 08:10:17.4,1MELIM,ME_FLOW,MIST ELIMINATOR WASH FLOW,,STATE,ME WASH LOW FLOW,ALM,3,,,,!hist14!CP1017,2
2026-07-17 08:10:46.3,1SBRS,B13,R.H. SOOT BLOWING REG FBK,,HIABS,R.H. SOOTBLOWER FB @ 90%,RTN,5,84.5195,90,PCT,!WP1002!WP1006!WP1007!WP1001!WP1003!WP1014!hist14!CP1009,1
2026-07-17 08:10:47.4,1MELIM,ME_FLOW,MIST ELIMINATOR WASH FLOW,,STATE,ME WASH FLOW OK,RTN,3,,,,!hist14!CP1017,2
2026-07-17 08:10:48.4,1MELIM,ZDS5504,WET/DRY INTFC VLV  DM DEV,,HIDEV,HIGH DEVIATION ALARM,ALM,3,98.5117,5,%,!hist14!CP1017,2
2026-07-17 08:16:46.6,1SCR_B_PRESS,FGPDI5228B,SCR B CAT LAYER 4 DP,1SR114 PNT 4,HHABS,HI HI DP,ALM,1,1.70154,1.7,INH2O,!WP1001!WP1002!WP1003!WP1006!WP1007!WP1014!hist14!CP1016,1
2026-07-17 08:17:34.0,1DAS11,IACE3071,ECON FW CC HI CALL LAB ASAP,,HIABS,COND PUMP DIS CC HI.CALL LAB,ALM,1,0.200469,0.2,US/CM,!WP1002!WP1006!WP1007!WP1001!WP1003!WP1014!hist14!CP1008,1
2026-07-17 08:18:22.4,1DAS11,IAAH3281,COND PUMP DISCH   SILICA,1233,HIABS,HIGH,ALM,1,11.2227,10,ppb,!WP1002!WP1006!WP1007!WP1001!WP1003!WP1014!hist14!CP1008,1
2026-07-17 08:22:37.4,1DAS11,IACE3071,ECON FW CC HI CALL LAB ASAP,,HIABS,COND PUMP DIS CC HI.CALL LAB,RTN,1,0.179941,0.2,US/CM,!WP1002!WP1006!WP1007!WP1001!WP1003!WP1014!hist14!CP1008,1
2026-07-17 08:23:06.3,1MISC,B10,COOLING TOWER LEVEL CONTROL,,LOOUT,,RTN,5,3.00158,0.001,%,!WP1001!WP1002!WP1003!WP1006!WP1007!WP1014!hist14!CP1002,1
2026-07-17 08:23:46.1,1SCRA_IDSAV,SLPDI5416A,A IDMPR SCR SA PSG TO FG DUCT DP,,LOABS,SCR A IN DMPR SEAL DP LOW (SERV),ALM,5,1.98359,2,INH2O,!hist14!CP1016,2
2026-07-17 08:23:50.6,1SCRA_IDSAV,SLPDI5416A,A IDMPR SCR SA PSG TO FG DUCT DP,,LOABS,SCR A IN DMPR SEAL DP LOW (SERV),RTN,5,2.21172,2,INH2O,!hist14!CP1016,2
2026-07-17 08:24:17.4,1MELIM,ZDS5504,WET/DRY INTFC VLV  DM DEV,,HIDEV,HIGH DEVIATION ALARM,RTN,3,54.1328,57.5,%,!hist14!CP1017,2
2026-07-17 08:24:41.5,1BCS_7,IKTE3751,REHEAT TEMP RIGHT (REDUNDANT),,HIABS,HIGH,ALM,1,1012.21,1012.18,DEG.F,!WP1002!WP1006!WP1007!WP1001!WP1003!WP1014!hist14!CP1007,1
2026-07-17 08:25:03.0,1BCS_7,IKTE3451,REHEAT TEMP RIGHT (NORM),,HIABS,HIGH,ALM,1,1012.26,1012.18,DEG.F,!WP1002!WP1006!WP1007!WP1001!WP1003!WP1014!hist14!CP1007,1
2026-07-17 08:25:48.4,1MELIM,ZDS5504,WET/DRY INTFC VLV  DM DEV,,HIDEV,HIGH DEVIATION ALARM,ALM,3,98.5566,5,%,!hist14!CP1017,2
2026-07-17 08:27:07.5,IDFAN_PEEC,OPCY_ALM,PRECIP OUT > 50%,PRECIP OUTLET,STATE,ALARM,ALM,3,,,,!WP1001!WP1002!WP1003!WP1006!WP1007!WP1014!hist14!CP1003,1
2026-07-17 08:27:11.0,IDFAN_PEEC,OPCY_ALM,PRECIP OUT > 50%,PRECIP OUTLET,STATE,NORMAL,RTN,3,,,,!WP1001!WP1002!WP1003!WP1006!WP1007!WP1014!hist14!CP1003,1
2026-07-17 08:27:44.0,1MELIM,ME_FLOW,MIST ELIMINATOR WASH FLOW,,STATE,ME WASH LOW FLOW,ALM,3,,,,!hist14!CP1017,2
2026-07-17 08:28:14.4,1MELIM,ME_FLOW,MIST ELIMINATOR WASH FLOW,,STATE,ME WASH FLOW OK,RTN,3,,,,!hist14!CP1017,2
2026-07-17 08:28:17.4,1DAS11,IAAH3281,COND PUMP DISCH   SILICA,1233,HIABS,HIGH,RTN,1,7.61523,10,ppb,!WP1002!WP1006!WP1007!WP1001!WP1003!WP1014!hist14!CP1008,1
2026-07-17 08:28:44.6,1SCRA_IDSAV,SLPDI5416A,A IDMPR SCR SA PSG TO FG DUCT DP,,LOABS,SCR A IN DMPR SEAL DP LOW (SERV),ALM,5,1.99512,2,INH2O,!hist14!CP1016,2
2026-07-17 08:28:55.6,1SCRA_IDSAV,SLPDI5416A,A IDMPR SCR SA PSG TO FG DUCT DP,,LOABS,SCR A IN DMPR SEAL DP LOW (SERV),RTN,5,2.21367,2,INH2O,!hist14!CP1016,2
2026-07-17 08:29:11.1,1SCR_B_PRESS,FGPDI5228B,SCR B CAT LAYER 4 DP,1SR114 PNT 4,HHABS,HI HI DP,RTN,1,1.19732,1.7,INH2O,!WP1001!WP1002!WP1003!WP1006!WP1007!WP1014!hist14!CP1016,1
2026-07-17 08:29:12.6,1SCRA_IDSAV,SLPDI5416A,A IDMPR SCR SA PSG TO FG DUCT DP,,LOABS,SCR A IN DMPR SEAL DP LOW (SERV),ALM,5,1.94727,2,INH2O,!hist14!CP1016,2
2026-07-17 08:29:18.6,1SCRA_IDSAV,SLPDI5416A,A IDMPR SCR SA PSG TO FG DUCT DP,,LOABS,SCR A IN DMPR SEAL DP LOW (SERV),RTN,5,2.20098,2,INH2O,!hist14!CP1016,2
2026-07-17 08:29:44.0,1BCS_7,IKTE3451,REHEAT TEMP RIGHT (NORM),,HIABS,HIGH,RTN,1,1007.16,1012.18,DEG.F,!WP1002!WP1006!WP1007!WP1001!WP1003!WP1014!hist14!CP1007,1
2026-07-17 08:30:04.7,1STM_GSM_ALM,STM_ALM2,MARK VIE STEAM SEAL ALARM,,STA_5,STM SEAL DIV VLV TO CNDR OK,RTN,3,0,0,,!WP1001!WP1002!WP1003!WP1006!WP1007!WP1014!hist14!CP1011,1
2026-07-17 08:30:42.5,1BCS_7,IKTE3751,REHEAT TEMP RIGHT (REDUNDANT),,HIABS,HIGH,RTN,1,1007.16,1012.18,DEG.F,!WP1002!WP1006!WP1007!WP1001!WP1003!WP1014!hist14!CP1007,1
2026-07-17 08:30:46.6,1SCRA_IDSAV,SLPDI5416A,A IDMPR SCR SA PSG TO FG DUCT DP,,LOABS,SCR A IN DMPR SEAL DP LOW (SERV),ALM,5,1.97656,2,INH2O,!hist14!CP1016,2
2026-07-17 08:30:50.1,1SCRA_IDSAV,SLPDI5416A,A IDMPR SCR SA PSG TO FG DUCT DP,,LOABS,SCR A IN DMPR SEAL DP LOW (SERV),RTN,5,2.21406,2,INH2O,!hist14!CP1016,2
2026-07-17 08:33:37.8,1AB_PYRITE,ABMO5173AAL1,SLUICE PMP A,,STA_4,DISCHARGE PRESS >= 50 PSIG,RTN,1,300.367,0,,!WP1002!WP1011!WP1001!hist14!CP1020,1
2026-07-17 08:33:37.8,1AB_PYRITE,ABMO5173AII,PYRITES SLC PMP A MOTOR CURRENT,,IOBAD,BAD CHANNEL,ALM,3,,,,!WP1002!WP1011!WP1001!hist14!CP1020,1
2026-07-17 08:33:37.3,1AB_PYRITE,ABMO5173AII,PYRITES SLC PMP A MOTOR CURRENT,,HIABS,HI,ALM,3,300.367,215,AMPS,!WP1002!WP1011!WP1001!hist14!CP1020,1
2026-07-17 08:33:37.3,1AB_PYRITE,ABMO5173AII,PYRITES SLC PMP A MOTOR CURRENT,,HHABS,HIHI,ALM,3,300.367,230,AMPS,!WP1002!WP1011!WP1001!hist14!CP1020,1
2026-07-17 08:33:38.3,1AB_PYRITE,ABMO5173AII,PYRITES SLC PMP A MOTOR CURRENT,,IOBAD,BAD CHANNEL,RTN,3,,,,!WP1002!WP1011!WP1001!hist14!CP1020,1
2026-07-17 08:33:38.8,1AB_PYRITE,ABMO5173AII,PYRITES SLC PMP A MOTOR CURRENT,,HIABS,HI,RTN,3,84.5781,215,AMPS,!WP1002!WP1011!WP1001!hist14!CP1020,1
2026-07-17 08:33:38.8,1AB_PYRITE,ABMO5173AII,PYRITES SLC PMP A MOTOR CURRENT,,HHABS,HIHI,RTN,3,84.5781,230,AMPS,!WP1002!WP1011!WP1001!hist14!CP1020,1
2026-07-17 08:33:42.8,1AB_PYRITE,ABMO5173AAL1,SLUICE PMP A,,STA_4,DISCHARGE PRESS < 50 PSIG,ALM,1,84.5781,0,,!WP1002!WP1011!WP1001!hist14!CP1020,1
2026-07-17 08:34:40.6,1SCRA_IDSAV,SLPDI5416A,A IDMPR SCR SA PSG TO FG DUCT DP,,LOABS,SCR A IN DMPR SEAL DP LOW (SERV),ALM,5,1.99707,2,INH2O,!hist14!CP1016,2
2026-07-17 08:34:49.1,1SCRA_IDSAV,SLPDI5416A,A IDMPR SCR SA PSG TO FG DUCT DP,,LOABS,SCR A IN DMPR SEAL DP LOW (SERV),RTN,5,2.22305,2,INH2O,!hist14!CP1016,2
2026-07-17 08:35:25.1,1SCRA_IDSAV,SLPDI5416A,A IDMPR SCR SA PSG TO FG DUCT DP,,LOABS,SCR A IN DMPR SEAL DP LOW (SERV),ALM,5,1.98594,2,INH2O,!hist14!CP1016,2
2026-07-17 08:35:31.1,1SCRA_IDSAV,SLPDI5416A,A IDMPR SCR SA PSG TO FG DUCT DP,,LOABS,SCR A IN DMPR SEAL DP LOW (SERV),RTN,5,2.2252,2,INH2O,!hist14!CP1016,2
2026-07-17 08:35:39.6,1SCRA_IDSAV,SLPDI5416A,A IDMPR SCR SA PSG TO FG DUCT DP,,LOABS,SCR A IN DMPR SEAL DP LOW (SERV),ALM,5,1.99883,2,INH2O,!hist14!CP1016,2
2026-07-17 08:35:45.6,1SCRA_IDSAV,SLPDI5416A,A IDMPR SCR SA PSG TO FG DUCT DP,,LOABS,SCR A IN DMPR SEAL DP LOW (SERV),RTN,5,2.22383,2,INH2O,!hist14!CP1016,2
2026-07-17 08:35:55.6,1SCRA_IDSAV,SLPDI5416A,A IDMPR SCR SA PSG TO FG DUCT DP,,LOABS,SCR A IN DMPR SEAL DP LOW (SERV),ALM,5,1.99141,2,INH2O,!hist14!CP1016,2
2026-07-17 08:36:19.6,1SCRA_IDSAV,SLPDI5416A,A IDMPR SCR SA PSG TO FG DUCT DP,,LOABS,SCR A IN DMPR SEAL DP LOW (SERV),RTN,5,2.20723,2,INH2O,!hist14!CP1016,2
2026-07-17 08:36:48.1,1SCRA_IDSAV,SLPDI5416A,A IDMPR SCR SA PSG TO FG DUCT DP,,LOABS,SCR A IN DMPR SEAL DP LOW (SERV),ALM,5,1.99648,2,INH2O,!hist14!CP1016,2
2026-07-17 08:37:01.1,1SCRA_IDSAV,SLPDI5416A,A IDMPR SCR SA PSG TO FG DUCT DP,,LOABS,SCR A IN DMPR SEAL DP LOW (SERV),RTN,5,2.20234,2,INH2O,!hist14!CP1016,2
2026-07-17 08:37:02.5,IDFAN_PEEC,OPCY_ALM,PRECIP OUT > 50%,PRECIP OUTLET,STATE,ALARM,ALM,3,,,,!WP1001!WP1002!WP1003!WP1006!WP1007!WP1014!hist14!CP1003,1
2026-07-17 08:37:05.9,1TC,B21,DROOP ACTIVE,DROOP,STATE,ACTIVE,ALM,5,,,,!hist14!CP1001,2
2026-07-17 08:37:10.5,IDFAN_PEEC,OPCY_ALM,PRECIP OUT > 50%,PRECIP OUTLET,STATE,NORMAL,RTN,3,,,,!WP1001!WP1002!WP1003!WP1006!WP1007!WP1014!hist14!CP1003,1
2026-07-17 08:37:47.6,1SCRA_IDSAV,SLPDI5416A,A IDMPR SCR SA PSG TO FG DUCT DP,,LOABS,SCR A IN DMPR SEAL DP LOW (SERV),ALM,5,1.99121,2,INH2O,!hist14!CP1016,2
2026-07-17 08:37:59.6,1SCRA_IDSAV,SLPDI5416A,A IDMPR SCR SA PSG TO FG DUCT DP,,LOABS,SCR A IN DMPR SEAL DP LOW (SERV),RTN,5,2.21563,2,INH2O,!hist14!CP1016,2
2026-07-17 08:38:02.4,1TC,B21,DROOP ACTIVE,DROOP,STATE,NORMAL,RTN,5,,,,!hist14!CP1001,2
2026-07-17 08:38:11.1,1SCRA_IDSAV,SLPDI5416A,A IDMPR SCR SA PSG TO FG DUCT DP,,LOABS,SCR A IN DMPR SEAL DP LOW (SERV),ALM,5,1.98887,2,INH2O,!hist14!CP1016,2
2026-07-17 08:38:44.5,1BCS_7,IKTE3741,REHEAT TEMP LEFT (REDUNDANT),,HIABS,HIGH,ALM,1,1012.21,1012.18,DEG.F,!WP1002!WP1006!WP1007!WP1001!WP1003!WP1014!hist14!CP1007,1
2026-07-17 08:38:48.0,1BCS_7,IKTE3441,REHEAT TEMP LEFT (NORM),,HIABS,HIGH,ALM,1,1012.23,1012.18,DEG.F,!WP1002!WP1006!WP1007!WP1001!WP1003!WP1014!hist14!CP1007,1
2026-07-17 08:39:13.6,1SCRA_IDSAV,SLPDI5416A,A IDMPR SCR SA PSG TO FG DUCT DP,,LOABS,SCR A IN DMPR SEAL DP LOW (SERV),RTN,5,2.20313,2,INH2O,!hist14!CP1016,2
2026-07-17 08:39:17.6,1SCRA_IDSAV,SLPDI5416A,A IDMPR SCR SA PSG TO FG DUCT DP,,LOABS,SCR A IN DMPR SEAL DP LOW (SERV),ALM,5,1.99609,2,INH2O,!hist14!CP1016,2
2026-07-17 08:39:17.4,1MELIM,ZDS5504,WET/DRY INTFC VLV  DM DEV,,HIDEV,HIGH DEVIATION ALARM,RTN,3,54.2012,57.5,%,!hist14!CP1017,2
2026-07-17 08:39:31.0,1BCS_7,IKTE3751,REHEAT TEMP RIGHT (REDUNDANT),,HIABS,HIGH,ALM,1,1012.21,1012.18,DEG.F,!WP1002!WP1006!WP1007!WP1001!WP1003!WP1014!hist14!CP1007,1
2026-07-17 08:39:32.1,1SCRA_IDSAV,SLPDI5416A,A IDMPR SCR SA PSG TO FG DUCT DP,,LOABS,SCR A IN DMPR SEAL DP LOW (SERV),RTN,5,2.22969,2,INH2O,!hist14!CP1016,2
2026-07-17 08:39:37.1,1SCRA_IDSAV,SLPDI5416A,A IDMPR SCR SA PSG TO FG DUCT DP,,LOABS,SCR A IN DMPR SEAL DP LOW (SERV),ALM,5,1.97988,2,INH2O,!hist14!CP1016,2
2026-07-17 08:40:27.6,1SCRA_IDSAV,SLPDI5416A,A IDMPR SCR SA PSG TO FG DUCT DP,,LOABS,SCR A IN DMPR SEAL DP LOW (SERV),RTN,5,2.2041,2,INH2O,!hist14!CP1016,2
2026-07-17 08:40:41.1,1SCRA_IDSAV,SLPDI5416A,A IDMPR SCR SA PSG TO FG DUCT DP,,LOABS,SCR A IN DMPR SEAL DP LOW (SERV),ALM,5,1.98867,2,INH2O,!hist14!CP1016,2
2026-07-17 08:40:48.4,1MELIM,ZDS5504,WET/DRY INTFC VLV  DM DEV,,HIDEV,HIGH DEVIATION ALARM,ALM,3,98.6758,5,%,!hist14!CP1017,2
2026-07-17 08:41:47.0,1BCS_7,IKTE3751,REHEAT TEMP RIGHT (REDUNDANT),,HIABS,HIGH,RTN,1,1007.16,1012.18,DEG.F,!WP1002!WP1006!WP1007!WP1001!WP1003!WP1014!hist14!CP1007,1
2026-07-17 08:42:55.0,1TF,B24,TOTAL FUEL MOCS,,HIOUT,HIGH AVG MILL LOAD,ALM,5,80.0315,80,%,!WP1001!WP1002!WP1003!WP1006!WP1007!WP1014!hist14!CP1001,1
2026-07-17 08:42:56.0,IDFAN_PEEC,OPCY_ALM,PRECIP OUT > 50%,PRECIP OUTLET,STATE,ALARM,ALM,3,,,,!WP1001!WP1002!WP1003!WP1006!WP1007!WP1014!hist14!CP1003,1
2026-07-17 08:43:01.5,IDFAN_PEEC,OPCY_ALM,PRECIP OUT > 50%,PRECIP OUTLET,STATE,NORMAL,RTN,3,,,,!WP1001!WP1002!WP1003!WP1006!WP1007!WP1014!hist14!CP1003,1
2026-07-17 08:43:18.0,1TF,B24,TOTAL FUEL MOCS,,HIOUT,HIGH AVG MILL LOAD,RTN,5,79.1981,80,%,!WP1001!WP1002!WP1003!WP1006!WP1007!WP1014!hist14!CP1001,1
2026-07-17 08:43:49.0,IDFAN_PEEC,OPCY_ALM,PRECIP OUT > 50%,PRECIP OUTLET,STATE,ALARM,ALM,3,,,,!WP1001!WP1002!WP1003!WP1006!WP1007!WP1014!hist14!CP1003,1
2026-07-17 08:43:59.5,IDFAN_PEEC,OPCY_ALM,PRECIP OUT > 50%,PRECIP OUTLET,STATE,NORMAL,RTN,3,,,,!WP1001!WP1002!WP1003!WP1006!WP1007!WP1014!hist14!CP1003,1
2026-07-17 08:45:08.0,IDFAN_PEEC,OPCY_ALM,PRECIP OUT > 50%,PRECIP OUTLET,STATE,ALARM,ALM,3,,,,!WP1001!WP1002!WP1003!WP1006!WP1007!WP1014!hist14!CP1003,1
2026-07-17 08:45:13.5,IDFAN_PEEC,OPCY_ALM,PRECIP OUT > 50%,PRECIP OUTLET,STATE,NORMAL,RTN,3,,,,!WP1001!WP1002!WP1003!WP1006!WP1007!WP1014!hist14!CP1003,1
2026-07-17 08:46:17.5,1DAS11,IVVH0031,BFP A INB BRG  X  VIB,1725,HIABS,HIGH,ALM,1,2.07901,2,MILS,!WP1002!WP1006!WP1007!WP1001!WP1003!WP1014!hist14!CP1008,1
2026-07-17 08:46:18.7,1BFA_GSM_ALM,BFA_ALM20,MARK VIE A BFPT ALARM,,STA_7,A BFPT MANUAL/DCS OK,RTN,5,0,0,,!WP1001!WP1002!WP1003!WP1006!WP1007!WP1014!hist14!CP1011,1
2026-07-17 08:46:19.5,1DAS11,IVVH0021,BFP A OUTB BRG     Y  VIB,1724,HIABS,HIGH,ALM,1,2.03705,2,MILS,!WP1002!WP1006!WP1007!WP1001!WP1003!WP1014!hist14!CP1008,1
2026-07-17 08:46:20.7,1BFA_GSM_ALM,BFA_ALM20,MARK VIE A BFPT ALARM,,STA_7,A BFPT MANUAL/DCS ERROR,ALM,5,0,0,,!WP1001!WP1002!WP1003!WP1006!WP1007!WP1014!hist14!CP1011,1
2026-07-17 08:46:21.5,1DAS11,IVVH0031,BFP A INB BRG  X  VIB,1725,HIABS,HIGH,RTN,1,1.7128,2,MILS,!WP1002!WP1006!WP1007!WP1001!WP1003!WP1014!hist14!CP1008,1
2026-07-17 08:46:25.0,1MKVIE_ALM2,B2A,MARK VIE B BFPT GENERAL ALARM,,STATE,ALARM,ALM,1,,,,!WP1001!WP1002!WP1003!WP1006!WP1007!WP1014!hist14!CP1002,1
2026-07-17 08:46:26.4,1MKVIE_ALM2,B1A,MARK VIE A BFPT GENERAL ALARM,,STATE,ALARM,ALM,1,,,,!WP1001!WP1002!WP1003!WP1006!WP1007!WP1014!hist14!CP1002,1
2026-07-17 08:46:27.2,1BFA_GSM_ALM,BFA_ALM12,MARK VIE A BFPT ALARM,,STA_4,BENTLY VIBRATION ALARM,ALM,1,0,0,,!WP1001!WP1002!WP1003!WP1006!WP1007!WP1014!hist14!CP1011,1
2026-07-17 08:46:27.2,1BFB_GSM_ALM,BFB_ALM12,MARK VIE B BFPT ALARM,,STA_4,BENTLY VIBRATION ALARM,ALM,1,0,0,,!WP1001!WP1002!WP1003!WP1006!WP1007!WP1014!hist14!CP1011,1
2026-07-17 08:46:27.5,1DAS11,IVVH0031,BFP A INB BRG  X  VIB,1725,HIABS,HIGH,ALM,1,2.08283,2,MILS,!WP1002!WP1006!WP1007!WP1001!WP1003!WP1014!hist14!CP1008,1
2026-07-17 08:46:29.5,1DAS11,IVVH0011,BFP A OUTB BRG     X  VIB,1723,HIABS,HIGH,ALM,1,2.05803,2,MILS,!WP1002!WP1006!WP1007!WP1001!WP1003!WP1014!hist14!CP1008,1
2026-07-17 08:46:32.7,1BFA_GSM_ALM,BFA_ALM12,MARK VIE A BFPT ALARM,,STA_4,BENTLY VIBRATION OK,RTN,1,0,0,,!WP1001!WP1002!WP1003!WP1006!WP1007!WP1014!hist14!CP1011,1
2026-07-17 08:46:32.7,1BFB_GSM_ALM,BFB_ALM12,MARK VIE B BFPT ALARM,,STA_4,BENTLY VIBRATION OK,RTN,1,0,0,,!WP1001!WP1002!WP1003!WP1006!WP1007!WP1014!hist14!CP1011,1
2026-07-17 08:46:33.5,1DAS11,IVVH0011,BFP A OUTB BRG     X  VIB,1723,HIABS,HIGH,RTN,1,1.60217,2,MILS,!WP1002!WP1006!WP1007!WP1001!WP1003!WP1014!hist14!CP1008,1
2026-07-17 08:46:33.5,1DAS11,IVVH0021,BFP A OUTB BRG     Y  VIB,1724,HIABS,HIGH,RTN,1,1.73569,2,MILS,!WP1002!WP1006!WP1007!WP1001!WP1003!WP1014!hist14!CP1008,1
2026-07-17 08:46:36.7,1BFA_GSM_ALM,BFA_ALM12,MARK VIE A BFPT ALARM,,STA_4,BENTLY VIBRATION ALARM,ALM,1,0,0,,!WP1001!WP1002!WP1003!WP1006!WP1007!WP1014!hist14!CP1011,1
2026-07-17 08:46:36.7,1BFB_GSM_ALM,BFB_ALM12,MARK VIE B BFPT ALARM,,STA_4,BENTLY VIBRATION ALARM,ALM,1,0,0,,!WP1001!WP1002!WP1003!WP1006!WP1007!WP1014!hist14!CP1011,1
2026-07-17 08:46:37.5,1DAS11,IVVH0011,BFP A OUTB BRG     X  VIB,1723,HIABS,HIGH,ALM,1,2.02942,2,MILS,!WP1002!WP1006!WP1007!WP1001!WP1003!WP1014!hist14!CP1008,1
2026-07-17 08:46:37.5,1DAS11,IVVH0021,BFP A OUTB BRG     Y  VIB,1724,HIABS,HIGH,ALM,1,2.30789,2,MILS,!WP1002!WP1006!WP1007!WP1001!WP1003!WP1014!hist14!CP1008,1
2026-07-17 08:46:39.5,1DAS11,IVVH0011,BFP A OUTB BRG     X  VIB,1723,HIABS,HIGH,RTN,1,1.69373,2,MILS,!WP1002!WP1006!WP1007!WP1001!WP1003!WP1014!hist14!CP1008,1
2026-07-17 08:46:43.5,1DAS11,IVVH0441,BFP A INB BRG      Y  VIB,1726,HIABS,HIGH,ALM,1,2.02942,2,MILS,!WP1002!WP1006!WP1007!WP1001!WP1003!WP1014!hist14!CP1008,1
2026-07-17 08:46:45.5,1DAS11,IVVH0011,BFP A OUTB BRG     X  VIB,1723,HIABS,HIGH,ALM,1,2.1267,2,MILS,!WP1002!WP1006!WP1007!WP1001!WP1003!WP1014!hist14!CP1008,1
2026-07-17 08:47:04.6,1SCRA_IDSAV,SLPDI5416A,A IDMPR SCR SA PSG TO FG DUCT DP,,LOABS,SCR A IN DMPR SEAL DP LOW (SERV),RTN,5,2.21914,2,INH2O,!hist14!CP1016,2
2026-07-17 08:47:08.4,1BWCP_PURGE,OUTLET_TEMP,BWCP PURGE COOLER OUTLET TEMP,,HIABS,,ALM,2,105.009,105,DEGF,!WP1001!WP1002!WP1003!WP1006!WP1007!WP1014!hist14!CP1005,1
2026-07-17 08:47:09.1,1SCRA_IDSAV,SLPDI5416A,A IDMPR SCR SA PSG TO FG DUCT DP,,LOABS,SCR A IN DMPR SEAL DP LOW (SERV),ALM,5,1.9957,2,INH2O,!hist14!CP1016,2
2026-07-17 08:47:09.5,1DAS11,IVVH0011,BFP A OUTB BRG     X  VIB,1723,HIABS,HIGH,RTN,1,1.49727,2,MILS,!WP1002!WP1006!WP1007!WP1001!WP1003!WP1014!hist14!CP1008,1
2026-07-17 08:47:09.5,1DAS11,IVVH0441,BFP A INB BRG      Y  VIB,1726,HIABS,HIGH,RTN,1,1.57738,2,MILS,!WP1002!WP1006!WP1007!WP1001!WP1003!WP1014!hist14!CP1008,1
2026-07-17 08:47:10.7,1BFA_GSM_ALM,BFA_ALM12,MARK VIE A BFPT ALARM,,STA_4,BENTLY VIBRATION OK,RTN,1,0,0,,!WP1001!WP1002!WP1003!WP1006!WP1007!WP1014!hist14!CP1011,1
2026-07-17 08:47:10.7,1BFB_GSM_ALM,BFB_ALM12,MARK VIE B BFPT ALARM,,STA_4,BENTLY VIBRATION OK,RTN,1,0,0,,!WP1001!WP1002!WP1003!WP1006!WP1007!WP1014!hist14!CP1011,1
2026-07-17 08:47:13.5,1DAS11,IVVH0021,BFP A OUTB BRG     Y  VIB,1724,HIABS,HIGH,RTN,1,1.71662,2,MILS,!WP1002!WP1006!WP1007!WP1001!WP1003!WP1014!hist14!CP1008,1
2026-07-17 08:47:15.5,1DAS11,IVVH0031,BFP A INB BRG  X  VIB,1725,HIABS,HIGH,RTN,1,1.63269,2,MILS,!WP1002!WP1006!WP1007!WP1001!WP1003!WP1014!hist14!CP1008,1
2026-07-17 08:47:25.0,1MKVIE_ALM2,B2A,MARK VIE B BFPT GENERAL ALARM,,STATE,NORMAL,RTN,1,,,,!WP1001!WP1002!WP1003!WP1006!WP1007!WP1014!hist14!CP1002,1
2026-07-17 08:47:26.4,1MKVIE_ALM2,B1A,MARK VIE A BFPT GENERAL ALARM,,STATE,NORMAL,RTN,1,,,,!WP1001!WP1002!WP1003!WP1006!WP1007!WP1014!hist14!CP1002,1
2026-07-17 08:47:46.4,1ULD,B3_ALM,BLOCK LOAD INC/DEC ALM,,STATE,BLOCK LOAD INCREASE/DECREASE,ALM,3,,,,!WP1001!WP1002!WP1003!WP1006!WP1007!WP1014!hist14!CP1001,1
2026-07-17 08:47:47.4,1ULD,B3_ALM,BLOCK LOAD INC/DEC ALM,,STATE,LOAD BLOCK NOT IN SERVICE,RTN,3,,,,!WP1001!WP1002!WP1003!WP1006!WP1007!WP1014!hist14!CP1001,1
2026-07-17 08:47:47.0,1BCS_7,IKTE3441,REHEAT TEMP LEFT (NORM),,HIABS,HIGH,RTN,1,1007.09,1012.18,DEG.F,!WP1002!WP1006!WP1007!WP1001!WP1003!WP1014!hist14!CP1007,1
2026-07-17 08:47:49.5,1BCS_7,IKTE3741,REHEAT TEMP LEFT (REDUNDANT),,HIABS,HIGH,RTN,1,1007.17,1012.18,DEG.F,!WP1002!WP1006!WP1007!WP1001!WP1003!WP1014!hist14!CP1007,1
2026-07-17 08:48:06.3,1SBRS,B13,R.H. SOOT BLOWING REG FBK,,HIABS,R.H. SOOTBLOWER FB @ 90%,ALM,5,94.8535,90,PCT,!WP1002!WP1006!WP1007!WP1001!WP1003!WP1014!hist14!CP1009,1
2026-07-17 08:48:07.5,1DAS11,IAAH3281,COND PUMP DISCH   SILICA,1233,HIABS,HIGH,ALM,1,10.1191,10,ppb,!WP1002!WP1006!WP1007!WP1001!WP1003!WP1014!hist14!CP1008,1
2026-07-17 08:48:31.3,1SBRS,B13,R.H. SOOT BLOWING REG FBK,,HIABS,R.H. SOOTBLOWER FB @ 90%,RTN,5,89.582,90,PCT,!WP1002!WP1006!WP1007!WP1001!WP1003!WP1014!hist14!CP1009,1
2026-07-17 08:50:03.6,1SCRA_IDSAV,SLPDI5416A,A IDMPR SCR SA PSG TO FG DUCT DP,,LOABS,SCR A IN DMPR SEAL DP LOW (SERV),RTN,5,2.20215,2,INH2O,!hist14!CP1016,2
2026-07-17 08:50:16.6,1SCRA_IDSAV,SLPDI5416A,A IDMPR SCR SA PSG TO FG DUCT DP,,LOABS,SCR A IN DMPR SEAL DP LOW (SERV),ALM,5,1.98418,2,INH2O,!hist14!CP1016,2
2026-07-17 08:50:27.6,1SCRA_IDSAV,SLPDI5416A,A IDMPR SCR SA PSG TO FG DUCT DP,,LOABS,SCR A IN DMPR SEAL DP LOW (SERV),RTN,5,2.23008,2,INH2O,!hist14!CP1016,2
2026-07-17 08:51:13.1,1SCRA_IDSAV,SLPDI5416A,A IDMPR SCR SA PSG TO FG DUCT DP,,LOABS,SCR A IN DMPR SEAL DP LOW (SERV),ALM,5,1.99707,2,INH2O,!hist14!CP1016,2
2026-07-17 08:51:27.1,1SCRA_IDSAV,SLPDI5416A,A IDMPR SCR SA PSG TO FG DUCT DP,,LOABS,SCR A IN DMPR SEAL DP LOW (SERV),RTN,5,2.20859,2,INH2O,!hist14!CP1016,2
2026-07-17 08:51:38.1,1SCRA_IDSAV,SLPDI5416A,A IDMPR SCR SA PSG TO FG DUCT DP,,LOABS,SCR A IN DMPR SEAL DP LOW (SERV),ALM,5,1.99805,2,INH2O,!hist14!CP1016,2
2026-07-17 08:52:08.6,1SCRA_IDSAV,SLPDI5416A,A IDMPR SCR SA PSG TO FG DUCT DP,,LOABS,SCR A IN DMPR SEAL DP LOW (SERV),RTN,5,2.20371,2,INH2O,!hist14!CP1016,2
2026-07-17 08:52:18.6,1SCRA_IDSAV,SLPDI5416A,A IDMPR SCR SA PSG TO FG DUCT DP,,LOABS,SCR A IN DMPR SEAL DP LOW (SERV),ALM,5,1.99297,2,INH2O,!hist14!CP1016,2
2026-07-17 08:52:31.2,1BFB_GSM_ALM,BFB_ALM20,MARK VIE B BFPT ALARM,,STA_7,B BFPT MANUAL/DCS OK,RTN,5,0,0,,!WP1001!WP1002!WP1003!WP1006!WP1007!WP1014!hist14!CP1011,1
2026-07-17 08:52:58.7,1BFB_GSM_ALM,BFB_ALM20,MARK VIE B BFPT ALARM,,STA_7,B BFPT MANUAL/DCS ERROR,ALM,5,0,0,,!WP1001!WP1002!WP1003!WP1006!WP1007!WP1014!hist14!CP1011,1
2026-07-17 08:54:17.4,1MELIM,ZDS5504,WET/DRY INTFC VLV  DM DEV,,HIDEV,HIGH DEVIATION ALARM,RTN,3,54.0254,57.5,%,!hist14!CP1017,2
2026-07-17 08:54:44.5,IDFAN_PEEC,OPCY_ALM,PRECIP OUT > 50%,PRECIP OUTLET,STATE,ALARM,ALM,3,,,,!WP1001!WP1002!WP1003!WP1006!WP1007!WP1014!hist14!CP1003,1
2026-07-17 08:54:49.5,IDFAN_PEEC,OPCY_ALM,PRECIP OUT > 50%,PRECIP OUTLET,STATE,NORMAL,RTN,3,,,,!WP1001!WP1002!WP1003!WP1006!WP1007!WP1014!hist14!CP1003,1
2026-07-17 08:55:41.0,1BCS_7,IKTE3751,REHEAT TEMP RIGHT (REDUNDANT),,HIABS,HIGH,ALM,1,1012.2,1012.18,DEG.F,!WP1002!WP1006!WP1007!WP1001!WP1003!WP1014!hist14!CP1007,1
2026-07-17 08:55:48.4,1MELIM,ZDS5504,WET/DRY INTFC VLV  DM DEV,,HIDEV,HIGH DEVIATION ALARM,ALM,3,98.8027,5,%,!hist14!CP1017,2
2026-07-17 08:57:33.1,1MELIM,SEQ3_ALMS,MIST ELIM VALVE FAIL ALARMS,ARXV5622J,STA_3,ARXV5622J FAILURE,ALM,1,25.82,0,,!WP1001!WP1002!WP1003!WP1006!WP1007!WP1014!hist14!CP1017,1
2026-07-17 08:57:42.0,1BCS_7,IKTE3751,REHEAT TEMP RIGHT (REDUNDANT),,HIABS,HIGH,RTN,1,1007.15,1012.18,DEG.F,!WP1002!WP1006!WP1007!WP1001!WP1003!WP1014!hist14!CP1007,1
2026-07-17 08:58:02.5,1DAS11,IAAH3281,COND PUMP DISCH   SILICA,1233,HIABS,HIGH,RTN,1,8.25586,10,ppb,!WP1002!WP1006!WP1007!WP1001!WP1003!WP1014!hist14!CP1008,1
2026-07-17 08:58:18.1,1MELIM,SEQ3_ALMS,MIST ELIM VALVE FAIL ALARMS,ARXV5622J,STA_3,VLV FAILURE CLEAR,RTN,1,26.9298,0,,!WP1001!WP1002!WP1003!WP1006!WP1007!WP1014!hist14!CP1017,1
2026-07-17 08:58:26.3,1AB_PYR_SEQ,PYR_TIME,PULL PYRITE ALARM,,PTARG,PULL PYRITE ALARM,RTN,3,0,8,HR,!WP1002!WP1011!WP1001!hist14!CP1020,1
2026-07-17 08:58:52.8,1AB_PYRITE,SV_617AL,MILL HPR 1J EJCT  WTR VLV,MILL HOPPER 1,STATE,FAIL,ALM,3,,,,!WP1002!WP1011!WP1001!hist14!CP1020,1
2026-07-17 08:59:25.8,1AB_PYRITE,SV_617AL,MILL HPR 1J EJCT  WTR VLV,MILL HOPPER 1,STATE,OK,RTN,3,,,,!WP1002!WP1011!WP1001!hist14!CP1020,1
2026-07-17 08:59:39.0,1AR_LS,DEV_5803,LS SYS B,,STATE,VALVE 5803 DEVIATION,ALM,3,,,,!WP1001!WP1002!WP1003!WP1006!WP1007!WP1014!hist14!CP1017,1
2026-07-17 09:00:35.4,1AR_LS,DEV_5803,LS SYS B,,STATE,,RTN,3,,,,!WP1001!WP1002!WP1003!WP1006!WP1007!WP1014!hist14!CP1017,1
2026-07-17 09:05:17.3,1WB_DEV,SOFA_ANY_DEV,SOFA ANY DEVIATION,,STATE,NORMAL,RTN,5,,,PCT,,0
2026-07-17 09:05:47.3,1SBRS,B13,R.H. SOOT BLOWING REG FBK,,HIABS,R.H. SOOTBLOWER FB @ 90%,ALM,5,92.4551,90,PCT,!WP1002!WP1006!WP1007!WP1001!WP1003!WP1014!hist14!CP1009,1
2026-07-17 09:05:55.8,1SBRS,B13,R.H. SOOT BLOWING REG FBK,,HIABS,R.H. SOOTBLOWER FB @ 90%,RTN,5,87.6172,90,PCT,!WP1002!WP1006!WP1007!WP1001!WP1003!WP1014!hist14!CP1009,1
2026-07-17 09:06:17.6,1SCRA_IDSAV,SLPDI5416A,A IDMPR SCR SA PSG TO FG DUCT DP,,LOABS,SCR A IN DMPR SEAL DP LOW (SERV),RTN,5,2.23574,2,INH2O,!hist14!CP1016,2
2026-07-17 09:06:42.6,1SCRA_IDSAV,SLPDI5416A,A IDMPR SCR SA PSG TO FG DUCT DP,,LOABS,SCR A IN DMPR SEAL DP LOW (SERV),ALM,5,1.99922,2,INH2O,!hist14!CP1016,2
2026-07-17 09:07:48.3,1WB_DEV,SOFA_ANY_DEV,SOFA ANY DEVIATION,,STATE,DEVIATION,ALM,5,,,,,0
2026-07-17 09:08:49.4,1TC,B21,DROOP ACTIVE,DROOP,STATE,ACTIVE,ALM,5,,,,!hist14!CP1001,2
2026-07-17 09:09:13.3,1WB_DEV,SOFA_ANY_DEV,SOFA ANY DEVIATION,,STATE,NORMAL,RTN,5,,,%,,0
2026-07-17 09:09:17.4,1MELIM,ZDS5504,WET/DRY INTFC VLV  DM DEV,,HIDEV,HIGH DEVIATION ALARM,RTN,3,53.9492,57.5,%,!hist14!CP1017,2
2026-07-17 09:09:42.9,1GS_A,BLEED_FAIL,BLEED SYSTEM A FAILURE,,STATE,BLEED SYSTEM A NORMAL,RTN,3,,,,!WP1001!WP1002!WP1003!WP1006!WP1007!WP1014!hist14!CP1017,1
2026-07-17 09:09:59.0,1TC,B21,DROOP ACTIVE,DROOP,STATE,NORMAL,RTN,5,,,,!hist14!CP1001,2
2026-07-17 09:10:01.0,1TC,B21,DROOP ACTIVE,DROOP,STATE,ACTIVE,ALM,5,,,,!hist14!CP1001,2
2026-07-17 09:10:08.0,1TC,B21,DROOP ACTIVE,DROOP,STATE,NORMAL,RTN,5,,,,!hist14!CP1001,2
2026-07-17 09:10:31.9,1GS_A,BLEED_FAIL,BLEED SYSTEM A FAILURE,,STATE,BLEED SYSTEM A EQUIPMENT FAILURE,ALM,3,,,,!WP1001!WP1002!WP1003!WP1006!WP1007!WP1014!hist14!CP1017,1
2026-07-17 09:10:40.4,1GS,BLEED_FAIL,BLEED SYSTEM HEADER FLUSH FAIL,,STATE,BLEED SYS HDR FLUSH EQUIP FAIL,ALM,3,,,,!WP1001!WP1002!WP1003!WP1006!WP1007!WP1014!hist14!CP1017,1
2026-07-17 09:10:45.0,1GS,BLEED_FAIL,BLEED SYSTEM HEADER FLUSH FAIL,,STATE,BLEED SYS HDR FLUSH NORMAL,RTN,3,,,,!WP1001!WP1002!WP1003!WP1006!WP1007!WP1014!hist14!CP1017,1
2026-07-17 09:10:48.4,1MELIM,ZDS5504,WET/DRY INTFC VLV  DM DEV,,HIDEV,HIGH DEVIATION ALARM,ALM,3,98.6875,5,%,!hist14!CP1017,2
2026-07-17 09:11:01.3,1WB_DEV,SOFA_ANY_DEV,SOFA ANY DEVIATION,,STATE,DEVIATION,ALM,5,,,,,0
2026-07-17 09:11:18.9,1GS_A,BLEED_FAIL,BLEED SYSTEM A FAILURE,,STATE,BLEED SYSTEM A NORMAL,RTN,3,,,,!WP1001!WP1002!WP1003!WP1006!WP1007!WP1014!hist14!CP1017,1
2026-07-17 09:12:14.4,1GS_A,BLEED_FAIL,BLEED SYSTEM A FAILURE,,STATE,BLEED SYSTEM A EQUIPMENT FAILURE,ALM,3,,,,!WP1001!WP1002!WP1003!WP1006!WP1007!WP1014!hist14!CP1017,1
2026-07-17 09:13:32.4,1GS_A,BLEED_FAIL,BLEED SYSTEM A FAILURE,,STATE,BLEED SYSTEM A NORMAL,RTN,3,,,,!WP1001!WP1002!WP1003!WP1006!WP1007!WP1014!hist14!CP1017,1
2026-07-17 09:14:12.9,1GS_A,BLEED_FAIL,BLEED SYSTEM A FAILURE,,STATE,BLEED SYSTEM A EQUIPMENT FAILURE,ALM,3,,,,!WP1001!WP1002!WP1003!WP1006!WP1007!WP1014!hist14!CP1017,1
2026-07-17 09:14:25.4,1GS_A,BLEED_FAIL,BLEED SYSTEM A FAILURE,,STATE,BLEED SYSTEM A NORMAL,RTN,3,,,,!WP1001!WP1002!WP1003!WP1006!WP1007!WP1014!hist14!CP1017,1
2026-07-17 09:14:27.9,1GS18,MO5990A_ALM,GYP BLEED PUMP A,,STATE,BREAKER TRIPPED,ALM,1,,,,!WP1001!WP1002!WP1003!WP1006!WP1007!WP1014!hist14!CP1018,1
2026-07-17 09:14:28.4,1GS_A,BLEED_FAIL,BLEED SYSTEM A FAILURE,,STATE,BLEED SYSTEM A EQUIPMENT FAILURE,ALM,3,,,,!WP1001!WP1002!WP1003!WP1006!WP1007!WP1014!hist14!CP1017,1
2026-07-17 09:14:35.9,1GS_A,BLEED_FAIL,BLEED SYSTEM A FAILURE,,STATE,BLEED SYSTEM A NORMAL,RTN,3,,,,!WP1001!WP1002!WP1003!WP1006!WP1007!WP1014!hist14!CP1017,1
2026-07-17 09:14:35.4,1GS18,MO5990A_ALM,GYP BLEED PUMP A,,STATE,NOT TRIPPED,RTN,1,,,,!WP1001!WP1002!WP1003!WP1006!WP1007!WP1014!hist14!CP1018,1
2026-07-17 09:15:10.4,1GS_A,BLEED_FAIL,BLEED SYSTEM A FAILURE,,STATE,BLEED SYSTEM A EQUIPMENT FAILURE,ALM,3,,,,!WP1001!WP1002!WP1003!WP1006!WP1007!WP1014!hist14!CP1017,1
2026-07-17 09:15:13.4,1GS_A,BLEED_FAIL,BLEED SYSTEM A FAILURE,,STATE,BLEED SYSTEM A NORMAL,RTN,3,,,,!WP1001!WP1002!WP1003!WP1006!WP1007!WP1014!hist14!CP1017,1
2026-07-17 09:15:24.4,1GS_A,BLEED_FAIL,BLEED SYSTEM A FAILURE,,STATE,BLEED SYSTEM A EQUIPMENT FAILURE,ALM,3,,,,!WP1001!WP1002!WP1003!WP1006!WP1007!WP1014!hist14!CP1017,1
2026-07-17 09:15:24.4,1GS18,MO5990A_ALM,GYP BLEED PUMP A,,STATE,BREAKER TRIPPED,ALM,1,,,,!WP1001!WP1002!WP1003!WP1006!WP1007!WP1014!hist14!CP1018,1
2026-07-17 09:15:39.4,1GS18,MO5990A_ALM,GYP BLEED PUMP A,,STATE,NOT TRIPPED,RTN,1,,,,!WP1001!WP1002!WP1003!WP1006!WP1007!WP1014!hist14!CP1018,1
2026-07-17 09:15:45.4,1GS_A,BLEED_FAIL,BLEED SYSTEM A FAILURE,,STATE,BLEED SYSTEM A NORMAL,RTN,3,,,,!WP1001!WP1002!WP1003!WP1006!WP1007!WP1014!hist14!CP1017,1
2026-07-17 09:19:32.9,1MELIM,ZDS5504,WET/DRY INTFC VLV  DM DEV,,HIDEV,HIGH DEVIATION ALARM,RTN,3,53.9883,57.5,%,!hist14!CP1017,2
2026-07-17 09:20:33.9,1MELIM,ZDS5504,WET/DRY INTFC VLV  DM DEV,,LODEV,LOW DEVIATION ALARM,ALM,3,-1.23438,95,%,!hist14!CP1017,2
2026-07-17 09:20:47.5,IDFAN_PEEC,OPCY_ALM,PRECIP OUT > 50%,PRECIP OUTLET,STATE,ALARM,ALM,3,,,,!WP1001!WP1002!WP1003!WP1006!WP1007!WP1014!hist14!CP1003,1
2026-07-17 09:20:56.5,IDFAN_PEEC,OPCY_ALM,PRECIP OUT > 50%,PRECIP OUTLET,STATE,NORMAL,RTN,3,,,,!WP1001!WP1002!WP1003!WP1006!WP1007!WP1014!hist14!CP1003,1
2026-07-17 09:21:07.5,1BCS_7,IKTE3751,REHEAT TEMP RIGHT (REDUNDANT),,HIABS,HIGH,ALM,1,1012.2,1012.18,DEG.F,!WP1002!WP1006!WP1007!WP1001!WP1003!WP1014!hist14!CP1007,1
2026-07-17 09:21:16.0,1BCS_7,IKTE3451,REHEAT TEMP RIGHT (NORM),,HIABS,HIGH,ALM,1,1012.2,1012.18,DEG.F,!WP1002!WP1006!WP1007!WP1001!WP1003!WP1014!hist14!CP1007,1
2026-07-17 09:21:55.3,1LP_HTRLVL1,LDA048,LP HTR 1 EMERG VALVE DMD POS DEV,,LODEV,LOW DEV,ALM,1,1.17773,2.09347,%,!WP1001!WP1002!WP1003!WP1006!WP1007!WP1014!hist14!CP1013,1
2026-07-17 09:21:59.0,1TC,B21,DROOP ACTIVE,DROOP,STATE,ACTIVE,ALM,5,,,,!hist14!CP1001,2
2026-07-17 09:21:59.3,1LP_HTRLVL1,LDA048,LP HTR 1 EMERG VALVE DMD POS DEV,,LODEV,LOW DEV,RTN,1,12.8184,11.6999,%,!WP1001!WP1002!WP1003!WP1006!WP1007!WP1014!hist14!CP1013,1
2026-07-17 09:22:05.4,1AAIR,B16,WINDBOX/FURN DIFF PRESS,,LLABS,WINDBIX/FURN PRESS LOW,RTN,5,2.50411,2,INWC,!WP1001!WP1002!WP1003!WP1006!WP1007!WP1014!hist14!CP1001,1
2026-07-17 09:22:13.3,1NW_ESP_SMP,NWAI6702B,PRECIP SUMP PMP B DSCH PH,,IOBAD,BAD CHANNEL,RTN,3,,,,!WP1002!WP1011!WP1001!hist14!CP1020,1
2026-07-17 09:22:49.4,1TC,B21,DROOP ACTIVE,DROOP,STATE,NORMAL,RTN,5,,,,!hist14!CP1001,2
2026-07-17 09:23:43.0,1BCS_7,IKTE3451,REHEAT TEMP RIGHT (NORM),,HIABS,HIGH,RTN,1,1007.1,1012.18,DEG.F,!WP1002!WP1006!WP1007!WP1001!WP1003!WP1014!hist14!CP1007,1
2026-07-17 09:23:47.0,1BCS_7,IKTE3751,REHEAT TEMP RIGHT (REDUNDANT),,HIABS,HIGH,RTN,1,1007.12,1012.18,DEG.F,!WP1002!WP1006!WP1007!WP1001!WP1003!WP1014!hist14!CP1007,1
2026-07-17 09:25:33.0,IDFAN_PEEC,OPCY_ALM,PRECIP OUT > 50%,PRECIP OUTLET,STATE,ALARM,ALM,3,,,,!WP1001!WP1002!WP1003!WP1006!WP1007!WP1014!hist14!CP1003,1
2026-07-17 09:25:38.5,IDFAN_PEEC,OPCY_ALM,PRECIP OUT > 50%,PRECIP OUTLET,STATE,NORMAL,RTN,3,,,,!WP1001!WP1002!WP1003!WP1006!WP1007!WP1014!hist14!CP1003,1
2026-07-17 09:27:52.0,1AAIR,B16,WINDBOX/FURN DIFF PRESS,,LLABS,WINDBIX/FURN PRESS LOW,ALM,5,1.99843,2,INWC,!WP1001!WP1002!WP1003!WP1006!WP1007!WP1014!hist14!CP1001,1
2026-07-17 09:32:27.4,1TC,B21,DROOP ACTIVE,DROOP,STATE,ACTIVE,ALM,5,,,,!hist14!CP1001,2
2026-07-17 09:32:29.9,1TC,B21,DROOP ACTIVE,DROOP,STATE,NORMAL,RTN,5,,,,!hist14!CP1001,2
2026-07-17 09:33:27.3,1NW_ESP_SMP,NWAI6702B,PRECIP SUMP PMP B DSCH PH,,IOBAD,BAD CHANNEL,ALM,3,,,,!WP1002!WP1011!WP1001!hist14!CP1020,1
2026-07-17 09:44:34.4,1ULD,B3_ALM,BLOCK LOAD INC/DEC ALM,,STATE,BLOCK LOAD INCREASE/DECREASE,ALM,3,,,,!WP1001!WP1002!WP1003!WP1006!WP1007!WP1014!hist14!CP1001,1
2026-07-17 09:44:36.0,1ULD,B3_ALM,BLOCK LOAD INC/DEC ALM,,STATE,LOAD BLOCK NOT IN SERVICE,RTN,3,,,,!WP1001!WP1002!WP1003!WP1006!WP1007!WP1014!hist14!CP1001,1
2026-07-17 09:44:50.0,1AAIR,B16,WINDBOX/FURN DIFF PRESS,,LLABS,WINDBIX/FURN PRESS LOW,RTN,5,2.50793,2,INWC,!WP1001!WP1002!WP1003!WP1006!WP1007!WP1014!hist14!CP1001,1
2026-07-17 09:44:50.5,IDFAN_PEEC,OPCY_ALM,PRECIP OUT > 50%,PRECIP OUTLET,STATE,ALARM,ALM,3,,,,!WP1001!WP1002!WP1003!WP1006!WP1007!WP1014!hist14!CP1003,1
2026-07-17 09:44:54.5,IDFAN_PEEC,OPCY_ALM,PRECIP OUT > 50%,PRECIP OUTLET,STATE,NORMAL,RTN,3,,,,!WP1001!WP1002!WP1003!WP1006!WP1007!WP1014!hist14!CP1003,1
2026-07-17 09:45:19.5,1DAS11,IAAH3101,LP HTR OUTLT HYDRAZINE,1234,LOABS,LOW,RTN,1,1.56055,1,ppb,!WP1002!WP1006!WP1007!WP1001!WP1003!WP1014!hist14!CP1008,1
2026-07-17 09:48:19.0,IDFAN_PEEC,OPCY_ALM,PRECIP OUT > 50%,PRECIP OUTLET,STATE,ALARM,ALM,3,,,,!WP1001!WP1002!WP1003!WP1006!WP1007!WP1014!hist14!CP1003,1
2026-07-17 09:48:28.5,IDFAN_PEEC,OPCY_ALM,PRECIP OUT > 50%,PRECIP OUTLET,STATE,NORMAL,RTN,3,,,,!WP1001!WP1002!WP1003!WP1006!WP1007!WP1014!hist14!CP1003,1
2026-07-17 09:48:39.0,IDFAN_PEEC,OPCY_ALM,PRECIP OUT > 50%,PRECIP OUTLET,STATE,ALARM,ALM,3,,,,!WP1001!WP1002!WP1003!WP1006!WP1007!WP1014!hist14!CP1003,1
2026-07-17 09:48:44.5,IDFAN_PEEC,OPCY_ALM,PRECIP OUT > 50%,PRECIP OUTLET,STATE,NORMAL,RTN,3,,,,!WP1001!WP1002!WP1003!WP1006!WP1007!WP1014!hist14!CP1003,1
2026-07-17 09:49:32.6,1JMILL,UBOWL_LO,JPULV SEAL AIR UND BOWL DP < 5,,STATE,PULV SEAL AIR UND BOWL DP NOT<5,RTN,5,,,,!WP1001!WP1002!WP1003!WP1006!WP1007!WP1014!hist14!CP1004,1
2026-07-17 09:50:21.0,IDFAN_PEEC,OPCY_ALM,PRECIP OUT > 50%,PRECIP OUTLET,STATE,ALARM,ALM,3,,,,!WP1001!WP1002!WP1003!WP1006!WP1007!WP1014!hist14!CP1003,1
2026-07-17 09:50:32.0,IDFAN_PEEC,OPCY_ALM,PRECIP OUT > 50%,PRECIP OUTLET,STATE,NORMAL,RTN,3,,,,!WP1001!WP1002!WP1003!WP1006!WP1007!WP1014!hist14!CP1003,1
2026-07-17 09:50:57.6,1PDF,SLPSL0001,PULV LOW SEAL AIR HDR DIFF PRESS,,LOABS,PULV LOW SEAL AIR HDR DIFF PRESS,ALM,1,3.9876,4,INH2O,!WP1001!WP1002!WP1003!WP1006!WP1007!WP1014!hist14!CP1004,1
2026-07-17 09:51:21.5,1DAS10,IACE3001,COND MAKE-UP      CATION CNDCT,,HIABS,HIGH,ALM,1,0.30043,0.3,US/CM,!WP1002!WP1006!WP1007!WP1001!WP1003!WP1014!hist14!CP1008,1
2026-07-17 09:51:41.3,1WB_DEV,AA_JJ_DEV,AUX AIR JJ ANY DEV,,STATE,DEVIATION,ALM,5,,,,,0
2026-07-17 09:52:27.6,1FUEL_SFTY,FPTX_ALM,DRAFT TRANSMITTER DEVIATION,,STATE,FURN DRAFT PRESS XMTR DEVIATION,ALM,5,,,,!WP1001!WP1002!WP1003!WP1006!WP1007!WP1014!hist14!CP1004,1
2026-07-17 09:52:33.6,1FUEL_SFTY,FPTX_ALM,DRAFT TRANSMITTER DEVIATION,,STATE,NO DEVIATION,RTN,5,,,,!WP1001!WP1002!WP1003!WP1006!WP1007!WP1014!hist14!CP1004,1
2026-07-17 09:53:49.6,1PDF,SLPSL0001,PULV LOW SEAL AIR HDR DIFF PRESS,,LOABS,PULV LOW SEAL AIR HDR DIFF PRESS,RTN,1,4.01895,4,INH2O,!WP1001!WP1002!WP1003!WP1006!WP1007!WP1014!hist14!CP1004,1
2026-07-17 09:53:50.6,1PDF,SLPSL0001,PULV LOW SEAL AIR HDR DIFF PRESS,,LOABS,PULV LOW SEAL AIR HDR DIFF PRESS,ALM,1,3.93545,4,INH2O,!WP1001!WP1002!WP1003!WP1006!WP1007!WP1014!hist14!CP1004,1
2026-07-17 09:53:51.6,1PDF,SLPSL0001,PULV LOW SEAL AIR HDR DIFF PRESS,,LOABS,PULV LOW SEAL AIR HDR DIFF PRESS,RTN,1,4.07285,4,INH2O,!WP1001!WP1002!WP1003!WP1006!WP1007!WP1014!hist14!CP1004,1
2026-07-17 09:53:52.6,1PDF,SLPSL0001,PULV LOW SEAL AIR HDR DIFF PRESS,,LOABS,PULV LOW SEAL AIR HDR DIFF PRESS,ALM,1,3.98965,4,INH2O,!WP1001!WP1002!WP1003!WP1006!WP1007!WP1014!hist14!CP1004,1
2026-07-17 09:53:53.6,1PDF,SLPSL0001,PULV LOW SEAL AIR HDR DIFF PRESS,,LOABS,PULV LOW SEAL AIR HDR DIFF PRESS,RTN,1,4.08662,4,INH2O,!WP1001!WP1002!WP1003!WP1006!WP1007!WP1014!hist14!CP1004,1
2026-07-17 09:54:03.6,1PDF,SLPSL0001,PULV LOW SEAL AIR HDR DIFF PRESS,,LOABS,PULV LOW SEAL AIR HDR DIFF PRESS,ALM,1,3.99609,4,INH2O,!WP1001!WP1002!WP1003!WP1006!WP1007!WP1014!hist14!CP1004,1
2026-07-17 09:54:04.6,1PDF,SLPSL0001,PULV LOW SEAL AIR HDR DIFF PRESS,,LOABS,PULV LOW SEAL AIR HDR DIFF PRESS,RTN,1,4.11357,4,INH2O,!WP1001!WP1002!WP1003!WP1006!WP1007!WP1014!hist14!CP1004,1
2026-07-17 09:55:41.6,1PDF,SLPSL0001,PULV LOW SEAL AIR HDR DIFF PRESS,,LOABS,PULV LOW SEAL AIR HDR DIFF PRESS,ALM,1,3.99229,4,INH2O,!WP1001!WP1002!WP1003!WP1006!WP1007!WP1014!hist14!CP1004,1
2026-07-17 09:55:42.6,1PDF,SLPSL0001,PULV LOW SEAL AIR HDR DIFF PRESS,,LOABS,PULV LOW SEAL AIR HDR DIFF PRESS,RTN,1,4.0043,4,INH2O,!WP1001!WP1002!WP1003!WP1006!WP1007!WP1014!hist14!CP1004,1
2026-07-17 09:55:43.6,1PDF,SLPSL0001,PULV LOW SEAL AIR HDR DIFF PRESS,,LOABS,PULV LOW SEAL AIR HDR DIFF PRESS,ALM,1,3.93955,4,INH2O,!WP1001!WP1002!WP1003!WP1006!WP1007!WP1014!hist14!CP1004,1
2026-07-17 09:56:34.0,1BCS_7,IKTE3741,REHEAT TEMP LEFT (REDUNDANT),,HIABS,HIGH,ALM,1,1012.18,1012.18,DEG.F,!WP1002!WP1006!WP1007!WP1001!WP1003!WP1014!hist14!CP1007,1
2026-07-17 09:56:49.0,PAC_PLC,ACI_FDR_A_TR,ACI FDR A AC-WIC-5007 TRBLE ALM,,CHANGE,PAC FEEDER A TROUBLE,ALM,1,,,,!WP1001!WP1002!WP1003!WP1006!WP1007!WP1014!hist14!CP1003,1
2026-07-17 09:56:56.0,PAC_PLC,ACI_FDR_A_TR,ACI FDR A AC-WIC-5007 TRBLE ALM,,CHANGE,PAC FEEDER A TROUBLE,ALM,1,,,,!WP1001!WP1002!WP1003!WP1006!WP1007!WP1014!hist14!CP1003,1
2026-07-17 09:57:37.6,1PDF,SLPSL0001,PULV LOW SEAL AIR HDR DIFF PRESS,,LOABS,PULV LOW SEAL AIR HDR DIFF PRESS,RTN,1,4.03037,4,INH2O,!WP1001!WP1002!WP1003!WP1006!WP1007!WP1014!hist14!CP1004,1
2026-07-17 09:57:49.0,1BCS_7,IKTE3741,REHEAT TEMP LEFT (REDUNDANT),,HIABS,HIGH,RTN,1,1007.14,1012.18,DEG.F,!WP1002!WP1006!WP1007!WP1001!WP1003!WP1014!hist14!CP1007,1
2026-07-17 09:59:31.6,1PDF,SLPSL0001,PULV LOW SEAL AIR HDR DIFF PRESS,,LOABS,PULV LOW SEAL AIR HDR DIFF PRESS,ALM,1,3.9416,4,INH2O,!WP1001!WP1002!WP1003!WP1006!WP1007!WP1014!hist14!CP1004,1
2026-07-17 09:59:36.6,1PDF,SLPSL0001,PULV LOW SEAL AIR HDR DIFF PRESS,,LOABS,PULV LOW SEAL AIR HDR DIFF PRESS,RTN,1,4.06201,4,INH2O,!WP1001!WP1002!WP1003!WP1006!WP1007!WP1014!hist14!CP1004,1
2026-07-17 09:59:37.6,1PDF,SLPSL0001,PULV LOW SEAL AIR HDR DIFF PRESS,,LOABS,PULV LOW SEAL AIR HDR DIFF PRESS,ALM,1,3.9457,4,INH2O,!WP1001!WP1002!WP1003!WP1006!WP1007!WP1014!hist14!CP1004,1
2026-07-17 09:59:40.0,1AR_LS,DEV_5803,LS SYS B,,STATE,VALVE 5803 DEVIATION,ALM,3,,,,!WP1001!WP1002!WP1003!WP1006!WP1007!WP1014!hist14!CP1017,1
2026-07-17 10:00:09.6,1PDF,SLPSL0001,PULV LOW SEAL AIR HDR DIFF PRESS,,LOABS,PULV LOW SEAL AIR HDR DIFF PRESS,RTN,1,4.02539,4,INH2O,!WP1001!WP1002!WP1003!WP1006!WP1007!WP1014!hist14!CP1004,1
2026-07-17 10:00:11.6,1PDF,SLPSL0001,PULV LOW SEAL AIR HDR DIFF PRESS,,LOABS,PULV LOW SEAL AIR HDR DIFF PRESS,ALM,1,3.93867,4,INH2O,!WP1001!WP1002!WP1003!WP1006!WP1007!WP1014!hist14!CP1004,1
2026-07-17 10:00:36.4,1AR_LS,DEV_5803,LS SYS B,,STATE,,RTN,3,,,,!WP1001!WP1002!WP1003!WP1006!WP1007!WP1014!hist14!CP1017,1
2026-07-17 10:01:53.2,1FG_B_HYD,MO5750B_ASTR,BF B HYD OIL CLR B AUTOSTART,,STATE,ON A FAILURE,ALM,3,,,,!WP1001!WP1002!WP1003!WP1006!WP1007!WP1014!hist14!CP1015,1
2026-07-17 10:01:53.2,1FG_B_HYD,TSHL5742A,BF B HYD OIL TANK ALM,HYDRAULIC OIL,HIABS,HI ALARM,ALM,1,122.023,122,DEGF,!WP1001!WP1002!WP1003!WP1006!WP1007!WP1014!hist14!CP1015,1
2026-07-17 10:01:55.2,1FG_B_HYD,MO5750B_ASTR,BF B HYD OIL CLR B AUTOSTART,,STATE,NORMAL,RTN,3,,,,!WP1001!WP1002!WP1003!WP1006!WP1007!WP1014!hist14!CP1015,1
2026-07-17 10:02:39.4,1WB_DEV,AA_JJ_DEV,AUX AIR JJ ANY DEV,,STATE,NORMAL,RTN,5,,,DEGF,,0
2026-07-17 10:03:56.2,1FG_B_HYD,TSHL5742A,BF B HYD OIL TANK ALM,HYDRAULIC OIL,HIABS,HI ALARM,RTN,1,121.484,122,DEGF,!WP1001!WP1002!WP1003!WP1006!WP1007!WP1014!hist14!CP1015,1
2026-07-17 10:04:28.6,1PDF,SLPSL0001,PULV LOW SEAL AIR HDR DIFF PRESS,,LOABS,PULV LOW SEAL AIR HDR DIFF PRESS,RTN,1,4.12354,4,INH2O,!WP1001!WP1002!WP1003!WP1006!WP1007!WP1014!hist14!CP1004,1
2026-07-17 10:04:31.6,1PDF,SLPSL0001,PULV LOW SEAL AIR HDR DIFF PRESS,,LOABS,PULV LOW SEAL AIR HDR DIFF PRESS,ALM,1,3.96826,4,INH2O,!WP1001!WP1002!WP1003!WP1006!WP1007!WP1014!hist14!CP1004,1
2026-07-17 10:04:32.6,1PDF,SLPSL0001,PULV LOW SEAL AIR HDR DIFF PRESS,,LOABS,PULV LOW SEAL AIR HDR DIFF PRESS,RTN,1,4.04883,4,INH2O,!WP1001!WP1002!WP1003!WP1006!WP1007!WP1014!hist14!CP1004,1
2026-07-17 10:04:33.6,1PDF,SLPSL0001,PULV LOW SEAL AIR HDR DIFF PRESS,,LOABS,PULV LOW SEAL AIR HDR DIFF PRESS,ALM,1,3.79746,4,INH2O,!WP1001!WP1002!WP1003!WP1006!WP1007!WP1014!hist14!CP1004,1
2026-07-17 10:05:54.6,1PDF,SLPSL0001,PULV LOW SEAL AIR HDR DIFF PRESS,,LOABS,PULV LOW SEAL AIR HDR DIFF PRESS,RTN,1,4.00635,4,INH2O,!WP1001!WP1002!WP1003!WP1006!WP1007!WP1014!hist14!CP1004,1
2026-07-17 10:05:55.6,1PDF,SLPSL0001,PULV LOW SEAL AIR HDR DIFF PRESS,,LOABS,PULV LOW SEAL AIR HDR DIFF PRESS,ALM,1,3.89443,4,INH2O,!WP1001!WP1002!WP1003!WP1006!WP1007!WP1014!hist14!CP1004,1
2026-07-17 10:05:56.6,1PDF,SLPSL0001,PULV LOW SEAL AIR HDR DIFF PRESS,,LOABS,PULV LOW SEAL AIR HDR DIFF PRESS,RTN,1,4.00518,4,INH2O,!WP1001!WP1002!WP1003!WP1006!WP1007!WP1014!hist14!CP1004,1
2026-07-17 10:05:57.6,1PDF,SLPSL0001,PULV LOW SEAL AIR HDR DIFF PRESS,,LOABS,PULV LOW SEAL AIR HDR DIFF PRESS,ALM,1,3.87217,4,INH2O,!WP1001!WP1002!WP1003!WP1006!WP1007!WP1014!hist14!CP1004,1
2026-07-17 10:06:00.6,1PDF,SLPSL0001,PULV LOW SEAL AIR HDR DIFF PRESS,,LOABS,PULV LOW SEAL AIR HDR DIFF PRESS,RTN,1,4.04648,4,INH2O,!WP1001!WP1002!WP1003!WP1006!WP1007!WP1014!hist14!CP1004,1
2026-07-17 10:08:03.6,1PDF,SLPSL0001,PULV LOW SEAL AIR HDR DIFF PRESS,,LOABS,PULV LOW SEAL AIR HDR DIFF PRESS,ALM,1,3.92607,4,INH2O,!WP1001!WP1002!WP1003!WP1006!WP1007!WP1014!hist14!CP1004,1
2026-07-17 10:08:08.6,1PDF,SLPSL0001,PULV LOW SEAL AIR HDR DIFF PRESS,,LOABS,PULV LOW SEAL AIR HDR DIFF PRESS,RTN,1,4.00957,4,INH2O,!WP1001!WP1002!WP1003!WP1006!WP1007!WP1014!hist14!CP1004,1
2026-07-17 10:08:10.6,1PDF,SLPSL0001,PULV LOW SEAL AIR HDR DIFF PRESS,,LOABS,PULV LOW SEAL AIR HDR DIFF PRESS,ALM,1,3.98613,4,INH2O,!WP1001!WP1002!WP1003!WP1006!WP1007!WP1014!hist14!CP1004,1
2026-07-17 10:08:14.6,1PDF,SLPSL0001,PULV LOW SEAL AIR HDR DIFF PRESS,,LOABS,PULV LOW SEAL AIR HDR DIFF PRESS,RTN,1,4.01484,4,INH2O,!WP1001!WP1002!WP1003!WP1006!WP1007!WP1014!hist14!CP1004,1
2026-07-17 10:08:20.6,1PDF,SLPSL0001,PULV LOW SEAL AIR HDR DIFF PRESS,,LOABS,PULV LOW SEAL AIR HDR DIFF PRESS,ALM,1,3.97383,4,INH2O,!WP1001!WP1002!WP1003!WP1006!WP1007!WP1014!hist14!CP1004,1
2026-07-17 10:08:21.6,1PDF,SLPSL0001,PULV LOW SEAL AIR HDR DIFF PRESS,,LOABS,PULV LOW SEAL AIR HDR DIFF PRESS,RTN,1,4.1209,4,INH2O,!WP1001!WP1002!WP1003!WP1006!WP1007!WP1014!hist14!CP1004,1
2026-07-17 10:08:37.6,1PDF,SLPSL0001,PULV LOW SEAL AIR HDR DIFF PRESS,,LOABS,PULV LOW SEAL AIR HDR DIFF PRESS,ALM,1,3.92725,4,INH2O,!WP1001!WP1002!WP1003!WP1006!WP1007!WP1014!hist14!CP1004,1
2026-07-17 10:08:38.6,1PDF,SLPSL0001,PULV LOW SEAL AIR HDR DIFF PRESS,,LOABS,PULV LOW SEAL AIR HDR DIFF PRESS,RTN,1,4.08604,4,INH2O,!WP1001!WP1002!WP1003!WP1006!WP1007!WP1014!hist14!CP1004,1
2026-07-17 10:08:39.6,1PDF,SLPSL0001,PULV LOW SEAL AIR HDR DIFF PRESS,,LOABS,PULV LOW SEAL AIR HDR DIFF PRESS,ALM,1,3.93516,4,INH2O,!WP1001!WP1002!WP1003!WP1006!WP1007!WP1014!hist14!CP1004,1
2026-07-17 10:08:40.6,1PDF,SLPSL0001,PULV LOW SEAL AIR HDR DIFF PRESS,,LOABS,PULV LOW SEAL AIR HDR DIFF PRESS,RTN,1,4.08574,4,INH2O,!WP1001!WP1002!WP1003!WP1006!WP1007!WP1014!hist14!CP1004,1
2026-07-17 10:08:43.6,1PDF,SLPSL0001,PULV LOW SEAL AIR HDR DIFF PRESS,,LOABS,PULV LOW SEAL AIR HDR DIFF PRESS,ALM,1,3.90703,4,INH2O,!WP1001!WP1002!WP1003!WP1006!WP1007!WP1014!hist14!CP1004,1
2026-07-17 10:09:20.6,1PDF,SLPSL0001,PULV LOW SEAL AIR HDR DIFF PRESS,,LOABS,PULV LOW SEAL AIR HDR DIFF PRESS,RTN,1,4.03066,4,INH2O,!WP1001!WP1002!WP1003!WP1006!WP1007!WP1014!hist14!CP1004,1
2026-07-17 10:09:21.6,1PDF,SLPSL0001,PULV LOW SEAL AIR HDR DIFF PRESS,,LOABS,PULV LOW SEAL AIR HDR DIFF PRESS,ALM,1,3.94043,4,INH2O,!WP1001!WP1002!WP1003!WP1006!WP1007!WP1014!hist14!CP1004,1
2026-07-17 10:09:22.6,1PDF,SLPSL0001,PULV LOW SEAL AIR HDR DIFF PRESS,,LOABS,PULV LOW SEAL AIR HDR DIFF PRESS,RTN,1,4.08662,4,INH2O,!WP1001!WP1002!WP1003!WP1006!WP1007!WP1014!hist14!CP1004,1
2026-07-17 10:09:27.6,1PDF,SLPSL0001,PULV LOW SEAL AIR HDR DIFF PRESS,,LOABS,PULV LOW SEAL AIR HDR DIFF PRESS,ALM,1,3.93838,4,INH2O,!WP1001!WP1002!WP1003!WP1006!WP1007!WP1014!hist14!CP1004,1
2026-07-17 10:09:31.6,1PDF,SLPSL0001,PULV LOW SEAL AIR HDR DIFF PRESS,,LOABS,PULV LOW SEAL AIR HDR DIFF PRESS,RTN,1,4.11973,4,INH2O,!WP1001!WP1002!WP1003!WP1006!WP1007!WP1014!hist14!CP1004,1
2026-07-17 10:09:36.6,1PDF,SLPSL0001,PULV LOW SEAL AIR HDR DIFF PRESS,,LOABS,PULV LOW SEAL AIR HDR DIFF PRESS,ALM,1,3.89238,4,INH2O,!WP1001!WP1002!WP1003!WP1006!WP1007!WP1014!hist14!CP1004,1
2026-07-17 10:09:40.6,1PDF,SLPSL0001,PULV LOW SEAL AIR HDR DIFF PRESS,,LOABS,PULV LOW SEAL AIR HDR DIFF PRESS,RTN,1,4.0166,4,INH2O,!WP1001!WP1002!WP1003!WP1006!WP1007!WP1014!hist14!CP1004,1
2026-07-17 10:09:44.6,1PDF,SLPSL0001,PULV LOW SEAL AIR HDR DIFF PRESS,,LOABS,PULV LOW SEAL AIR HDR DIFF PRESS,ALM,1,3.93721,4,INH2O,!WP1001!WP1002!WP1003!WP1006!WP1007!WP1014!hist14!CP1004,1
2026-07-17 10:09:47.6,1PDF,SLPSL0001,PULV LOW SEAL AIR HDR DIFF PRESS,,LOABS,PULV LOW SEAL AIR HDR DIFF PRESS,RTN,1,4.09102,4,INH2O,!WP1001!WP1002!WP1003!WP1006!WP1007!WP1014!hist14!CP1004,1
2026-07-17 10:09:51.6,1PDF,SLPSL0001,PULV LOW SEAL AIR HDR DIFF PRESS,,LOABS,PULV LOW SEAL AIR HDR DIFF PRESS,ALM,1,3.99229,4,INH2O,!WP1001!WP1002!WP1003!WP1006!WP1007!WP1014!hist14!CP1004,1
2026-07-17 10:09:54.6,1PDF,SLPSL0001,PULV LOW SEAL AIR HDR DIFF PRESS,,LOABS,PULV LOW SEAL AIR HDR DIFF PRESS,RTN,1,4.06641,4,INH2O,!WP1001!WP1002!WP1003!WP1006!WP1007!WP1014!hist14!CP1004,1
2026-07-17 10:09:55.6,1PDF,SLPSL0001,PULV LOW SEAL AIR HDR DIFF PRESS,,LOABS,PULV LOW SEAL AIR HDR DIFF PRESS,ALM,1,3.99668,4,INH2O,!WP1001!WP1002!WP1003!WP1006!WP1007!WP1014!hist14!CP1004,1
2026-07-17 10:09:56.6,1PDF,SLPSL0001,PULV LOW SEAL AIR HDR DIFF PRESS,,LOABS,PULV LOW SEAL AIR HDR DIFF PRESS,RTN,1,4.07842,4,INH2O,!WP1001!WP1002!WP1003!WP1006!WP1007!WP1014!hist14!CP1004,1
2026-07-17 10:09:57.6,1PDF,SLPSL0001,PULV LOW SEAL AIR HDR DIFF PRESS,,LOABS,PULV LOW SEAL AIR HDR DIFF PRESS,ALM,1,3.95859,4,INH2O,!WP1001!WP1002!WP1003!WP1006!WP1007!WP1014!hist14!CP1004,1
2026-07-17 10:09:58.6,1PDF,SLPSL0001,PULV LOW SEAL AIR HDR DIFF PRESS,,LOABS,PULV LOW SEAL AIR HDR DIFF PRESS,RTN,1,4.04971,4,INH2O,!WP1001!WP1002!WP1003!WP1006!WP1007!WP1014!hist14!CP1004,1
2026-07-17 10:09:59.6,1PDF,SLPSL0001,PULV LOW SEAL AIR HDR DIFF PRESS,,LOABS,PULV LOW SEAL AIR HDR DIFF PRESS,ALM,1,3.99639,4,INH2O,!WP1001!WP1002!WP1003!WP1006!WP1007!WP1014!hist14!CP1004,1
2026-07-17 10:10:02.6,1PDF,SLPSL0001,PULV LOW SEAL AIR HDR DIFF PRESS,,LOABS,PULV LOW SEAL AIR HDR DIFF PRESS,RTN,1,4.0166,4,INH2O,!WP1001!WP1002!WP1003!WP1006!WP1007!WP1014!hist14!CP1004,1
2026-07-17 10:10:05.6,1PDF,SLPSL0001,PULV LOW SEAL AIR HDR DIFF PRESS,,LOABS,PULV LOW SEAL AIR HDR DIFF PRESS,ALM,1,3.99844,4,INH2O,!WP1001!WP1002!WP1003!WP1006!WP1007!WP1014!hist14!CP1004,1
2026-07-17 10:10:06.6,1PDF,SLPSL0001,PULV LOW SEAL AIR HDR DIFF PRESS,,LOABS,PULV LOW SEAL AIR HDR DIFF PRESS,RTN,1,4.14961,4,INH2O,!WP1001!WP1002!WP1003!WP1006!WP1007!WP1014!hist14!CP1004,1
2026-07-17 10:10:35.4,1WB_DEV,AA_JJ_DEV,AUX AIR JJ ANY DEV,,STATE,DEVIATION,ALM,5,,,US/CM,,0
2026-07-17 10:11:06.6,1DAS10,IACE3001,COND MAKE-UP      CATION CNDCT,,HIABS,HIGH,RTN,1,0.279844,0.3,US/CM,!WP1002!WP1006!WP1007!WP1001!WP1003!WP1014!hist14!CP1008,1
2026-07-17 10:12:11.6,1PDF,SLPSL0001,PULV LOW SEAL AIR HDR DIFF PRESS,,LOABS,PULV LOW SEAL AIR HDR DIFF PRESS,ALM,1,3.96006,4,INH2O,!WP1001!WP1002!WP1003!WP1006!WP1007!WP1014!hist14!CP1004,1
2026-07-17 10:13:36.6,1PDF,SLPSL0001,PULV LOW SEAL AIR HDR DIFF PRESS,,LOABS,PULV LOW SEAL AIR HDR DIFF PRESS,RTN,1,4.03066,4,INH2O,!WP1001!WP1002!WP1003!WP1006!WP1007!WP1014!hist14!CP1004,1
2026-07-17 10:13:37.6,1PDF,SLPSL0001,PULV LOW SEAL AIR HDR DIFF PRESS,,LOABS,PULV LOW SEAL AIR HDR DIFF PRESS,ALM,1,3.97119,4,INH2O,!WP1001!WP1002!WP1003!WP1006!WP1007!WP1014!hist14!CP1004,1
2026-07-17 10:13:43.6,1PDF,SLPSL0001,PULV LOW SEAL AIR HDR DIFF PRESS,,LOABS,PULV LOW SEAL AIR HDR DIFF PRESS,RTN,1,4.0708,4,INH2O,!WP1001!WP1002!WP1003!WP1006!WP1007!WP1014!hist14!CP1004,1
2026-07-17 10:13:46.6,1PDF,SLPSL0001,PULV LOW SEAL AIR HDR DIFF PRESS,,LOABS,PULV LOW SEAL AIR HDR DIFF PRESS,ALM,1,3.94688,4,INH2O,!WP1001!WP1002!WP1003!WP1006!WP1007!WP1014!hist14!CP1004,1
2026-07-17 10:14:02.6,1PDF,SLPSL0001,PULV LOW SEAL AIR HDR DIFF PRESS,,LOABS,PULV LOW SEAL AIR HDR DIFF PRESS,RTN,1,4.00283,4,INH2O,!WP1001!WP1002!WP1003!WP1006!WP1007!WP1014!hist14!CP1004,1
2026-07-17 10:14:03.6,1PDF,SLPSL0001,PULV LOW SEAL AIR HDR DIFF PRESS,,LOABS,PULV LOW SEAL AIR HDR DIFF PRESS,ALM,1,3.97969,4,INH2O,!WP1001!WP1002!WP1003!WP1006!WP1007!WP1014!hist14!CP1004,1
2026-07-17 10:14:14.6,1PDF,SLPSL0001,PULV LOW SEAL AIR HDR DIFF PRESS,,LOABS,PULV LOW SEAL AIR HDR DIFF PRESS,RTN,1,4.04355,4,INH2O,!WP1001!WP1002!WP1003!WP1006!WP1007!WP1014!hist14!CP1004,1
2026-07-17 10:16:07.0,IDFAN_PEEC,OPCY_ALM,PRECIP OUT > 50%,PRECIP OUTLET,STATE,ALARM,ALM,3,,,,!WP1001!WP1002!WP1003!WP1006!WP1007!WP1014!hist14!CP1003,1
2026-07-17 10:16:12.5,IDFAN_PEEC,OPCY_ALM,PRECIP OUT > 50%,PRECIP OUTLET,STATE,NORMAL,RTN,3,,,,!WP1001!WP1002!WP1003!WP1006!WP1007!WP1014!hist14!CP1003,1
2026-07-17 10:16:41.0,IDFAN_PEEC,OPCY_ALM,PRECIP OUT > 50%,PRECIP OUTLET,STATE,ALARM,ALM,3,,,,!WP1001!WP1002!WP1003!WP1006!WP1007!WP1014!hist14!CP1003,1
2026-07-17 10:16:48.0,IDFAN_PEEC,OPCY_ALM,PRECIP OUT > 50%,PRECIP OUTLET,STATE,NORMAL,RTN,3,,,,!WP1001!WP1002!WP1003!WP1006!WP1007!WP1014!hist14!CP1003,1
2026-07-17 10:16:53.5,IDFAN_PEEC,OPCY_ALM,PRECIP OUT > 50%,PRECIP OUTLET,STATE,ALARM,ALM,3,,,,!WP1001!WP1002!WP1003!WP1006!WP1007!WP1014!hist14!CP1003,1
2026-07-17 10:16:59.0,IDFAN_PEEC,OPCY_ALM,PRECIP OUT > 50%,PRECIP OUTLET,STATE,NORMAL,RTN,3,,,,!WP1001!WP1002!WP1003!WP1006!WP1007!WP1014!hist14!CP1003,1
2026-07-17 10:17:08.0,IDFAN_PEEC,OPCY_ALM,PRECIP OUT > 50%,PRECIP OUTLET,STATE,ALARM,ALM,3,,,,!WP1001!WP1002!WP1003!WP1006!WP1007!WP1014!hist14!CP1003,1
2026-07-17 10:17:22.0,IDFAN_PEEC,OPCY_ALM,PRECIP OUT > 50%,PRECIP OUTLET,STATE,NORMAL,RTN,3,,,,!WP1001!WP1002!WP1003!WP1006!WP1007!WP1014!hist14!CP1003,1
2026-07-17 10:17:33.0,IDFAN_PEEC,OPCY_ALM,PRECIP OUT > 50%,PRECIP OUTLET,STATE,ALARM,ALM,3,,,,!WP1001!WP1002!WP1003!WP1006!WP1007!WP1014!hist14!CP1003,1
2026-07-17 10:17:37.6,1PDF,SLPSL0001,PULV LOW SEAL AIR HDR DIFF PRESS,,LOABS,PULV LOW SEAL AIR HDR DIFF PRESS,ALM,1,3.9583,4,INH2O,!WP1001!WP1002!WP1003!WP1006!WP1007!WP1014!hist14!CP1004,1
2026-07-17 10:17:42.5,IDFAN_PEEC,OPCY_ALM,PRECIP OUT > 50%,PRECIP OUTLET,STATE,NORMAL,RTN,3,,,,!WP1001!WP1002!WP1003!WP1006!WP1007!WP1014!hist14!CP1003,1
2026-07-17 10:19:53.6,1PDF,SLPSL0001,PULV LOW SEAL AIR HDR DIFF PRESS,,LOABS,PULV LOW SEAL AIR HDR DIFF PRESS,RTN,1,4.01455,4,INH2O,!WP1001!WP1002!WP1003!WP1006!WP1007!WP1014!hist14!CP1004,1
2026-07-17 10:21:51.5,IDFAN_PEEC,OPCY_ALM,PRECIP OUT > 50%,PRECIP OUTLET,STATE,ALARM,ALM,3,,,,!WP1001!WP1002!WP1003!WP1006!WP1007!WP1014!hist14!CP1003,1
2026-07-17 10:22:00.5,1BCS_7,IKTE3751,REHEAT TEMP RIGHT (REDUNDANT),,HIABS,HIGH,ALM,1,1012.23,1012.18,DEG.F,!WP1002!WP1006!WP1007!WP1001!WP1003!WP1014!hist14!CP1007,1
2026-07-17 10:22:08.5,1BCS_7,IKTE3451,REHEAT TEMP RIGHT (NORM),,HIABS,HIGH,ALM,1,1012.2,1012.18,DEG.F,!WP1002!WP1006!WP1007!WP1001!WP1003!WP1014!hist14!CP1007,1
2026-07-17 10:22:14.7,1FG_B,ZSH5701A,BF B BLADE PITCH,,HIABS,BLADE PITCH ALARM,ALM,3,70.002,70,%,!WP1001!WP1002!WP1003!WP1006!WP1007!WP1014!hist14!CP1015,1
2026-07-17 10:22:15.7,1FG_A,ZSH5601A,BF A BLADE PITCH,,HIABS,BLADE PITCH ALARM,ALM,3,70.002,70,%,!WP1001!WP1002!WP1003!WP1006!WP1007!WP1014!hist14!CP1015,1
2026-07-17 10:22:25.7,1SEAL_AIR,PDI5735_ALM,BF B OUT DMPR SEAL CAV D/P LOW,,STATE,DP ALARM ACTIVE,ALM,3,,,,!WP1001!WP1002!WP1003!WP1006!WP1007!WP1014!hist14!CP1015,1
2026-07-17 10:23:09.6,1PDF,SLPSL0001,PULV LOW SEAL AIR HDR DIFF PRESS,,LOABS,PULV LOW SEAL AIR HDR DIFF PRESS,ALM,1,3.86982,4,INH2O,!WP1001!WP1002!WP1003!WP1006!WP1007!WP1014!hist14!CP1004,1
2026-07-17 10:23:31.5,1BCS_7,IKTE3451,REHEAT TEMP RIGHT (NORM),,HIABS,HIGH,RTN,1,1007.14,1012.18,DEG.F,!WP1002!WP1006!WP1007!WP1001!WP1003!WP1014!hist14!CP1007,1
2026-07-17 10:23:37.0,1BCS_7,IKTE3751,REHEAT TEMP RIGHT (REDUNDANT),,HIABS,HIGH,RTN,1,1007.16,1012.18,DEG.F,!WP1002!WP1006!WP1007!WP1001!WP1003!WP1014!hist14!CP1007,1
2026-07-17 10:23:39.6,1PDF,SLPSL0001,PULV LOW SEAL AIR HDR DIFF PRESS,,LOABS,PULV LOW SEAL AIR HDR DIFF PRESS,RTN,1,4.03184,4,INH2O,!WP1001!WP1002!WP1003!WP1006!WP1007!WP1014!hist14!CP1004,1
2026-07-17 10:23:53.6,1PDF,SLPSL0001,PULV LOW SEAL AIR HDR DIFF PRESS,,LOABS,PULV LOW SEAL AIR HDR DIFF PRESS,ALM,1,3.93369,4,INH2O,!WP1001!WP1002!WP1003!WP1006!WP1007!WP1014!hist14!CP1004,1
2026-07-17 10:24:00.6,1PDF,SLPSL0001,PULV LOW SEAL AIR HDR DIFF PRESS,,LOABS,PULV LOW SEAL AIR HDR DIFF PRESS,RTN,1,4.08164,4,INH2O,!WP1001!WP1002!WP1003!WP1006!WP1007!WP1014!hist14!CP1004,1
2026-07-17 10:24:02.6,1PDF,SLPSL0001,PULV LOW SEAL AIR HDR DIFF PRESS,,LOABS,PULV LOW SEAL AIR HDR DIFF PRESS,ALM,1,3.96563,4,INH2O,!WP1001!WP1002!WP1003!WP1006!WP1007!WP1014!hist14!CP1004,1
2026-07-17 10:24:05.6,1PDF,SLPSL0001,PULV LOW SEAL AIR HDR DIFF PRESS,,LOABS,PULV LOW SEAL AIR HDR DIFF PRESS,RTN,1,4.01631,4,INH2O,!WP1001!WP1002!WP1003!WP1006!WP1007!WP1014!hist14!CP1004,1
2026-07-17 10:24:10.0,1TC,B21,DROOP ACTIVE,DROOP,STATE,ACTIVE,ALM,5,,,,!hist14!CP1001,2
2026-07-17 10:24:10.6,1PDF,SLPSL0001,PULV LOW SEAL AIR HDR DIFF PRESS,,LOABS,PULV LOW SEAL AIR HDR DIFF PRESS,ALM,1,3.98262,4,INH2O,!WP1001!WP1002!WP1003!WP1006!WP1007!WP1014!hist14!CP1004,1
2026-07-17 10:24:11.6,1PDF,SLPSL0001,PULV LOW SEAL AIR HDR DIFF PRESS,,LOABS,PULV LOW SEAL AIR HDR DIFF PRESS,RTN,1,4.04121,4,INH2O,!WP1001!WP1002!WP1003!WP1006!WP1007!WP1014!hist14!CP1004,1
2026-07-17 10:24:12.6,1PDF,SLPSL0001,PULV LOW SEAL AIR HDR DIFF PRESS,,LOABS,PULV LOW SEAL AIR HDR DIFF PRESS,ALM,1,3.99316,4,INH2O,!WP1001!WP1002!WP1003!WP1006!WP1007!WP1014!hist14!CP1004,1
2026-07-17 10:24:13.4,1TC,B21,DROOP ACTIVE,DROOP,STATE,NORMAL,RTN,5,,,,!hist14!CP1001,2
2026-07-17 10:24:13.6,1PDF,SLPSL0001,PULV LOW SEAL AIR HDR DIFF PRESS,,LOABS,PULV LOW SEAL AIR HDR DIFF PRESS,RTN,1,4.09365,4,INH2O,!WP1001!WP1002!WP1003!WP1006!WP1007!WP1014!hist14!CP1004,1
2026-07-17 10:24:16.6,1PDF,SLPSL0001,PULV LOW SEAL AIR HDR DIFF PRESS,,LOABS,PULV LOW SEAL AIR HDR DIFF PRESS,ALM,1,3.92607,4,INH2O,!WP1001!WP1002!WP1003!WP1006!WP1007!WP1014!hist14!CP1004,1
2026-07-17 10:24:17.6,1PDF,SLPSL0001,PULV LOW SEAL AIR HDR DIFF PRESS,,LOABS,PULV LOW SEAL AIR HDR DIFF PRESS,RTN,1,4.00986,4,INH2O,!WP1001!WP1002!WP1003!WP1006!WP1007!WP1014!hist14!CP1004,1
2026-07-17 10:24:18.6,1PDF,SLPSL0001,PULV LOW SEAL AIR HDR DIFF PRESS,,LOABS,PULV LOW SEAL AIR HDR DIFF PRESS,ALM,1,3.9085,4,INH2O,!WP1001!WP1002!WP1003!WP1006!WP1007!WP1014!hist14!CP1004,1
2026-07-17 10:24:22.6,1PDF,SLPSL0001,PULV LOW SEAL AIR HDR DIFF PRESS,,LOABS,PULV LOW SEAL AIR HDR DIFF PRESS,RTN,1,4.01602,4,INH2O,!WP1001!WP1002!WP1003!WP1006!WP1007!WP1014!hist14!CP1004,1
2026-07-17 10:24:46.6,1PDF,SLPSL0001,PULV LOW SEAL AIR HDR DIFF PRESS,,LOABS,PULV LOW SEAL AIR HDR DIFF PRESS,ALM,1,3.99141,4,INH2O,!WP1001!WP1002!WP1003!WP1006!WP1007!WP1014!hist14!CP1004,1
2026-07-17 10:24:47.6,1PDF,SLPSL0001,PULV LOW SEAL AIR HDR DIFF PRESS,,LOABS,PULV LOW SEAL AIR HDR DIFF PRESS,RTN,1,4.05,4,INH2O,!WP1001!WP1002!WP1003!WP1006!WP1007!WP1014!hist14!CP1004,1
2026-07-17 10:24:52.6,1PDF,SLPSL0001,PULV LOW SEAL AIR HDR DIFF PRESS,,LOABS,PULV LOW SEAL AIR HDR DIFF PRESS,ALM,1,3.96738,4,INH2O,!WP1001!WP1002!WP1003!WP1006!WP1007!WP1014!hist14!CP1004,1
2026-07-17 10:24:53.6,1PDF,SLPSL0001,PULV LOW SEAL AIR HDR DIFF PRESS,,LOABS,PULV LOW SEAL AIR HDR DIFF PRESS,RTN,1,4.08047,4,INH2O,!WP1001!WP1002!WP1003!WP1006!WP1007!WP1014!hist14!CP1004,1
2026-07-17 10:25:17.4,1FP,B86,ID FAN C INLET DAMPER FEEDBACK,,HHABS,ID FAN C DAMPER 80 %,ALM,1,80.0024,80,PCT,!WP1001!WP1002!WP1003!WP1006!WP1007!WP1014!hist14!CP1001,1
2026-07-17 10:25:18.0,1FP,B58,ID FAN B INLET DAMPER FEEDBACK,,HHABS,IDF B DAMPER 80%,ALM,1,80.0012,80,PCT,!WP1001!WP1002!WP1003!WP1006!WP1007!WP1014!hist14!CP1001,1
2026-07-17 10:25:19.0,1FP,B56,ID FAN A INLET DAMPER FEEDBACK,,HHABS,ID FAN A DAMPER 80 %,ALM,1,80.0232,80,PCT,!WP1001!WP1002!WP1003!WP1006!WP1007!WP1014!hist14!CP1001,1
2026-07-17 10:25:21.7,1FG_B,5706TX_ALM,BF B INLET OUTLET PRESS,FGPDIT5706,STATE,BF B INLET/OUTLET PRESS DEV,ALM,3,,,,!WP1001!WP1002!WP1003!WP1006!WP1007!WP1014!hist14!CP1015,1
2026-07-17 10:26:04.0,IDFAN_PEEC,BHAIT5000,PRECIP OUTLET DUCT OPACITY,PREC OUTLET O,HIABS,PREC OUTLET OPACITY HIGH,ALM,5,73.541,70,%,!WP1001!WP1002!WP1003!WP1006!WP1007!WP1014!hist14!CP1003,1
2026-07-17 10:26:10.6,1PDF,SLPSL0001,PULV LOW SEAL AIR HDR DIFF PRESS,,LOABS,PULV LOW SEAL AIR HDR DIFF PRESS,ALM,1,3.96797,4,INH2O,!WP1001!WP1002!WP1003!WP1006!WP1007!WP1014!hist14!CP1004,1
2026-07-17 10:26:11.6,1PDF,SLPSL0001,PULV LOW SEAL AIR HDR DIFF PRESS,,LOABS,PULV LOW SEAL AIR HDR DIFF PRESS,RTN,1,4.0002,4,INH2O,!WP1001!WP1002!WP1003!WP1006!WP1007!WP1014!hist14!CP1004,1
2026-07-17 10:26:16.6,1PDF,SLPSL0001,PULV LOW SEAL AIR HDR DIFF PRESS,,LOABS,PULV LOW SEAL AIR HDR DIFF PRESS,ALM,1,3.97588,4,INH2O,!WP1001!WP1002!WP1003!WP1006!WP1007!WP1014!hist14!CP1004,1
2026-07-17 10:26:20.6,1PDF,SLPSL0001,PULV LOW SEAL AIR HDR DIFF PRESS,,LOABS,PULV LOW SEAL AIR HDR DIFF PRESS,RTN,1,4.01572,4,INH2O,!WP1001!WP1002!WP1003!WP1006!WP1007!WP1014!hist14!CP1004,1
2026-07-17 10:26:23.6,1PDF,SLPSL0001,PULV LOW SEAL AIR HDR DIFF PRESS,,LOABS,PULV LOW SEAL AIR HDR DIFF PRESS,ALM,1,3.94365,4,INH2O,!WP1001!WP1002!WP1003!WP1006!WP1007!WP1014!hist14!CP1004,1
2026-07-17 10:26:47.5,IDFAN_PEEC,BHAIT5000,PRECIP OUTLET DUCT OPACITY,PREC OUTLET O,HIABS,PREC OUTLET OPACITY HIGH,RTN,5,69.4746,70,%,!WP1001!WP1002!WP1003!WP1006!WP1007!WP1014!hist14!CP1003,1
2026-07-17 10:26:51.4,1FP,B56,ID FAN A INLET DAMPER FEEDBACK,,HHABS,ID FAN A DAMPER 80 %,RTN,1,78.9803,80,PCT,!WP1001!WP1002!WP1003!WP1006!WP1007!WP1014!hist14!CP1001,1
2026-07-17 10:26:51.0,1FP,B58,ID FAN B INLET DAMPER FEEDBACK,,HHABS,IDF B DAMPER 80%,RTN,1,78.942,80,PCT,!WP1001!WP1002!WP1003!WP1006!WP1007!WP1014!hist14!CP1001,1
2026-07-17 10:26:52.4,1FP,B86,ID FAN C INLET DAMPER FEEDBACK,,HHABS,ID FAN C DAMPER 80 %,RTN,1,78.9222,80,PCT,!WP1001!WP1002!WP1003!WP1006!WP1007!WP1014!hist14!CP1001,1
2026-07-17 10:27:14.2,1FG_B,5706TX_ALM,BF B INLET OUTLET PRESS,FGPDIT5706,STATE,DEVIATION ALARM CLEAR,RTN,3,,,,!WP1001!WP1002!WP1003!WP1006!WP1007!WP1014!hist14!CP1015,1
2026-07-17 10:27:19.2,1FG_B,ZSH5701A,BF B BLADE PITCH,,HIABS,BLADE PITCH ALARM,RTN,3,69.873,70,%,!WP1001!WP1002!WP1003!WP1006!WP1007!WP1014!hist14!CP1015,1
2026-07-17 10:27:22.7,1FG_A,ZSH5601A,BF A BLADE PITCH,,HIABS,BLADE PITCH ALARM,RTN,3,69.8438,70,%,!WP1001!WP1002!WP1003!WP1006!WP1007!WP1014!hist14!CP1015,1
2026-07-17 10:27:44.6,1FUEL_SFTY,FPTX_ALM,DRAFT TRANSMITTER DEVIATION,,STATE,FURN DRAFT PRESS XMTR DEVIATION,ALM,5,,,,!WP1001!WP1002!WP1003!WP1006!WP1007!WP1014!hist14!CP1004,1
2026-07-17 10:27:48.5,IDFAN_PEEC,OPCY_ALM,PRECIP OUT > 50%,PRECIP OUTLET,STATE,NORMAL,RTN,3,,,,!WP1001!WP1002!WP1003!WP1006!WP1007!WP1014!hist14!CP1003,1
2026-07-17 10:27:51.5,IDFAN_PEEC,OPCY_ALM,PRECIP OUT > 50%,PRECIP OUTLET,STATE,ALARM,ALM,3,,,,!WP1001!WP1002!WP1003!WP1006!WP1007!WP1014!hist14!CP1003,1
2026-07-17 10:27:59.0,IDFAN_PEEC,OPCY_ALM,PRECIP OUT > 50%,PRECIP OUTLET,STATE,NORMAL,RTN,3,,,,!WP1001!WP1002!WP1003!WP1006!WP1007!WP1014!hist14!CP1003,1
2026-07-17 10:28:01.6,1FUEL_SFTY,FPTX_ALM,DRAFT TRANSMITTER DEVIATION,,STATE,NO DEVIATION,RTN,5,,,,!WP1001!WP1002!WP1003!WP1006!WP1007!WP1014!hist14!CP1004,1
2026-07-17 10:28:06.6,1FUEL_SFTY,FPTX_ALM,DRAFT TRANSMITTER DEVIATION,,STATE,FURN DRAFT PRESS XMTR DEVIATION,ALM,5,,,,!WP1001!WP1002!WP1003!WP1006!WP1007!WP1014!hist14!CP1004,1
2026-07-17 10:28:36.6,1PDF,SLPSL0001,PULV LOW SEAL AIR HDR DIFF PRESS,,LOABS,PULV LOW SEAL AIR HDR DIFF PRESS,RTN,1,4.03916,4,INH2O,!WP1001!WP1002!WP1003!WP1006!WP1007!WP1014!hist14!CP1004,1
2026-07-17 10:28:41.6,1FUEL_SFTY,FPTX_ALM,DRAFT TRANSMITTER DEVIATION,,STATE,NO DEVIATION,RTN,5,,,,!WP1001!WP1002!WP1003!WP1006!WP1007!WP1014!hist14!CP1004,1
2026-07-17 10:28:43.7,1SEAL_AIR,PDI5735_ALM,BF B OUT DMPR SEAL CAV D/P LOW,,STATE,DP ALARM CLEAR,RTN,3,,,,!WP1001!WP1002!WP1003!WP1006!WP1007!WP1014!hist14!CP1015,1
2026-07-17 10:29:43.2,1FG_A,ZSH5601A,BF A BLADE PITCH,,HIABS,BLADE PITCH ALARM,ALM,3,70.0273,70,%,!WP1001!WP1002!WP1003!WP1006!WP1007!WP1014!hist14!CP1015,1
2026-07-17 10:29:43.2,1FG_B,ZSH5701A,BF B BLADE PITCH,,HIABS,BLADE PITCH ALARM,ALM,3,70.0449,70,%,!WP1001!WP1002!WP1003!WP1006!WP1007!WP1014!hist14!CP1015,1
2026-07-17 10:30:01.6,1DAS10,IACE3001,COND MAKE-UP      CATION CNDCT,,HIABS,HIGH,ALM,1,0.300312,0.3,US/CM,!WP1002!WP1006!WP1007!WP1001!WP1003!WP1014!hist14!CP1008,1
2026-07-17 10:30:23.7,1SEAL_AIR,PDI5735_ALM,BF B OUT DMPR SEAL CAV D/P LOW,,STATE,DP ALARM ACTIVE,ALM,3,,,,!WP1001!WP1002!WP1003!WP1006!WP1007!WP1014!hist14!CP1015,1
2026-07-17 10:31:00.6,1PDF,SLPSL0001,PULV LOW SEAL AIR HDR DIFF PRESS,,LOABS,PULV LOW SEAL AIR HDR DIFF PRESS,ALM,1,3.90059,4,INH2O,!WP1001!WP1002!WP1003!WP1006!WP1007!WP1014!hist14!CP1004,1
2026-07-17 10:31:08.0,IDFAN_PEEC,OPCY_ALM,PRECIP OUT > 50%,PRECIP OUTLET,STATE,ALARM,ALM,3,,,,!WP1001!WP1002!WP1003!WP1006!WP1007!WP1014!hist14!CP1003,1
2026-07-17 10:31:09.5,IDFAN_PEEC,OPCY_ALM,PRECIP OUT > 50%,PRECIP OUTLET,STATE,NORMAL,RTN,3,,,,!WP1001!WP1002!WP1003!WP1006!WP1007!WP1014!hist14!CP1003,1
2026-07-17 10:31:15.6,1PDF,SLPSL0001,PULV LOW SEAL AIR HDR DIFF PRESS,,LOABS,PULV LOW SEAL AIR HDR DIFF PRESS,RTN,1,4.01777,4,INH2O,!WP1001!WP1002!WP1003!WP1006!WP1007!WP1014!hist14!CP1004,1
2026-07-17 10:31:17.6,1PDF,SLPSL0001,PULV LOW SEAL AIR HDR DIFF PRESS,,LOABS,PULV LOW SEAL AIR HDR DIFF PRESS,ALM,1,3.99814,4,INH2O,!WP1001!WP1002!WP1003!WP1006!WP1007!WP1014!hist14!CP1004,1
2026-07-17 10:31:26.0,IDFAN_PEEC,OPCY_ALM,PRECIP OUT > 50%,PRECIP OUTLET,STATE,ALARM,ALM,3,,,,!WP1001!WP1002!WP1003!WP1006!WP1007!WP1014!hist14!CP1003,1
2026-07-17 10:31:33.5,IDFAN_PEEC,OPCY_ALM,PRECIP OUT > 50%,PRECIP OUTLET,STATE,NORMAL,RTN,3,,,,!WP1001!WP1002!WP1003!WP1006!WP1007!WP1014!hist14!CP1003,1
2026-07-17 10:31:55.0,IDFAN_PEEC,OPCY_ALM,PRECIP OUT > 50%,PRECIP OUTLET,STATE,ALARM,ALM,3,,,,!WP1001!WP1002!WP1003!WP1006!WP1007!WP1014!hist14!CP1003,1
2026-07-17 10:31:59.7,1FG_B,ZSH5701A,BF B BLADE PITCH,,HIABS,BLADE PITCH ALARM,RTN,3,69.8984,70,%,!WP1001!WP1002!WP1003!WP1006!WP1007!WP1014!hist14!CP1015,1
2026-07-17 10:32:01.2,1FG_A,ZSH5601A,BF A BLADE PITCH,,HIABS,BLADE PITCH ALARM,RTN,3,69.8281,70,%,!WP1001!WP1002!WP1003!WP1006!WP1007!WP1014!hist14!CP1015,1
2026-07-17 10:32:02.0,IDFAN_PEEC,OPCY_ALM,PRECIP OUT > 50%,PRECIP OUTLET,STATE,NORMAL,RTN,3,,,,!WP1001!WP1002!WP1003!WP1006!WP1007!WP1014!hist14!CP1003,1
2026-07-17 10:32:06.6,1PDF,SLPSL0001,PULV LOW SEAL AIR HDR DIFF PRESS,,LOABS,PULV LOW SEAL AIR HDR DIFF PRESS,RTN,1,4.11299,4,INH2O,!WP1001!WP1002!WP1003!WP1006!WP1007!WP1014!hist14!CP1004,1
2026-07-17 10:32:07.6,1PDF,SLPSL0001,PULV LOW SEAL AIR HDR DIFF PRESS,,LOABS,PULV LOW SEAL AIR HDR DIFF PRESS,ALM,1,3.99844,4,INH2O,!WP1001!WP1002!WP1003!WP1006!WP1007!WP1014!hist14!CP1004,1
2026-07-17 10:32:08.6,1PDF,SLPSL0001,PULV LOW SEAL AIR HDR DIFF PRESS,,LOABS,PULV LOW SEAL AIR HDR DIFF PRESS,RTN,1,4.09219,4,INH2O,!WP1001!WP1002!WP1003!WP1006!WP1007!WP1014!hist14!CP1004,1
2026-07-17 10:32:18.7,1FG_A,ZSH5601A,BF A BLADE PITCH,,HIABS,BLADE PITCH ALARM,ALM,3,70.0391,70,%,!WP1001!WP1002!WP1003!WP1006!WP1007!WP1014!hist14!CP1015,1
2026-07-17 10:32:18.2,1FG_B,ZSH5701A,BF B BLADE PITCH,,HIABS,BLADE PITCH ALARM,ALM,3,70.1523,70,%,!WP1001!WP1002!WP1003!WP1006!WP1007!WP1014!hist14!CP1015,1
2026-07-17 10:35:09.4,1TC,B21,DROOP ACTIVE,DROOP,STATE,ACTIVE,ALM,5,,,,!hist14!CP1001,2
2026-07-17 10:35:12.0,1TC,B21,DROOP ACTIVE,DROOP,STATE,NORMAL,RTN,5,,,,!hist14!CP1001,2
2026-07-17 10:35:13.0,1TC,B21,DROOP ACTIVE,DROOP,STATE,ACTIVE,ALM,5,,,,!hist14!CP1001,2
2026-07-17 10:35:18.0,1TC,B21,DROOP ACTIVE,DROOP,STATE,NORMAL,RTN,5,,,,!hist14!CP1001,2
2026-07-17 10:35:19.4,1TC,B21,DROOP ACTIVE,DROOP,STATE,ACTIVE,ALM,5,,,,!hist14!CP1001,2
2026-07-17 10:35:23.0,1TC,B21,DROOP ACTIVE,DROOP,STATE,NORMAL,RTN,5,,,,!hist14!CP1001,2
2026-07-17 10:36:13.4,1RPF_VIB,ARVI15554F,AR PMP F MTR IBRD SHAFT VIB-DE4,,HHABS,,ALM,1,4.51328,4.5,MILS,!WP1001!WP1002!WP1003!WP1006!WP1007!WP1014!hist14!CP1017,1
2026-07-17 10:36:20.0,IDFAN_PEEC,OPCY_ALM,PRECIP OUT > 50%,PRECIP OUTLET,STATE,ALARM,ALM,3,,,,!WP1001!WP1002!WP1003!WP1006!WP1007!WP1014!hist14!CP1003,1
2026-07-17 10:36:32.0,IDFAN_PEEC,OPCY_ALM,PRECIP OUT > 50%,PRECIP OUTLET,STATE,NORMAL,RTN,3,,,,!WP1001!WP1002!WP1003!WP1006!WP1007!WP1014!hist14!CP1003,1
2026-07-17 10:36:43.0,IDFAN_PEEC,OPCY_ALM,PRECIP OUT > 50%,PRECIP OUTLET,STATE,ALARM,ALM,3,,,,!WP1001!WP1002!WP1003!WP1006!WP1007!WP1014!hist14!CP1003,1
2026-07-17 10:36:48.5,IDFAN_PEEC,OPCY_ALM,PRECIP OUT > 50%,PRECIP OUTLET,STATE,NORMAL,RTN,3,,,,!WP1001!WP1002!WP1003!WP1006!WP1007!WP1014!hist14!CP1003,1
2026-07-17 10:36:50.0,IDFAN_PEEC,OPCY_ALM,PRECIP OUT > 50%,PRECIP OUTLET,STATE,ALARM,ALM,3,,,,!WP1001!WP1002!WP1003!WP1006!WP1007!WP1014!hist14!CP1003,1
2026-07-17 10:37:07.0,IDFAN_PEEC,OPCY_ALM,PRECIP OUT > 50%,PRECIP OUTLET,STATE,NORMAL,RTN,3,,,,!WP1001!WP1002!WP1003!WP1006!WP1007!WP1014!hist14!CP1003,1
2026-07-17 10:37:07.4,1AB_SURGEA,FCVA153AL,LINE A TO SILO    B,TRANSPORT LIN,STATE,FAIL,ALM,3,,,,!WP1002!WP1011!WP1001!hist14!CP1020,1
2026-07-17 10:37:09.4,1AB_SURGEA,FCVA153AL,LINE A TO SILO    B,TRANSPORT LIN,STATE,OK,RTN,3,,,,!WP1002!WP1011!WP1001!hist14!CP1020,1
2026-07-17 10:37:11.0,IDFAN_PEEC,OPCY_ALM,PRECIP OUT > 50%,PRECIP OUTLET,STATE,ALARM,ALM,3,,,,!WP1001!WP1002!WP1003!WP1006!WP1007!WP1014!hist14!CP1003,1
2026-07-17 10:37:19.5,IDFAN_PEEC,OPCY_ALM,PRECIP OUT > 50%,PRECIP OUTLET,STATE,NORMAL,RTN,3,,,,!WP1001!WP1002!WP1003!WP1006!WP1007!WP1014!hist14!CP1003,1
2026-07-17 10:37:25.0,IDFAN_PEEC,OPCY_ALM,PRECIP OUT > 50%,PRECIP OUTLET,STATE,ALARM,ALM,3,,,,!WP1001!WP1002!WP1003!WP1006!WP1007!WP1014!hist14!CP1003,1
2026-07-17 10:37:42.6,1PDF,SLPSL0001,PULV LOW SEAL AIR HDR DIFF PRESS,,LOABS,PULV LOW SEAL AIR HDR DIFF PRESS,ALM,1,3.99785,4,INH2O,!WP1001!WP1002!WP1003!WP1006!WP1007!WP1014!hist14!CP1004,1
2026-07-17 10:37:45.7,1FG_B,5706TX_ALM,BF B INLET OUTLET PRESS,FGPDIT5706,STATE,BF B INLET/OUTLET PRESS DEV,ALM,3,,,,!WP1001!WP1002!WP1003!WP1006!WP1007!WP1014!hist14!CP1015,1
2026-07-17 10:37:46.6,1PDF,SLPSL0001,PULV LOW SEAL AIR HDR DIFF PRESS,,LOABS,PULV LOW SEAL AIR HDR DIFF PRESS,RTN,1,4.004,4,INH2O,!WP1001!WP1002!WP1003!WP1006!WP1007!WP1014!hist14!CP1004,1
2026-07-17 10:37:47.6,1PDF,SLPSL0001,PULV LOW SEAL AIR HDR DIFF PRESS,,LOABS,PULV LOW SEAL AIR HDR DIFF PRESS,ALM,1,3.95303,4,INH2O,!WP1001!WP1002!WP1003!WP1006!WP1007!WP1014!hist14!CP1004,1
2026-07-17 10:37:50.6,1PDF,SLPSL0001,PULV LOW SEAL AIR HDR DIFF PRESS,,LOABS,PULV LOW SEAL AIR HDR DIFF PRESS,RTN,1,4.06465,4,INH2O,!WP1001!WP1002!WP1003!WP1006!WP1007!WP1014!hist14!CP1004,1
2026-07-17 10:37:52.6,1PDF,SLPSL0001,PULV LOW SEAL AIR HDR DIFF PRESS,,LOABS,PULV LOW SEAL AIR HDR DIFF PRESS,ALM,1,3.99199,4,INH2O,!WP1001!WP1002!WP1003!WP1006!WP1007!WP1014!hist14!CP1004,1
2026-07-17 10:37:53.6,1PDF,SLPSL0001,PULV LOW SEAL AIR HDR DIFF PRESS,,LOABS,PULV LOW SEAL AIR HDR DIFF PRESS,RTN,1,4.02686,4,INH2O,!WP1001!WP1002!WP1003!WP1006!WP1007!WP1014!hist14!CP1004,1
2026-07-17 10:37:54.6,1PDF,SLPSL0001,PULV LOW SEAL AIR HDR DIFF PRESS,,LOABS,PULV LOW SEAL AIR HDR DIFF PRESS,ALM,1,3.95801,4,INH2O,!WP1001!WP1002!WP1003!WP1006!WP1007!WP1014!hist14!CP1004,1
2026-07-17 10:37:56.6,1PDF,SLPSL0001,PULV LOW SEAL AIR HDR DIFF PRESS,,LOABS,PULV LOW SEAL AIR HDR DIFF PRESS,RTN,1,4.01689,4,INH2O,!WP1001!WP1002!WP1003!WP1006!WP1007!WP1014!hist14!CP1004,1
2026-07-17 10:38:03.6,1PDF,SLPSL0001,PULV LOW SEAL AIR HDR DIFF PRESS,,LOABS,PULV LOW SEAL AIR HDR DIFF PRESS,ALM,1,3.99551,4,INH2O,!WP1001!WP1002!WP1003!WP1006!WP1007!WP1014!hist14!CP1004,1
2026-07-17 10:38:07.6,1PDF,SLPSL0001,PULV LOW SEAL AIR HDR DIFF PRESS,,LOABS,PULV LOW SEAL AIR HDR DIFF PRESS,RTN,1,4.05176,4,INH2O,!WP1001!WP1002!WP1003!WP1006!WP1007!WP1014!hist14!CP1004,1
2026-07-17 10:38:09.6,1PDF,SLPSL0001,PULV LOW SEAL AIR HDR DIFF PRESS,,LOABS,PULV LOW SEAL AIR HDR DIFF PRESS,ALM,1,3.97266,4,INH2O,!WP1001!WP1002!WP1003!WP1006!WP1007!WP1014!hist14!CP1004,1
2026-07-17 10:38:42.5,IDFAN_PEEC,OPCY_ALM,PRECIP OUT > 50%,PRECIP OUTLET,STATE,NORMAL,RTN,3,,,,!WP1001!WP1002!WP1003!WP1006!WP1007!WP1014!hist14!CP1003,1
2026-07-17 10:38:46.2,1FG_B,5706TX_ALM,BF B INLET OUTLET PRESS,FGPDIT5706,STATE,DEVIATION ALARM CLEAR,RTN,3,,,,!WP1001!WP1002!WP1003!WP1006!WP1007!WP1014!hist14!CP1015,1
2026-07-17 10:38:50.5,IDFAN_PEEC,OPCY_ALM,PRECIP OUT > 50%,PRECIP OUTLET,STATE,ALARM,ALM,3,,,,!WP1001!WP1002!WP1003!WP1006!WP1007!WP1014!hist14!CP1003,1
2026-07-17 10:38:52.1,1DAS10,IACE3211,COND MAKE-UP SPEC CNDCT,,HIABS,HIGH,ALM,1,0.300039,0.3,US/CM,!WP1002!WP1006!WP1007!WP1001!WP1003!WP1014!hist14!CP1008,1
2026-07-17 10:39:01.5,IDFAN_PEEC,OPCY_ALM,PRECIP OUT > 50%,PRECIP OUTLET,STATE,NORMAL,RTN,3,,,,!WP1001!WP1002!WP1003!WP1006!WP1007!WP1014!hist14!CP1003,1
2026-07-17 10:39:10.7,1FG_B,ZSH5701A,BF B BLADE PITCH,,HIABS,BLADE PITCH ALARM,RTN,3,69.875,70,%,!WP1001!WP1002!WP1003!WP1006!WP1007!WP1014!hist14!CP1015,1
2026-07-17 10:39:18.2,1FG_A,ZSH5601A,BF A BLADE PITCH,,HIABS,BLADE PITCH ALARM,RTN,3,69.8672,70,%,!WP1001!WP1002!WP1003!WP1006!WP1007!WP1014!hist14!CP1015,1
2026-07-17 10:39:40.6,1PDF,SLPSL0001,PULV LOW SEAL AIR HDR DIFF PRESS,,LOABS,PULV LOW SEAL AIR HDR DIFF PRESS,RTN,1,4.04502,4,INH2O,!WP1001!WP1002!WP1003!WP1006!WP1007!WP1014!hist14!CP1004,1
2026-07-17 10:39:41.6,1PDF,SLPSL0001,PULV LOW SEAL AIR HDR DIFF PRESS,,LOABS,PULV LOW SEAL AIR HDR DIFF PRESS,ALM,1,3.97939,4,INH2O,!WP1001!WP1002!WP1003!WP1006!WP1007!WP1014!hist14!CP1004,1
2026-07-17 10:39:48.6,1PDF,SLPSL0001,PULV LOW SEAL AIR HDR DIFF PRESS,,LOABS,PULV LOW SEAL AIR HDR DIFF PRESS,RTN,1,4.04033,4,INH2O,!WP1001!WP1002!WP1003!WP1006!WP1007!WP1014!hist14!CP1004,1
2026-07-17 10:39:50.6,1PDF,SLPSL0001,PULV LOW SEAL AIR HDR DIFF PRESS,,LOABS,PULV LOW SEAL AIR HDR DIFF PRESS,ALM,1,3.93691,4,INH2O,!WP1001!WP1002!WP1003!WP1006!WP1007!WP1014!hist14!CP1004,1
2026-07-17 10:40:22.6,1PDF,SLPSL0001,PULV LOW SEAL AIR HDR DIFF PRESS,,LOABS,PULV LOW SEAL AIR HDR DIFF PRESS,RTN,1,4.05352,4,INH2O,!WP1001!WP1002!WP1003!WP1006!WP1007!WP1014!hist14!CP1004,1
2026-07-17 10:40:34.6,1PDF,SLPSL0001,PULV LOW SEAL AIR HDR DIFF PRESS,,LOABS,PULV LOW SEAL AIR HDR DIFF PRESS,ALM,1,3.96533,4,INH2O,!WP1001!WP1002!WP1003!WP1006!WP1007!WP1014!hist14!CP1004,1
2026-07-17 10:40:36.6,1PDF,SLPSL0001,PULV LOW SEAL AIR HDR DIFF PRESS,,LOABS,PULV LOW SEAL AIR HDR DIFF PRESS,RTN,1,4.01338,4,INH2O,!WP1001!WP1002!WP1003!WP1006!WP1007!WP1014!hist14!CP1004,1
2026-07-17 10:40:42.6,1PDF,SLPSL0001,PULV LOW SEAL AIR HDR DIFF PRESS,,LOABS,PULV LOW SEAL AIR HDR DIFF PRESS,ALM,1,3.99141,4,INH2O,!WP1001!WP1002!WP1003!WP1006!WP1007!WP1014!hist14!CP1004,1
2026-07-17 10:41:15.2,1SEAL_AIR,PDI5735_ALM,BF B OUT DMPR SEAL CAV D/P LOW,,STATE,DP ALARM CLEAR,RTN,3,,,,!WP1001!WP1002!WP1003!WP1006!WP1007!WP1014!hist14!CP1015,1
2026-07-17 10:41:18.6,1PDF,SLPSL0001,PULV LOW SEAL AIR HDR DIFF PRESS,,LOABS,PULV LOW SEAL AIR HDR DIFF PRESS,RTN,1,4.02539,4,INH2O,!WP1001!WP1002!WP1003!WP1006!WP1007!WP1014!hist14!CP1004,1
2026-07-17 10:41:24.6,1PDF,SLPSL0001,PULV LOW SEAL AIR HDR DIFF PRESS,,LOABS,PULV LOW SEAL AIR HDR DIFF PRESS,ALM,1,3.96855,4,INH2O,!WP1001!WP1002!WP1003!WP1006!WP1007!WP1014!hist14!CP1004,1
2026-07-17 10:41:25.6,1PDF,SLPSL0001,PULV LOW SEAL AIR HDR DIFF PRESS,,LOABS,PULV LOW SEAL AIR HDR DIFF PRESS,RTN,1,4.00547,4,INH2O,!WP1001!WP1002!WP1003!WP1006!WP1007!WP1014!hist14!CP1004,1
2026-07-17 10:41:26.6,1PDF,SLPSL0001,PULV LOW SEAL AIR HDR DIFF PRESS,,LOABS,PULV LOW SEAL AIR HDR DIFF PRESS,ALM,1,3.90352,4,INH2O,!WP1001!WP1002!WP1003!WP1006!WP1007!WP1014!hist14!CP1004,1
2026-07-17 10:41:27.6,1PDF,SLPSL0001,PULV LOW SEAL AIR HDR DIFF PRESS,,LOABS,PULV LOW SEAL AIR HDR DIFF PRESS,RTN,1,4.01016,4,INH2O,!WP1001!WP1002!WP1003!WP1006!WP1007!WP1014!hist14!CP1004,1
2026-07-17 10:41:34.6,1PDF,SLPSL0001,PULV LOW SEAL AIR HDR DIFF PRESS,,LOABS,PULV LOW SEAL AIR HDR DIFF PRESS,ALM,1,3.95068,4,INH2O,!WP1001!WP1002!WP1003!WP1006!WP1007!WP1014!hist14!CP1004,1
2026-07-17 10:42:02.6,1PDF,SLPSL0001,PULV LOW SEAL AIR HDR DIFF PRESS,,LOABS,PULV LOW SEAL AIR HDR DIFF PRESS,RTN,1,4.0125,4,INH2O,!WP1001!WP1002!WP1003!WP1006!WP1007!WP1014!hist14!CP1004,1
2026-07-17 10:42:04.6,1PDF,SLPSL0001,PULV LOW SEAL AIR HDR DIFF PRESS,,LOABS,PULV LOW SEAL AIR HDR DIFF PRESS,ALM,1,3.95273,4,INH2O,!WP1001!WP1002!WP1003!WP1006!WP1007!WP1014!hist14!CP1004,1
2026-07-17 10:42:09.6,1PDF,SLPSL0001,PULV LOW SEAL AIR HDR DIFF PRESS,,LOABS,PULV LOW SEAL AIR HDR DIFF PRESS,RTN,1,4.0002,4,INH2O,!WP1001!WP1002!WP1003!WP1006!WP1007!WP1014!hist14!CP1004,1
2026-07-17 10:42:15.6,1PDF,SLPSL0001,PULV LOW SEAL AIR HDR DIFF PRESS,,LOABS,PULV LOW SEAL AIR HDR DIFF PRESS,ALM,1,3.99111,4,INH2O,!WP1001!WP1002!WP1003!WP1006!WP1007!WP1014!hist14!CP1004,1
2026-07-17 10:42:16.6,1PDF,SLPSL0001,PULV LOW SEAL AIR HDR DIFF PRESS,,LOABS,PULV LOW SEAL AIR HDR DIFF PRESS,RTN,1,4.01543,4,INH2O,!WP1001!WP1002!WP1003!WP1006!WP1007!WP1014!hist14!CP1004,1
2026-07-17 10:42:23.6,1PDF,SLPSL0001,PULV LOW SEAL AIR HDR DIFF PRESS,,LOABS,PULV LOW SEAL AIR HDR DIFF PRESS,ALM,1,3.90557,4,INH2O,!WP1001!WP1002!WP1003!WP1006!WP1007!WP1014!hist14!CP1004,1
2026-07-17 10:43:01.6,1PDF,SLPSL0001,PULV LOW SEAL AIR HDR DIFF PRESS,,LOABS,PULV LOW SEAL AIR HDR DIFF PRESS,RTN,1,4.06494,4,INH2O,!WP1001!WP1002!WP1003!WP1006!WP1007!WP1014!hist14!CP1004,1
2026-07-17 10:43:04.6,1PDF,SLPSL0001,PULV LOW SEAL AIR HDR DIFF PRESS,,LOABS,PULV LOW SEAL AIR HDR DIFF PRESS,ALM,1,3.9873,4,INH2O,!WP1001!WP1002!WP1003!WP1006!WP1007!WP1014!hist14!CP1004,1
2026-07-17 10:43:08.6,1PDF,SLPSL0001,PULV LOW SEAL AIR HDR DIFF PRESS,,LOABS,PULV LOW SEAL AIR HDR DIFF PRESS,RTN,1,4.1083,4,INH2O,!WP1001!WP1002!WP1003!WP1006!WP1007!WP1014!hist14!CP1004,1
2026-07-17 10:43:13.6,1PDF,SLPSL0001,PULV LOW SEAL AIR HDR DIFF PRESS,,LOABS,PULV LOW SEAL AIR HDR DIFF PRESS,ALM,1,3.97617,4,INH2O,!WP1001!WP1002!WP1003!WP1006!WP1007!WP1014!hist14!CP1004,1
2026-07-17 10:43:18.6,1PDF,SLPSL0001,PULV LOW SEAL AIR HDR DIFF PRESS,,LOABS,PULV LOW SEAL AIR HDR DIFF PRESS,RTN,1,4.01016,4,INH2O,!WP1001!WP1002!WP1003!WP1006!WP1007!WP1014!hist14!CP1004,1
2026-07-17 10:43:20.6,1PDF,SLPSL0001,PULV LOW SEAL AIR HDR DIFF PRESS,,LOABS,PULV LOW SEAL AIR HDR DIFF PRESS,ALM,1,3.94805,4,INH2O,!WP1001!WP1002!WP1003!WP1006!WP1007!WP1014!hist14!CP1004,1
2026-07-17 10:43:35.6,1PDF,SLPSL0001,PULV LOW SEAL AIR HDR DIFF PRESS,,LOABS,PULV LOW SEAL AIR HDR DIFF PRESS,RTN,1,4.05205,4,INH2O,!WP1001!WP1002!WP1003!WP1006!WP1007!WP1014!hist14!CP1004,1
2026-07-17 10:43:36.6,1PDF,SLPSL0001,PULV LOW SEAL AIR HDR DIFF PRESS,,LOABS,PULV LOW SEAL AIR HDR DIFF PRESS,ALM,1,3.91494,4,INH2O,!WP1001!WP1002!WP1003!WP1006!WP1007!WP1014!hist14!CP1004,1
2026-07-17 10:43:48.6,1PDF,SLPSL0001,PULV LOW SEAL AIR HDR DIFF PRESS,,LOABS,PULV LOW SEAL AIR HDR DIFF PRESS,RTN,1,4.04004,4,INH2O,!WP1001!WP1002!WP1003!WP1006!WP1007!WP1014!hist14!CP1004,1
2026-07-17 10:45:38.6,1PDF,SLPSL0001,PULV LOW SEAL AIR HDR DIFF PRESS,,LOABS,PULV LOW SEAL AIR HDR DIFF PRESS,ALM,1,3.96914,4,INH2O,!WP1001!WP1002!WP1003!WP1006!WP1007!WP1014!hist14!CP1004,1
2026-07-17 10:45:39.6,1PDF,SLPSL0001,PULV LOW SEAL AIR HDR DIFF PRESS,,LOABS,PULV LOW SEAL AIR HDR DIFF PRESS,RTN,1,4.03945,4,INH2O,!WP1001!WP1002!WP1003!WP1006!WP1007!WP1014!hist14!CP1004,1
2026-07-17 10:45:43.6,1PDF,SLPSL0001,PULV LOW SEAL AIR HDR DIFF PRESS,,LOABS,PULV LOW SEAL AIR HDR DIFF PRESS,ALM,1,3.975,4,INH2O,!WP1001!WP1002!WP1003!WP1006!WP1007!WP1014!hist14!CP1004,1
2026-07-17 10:47:05.6,1PDF,SLPSL0001,PULV LOW SEAL AIR HDR DIFF PRESS,,LOABS,PULV LOW SEAL AIR HDR DIFF PRESS,RTN,1,4.17041,4,INH2O,!WP1001!WP1002!WP1003!WP1006!WP1007!WP1014!hist14!CP1004,1
2026-07-17 10:47:48.1,1DAS10,IACE3211,COND MAKE-UP SPEC CNDCT,,HIABS,HIGH,RTN,1,0.279941,0.3,US/CM,!WP1002!WP1006!WP1007!WP1001!WP1003!WP1014!hist14!CP1008,1
2026-07-17 10:47:51.6,1DAS11,IAAH3281,COND PUMP DISCH   SILICA,1233,HIABS,HIGH,ALM,1,10.4219,10,ppb,!WP1002!WP1006!WP1007!WP1001!WP1003!WP1014!hist14!CP1008,1
2026-07-17 10:50:47.7,1SEAL_AIR,PDI5735_ALM,BF B OUT DMPR SEAL CAV D/P LOW,,STATE,DP ALARM ACTIVE,ALM,3,,,,!WP1001!WP1002!WP1003!WP1006!WP1007!WP1014!hist14!CP1015,1
2026-07-17 10:51:20.2,1FG_B,ZSH5701A,BF B BLADE PITCH,,HIABS,BLADE PITCH ALARM,ALM,3,70.002,70,%,!WP1001!WP1002!WP1003!WP1006!WP1007!WP1014!hist14!CP1015,1
2026-07-17 10:51:24.0,PAC_PLC,ACI_FDR_A_TR,ACI FDR A AC-WIC-5007 TRBLE ALM,,CHANGE,PAC FEEDER A TROUBLE,ALM,1,,,,!WP1001!WP1002!WP1003!WP1006!WP1007!WP1014!hist14!CP1003,1
2026-07-17 10:51:28.0,PAC_PLC,ACI_FDR_A_TR,ACI FDR A AC-WIC-5007 TRBLE ALM,,CHANGE,PAC FEEDER A TROUBLE,ALM,1,,,,!WP1001!WP1002!WP1003!WP1006!WP1007!WP1014!hist14!CP1003,1
2026-07-17 10:51:29.6,1PDF,SLPSL0001,PULV LOW SEAL AIR HDR DIFF PRESS,,LOABS,PULV LOW SEAL AIR HDR DIFF PRESS,ALM,1,3.95039,4,INH2O,!WP1001!WP1002!WP1003!WP1006!WP1007!WP1014!hist14!CP1004,1
2026-07-17 10:51:32.2,1FG_B,ZSH5701A,BF B BLADE PITCH,,HIABS,BLADE PITCH ALARM,RTN,3,69.8633,70,%,!WP1001!WP1002!WP1003!WP1006!WP1007!WP1014!hist14!CP1015,1
2026-07-17 10:52:17.6,1PDF,SLPSL0001,PULV LOW SEAL AIR HDR DIFF PRESS,,LOABS,PULV LOW SEAL AIR HDR DIFF PRESS,RTN,1,4.06055,4,INH2O,!WP1001!WP1002!WP1003!WP1006!WP1007!WP1014!hist14!CP1004,1
2026-07-17 10:52:19.6,1PDF,SLPSL0001,PULV LOW SEAL AIR HDR DIFF PRESS,,LOABS,PULV LOW SEAL AIR HDR DIFF PRESS,ALM,1,3.94102,4,INH2O,!WP1001!WP1002!WP1003!WP1006!WP1007!WP1014!hist14!CP1004,1
2026-07-17 10:52:24.6,1PDF,SLPSL0001,PULV LOW SEAL AIR HDR DIFF PRESS,,LOABS,PULV LOW SEAL AIR HDR DIFF PRESS,RTN,1,4.03154,4,INH2O,!WP1001!WP1002!WP1003!WP1006!WP1007!WP1014!hist14!CP1004,1
2026-07-17 10:52:27.6,1PDF,SLPSL0001,PULV LOW SEAL AIR HDR DIFF PRESS,,LOABS,PULV LOW SEAL AIR HDR DIFF PRESS,ALM,1,3.97764,4,INH2O,!WP1001!WP1002!WP1003!WP1006!WP1007!WP1014!hist14!CP1004,1
2026-07-17 10:52:46.6,1PDF,SLPSL0001,PULV LOW SEAL AIR HDR DIFF PRESS,,LOABS,PULV LOW SEAL AIR HDR DIFF PRESS,RTN,1,4.00547,4,INH2O,!WP1001!WP1002!WP1003!WP1006!WP1007!WP1014!hist14!CP1004,1
2026-07-17 10:52:47.6,1PDF,SLPSL0001,PULV LOW SEAL AIR HDR DIFF PRESS,,LOABS,PULV LOW SEAL AIR HDR DIFF PRESS,ALM,1,3.95186,4,INH2O,!WP1001!WP1002!WP1003!WP1006!WP1007!WP1014!hist14!CP1004,1
2026-07-17 10:52:52.6,1PDF,SLPSL0001,PULV LOW SEAL AIR HDR DIFF PRESS,,LOABS,PULV LOW SEAL AIR HDR DIFF PRESS,RTN,1,4.04297,4,INH2O,!WP1001!WP1002!WP1003!WP1006!WP1007!WP1014!hist14!CP1004,1
2026-07-17 10:52:53.6,1PDF,SLPSL0001,PULV LOW SEAL AIR HDR DIFF PRESS,,LOABS,PULV LOW SEAL AIR HDR DIFF PRESS,ALM,1,3.99375,4,INH2O,!WP1001!WP1002!WP1003!WP1006!WP1007!WP1014!hist14!CP1004,1
2026-07-17 10:52:54.6,1PDF,SLPSL0001,PULV LOW SEAL AIR HDR DIFF PRESS,,LOABS,PULV LOW SEAL AIR HDR DIFF PRESS,RTN,1,4.09863,4,INH2O,!WP1001!WP1002!WP1003!WP1006!WP1007!WP1014!hist14!CP1004,1
2026-07-17 10:54:34.2,1FG_A,ZSH5601A,BF A BLADE PITCH,,HIABS,BLADE PITCH ALARM,ALM,3,70.0176,70,%,!WP1001!WP1002!WP1003!WP1006!WP1007!WP1014!hist14!CP1015,1
2026-07-17 10:54:34.7,1FG_B,ZSH5701A,BF B BLADE PITCH,,HIABS,BLADE PITCH ALARM,ALM,3,70.1035,70,%,!WP1001!WP1002!WP1003!WP1006!WP1007!WP1014!hist14!CP1015,1
2026-07-17 10:55:50.6,1PDF,SLPSL0001,PULV LOW SEAL AIR HDR DIFF PRESS,,LOABS,PULV LOW SEAL AIR HDR DIFF PRESS,ALM,1,3.94629,4,INH2O,!WP1001!WP1002!WP1003!WP1006!WP1007!WP1014!hist14!CP1004,1
2026-07-17 10:56:01.7,1FG_B,ZSH5701A,BF B BLADE PITCH,,HIABS,BLADE PITCH ALARM,RTN,3,69.7988,70,%,!WP1001!WP1002!WP1003!WP1006!WP1007!WP1014!hist14!CP1015,1
2026-07-17 10:56:02.2,1FG_A,ZSH5601A,BF A BLADE PITCH,,HIABS,BLADE PITCH ALARM,RTN,3,69.834,70,%,!WP1001!WP1002!WP1003!WP1006!WP1007!WP1014!hist14!CP1015,1
2026-07-17 10:56:27.6,1PDF,SLPSL0001,PULV LOW SEAL AIR HDR DIFF PRESS,,LOABS,PULV LOW SEAL AIR HDR DIFF PRESS,RTN,1,4.0043,4,INH2O,!WP1001!WP1002!WP1003!WP1006!WP1007!WP1014!hist14!CP1004,1
2026-07-17 10:56:31.6,1PDF,SLPSL0001,PULV LOW SEAL AIR HDR DIFF PRESS,,LOABS,PULV LOW SEAL AIR HDR DIFF PRESS,ALM,1,3.99082,4,INH2O,!WP1001!WP1002!WP1003!WP1006!WP1007!WP1014!hist14!CP1004,1
2026-07-17 10:56:35.6,1PDF,SLPSL0001,PULV LOW SEAL AIR HDR DIFF PRESS,,LOABS,PULV LOW SEAL AIR HDR DIFF PRESS,RTN,1,4.07285,4,INH2O,!WP1001!WP1002!WP1003!WP1006!WP1007!WP1014!hist14!CP1004,1
2026-07-17 10:56:40.6,1PDF,SLPSL0001,PULV LOW SEAL AIR HDR DIFF PRESS,,LOABS,PULV LOW SEAL AIR HDR DIFF PRESS,ALM,1,3.97998,4,INH2O,!WP1001!WP1002!WP1003!WP1006!WP1007!WP1014!hist14!CP1004,1
2026-07-17 10:57:10.6,1PDF,SLPSL0001,PULV LOW SEAL AIR HDR DIFF PRESS,,LOABS,PULV LOW SEAL AIR HDR DIFF PRESS,RTN,1,4.1543,4,INH2O,!WP1001!WP1002!WP1003!WP1006!WP1007!WP1014!hist14!CP1004,1
2026-07-17 10:57:32.6,1PDF,SLPSL0001,PULV LOW SEAL AIR HDR DIFF PRESS,,LOABS,PULV LOW SEAL AIR HDR DIFF PRESS,ALM,1,3.99785,4,INH2O,!WP1001!WP1002!WP1003!WP1006!WP1007!WP1014!hist14!CP1004,1
2026-07-17 10:57:36.6,1PDF,SLPSL0001,PULV LOW SEAL AIR HDR DIFF PRESS,,LOABS,PULV LOW SEAL AIR HDR DIFF PRESS,RTN,1,4.02363,4,INH2O,!WP1001!WP1002!WP1003!WP1006!WP1007!WP1014!hist14!CP1004,1
2026-07-17 10:57:37.6,1PDF,SLPSL0001,PULV LOW SEAL AIR HDR DIFF PRESS,,LOABS,PULV LOW SEAL AIR HDR DIFF PRESS,ALM,1,3.91699,4,INH2O,!WP1001!WP1002!WP1003!WP1006!WP1007!WP1014!hist14!CP1004,1
2026-07-17 10:57:51.6,1PDF,SLPSL0001,PULV LOW SEAL AIR HDR DIFF PRESS,,LOABS,PULV LOW SEAL AIR HDR DIFF PRESS,RTN,1,4.03887,4,INH2O,!WP1001!WP1002!WP1003!WP1006!WP1007!WP1014!hist14!CP1004,1
2026-07-17 10:57:53.6,1PDF,SLPSL0001,PULV LOW SEAL AIR HDR DIFF PRESS,,LOABS,PULV LOW SEAL AIR HDR DIFF PRESS,ALM,1,3.98115,4,INH2O,!WP1001!WP1002!WP1003!WP1006!WP1007!WP1014!hist14!CP1004,1
2026-07-17 10:58:03.6,1PDF,SLPSL0001,PULV LOW SEAL AIR HDR DIFF PRESS,,LOABS,PULV LOW SEAL AIR HDR DIFF PRESS,RTN,1,4.00225,4,INH2O,!WP1001!WP1002!WP1003!WP1006!WP1007!WP1014!hist14!CP1004,1
2026-07-17 10:58:04.6,1PDF,SLPSL0001,PULV LOW SEAL AIR HDR DIFF PRESS,,LOABS,PULV LOW SEAL AIR HDR DIFF PRESS,ALM,1,3.946,4,INH2O,!WP1001!WP1002!WP1003!WP1006!WP1007!WP1014!hist14!CP1004,1
2026-07-17 10:58:08.6,1PDF,SLPSL0001,PULV LOW SEAL AIR HDR DIFF PRESS,,LOABS,PULV LOW SEAL AIR HDR DIFF PRESS,RTN,1,4.08223,4,INH2O,!WP1001!WP1002!WP1003!WP1006!WP1007!WP1014!hist14!CP1004,1
2026-07-17 10:58:23.0,1TC,B21,DROOP ACTIVE,DROOP,STATE,ACTIVE,ALM,5,,,,!hist14!CP1001,2
2026-07-17 10:59:42.5,1TC,B21,DROOP ACTIVE,DROOP,STATE,NORMAL,RTN,5,,,,!hist14!CP1001,2
2026-07-17 10:59:42.4,1AR_LS,DEV_5803,LS SYS B,,STATE,VALVE 5803 DEVIATION,ALM,3,,,,!WP1001!WP1002!WP1003!WP1006!WP1007!WP1014!hist14!CP1017,1
2026-07-17 10:59:43.5,1TC,B21,DROOP ACTIVE,DROOP,STATE,NORMAL,RTN,5,,,,!hist14!CP1001,2
2026-07-17 10:59:43.0,1TC,B21,DROOP ACTIVE,DROOP,STATE,ACTIVE,ALM,5,,,,!hist14!CP1001,2
2026-07-17 11:00:18.9,1AR_LS,DEV_5803,LS SYS B,,STATE,,RTN,3,,,,!WP1001!WP1002!WP1003!WP1006!WP1007!WP1014!hist14!CP1017,1
2026-07-17 11:00:24.6,1PDF,SLPSL0001,PULV LOW SEAL AIR HDR DIFF PRESS,,LOABS,PULV LOW SEAL AIR HDR DIFF PRESS,ALM,1,3.98906,4,INH2O,!WP1001!WP1002!WP1003!WP1006!WP1007!WP1014!hist14!CP1004,1
2026-07-17 11:00:40.2,1SEAL_AIR,PDI5735_ALM,BF B OUT DMPR SEAL CAV D/P LOW,,STATE,DP ALARM CLEAR,RTN,3,,,,!WP1001!WP1002!WP1003!WP1006!WP1007!WP1014!hist14!CP1015,1
2026-07-17 11:00:44.6,1BCS_7,IKTE3751,REHEAT TEMP RIGHT (REDUNDANT),,HIABS,HIGH,ALM,1,1012.22,1012.18,DEG.F,!WP1002!WP1006!WP1007!WP1001!WP1003!WP1014!hist14!CP1007,1
2026-07-17 11:01:01.5,1TC,B21,DROOP ACTIVE,DROOP,STATE,ACTIVE,ALM,5,,,,!hist14!CP1001,2
2026-07-17 11:01:13.5,1TC,B21,DROOP ACTIVE,DROOP,STATE,NORMAL,RTN,5,,,,!hist14!CP1001,2
2026-07-17 11:01:15.0,1TC,B21,DROOP ACTIVE,DROOP,STATE,ACTIVE,ALM,5,,,,!hist14!CP1001,2
2026-07-17 11:01:54.6,1BCS_7,IKTE3751,REHEAT TEMP RIGHT (REDUNDANT),,HIABS,HIGH,RTN,1,1007.18,1012.18,DEG.F,!WP1002!WP1006!WP1007!WP1001!WP1003!WP1014!hist14!CP1007,1
2026-07-17 11:02:21.6,1PDF,SLPSL0001,PULV LOW SEAL AIR HDR DIFF PRESS,,LOABS,PULV LOW SEAL AIR HDR DIFF PRESS,RTN,1,4.04502,4,INH2O,!WP1001!WP1002!WP1003!WP1006!WP1007!WP1014!hist14!CP1004,1
2026-07-17 11:03:48.0,1TC,B21,DROOP ACTIVE,DROOP,STATE,NORMAL,RTN,5,,,,!hist14!CP1001,2
2026-07-17 11:03:49.0,1TC,B21,DROOP ACTIVE,DROOP,STATE,ACTIVE,ALM,5,,,,!hist14!CP1001,2
2026-07-17 11:03:54.0,1TC,B21,DROOP ACTIVE,DROOP,STATE,NORMAL,RTN,5,,,,!hist14!CP1001,2
2026-07-17 11:03:55.0,1TC,B21,DROOP ACTIVE,DROOP,STATE,ACTIVE,ALM,5,,,,!hist14!CP1001,2
2026-07-17 11:03:56.0,1TC,B21,DROOP ACTIVE,DROOP,STATE,NORMAL,RTN,5,,,,!hist14!CP1001,2
2026-07-17 11:04:15.6,1PDF,SLPSL0001,PULV LOW SEAL AIR HDR DIFF PRESS,,LOABS,PULV LOW SEAL AIR HDR DIFF PRESS,ALM,1,3.99551,4,INH2O,!WP1001!WP1002!WP1003!WP1006!WP1007!WP1014!hist14!CP1004,1
2026-07-17 11:04:18.6,1PDF,SLPSL0001,PULV LOW SEAL AIR HDR DIFF PRESS,,LOABS,PULV LOW SEAL AIR HDR DIFF PRESS,RTN,1,4.02832,4,INH2O,!WP1001!WP1002!WP1003!WP1006!WP1007!WP1014!hist14!CP1004,1
2026-07-17 11:04:23.6,1PDF,SLPSL0001,PULV LOW SEAL AIR HDR DIFF PRESS,,LOABS,PULV LOW SEAL AIR HDR DIFF PRESS,ALM,1,3.97383,4,INH2O,!WP1001!WP1002!WP1003!WP1006!WP1007!WP1014!hist14!CP1004,1
2026-07-17 11:04:26.6,1PDF,SLPSL0001,PULV LOW SEAL AIR HDR DIFF PRESS,,LOABS,PULV LOW SEAL AIR HDR DIFF PRESS,RTN,1,4.03477,4,INH2O,!WP1001!WP1002!WP1003!WP1006!WP1007!WP1014!hist14!CP1004,1
2026-07-17 11:04:27.6,1PDF,SLPSL0001,PULV LOW SEAL AIR HDR DIFF PRESS,,LOABS,PULV LOW SEAL AIR HDR DIFF PRESS,ALM,1,3.97822,4,INH2O,!WP1001!WP1002!WP1003!WP1006!WP1007!WP1014!hist14!CP1004,1
2026-07-17 11:05:21.5,1TC,B21,DROOP ACTIVE,DROOP,STATE,ACTIVE,ALM,5,,,,!hist14!CP1001,2
2026-07-17 11:05:30.4,1WB_DEV,AA_JJ_DEV,AUX AIR JJ ANY DEV,,STATE,NORMAL,RTN,5,,,,,0
2026-07-17 11:05:37.5,1TC,B21,DROOP ACTIVE,DROOP,STATE,NORMAL,RTN,5,,,,!hist14!CP1001,2
2026-07-17 11:05:44.0,1TC,B21,DROOP ACTIVE,DROOP,STATE,ACTIVE,ALM,5,,,,!hist14!CP1001,2
2026-07-17 11:06:00.5,1TC,B21,DROOP ACTIVE,DROOP,STATE,NORMAL,RTN,5,,,,!hist14!CP1001,2
2026-07-17 11:06:04.0,1TC,B21,DROOP ACTIVE,DROOP,STATE,ACTIVE,ALM,5,,,,!hist14!CP1001,2
2026-07-17 11:06:07.0,1TC,B21,DROOP ACTIVE,DROOP,STATE,NORMAL,RTN,5,,,,!hist14!CP1001,2
2026-07-17 11:06:34.6,1PDF,SLPSL0001,PULV LOW SEAL AIR HDR DIFF PRESS,,LOABS,PULV LOW SEAL AIR HDR DIFF PRESS,RTN,1,4.10713,4,INH2O,!WP1001!WP1002!WP1003!WP1006!WP1007!WP1014!hist14!CP1004,1
2026-07-17 11:06:54.6,1PDF,SLPSL0001,PULV LOW SEAL AIR HDR DIFF PRESS,,LOABS,PULV LOW SEAL AIR HDR DIFF PRESS,ALM,1,3.99404,4,INH2O,!WP1001!WP1002!WP1003!WP1006!WP1007!WP1014!hist14!CP1004,1
2026-07-17 11:06:55.6,1PDF,SLPSL0001,PULV LOW SEAL AIR HDR DIFF PRESS,,LOABS,PULV LOW SEAL AIR HDR DIFF PRESS,RTN,1,4.0333,4,INH2O,!WP1001!WP1002!WP1003!WP1006!WP1007!WP1014!hist14!CP1004,1
2026-07-17 11:06:56.6,1PDF,SLPSL0001,PULV LOW SEAL AIR HDR DIFF PRESS,,LOABS,PULV LOW SEAL AIR HDR DIFF PRESS,ALM,1,3.9917,4,INH2O,!WP1001!WP1002!WP1003!WP1006!WP1007!WP1014!hist14!CP1004,1
2026-07-17 11:06:57.6,1PDF,SLPSL0001,PULV LOW SEAL AIR HDR DIFF PRESS,,LOABS,PULV LOW SEAL AIR HDR DIFF PRESS,RTN,1,4.05996,4,INH2O,!WP1001!WP1002!WP1003!WP1006!WP1007!WP1014!hist14!CP1004,1
2026-07-17 11:07:13.5,1AAIR,B16,WINDBOX/FURN DIFF PRESS,,LLABS,WINDBIX/FURN PRESS LOW,ALM,5,1.98974,2,INWC,!WP1001!WP1002!WP1003!WP1006!WP1007!WP1014!hist14!CP1001,1
2026-07-17 11:08:19.0,1AAIR,B16,WINDBOX/FURN DIFF PRESS,,LLABS,WINDBIX/FURN PRESS LOW,RTN,5,2.50048,2,INWC,!WP1001!WP1002!WP1003!WP1006!WP1007!WP1014!hist14!CP1001,1
2026-07-17 11:08:58.6,1PDF,SLPSL0001,PULV LOW SEAL AIR HDR DIFF PRESS,,LOABS,PULV LOW SEAL AIR HDR DIFF PRESS,ALM,1,3.98789,4,INH2O,!WP1001!WP1002!WP1003!WP1006!WP1007!WP1014!hist14!CP1004,1
2026-07-17 11:08:59.6,1PDF,SLPSL0001,PULV LOW SEAL AIR HDR DIFF PRESS,,LOABS,PULV LOW SEAL AIR HDR DIFF PRESS,RTN,1,4.03828,4,INH2O,!WP1001!WP1002!WP1003!WP1006!WP1007!WP1014!hist14!CP1004,1
2026-07-17 11:09:02.6,1PDF,SLPSL0001,PULV LOW SEAL AIR HDR DIFF PRESS,,LOABS,PULV LOW SEAL AIR HDR DIFF PRESS,ALM,1,3.99639,4,INH2O,!WP1001!WP1002!WP1003!WP1006!WP1007!WP1014!hist14!CP1004,1
2026-07-17 11:09:03.6,1PDF,SLPSL0001,PULV LOW SEAL AIR HDR DIFF PRESS,,LOABS,PULV LOW SEAL AIR HDR DIFF PRESS,RTN,1,4.06406,4,INH2O,!WP1001!WP1002!WP1003!WP1006!WP1007!WP1014!hist14!CP1004,1
2026-07-17 11:09:06.6,1PDF,SLPSL0001,PULV LOW SEAL AIR HDR DIFF PRESS,,LOABS,PULV LOW SEAL AIR HDR DIFF PRESS,ALM,1,3.98584,4,INH2O,!WP1001!WP1002!WP1003!WP1006!WP1007!WP1014!hist14!CP1004,1
2026-07-17 11:09:33.5,1TC,B21,DROOP ACTIVE,DROOP,STATE,ACTIVE,ALM,5,,,,!hist14!CP1001,2
2026-07-17 11:10:04.6,1PDF,SLPSL0001,PULV LOW SEAL AIR HDR DIFF PRESS,,LOABS,PULV LOW SEAL AIR HDR DIFF PRESS,RTN,1,4.00195,4,INH2O,!WP1001!WP1002!WP1003!WP1006!WP1007!WP1014!hist14!CP1004,1
2026-07-17 11:10:05.6,1PDF,SLPSL0001,PULV LOW SEAL AIR HDR DIFF PRESS,,LOABS,PULV LOW SEAL AIR HDR DIFF PRESS,ALM,1,3.99053,4,INH2O,!WP1001!WP1002!WP1003!WP1006!WP1007!WP1014!hist14!CP1004,1
2026-07-17 11:10:06.6,1PDF,SLPSL0001,PULV LOW SEAL AIR HDR DIFF PRESS,,LOABS,PULV LOW SEAL AIR HDR DIFF PRESS,RTN,1,4.06201,4,INH2O,!WP1001!WP1002!WP1003!WP1006!WP1007!WP1014!hist14!CP1004,1
2026-07-17 11:10:07.6,1PDF,SLPSL0001,PULV LOW SEAL AIR HDR DIFF PRESS,,LOABS,PULV LOW SEAL AIR HDR DIFF PRESS,ALM,1,3.9252,4,INH2O,!WP1001!WP1002!WP1003!WP1006!WP1007!WP1014!hist14!CP1004,1
2026-07-17 11:10:12.6,1PDF,SLPSL0001,PULV LOW SEAL AIR HDR DIFF PRESS,,LOABS,PULV LOW SEAL AIR HDR DIFF PRESS,RTN,1,4.11533,4,INH2O,!WP1001!WP1002!WP1003!WP1006!WP1007!WP1014!hist14!CP1004,1
2026-07-17 11:10:17.6,1PDF,SLPSL0001,PULV LOW SEAL AIR HDR DIFF PRESS,,LOABS,PULV LOW SEAL AIR HDR DIFF PRESS,ALM,1,3.97852,4,INH2O,!WP1001!WP1002!WP1003!WP1006!WP1007!WP1014!hist14!CP1004,1
2026-07-17 11:10:23.6,1PDF,SLPSL0001,PULV LOW SEAL AIR HDR DIFF PRESS,,LOABS,PULV LOW SEAL AIR HDR DIFF PRESS,RTN,1,4.04824,4,INH2O,!WP1001!WP1002!WP1003!WP1006!WP1007!WP1014!hist14!CP1004,1
2026-07-17 11:10:24.6,1PDF,SLPSL0001,PULV LOW SEAL AIR HDR DIFF PRESS,,LOABS,PULV LOW SEAL AIR HDR DIFF PRESS,ALM,1,3.9668,4,INH2O,!WP1001!WP1002!WP1003!WP1006!WP1007!WP1014!hist14!CP1004,1
2026-07-17 11:10:25.6,1PDF,SLPSL0001,PULV LOW SEAL AIR HDR DIFF PRESS,,LOABS,PULV LOW SEAL AIR HDR DIFF PRESS,RTN,1,4.01221,4,INH2O,!WP1001!WP1002!WP1003!WP1006!WP1007!WP1014!hist14!CP1004,1
2026-07-17 11:10:26.5,1TC,B21,DROOP ACTIVE,DROOP,STATE,NORMAL,RTN,5,,,,!hist14!CP1001,2
2026-07-17 11:10:26.6,1PDF,SLPSL0001,PULV LOW SEAL AIR HDR DIFF PRESS,,LOABS,PULV LOW SEAL AIR HDR DIFF PRESS,ALM,1,3.98584,4,INH2O,!WP1001!WP1002!WP1003!WP1006!WP1007!WP1014!hist14!CP1004,1
2026-07-17 11:10:27.6,1PDF,SLPSL0001,PULV LOW SEAL AIR HDR DIFF PRESS,,LOABS,PULV LOW SEAL AIR HDR DIFF PRESS,RTN,1,4.10215,4,INH2O,!WP1001!WP1002!WP1003!WP1006!WP1007!WP1014!hist14!CP1004,1
2026-07-17 11:10:30.6,1PDF,SLPSL0001,PULV LOW SEAL AIR HDR DIFF PRESS,,LOABS,PULV LOW SEAL AIR HDR DIFF PRESS,ALM,1,3.93926,4,INH2O,!WP1001!WP1002!WP1003!WP1006!WP1007!WP1014!hist14!CP1004,1
2026-07-17 11:10:32.6,1PDF,SLPSL0001,PULV LOW SEAL AIR HDR DIFF PRESS,,LOABS,PULV LOW SEAL AIR HDR DIFF PRESS,RTN,1,4.01133,4,INH2O,!WP1001!WP1002!WP1003!WP1006!WP1007!WP1014!hist14!CP1004,1
2026-07-17 11:12:05.6,1PDF,SLPSL0001,PULV LOW SEAL AIR HDR DIFF PRESS,,LOABS,PULV LOW SEAL AIR HDR DIFF PRESS,ALM,1,3.91787,4,INH2O,!WP1001!WP1002!WP1003!WP1006!WP1007!WP1014!hist14!CP1004,1
2026-07-17 11:12:27.6,1PDF,SLPSL0001,PULV LOW SEAL AIR HDR DIFF PRESS,,LOABS,PULV LOW SEAL AIR HDR DIFF PRESS,RTN,1,4.07168,4,INH2O,!WP1001!WP1002!WP1003!WP1006!WP1007!WP1014!hist14!CP1004,1
2026-07-17 11:12:30.6,1PDF,SLPSL0001,PULV LOW SEAL AIR HDR DIFF PRESS,,LOABS,PULV LOW SEAL AIR HDR DIFF PRESS,ALM,1,3.96416,4,INH2O,!WP1001!WP1002!WP1003!WP1006!WP1007!WP1014!hist14!CP1004,1
2026-07-17 11:12:34.6,1PDF,SLPSL0001,PULV LOW SEAL AIR HDR DIFF PRESS,,LOABS,PULV LOW SEAL AIR HDR DIFF PRESS,RTN,1,4.03242,4,INH2O,!WP1001!WP1002!WP1003!WP1006!WP1007!WP1014!hist14!CP1004,1
2026-07-17 11:12:38.6,1PDF,SLPSL0001,PULV LOW SEAL AIR HDR DIFF PRESS,,LOABS,PULV LOW SEAL AIR HDR DIFF PRESS,ALM,1,3.95127,4,INH2O,!WP1001!WP1002!WP1003!WP1006!WP1007!WP1014!hist14!CP1004,1
2026-07-17 11:13:02.5,1TC,B21,DROOP ACTIVE,DROOP,STATE,ACTIVE,ALM,5,,,,!hist14!CP1001,2
2026-07-17 11:13:05.0,1TC,B21,DROOP ACTIVE,DROOP,STATE,NORMAL,RTN,5,,,,!hist14!CP1001,2
2026-07-17 11:13:06.0,1TC,B21,DROOP ACTIVE,DROOP,STATE,ACTIVE,ALM,5,,,,!hist14!CP1001,2
2026-07-17 11:13:07.0,1TC,B21,DROOP ACTIVE,DROOP,STATE,NORMAL,RTN,5,,,,!hist14!CP1001,2
2026-07-17 11:13:07.5,1TC,B21,DROOP ACTIVE,DROOP,STATE,ACTIVE,ALM,5,,,,!hist14!CP1001,2
2026-07-17 11:13:09.6,1PDF,SLPSL0001,PULV LOW SEAL AIR HDR DIFF PRESS,,LOABS,PULV LOW SEAL AIR HDR DIFF PRESS,RTN,1,4.04736,4,INH2O,!WP1001!WP1002!WP1003!WP1006!WP1007!WP1014!hist14!CP1004,1
2026-07-17 11:13:11.0,1TC,B21,DROOP ACTIVE,DROOP,STATE,NORMAL,RTN,5,,,,!hist14!CP1001,2
2026-07-17 11:13:12.6,1PDF,SLPSL0001,PULV LOW SEAL AIR HDR DIFF PRESS,,LOABS,PULV LOW SEAL AIR HDR DIFF PRESS,ALM,1,3.97295,4,INH2O,!WP1001!WP1002!WP1003!WP1006!WP1007!WP1014!hist14!CP1004,1
2026-07-17 11:13:13.6,1PDF,SLPSL0001,PULV LOW SEAL AIR HDR DIFF PRESS,,LOABS,PULV LOW SEAL AIR HDR DIFF PRESS,RTN,1,4.05059,4,INH2O,!WP1001!WP1002!WP1003!WP1006!WP1007!WP1014!hist14!CP1004,1
2026-07-17 11:13:17.5,1TC,B21,DROOP ACTIVE,DROOP,STATE,ACTIVE,ALM,5,,,,!hist14!CP1001,2
2026-07-17 11:13:19.0,1TC,B21,DROOP ACTIVE,DROOP,STATE,NORMAL,RTN,5,,,,!hist14!CP1001,2
2026-07-17 11:13:21.0,1TC,B21,DROOP ACTIVE,DROOP,STATE,ACTIVE,ALM,5,,,,!hist14!CP1001,2
2026-07-17 11:13:22.6,1PDF,SLPSL0001,PULV LOW SEAL AIR HDR DIFF PRESS,,LOABS,PULV LOW SEAL AIR HDR DIFF PRESS,ALM,1,3.94834,4,INH2O,!WP1001!WP1002!WP1003!WP1006!WP1007!WP1014!hist14!CP1004,1
2026-07-17 11:13:24.6,1PDF,SLPSL0001,PULV LOW SEAL AIR HDR DIFF PRESS,,LOABS,PULV LOW SEAL AIR HDR DIFF PRESS,RTN,1,4.05498,4,INH2O,!WP1001!WP1002!WP1003!WP1006!WP1007!WP1014!hist14!CP1004,1
2026-07-17 11:13:27.0,1TC,B21,DROOP ACTIVE,DROOP,STATE,NORMAL,RTN,5,,,,!hist14!CP1001,2
2026-07-17 11:13:29.6,1PDF,SLPSL0001,PULV LOW SEAL AIR HDR DIFF PRESS,,LOABS,PULV LOW SEAL AIR HDR DIFF PRESS,ALM,1,3.99199,4,INH2O,!WP1001!WP1002!WP1003!WP1006!WP1007!WP1014!hist14!CP1004,1
2026-07-17 11:13:30.6,1PDF,SLPSL0001,PULV LOW SEAL AIR HDR DIFF PRESS,,LOABS,PULV LOW SEAL AIR HDR DIFF PRESS,RTN,1,4.01514,4,INH2O,!WP1001!WP1002!WP1003!WP1006!WP1007!WP1014!hist14!CP1004,1
2026-07-17 11:13:31.6,1PDF,SLPSL0001,PULV LOW SEAL AIR HDR DIFF PRESS,,LOABS,PULV LOW SEAL AIR HDR DIFF PRESS,ALM,1,3.91289,4,INH2O,!WP1001!WP1002!WP1003!WP1006!WP1007!WP1014!hist14!CP1004,1
2026-07-17 11:13:34.6,1PDF,SLPSL0001,PULV LOW SEAL AIR HDR DIFF PRESS,,LOABS,PULV LOW SEAL AIR HDR DIFF PRESS,RTN,1,4.06787,4,INH2O,!WP1001!WP1002!WP1003!WP1006!WP1007!WP1014!hist14!CP1004,1
2026-07-17 11:13:39.6,1PDF,SLPSL0001,PULV LOW SEAL AIR HDR DIFF PRESS,,LOABS,PULV LOW SEAL AIR HDR DIFF PRESS,ALM,1,3.90498,4,INH2O,!WP1001!WP1002!WP1003!WP1006!WP1007!WP1014!hist14!CP1004,1
2026-07-17 11:13:43.6,1PDF,SLPSL0001,PULV LOW SEAL AIR HDR DIFF PRESS,,LOABS,PULV LOW SEAL AIR HDR DIFF PRESS,RTN,1,4.05557,4,INH2O,!WP1001!WP1002!WP1003!WP1006!WP1007!WP1014!hist14!CP1004,1
2026-07-17 11:15:16.4,1WB_DEV,AA_JJ_DEV,AUX AIR JJ ANY DEV,,STATE,DEVIATION,ALM,5,,,,,0
2026-07-17 11:15:22.5,1TC,B21,DROOP ACTIVE,DROOP,STATE,ACTIVE,ALM,5,,,,!hist14!CP1001,2
2026-07-17 11:15:49.0,1TC,B21,DROOP ACTIVE,DROOP,STATE,NORMAL,RTN,5,,,,!hist14!CP1001,2
2026-07-17 11:15:49.5,1TC,B21,DROOP ACTIVE,DROOP,STATE,ACTIVE,ALM,5,,,,!hist14!CP1001,2
2026-07-17 11:15:50.5,1TC,B21,DROOP ACTIVE,DROOP,STATE,NORMAL,RTN,5,,,,!hist14!CP1001,2
2026-07-17 11:15:51.5,1TC,B21,DROOP ACTIVE,DROOP,STATE,ACTIVE,ALM,5,,,,!hist14!CP1001,2
2026-07-17 11:15:52.5,1TC,B21,DROOP ACTIVE,DROOP,STATE,NORMAL,RTN,5,,,,!hist14!CP1001,2
2026-07-17 11:15:54.0,1TC,B21,DROOP ACTIVE,DROOP,STATE,ACTIVE,ALM,5,,,,!hist14!CP1001,2
2026-07-17 11:15:55.0,1TC,B21,DROOP ACTIVE,DROOP,STATE,NORMAL,RTN,5,,,,!hist14!CP1001,2
2026-07-17 11:15:56.5,1TC,B21,DROOP ACTIVE,DROOP,STATE,ACTIVE,ALM,5,,,,!hist14!CP1001,2
2026-07-17 11:15:57.0,1TC,B21,DROOP ACTIVE,DROOP,STATE,NORMAL,RTN,5,,,,!hist14!CP1001,2
2026-07-17 11:16:00.5,1TC,B21,DROOP ACTIVE,DROOP,STATE,ACTIVE,ALM,5,,,,!hist14!CP1001,2
2026-07-17 11:16:09.0,1TC,B21,DROOP ACTIVE,DROOP,STATE,NORMAL,RTN,5,,,,!hist14!CP1001,2
2026-07-17 11:16:13.0,1TC,B21,DROOP ACTIVE,DROOP,STATE,ACTIVE,ALM,5,,,,!hist14!CP1001,2
2026-07-17 11:16:15.0,1TC,B21,DROOP ACTIVE,DROOP,STATE,NORMAL,RTN,5,,,,!hist14!CP1001,2
2026-07-17 11:16:17.5,1TC,B21,DROOP ACTIVE,DROOP,STATE,ACTIVE,ALM,5,,,,!hist14!CP1001,2
2026-07-17 11:16:24.5,1TC,B21,DROOP ACTIVE,DROOP,STATE,NORMAL,RTN,5,,,,!hist14!CP1001,2
2026-07-17 11:16:53.6,1PDF,SLPSL0001,PULV LOW SEAL AIR HDR DIFF PRESS,,LOABS,PULV LOW SEAL AIR HDR DIFF PRESS,ALM,1,3.84697,4,INH2O,!WP1001!WP1002!WP1003!WP1006!WP1007!WP1014!hist14!CP1004,1
2026-07-17 11:18:03.0,1TC,B21,DROOP ACTIVE,DROOP,STATE,ACTIVE,ALM,5,,,,!hist14!CP1001,2
2026-07-17 11:18:03.6,1FUEL_SFTY,FPTX_ALM,DRAFT TRANSMITTER DEVIATION,,STATE,FURN DRAFT PRESS XMTR DEVIATION,ALM,5,,,,!WP1001!WP1002!WP1003!WP1006!WP1007!WP1014!hist14!CP1004,1
2026-07-17 11:18:06.5,1TC,B21,DROOP ACTIVE,DROOP,STATE,NORMAL,RTN,5,,,,!hist14!CP1001,2
2026-07-17 11:18:06.6,1FUEL_SFTY,FPTX_ALM,DRAFT TRANSMITTER DEVIATION,,STATE,NO DEVIATION,RTN,5,,,,!WP1001!WP1002!WP1003!WP1006!WP1007!WP1014!hist14!CP1004,1
2026-07-17 11:18:13.5,1TC,B21,DROOP ACTIVE,DROOP,STATE,ACTIVE,ALM,5,,,,!hist14!CP1001,2
2026-07-17 11:18:14.0,1TC,B21,DROOP ACTIVE,DROOP,STATE,NORMAL,RTN,5,,,,!hist14!CP1001,2
2026-07-17 11:18:43.6,1PDF,SLPSL0001,PULV LOW SEAL AIR HDR DIFF PRESS,,LOABS,PULV LOW SEAL AIR HDR DIFF PRESS,RTN,1,4.01191,4,INH2O,!WP1001!WP1002!WP1003!WP1006!WP1007!WP1014!hist14!CP1004,1
2026-07-17 11:18:44.6,1PDF,SLPSL0001,PULV LOW SEAL AIR HDR DIFF PRESS,,LOABS,PULV LOW SEAL AIR HDR DIFF PRESS,ALM,1,3.97559,4,INH2O,!WP1001!WP1002!WP1003!WP1006!WP1007!WP1014!hist14!CP1004,1
2026-07-17 11:18:47.6,1PDF,SLPSL0001,PULV LOW SEAL AIR HDR DIFF PRESS,,LOABS,PULV LOW SEAL AIR HDR DIFF PRESS,RTN,1,4.02158,4,INH2O,!WP1001!WP1002!WP1003!WP1006!WP1007!WP1014!hist14!CP1004,1
2026-07-17 11:20:02.5,1TC,B21,DROOP ACTIVE,DROOP,STATE,ACTIVE,ALM,5,,,,!hist14!CP1001,2
2026-07-17 11:20:22.5,1TC,B21,DROOP ACTIVE,DROOP,STATE,NORMAL,RTN,5,,,,!hist14!CP1001,2
2026-07-17 11:20:23.0,1TC,B21,DROOP ACTIVE,DROOP,STATE,ACTIVE,ALM,5,,,,!hist14!CP1001,2
2026-07-17 11:20:28.6,1PDF,SLPSL0001,PULV LOW SEAL AIR HDR DIFF PRESS,,LOABS,PULV LOW SEAL AIR HDR DIFF PRESS,ALM,1,3.99961,4,INH2O,!WP1001!WP1002!WP1003!WP1006!WP1007!WP1014!hist14!CP1004,1
2026-07-17 11:20:34.0,1TC,B21,DROOP ACTIVE,DROOP,STATE,NORMAL,RTN,5,,,,!hist14!CP1001,2
2026-07-17 11:20:37.5,1TC,B21,DROOP ACTIVE,DROOP,STATE,ACTIVE,ALM,5,,,,!hist14!CP1001,2
2026-07-17 11:20:38.5,1TC,B21,DROOP ACTIVE,DROOP,STATE,NORMAL,RTN,5,,,,!hist14!CP1001,2
2026-07-17 11:20:41.0,1TC,B21,DROOP ACTIVE,DROOP,STATE,ACTIVE,ALM,5,,,,!hist14!CP1001,2
2026-07-17 11:20:45.0,1TC,B21,DROOP ACTIVE,DROOP,STATE,NORMAL,RTN,5,,,,!hist14!CP1001,2
2026-07-17 11:20:45.5,1TC,B21,DROOP ACTIVE,DROOP,STATE,ACTIVE,ALM,5,,,,!hist14!CP1001,2
2026-07-17 11:20:46.5,1TC,B21,DROOP ACTIVE,DROOP,STATE,NORMAL,RTN,5,,,,!hist14!CP1001,2
2026-07-17 11:20:56.0,1TC,B21,DROOP ACTIVE,DROOP,STATE,ACTIVE,ALM,5,,,,!hist14!CP1001,2
2026-07-17 11:21:00.0,1TC,B21,DROOP ACTIVE,DROOP,STATE,NORMAL,RTN,5,,,,!hist14!CP1001,2
2026-07-17 11:21:03.5,1TC,B21,DROOP ACTIVE,DROOP,STATE,ACTIVE,ALM,5,,,,!hist14!CP1001,2
2026-07-17 11:21:07.0,1TC,B21,DROOP ACTIVE,DROOP,STATE,NORMAL,RTN,5,,,,!hist14!CP1001,2
2026-07-17 11:21:07.5,1TC,B21,DROOP ACTIVE,DROOP,STATE,ACTIVE,ALM,5,,,,!hist14!CP1001,2
2026-07-17 11:21:09.0,1TC,B21,DROOP ACTIVE,DROOP,STATE,NORMAL,RTN,5,,,,!hist14!CP1001,2
2026-07-17 11:21:51.6,1PDF,SLPSL0001,PULV LOW SEAL AIR HDR DIFF PRESS,,LOABS,PULV LOW SEAL AIR HDR DIFF PRESS,RTN,1,4.02627,4,INH2O,!WP1001!WP1002!WP1003!WP1006!WP1007!WP1014!hist14!CP1004,1
2026-07-17 11:21:53.6,1PDF,SLPSL0001,PULV LOW SEAL AIR HDR DIFF PRESS,,LOABS,PULV LOW SEAL AIR HDR DIFF PRESS,ALM,1,3.97588,4,INH2O,!WP1001!WP1002!WP1003!WP1006!WP1007!WP1014!hist14!CP1004,1
2026-07-17 11:21:59.6,1PDF,SLPSL0001,PULV LOW SEAL AIR HDR DIFF PRESS,,LOABS,PULV LOW SEAL AIR HDR DIFF PRESS,RTN,1,4.13965,4,INH2O,!WP1001!WP1002!WP1003!WP1006!WP1007!WP1014!hist14!CP1004,1
2026-07-17 11:22:02.6,1PDF,SLPSL0001,PULV LOW SEAL AIR HDR DIFF PRESS,,LOABS,PULV LOW SEAL AIR HDR DIFF PRESS,ALM,1,3.90938,4,INH2O,!WP1001!WP1002!WP1003!WP1006!WP1007!WP1014!hist14!CP1004,1
2026-07-17 11:22:32.6,1PDF,SLPSL0001,PULV LOW SEAL AIR HDR DIFF PRESS,,LOABS,PULV LOW SEAL AIR HDR DIFF PRESS,RTN,1,4.02686,4,INH2O,!WP1001!WP1002!WP1003!WP1006!WP1007!WP1014!hist14!CP1004,1
2026-07-17 11:22:36.6,1PDF,SLPSL0001,PULV LOW SEAL AIR HDR DIFF PRESS,,LOABS,PULV LOW SEAL AIR HDR DIFF PRESS,ALM,1,3.98613,4,INH2O,!WP1001!WP1002!WP1003!WP1006!WP1007!WP1014!hist14!CP1004,1
2026-07-17 11:22:37.6,1PDF,SLPSL0001,PULV LOW SEAL AIR HDR DIFF PRESS,,LOABS,PULV LOW SEAL AIR HDR DIFF PRESS,RTN,1,4.02041,4,INH2O,!WP1001!WP1002!WP1003!WP1006!WP1007!WP1014!hist14!CP1004,1
2026-07-17 11:22:38.6,1PDF,SLPSL0001,PULV LOW SEAL AIR HDR DIFF PRESS,,LOABS,PULV LOW SEAL AIR HDR DIFF PRESS,ALM,1,3.975,4,INH2O,!WP1001!WP1002!WP1003!WP1006!WP1007!WP1014!hist14!CP1004,1
2026-07-17 11:22:39.6,1PDF,SLPSL0001,PULV LOW SEAL AIR HDR DIFF PRESS,,LOABS,PULV LOW SEAL AIR HDR DIFF PRESS,RTN,1,4.12822,4,INH2O,!WP1001!WP1002!WP1003!WP1006!WP1007!WP1014!hist14!CP1004,1
2026-07-17 11:22:59.5,1TC,B21,DROOP ACTIVE,DROOP,STATE,ACTIVE,ALM,5,,,,!hist14!CP1001,2
2026-07-17 11:23:16.5,1TC,B21,DROOP ACTIVE,DROOP,STATE,NORMAL,RTN,5,,,,!hist14!CP1001,2
2026-07-17 11:24:32.6,1PDF,SLPSL0001,PULV LOW SEAL AIR HDR DIFF PRESS,,LOABS,PULV LOW SEAL AIR HDR DIFF PRESS,ALM,1,3.9624,4,INH2O,!WP1001!WP1002!WP1003!WP1006!WP1007!WP1014!hist14!CP1004,1
2026-07-17 11:25:03.6,1PDF,SLPSL0001,PULV LOW SEAL AIR HDR DIFF PRESS,,LOABS,PULV LOW SEAL AIR HDR DIFF PRESS,RTN,1,4.01865,4,INH2O,!WP1001!WP1002!WP1003!WP1006!WP1007!WP1014!hist14!CP1004,1
2026-07-17 11:25:07.6,1PDF,SLPSL0001,PULV LOW SEAL AIR HDR DIFF PRESS,,LOABS,PULV LOW SEAL AIR HDR DIFF PRESS,ALM,1,3.97939,4,INH2O,!WP1001!WP1002!WP1003!WP1006!WP1007!WP1014!hist14!CP1004,1
2026-07-17 11:25:08.6,1PDF,SLPSL0001,PULV LOW SEAL AIR HDR DIFF PRESS,,LOABS,PULV LOW SEAL AIR HDR DIFF PRESS,RTN,1,4.05264,4,INH2O,!WP1001!WP1002!WP1003!WP1006!WP1007!WP1014!hist14!CP1004,1
2026-07-17 11:25:09.6,1PDF,SLPSL0001,PULV LOW SEAL AIR HDR DIFF PRESS,,LOABS,PULV LOW SEAL AIR HDR DIFF PRESS,ALM,1,3.98525,4,INH2O,!WP1001!WP1002!WP1003!WP1006!WP1007!WP1014!hist14!CP1004,1
2026-07-17 11:25:10.6,1PDF,SLPSL0001,PULV LOW SEAL AIR HDR DIFF PRESS,,LOABS,PULV LOW SEAL AIR HDR DIFF PRESS,RTN,1,4.1291,4,INH2O,!WP1001!WP1002!WP1003!WP1006!WP1007!WP1014!hist14!CP1004,1
2026-07-17 11:28:09.6,1PDF,SLPSL0001,PULV LOW SEAL AIR HDR DIFF PRESS,,LOABS,PULV LOW SEAL AIR HDR DIFF PRESS,ALM,1,3.99668,4,INH2O,!WP1001!WP1002!WP1003!WP1006!WP1007!WP1014!hist14!CP1004,1
2026-07-17 11:29:20.0,1TC,B21,DROOP ACTIVE,DROOP,STATE,ACTIVE,ALM,5,,,,!hist14!CP1001,2
2026-07-17 11:30:15.6,1PDF,SLPSL0001,PULV LOW SEAL AIR HDR DIFF PRESS,,LOABS,PULV LOW SEAL AIR HDR DIFF PRESS,RTN,1,4.16045,4,INH2O,!WP1001!WP1002!WP1003!WP1006!WP1007!WP1014!hist14!CP1004,1
2026-07-17 11:30:18.6,1PDF,SLPSL0001,PULV LOW SEAL AIR HDR DIFF PRESS,,LOABS,PULV LOW SEAL AIR HDR DIFF PRESS,ALM,1,3.99404,4,INH2O,!WP1001!WP1002!WP1003!WP1006!WP1007!WP1014!hist14!CP1004,1
2026-07-17 11:30:19.6,1PDF,SLPSL0001,PULV LOW SEAL AIR HDR DIFF PRESS,,LOABS,PULV LOW SEAL AIR HDR DIFF PRESS,RTN,1,4.0708,4,INH2O,!WP1001!WP1002!WP1003!WP1006!WP1007!WP1014!hist14!CP1004,1
2026-07-17 11:30:20.6,1PDF,SLPSL0001,PULV LOW SEAL AIR HDR DIFF PRESS,,LOABS,PULV LOW SEAL AIR HDR DIFF PRESS,ALM,1,3.94629,4,INH2O,!WP1001!WP1002!WP1003!WP1006!WP1007!WP1014!hist14!CP1004,1
2026-07-17 11:30:21.6,1PDF,SLPSL0001,PULV LOW SEAL AIR HDR DIFF PRESS,,LOABS,PULV LOW SEAL AIR HDR DIFF PRESS,RTN,1,4.02041,4,INH2O,!WP1001!WP1002!WP1003!WP1006!WP1007!WP1014!hist14!CP1004,1
2026-07-17 11:30:22.6,1PDF,SLPSL0001,PULV LOW SEAL AIR HDR DIFF PRESS,,LOABS,PULV LOW SEAL AIR HDR DIFF PRESS,ALM,1,3.99287,4,INH2O,!WP1001!WP1002!WP1003!WP1006!WP1007!WP1014!hist14!CP1004,1
2026-07-17 11:30:23.6,1PDF,SLPSL0001,PULV LOW SEAL AIR HDR DIFF PRESS,,LOABS,PULV LOW SEAL AIR HDR DIFF PRESS,RTN,1,4.12764,4,INH2O,!WP1001!WP1002!WP1003!WP1006!WP1007!WP1014!hist14!CP1004,1
2026-07-17 11:30:28.6,1PDF,SLPSL0001,PULV LOW SEAL AIR HDR DIFF PRESS,,LOABS,PULV LOW SEAL AIR HDR DIFF PRESS,ALM,1,3.94893,4,INH2O,!WP1001!WP1002!WP1003!WP1006!WP1007!WP1014!hist14!CP1004,1
2026-07-17 11:30:30.6,1PDF,SLPSL0001,PULV LOW SEAL AIR HDR DIFF PRESS,,LOABS,PULV LOW SEAL AIR HDR DIFF PRESS,RTN,1,4.01397,4,INH2O,!WP1001!WP1002!WP1003!WP1006!WP1007!WP1014!hist14!CP1004,1
2026-07-17 11:30:47.6,1JMILL,LO_TSL,J PULV LUBE OIL   TEMP ALM,,LOABS,LOW PULV LUBE OIL TEMPERATURE,RTN,5,92.041,90,DEGF,!WP1001!WP1002!WP1003!WP1006!WP1007!WP1014!hist14!CP1004,1
2026-07-17 11:31:06.0,1TC,B21,DROOP ACTIVE,DROOP,STATE,NORMAL,RTN,5,,,,!hist14!CP1001,2
2026-07-17 11:32:16.6,1PDF,SLPSL0001,PULV LOW SEAL AIR HDR DIFF PRESS,,LOABS,PULV LOW SEAL AIR HDR DIFF PRESS,ALM,1,3.98203,4,INH2O,!WP1001!WP1002!WP1003!WP1006!WP1007!WP1014!hist14!CP1004,1
2026-07-17 11:32:17.6,1PDF,SLPSL0001,PULV LOW SEAL AIR HDR DIFF PRESS,,LOABS,PULV LOW SEAL AIR HDR DIFF PRESS,RTN,1,4.05527,4,INH2O,!WP1001!WP1002!WP1003!WP1006!WP1007!WP1014!hist14!CP1004,1
2026-07-17 11:32:50.6,1PDF,SLPSL0001,PULV LOW SEAL AIR HDR DIFF PRESS,,LOABS,PULV LOW SEAL AIR HDR DIFF PRESS,ALM,1,3.98701,4,INH2O,!WP1001!WP1002!WP1003!WP1006!WP1007!WP1014!hist14!CP1004,1
2026-07-17 11:33:44.1,1QUENCH18,PDSH5701,MAKEUP WATER STRAINER PRESS SW,,HIABS,STRAINER DP HIGH,ALM,3,6.33076,5,PSIG,!WP1001!WP1002!WP1003!WP1006!WP1007!WP1014!hist14!CP1018,1
2026-07-17 11:34:10.6,1PDF,SLPSL0001,PULV LOW SEAL AIR HDR DIFF PRESS,,LOABS,PULV LOW SEAL AIR HDR DIFF PRESS,RTN,1,4.06201,4,INH2O,!WP1001!WP1002!WP1003!WP1006!WP1007!WP1014!hist14!CP1004,1
2026-07-17 11:34:22.4,1AB_EXTRACT,ABPDI5051,ASH CLR EXTR      DIFF PRESS,,IOBAD,BAD CHANNEL,ALM,3,,,,!WP1002!WP1011!WP1001!hist14!CP1020,1
2026-07-17 11:34:48.4,1QUENCH18,PDSH5701,MAKEUP WATER STRAINER PRESS SW,,HIABS,STRAINER DP HIGH,RTN,3,4.43701,5,PSIG,!WP1001!WP1002!WP1003!WP1006!WP1007!WP1014!hist14!CP1018,1
2026-07-17 11:35:56.8,1FG_A,ZSH5601A,BF A BLADE PITCH,,HIABS,BLADE PITCH ALARM,ALM,3,70.0781,70,%,!WP1001!WP1002!WP1003!WP1006!WP1007!WP1014!hist14!CP1015,1
2026-07-17 11:35:57.3,1FG_B,ZSH5701A,BF B BLADE PITCH,,HIABS,BLADE PITCH ALARM,ALM,3,70.1172,70,%,!WP1001!WP1002!WP1003!WP1006!WP1007!WP1014!hist14!CP1015,1
2026-07-17 11:36:25.8,1SEAL_AIR,PDI5735_ALM,BF B OUT DMPR SEAL CAV D/P LOW,,STATE,DP ALARM ACTIVE,ALM,3,,,,!WP1001!WP1002!WP1003!WP1006!WP1007!WP1014!hist14!CP1015,1
2026-07-17 11:38:13.6,1PDF,SLPSL0001,PULV LOW SEAL AIR HDR DIFF PRESS,,LOABS,PULV LOW SEAL AIR HDR DIFF PRESS,ALM,1,3.9917,4,INH2O,!WP1001!WP1002!WP1003!WP1006!WP1007!WP1014!hist14!CP1004,1
2026-07-17 11:38:14.6,1PDF,SLPSL0001,PULV LOW SEAL AIR HDR DIFF PRESS,,LOABS,PULV LOW SEAL AIR HDR DIFF PRESS,RTN,1,4.09746,4,INH2O,!WP1001!WP1002!WP1003!WP1006!WP1007!WP1014!hist14!CP1004,1
2026-07-17 11:38:17.6,1PDF,SLPSL0001,PULV LOW SEAL AIR HDR DIFF PRESS,,LOABS,PULV LOW SEAL AIR HDR DIFF PRESS,ALM,1,3.9876,4,INH2O,!WP1001!WP1002!WP1003!WP1006!WP1007!WP1014!hist14!CP1004,1
2026-07-17 11:38:18.6,1PDF,SLPSL0001,PULV LOW SEAL AIR HDR DIFF PRESS,,LOABS,PULV LOW SEAL AIR HDR DIFF PRESS,RTN,1,4.10479,4,INH2O,!WP1001!WP1002!WP1003!WP1006!WP1007!WP1014!hist14!CP1004,1
2026-07-17 11:38:26.6,1PDF,SLPSL0001,PULV LOW SEAL AIR HDR DIFF PRESS,,LOABS,PULV LOW SEAL AIR HDR DIFF PRESS,ALM,1,3.97266,4,INH2O,!WP1001!WP1002!WP1003!WP1006!WP1007!WP1014!hist14!CP1004,1
2026-07-17 11:38:33.6,1PDF,SLPSL0001,PULV LOW SEAL AIR HDR DIFF PRESS,,LOABS,PULV LOW SEAL AIR HDR DIFF PRESS,RTN,1,4.10625,4,INH2O,!WP1001!WP1002!WP1003!WP1006!WP1007!WP1014!hist14!CP1004,1
2026-07-17 11:38:34.6,1PDF,SLPSL0001,PULV LOW SEAL AIR HDR DIFF PRESS,,LOABS,PULV LOW SEAL AIR HDR DIFF PRESS,ALM,1,3.86162,4,INH2O,!WP1001!WP1002!WP1003!WP1006!WP1007!WP1014!hist14!CP1004,1
2026-07-17 11:38:39.6,1PDF,SLPSL0001,PULV LOW SEAL AIR HDR DIFF PRESS,,LOABS,PULV LOW SEAL AIR HDR DIFF PRESS,RTN,1,4.04941,4,INH2O,!WP1001!WP1002!WP1003!WP1006!WP1007!WP1014!hist14!CP1004,1
2026-07-17 11:38:42.6,1PDF,SLPSL0001,PULV LOW SEAL AIR HDR DIFF PRESS,,LOABS,PULV LOW SEAL AIR HDR DIFF PRESS,ALM,1,3.98701,4,INH2O,!WP1001!WP1002!WP1003!WP1006!WP1007!WP1014!hist14!CP1004,1
2026-07-17 11:39:22.6,1PDF,SLPSL0001,PULV LOW SEAL AIR HDR DIFF PRESS,,LOABS,PULV LOW SEAL AIR HDR DIFF PRESS,RTN,1,4.00137,4,INH2O,!WP1001!WP1002!WP1003!WP1006!WP1007!WP1014!hist14!CP1004,1
2026-07-17 11:39:24.6,1PDF,SLPSL0001,PULV LOW SEAL AIR HDR DIFF PRESS,,LOABS,PULV LOW SEAL AIR HDR DIFF PRESS,ALM,1,3.9876,4,INH2O,!WP1001!WP1002!WP1003!WP1006!WP1007!WP1014!hist14!CP1004,1
2026-07-17 11:39:28.6,1PDF,SLPSL0001,PULV LOW SEAL AIR HDR DIFF PRESS,,LOABS,PULV LOW SEAL AIR HDR DIFF PRESS,RTN,1,4.02041,4,INH2O,!WP1001!WP1002!WP1003!WP1006!WP1007!WP1014!hist14!CP1004,1
2026-07-17 11:39:29.6,1PDF,SLPSL0001,PULV LOW SEAL AIR HDR DIFF PRESS,,LOABS,PULV LOW SEAL AIR HDR DIFF PRESS,ALM,1,3.9375,4,INH2O,!WP1001!WP1002!WP1003!WP1006!WP1007!WP1014!hist14!CP1004,1
2026-07-17 11:39:30.6,1PDF,SLPSL0001,PULV LOW SEAL AIR HDR DIFF PRESS,,LOABS,PULV LOW SEAL AIR HDR DIFF PRESS,RTN,1,4.08486,4,INH2O,!WP1001!WP1002!WP1003!WP1006!WP1007!WP1014!hist14!CP1004,1
2026-07-17 11:39:31.6,1PDF,SLPSL0001,PULV LOW SEAL AIR HDR DIFF PRESS,,LOABS,PULV LOW SEAL AIR HDR DIFF PRESS,ALM,1,3.9627,4,INH2O,!WP1001!WP1002!WP1003!WP1006!WP1007!WP1014!hist14!CP1004,1
2026-07-17 11:39:32.6,1PDF,SLPSL0001,PULV LOW SEAL AIR HDR DIFF PRESS,,LOABS,PULV LOW SEAL AIR HDR DIFF PRESS,RTN,1,4.06348,4,INH2O,!WP1001!WP1002!WP1003!WP1006!WP1007!WP1014!hist14!CP1004,1
2026-07-17 11:39:33.6,1PDF,SLPSL0001,PULV LOW SEAL AIR HDR DIFF PRESS,,LOABS,PULV LOW SEAL AIR HDR DIFF PRESS,ALM,1,3.8502,4,INH2O,!WP1001!WP1002!WP1003!WP1006!WP1007!WP1014!hist14!CP1004,1
2026-07-17 11:40:03.6,1PDF,SLPSL0001,PULV LOW SEAL AIR HDR DIFF PRESS,,LOABS,PULV LOW SEAL AIR HDR DIFF PRESS,RTN,1,4.06201,4,INH2O,!WP1001!WP1002!WP1003!WP1006!WP1007!WP1014!hist14!CP1004,1
2026-07-17 11:40:06.6,1PDF,SLPSL0001,PULV LOW SEAL AIR HDR DIFF PRESS,,LOABS,PULV LOW SEAL AIR HDR DIFF PRESS,ALM,1,3.99844,4,INH2O,!WP1001!WP1002!WP1003!WP1006!WP1007!WP1014!hist14!CP1004,1
2026-07-17 11:40:08.6,1PDF,SLPSL0001,PULV LOW SEAL AIR HDR DIFF PRESS,,LOABS,PULV LOW SEAL AIR HDR DIFF PRESS,RTN,1,4.03711,4,INH2O,!WP1001!WP1002!WP1003!WP1006!WP1007!WP1014!hist14!CP1004,1
2026-07-17 11:40:09.6,1PDF,SLPSL0001,PULV LOW SEAL AIR HDR DIFF PRESS,,LOABS,PULV LOW SEAL AIR HDR DIFF PRESS,ALM,1,3.99961,4,INH2O,!WP1001!WP1002!WP1003!WP1006!WP1007!WP1014!hist14!CP1004,1
2026-07-17 11:40:10.6,1PDF,SLPSL0001,PULV LOW SEAL AIR HDR DIFF PRESS,,LOABS,PULV LOW SEAL AIR HDR DIFF PRESS,RTN,1,4.13027,4,INH2O,!WP1001!WP1002!WP1003!WP1006!WP1007!WP1014!hist14!CP1004,1
2026-07-17 11:40:32.7,1PDF,SLPSL0001,PULV LOW SEAL AIR HDR DIFF PRESS,,LOABS,PULV LOW SEAL AIR HDR DIFF PRESS,ALM,1,3.92695,4,INH2O,!WP1001!WP1002!WP1003!WP1006!WP1007!WP1014!hist14!CP1004,1
2026-07-17 11:40:35.6,1PDF,SLPSL0001,PULV LOW SEAL AIR HDR DIFF PRESS,,LOABS,PULV LOW SEAL AIR HDR DIFF PRESS,RTN,1,4.079,4,INH2O,!WP1001!WP1002!WP1003!WP1006!WP1007!WP1014!hist14!CP1004,1
2026-07-17 11:40:45.5,1TC,B21,DROOP ACTIVE,DROOP,STATE,ACTIVE,ALM,5,,,,!hist14!CP1001,2
2026-07-17 11:42:55.0,1FP,B86,ID FAN C INLET DAMPER FEEDBACK,,HHABS,ID FAN C DAMPER 80 %,ALM,1,80.022,80,PCT,!WP1001!WP1002!WP1003!WP1006!WP1007!WP1014!hist14!CP1001,1
2026-07-17 11:42:56.5,1FP,B58,ID FAN B INLET DAMPER FEEDBACK,,HHABS,IDF B DAMPER 80%,ALM,1,80.0305,80,PCT,!WP1001!WP1002!WP1003!WP1006!WP1007!WP1014!hist14!CP1001,1
2026-07-17 11:42:57.5,1FP,B56,ID FAN A INLET DAMPER FEEDBACK,,HHABS,ID FAN A DAMPER 80 %,ALM,1,80.0427,80,PCT,!WP1001!WP1002!WP1003!WP1006!WP1007!WP1014!hist14!CP1001,1
2026-07-17 11:43:30.3,1FG_B,5706TX_ALM,BF B INLET OUTLET PRESS,FGPDIT5706,STATE,BF B INLET/OUTLET PRESS DEV,ALM,3,,,,!WP1001!WP1002!WP1003!WP1006!WP1007!WP1014!hist14!CP1015,1
2026-07-17 11:43:33.6,1BCS_7,IKTE3751,REHEAT TEMP RIGHT (REDUNDANT),,HIABS,HIGH,ALM,1,1012.21,1012.18,DEG.F,!WP1002!WP1006!WP1007!WP1001!WP1003!WP1014!hist14!CP1007,1
2026-07-17 11:43:40.7,1DAS10,IACE3211,COND MAKE-UP SPEC CNDCT,,HIABS,HIGH,ALM,1,0.300312,0.3,US/CM,!WP1002!WP1006!WP1007!WP1001!WP1003!WP1014!hist14!CP1008,1
2026-07-17 11:43:48.6,IDFAN_PEEC,OPCY_ALM,PRECIP OUT > 50%,PRECIP OUTLET,STATE,ALARM,ALM,3,,,,!WP1001!WP1002!WP1003!WP1006!WP1007!WP1014!hist14!CP1003,1
2026-07-17 11:43:50.6,IDFAN_PEEC,OPCY_ALM,PRECIP OUT > 50%,PRECIP OUTLET,STATE,NORMAL,RTN,3,,,,!WP1001!WP1002!WP1003!WP1006!WP1007!WP1014!hist14!CP1003,1
2026-07-17 11:44:06.6,IDFAN_PEEC,OPCY_ALM,PRECIP OUT > 50%,PRECIP OUTLET,STATE,ALARM,ALM,3,,,,!WP1001!WP1002!WP1003!WP1006!WP1007!WP1014!hist14!CP1003,1
2026-07-17 11:44:27.1,IDFAN_PEEC,OPCY_ALM,PRECIP OUT > 50%,PRECIP OUTLET,STATE,NORMAL,RTN,3,,,,!WP1001!WP1002!WP1003!WP1006!WP1007!WP1014!hist14!CP1003,1
2026-07-17 11:44:36.0,1TC,B21,DROOP ACTIVE,DROOP,STATE,NORMAL,RTN,5,,,,!hist14!CP1001,2
2026-07-17 11:44:39.6,IDFAN_PEEC,OPCY_ALM,PRECIP OUT > 50%,PRECIP OUTLET,STATE,ALARM,ALM,3,,,,!WP1001!WP1002!WP1003!WP1006!WP1007!WP1014!hist14!CP1003,1
2026-07-17 11:44:44.6,1BCS_7,IKTE3751,REHEAT TEMP RIGHT (REDUNDANT),,HIABS,HIGH,RTN,1,1007.17,1012.18,DEG.F,!WP1002!WP1006!WP1007!WP1001!WP1003!WP1014!hist14!CP1007,1
2026-07-17 11:44:46.7,1PDF,SLPSL0001,PULV LOW SEAL AIR HDR DIFF PRESS,,LOABS,PULV LOW SEAL AIR HDR DIFF PRESS,ALM,1,3.98291,4,INH2O,!WP1001!WP1002!WP1003!WP1006!WP1007!WP1014!hist14!CP1004,1
2026-07-17 11:44:47.7,1PDF,SLPSL0001,PULV LOW SEAL AIR HDR DIFF PRESS,,LOABS,PULV LOW SEAL AIR HDR DIFF PRESS,RTN,1,4.079,4,INH2O,!WP1001!WP1002!WP1003!WP1006!WP1007!WP1014!hist14!CP1004,1
2026-07-17 11:44:57.7,1PDF,SLPSL0001,PULV LOW SEAL AIR HDR DIFF PRESS,,LOABS,PULV LOW SEAL AIR HDR DIFF PRESS,ALM,1,3.90674,4,INH2O,!WP1001!WP1002!WP1003!WP1006!WP1007!WP1014!hist14!CP1004,1
2026-07-17 11:45:04.7,1PDF,SLPSL0001,PULV LOW SEAL AIR HDR DIFF PRESS,,LOABS,PULV LOW SEAL AIR HDR DIFF PRESS,RTN,1,4.04414,4,INH2O,!WP1001!WP1002!WP1003!WP1006!WP1007!WP1014!hist14!CP1004,1
2026-07-17 11:45:05.7,1PDF,SLPSL0001,PULV LOW SEAL AIR HDR DIFF PRESS,,LOABS,PULV LOW SEAL AIR HDR DIFF PRESS,ALM,1,3.95449,4,INH2O,!WP1001!WP1002!WP1003!WP1006!WP1007!WP1014!hist14!CP1004,1
2026-07-17 11:45:06.7,1PDF,SLPSL0001,PULV LOW SEAL AIR HDR DIFF PRESS,,LOABS,PULV LOW SEAL AIR HDR DIFF PRESS,RTN,1,4.19473,4,INH2O,!WP1001!WP1002!WP1003!WP1006!WP1007!WP1014!hist14!CP1004,1
2026-07-17 11:45:31.7,1PDF,SLPSL0001,PULV LOW SEAL AIR HDR DIFF PRESS,,LOABS,PULV LOW SEAL AIR HDR DIFF PRESS,ALM,1,3.98525,4,INH2O,!WP1001!WP1002!WP1003!WP1006!WP1007!WP1014!hist14!CP1004,1
2026-07-17 11:45:32.7,1PDF,SLPSL0001,PULV LOW SEAL AIR HDR DIFF PRESS,,LOABS,PULV LOW SEAL AIR HDR DIFF PRESS,RTN,1,4.06641,4,INH2O,!WP1001!WP1002!WP1003!WP1006!WP1007!WP1014!hist14!CP1004,1
2026-07-17 11:45:33.7,1PDF,SLPSL0001,PULV LOW SEAL AIR HDR DIFF PRESS,,LOABS,PULV LOW SEAL AIR HDR DIFF PRESS,ALM,1,3.99932,4,INH2O,!WP1001!WP1002!WP1003!WP1006!WP1007!WP1014!hist14!CP1004,1
2026-07-17 11:45:40.7,1PDF,SLPSL0001,PULV LOW SEAL AIR HDR DIFF PRESS,,LOABS,PULV LOW SEAL AIR HDR DIFF PRESS,RTN,1,4.08516,4,INH2O,!WP1001!WP1002!WP1003!WP1006!WP1007!WP1014!hist14!CP1004,1
2026-07-17 11:45:41.7,1PDF,SLPSL0001,PULV LOW SEAL AIR HDR DIFF PRESS,,LOABS,PULV LOW SEAL AIR HDR DIFF PRESS,ALM,1,3.99873,4,INH2O,!WP1001!WP1002!WP1003!WP1006!WP1007!WP1014!hist14!CP1004,1
2026-07-17 11:45:42.7,1PDF,SLPSL0001,PULV LOW SEAL AIR HDR DIFF PRESS,,LOABS,PULV LOW SEAL AIR HDR DIFF PRESS,RTN,1,4.1001,4,INH2O,!WP1001!WP1002!WP1003!WP1006!WP1007!WP1014!hist14!CP1004,1
2026-07-17 11:45:43.7,1PDF,SLPSL0001,PULV LOW SEAL AIR HDR DIFF PRESS,,LOABS,PULV LOW SEAL AIR HDR DIFF PRESS,ALM,1,3.95186,4,INH2O,!WP1001!WP1002!WP1003!WP1006!WP1007!WP1014!hist14!CP1004,1
2026-07-17 11:45:44.7,1PDF,SLPSL0001,PULV LOW SEAL AIR HDR DIFF PRESS,,LOABS,PULV LOW SEAL AIR HDR DIFF PRESS,RTN,1,4.05791,4,INH2O,!WP1001!WP1002!WP1003!WP1006!WP1007!WP1014!hist14!CP1004,1
2026-07-17 11:45:45.7,1PDF,SLPSL0001,PULV LOW SEAL AIR HDR DIFF PRESS,,LOABS,PULV LOW SEAL AIR HDR DIFF PRESS,ALM,1,3.92637,4,INH2O,!WP1001!WP1002!WP1003!WP1006!WP1007!WP1014!hist14!CP1004,1
2026-07-17 11:45:48.7,1PDF,SLPSL0001,PULV LOW SEAL AIR HDR DIFF PRESS,,LOABS,PULV LOW SEAL AIR HDR DIFF PRESS,RTN,1,4.08574,4,INH2O,!WP1001!WP1002!WP1003!WP1006!WP1007!WP1014!hist14!CP1004,1
2026-07-17 11:45:49.7,1PDF,SLPSL0001,PULV LOW SEAL AIR HDR DIFF PRESS,,LOABS,PULV LOW SEAL AIR HDR DIFF PRESS,ALM,1,3.96357,4,INH2O,!WP1001!WP1002!WP1003!WP1006!WP1007!WP1014!hist14!CP1004,1
2026-07-17 11:45:50.7,1PDF,SLPSL0001,PULV LOW SEAL AIR HDR DIFF PRESS,,LOABS,PULV LOW SEAL AIR HDR DIFF PRESS,RTN,1,4.00547,4,INH2O,!WP1001!WP1002!WP1003!WP1006!WP1007!WP1014!hist14!CP1004,1
2026-07-17 11:45:51.7,1PDF,SLPSL0001,PULV LOW SEAL AIR HDR DIFF PRESS,,LOABS,PULV LOW SEAL AIR HDR DIFF PRESS,ALM,1,3.99902,4,INH2O,!WP1001!WP1002!WP1003!WP1006!WP1007!WP1014!hist14!CP1004,1
2026-07-17 11:45:52.7,1PDF,SLPSL0001,PULV LOW SEAL AIR HDR DIFF PRESS,,LOABS,PULV LOW SEAL AIR HDR DIFF PRESS,RTN,1,4.021,4,INH2O,!WP1001!WP1002!WP1003!WP1006!WP1007!WP1014!hist14!CP1004,1
2026-07-17 11:45:53.7,1PDF,SLPSL0001,PULV LOW SEAL AIR HDR DIFF PRESS,,LOABS,PULV LOW SEAL AIR HDR DIFF PRESS,ALM,1,3.9835,4,INH2O,!WP1001!WP1002!WP1003!WP1006!WP1007!WP1014!hist14!CP1004,1
2026-07-17 11:45:54.0,1AF,B76,FD FAN B INLET DAMPER FEEDBACK,,HHABS,FD FAN B DAMPER > 80%,ALM,1,80.041,80,PCT,!WP1001!WP1002!WP1003!WP1006!WP1007!WP1014!hist14!CP1001,1
2026-07-17 11:45:55.7,1PDF,SLPSL0001,PULV LOW SEAL AIR HDR DIFF PRESS,,LOABS,PULV LOW SEAL AIR HDR DIFF PRESS,RTN,1,4.03037,4,INH2O,!WP1001!WP1002!WP1003!WP1006!WP1007!WP1014!hist14!CP1004,1
2026-07-17 11:46:12.0,1AF,B74,FD FAN A INLET DAMPER FEEDBACK,,HHABS,FD FAN A DAMPER > 80%,ALM,1,80.0625,80,PCT,!WP1001!WP1002!WP1003!WP1006!WP1007!WP1014!hist14!CP1001,1
2026-07-17 11:46:19.7,1PDF,SLPSL0001,PULV LOW SEAL AIR HDR DIFF PRESS,,LOABS,PULV LOW SEAL AIR HDR DIFF PRESS,ALM,1,3.98877,4,INH2O,!WP1001!WP1002!WP1003!WP1006!WP1007!WP1014!hist14!CP1004,1
2026-07-17 11:46:20.7,1PDF,SLPSL0001,PULV LOW SEAL AIR HDR DIFF PRESS,,LOABS,PULV LOW SEAL AIR HDR DIFF PRESS,RTN,1,4.02041,4,INH2O,!WP1001!WP1002!WP1003!WP1006!WP1007!WP1014!hist14!CP1004,1
2026-07-17 11:46:25.7,1PDF,SLPSL0001,PULV LOW SEAL AIR HDR DIFF PRESS,,LOABS,PULV LOW SEAL AIR HDR DIFF PRESS,ALM,1,3.92549,4,INH2O,!WP1001!WP1002!WP1003!WP1006!WP1007!WP1014!hist14!CP1004,1
2026-07-17 11:46:31.7,1PDF,SLPSL0001,PULV LOW SEAL AIR HDR DIFF PRESS,,LOABS,PULV LOW SEAL AIR HDR DIFF PRESS,RTN,1,4.07607,4,INH2O,!WP1001!WP1002!WP1003!WP1006!WP1007!WP1014!hist14!CP1004,1
2026-07-17 11:46:33.7,1PDF,SLPSL0001,PULV LOW SEAL AIR HDR DIFF PRESS,,LOABS,PULV LOW SEAL AIR HDR DIFF PRESS,ALM,1,3.96797,4,INH2O,!WP1001!WP1002!WP1003!WP1006!WP1007!WP1014!hist14!CP1004,1
2026-07-17 11:46:37.7,1PDF,SLPSL0001,PULV LOW SEAL AIR HDR DIFF PRESS,,LOABS,PULV LOW SEAL AIR HDR DIFF PRESS,RTN,1,4.01689,4,INH2O,!WP1001!WP1002!WP1003!WP1006!WP1007!WP1014!hist14!CP1004,1
2026-07-17 11:46:40.7,1PDF,SLPSL0001,PULV LOW SEAL AIR HDR DIFF PRESS,,LOABS,PULV LOW SEAL AIR HDR DIFF PRESS,ALM,1,3.96973,4,INH2O,!WP1001!WP1002!WP1003!WP1006!WP1007!WP1014!hist14!CP1004,1
2026-07-17 11:46:41.7,1PDF,SLPSL0001,PULV LOW SEAL AIR HDR DIFF PRESS,,LOABS,PULV LOW SEAL AIR HDR DIFF PRESS,RTN,1,4.06729,4,INH2O,!WP1001!WP1002!WP1003!WP1006!WP1007!WP1014!hist14!CP1004,1
2026-07-17 11:46:42.7,1PDF,SLPSL0001,PULV LOW SEAL AIR HDR DIFF PRESS,,LOABS,PULV LOW SEAL AIR HDR DIFF PRESS,ALM,1,3.88623,4,INH2O,!WP1001!WP1002!WP1003!WP1006!WP1007!WP1014!hist14!CP1004,1
2026-07-17 11:46:47.7,1PDF,SLPSL0001,PULV LOW SEAL AIR HDR DIFF PRESS,,LOABS,PULV LOW SEAL AIR HDR DIFF PRESS,RTN,1,4.03535,4,INH2O,!WP1001!WP1002!WP1003!WP1006!WP1007!WP1014!hist14!CP1004,1
2026-07-17 11:46:48.7,1PDF,SLPSL0001,PULV LOW SEAL AIR HDR DIFF PRESS,,LOABS,PULV LOW SEAL AIR HDR DIFF PRESS,ALM,1,3.98584,4,INH2O,!WP1001!WP1002!WP1003!WP1006!WP1007!WP1014!hist14!CP1004,1
2026-07-17 11:46:49.7,1PDF,SLPSL0001,PULV LOW SEAL AIR HDR DIFF PRESS,,LOABS,PULV LOW SEAL AIR HDR DIFF PRESS,RTN,1,4.04092,4,INH2O,!WP1001!WP1002!WP1003!WP1006!WP1007!WP1014!hist14!CP1004,1
2026-07-17 11:46:50.7,1PDF,SLPSL0001,PULV LOW SEAL AIR HDR DIFF PRESS,,LOABS,PULV LOW SEAL AIR HDR DIFF PRESS,ALM,1,3.95508,4,INH2O,!WP1001!WP1002!WP1003!WP1006!WP1007!WP1014!hist14!CP1004,1
2026-07-17 11:46:54.7,1PDF,SLPSL0001,PULV LOW SEAL AIR HDR DIFF PRESS,,LOABS,PULV LOW SEAL AIR HDR DIFF PRESS,RTN,1,4.06553,4,INH2O,!WP1001!WP1002!WP1003!WP1006!WP1007!WP1014!hist14!CP1004,1
2026-07-17 11:47:01.1,1NW_ESP_SMP,NWAI6702B,PRECIP SUMP PMP B DSCH PH,,IOBAD,BAD CHANNEL,RTN,3,,,,!WP1002!WP1011!WP1001!hist14!CP1020,1
2026-07-17 11:47:16.7,1PDF,SLPSL0001,PULV LOW SEAL AIR HDR DIFF PRESS,,LOABS,PULV LOW SEAL AIR HDR DIFF PRESS,ALM,1,3.91875,4,INH2O,!WP1001!WP1002!WP1003!WP1006!WP1007!WP1014!hist14!CP1004,1
2026-07-17 11:47:21.7,1DAS11,IAAH3281,COND PUMP DISCH   SILICA,1233,HIABS,HIGH,RTN,1,8.62305,10,ppb,!WP1002!WP1006!WP1007!WP1001!WP1003!WP1014!hist14!CP1008,1
2026-07-17 11:47:23.0,1TC,B21,DROOP ACTIVE,DROOP,STATE,ACTIVE,ALM,5,,,,!hist14!CP1001,2
2026-07-17 11:47:38.7,1PDF,SLPSL0001,PULV LOW SEAL AIR HDR DIFF PRESS,,LOABS,PULV LOW SEAL AIR HDR DIFF PRESS,RTN,1,4.06348,4,INH2O,!WP1001!WP1002!WP1003!WP1006!WP1007!WP1014!hist14!CP1004,1
2026-07-17 11:47:41.7,1PDF,SLPSL0001,PULV LOW SEAL AIR HDR DIFF PRESS,,LOABS,PULV LOW SEAL AIR HDR DIFF PRESS,ALM,1,3.9498,4,INH2O,!WP1001!WP1002!WP1003!WP1006!WP1007!WP1014!hist14!CP1004,1
2026-07-17 11:47:42.7,1PDF,SLPSL0001,PULV LOW SEAL AIR HDR DIFF PRESS,,LOABS,PULV LOW SEAL AIR HDR DIFF PRESS,RTN,1,4.03887,4,INH2O,!WP1001!WP1002!WP1003!WP1006!WP1007!WP1014!hist14!CP1004,1
2026-07-17 11:47:43.7,1PDF,SLPSL0001,PULV LOW SEAL AIR HDR DIFF PRESS,,LOABS,PULV LOW SEAL AIR HDR DIFF PRESS,ALM,1,3.97207,4,INH2O,!WP1001!WP1002!WP1003!WP1006!WP1007!WP1014!hist14!CP1004,1
2026-07-17 11:47:44.7,1PDF,SLPSL0001,PULV LOW SEAL AIR HDR DIFF PRESS,,LOABS,PULV LOW SEAL AIR HDR DIFF PRESS,RTN,1,4.10654,4,INH2O,!WP1001!WP1002!WP1003!WP1006!WP1007!WP1014!hist14!CP1004,1
2026-07-17 11:48:00.7,1PDF,SLPSL0001,PULV LOW SEAL AIR HDR DIFF PRESS,,LOABS,PULV LOW SEAL AIR HDR DIFF PRESS,ALM,1,3.99199,4,INH2O,!WP1001!WP1002!WP1003!WP1006!WP1007!WP1014!hist14!CP1004,1
2026-07-17 11:48:01.7,1PDF,SLPSL0001,PULV LOW SEAL AIR HDR DIFF PRESS,,LOABS,PULV LOW SEAL AIR HDR DIFF PRESS,RTN,1,4.06348,4,INH2O,!WP1001!WP1002!WP1003!WP1006!WP1007!WP1014!hist14!CP1004,1
2026-07-17 11:48:06.7,1PDF,SLPSL0001,PULV LOW SEAL AIR HDR DIFF PRESS,,LOABS,PULV LOW SEAL AIR HDR DIFF PRESS,ALM,1,3.95801,4,INH2O,!WP1001!WP1002!WP1003!WP1006!WP1007!WP1014!hist14!CP1004,1
2026-07-17 11:48:09.7,1PDF,SLPSL0001,PULV LOW SEAL AIR HDR DIFF PRESS,,LOABS,PULV LOW SEAL AIR HDR DIFF PRESS,RTN,1,4.01602,4,INH2O,!WP1001!WP1002!WP1003!WP1006!WP1007!WP1014!hist14!CP1004,1
2026-07-17 11:48:10.7,1PDF,SLPSL0001,PULV LOW SEAL AIR HDR DIFF PRESS,,LOABS,PULV LOW SEAL AIR HDR DIFF PRESS,ALM,1,3.94248,4,INH2O,!WP1001!WP1002!WP1003!WP1006!WP1007!WP1014!hist14!CP1004,1
2026-07-17 11:48:11.7,1PDF,SLPSL0001,PULV LOW SEAL AIR HDR DIFF PRESS,,LOABS,PULV LOW SEAL AIR HDR DIFF PRESS,RTN,1,4.01426,4,INH2O,!WP1001!WP1002!WP1003!WP1006!WP1007!WP1014!hist14!CP1004,1
2026-07-17 11:48:12.7,1PDF,SLPSL0001,PULV LOW SEAL AIR HDR DIFF PRESS,,LOABS,PULV LOW SEAL AIR HDR DIFF PRESS,ALM,1,3.99668,4,INH2O,!WP1001!WP1002!WP1003!WP1006!WP1007!WP1014!hist14!CP1004,1
2026-07-17 11:48:13.7,1PDF,SLPSL0001,PULV LOW SEAL AIR HDR DIFF PRESS,,LOABS,PULV LOW SEAL AIR HDR DIFF PRESS,RTN,1,4.04268,4,INH2O,!WP1001!WP1002!WP1003!WP1006!WP1007!WP1014!hist14!CP1004,1
2026-07-17 11:48:14.7,1PDF,SLPSL0001,PULV LOW SEAL AIR HDR DIFF PRESS,,LOABS,PULV LOW SEAL AIR HDR DIFF PRESS,ALM,1,3.95127,4,INH2O,!WP1001!WP1002!WP1003!WP1006!WP1007!WP1014!hist14!CP1004,1
2026-07-17 11:48:14.3,1FG_B,5703TX_ALM,BF B INLET BOX PRESS,FGPIT5703,STATE,BF B INLET PRESS DEVIATION,ALM,3,,,,!WP1001!WP1002!WP1003!WP1006!WP1007!WP1014!hist14!CP1015,1
2026-07-17 11:48:18.7,1PDF,SLPSL0001,PULV LOW SEAL AIR HDR DIFF PRESS,,LOABS,PULV LOW SEAL AIR HDR DIFF PRESS,RTN,1,4.00283,4,INH2O,!WP1001!WP1002!WP1003!WP1006!WP1007!WP1014!hist14!CP1004,1
2026-07-17 11:48:19.7,1PDF,SLPSL0001,PULV LOW SEAL AIR HDR DIFF PRESS,,LOABS,PULV LOW SEAL AIR HDR DIFF PRESS,ALM,1,3.9876,4,INH2O,!WP1001!WP1002!WP1003!WP1006!WP1007!WP1014!hist14!CP1004,1
2026-07-17 11:48:20.7,1PDF,SLPSL0001,PULV LOW SEAL AIR HDR DIFF PRESS,,LOABS,PULV LOW SEAL AIR HDR DIFF PRESS,RTN,1,4.00166,4,INH2O,!WP1001!WP1002!WP1003!WP1006!WP1007!WP1014!hist14!CP1004,1
2026-07-17 11:48:21.7,1PDF,SLPSL0001,PULV LOW SEAL AIR HDR DIFF PRESS,,LOABS,PULV LOW SEAL AIR HDR DIFF PRESS,ALM,1,3.92227,4,INH2O,!WP1001!WP1002!WP1003!WP1006!WP1007!WP1014!hist14!CP1004,1
2026-07-17 11:48:24.7,1PDF,SLPSL0001,PULV LOW SEAL AIR HDR DIFF PRESS,,LOABS,PULV LOW SEAL AIR HDR DIFF PRESS,RTN,1,4.05117,4,INH2O,!WP1001!WP1002!WP1003!WP1006!WP1007!WP1014!hist14!CP1004,1
2026-07-17 11:48:25.7,1PDF,SLPSL0001,PULV LOW SEAL AIR HDR DIFF PRESS,,LOABS,PULV LOW SEAL AIR HDR DIFF PRESS,ALM,1,3.93018,4,INH2O,!WP1001!WP1002!WP1003!WP1006!WP1007!WP1014!hist14!CP1004,1
2026-07-17 11:48:28.5,1TC,B21,DROOP ACTIVE,DROOP,STATE,NORMAL,RTN,5,,,,!hist14!CP1001,2
2026-07-17 11:48:28.7,1PDF,SLPSL0001,PULV LOW SEAL AIR HDR DIFF PRESS,,LOABS,PULV LOW SEAL AIR HDR DIFF PRESS,RTN,1,4.17686,4,INH2O,!WP1001!WP1002!WP1003!WP1006!WP1007!WP1014!hist14!CP1004,1
2026-07-17 11:48:28.6,1BCS_7,IKTE3751,REHEAT TEMP RIGHT (REDUNDANT),,HIABS,HIGH,ALM,1,1012.2,1012.18,DEG.F,!WP1002!WP1006!WP1007!WP1001!WP1003!WP1014!hist14!CP1007,1
2026-07-17 11:48:29.0,1TC,B21,DROOP ACTIVE,DROOP,STATE,ACTIVE,ALM,5,,,,!hist14!CP1001,2
2026-07-17 11:48:31.0,1TC,B21,DROOP ACTIVE,DROOP,STATE,NORMAL,RTN,5,,,,!hist14!CP1001,2
2026-07-17 11:48:33.7,1PDF,SLPSL0001,PULV LOW SEAL AIR HDR DIFF PRESS,,LOABS,PULV LOW SEAL AIR HDR DIFF PRESS,ALM,1,3.98584,4,INH2O,!WP1001!WP1002!WP1003!WP1006!WP1007!WP1014!hist14!CP1004,1
2026-07-17 11:48:34.7,1PDF,SLPSL0001,PULV LOW SEAL AIR HDR DIFF PRESS,,LOABS,PULV LOW SEAL AIR HDR DIFF PRESS,RTN,1,4.08779,4,INH2O,!WP1001!WP1002!WP1003!WP1006!WP1007!WP1014!hist14!CP1004,1
2026-07-17 11:48:58.7,1PDF,SLPSL0001,PULV LOW SEAL AIR HDR DIFF PRESS,,LOABS,PULV LOW SEAL AIR HDR DIFF PRESS,ALM,1,3.99785,4,INH2O,!WP1001!WP1002!WP1003!WP1006!WP1007!WP1014!hist14!CP1004,1
2026-07-17 11:48:59.7,1PDF,SLPSL0001,PULV LOW SEAL AIR HDR DIFF PRESS,,LOABS,PULV LOW SEAL AIR HDR DIFF PRESS,RTN,1,4.02949,4,INH2O,!WP1001!WP1002!WP1003!WP1006!WP1007!WP1014!hist14!CP1004,1
2026-07-17 11:49:05.7,1PDF,SLPSL0001,PULV LOW SEAL AIR HDR DIFF PRESS,,LOABS,PULV LOW SEAL AIR HDR DIFF PRESS,ALM,1,3.94365,4,INH2O,!WP1001!WP1002!WP1003!WP1006!WP1007!WP1014!hist14!CP1004,1
2026-07-17 11:49:06.7,1PDF,SLPSL0001,PULV LOW SEAL AIR HDR DIFF PRESS,,LOABS,PULV LOW SEAL AIR HDR DIFF PRESS,RTN,1,4.04883,4,INH2O,!WP1001!WP1002!WP1003!WP1006!WP1007!WP1014!hist14!CP1004,1
2026-07-17 11:49:07.7,1PDF,SLPSL0001,PULV LOW SEAL AIR HDR DIFF PRESS,,LOABS,PULV LOW SEAL AIR HDR DIFF PRESS,ALM,1,3.99111,4,INH2O,!WP1001!WP1002!WP1003!WP1006!WP1007!WP1014!hist14!CP1004,1
2026-07-17 11:49:08.7,1PDF,SLPSL0001,PULV LOW SEAL AIR HDR DIFF PRESS,,LOABS,PULV LOW SEAL AIR HDR DIFF PRESS,RTN,1,4.10039,4,INH2O,!WP1001!WP1002!WP1003!WP1006!WP1007!WP1014!hist14!CP1004,1
2026-07-17 11:49:09.7,1PDF,SLPSL0001,PULV LOW SEAL AIR HDR DIFF PRESS,,LOABS,PULV LOW SEAL AIR HDR DIFF PRESS,ALM,1,3.99229,4,INH2O,!WP1001!WP1002!WP1003!WP1006!WP1007!WP1014!hist14!CP1004,1
2026-07-17 11:49:10.7,1PDF,SLPSL0001,PULV LOW SEAL AIR HDR DIFF PRESS,,LOABS,PULV LOW SEAL AIR HDR DIFF PRESS,RTN,1,4.07754,4,INH2O,!WP1001!WP1002!WP1003!WP1006!WP1007!WP1014!hist14!CP1004,1
2026-07-17 11:49:11.7,1PDF,SLPSL0001,PULV LOW SEAL AIR HDR DIFF PRESS,,LOABS,PULV LOW SEAL AIR HDR DIFF PRESS,ALM,1,3.97354,4,INH2O,!WP1001!WP1002!WP1003!WP1006!WP1007!WP1014!hist14!CP1004,1
2026-07-17 11:49:12.7,1PDF,SLPSL0001,PULV LOW SEAL AIR HDR DIFF PRESS,,LOABS,PULV LOW SEAL AIR HDR DIFF PRESS,RTN,1,4.10625,4,INH2O,!WP1001!WP1002!WP1003!WP1006!WP1007!WP1014!hist14!CP1004,1
2026-07-17 11:49:48.5,1ULD,B3_ALM,BLOCK LOAD INC/DEC ALM,,STATE,BLOCK LOAD INCREASE/DECREASE,ALM,3,,,,!WP1001!WP1002!WP1003!WP1006!WP1007!WP1014!hist14!CP1001,1
2026-07-17 11:49:49.1,1BCS_7,IKTE3751,REHEAT TEMP RIGHT (REDUNDANT),,HIABS,HIGH,RTN,1,1007.12,1012.18,DEG.F,!WP1002!WP1006!WP1007!WP1001!WP1003!WP1014!hist14!CP1007,1
2026-07-17 11:50:05.7,1DAS10,IACE3211,COND MAKE-UP SPEC CNDCT,,HIABS,HIGH,RTN,1,0.27998,0.3,US/CM,!WP1002!WP1006!WP1007!WP1001!WP1003!WP1014!hist14!CP1008,1
2026-07-17 11:50:33.5,1ULD,B27A,UNIT OFF AGC,,STATE,AGC UNAVAILABLE,ALM,5,,,,!WP1001!WP1002!WP1003!WP1006!WP1007!WP1014!hist14!CP1001,1
2026-07-17 11:50:44.0,1DL,STM_FLOW_ALM,ALLOWABLE STEAM FLOW HIGH,,HIABS,STEAM FLOW ALARM,ALM,1,6022.72,6018.85,KPPH,!WP1001!WP1002!WP1003!WP1006!WP1007!WP1014!hist14!CP1002,1
2026-07-17 11:51:22.7,1PDF,SLPSL0001,PULV LOW SEAL AIR HDR DIFF PRESS,,LOABS,PULV LOW SEAL AIR HDR DIFF PRESS,ALM,1,3.99785,4,INH2O,!WP1001!WP1002!WP1003!WP1006!WP1007!WP1014!hist14!CP1004,1
2026-07-17 11:51:23.7,1PDF,SLPSL0001,PULV LOW SEAL AIR HDR DIFF PRESS,,LOABS,PULV LOW SEAL AIR HDR DIFF PRESS,RTN,1,4.09131,4,INH2O,!WP1001!WP1002!WP1003!WP1006!WP1007!WP1014!hist14!CP1004,1
2026-07-17 11:51:30.7,1PDF,SLPSL0001,PULV LOW SEAL AIR HDR DIFF PRESS,,LOABS,PULV LOW SEAL AIR HDR DIFF PRESS,ALM,1,3.82295,4,INH2O,!WP1001!WP1002!WP1003!WP1006!WP1007!WP1014!hist14!CP1004,1
2026-07-17 11:51:33.7,1PDF,SLPSL0001,PULV LOW SEAL AIR HDR DIFF PRESS,,LOABS,PULV LOW SEAL AIR HDR DIFF PRESS,RTN,1,4.01572,4,INH2O,!WP1001!WP1002!WP1003!WP1006!WP1007!WP1014!hist14!CP1004,1
2026-07-17 11:51:34.7,1PDF,SLPSL0001,PULV LOW SEAL AIR HDR DIFF PRESS,,LOABS,PULV LOW SEAL AIR HDR DIFF PRESS,ALM,1,3.94277,4,INH2O,!WP1001!WP1002!WP1003!WP1006!WP1007!WP1014!hist14!CP1004,1
2026-07-17 11:51:35.7,1PDF,SLPSL0001,PULV LOW SEAL AIR HDR DIFF PRESS,,LOABS,PULV LOW SEAL AIR HDR DIFF PRESS,RTN,1,4.10508,4,INH2O,!WP1001!WP1002!WP1003!WP1006!WP1007!WP1014!hist14!CP1004,1
2026-07-17 11:51:36.7,1PDF,SLPSL0001,PULV LOW SEAL AIR HDR DIFF PRESS,,LOABS,PULV LOW SEAL AIR HDR DIFF PRESS,ALM,1,3.96475,4,INH2O,!WP1001!WP1002!WP1003!WP1006!WP1007!WP1014!hist14!CP1004,1
2026-07-17 11:51:50.7,1PDF,SLPSL0001,PULV LOW SEAL AIR HDR DIFF PRESS,,LOABS,PULV LOW SEAL AIR HDR DIFF PRESS,RTN,1,4.12852,4,INH2O,!WP1001!WP1002!WP1003!WP1006!WP1007!WP1014!hist14!CP1004,1
2026-07-17 11:51:53.7,1PDF,SLPSL0001,PULV LOW SEAL AIR HDR DIFF PRESS,,LOABS,PULV LOW SEAL AIR HDR DIFF PRESS,ALM,1,3.9791,4,INH2O,!WP1001!WP1002!WP1003!WP1006!WP1007!WP1014!hist14!CP1004,1
2026-07-17 11:51:54.7,1PDF,SLPSL0001,PULV LOW SEAL AIR HDR DIFF PRESS,,LOABS,PULV LOW SEAL AIR HDR DIFF PRESS,RTN,1,4.07314,4,INH2O,!WP1001!WP1002!WP1003!WP1006!WP1007!WP1014!hist14!CP1004,1
2026-07-17 11:51:55.7,1PDF,SLPSL0001,PULV LOW SEAL AIR HDR DIFF PRESS,,LOABS,PULV LOW SEAL AIR HDR DIFF PRESS,ALM,1,3.99258,4,INH2O,!WP1001!WP1002!WP1003!WP1006!WP1007!WP1014!hist14!CP1004,1
2026-07-17 11:51:56.7,1PDF,SLPSL0001,PULV LOW SEAL AIR HDR DIFF PRESS,,LOABS,PULV LOW SEAL AIR HDR DIFF PRESS,RTN,1,4.13145,4,INH2O,!WP1001!WP1002!WP1003!WP1006!WP1007!WP1014!hist14!CP1004,1
2026-07-17 11:51:58.5,1ULD,B3_ALM,BLOCK LOAD INC/DEC ALM,,STATE,LOAD BLOCK NOT IN SERVICE,RTN,3,,,,!WP1001!WP1002!WP1003!WP1006!WP1007!WP1014!hist14!CP1001,1
2026-07-17 11:52:01.5,1ULD,B27A,UNIT OFF AGC,,STATE,,RTN,5,,,,!WP1001!WP1002!WP1003!WP1006!WP1007!WP1014!hist14!CP1001,1
2026-07-17 11:52:03.7,1PDF,SLPSL0001,PULV LOW SEAL AIR HDR DIFF PRESS,,LOABS,PULV LOW SEAL AIR HDR DIFF PRESS,ALM,1,3.99873,4,INH2O,!WP1001!WP1002!WP1003!WP1006!WP1007!WP1014!hist14!CP1004,1
2026-07-17 11:52:05.7,1PDF,SLPSL0001,PULV LOW SEAL AIR HDR DIFF PRESS,,LOABS,PULV LOW SEAL AIR HDR DIFF PRESS,RTN,1,4.02979,4,INH2O,!WP1001!WP1002!WP1003!WP1006!WP1007!WP1014!hist14!CP1004,1
2026-07-17 11:52:09.0,1AF,B74,FD FAN A INLET DAMPER FEEDBACK,,HHABS,FD FAN A DAMPER > 80%,RTN,1,80,80,PCT,!WP1001!WP1002!WP1003!WP1006!WP1007!WP1014!hist14!CP1001,1
2026-07-17 11:52:14.7,1PDF,SLPSL0001,PULV LOW SEAL AIR HDR DIFF PRESS,,LOABS,PULV LOW SEAL AIR HDR DIFF PRESS,ALM,1,3.95889,4,INH2O,!WP1001!WP1002!WP1003!WP1006!WP1007!WP1014!hist14!CP1004,1
2026-07-17 11:52:15.7,1PDF,SLPSL0001,PULV LOW SEAL AIR HDR DIFF PRESS,,LOABS,PULV LOW SEAL AIR HDR DIFF PRESS,RTN,1,4.125,4,INH2O,!WP1001!WP1002!WP1003!WP1006!WP1007!WP1014!hist14!CP1004,1
2026-07-17 11:52:20.7,1PDF,SLPSL0001,PULV LOW SEAL AIR HDR DIFF PRESS,,LOABS,PULV LOW SEAL AIR HDR DIFF PRESS,ALM,1,3.94131,4,INH2O,!WP1001!WP1002!WP1003!WP1006!WP1007!WP1014!hist14!CP1004,1
2026-07-17 11:52:22.7,1PDF,SLPSL0001,PULV LOW SEAL AIR HDR DIFF PRESS,,LOABS,PULV LOW SEAL AIR HDR DIFF PRESS,RTN,1,4.03125,4,INH2O,!WP1001!WP1002!WP1003!WP1006!WP1007!WP1014!hist14!CP1004,1
2026-07-17 11:52:29.7,1PDF,SLPSL0001,PULV LOW SEAL AIR HDR DIFF PRESS,,LOABS,PULV LOW SEAL AIR HDR DIFF PRESS,ALM,1,3.97471,4,INH2O,!WP1001!WP1002!WP1003!WP1006!WP1007!WP1014!hist14!CP1004,1
2026-07-17 11:52:30.7,1PDF,SLPSL0001,PULV LOW SEAL AIR HDR DIFF PRESS,,LOABS,PULV LOW SEAL AIR HDR DIFF PRESS,RTN,1,4.13525,4,INH2O,!WP1001!WP1002!WP1003!WP1006!WP1007!WP1014!hist14!CP1004,1
2026-07-17 11:52:35.5,1AF,B76,FD FAN B INLET DAMPER FEEDBACK,,HHABS,FD FAN B DAMPER > 80%,RTN,1,79.9824,80,PCT,!WP1001!WP1002!WP1003!WP1006!WP1007!WP1014!hist14!CP1001,1
2026-07-17 11:52:54.0,1DL,STM_FLOW_ALM,ALLOWABLE STEAM FLOW HIGH,,HIABS,STEAM FLOW ALARM,RTN,1,6004.11,6018.85,KPPH,!WP1001!WP1002!WP1003!WP1006!WP1007!WP1014!hist14!CP1002,1
2026-07-17 11:53:13.7,1PDF,SLPSL0001,PULV LOW SEAL AIR HDR DIFF PRESS,,LOABS,PULV LOW SEAL AIR HDR DIFF PRESS,ALM,1,3.93955,4,INH2O,!WP1001!WP1002!WP1003!WP1006!WP1007!WP1014!hist14!CP1004,1
2026-07-17 11:53:14.7,1PDF,SLPSL0001,PULV LOW SEAL AIR HDR DIFF PRESS,,LOABS,PULV LOW SEAL AIR HDR DIFF PRESS,RTN,1,4.08955,4,INH2O,!WP1001!WP1002!WP1003!WP1006!WP1007!WP1014!hist14!CP1004,1
2026-07-17 11:53:32.1,IDFAN_PEEC,OPCY_ALM,PRECIP OUT > 50%,PRECIP OUTLET,STATE,NORMAL,RTN,3,,,,!WP1001!WP1002!WP1003!WP1006!WP1007!WP1014!hist14!CP1003,1
2026-07-17 11:53:38.3,1FG_B,5703TX_ALM,BF B INLET BOX PRESS,FGPIT5703,STATE,DEVIATION ALARM CLEAR,RTN,3,,,,!WP1001!WP1002!WP1003!WP1006!WP1007!WP1014!hist14!CP1015,1
2026-07-17 11:53:43.6,IDFAN_PEEC,OPCY_ALM,PRECIP OUT > 50%,PRECIP OUTLET,STATE,ALARM,ALM,3,,,,!WP1001!WP1002!WP1003!WP1006!WP1007!WP1014!hist14!CP1003,1
2026-07-17 11:53:53.7,1PDF,SLPSL0001,PULV LOW SEAL AIR HDR DIFF PRESS,,LOABS,PULV LOW SEAL AIR HDR DIFF PRESS,ALM,1,3.83057,4,INH2O,!WP1001!WP1002!WP1003!WP1006!WP1007!WP1014!hist14!CP1004,1
2026-07-17 11:53:54.1,IDFAN_PEEC,OPCY_ALM,PRECIP OUT > 50%,PRECIP OUTLET,STATE,NORMAL,RTN,3,,,,!WP1001!WP1002!WP1003!WP1006!WP1007!WP1014!hist14!CP1003,1
2026-07-17 11:54:13.7,1FUEL_SFTY,FPTX_ALM,DRAFT TRANSMITTER DEVIATION,,STATE,FURN DRAFT PRESS XMTR DEVIATION,ALM,5,,,,!WP1001!WP1002!WP1003!WP1006!WP1007!WP1014!hist14!CP1004,1
2026-07-17 11:54:21.7,1PDF,SLPSL0001,PULV LOW SEAL AIR HDR DIFF PRESS,,LOABS,PULV LOW SEAL AIR HDR DIFF PRESS,RTN,1,4.0916,4,INH2O,!WP1001!WP1002!WP1003!WP1006!WP1007!WP1014!hist14!CP1004,1
2026-07-17 11:54:24.7,1PDF,SLPSL0001,PULV LOW SEAL AIR HDR DIFF PRESS,,LOABS,PULV LOW SEAL AIR HDR DIFF PRESS,ALM,1,3.95625,4,INH2O,!WP1001!WP1002!WP1003!WP1006!WP1007!WP1014!hist14!CP1004,1
2026-07-17 11:54:28.7,1PDF,SLPSL0001,PULV LOW SEAL AIR HDR DIFF PRESS,,LOABS,PULV LOW SEAL AIR HDR DIFF PRESS,RTN,1,4.00078,4,INH2O,!WP1001!WP1002!WP1003!WP1006!WP1007!WP1014!hist14!CP1004,1
2026-07-17 11:54:35.7,1PDF,SLPSL0001,PULV LOW SEAL AIR HDR DIFF PRESS,,LOABS,PULV LOW SEAL AIR HDR DIFF PRESS,ALM,1,3.94424,4,INH2O,!WP1001!WP1002!WP1003!WP1006!WP1007!WP1014!hist14!CP1004,1
2026-07-17 11:54:36.7,1PDF,SLPSL0001,PULV LOW SEAL AIR HDR DIFF PRESS,,LOABS,PULV LOW SEAL AIR HDR DIFF PRESS,RTN,1,4.09805,4,INH2O,!WP1001!WP1002!WP1003!WP1006!WP1007!WP1014!hist14!CP1004,1
2026-07-17 11:54:43.7,1PDF,SLPSL0001,PULV LOW SEAL AIR HDR DIFF PRESS,,LOABS,PULV LOW SEAL AIR HDR DIFF PRESS,ALM,1,3.93926,4,INH2O,!WP1001!WP1002!WP1003!WP1006!WP1007!WP1014!hist14!CP1004,1
2026-07-17 11:54:48.7,1BFA_GSM_ALM,BFA_ALM4,MARK VIE A BFPT ALARM,,STA_5,LO CLR DISCHG TEMP HIGH,ALM,5,0,0,,!WP1001!WP1002!WP1003!WP1006!WP1007!WP1014!hist14!CP1011,1
2026-07-17 11:54:50.3,1FG_B,ZSH5701A,BF B BLADE PITCH,,HIABS,BLADE PITCH ALARM,RTN,3,69.8984,70,%,!WP1001!WP1002!WP1003!WP1006!WP1007!WP1014!hist14!CP1015,1
2026-07-17 11:54:51.2,1BFA_GSM_ALM,BFA_ALM4,MARK VIE A BFPT ALARM,,STA_5,LO CLR DISCHG TEMP OK,RTN,5,0,0,,!WP1001!WP1002!WP1003!WP1006!WP1007!WP1014!hist14!CP1011,1
2026-07-17 11:54:51.3,1FG_A,ZSH5601A,BF A BLADE PITCH,,HIABS,BLADE PITCH ALARM,RTN,3,69.8828,70,%,!WP1001!WP1002!WP1003!WP1006!WP1007!WP1014!hist14!CP1015,1
2026-07-17 11:55:01.7,1PDF,SLPSL0001,PULV LOW SEAL AIR HDR DIFF PRESS,,LOABS,PULV LOW SEAL AIR HDR DIFF PRESS,RTN,1,4.05322,4,INH2O,!WP1001!WP1002!WP1003!WP1006!WP1007!WP1014!hist14!CP1004,1
2026-07-17 11:55:01.8,1FG_B,5706TX_ALM,BF B INLET OUTLET PRESS,FGPDIT5706,STATE,DEVIATION ALARM CLEAR,RTN,3,,,,!WP1001!WP1002!WP1003!WP1006!WP1007!WP1014!hist14!CP1015,1
2026-07-17 11:55:04.0,1FP,B56,ID FAN A INLET DAMPER FEEDBACK,,HHABS,ID FAN A DAMPER 80 %,RTN,1,78.9927,80,PCT,!WP1001!WP1002!WP1003!WP1006!WP1007!WP1014!hist14!CP1001,1
2026-07-17 11:55:04.5,1FP,B58,ID FAN B INLET DAMPER FEEDBACK,,HHABS,IDF B DAMPER 80%,RTN,1,78.911,80,PCT,!WP1001!WP1002!WP1003!WP1006!WP1007!WP1014!hist14!CP1001,1
2026-07-17 11:55:04.5,1FP,B86,ID FAN C INLET DAMPER FEEDBACK,,HHABS,ID FAN C DAMPER 80 %,RTN,1,78.9964,80,PCT,!WP1001!WP1002!WP1003!WP1006!WP1007!WP1014!hist14!CP1001,1
2026-07-17 11:55:05.7,1PDF,SLPSL0001,PULV LOW SEAL AIR HDR DIFF PRESS,,LOABS,PULV LOW SEAL AIR HDR DIFF PRESS,ALM,1,3.98379,4,INH2O,!WP1001!WP1002!WP1003!WP1006!WP1007!WP1014!hist14!CP1004,1
2026-07-17 11:55:12.7,1PDF,SLPSL0001,PULV LOW SEAL AIR HDR DIFF PRESS,,LOABS,PULV LOW SEAL AIR HDR DIFF PRESS,RTN,1,4.05527,4,INH2O,!WP1001!WP1002!WP1003!WP1006!WP1007!WP1014!hist14!CP1004,1
2026-07-17 11:55:15.7,1PDF,SLPSL0001,PULV LOW SEAL AIR HDR DIFF PRESS,,LOABS,PULV LOW SEAL AIR HDR DIFF PRESS,ALM,1,3.93076,4,INH2O,!WP1001!WP1002!WP1003!WP1006!WP1007!WP1014!hist14!CP1004,1
2026-07-17 11:55:16.7,1PDF,SLPSL0001,PULV LOW SEAL AIR HDR DIFF PRESS,,LOABS,PULV LOW SEAL AIR HDR DIFF PRESS,RTN,1,4.09248,4,INH2O,!WP1001!WP1002!WP1003!WP1006!WP1007!WP1014!hist14!CP1004,1
2026-07-17 11:55:17.7,1PDF,SLPSL0001,PULV LOW SEAL AIR HDR DIFF PRESS,,LOABS,PULV LOW SEAL AIR HDR DIFF PRESS,ALM,1,3.98467,4,INH2O,!WP1001!WP1002!WP1003!WP1006!WP1007!WP1014!hist14!CP1004,1
2026-07-17 11:55:18.7,1PDF,SLPSL0001,PULV LOW SEAL AIR HDR DIFF PRESS,,LOABS,PULV LOW SEAL AIR HDR DIFF PRESS,RTN,1,4.08428,4,INH2O,!WP1001!WP1002!WP1003!WP1006!WP1007!WP1014!hist14!CP1004,1
2026-07-17 11:55:30.5,1ULD,B3_ALM,BLOCK LOAD INC/DEC ALM,,STATE,BLOCK LOAD INCREASE/DECREASE,ALM,3,,,,!WP1001!WP1002!WP1003!WP1006!WP1007!WP1014!hist14!CP1001,1
2026-07-17 11:55:31.0,1ULD,B3_ALM,BLOCK LOAD INC/DEC ALM,,STATE,LOAD BLOCK NOT IN SERVICE,RTN,3,,,,!WP1001!WP1002!WP1003!WP1006!WP1007!WP1014!hist14!CP1001,1
2026-07-17 11:55:42.7,1FUEL_SFTY,FPTX_ALM,DRAFT TRANSMITTER DEVIATION,,STATE,NO DEVIATION,RTN,5,,,,!WP1001!WP1002!WP1003!WP1006!WP1007!WP1014!hist14!CP1004,1
2026-07-17 11:56:00.7,1BFA_GSM_ALM,BFA_ALM4,MARK VIE A BFPT ALARM,,STA_5,LO CLR DISCHG TEMP HIGH,ALM,5,0,0,,!WP1001!WP1002!WP1003!WP1006!WP1007!WP1014!hist14!CP1011,1
2026-07-17 11:56:01.3,1FG_A,ZSH5601A,BF A BLADE PITCH,,HIABS,BLADE PITCH ALARM,ALM,3,70.0273,70,%,!WP1001!WP1002!WP1003!WP1006!WP1007!WP1014!hist14!CP1015,1
2026-07-17 11:56:01.8,1FG_B,ZSH5701A,BF B BLADE PITCH,,HIABS,BLADE PITCH ALARM,ALM,3,70.2031,70,%,!WP1001!WP1002!WP1003!WP1006!WP1007!WP1014!hist14!CP1015,1
2026-07-17 11:56:02.7,1BFA_GSM_ALM,BFA_ALM4,MARK VIE A BFPT ALARM,,STA_5,LO CLR DISCHG TEMP OK,RTN,5,0,0,,!WP1001!WP1002!WP1003!WP1006!WP1007!WP1014!hist14!CP1011,1
2026-07-17 11:56:20.7,1BFA_GSM_ALM,BFA_ALM4,MARK VIE A BFPT ALARM,,STA_5,LO CLR DISCHG TEMP HIGH,ALM,5,0,0,,!WP1001!WP1002!WP1003!WP1006!WP1007!WP1014!hist14!CP1011,1
2026-07-17 11:56:24.7,1BFA_GSM_ALM,BFA_ALM4,MARK VIE A BFPT ALARM,,STA_5,LO CLR DISCHG TEMP OK,RTN,5,0,0,,!WP1001!WP1002!WP1003!WP1006!WP1007!WP1014!hist14!CP1011,1
2026-07-17 11:57:22.7,1BFA_GSM_ALM,BFA_ALM4,MARK VIE A BFPT ALARM,,STA_5,LO CLR DISCHG TEMP HIGH,ALM,5,0,0,,!WP1001!WP1002!WP1003!WP1006!WP1007!WP1014!hist14!CP1011,1
2026-07-17 11:57:24.7,1BFA_GSM_ALM,BFA_ALM4,MARK VIE A BFPT ALARM,,STA_5,LO CLR DISCHG TEMP OK,RTN,5,0,0,,!WP1001!WP1002!WP1003!WP1006!WP1007!WP1014!hist14!CP1011,1
2026-07-17 11:57:38.7,1PDF,SLPSL0001,PULV LOW SEAL AIR HDR DIFF PRESS,,LOABS,PULV LOW SEAL AIR HDR DIFF PRESS,ALM,1,3.91816,4,INH2O,!WP1001!WP1002!WP1003!WP1006!WP1007!WP1014!hist14!CP1004,1
2026-07-17 11:57:38.7,1BFA_GSM_ALM,BFA_ALM4,MARK VIE A BFPT ALARM,,STA_5,LO CLR DISCHG TEMP HIGH,ALM,5,0,0,,!WP1001!WP1002!WP1003!WP1006!WP1007!WP1014!hist14!CP1011,1
2026-07-17 11:57:42.7,1BFA_GSM_ALM,BFA_ALM4,MARK VIE A BFPT ALARM,,STA_5,LO CLR DISCHG TEMP OK,RTN,5,0,0,,!WP1001!WP1002!WP1003!WP1006!WP1007!WP1014!hist14!CP1011,1
2026-07-17 11:57:48.7,1BFA_GSM_ALM,BFA_ALM4,MARK VIE A BFPT ALARM,,STA_5,LO CLR DISCHG TEMP HIGH,ALM,5,0,0,,!WP1001!WP1002!WP1003!WP1006!WP1007!WP1014!hist14!CP1011,1
2026-07-17 11:57:53.6,IDFAN_PEEC,OPCY_ALM,PRECIP OUT > 50%,PRECIP OUTLET,STATE,ALARM,ALM,3,,,,!WP1001!WP1002!WP1003!WP1006!WP1007!WP1014!hist14!CP1003,1
2026-07-17 11:57:53.2,1BFA_GSM_ALM,BFA_ALM4,MARK VIE A BFPT ALARM,,STA_5,LO CLR DISCHG TEMP OK,RTN,5,0,0,,!WP1001!WP1002!WP1003!WP1006!WP1007!WP1014!hist14!CP1011,1
2026-07-17 11:57:58.6,IDFAN_PEEC,OPCY_ALM,PRECIP OUT > 50%,PRECIP OUTLET,STATE,NORMAL,RTN,3,,,,!WP1001!WP1002!WP1003!WP1006!WP1007!WP1014!hist14!CP1003,1
2026-07-17 11:58:10.7,1BFA_GSM_ALM,BFA_ALM4,MARK VIE A BFPT ALARM,,STA_5,LO CLR DISCHG TEMP HIGH,ALM,5,0,0,,!WP1001!WP1002!WP1003!WP1006!WP1007!WP1014!hist14!CP1011,1
2026-07-17 11:58:12.7,1BFA_GSM_ALM,BFA_ALM4,MARK VIE A BFPT ALARM,,STA_5,LO CLR DISCHG TEMP OK,RTN,5,0,0,,!WP1001!WP1002!WP1003!WP1006!WP1007!WP1014!hist14!CP1011,1
2026-07-17 11:58:15.1,1BCS_7,IKTE3751,REHEAT TEMP RIGHT (REDUNDANT),,HIABS,HIGH,ALM,1,1012.21,1012.18,DEG.F,!WP1002!WP1006!WP1007!WP1001!WP1003!WP1014!hist14!CP1007,1
2026-07-17 11:58:18.3,1FG_B,ZSH5701A,BF B BLADE PITCH,,HIABS,BLADE PITCH ALARM,RTN,3,69.8301,70,%,!WP1001!WP1002!WP1003!WP1006!WP1007!WP1014!hist14!CP1015,1
2026-07-17 11:58:19.2,1BFA_GSM_ALM,BFA_ALM4,MARK VIE A BFPT ALARM,,STA_5,LO CLR DISCHG TEMP HIGH,ALM,5,0,0,,!WP1001!WP1002!WP1003!WP1006!WP1007!WP1014!hist14!CP1011,1
2026-07-17 11:58:20.8,1FG_A,ZSH5601A,BF A BLADE PITCH,,HIABS,BLADE PITCH ALARM,RTN,3,69.8652,70,%,!WP1001!WP1002!WP1003!WP1006!WP1007!WP1014!hist14!CP1015,1
2026-07-17 11:58:21.2,1BFA_GSM_ALM,BFA_ALM4,MARK VIE A BFPT ALARM,,STA_5,LO CLR DISCHG TEMP OK,RTN,5,0,0,,!WP1001!WP1002!WP1003!WP1006!WP1007!WP1014!hist14!CP1011,1
2026-07-17 11:58:26.7,1BFA_GSM_ALM,BFA_ALM4,MARK VIE A BFPT ALARM,,STA_5,LO CLR DISCHG TEMP HIGH,ALM,5,0,0,,!WP1001!WP1002!WP1003!WP1006!WP1007!WP1014!hist14!CP1011,1
2026-07-17 11:58:27.7,1FUEL_SFTY,FPTX_ALM,DRAFT TRANSMITTER DEVIATION,,STATE,FURN DRAFT PRESS XMTR DEVIATION,ALM,5,,,,!WP1001!WP1002!WP1003!WP1006!WP1007!WP1014!hist14!CP1004,1
2026-07-17 11:58:28.7,1BFA_GSM_ALM,BFA_ALM4,MARK VIE A BFPT ALARM,,STA_5,LO CLR DISCHG TEMP OK,RTN,5,0,0,,!WP1001!WP1002!WP1003!WP1006!WP1007!WP1014!hist14!CP1011,1
2026-07-17 11:58:36.7,1BFA_GSM_ALM,BFA_ALM4,MARK VIE A BFPT ALARM,,STA_5,LO CLR DISCHG TEMP HIGH,ALM,5,0,0,,!WP1001!WP1002!WP1003!WP1006!WP1007!WP1014!hist14!CP1011,1
2026-07-17 11:58:38.7,1BFA_GSM_ALM,BFA_ALM4,MARK VIE A BFPT ALARM,,STA_5,LO CLR DISCHG TEMP OK,RTN,5,0,0,,!WP1001!WP1002!WP1003!WP1006!WP1007!WP1014!hist14!CP1011,1
2026-07-17 11:58:40.7,1BFA_GSM_ALM,BFA_ALM4,MARK VIE A BFPT ALARM,,STA_5,LO CLR DISCHG TEMP HIGH,ALM,5,0,0,,!WP1001!WP1002!WP1003!WP1006!WP1007!WP1014!hist14!CP1011,1
2026-07-17 11:58:42.7,1BFA_GSM_ALM,BFA_ALM4,MARK VIE A BFPT ALARM,,STA_5,LO CLR DISCHG TEMP OK,RTN,5,0,0,,!WP1001!WP1002!WP1003!WP1006!WP1007!WP1014!hist14!CP1011,1
2026-07-17 11:58:48.7,1BFA_GSM_ALM,BFA_ALM4,MARK VIE A BFPT ALARM,,STA_5,LO CLR DISCHG TEMP HIGH,ALM,5,0,0,,!WP1001!WP1002!WP1003!WP1006!WP1007!WP1014!hist14!CP1011,1
2026-07-17 11:58:50.7,1BFA_GSM_ALM,BFA_ALM4,MARK VIE A BFPT ALARM,,STA_5,LO CLR DISCHG TEMP OK,RTN,5,0,0,,!WP1001!WP1002!WP1003!WP1006!WP1007!WP1014!hist14!CP1011,1
2026-07-17 11:58:56.7,1BFA_GSM_ALM,BFA_ALM4,MARK VIE A BFPT ALARM,,STA_5,LO CLR DISCHG TEMP HIGH,ALM,5,0,0,,!WP1001!WP1002!WP1003!WP1006!WP1007!WP1014!hist14!CP1011,1
2026-07-17 11:58:58.7,1FUEL_SFTY,FPTX_ALM,DRAFT TRANSMITTER DEVIATION,,STATE,NO DEVIATION,RTN,5,,,,!WP1001!WP1002!WP1003!WP1006!WP1007!WP1014!hist14!CP1004,1
2026-07-17 11:58:59.7,1PDF,SLPSL0001,PULV LOW SEAL AIR HDR DIFF PRESS,,LOABS,PULV LOW SEAL AIR HDR DIFF PRESS,RTN,1,4.00313,4,INH2O,!WP1001!WP1002!WP1003!WP1006!WP1007!WP1014!hist14!CP1004,1
2026-07-17 11:59:00.7,1PDF,SLPSL0001,PULV LOW SEAL AIR HDR DIFF PRESS,,LOABS,PULV LOW SEAL AIR HDR DIFF PRESS,ALM,1,3.98232,4,INH2O,!WP1001!WP1002!WP1003!WP1006!WP1007!WP1014!hist14!CP1004,1
2026-07-17 11:59:01.7,1PDF,SLPSL0001,PULV LOW SEAL AIR HDR DIFF PRESS,,LOABS,PULV LOW SEAL AIR HDR DIFF PRESS,RTN,1,4.07578,4,INH2O,!WP1001!WP1002!WP1003!WP1006!WP1007!WP1014!hist14!CP1004,1
2026-07-17 11:59:02.7,1PDF,SLPSL0001,PULV LOW SEAL AIR HDR DIFF PRESS,,LOABS,PULV LOW SEAL AIR HDR DIFF PRESS,ALM,1,3.90381,4,INH2O,!WP1001!WP1002!WP1003!WP1006!WP1007!WP1014!hist14!CP1004,1
2026-07-17 11:59:02.7,1BFA_GSM_ALM,BFA_ALM4,MARK VIE A BFPT ALARM,,STA_5,LO CLR DISCHG TEMP OK,RTN,5,0,0,,!WP1001!WP1002!WP1003!WP1006!WP1007!WP1014!hist14!CP1011,1
2026-07-17 11:59:03.7,1PDF,SLPSL0001,PULV LOW SEAL AIR HDR DIFF PRESS,,LOABS,PULV LOW SEAL AIR HDR DIFF PRESS,RTN,1,4.01133,4,INH2O,!WP1001!WP1002!WP1003!WP1006!WP1007!WP1014!hist14!CP1004,1
2026-07-17 11:59:04.7,1PDF,SLPSL0001,PULV LOW SEAL AIR HDR DIFF PRESS,,LOABS,PULV LOW SEAL AIR HDR DIFF PRESS,ALM,1,3.95098,4,INH2O,!WP1001!WP1002!WP1003!WP1006!WP1007!WP1014!hist14!CP1004,1
2026-07-17 11:59:04.7,1BFA_GSM_ALM,BFA_ALM4,MARK VIE A BFPT ALARM,,STA_5,LO CLR DISCHG TEMP HIGH,ALM,5,0,0,,!WP1001!WP1002!WP1003!WP1006!WP1007!WP1014!hist14!CP1011,1
2026-07-17 11:59:05.7,1PDF,SLPSL0001,PULV LOW SEAL AIR HDR DIFF PRESS,,LOABS,PULV LOW SEAL AIR HDR DIFF PRESS,RTN,1,4.05029,4,INH2O,!WP1001!WP1002!WP1003!WP1006!WP1007!WP1014!hist14!CP1004,1
2026-07-17 11:59:06.7,1PDF,SLPSL0001,PULV LOW SEAL AIR HDR DIFF PRESS,,LOABS,PULV LOW SEAL AIR HDR DIFF PRESS,ALM,1,3.98906,4,INH2O,!WP1001!WP1002!WP1003!WP1006!WP1007!WP1014!hist14!CP1004,1
2026-07-17 11:59:07.7,1PDF,SLPSL0001,PULV LOW SEAL AIR HDR DIFF PRESS,,LOABS,PULV LOW SEAL AIR HDR DIFF PRESS,RTN,1,4.1001,4,INH2O,!WP1001!WP1002!WP1003!WP1006!WP1007!WP1014!hist14!CP1004,1
2026-07-17 11:59:08.7,1PDF,SLPSL0001,PULV LOW SEAL AIR HDR DIFF PRESS,,LOABS,PULV LOW SEAL AIR HDR DIFF PRESS,ALM,1,3.99287,4,INH2O,!WP1001!WP1002!WP1003!WP1006!WP1007!WP1014!hist14!CP1004,1
2026-07-17 11:59:09.7,1PDF,SLPSL0001,PULV LOW SEAL AIR HDR DIFF PRESS,,LOABS,PULV LOW SEAL AIR HDR DIFF PRESS,RTN,1,4.11152,4,INH2O,!WP1001!WP1002!WP1003!WP1006!WP1007!WP1014!hist14!CP1004,1
2026-07-17 11:59:12.7,1BFA_GSM_ALM,BFA_ALM4,MARK VIE A BFPT ALARM,,STA_5,LO CLR DISCHG TEMP OK,RTN,5,0,0,,!WP1001!WP1002!WP1003!WP1006!WP1007!WP1014!hist14!CP1011,1
2026-07-17 11:59:15.4,ASH_DCS,PLC_TRB,ASH PLC TROUBLE ALARM,ASH PLC,STATE,NORMAL,RTN,3,,,,!WP1002!WP1006!WP1007!WP1001!WP1003!WP1014!hist14!CP1006,1
2026-07-17 11:59:19.7,1PDF,SLPSL0001,PULV LOW SEAL AIR HDR DIFF PRESS,,LOABS,PULV LOW SEAL AIR HDR DIFF PRESS,ALM,1,3.98203,4,INH2O,!WP1001!WP1002!WP1003!WP1006!WP1007!WP1014!hist14!CP1004,1
2026-07-17 11:59:20.7,1PDF,SLPSL0001,PULV LOW SEAL AIR HDR DIFF PRESS,,LOABS,PULV LOW SEAL AIR HDR DIFF PRESS,RTN,1,4.10127,4,INH2O,!WP1001!WP1002!WP1003!WP1006!WP1007!WP1014!hist14!CP1004,1
2026-07-17 11:59:26.7,1BFA_GSM_ALM,BFA_ALM4,MARK VIE A BFPT ALARM,,STA_5,LO CLR DISCHG TEMP HIGH,ALM,5,0,0,,!WP1001!WP1002!WP1003!WP1006!WP1007!WP1014!hist14!CP1011,1
2026-07-17 11:59:28.7,1BFA_GSM_ALM,BFA_ALM4,MARK VIE A BFPT ALARM,,STA_5,LO CLR DISCHG TEMP OK,RTN,5,0,0,,!WP1001!WP1002!WP1003!WP1006!WP1007!WP1014!hist14!CP1011,1
2026-07-17 11:59:30.7,1BFA_GSM_ALM,BFA_ALM4,MARK VIE A BFPT ALARM,,STA_5,LO CLR DISCHG TEMP HIGH,ALM,5,0,0,,!WP1001!WP1002!WP1003!WP1006!WP1007!WP1014!hist14!CP1011,1
2026-07-17 11:59:33.1,1BCS_7,IKTE3751,REHEAT TEMP RIGHT (REDUNDANT),,HIABS,HIGH,RTN,1,1007.11,1012.18,DEG.F,!WP1002!WP1006!WP1007!WP1001!WP1003!WP1014!hist14!CP1007,1
2026-07-17 11:59:35.2,1BFA_GSM_ALM,BFA_ALM4,MARK VIE A BFPT ALARM,,STA_5,LO CLR DISCHG TEMP OK,RTN,5,0,0,,!WP1001!WP1002!WP1003!WP1006!WP1007!WP1014!hist14!CP1011,1
2026-07-17 11:59:37.2,1BFA_GSM_ALM,BFA_ALM4,MARK VIE A BFPT ALARM,,STA_5,LO CLR DISCHG TEMP HIGH,ALM,5,0,0,,!WP1001!WP1002!WP1003!WP1006!WP1007!WP1014!hist14!CP1011,1
2026-07-17 11:59:40.7,1BFA_GSM_ALM,BFA_ALM4,MARK VIE A BFPT ALARM,,STA_5,LO CLR DISCHG TEMP OK,RTN,5,0,0,,!WP1001!WP1002!WP1003!WP1006!WP1007!WP1014!hist14!CP1011,1
2026-07-17 11:59:43.5,1AR_LS,DEV_5803,LS SYS B,,STATE,VALVE 5803 DEVIATION,ALM,3,,,,!WP1001!WP1002!WP1003!WP1006!WP1007!WP1014!hist14!CP1017,1
2026-07-17 11:59:44.7,1BFA_GSM_ALM,BFA_ALM4,MARK VIE A BFPT ALARM,,STA_5,LO CLR DISCHG TEMP HIGH,ALM,5,0,0,,!WP1001!WP1002!WP1003!WP1006!WP1007!WP1014!hist14!CP1011,1
2026-07-17 11:59:46.7,1BFA_GSM_ALM,BFA_ALM4,MARK VIE A BFPT ALARM,,STA_5,LO CLR DISCHG TEMP OK,RTN,5,0,0,,!WP1001!WP1002!WP1003!WP1006!WP1007!WP1014!hist14!CP1011,1
2026-07-17 11:59:54.7,1BFA_GSM_ALM,BFA_ALM4,MARK VIE A BFPT ALARM,,STA_5,LO CLR DISCHG TEMP HIGH,ALM,5,0,0,,!WP1001!WP1002!WP1003!WP1006!WP1007!WP1014!hist14!CP1011,1
2026-07-17 11:59:56.7,1BFA_GSM_ALM,BFA_ALM4,MARK VIE A BFPT ALARM,,STA_5,LO CLR DISCHG TEMP OK,RTN,5,0,0,,!WP1001!WP1002!WP1003!WP1006!WP1007!WP1014!hist14!CP1011,1
2026-07-17 12:00:01.2,1BFA_GSM_ALM,BFA_ALM4,MARK VIE A BFPT ALARM,,STA_5,LO CLR DISCHG TEMP HIGH,ALM,5,0,0,,!WP1001!WP1002!WP1003!WP1006!WP1007!WP1014!hist14!CP1011,1
2026-07-17 12:00:02.8,1FG_B,ZSH5701A,BF B BLADE PITCH,,HIABS,BLADE PITCH ALARM,ALM,3,70.123,70,%,!WP1001!WP1002!WP1003!WP1006!WP1007!WP1014!hist14!CP1015,1
2026-07-17 12:00:03.2,1BFA_GSM_ALM,BFA_ALM4,MARK VIE A BFPT ALARM,,STA_5,LO CLR DISCHG TEMP OK,RTN,5,0,0,,!WP1001!WP1002!WP1003!WP1006!WP1007!WP1014!hist14!CP1011,1
2026-07-17 12:00:03.3,1FG_A,ZSH5601A,BF A BLADE PITCH,,HIABS,BLADE PITCH ALARM,ALM,3,70.1211,70,%,!WP1001!WP1002!WP1003!WP1006!WP1007!WP1014!hist14!CP1015,1
2026-07-17 12:00:16.0,1DAS6,ISTE4911,BFPT A OIL CLR    DSCH TMP,1295,HIABS,HIGH,ALM,3,130.032,130,DEG.F,!WP1002!WP1006!WP1007!WP1001!WP1003!WP1014!hist14!CP1006,1
2026-07-17 12:00:24.7,1BFA_GSM_ALM,BFA_ALM4,MARK VIE A BFPT ALARM,,STA_5,LO CLR DISCHG TEMP HIGH,ALM,5,0,0,,!WP1001!WP1002!WP1003!WP1006!WP1007!WP1014!hist14!CP1011,1
2026-07-17 12:00:30.7,1BFA_GSM_ALM,BFA_ALM4,MARK VIE A BFPT ALARM,,STA_5,LO CLR DISCHG TEMP OK,RTN,5,0,0,,!WP1001!WP1002!WP1003!WP1006!WP1007!WP1014!hist14!CP1011,1
2026-07-17 12:00:32.7,1BFA_GSM_ALM,BFA_ALM4,MARK VIE A BFPT ALARM,,STA_5,LO CLR DISCHG TEMP HIGH,ALM,5,0,0,,!WP1001!WP1002!WP1003!WP1006!WP1007!WP1014!hist14!CP1011,1
2026-07-17 12:00:35.0,1AR_LS,DEV_5803,LS SYS B,,STATE,,RTN,3,,,,!WP1001!WP1002!WP1003!WP1006!WP1007!WP1014!hist14!CP1017,1
2026-07-17 12:00:36.7,1BFA_GSM_ALM,BFA_ALM4,MARK VIE A BFPT ALARM,,STA_5,LO CLR DISCHG TEMP OK,RTN,5,0,0,,!WP1001!WP1002!WP1003!WP1006!WP1007!WP1014!hist14!CP1011,1
2026-07-17 12:00:50.7,1BFA_GSM_ALM,BFA_ALM4,MARK VIE A BFPT ALARM,,STA_5,LO CLR DISCHG TEMP HIGH,ALM,5,0,0,,!WP1001!WP1002!WP1003!WP1006!WP1007!WP1014!hist14!CP1011,1
2026-07-17 12:00:53.2,1BFA_GSM_ALM,BFA_ALM4,MARK VIE A BFPT ALARM,,STA_5,LO CLR DISCHG TEMP OK,RTN,5,0,0,,!WP1001!WP1002!WP1003!WP1006!WP1007!WP1014!hist14!CP1011,1
2026-07-17 12:00:55.2,1BFA_GSM_ALM,BFA_ALM4,MARK VIE A BFPT ALARM,,STA_5,LO CLR DISCHG TEMP HIGH,ALM,5,0,0,,!WP1001!WP1002!WP1003!WP1006!WP1007!WP1014!hist14!CP1011,1
2026-07-17 12:01:00.7,1BFA_GSM_ALM,BFA_ALM4,MARK VIE A BFPT ALARM,,STA_5,LO CLR DISCHG TEMP OK,RTN,5,0,0,,!WP1001!WP1002!WP1003!WP1006!WP1007!WP1014!hist14!CP1011,1
2026-07-17 12:01:06.7,1PDF,SLPSL0001,PULV LOW SEAL AIR HDR DIFF PRESS,,LOABS,PULV LOW SEAL AIR HDR DIFF PRESS,ALM,1,3.99434,4,INH2O,!WP1001!WP1002!WP1003!WP1006!WP1007!WP1014!hist14!CP1004,1
2026-07-17 12:01:06.7,1BFA_GSM_ALM,BFA_ALM4,MARK VIE A BFPT ALARM,,STA_5,LO CLR DISCHG TEMP HIGH,ALM,5,0,0,,!WP1001!WP1002!WP1003!WP1006!WP1007!WP1014!hist14!CP1011,1
2026-07-17 12:01:07.7,1PDF,SLPSL0001,PULV LOW SEAL AIR HDR DIFF PRESS,,LOABS,PULV LOW SEAL AIR HDR DIFF PRESS,RTN,1,4.03125,4,INH2O,!WP1001!WP1002!WP1003!WP1006!WP1007!WP1014!hist14!CP1004,1
2026-07-17 12:01:08.7,1PDF,SLPSL0001,PULV LOW SEAL AIR HDR DIFF PRESS,,LOABS,PULV LOW SEAL AIR HDR DIFF PRESS,ALM,1,3.88594,4,INH2O,!WP1001!WP1002!WP1003!WP1006!WP1007!WP1014!hist14!CP1004,1
2026-07-17 12:01:10.7,1BFA_GSM_ALM,BFA_ALM4,MARK VIE A BFPT ALARM,,STA_5,LO CLR DISCHG TEMP OK,RTN,5,0,0,,!WP1001!WP1002!WP1003!WP1006!WP1007!WP1014!hist14!CP1011,1
2026-07-17 12:01:11.7,1PDF,SLPSL0001,PULV LOW SEAL AIR HDR DIFF PRESS,,LOABS,PULV LOW SEAL AIR HDR DIFF PRESS,RTN,1,4.02129,4,INH2O,!WP1001!WP1002!WP1003!WP1006!WP1007!WP1014!hist14!CP1004,1
2026-07-17 12:01:12.7,1PDF,SLPSL0001,PULV LOW SEAL AIR HDR DIFF PRESS,,LOABS,PULV LOW SEAL AIR HDR DIFF PRESS,ALM,1,3.9334,4,INH2O,!WP1001!WP1002!WP1003!WP1006!WP1007!WP1014!hist14!CP1004,1
2026-07-17 12:01:13.7,1PDF,SLPSL0001,PULV LOW SEAL AIR HDR DIFF PRESS,,LOABS,PULV LOW SEAL AIR HDR DIFF PRESS,RTN,1,4.03623,4,INH2O,!WP1001!WP1002!WP1003!WP1006!WP1007!WP1014!hist14!CP1004,1
2026-07-17 12:01:14.7,1PDF,SLPSL0001,PULV LOW SEAL AIR HDR DIFF PRESS,,LOABS,PULV LOW SEAL AIR HDR DIFF PRESS,ALM,1,3.94131,4,INH2O,!WP1001!WP1002!WP1003!WP1006!WP1007!WP1014!hist14!CP1004,1
2026-07-17 12:01:15.7,1PDF,SLPSL0001,PULV LOW SEAL AIR HDR DIFF PRESS,,LOABS,PULV LOW SEAL AIR HDR DIFF PRESS,RTN,1,4.01807,4,INH2O,!WP1001!WP1002!WP1003!WP1006!WP1007!WP1014!hist14!CP1004,1
2026-07-17 12:01:16.7,1PDF,SLPSL0001,PULV LOW SEAL AIR HDR DIFF PRESS,,LOABS,PULV LOW SEAL AIR HDR DIFF PRESS,ALM,1,3.87275,4,INH2O,!WP1001!WP1002!WP1003!WP1006!WP1007!WP1014!hist14!CP1004,1
2026-07-17 12:01:16.7,1BFA_GSM_ALM,BFA_ALM4,MARK VIE A BFPT ALARM,,STA_5,LO CLR DISCHG TEMP HIGH,ALM,5,0,0,,!WP1001!WP1002!WP1003!WP1006!WP1007!WP1014!hist14!CP1011,1
2026-07-17 12:01:19.8,1FG_B,ZSH5701A,BF B BLADE PITCH,,HIABS,BLADE PITCH ALARM,RTN,3,69.8398,70,%,!WP1001!WP1002!WP1003!WP1006!WP1007!WP1014!hist14!CP1015,1
2026-07-17 12:01:20.7,1BFA_GSM_ALM,BFA_ALM4,MARK VIE A BFPT ALARM,,STA_5,LO CLR DISCHG TEMP OK,RTN,5,0,0,,!WP1001!WP1002!WP1003!WP1006!WP1007!WP1014!hist14!CP1011,1
2026-07-17 12:01:20.8,1FG_A,ZSH5601A,BF A BLADE PITCH,,HIABS,BLADE PITCH ALARM,RTN,3,69.8984,70,%,!WP1001!WP1002!WP1003!WP1006!WP1007!WP1014!hist14!CP1015,1
2026-07-17 12:01:24.7,1BFA_GSM_ALM,BFA_ALM4,MARK VIE A BFPT ALARM,,STA_5,LO CLR DISCHG TEMP HIGH,ALM,5,0,0,,!WP1001!WP1002!WP1003!WP1006!WP1007!WP1014!hist14!CP1011,1
2026-07-17 12:01:28.7,1BFA_GSM_ALM,BFA_ALM4,MARK VIE A BFPT ALARM,,STA_5,LO CLR DISCHG TEMP OK,RTN,5,0,0,,!WP1001!WP1002!WP1003!WP1006!WP1007!WP1014!hist14!CP1011,1
2026-07-17 12:01:30.7,1BFA_GSM_ALM,BFA_ALM4,MARK VIE A BFPT ALARM,,STA_5,LO CLR DISCHG TEMP HIGH,ALM,5,0,0,,!WP1001!WP1002!WP1003!WP1006!WP1007!WP1014!hist14!CP1011,1
2026-07-17 12:01:32.7,1BFA_GSM_ALM,BFA_ALM4,MARK VIE A BFPT ALARM,,STA_5,LO CLR DISCHG TEMP OK,RTN,5,0,0,,!WP1001!WP1002!WP1003!WP1006!WP1007!WP1014!hist14!CP1011,1
2026-07-17 12:01:33.7,1AMILL,UBOWL_LO,APULV SEAL AIR UND BOWL DP < 5,,STATE,PULV SEAL AIR UND BOWL DP NOT<5,RTN,5,,,,!WP1001!WP1002!WP1003!WP1006!WP1007!WP1014!hist14!CP1004,1
2026-07-17 12:01:34.7,1BFA_GSM_ALM,BFA_ALM4,MARK VIE A BFPT ALARM,,STA_5,LO CLR DISCHG TEMP HIGH,ALM,5,0,0,,!WP1001!WP1002!WP1003!WP1006!WP1007!WP1014!hist14!CP1011,1
2026-07-17 12:01:38.7,1BFA_GSM_ALM,BFA_ALM4,MARK VIE A BFPT ALARM,,STA_5,LO CLR DISCHG TEMP OK,RTN,5,0,0,,!WP1001!WP1002!WP1003!WP1006!WP1007!WP1014!hist14!CP1011,1
2026-07-17 12:01:45.2,1BFA_GSM_ALM,BFA_ALM4,MARK VIE A BFPT ALARM,,STA_5,LO CLR DISCHG TEMP HIGH,ALM,5,0,0,,!WP1001!WP1002!WP1003!WP1006!WP1007!WP1014!hist14!CP1011,1
2026-07-17 12:01:47.2,1BFA_GSM_ALM,BFA_ALM4,MARK VIE A BFPT ALARM,,STA_5,LO CLR DISCHG TEMP OK,RTN,5,0,0,,!WP1001!WP1002!WP1003!WP1006!WP1007!WP1014!hist14!CP1011,1
2026-07-17 12:01:48.7,1BFA_GSM_ALM,BFA_ALM4,MARK VIE A BFPT ALARM,,STA_5,LO CLR DISCHG TEMP HIGH,ALM,5,0,0,,!WP1001!WP1002!WP1003!WP1006!WP1007!WP1014!hist14!CP1011,1
2026-07-17 12:01:49.7,1AMILL,UBOWL_LO,APULV SEAL AIR UND BOWL DP < 5,,STATE,PULV SEAL AIR UND BOWL DP < 5,ALM,5,,,,!WP1001!WP1002!WP1003!WP1006!WP1007!WP1014!hist14!CP1004,1
2026-07-17 12:01:50.7,1BFA_GSM_ALM,BFA_ALM4,MARK VIE A BFPT ALARM,,STA_5,LO CLR DISCHG TEMP OK,RTN,5,0,0,,!WP1001!WP1002!WP1003!WP1006!WP1007!WP1014!hist14!CP1011,1
2026-07-17 12:01:52.7,1BFA_GSM_ALM,BFA_ALM4,MARK VIE A BFPT ALARM,,STA_5,LO CLR DISCHG TEMP HIGH,ALM,5,0,0,,!WP1001!WP1002!WP1003!WP1006!WP1007!WP1014!hist14!CP1011,1
2026-07-17 12:01:55.7,1FUEL_SFTY,FPTX_ALM,DRAFT TRANSMITTER DEVIATION,,STATE,FURN DRAFT PRESS XMTR DEVIATION,ALM,5,,,,!WP1001!WP1002!WP1003!WP1006!WP1007!WP1014!hist14!CP1004,1
2026-07-17 12:01:56.7,1BFA_GSM_ALM,BFA_ALM4,MARK VIE A BFPT ALARM,,STA_5,LO CLR DISCHG TEMP OK,RTN,5,0,0,,!WP1001!WP1002!WP1003!WP1006!WP1007!WP1014!hist14!CP1011,1
2026-07-17 12:02:00.7,1BFA_GSM_ALM,BFA_ALM4,MARK VIE A BFPT ALARM,,STA_5,LO CLR DISCHG TEMP HIGH,ALM,5,0,0,,!WP1001!WP1002!WP1003!WP1006!WP1007!WP1014!hist14!CP1011,1
2026-07-17 12:02:04.0,1NW_ESP_SMP,NWAI6702B,PRECIP SUMP PMP B DSCH PH,,IOBAD,BAD CHANNEL,ALM,3,,,,!WP1002!WP1011!WP1001!hist14!CP1020,1
2026-07-17 12:02:11.3,1SEAL_AIR,PDI5735_ALM,BF B OUT DMPR SEAL CAV D/P LOW,,STATE,DP ALARM CLEAR,RTN,3,,,,!WP1001!WP1002!WP1003!WP1006!WP1007!WP1014!hist14!CP1015,1
2026-07-17 12:02:12.7,1BFA_GSM_ALM,BFA_ALM4,MARK VIE A BFPT ALARM,,STA_5,LO CLR DISCHG TEMP OK,RTN,5,0,0,,!WP1001!WP1002!WP1003!WP1006!WP1007!WP1014!hist14!CP1011,1
2026-07-17 12:02:14.7,1BFA_GSM_ALM,BFA_ALM4,MARK VIE A BFPT ALARM,,STA_5,LO CLR DISCHG TEMP HIGH,ALM,5,0,0,,!WP1001!WP1002!WP1003!WP1006!WP1007!WP1014!hist14!CP1011,1
2026-07-17 12:02:17.7,1FUEL_SFTY,FPTX_ALM,DRAFT TRANSMITTER DEVIATION,,STATE,NO DEVIATION,RTN,5,,,,!WP1001!WP1002!WP1003!WP1006!WP1007!WP1014!hist14!CP1004,1
2026-07-17 12:02:20.7,1BFA_GSM_ALM,BFA_ALM4,MARK VIE A BFPT ALARM,,STA_5,LO CLR DISCHG TEMP OK,RTN,5,0,0,,!WP1001!WP1002!WP1003!WP1006!WP1007!WP1014!hist14!CP1011,1
2026-07-17 12:02:24.7,1BFA_GSM_ALM,BFA_ALM4,MARK VIE A BFPT ALARM,,STA_5,LO CLR DISCHG TEMP HIGH,ALM,5,0,0,,!WP1001!WP1002!WP1003!WP1006!WP1007!WP1014!hist14!CP1011,1
2026-07-17 12:02:26.7,1BFA_GSM_ALM,BFA_ALM4,MARK VIE A BFPT ALARM,,STA_5,LO CLR DISCHG TEMP OK,RTN,5,0,0,,!WP1001!WP1002!WP1003!WP1006!WP1007!WP1014!hist14!CP1011,1
2026-07-17 12:02:27.4,ASH_DCS,PLC_TRB,ASH PLC TROUBLE ALARM,ASH PLC,STATE,TROUBLE ALARM,ALM,3,,,,!WP1002!WP1006!WP1007!WP1001!WP1003!WP1014!hist14!CP1006,1
2026-07-17 12:02:32.7,1BFA_GSM_ALM,BFA_ALM4,MARK VIE A BFPT ALARM,,STA_5,LO CLR DISCHG TEMP HIGH,ALM,5,0,0,,!WP1001!WP1002!WP1003!WP1006!WP1007!WP1014!hist14!CP1011,1
2026-07-17 12:02:35.7,1PDF,SLPSL0001,PULV LOW SEAL AIR HDR DIFF PRESS,,LOABS,PULV LOW SEAL AIR HDR DIFF PRESS,RTN,1,4.05264,4,INH2O,!WP1001!WP1002!WP1003!WP1006!WP1007!WP1014!hist14!CP1004,1
2026-07-17 12:02:35.2,1BFA_GSM_ALM,BFA_ALM4,MARK VIE A BFPT ALARM,,STA_5,LO CLR DISCHG TEMP OK,RTN,5,0,0,,!WP1001!WP1002!WP1003!WP1006!WP1007!WP1014!hist14!CP1011,1
2026-07-17 12:02:38.7,1BFA_GSM_ALM,BFA_ALM4,MARK VIE A BFPT ALARM,,STA_5,LO CLR DISCHG TEMP HIGH,ALM,5,0,0,,!WP1001!WP1002!WP1003!WP1006!WP1007!WP1014!hist14!CP1011,1
2026-07-17 12:02:40.7,1BFA_GSM_ALM,BFA_ALM4,MARK VIE A BFPT ALARM,,STA_5,LO CLR DISCHG TEMP OK,RTN,5,0,0,,!WP1001!WP1002!WP1003!WP1006!WP1007!WP1014!hist14!CP1011,1
2026-07-17 12:02:44.7,1BFA_GSM_ALM,BFA_ALM4,MARK VIE A BFPT ALARM,,STA_5,LO CLR DISCHG TEMP HIGH,ALM,5,0,0,,!WP1001!WP1002!WP1003!WP1006!WP1007!WP1014!hist14!CP1011,1
2026-07-17 12:02:46.7,1BFA_GSM_ALM,BFA_ALM4,MARK VIE A BFPT ALARM,,STA_5,LO CLR DISCHG TEMP OK,RTN,5,0,0,,!WP1001!WP1002!WP1003!WP1006!WP1007!WP1014!hist14!CP1011,1
2026-07-17 12:02:52.7,1BFA_GSM_ALM,BFA_ALM4,MARK VIE A BFPT ALARM,,STA_5,LO CLR DISCHG TEMP HIGH,ALM,5,0,0,,!WP1001!WP1002!WP1003!WP1006!WP1007!WP1014!hist14!CP1011,1
2026-07-17 12:03:03.2,1BFA_GSM_ALM,BFA_ALM4,MARK VIE A BFPT ALARM,,STA_5,LO CLR DISCHG TEMP OK,RTN,5,0,0,,!WP1001!WP1002!WP1003!WP1006!WP1007!WP1014!hist14!CP1011,1
2026-07-17 12:03:04.7,1BFA_GSM_ALM,BFA_ALM4,MARK VIE A BFPT ALARM,,STA_5,LO CLR DISCHG TEMP HIGH,ALM,5,0,0,,!WP1001!WP1002!WP1003!WP1006!WP1007!WP1014!hist14!CP1011,1
2026-07-17 12:03:06.7,1BFA_GSM_ALM,BFA_ALM4,MARK VIE A BFPT ALARM,,STA_5,LO CLR DISCHG TEMP OK,RTN,5,0,0,,!WP1001!WP1002!WP1003!WP1006!WP1007!WP1014!hist14!CP1011,1
2026-07-17 12:03:08.7,1BFA_GSM_ALM,BFA_ALM4,MARK VIE A BFPT ALARM,,STA_5,LO CLR DISCHG TEMP HIGH,ALM,5,0,0,,!WP1001!WP1002!WP1003!WP1006!WP1007!WP1014!hist14!CP1011,1
2026-07-17 12:03:14.7,1BFA_GSM_ALM,BFA_ALM4,MARK VIE A BFPT ALARM,,STA_5,LO CLR DISCHG TEMP OK,RTN,5,0,0,,!WP1001!WP1002!WP1003!WP1006!WP1007!WP1014!hist14!CP1011,1
2026-07-17 12:03:16.7,1BFA_GSM_ALM,BFA_ALM4,MARK VIE A BFPT ALARM,,STA_5,LO CLR DISCHG TEMP HIGH,ALM,5,0,0,,!WP1001!WP1002!WP1003!WP1006!WP1007!WP1014!hist14!CP1011,1
2026-07-17 12:03:18.7,1BFA_GSM_ALM,BFA_ALM4,MARK VIE A BFPT ALARM,,STA_5,LO CLR DISCHG TEMP OK,RTN,5,0,0,,!WP1001!WP1002!WP1003!WP1006!WP1007!WP1014!hist14!CP1011,1
2026-07-17 12:03:24.7,1BFA_GSM_ALM,BFA_ALM4,MARK VIE A BFPT ALARM,,STA_5,LO CLR DISCHG TEMP HIGH,ALM,5,0,0,,!WP1001!WP1002!WP1003!WP1006!WP1007!WP1014!hist14!CP1011,1
2026-07-17 12:03:27.2,1BFA_GSM_ALM,BFA_ALM4,MARK VIE A BFPT ALARM,,STA_5,LO CLR DISCHG TEMP OK,RTN,5,0,0,,!WP1001!WP1002!WP1003!WP1006!WP1007!WP1014!hist14!CP1011,1
2026-07-17 12:03:29.2,1BFA_GSM_ALM,BFA_ALM4,MARK VIE A BFPT ALARM,,STA_5,LO CLR DISCHG TEMP HIGH,ALM,5,0,0,,!WP1001!WP1002!WP1003!WP1006!WP1007!WP1014!hist14!CP1011,1
2026-07-17 12:03:34.7,1BFA_GSM_ALM,BFA_ALM4,MARK VIE A BFPT ALARM,,STA_5,LO CLR DISCHG TEMP OK,RTN,5,0,0,,!WP1001!WP1002!WP1003!WP1006!WP1007!WP1014!hist14!CP1011,1
2026-07-17 12:03:36.7,1BFA_GSM_ALM,BFA_ALM4,MARK VIE A BFPT ALARM,,STA_5,LO CLR DISCHG TEMP HIGH,ALM,5,0,0,,!WP1001!WP1002!WP1003!WP1006!WP1007!WP1014!hist14!CP1011,1
2026-07-17 12:03:38.7,1BFA_GSM_ALM,BFA_ALM4,MARK VIE A BFPT ALARM,,STA_5,LO CLR DISCHG TEMP OK,RTN,5,0,0,,!WP1001!WP1002!WP1003!WP1006!WP1007!WP1014!hist14!CP1011,1
2026-07-17 12:03:40.7,1BFA_GSM_ALM,BFA_ALM4,MARK VIE A BFPT ALARM,,STA_5,LO CLR DISCHG TEMP HIGH,ALM,5,0,0,,!WP1001!WP1002!WP1003!WP1006!WP1007!WP1014!hist14!CP1011,1
2026-07-17 12:03:42.7,1BFA_GSM_ALM,BFA_ALM4,MARK VIE A BFPT ALARM,,STA_5,LO CLR DISCHG TEMP OK,RTN,5,0,0,,!WP1001!WP1002!WP1003!WP1006!WP1007!WP1014!hist14!CP1011,1
2026-07-17 12:03:44.7,1BFA_GSM_ALM,BFA_ALM4,MARK VIE A BFPT ALARM,,STA_5,LO CLR DISCHG TEMP HIGH,ALM,5,0,0,,!WP1001!WP1002!WP1003!WP1006!WP1007!WP1014!hist14!CP1011,1
2026-07-17 12:03:53.2,1BFA_GSM_ALM,BFA_ALM4,MARK VIE A BFPT ALARM,,STA_5,LO CLR DISCHG TEMP OK,RTN,5,0,0,,!WP1001!WP1002!WP1003!WP1006!WP1007!WP1014!hist14!CP1011,1
2026-07-17 12:03:56.7,1BFA_GSM_ALM,BFA_ALM4,MARK VIE A BFPT ALARM,,STA_5,LO CLR DISCHG TEMP HIGH,ALM,5,0,0,,!WP1001!WP1002!WP1003!WP1006!WP1007!WP1014!hist14!CP1011,1
2026-07-17 12:04:00.7,1BFA_GSM_ALM,BFA_ALM4,MARK VIE A BFPT ALARM,,STA_5,LO CLR DISCHG TEMP OK,RTN,5,0,0,,!WP1001!WP1002!WP1003!WP1006!WP1007!WP1014!hist14!CP1011,1
2026-07-17 12:04:00.4,ASH_DCS,PLC_TRB,ASH PLC TROUBLE ALARM,ASH PLC,STATE,NORMAL,RTN,3,,,,!WP1002!WP1006!WP1007!WP1001!WP1003!WP1014!hist14!CP1006,1
2026-07-17 12:04:04.7,1PDF,SLPSL0001,PULV LOW SEAL AIR HDR DIFF PRESS,,LOABS,PULV LOW SEAL AIR HDR DIFF PRESS,ALM,1,3.97412,4,INH2O,!WP1001!WP1002!WP1003!WP1006!WP1007!WP1014!hist14!CP1004,1
2026-07-17 12:04:06.7,1BFA_GSM_ALM,BFA_ALM4,MARK VIE A BFPT ALARM,,STA_5,LO CLR DISCHG TEMP HIGH,ALM,5,0,0,,!WP1001!WP1002!WP1003!WP1006!WP1007!WP1014!hist14!CP1011,1
2026-07-17 12:04:09.0,ASH_DCS,PLC_TRB,ASH PLC TROUBLE ALARM,ASH PLC,STATE,TROUBLE ALARM,ALM,3,,,,!WP1002!WP1006!WP1007!WP1001!WP1003!WP1014!hist14!CP1006,1
2026-07-17 12:04:10.7,1BFA_GSM_ALM,BFA_ALM4,MARK VIE A BFPT ALARM,,STA_5,LO CLR DISCHG TEMP OK,RTN,5,0,0,,!WP1001!WP1002!WP1003!WP1006!WP1007!WP1014!hist14!CP1011,1
2026-07-17 12:04:28.7,1BFA_GSM_ALM,BFA_ALM4,MARK VIE A BFPT ALARM,,STA_5,LO CLR DISCHG TEMP HIGH,ALM,5,0,0,,!WP1001!WP1002!WP1003!WP1006!WP1007!WP1014!hist14!CP1011,1
2026-07-17 12:04:30.7,1BFA_GSM_ALM,BFA_ALM4,MARK VIE A BFPT ALARM,,STA_5,LO CLR DISCHG TEMP OK,RTN,5,0,0,,!WP1001!WP1002!WP1003!WP1006!WP1007!WP1014!hist14!CP1011,1
2026-07-17 12:04:34.7,1BFA_GSM_ALM,BFA_ALM4,MARK VIE A BFPT ALARM,,STA_5,LO CLR DISCHG TEMP HIGH,ALM,5,0,0,,!WP1001!WP1002!WP1003!WP1006!WP1007!WP1014!hist14!CP1011,1
2026-07-17 12:04:36.7,1BFA_GSM_ALM,BFA_ALM4,MARK VIE A BFPT ALARM,,STA_5,LO CLR DISCHG TEMP OK,RTN,5,0,0,,!WP1001!WP1002!WP1003!WP1006!WP1007!WP1014!hist14!CP1011,1
2026-07-17 12:04:40.3,1SEAL_AIR,PDI5735_ALM,BF B OUT DMPR SEAL CAV D/P LOW,,STATE,DP ALARM ACTIVE,ALM,3,,,,!WP1001!WP1002!WP1003!WP1006!WP1007!WP1014!hist14!CP1015,1
2026-07-17 12:04:45.2,1BFA_GSM_ALM,BFA_ALM4,MARK VIE A BFPT ALARM,,STA_5,LO CLR DISCHG TEMP HIGH,ALM,5,0,0,,!WP1001!WP1002!WP1003!WP1006!WP1007!WP1014!hist14!CP1011,1
2026-07-17 12:04:48.7,1BFA_GSM_ALM,BFA_ALM4,MARK VIE A BFPT ALARM,,STA_5,LO CLR DISCHG TEMP OK,RTN,5,0,0,,!WP1001!WP1002!WP1003!WP1006!WP1007!WP1014!hist14!CP1011,1
2026-07-17 12:04:54.7,1BFA_GSM_ALM,BFA_ALM4,MARK VIE A BFPT ALARM,,STA_5,LO CLR DISCHG TEMP HIGH,ALM,5,0,0,,!WP1001!WP1002!WP1003!WP1006!WP1007!WP1014!hist14!CP1011,1
2026-07-17 12:04:56.7,1BFA_GSM_ALM,BFA_ALM4,MARK VIE A BFPT ALARM,,STA_5,LO CLR DISCHG TEMP OK,RTN,5,0,0,,!WP1001!WP1002!WP1003!WP1006!WP1007!WP1014!hist14!CP1011,1
2026-07-17 12:05:02.7,1BFA_GSM_ALM,BFA_ALM4,MARK VIE A BFPT ALARM,,STA_5,LO CLR DISCHG TEMP HIGH,ALM,5,0,0,,!WP1001!WP1002!WP1003!WP1006!WP1007!WP1014!hist14!CP1011,1
2026-07-17 12:05:04.7,1BFA_GSM_ALM,BFA_ALM4,MARK VIE A BFPT ALARM,,STA_5,LO CLR DISCHG TEMP OK,RTN,5,0,0,,!WP1001!WP1002!WP1003!WP1006!WP1007!WP1014!hist14!CP1011,1
2026-07-17 12:05:04.8,1SEAL_AIR,PDI5735_ALM,BF B OUT DMPR SEAL CAV D/P LOW,,STATE,DP ALARM CLEAR,RTN,3,,,,!WP1001!WP1002!WP1003!WP1006!WP1007!WP1014!hist14!CP1015,1
2026-07-17 12:05:06.7,1FUEL_SFTY,FPTX_ALM,DRAFT TRANSMITTER DEVIATION,,STATE,FURN DRAFT PRESS XMTR DEVIATION,ALM,5,,,,!WP1001!WP1002!WP1003!WP1006!WP1007!WP1014!hist14!CP1004,1
2026-07-17 12:05:06.7,1BFA_GSM_ALM,BFA_ALM4,MARK VIE A BFPT ALARM,,STA_5,LO CLR DISCHG TEMP HIGH,ALM,5,0,0,,!WP1001!WP1002!WP1003!WP1006!WP1007!WP1014!hist14!CP1011,1
2026-07-17 12:05:11.2,1BFA_GSM_ALM,BFA_ALM4,MARK VIE A BFPT ALARM,,STA_5,LO CLR DISCHG TEMP OK,RTN,5,0,0,,!WP1001!WP1002!WP1003!WP1006!WP1007!WP1014!hist14!CP1011,1
2026-07-17 12:05:13.7,1FUEL_SFTY,FPTX_ALM,DRAFT TRANSMITTER DEVIATION,,STATE,NO DEVIATION,RTN,5,,,,!WP1001!WP1002!WP1003!WP1006!WP1007!WP1014!hist14!CP1004,1
2026-07-17 12:05:13.2,1BFA_GSM_ALM,BFA_ALM4,MARK VIE A BFPT ALARM,,STA_5,LO CLR DISCHG TEMP HIGH,ALM,5,0,0,,!WP1001!WP1002!WP1003!WP1006!WP1007!WP1014!hist14!CP1011,1
2026-07-17 12:05:16.7,1FUEL_SFTY,FPTX_ALM,DRAFT TRANSMITTER DEVIATION,,STATE,FURN DRAFT PRESS XMTR DEVIATION,ALM,5,,,,!WP1001!WP1002!WP1003!WP1006!WP1007!WP1014!hist14!CP1004,1
2026-07-17 12:05:18.7,1BFA_GSM_ALM,BFA_ALM4,MARK VIE A BFPT ALARM,,STA_5,LO CLR DISCHG TEMP OK,RTN,5,0,0,,!WP1001!WP1002!WP1003!WP1006!WP1007!WP1014!hist14!CP1011,1
2026-07-17 12:05:24.7,1FUEL_SFTY,FPTX_ALM,DRAFT TRANSMITTER DEVIATION,,STATE,NO DEVIATION,RTN,5,,,,!WP1001!WP1002!WP1003!WP1006!WP1007!WP1014!hist14!CP1004,1
2026-07-17 12:05:26.7,1BFA_GSM_ALM,BFA_ALM4,MARK VIE A BFPT ALARM,,STA_5,LO CLR DISCHG TEMP HIGH,ALM,5,0,0,,!WP1001!WP1002!WP1003!WP1006!WP1007!WP1014!hist14!CP1011,1
2026-07-17 12:05:28.7,1BFA_GSM_ALM,BFA_ALM4,MARK VIE A BFPT ALARM,,STA_5,LO CLR DISCHG TEMP OK,RTN,5,0,0,,!WP1001!WP1002!WP1003!WP1006!WP1007!WP1014!hist14!CP1011,1
2026-07-17 12:05:38.7,1BFA_GSM_ALM,BFA_ALM4,MARK VIE A BFPT ALARM,,STA_5,LO CLR DISCHG TEMP HIGH,ALM,5,0,0,,!WP1001!WP1002!WP1003!WP1006!WP1007!WP1014!hist14!CP1011,1
2026-07-17 12:05:40.7,1BFA_GSM_ALM,BFA_ALM4,MARK VIE A BFPT ALARM,,STA_5,LO CLR DISCHG TEMP OK,RTN,5,0,0,,!WP1001!WP1002!WP1003!WP1006!WP1007!WP1014!hist14!CP1011,1
2026-07-17 12:05:46.7,1BFA_GSM_ALM,BFA_ALM4,MARK VIE A BFPT ALARM,,STA_5,LO CLR DISCHG TEMP HIGH,ALM,5,0,0,,!WP1001!WP1002!WP1003!WP1006!WP1007!WP1014!hist14!CP1011,1
2026-07-17 12:05:50.7,1BFA_GSM_ALM,BFA_ALM4,MARK VIE A BFPT ALARM,,STA_5,LO CLR DISCHG TEMP OK,RTN,5,0,0,,!WP1001!WP1002!WP1003!WP1006!WP1007!WP1014!hist14!CP1011,1
2026-07-17 12:05:54.7,1BFA_GSM_ALM,BFA_ALM4,MARK VIE A BFPT ALARM,,STA_5,LO CLR DISCHG TEMP HIGH,ALM,5,0,0,,!WP1001!WP1002!WP1003!WP1006!WP1007!WP1014!hist14!CP1011,1
2026-07-17 12:05:56.7,1BFA_GSM_ALM,BFA_ALM4,MARK VIE A BFPT ALARM,,STA_5,LO CLR DISCHG TEMP OK,RTN,5,0,0,,!WP1001!WP1002!WP1003!WP1006!WP1007!WP1014!hist14!CP1011,1
2026-07-17 12:06:01.7,1PDF,SLPSL0001,PULV LOW SEAL AIR HDR DIFF PRESS,,LOABS,PULV LOW SEAL AIR HDR DIFF PRESS,RTN,1,4.09219,4,INH2O,!WP1001!WP1002!WP1003!WP1006!WP1007!WP1014!hist14!CP1004,1
2026-07-17 12:06:01.2,1BFA_GSM_ALM,BFA_ALM4,MARK VIE A BFPT ALARM,,STA_5,LO CLR DISCHG TEMP HIGH,ALM,5,0,0,,!WP1001!WP1002!WP1003!WP1006!WP1007!WP1014!hist14!CP1011,1
2026-07-17 12:06:06.7,1BFA_GSM_ALM,BFA_ALM4,MARK VIE A BFPT ALARM,,STA_5,LO CLR DISCHG TEMP OK,RTN,5,0,0,,!WP1001!WP1002!WP1003!WP1006!WP1007!WP1014!hist14!CP1011,1
2026-07-17 12:06:14.7,1BFA_GSM_ALM,BFA_ALM4,MARK VIE A BFPT ALARM,,STA_5,LO CLR DISCHG TEMP HIGH,ALM,5,0,0,,!WP1001!WP1002!WP1003!WP1006!WP1007!WP1014!hist14!CP1011,1
2026-07-17 12:06:24.7,1BFA_GSM_ALM,BFA_ALM4,MARK VIE A BFPT ALARM,,STA_5,LO CLR DISCHG TEMP OK,RTN,5,0,0,,!WP1001!WP1002!WP1003!WP1006!WP1007!WP1014!hist14!CP1011,1
2026-07-17 12:06:30.7,1BFA_GSM_ALM,BFA_ALM4,MARK VIE A BFPT ALARM,,STA_5,LO CLR DISCHG TEMP HIGH,ALM,5,0,0,,!WP1001!WP1002!WP1003!WP1006!WP1007!WP1014!hist14!CP1011,1
2026-07-17 12:06:32.7,1BFA_GSM_ALM,BFA_ALM4,MARK VIE A BFPT ALARM,,STA_5,LO CLR DISCHG TEMP OK,RTN,5,0,0,,!WP1001!WP1002!WP1003!WP1006!WP1007!WP1014!hist14!CP1011,1
2026-07-17 12:06:34.7,1BFA_GSM_ALM,BFA_ALM4,MARK VIE A BFPT ALARM,,STA_5,LO CLR DISCHG TEMP HIGH,ALM,5,0,0,,!WP1001!WP1002!WP1003!WP1006!WP1007!WP1014!hist14!CP1011,1
2026-07-17 12:06:42.7,1BFA_GSM_ALM,BFA_ALM4,MARK VIE A BFPT ALARM,,STA_5,LO CLR DISCHG TEMP OK,RTN,5,0,0,,!WP1001!WP1002!WP1003!WP1006!WP1007!WP1014!hist14!CP1011,1
2026-07-17 12:06:44.7,1BFA_GSM_ALM,BFA_ALM4,MARK VIE A BFPT ALARM,,STA_5,LO CLR DISCHG TEMP HIGH,ALM,5,0,0,,!WP1001!WP1002!WP1003!WP1006!WP1007!WP1014!hist14!CP1011,1
2026-07-17 12:06:48.7,1BFA_GSM_ALM,BFA_ALM4,MARK VIE A BFPT ALARM,,STA_5,LO CLR DISCHG TEMP OK,RTN,5,0,0,,!WP1001!WP1002!WP1003!WP1006!WP1007!WP1014!hist14!CP1011,1
2026-07-17 12:06:50.7,1BFA_GSM_ALM,BFA_ALM4,MARK VIE A BFPT ALARM,,STA_5,LO CLR DISCHG TEMP HIGH,ALM,5,0,0,,!WP1001!WP1002!WP1003!WP1006!WP1007!WP1014!hist14!CP1011,1
2026-07-17 12:06:53.2,1BFA_GSM_ALM,BFA_ALM4,MARK VIE A BFPT ALARM,,STA_5,LO CLR DISCHG TEMP OK,RTN,5,0,0,,!WP1001!WP1002!WP1003!WP1006!WP1007!WP1014!hist14!CP1011,1
2026-07-17 12:07:04.7,1BFA_GSM_ALM,BFA_ALM4,MARK VIE A BFPT ALARM,,STA_5,LO CLR DISCHG TEMP HIGH,ALM,5,0,0,,!WP1001!WP1002!WP1003!WP1006!WP1007!WP1014!hist14!CP1011,1
2026-07-17 12:07:06.7,1BFA_GSM_ALM,BFA_ALM4,MARK VIE A BFPT ALARM,,STA_5,LO CLR DISCHG TEMP OK,RTN,5,0,0,,!WP1001!WP1002!WP1003!WP1006!WP1007!WP1014!hist14!CP1011,1
2026-07-17 12:07:08.7,1BFA_GSM_ALM,BFA_ALM4,MARK VIE A BFPT ALARM,,STA_5,LO CLR DISCHG TEMP HIGH,ALM,5,0,0,,!WP1001!WP1002!WP1003!WP1006!WP1007!WP1014!hist14!CP1011,1
2026-07-17 12:07:10.7,1BFA_GSM_ALM,BFA_ALM4,MARK VIE A BFPT ALARM,,STA_5,LO CLR DISCHG TEMP OK,RTN,5,0,0,,!WP1001!WP1002!WP1003!WP1006!WP1007!WP1014!hist14!CP1011,1
2026-07-17 12:07:11.7,1DAS11,IAAH3281,COND PUMP DISCH   SILICA,1233,HIABS,HIGH,ALM,1,11.1758,10,ppb,!WP1002!WP1006!WP1007!WP1001!WP1003!WP1014!hist14!CP1008,1
2026-07-17 12:07:12.7,1BFA_GSM_ALM,BFA_ALM4,MARK VIE A BFPT ALARM,,STA_5,LO CLR DISCHG TEMP HIGH,ALM,5,0,0,,!WP1001!WP1002!WP1003!WP1006!WP1007!WP1014!hist14!CP1011,1
2026-07-17 12:07:19.2,1BFA_GSM_ALM,BFA_ALM4,MARK VIE A BFPT ALARM,,STA_5,LO CLR DISCHG TEMP OK,RTN,5,0,0,,!WP1001!WP1002!WP1003!WP1006!WP1007!WP1014!hist14!CP1011,1
2026-07-17 12:07:24.7,1BFA_GSM_ALM,BFA_ALM4,MARK VIE A BFPT ALARM,,STA_5,LO CLR DISCHG TEMP HIGH,ALM,5,0,0,,!WP1001!WP1002!WP1003!WP1006!WP1007!WP1014!hist14!CP1011,1
2026-07-17 12:07:26.7,1BFA_GSM_ALM,BFA_ALM4,MARK VIE A BFPT ALARM,,STA_5,LO CLR DISCHG TEMP OK,RTN,5,0,0,,!WP1001!WP1002!WP1003!WP1006!WP1007!WP1014!hist14!CP1011,1
2026-07-17 12:07:28.7,1BFA_GSM_ALM,BFA_ALM4,MARK VIE A BFPT ALARM,,STA_5,LO CLR DISCHG TEMP HIGH,ALM,5,0,0,,!WP1001!WP1002!WP1003!WP1006!WP1007!WP1014!hist14!CP1011,1
2026-07-17 12:07:34.7,1BFA_GSM_ALM,BFA_ALM4,MARK VIE A BFPT ALARM,,STA_5,LO CLR DISCHG TEMP OK,RTN,5,0,0,,!WP1001!WP1002!WP1003!WP1006!WP1007!WP1014!hist14!CP1011,1
2026-07-17 12:07:36.7,1BFA_GSM_ALM,BFA_ALM4,MARK VIE A BFPT ALARM,,STA_5,LO CLR DISCHG TEMP HIGH,ALM,5,0,0,,!WP1001!WP1002!WP1003!WP1006!WP1007!WP1014!hist14!CP1011,1
2026-07-17 12:07:40.7,1BFA_GSM_ALM,BFA_ALM4,MARK VIE A BFPT ALARM,,STA_5,LO CLR DISCHG TEMP OK,RTN,5,0,0,,!WP1001!WP1002!WP1003!WP1006!WP1007!WP1014!hist14!CP1011,1
2026-07-17 12:07:45.2,1BFA_GSM_ALM,BFA_ALM4,MARK VIE A BFPT ALARM,,STA_5,LO CLR DISCHG TEMP HIGH,ALM,5,0,0,,!WP1001!WP1002!WP1003!WP1006!WP1007!WP1014!hist14!CP1011,1
2026-07-17 12:07:47.7,1PDF,SLPSL0001,PULV LOW SEAL AIR HDR DIFF PRESS,,LOABS,PULV LOW SEAL AIR HDR DIFF PRESS,ALM,1,3.92461,4,INH2O,!WP1001!WP1002!WP1003!WP1006!WP1007!WP1014!hist14!CP1004,1
2026-07-17 12:07:59.7,1PDF,SLPSL0001,PULV LOW SEAL AIR HDR DIFF PRESS,,LOABS,PULV LOW SEAL AIR HDR DIFF PRESS,RTN,1,4.06904,4,INH2O,!WP1001!WP1002!WP1003!WP1006!WP1007!WP1014!hist14!CP1004,1
2026-07-17 12:08:00.7,1PDF,SLPSL0001,PULV LOW SEAL AIR HDR DIFF PRESS,,LOABS,PULV LOW SEAL AIR HDR DIFF PRESS,ALM,1,3.89473,4,INH2O,!WP1001!WP1002!WP1003!WP1006!WP1007!WP1014!hist14!CP1004,1
2026-07-17 12:08:00.7,1BFA_GSM_ALM,BFA_ALM4,MARK VIE A BFPT ALARM,,STA_5,LO CLR DISCHG TEMP OK,RTN,5,0,0,,!WP1001!WP1002!WP1003!WP1006!WP1007!WP1014!hist14!CP1011,1
2026-07-17 12:08:02.7,1BFA_GSM_ALM,BFA_ALM4,MARK VIE A BFPT ALARM,,STA_5,LO CLR DISCHG TEMP HIGH,ALM,5,0,0,,!WP1001!WP1002!WP1003!WP1006!WP1007!WP1014!hist14!CP1011,1
2026-07-17 12:08:06.7,1BFA_GSM_ALM,BFA_ALM4,MARK VIE A BFPT ALARM,,STA_5,LO CLR DISCHG TEMP OK,RTN,5,0,0,,!WP1001!WP1002!WP1003!WP1006!WP1007!WP1014!hist14!CP1011,1
2026-07-17 12:08:08.7,1BFA_GSM_ALM,BFA_ALM4,MARK VIE A BFPT ALARM,,STA_5,LO CLR DISCHG TEMP HIGH,ALM,5,0,0,,!WP1001!WP1002!WP1003!WP1006!WP1007!WP1014!hist14!CP1011,1
2026-07-17 12:08:11.2,1BFA_GSM_ALM,BFA_ALM4,MARK VIE A BFPT ALARM,,STA_5,LO CLR DISCHG TEMP OK,RTN,5,0,0,,!WP1001!WP1002!WP1003!WP1006!WP1007!WP1014!hist14!CP1011,1
2026-07-17 12:08:16.7,1BFA_GSM_ALM,BFA_ALM4,MARK VIE A BFPT ALARM,,STA_5,LO CLR DISCHG TEMP HIGH,ALM,5,0,0,,!WP1001!WP1002!WP1003!WP1006!WP1007!WP1014!hist14!CP1011,1
2026-07-17 12:08:18.7,1BFA_GSM_ALM,BFA_ALM4,MARK VIE A BFPT ALARM,,STA_5,LO CLR DISCHG TEMP OK,RTN,5,0,0,,!WP1001!WP1002!WP1003!WP1006!WP1007!WP1014!hist14!CP1011,1
2026-07-17 12:08:20.7,1BFA_GSM_ALM,BFA_ALM4,MARK VIE A BFPT ALARM,,STA_5,LO CLR DISCHG TEMP HIGH,ALM,5,0,0,,!WP1001!WP1002!WP1003!WP1006!WP1007!WP1014!hist14!CP1011,1
2026-07-17 12:08:22.7,1BFA_GSM_ALM,BFA_ALM4,MARK VIE A BFPT ALARM,,STA_5,LO CLR DISCHG TEMP OK,RTN,5,0,0,,!WP1001!WP1002!WP1003!WP1006!WP1007!WP1014!hist14!CP1011,1
2026-07-17 12:08:28.7,1BFA_GSM_ALM,BFA_ALM4,MARK VIE A BFPT ALARM,,STA_5,LO CLR DISCHG TEMP HIGH,ALM,5,0,0,,!WP1001!WP1002!WP1003!WP1006!WP1007!WP1014!hist14!CP1011,1
2026-07-17 12:08:29.3,1SEAL_AIR,PDI5735_ALM,BF B OUT DMPR SEAL CAV D/P LOW,,STATE,DP ALARM ACTIVE,ALM,3,,,,!WP1001!WP1002!WP1003!WP1006!WP1007!WP1014!hist14!CP1015,1
2026-07-17 12:08:34.7,1BFA_GSM_ALM,BFA_ALM4,MARK VIE A BFPT ALARM,,STA_5,LO CLR DISCHG TEMP OK,RTN,5,0,0,,!WP1001!WP1002!WP1003!WP1006!WP1007!WP1014!hist14!CP1011,1
2026-07-17 12:08:42.7,1BFA_GSM_ALM,BFA_ALM4,MARK VIE A BFPT ALARM,,STA_5,LO CLR DISCHG TEMP HIGH,ALM,5,0,0,,!WP1001!WP1002!WP1003!WP1006!WP1007!WP1014!hist14!CP1011,1
2026-07-17 12:08:46.7,1PDF,SLPSL0001,PULV LOW SEAL AIR HDR DIFF PRESS,,LOABS,PULV LOW SEAL AIR HDR DIFF PRESS,RTN,1,4.01748,4,INH2O,!WP1001!WP1002!WP1003!WP1006!WP1007!WP1014!hist14!CP1004,1
2026-07-17 12:08:46.7,1BFA_GSM_ALM,BFA_ALM4,MARK VIE A BFPT ALARM,,STA_5,LO CLR DISCHG TEMP OK,RTN,5,0,0,,!WP1001!WP1002!WP1003!WP1006!WP1007!WP1014!hist14!CP1011,1
2026-07-17 12:08:48.7,1BFA_GSM_ALM,BFA_ALM4,MARK VIE A BFPT ALARM,,STA_5,LO CLR DISCHG TEMP HIGH,ALM,5,0,0,,!WP1001!WP1002!WP1003!WP1006!WP1007!WP1014!hist14!CP1011,1
2026-07-17 12:08:50.7,1BFA_GSM_ALM,BFA_ALM4,MARK VIE A BFPT ALARM,,STA_5,LO CLR DISCHG TEMP OK,RTN,5,0,0,,!WP1001!WP1002!WP1003!WP1006!WP1007!WP1014!hist14!CP1011,1
2026-07-17 12:08:51.7,1PDF,SLPSL0001,PULV LOW SEAL AIR HDR DIFF PRESS,,LOABS,PULV LOW SEAL AIR HDR DIFF PRESS,ALM,1,3.95098,4,INH2O,!WP1001!WP1002!WP1003!WP1006!WP1007!WP1014!hist14!CP1004,1
2026-07-17 12:08:56.7,1PDF,SLPSL0001,PULV LOW SEAL AIR HDR DIFF PRESS,,LOABS,PULV LOW SEAL AIR HDR DIFF PRESS,RTN,1,4.01748,4,INH2O,!WP1001!WP1002!WP1003!WP1006!WP1007!WP1014!hist14!CP1004,1
2026-07-17 12:08:58.7,1PDF,SLPSL0001,PULV LOW SEAL AIR HDR DIFF PRESS,,LOABS,PULV LOW SEAL AIR HDR DIFF PRESS,ALM,1,3.96006,4,INH2O,!WP1001!WP1002!WP1003!WP1006!WP1007!WP1014!hist14!CP1004,1
2026-07-17 12:08:58.7,1BFA_GSM_ALM,BFA_ALM4,MARK VIE A BFPT ALARM,,STA_5,LO CLR DISCHG TEMP HIGH,ALM,5,0,0,,!WP1001!WP1002!WP1003!WP1006!WP1007!WP1014!hist14!CP1011,1
2026-07-17 12:09:00.7,1BFA_GSM_ALM,BFA_ALM4,MARK VIE A BFPT ALARM,,STA_5,LO CLR DISCHG TEMP OK,RTN,5,0,0,,!WP1001!WP1002!WP1003!WP1006!WP1007!WP1014!hist14!CP1011,1
2026-07-17 12:09:03.2,1BFA_GSM_ALM,BFA_ALM4,MARK VIE A BFPT ALARM,,STA_5,LO CLR DISCHG TEMP HIGH,ALM,5,0,0,,!WP1001!WP1002!WP1003!WP1006!WP1007!WP1014!hist14!CP1011,1
2026-07-17 12:09:05.2,1BFA_GSM_ALM,BFA_ALM4,MARK VIE A BFPT ALARM,,STA_5,LO CLR DISCHG TEMP OK,RTN,5,0,0,,!WP1001!WP1002!WP1003!WP1006!WP1007!WP1014!hist14!CP1011,1
2026-07-17 12:09:20.7,1BFA_GSM_ALM,BFA_ALM4,MARK VIE A BFPT ALARM,,STA_5,LO CLR DISCHG TEMP HIGH,ALM,5,0,0,,!WP1001!WP1002!WP1003!WP1006!WP1007!WP1014!hist14!CP1011,1
2026-07-17 12:09:21.3,1SEAL_AIR,PDI5735_ALM,BF B OUT DMPR SEAL CAV D/P LOW,,STATE,DP ALARM CLEAR,RTN,3,,,,!WP1001!WP1002!WP1003!WP1006!WP1007!WP1014!hist14!CP1015,1
2026-07-17 12:09:22.7,1BFA_GSM_ALM,BFA_ALM4,MARK VIE A BFPT ALARM,,STA_5,LO CLR DISCHG TEMP OK,RTN,5,0,0,,!WP1001!WP1002!WP1003!WP1006!WP1007!WP1014!hist14!CP1011,1
2026-07-17 12:09:27.2,1BFA_GSM_ALM,BFA_ALM4,MARK VIE A BFPT ALARM,,STA_5,LO CLR DISCHG TEMP HIGH,ALM,5,0,0,,!WP1001!WP1002!WP1003!WP1006!WP1007!WP1014!hist14!CP1011,1
2026-07-17 12:09:29.2,1BFA_GSM_ALM,BFA_ALM4,MARK VIE A BFPT ALARM,,STA_5,LO CLR DISCHG TEMP OK,RTN,5,0,0,,!WP1001!WP1002!WP1003!WP1006!WP1007!WP1014!hist14!CP1011,1
2026-07-17 12:09:32.7,1BFA_GSM_ALM,BFA_ALM4,MARK VIE A BFPT ALARM,,STA_5,LO CLR DISCHG TEMP HIGH,ALM,5,0,0,,!WP1001!WP1002!WP1003!WP1006!WP1007!WP1014!hist14!CP1011,1
2026-07-17 12:09:34.7,1BFA_GSM_ALM,BFA_ALM4,MARK VIE A BFPT ALARM,,STA_5,LO CLR DISCHG TEMP OK,RTN,5,0,0,,!WP1001!WP1002!WP1003!WP1006!WP1007!WP1014!hist14!CP1011,1
2026-07-17 12:09:40.7,1BFA_GSM_ALM,BFA_ALM4,MARK VIE A BFPT ALARM,,STA_5,LO CLR DISCHG TEMP HIGH,ALM,5,0,0,,!WP1001!WP1002!WP1003!WP1006!WP1007!WP1014!hist14!CP1011,1
2026-07-17 12:09:42.7,1BFA_GSM_ALM,BFA_ALM4,MARK VIE A BFPT ALARM,,STA_5,LO CLR DISCHG TEMP OK,RTN,5,0,0,,!WP1001!WP1002!WP1003!WP1006!WP1007!WP1014!hist14!CP1011,1
2026-07-17 12:09:46.7,1BFA_GSM_ALM,BFA_ALM4,MARK VIE A BFPT ALARM,,STA_5,LO CLR DISCHG TEMP HIGH,ALM,5,0,0,,!WP1001!WP1002!WP1003!WP1006!WP1007!WP1014!hist14!CP1011,1
2026-07-17 12:09:48.7,1PDF,SLPSL0001,PULV LOW SEAL AIR HDR DIFF PRESS,,LOABS,PULV LOW SEAL AIR HDR DIFF PRESS,RTN,1,4.05205,4,INH2O,!WP1001!WP1002!WP1003!WP1006!WP1007!WP1014!hist14!CP1004,1
2026-07-17 12:09:48.7,1BFA_GSM_ALM,BFA_ALM4,MARK VIE A BFPT ALARM,,STA_5,LO CLR DISCHG TEMP OK,RTN,5,0,0,,!WP1001!WP1002!WP1003!WP1006!WP1007!WP1014!hist14!CP1011,1
2026-07-17 12:09:49.7,1PDF,SLPSL0001,PULV LOW SEAL AIR HDR DIFF PRESS,,LOABS,PULV LOW SEAL AIR HDR DIFF PRESS,ALM,1,3.77842,4,INH2O,!WP1001!WP1002!WP1003!WP1006!WP1007!WP1014!hist14!CP1004,1
2026-07-17 12:09:55.2,1BFA_GSM_ALM,BFA_ALM4,MARK VIE A BFPT ALARM,,STA_5,LO CLR DISCHG TEMP HIGH,ALM,5,0,0,,!WP1001!WP1002!WP1003!WP1006!WP1007!WP1014!hist14!CP1011,1
2026-07-17 12:09:56.7,1BFA_GSM_ALM,BFA_ALM4,MARK VIE A BFPT ALARM,,STA_5,LO CLR DISCHG TEMP OK,RTN,5,0,0,,!WP1001!WP1002!WP1003!WP1006!WP1007!WP1014!hist14!CP1011,1
2026-07-17 12:09:58.7,1BFA_GSM_ALM,BFA_ALM4,MARK VIE A BFPT ALARM,,STA_5,LO CLR DISCHG TEMP HIGH,ALM,5,0,0,,!WP1001!WP1002!WP1003!WP1006!WP1007!WP1014!hist14!CP1011,1
2026-07-17 12:10:02.7,1BFA_GSM_ALM,BFA_ALM4,MARK VIE A BFPT ALARM,,STA_5,LO CLR DISCHG TEMP OK,RTN,5,0,0,,!WP1001!WP1002!WP1003!WP1006!WP1007!WP1014!hist14!CP1011,1
2026-07-17 12:10:10.7,1BFA_GSM_ALM,BFA_ALM4,MARK VIE A BFPT ALARM,,STA_5,LO CLR DISCHG TEMP HIGH,ALM,5,0,0,,!WP1001!WP1002!WP1003!WP1006!WP1007!WP1014!hist14!CP1011,1
2026-07-17 12:10:12.7,1BFA_GSM_ALM,BFA_ALM4,MARK VIE A BFPT ALARM,,STA_5,LO CLR DISCHG TEMP OK,RTN,5,0,0,,!WP1001!WP1002!WP1003!WP1006!WP1007!WP1014!hist14!CP1011,1
2026-07-17 12:10:15.7,1PDF,SLPSL0001,PULV LOW SEAL AIR HDR DIFF PRESS,,LOABS,PULV LOW SEAL AIR HDR DIFF PRESS,RTN,1,4.0333,4,INH2O,!WP1001!WP1002!WP1003!WP1006!WP1007!WP1014!hist14!CP1004,1
2026-07-17 12:10:16.7,1BFA_GSM_ALM,BFA_ALM4,MARK VIE A BFPT ALARM,,STA_5,LO CLR DISCHG TEMP HIGH,ALM,5,0,0,,!WP1001!WP1002!WP1003!WP1006!WP1007!WP1014!hist14!CP1011,1
2026-07-17 12:10:19.2,1BFA_GSM_ALM,BFA_ALM4,MARK VIE A BFPT ALARM,,STA_5,LO CLR DISCHG TEMP OK,RTN,5,0,0,,!WP1001!WP1002!WP1003!WP1006!WP1007!WP1014!hist14!CP1011,1
2026-07-17 12:10:28.7,1BFA_GSM_ALM,BFA_ALM4,MARK VIE A BFPT ALARM,,STA_5,LO CLR DISCHG TEMP HIGH,ALM,5,0,0,,!WP1001!WP1002!WP1003!WP1006!WP1007!WP1014!hist14!CP1011,1
2026-07-17 12:10:30.7,1BFA_GSM_ALM,BFA_ALM4,MARK VIE A BFPT ALARM,,STA_5,LO CLR DISCHG TEMP OK,RTN,5,0,0,,!WP1001!WP1002!WP1003!WP1006!WP1007!WP1014!hist14!CP1011,1
2026-07-17 12:10:34.7,1BFA_GSM_ALM,BFA_ALM4,MARK VIE A BFPT ALARM,,STA_5,LO CLR DISCHG TEMP HIGH,ALM,5,0,0,,!WP1001!WP1002!WP1003!WP1006!WP1007!WP1014!hist14!CP1011,1
2026-07-17 12:10:36.7,1BFA_GSM_ALM,BFA_ALM4,MARK VIE A BFPT ALARM,,STA_5,LO CLR DISCHG TEMP OK,RTN,5,0,0,,!WP1001!WP1002!WP1003!WP1006!WP1007!WP1014!hist14!CP1011,1
2026-07-17 12:10:47.2,1BFA_GSM_ALM,BFA_ALM4,MARK VIE A BFPT ALARM,,STA_5,LO CLR DISCHG TEMP HIGH,ALM,5,0,0,,!WP1001!WP1002!WP1003!WP1006!WP1007!WP1014!hist14!CP1011,1
2026-07-17 12:10:50.7,1PDF,SLPSL0001,PULV LOW SEAL AIR HDR DIFF PRESS,,LOABS,PULV LOW SEAL AIR HDR DIFF PRESS,ALM,1,3.89033,4,INH2O,!WP1001!WP1002!WP1003!WP1006!WP1007!WP1014!hist14!CP1004,1
2026-07-17 12:10:50.7,1BFA_GSM_ALM,BFA_ALM4,MARK VIE A BFPT ALARM,,STA_5,LO CLR DISCHG TEMP OK,RTN,5,0,0,,!WP1001!WP1002!WP1003!WP1006!WP1007!WP1014!hist14!CP1011,1
2026-07-17 12:10:53.7,1PDF,SLPSL0001,PULV LOW SEAL AIR HDR DIFF PRESS,,LOABS,PULV LOW SEAL AIR HDR DIFF PRESS,RTN,1,4.03477,4,INH2O,!WP1001!WP1002!WP1003!WP1006!WP1007!WP1014!hist14!CP1004,1
2026-07-17 12:10:54.7,1BFA_GSM_ALM,BFA_ALM4,MARK VIE A BFPT ALARM,,STA_5,LO CLR DISCHG TEMP HIGH,ALM,5,0,0,,!WP1001!WP1002!WP1003!WP1006!WP1007!WP1014!hist14!CP1011,1
2026-07-17 12:10:56.7,1BFA_GSM_ALM,BFA_ALM4,MARK VIE A BFPT ALARM,,STA_5,LO CLR DISCHG TEMP OK,RTN,5,0,0,,!WP1001!WP1002!WP1003!WP1006!WP1007!WP1014!hist14!CP1011,1
2026-07-17 12:10:58.7,1PDF,SLPSL0001,PULV LOW SEAL AIR HDR DIFF PRESS,,LOABS,PULV LOW SEAL AIR HDR DIFF PRESS,ALM,1,3.98906,4,INH2O,!WP1001!WP1002!WP1003!WP1006!WP1007!WP1014!hist14!CP1004,1
2026-07-17 12:10:58.7,1BFA_GSM_ALM,BFA_ALM4,MARK VIE A BFPT ALARM,,STA_5,LO CLR DISCHG TEMP HIGH,ALM,5,0,0,,!WP1001!WP1002!WP1003!WP1006!WP1007!WP1014!hist14!CP1011,1
2026-07-17 12:11:00.7,1PDF,SLPSL0001,PULV LOW SEAL AIR HDR DIFF PRESS,,LOABS,PULV LOW SEAL AIR HDR DIFF PRESS,RTN,1,4.00957,4,INH2O,!WP1001!WP1002!WP1003!WP1006!WP1007!WP1014!hist14!CP1004,1
2026-07-17 12:11:01.7,1PDF,SLPSL0001,PULV LOW SEAL AIR HDR DIFF PRESS,,LOABS,PULV LOW SEAL AIR HDR DIFF PRESS,ALM,1,3.95537,4,INH2O,!WP1001!WP1002!WP1003!WP1006!WP1007!WP1014!hist14!CP1004,1
2026-07-17 12:11:02.7,1BFA_GSM_ALM,BFA_ALM4,MARK VIE A BFPT ALARM,,STA_5,LO CLR DISCHG TEMP OK,RTN,5,0,0,,!WP1001!WP1002!WP1003!WP1006!WP1007!WP1014!hist14!CP1011,1
2026-07-17 12:11:06.7,1PDF,SLPSL0001,PULV LOW SEAL AIR HDR DIFF PRESS,,LOABS,PULV LOW SEAL AIR HDR DIFF PRESS,RTN,1,4.05088,4,INH2O,!WP1001!WP1002!WP1003!WP1006!WP1007!WP1014!hist14!CP1004,1
2026-07-17 12:11:07.7,1PDF,SLPSL0001,PULV LOW SEAL AIR HDR DIFF PRESS,,LOABS,PULV LOW SEAL AIR HDR DIFF PRESS,ALM,1,3.95039,4,INH2O,!WP1001!WP1002!WP1003!WP1006!WP1007!WP1014!hist14!CP1004,1
2026-07-17 12:11:08.7,1PDF,SLPSL0001,PULV LOW SEAL AIR HDR DIFF PRESS,,LOABS,PULV LOW SEAL AIR HDR DIFF PRESS,RTN,1,4.0207,4,INH2O,!WP1001!WP1002!WP1003!WP1006!WP1007!WP1014!hist14!CP1004,1
2026-07-17 12:11:08.7,1BFA_GSM_ALM,BFA_ALM4,MARK VIE A BFPT ALARM,,STA_5,LO CLR DISCHG TEMP HIGH,ALM,5,0,0,,!WP1001!WP1002!WP1003!WP1006!WP1007!WP1014!hist14!CP1011,1
2026-07-17 12:11:13.2,1BFA_GSM_ALM,BFA_ALM4,MARK VIE A BFPT ALARM,,STA_5,LO CLR DISCHG TEMP OK,RTN,5,0,0,,!WP1001!WP1002!WP1003!WP1006!WP1007!WP1014!hist14!CP1011,1
2026-07-17 12:11:14.7,1BFA_GSM_ALM,BFA_ALM4,MARK VIE A BFPT ALARM,,STA_5,LO CLR DISCHG TEMP HIGH,ALM,5,0,0,,!WP1001!WP1002!WP1003!WP1006!WP1007!WP1014!hist14!CP1011,1
2026-07-17 12:11:16.7,1BFA_GSM_ALM,BFA_ALM4,MARK VIE A BFPT ALARM,,STA_5,LO CLR DISCHG TEMP OK,RTN,5,0,0,,!WP1001!WP1002!WP1003!WP1006!WP1007!WP1014!hist14!CP1011,1
2026-07-17 12:11:18.7,1BFA_GSM_ALM,BFA_ALM4,MARK VIE A BFPT ALARM,,STA_5,LO CLR DISCHG TEMP HIGH,ALM,5,0,0,,!WP1001!WP1002!WP1003!WP1006!WP1007!WP1014!hist14!CP1011,1
2026-07-17 12:11:20.7,1BFA_GSM_ALM,BFA_ALM4,MARK VIE A BFPT ALARM,,STA_5,LO CLR DISCHG TEMP OK,RTN,5,0,0,,!WP1001!WP1002!WP1003!WP1006!WP1007!WP1014!hist14!CP1011,1
2026-07-17 12:11:26.7,1BFA_GSM_ALM,BFA_ALM4,MARK VIE A BFPT ALARM,,STA_5,LO CLR DISCHG TEMP HIGH,ALM,5,0,0,,!WP1001!WP1002!WP1003!WP1006!WP1007!WP1014!hist14!CP1011,1
2026-07-17 12:11:28.7,1BFA_GSM_ALM,BFA_ALM4,MARK VIE A BFPT ALARM,,STA_5,LO CLR DISCHG TEMP OK,RTN,5,0,0,,!WP1001!WP1002!WP1003!WP1006!WP1007!WP1014!hist14!CP1011,1
2026-07-17 12:11:30.7,1BFA_GSM_ALM,BFA_ALM4,MARK VIE A BFPT ALARM,,STA_5,LO CLR DISCHG TEMP HIGH,ALM,5,0,0,,!WP1001!WP1002!WP1003!WP1006!WP1007!WP1014!hist14!CP1011,1
2026-07-17 12:11:32.7,1BFA_GSM_ALM,BFA_ALM4,MARK VIE A BFPT ALARM,,STA_5,LO CLR DISCHG TEMP OK,RTN,5,0,0,,!WP1001!WP1002!WP1003!WP1006!WP1007!WP1014!hist14!CP1011,1
2026-07-17 12:11:35.2,1BFA_GSM_ALM,BFA_ALM4,MARK VIE A BFPT ALARM,,STA_5,LO CLR DISCHG TEMP HIGH,ALM,5,0,0,,!WP1001!WP1002!WP1003!WP1006!WP1007!WP1014!hist14!CP1011,1
2026-07-17 12:11:37.2,1BFA_GSM_ALM,BFA_ALM4,MARK VIE A BFPT ALARM,,STA_5,LO CLR DISCHG TEMP OK,RTN,5,0,0,,!WP1001!WP1002!WP1003!WP1006!WP1007!WP1014!hist14!CP1011,1
2026-07-17 12:11:44.7,1BFA_GSM_ALM,BFA_ALM4,MARK VIE A BFPT ALARM,,STA_5,LO CLR DISCHG TEMP HIGH,ALM,5,0,0,,!WP1001!WP1002!WP1003!WP1006!WP1007!WP1014!hist14!CP1011,1
2026-07-17 12:11:46.7,1BFA_GSM_ALM,BFA_ALM4,MARK VIE A BFPT ALARM,,STA_5,LO CLR DISCHG TEMP OK,RTN,5,0,0,,!WP1001!WP1002!WP1003!WP1006!WP1007!WP1014!hist14!CP1011,1
2026-07-17 12:11:48.7,1BFA_GSM_ALM,BFA_ALM4,MARK VIE A BFPT ALARM,,STA_5,LO CLR DISCHG TEMP HIGH,ALM,5,0,0,,!WP1001!WP1002!WP1003!WP1006!WP1007!WP1014!hist14!CP1011,1
2026-07-17 12:11:50.7,1BFA_GSM_ALM,BFA_ALM4,MARK VIE A BFPT ALARM,,STA_5,LO CLR DISCHG TEMP OK,RTN,5,0,0,,!WP1001!WP1002!WP1003!WP1006!WP1007!WP1014!hist14!CP1011,1
2026-07-17 12:11:52.7,1BFA_GSM_ALM,BFA_ALM4,MARK VIE A BFPT ALARM,,STA_5,LO CLR DISCHG TEMP HIGH,ALM,5,0,0,,!WP1001!WP1002!WP1003!WP1006!WP1007!WP1014!hist14!CP1011,1
2026-07-17 12:11:54.7,1BFA_GSM_ALM,BFA_ALM4,MARK VIE A BFPT ALARM,,STA_5,LO CLR DISCHG TEMP OK,RTN,5,0,0,,!WP1001!WP1002!WP1003!WP1006!WP1007!WP1014!hist14!CP1011,1
2026-07-17 12:12:01.2,1BFA_GSM_ALM,BFA_ALM4,MARK VIE A BFPT ALARM,,STA_5,LO CLR DISCHG TEMP HIGH,ALM,5,0,0,,!WP1001!WP1002!WP1003!WP1006!WP1007!WP1014!hist14!CP1011,1
2026-07-17 12:12:03.2,1BFA_GSM_ALM,BFA_ALM4,MARK VIE A BFPT ALARM,,STA_5,LO CLR DISCHG TEMP OK,RTN,5,0,0,,!WP1001!WP1002!WP1003!WP1006!WP1007!WP1014!hist14!CP1011,1
2026-07-17 12:12:04.7,1BFA_GSM_ALM,BFA_ALM4,MARK VIE A BFPT ALARM,,STA_5,LO CLR DISCHG TEMP HIGH,ALM,5,0,0,,!WP1001!WP1002!WP1003!WP1006!WP1007!WP1014!hist14!CP1011,1
2026-07-17 12:12:06.7,1BFA_GSM_ALM,BFA_ALM4,MARK VIE A BFPT ALARM,,STA_5,LO CLR DISCHG TEMP OK,RTN,5,0,0,,!WP1001!WP1002!WP1003!WP1006!WP1007!WP1014!hist14!CP1011,1
2026-07-17 12:12:24.7,1BFA_GSM_ALM,BFA_ALM4,MARK VIE A BFPT ALARM,,STA_5,LO CLR DISCHG TEMP HIGH,ALM,5,0,0,,!WP1001!WP1002!WP1003!WP1006!WP1007!WP1014!hist14!CP1011,1
2026-07-17 12:12:27.2,1BFA_GSM_ALM,BFA_ALM4,MARK VIE A BFPT ALARM,,STA_5,LO CLR DISCHG TEMP OK,RTN,5,0,0,,!WP1001!WP1002!WP1003!WP1006!WP1007!WP1014!hist14!CP1011,1
2026-07-17 12:12:30.7,1BFA_GSM_ALM,BFA_ALM4,MARK VIE A BFPT ALARM,,STA_5,LO CLR DISCHG TEMP HIGH,ALM,5,0,0,,!WP1001!WP1002!WP1003!WP1006!WP1007!WP1014!hist14!CP1011,1
2026-07-17 12:12:36.7,1BFA_GSM_ALM,BFA_ALM4,MARK VIE A BFPT ALARM,,STA_5,LO CLR DISCHG TEMP OK,RTN,5,0,0,,!WP1001!WP1002!WP1003!WP1006!WP1007!WP1014!hist14!CP1011,1
2026-07-17 12:12:42.7,1BFA_GSM_ALM,BFA_ALM4,MARK VIE A BFPT ALARM,,STA_5,LO CLR DISCHG TEMP HIGH,ALM,5,0,0,,!WP1001!WP1002!WP1003!WP1006!WP1007!WP1014!hist14!CP1011,1
2026-07-17 12:12:44.7,1BFA_GSM_ALM,BFA_ALM4,MARK VIE A BFPT ALARM,,STA_5,LO CLR DISCHG TEMP OK,RTN,5,0,0,,!WP1001!WP1002!WP1003!WP1006!WP1007!WP1014!hist14!CP1011,1
2026-07-17 12:13:12.7,1BFA_GSM_ALM,BFA_ALM4,MARK VIE A BFPT ALARM,,STA_5,LO CLR DISCHG TEMP HIGH,ALM,5,0,0,,!WP1001!WP1002!WP1003!WP1006!WP1007!WP1014!hist14!CP1011,1
2026-07-17 12:13:14.7,1BFA_GSM_ALM,BFA_ALM4,MARK VIE A BFPT ALARM,,STA_5,LO CLR DISCHG TEMP OK,RTN,5,0,0,,!WP1001!WP1002!WP1003!WP1006!WP1007!WP1014!hist14!CP1011,1
2026-07-17 12:13:39.0,1TC,B21,DROOP ACTIVE,DROOP,STATE,ACTIVE,ALM,5,,,,!hist14!CP1001,2
2026-07-17 12:13:45.7,1PDF,SLPSL0001,PULV LOW SEAL AIR HDR DIFF PRESS,,LOABS,PULV LOW SEAL AIR HDR DIFF PRESS,ALM,1,3.97852,4,INH2O,!WP1001!WP1002!WP1003!WP1006!WP1007!WP1014!hist14!CP1004,1
2026-07-17 12:13:46.7,1PDF,SLPSL0001,PULV LOW SEAL AIR HDR DIFF PRESS,,LOABS,PULV LOW SEAL AIR HDR DIFF PRESS,RTN,1,4.06611,4,INH2O,!WP1001!WP1002!WP1003!WP1006!WP1007!WP1014!hist14!CP1004,1
2026-07-17 12:14:03.7,1PDF,SLPSL0001,PULV LOW SEAL AIR HDR DIFF PRESS,,LOABS,PULV LOW SEAL AIR HDR DIFF PRESS,ALM,1,3.97939,4,INH2O,!WP1001!WP1002!WP1003!WP1006!WP1007!WP1014!hist14!CP1004,1
2026-07-17 12:14:06.7,1PDF,SLPSL0001,PULV LOW SEAL AIR HDR DIFF PRESS,,LOABS,PULV LOW SEAL AIR HDR DIFF PRESS,RTN,1,4.02334,4,INH2O,!WP1001!WP1002!WP1003!WP1006!WP1007!WP1014!hist14!CP1004,1
2026-07-17 12:14:10.7,1PDF,SLPSL0001,PULV LOW SEAL AIR HDR DIFF PRESS,,LOABS,PULV LOW SEAL AIR HDR DIFF PRESS,ALM,1,3.95947,4,INH2O,!WP1001!WP1002!WP1003!WP1006!WP1007!WP1014!hist14!CP1004,1
2026-07-17 12:14:11.2,1BFA_GSM_ALM,BFA_ALM4,MARK VIE A BFPT ALARM,,STA_5,LO CLR DISCHG TEMP HIGH,ALM,5,0,0,,!WP1001!WP1002!WP1003!WP1006!WP1007!WP1014!hist14!CP1011,1
2026-07-17 12:14:13.2,1BFA_GSM_ALM,BFA_ALM4,MARK VIE A BFPT ALARM,,STA_5,LO CLR DISCHG TEMP OK,RTN,5,0,0,,!WP1001!WP1002!WP1003!WP1006!WP1007!WP1014!hist14!CP1011,1
2026-07-17 12:14:24.7,1PDF,SLPSL0001,PULV LOW SEAL AIR HDR DIFF PRESS,,LOABS,PULV LOW SEAL AIR HDR DIFF PRESS,RTN,1,4.00752,4,INH2O,!WP1001!WP1002!WP1003!WP1006!WP1007!WP1014!hist14!CP1004,1
2026-07-17 12:14:25.7,1PDF,SLPSL0001,PULV LOW SEAL AIR HDR DIFF PRESS,,LOABS,PULV LOW SEAL AIR HDR DIFF PRESS,ALM,1,3.99668,4,INH2O,!WP1001!WP1002!WP1003!WP1006!WP1007!WP1014!hist14!CP1004,1
2026-07-17 12:14:28.7,1PDF,SLPSL0001,PULV LOW SEAL AIR HDR DIFF PRESS,,LOABS,PULV LOW SEAL AIR HDR DIFF PRESS,RTN,1,4.04883,4,INH2O,!WP1001!WP1002!WP1003!WP1006!WP1007!WP1014!hist14!CP1004,1
2026-07-17 12:14:29.7,1PDF,SLPSL0001,PULV LOW SEAL AIR HDR DIFF PRESS,,LOABS,PULV LOW SEAL AIR HDR DIFF PRESS,ALM,1,3.96885,4,INH2O,!WP1001!WP1002!WP1003!WP1006!WP1007!WP1014!hist14!CP1004,1
2026-07-17 12:14:30.7,1PDF,SLPSL0001,PULV LOW SEAL AIR HDR DIFF PRESS,,LOABS,PULV LOW SEAL AIR HDR DIFF PRESS,RTN,1,4.04766,4,INH2O,!WP1001!WP1002!WP1003!WP1006!WP1007!WP1014!hist14!CP1004,1
2026-07-17 12:14:34.7,1BFA_GSM_ALM,BFA_ALM4,MARK VIE A BFPT ALARM,,STA_5,LO CLR DISCHG TEMP HIGH,ALM,5,0,0,,!WP1001!WP1002!WP1003!WP1006!WP1007!WP1014!hist14!CP1011,1
2026-07-17 12:14:37.2,1BFA_GSM_ALM,BFA_ALM4,MARK VIE A BFPT ALARM,,STA_5,LO CLR DISCHG TEMP OK,RTN,5,0,0,,!WP1001!WP1002!WP1003!WP1006!WP1007!WP1014!hist14!CP1011,1
2026-07-17 12:14:44.7,1PDF,SLPSL0001,PULV LOW SEAL AIR HDR DIFF PRESS,,LOABS,PULV LOW SEAL AIR HDR DIFF PRESS,ALM,1,3.99023,4,INH2O,!WP1001!WP1002!WP1003!WP1006!WP1007!WP1014!hist14!CP1004,1
2026-07-17 12:14:47.7,1PDF,SLPSL0001,PULV LOW SEAL AIR HDR DIFF PRESS,,LOABS,PULV LOW SEAL AIR HDR DIFF PRESS,RTN,1,4.04268,4,INH2O,!WP1001!WP1002!WP1003!WP1006!WP1007!WP1014!hist14!CP1004,1
2026-07-17 12:14:52.7,1PDF,SLPSL0001,PULV LOW SEAL AIR HDR DIFF PRESS,,LOABS,PULV LOW SEAL AIR HDR DIFF PRESS,ALM,1,3.9583,4,INH2O,!WP1001!WP1002!WP1003!WP1006!WP1007!WP1014!hist14!CP1004,1
2026-07-17 12:14:59.7,1PDF,SLPSL0001,PULV LOW SEAL AIR HDR DIFF PRESS,,LOABS,PULV LOW SEAL AIR HDR DIFF PRESS,RTN,1,4.04824,4,INH2O,!WP1001!WP1002!WP1003!WP1006!WP1007!WP1014!hist14!CP1004,1
2026-07-17 12:15:00.7,1PDF,SLPSL0001,PULV LOW SEAL AIR HDR DIFF PRESS,,LOABS,PULV LOW SEAL AIR HDR DIFF PRESS,ALM,1,3.95156,4,INH2O,!WP1001!WP1002!WP1003!WP1006!WP1007!WP1014!hist14!CP1004,1
2026-07-17 12:15:14.7,1PDF,SLPSL0001,PULV LOW SEAL AIR HDR DIFF PRESS,,LOABS,PULV LOW SEAL AIR HDR DIFF PRESS,RTN,1,4.03066,4,INH2O,!WP1001!WP1002!WP1003!WP1006!WP1007!WP1014!hist14!CP1004,1
2026-07-17 12:15:15.7,1PDF,SLPSL0001,PULV LOW SEAL AIR HDR DIFF PRESS,,LOABS,PULV LOW SEAL AIR HDR DIFF PRESS,ALM,1,3.93984,4,INH2O,!WP1001!WP1002!WP1003!WP1006!WP1007!WP1014!hist14!CP1004,1
2026-07-17 12:15:16.7,1PDF,SLPSL0001,PULV LOW SEAL AIR HDR DIFF PRESS,,LOABS,PULV LOW SEAL AIR HDR DIFF PRESS,RTN,1,4.07022,4,INH2O,!WP1001!WP1002!WP1003!WP1006!WP1007!WP1014!hist14!CP1004,1
2026-07-17 12:15:17.7,1PDF,SLPSL0001,PULV LOW SEAL AIR HDR DIFF PRESS,,LOABS,PULV LOW SEAL AIR HDR DIFF PRESS,ALM,1,3.92432,4,INH2O,!WP1001!WP1002!WP1003!WP1006!WP1007!WP1014!hist14!CP1004,1
2026-07-17 12:15:18.7,1PDF,SLPSL0001,PULV LOW SEAL AIR HDR DIFF PRESS,,LOABS,PULV LOW SEAL AIR HDR DIFF PRESS,RTN,1,4.0418,4,INH2O,!WP1001!WP1002!WP1003!WP1006!WP1007!WP1014!hist14!CP1004,1
2026-07-17 12:15:19.7,1PDF,SLPSL0001,PULV LOW SEAL AIR HDR DIFF PRESS,,LOABS,PULV LOW SEAL AIR HDR DIFF PRESS,ALM,1,3.96357,4,INH2O,!WP1001!WP1002!WP1003!WP1006!WP1007!WP1014!hist14!CP1004,1
2026-07-17 12:15:20.7,1PDF,SLPSL0001,PULV LOW SEAL AIR HDR DIFF PRESS,,LOABS,PULV LOW SEAL AIR HDR DIFF PRESS,RTN,1,4.03037,4,INH2O,!WP1001!WP1002!WP1003!WP1006!WP1007!WP1014!hist14!CP1004,1
2026-07-17 12:15:36.7,1BFA_GSM_ALM,BFA_ALM4,MARK VIE A BFPT ALARM,,STA_5,LO CLR DISCHG TEMP HIGH,ALM,5,0,0,,!WP1001!WP1002!WP1003!WP1006!WP1007!WP1014!hist14!CP1011,1
2026-07-17 12:15:38.7,1BFA_GSM_ALM,BFA_ALM4,MARK VIE A BFPT ALARM,,STA_5,LO CLR DISCHG TEMP OK,RTN,5,0,0,,!WP1001!WP1002!WP1003!WP1006!WP1007!WP1014!hist14!CP1011,1
2026-07-17 12:15:46.7,1PDF,SLPSL0001,PULV LOW SEAL AIR HDR DIFF PRESS,,LOABS,PULV LOW SEAL AIR HDR DIFF PRESS,ALM,1,3.98174,4,INH2O,!WP1001!WP1002!WP1003!WP1006!WP1007!WP1014!hist14!CP1004,1
2026-07-17 12:15:48.7,1PDF,SLPSL0001,PULV LOW SEAL AIR HDR DIFF PRESS,,LOABS,PULV LOW SEAL AIR HDR DIFF PRESS,RTN,1,4.02305,4,INH2O,!WP1001!WP1002!WP1003!WP1006!WP1007!WP1014!hist14!CP1004,1
2026-07-17 12:15:49.7,1PDF,SLPSL0001,PULV LOW SEAL AIR HDR DIFF PRESS,,LOABS,PULV LOW SEAL AIR HDR DIFF PRESS,ALM,1,3.95713,4,INH2O,!WP1001!WP1002!WP1003!WP1006!WP1007!WP1014!hist14!CP1004,1
2026-07-17 12:16:13.7,1PDF,SLPSL0001,PULV LOW SEAL AIR HDR DIFF PRESS,,LOABS,PULV LOW SEAL AIR HDR DIFF PRESS,RTN,1,4.05381,4,INH2O,!WP1001!WP1002!WP1003!WP1006!WP1007!WP1014!hist14!CP1004,1
2026-07-17 12:16:14.7,1PDF,SLPSL0001,PULV LOW SEAL AIR HDR DIFF PRESS,,LOABS,PULV LOW SEAL AIR HDR DIFF PRESS,ALM,1,3.92344,4,INH2O,!WP1001!WP1002!WP1003!WP1006!WP1007!WP1014!hist14!CP1004,1
2026-07-17 12:16:16.0,1TC,B21,DROOP ACTIVE,DROOP,STATE,NORMAL,RTN,5,,,,!hist14!CP1001,2
2026-07-17 12:16:23.7,1PDF,SLPSL0001,PULV LOW SEAL AIR HDR DIFF PRESS,,LOABS,PULV LOW SEAL AIR HDR DIFF PRESS,RTN,1,4.02773,4,INH2O,!WP1001!WP1002!WP1003!WP1006!WP1007!WP1014!hist14!CP1004,1
2026-07-17 12:16:25.7,1PDF,SLPSL0001,PULV LOW SEAL AIR HDR DIFF PRESS,,LOABS,PULV LOW SEAL AIR HDR DIFF PRESS,ALM,1,3.95654,4,INH2O,!WP1001!WP1002!WP1003!WP1006!WP1007!WP1014!hist14!CP1004,1
2026-07-17 12:16:30.7,1PDF,SLPSL0001,PULV LOW SEAL AIR HDR DIFF PRESS,,LOABS,PULV LOW SEAL AIR HDR DIFF PRESS,RTN,1,4.01865,4,INH2O,!WP1001!WP1002!WP1003!WP1006!WP1007!WP1014!hist14!CP1004,1
2026-07-17 12:16:35.7,1PDF,SLPSL0001,PULV LOW SEAL AIR HDR DIFF PRESS,,LOABS,PULV LOW SEAL AIR HDR DIFF PRESS,ALM,1,3.98613,4,INH2O,!WP1001!WP1002!WP1003!WP1006!WP1007!WP1014!hist14!CP1004,1
2026-07-17 12:16:36.7,1PDF,SLPSL0001,PULV LOW SEAL AIR HDR DIFF PRESS,,LOABS,PULV LOW SEAL AIR HDR DIFF PRESS,RTN,1,4.02773,4,INH2O,!WP1001!WP1002!WP1003!WP1006!WP1007!WP1014!hist14!CP1004,1
2026-07-17 12:16:37.7,1PDF,SLPSL0001,PULV LOW SEAL AIR HDR DIFF PRESS,,LOABS,PULV LOW SEAL AIR HDR DIFF PRESS,ALM,1,3.94453,4,INH2O,!WP1001!WP1002!WP1003!WP1006!WP1007!WP1014!hist14!CP1004,1
2026-07-17 12:16:38.7,1PDF,SLPSL0001,PULV LOW SEAL AIR HDR DIFF PRESS,,LOABS,PULV LOW SEAL AIR HDR DIFF PRESS,RTN,1,4.08604,4,INH2O,!WP1001!WP1002!WP1003!WP1006!WP1007!WP1014!hist14!CP1004,1
2026-07-17 12:16:39.7,1PDF,SLPSL0001,PULV LOW SEAL AIR HDR DIFF PRESS,,LOABS,PULV LOW SEAL AIR HDR DIFF PRESS,ALM,1,3.96855,4,INH2O,!WP1001!WP1002!WP1003!WP1006!WP1007!WP1014!hist14!CP1004,1
2026-07-17 12:16:40.7,1PDF,SLPSL0001,PULV LOW SEAL AIR HDR DIFF PRESS,,LOABS,PULV LOW SEAL AIR HDR DIFF PRESS,RTN,1,4.00635,4,INH2O,!WP1001!WP1002!WP1003!WP1006!WP1007!WP1014!hist14!CP1004,1
2026-07-17 12:16:41.7,1PDF,SLPSL0001,PULV LOW SEAL AIR HDR DIFF PRESS,,LOABS,PULV LOW SEAL AIR HDR DIFF PRESS,ALM,1,3.9082,4,INH2O,!WP1001!WP1002!WP1003!WP1006!WP1007!WP1014!hist14!CP1004,1
2026-07-17 12:17:09.7,1PDF,SLPSL0001,PULV LOW SEAL AIR HDR DIFF PRESS,,LOABS,PULV LOW SEAL AIR HDR DIFF PRESS,RTN,1,4.04268,4,INH2O,!WP1001!WP1002!WP1003!WP1006!WP1007!WP1014!hist14!CP1004,1
2026-07-17 12:17:34.7,1PDF,SLPSL0001,PULV LOW SEAL AIR HDR DIFF PRESS,,LOABS,PULV LOW SEAL AIR HDR DIFF PRESS,ALM,1,3.97383,4,INH2O,!WP1001!WP1002!WP1003!WP1006!WP1007!WP1014!hist14!CP1004,1
2026-07-17 12:17:35.7,1PDF,SLPSL0001,PULV LOW SEAL AIR HDR DIFF PRESS,,LOABS,PULV LOW SEAL AIR HDR DIFF PRESS,RTN,1,4.11914,4,INH2O,!WP1001!WP1002!WP1003!WP1006!WP1007!WP1014!hist14!CP1004,1
2026-07-17 12:17:38.7,1PDF,SLPSL0001,PULV LOW SEAL AIR HDR DIFF PRESS,,LOABS,PULV LOW SEAL AIR HDR DIFF PRESS,ALM,1,3.94365,4,INH2O,!WP1001!WP1002!WP1003!WP1006!WP1007!WP1014!hist14!CP1004,1
2026-07-17 12:17:39.7,1PDF,SLPSL0001,PULV LOW SEAL AIR HDR DIFF PRESS,,LOABS,PULV LOW SEAL AIR HDR DIFF PRESS,RTN,1,4.01836,4,INH2O,!WP1001!WP1002!WP1003!WP1006!WP1007!WP1014!hist14!CP1004,1
2026-07-17 12:17:40.7,1PDF,SLPSL0001,PULV LOW SEAL AIR HDR DIFF PRESS,,LOABS,PULV LOW SEAL AIR HDR DIFF PRESS,ALM,1,3.91963,4,INH2O,!WP1001!WP1002!WP1003!WP1006!WP1007!WP1014!hist14!CP1004,1
2026-07-17 12:17:43.7,1PDF,SLPSL0001,PULV LOW SEAL AIR HDR DIFF PRESS,,LOABS,PULV LOW SEAL AIR HDR DIFF PRESS,RTN,1,4.09688,4,INH2O,!WP1001!WP1002!WP1003!WP1006!WP1007!WP1014!hist14!CP1004,1
2026-07-17 12:19:26.7,1BFA_GSM_ALM,BFA_ALM4,MARK VIE A BFPT ALARM,,STA_5,LO CLR DISCHG TEMP HIGH,ALM,5,0,0,,!WP1001!WP1002!WP1003!WP1006!WP1007!WP1014!hist14!CP1011,1
2026-07-17 12:19:28.7,1BFA_GSM_ALM,BFA_ALM4,MARK VIE A BFPT ALARM,,STA_5,LO CLR DISCHG TEMP OK,RTN,5,0,0,,!WP1001!WP1002!WP1003!WP1006!WP1007!WP1014!hist14!CP1011,1
2026-07-17 12:20:04.0,1TC,B21,DROOP ACTIVE,DROOP,STATE,ACTIVE,ALM,5,,,,!hist14!CP1001,2
2026-07-17 12:20:08.0,1GS_A,BLEED_FAIL,BLEED SYSTEM A FAILURE,,STATE,BLEED SYSTEM A EQUIPMENT FAILURE,ALM,3,,,,!WP1001!WP1002!WP1003!WP1006!WP1007!WP1014!hist14!CP1017,1
2026-07-17 12:20:13.3,1FG_A,ZSH5601A,BF A BLADE PITCH,,HIABS,BLADE PITCH ALARM,ALM,3,70.043,70,%,!WP1001!WP1002!WP1003!WP1006!WP1007!WP1014!hist14!CP1015,1
2026-07-17 12:20:15.3,1FG_B,ZSH5701A,BF B BLADE PITCH,,HIABS,BLADE PITCH ALARM,ALM,3,70.0957,70,%,!WP1001!WP1002!WP1003!WP1006!WP1007!WP1014!hist14!CP1015,1
2026-07-17 12:20:45.8,1SEAL_AIR,PDI5735_ALM,BF B OUT DMPR SEAL CAV D/P LOW,,STATE,DP ALARM ACTIVE,ALM,3,,,,!WP1001!WP1002!WP1003!WP1006!WP1007!WP1014!hist14!CP1015,1
2026-07-17 12:20:54.5,1TC,B21,DROOP ACTIVE,DROOP,STATE,NORMAL,RTN,5,,,,!hist14!CP1001,2
2026-07-17 12:21:14.7,1PDF,SLPSL0001,PULV LOW SEAL AIR HDR DIFF PRESS,,LOABS,PULV LOW SEAL AIR HDR DIFF PRESS,ALM,1,3.99346,4,INH2O,!WP1001!WP1002!WP1003!WP1006!WP1007!WP1014!hist14!CP1004,1
2026-07-17 12:21:15.7,1PDF,SLPSL0001,PULV LOW SEAL AIR HDR DIFF PRESS,,LOABS,PULV LOW SEAL AIR HDR DIFF PRESS,RTN,1,4.02861,4,INH2O,!WP1001!WP1002!WP1003!WP1006!WP1007!WP1014!hist14!CP1004,1
2026-07-17 12:21:19.7,1PDF,SLPSL0001,PULV LOW SEAL AIR HDR DIFF PRESS,,LOABS,PULV LOW SEAL AIR HDR DIFF PRESS,ALM,1,3.94805,4,INH2O,!WP1001!WP1002!WP1003!WP1006!WP1007!WP1014!hist14!CP1004,1
2026-07-17 12:21:20.7,1PDF,SLPSL0001,PULV LOW SEAL AIR HDR DIFF PRESS,,LOABS,PULV LOW SEAL AIR HDR DIFF PRESS,RTN,1,4.10596,4,INH2O,!WP1001!WP1002!WP1003!WP1006!WP1007!WP1014!hist14!CP1004,1
2026-07-17 12:21:29.7,1PDF,SLPSL0001,PULV LOW SEAL AIR HDR DIFF PRESS,,LOABS,PULV LOW SEAL AIR HDR DIFF PRESS,ALM,1,3.92051,4,INH2O,!WP1001!WP1002!WP1003!WP1006!WP1007!WP1014!hist14!CP1004,1
2026-07-17 12:21:53.3,1FG_B,ZSH5701A,BF B BLADE PITCH,,HIABS,BLADE PITCH ALARM,RTN,3,69.7715,70,%,!WP1001!WP1002!WP1003!WP1006!WP1007!WP1014!hist14!CP1015,1
2026-07-17 12:21:54.3,1FG_A,ZSH5601A,BF A BLADE PITCH,,HIABS,BLADE PITCH ALARM,RTN,3,69.8984,70,%,!WP1001!WP1002!WP1003!WP1006!WP1007!WP1014!hist14!CP1015,1
2026-07-17 12:22:10.7,1FUEL_SFTY,FPTX_ALM,DRAFT TRANSMITTER DEVIATION,,STATE,FURN DRAFT PRESS XMTR DEVIATION,ALM,5,,,,!WP1001!WP1002!WP1003!WP1006!WP1007!WP1014!hist14!CP1004,1
2026-07-17 12:22:16.3,1SEAL_AIR,PDI5735_ALM,BF B OUT DMPR SEAL CAV D/P LOW,,STATE,DP ALARM CLEAR,RTN,3,,,,!WP1001!WP1002!WP1003!WP1006!WP1007!WP1014!hist14!CP1015,1
2026-07-17 12:22:28.7,1FUEL_SFTY,FPTX_ALM,DRAFT TRANSMITTER DEVIATION,,STATE,NO DEVIATION,RTN,5,,,,!WP1001!WP1002!WP1003!WP1006!WP1007!WP1014!hist14!CP1004,1
2026-07-17 12:23:05.7,1PDF,SLPSL0001,PULV LOW SEAL AIR HDR DIFF PRESS,,LOABS,PULV LOW SEAL AIR HDR DIFF PRESS,RTN,1,4.03008,4,INH2O,!WP1001!WP1002!WP1003!WP1006!WP1007!WP1014!hist14!CP1004,1
2026-07-17 12:23:06.7,1PDF,SLPSL0001,PULV LOW SEAL AIR HDR DIFF PRESS,,LOABS,PULV LOW SEAL AIR HDR DIFF PRESS,ALM,1,3.98877,4,INH2O,!WP1001!WP1002!WP1003!WP1006!WP1007!WP1014!hist14!CP1004,1
2026-07-17 12:23:07.7,1PDF,SLPSL0001,PULV LOW SEAL AIR HDR DIFF PRESS,,LOABS,PULV LOW SEAL AIR HDR DIFF PRESS,RTN,1,4.16133,4,INH2O,!WP1001!WP1002!WP1003!WP1006!WP1007!WP1014!hist14!CP1004,1
2026-07-17 12:23:25.7,1PDF,SLPSL0001,PULV LOW SEAL AIR HDR DIFF PRESS,,LOABS,PULV LOW SEAL AIR HDR DIFF PRESS,ALM,1,3.99023,4,INH2O,!WP1001!WP1002!WP1003!WP1006!WP1007!WP1014!hist14!CP1004,1
2026-07-17 12:23:26.7,1PDF,SLPSL0001,PULV LOW SEAL AIR HDR DIFF PRESS,,LOABS,PULV LOW SEAL AIR HDR DIFF PRESS,RTN,1,4.04326,4,INH2O,!WP1001!WP1002!WP1003!WP1006!WP1007!WP1014!hist14!CP1004,1
2026-07-17 12:23:27.7,1PDF,SLPSL0001,PULV LOW SEAL AIR HDR DIFF PRESS,,LOABS,PULV LOW SEAL AIR HDR DIFF PRESS,ALM,1,3.95918,4,INH2O,!WP1001!WP1002!WP1003!WP1006!WP1007!WP1014!hist14!CP1004,1
2026-07-17 12:23:28.7,1PDF,SLPSL0001,PULV LOW SEAL AIR HDR DIFF PRESS,,LOABS,PULV LOW SEAL AIR HDR DIFF PRESS,RTN,1,4.10889,4,INH2O,!WP1001!WP1002!WP1003!WP1006!WP1007!WP1014!hist14!CP1004,1
2026-07-17 12:23:35.7,1PDF,SLPSL0001,PULV LOW SEAL AIR HDR DIFF PRESS,,LOABS,PULV LOW SEAL AIR HDR DIFF PRESS,ALM,1,3.9832,4,INH2O,!WP1001!WP1002!WP1003!WP1006!WP1007!WP1014!hist14!CP1004,1
2026-07-17 12:23:36.7,1PDF,SLPSL0001,PULV LOW SEAL AIR HDR DIFF PRESS,,LOABS,PULV LOW SEAL AIR HDR DIFF PRESS,RTN,1,4.08164,4,INH2O,!WP1001!WP1002!WP1003!WP1006!WP1007!WP1014!hist14!CP1004,1
2026-07-17 12:25:56.7,1PDF,SLPSL0001,PULV LOW SEAL AIR HDR DIFF PRESS,,LOABS,PULV LOW SEAL AIR HDR DIFF PRESS,ALM,1,3.95772,4,INH2O,!WP1001!WP1002!WP1003!WP1006!WP1007!WP1014!hist14!CP1004,1
2026-07-17 12:26:02.7,1PDF,SLPSL0001,PULV LOW SEAL AIR HDR DIFF PRESS,,LOABS,PULV LOW SEAL AIR HDR DIFF PRESS,RTN,1,4.03389,4,INH2O,!WP1001!WP1002!WP1003!WP1006!WP1007!WP1014!hist14!CP1004,1
2026-07-17 12:26:05.7,1PDF,SLPSL0001,PULV LOW SEAL AIR HDR DIFF PRESS,,LOABS,PULV LOW SEAL AIR HDR DIFF PRESS,ALM,1,3.94072,4,INH2O,!WP1001!WP1002!WP1003!WP1006!WP1007!WP1014!hist14!CP1004,1
2026-07-17 12:26:14.7,1PDF,SLPSL0001,PULV LOW SEAL AIR HDR DIFF PRESS,,LOABS,PULV LOW SEAL AIR HDR DIFF PRESS,RTN,1,4.01221,4,INH2O,!WP1001!WP1002!WP1003!WP1006!WP1007!WP1014!hist14!CP1004,1
2026-07-17 12:26:15.7,1PDF,SLPSL0001,PULV LOW SEAL AIR HDR DIFF PRESS,,LOABS,PULV LOW SEAL AIR HDR DIFF PRESS,ALM,1,3.90967,4,INH2O,!WP1001!WP1002!WP1003!WP1006!WP1007!WP1014!hist14!CP1004,1
2026-07-17 12:26:19.7,1PDF,SLPSL0001,PULV LOW SEAL AIR HDR DIFF PRESS,,LOABS,PULV LOW SEAL AIR HDR DIFF PRESS,RTN,1,4.01426,4,INH2O,!WP1001!WP1002!WP1003!WP1006!WP1007!WP1014!hist14!CP1004,1
2026-07-17 12:26:21.7,1PDF,SLPSL0001,PULV LOW SEAL AIR HDR DIFF PRESS,,LOABS,PULV LOW SEAL AIR HDR DIFF PRESS,ALM,1,3.93897,4,INH2O,!WP1001!WP1002!WP1003!WP1006!WP1007!WP1014!hist14!CP1004,1
2026-07-17 12:26:25.7,1PDF,SLPSL0001,PULV LOW SEAL AIR HDR DIFF PRESS,,LOABS,PULV LOW SEAL AIR HDR DIFF PRESS,RTN,1,4.01426,4,INH2O,!WP1001!WP1002!WP1003!WP1006!WP1007!WP1014!hist14!CP1004,1
2026-07-17 12:26:25.6,1BCS_7,IKTE3751,REHEAT TEMP RIGHT (REDUNDANT),,HIABS,HIGH,ALM,1,1012.19,1012.18,DEG.F,!WP1002!WP1006!WP1007!WP1001!WP1003!WP1014!hist14!CP1007,1
2026-07-17 12:26:28.7,1PDF,SLPSL0001,PULV LOW SEAL AIR HDR DIFF PRESS,,LOABS,PULV LOW SEAL AIR HDR DIFF PRESS,ALM,1,3.99756,4,INH2O,!WP1001!WP1002!WP1003!WP1006!WP1007!WP1014!hist14!CP1004,1
2026-07-17 12:26:29.7,1PDF,SLPSL0001,PULV LOW SEAL AIR HDR DIFF PRESS,,LOABS,PULV LOW SEAL AIR HDR DIFF PRESS,RTN,1,4.13467,4,INH2O,!WP1001!WP1002!WP1003!WP1006!WP1007!WP1014!hist14!CP1004,1
2026-07-17 12:26:32.7,1PDF,SLPSL0001,PULV LOW SEAL AIR HDR DIFF PRESS,,LOABS,PULV LOW SEAL AIR HDR DIFF PRESS,ALM,1,3.95332,4,INH2O,!WP1001!WP1002!WP1003!WP1006!WP1007!WP1014!hist14!CP1004,1
2026-07-17 12:26:33.7,1PDF,SLPSL0001,PULV LOW SEAL AIR HDR DIFF PRESS,,LOABS,PULV LOW SEAL AIR HDR DIFF PRESS,RTN,1,4.079,4,INH2O,!WP1001!WP1002!WP1003!WP1006!WP1007!WP1014!hist14!CP1004,1
2026-07-17 12:26:34.7,1PDF,SLPSL0001,PULV LOW SEAL AIR HDR DIFF PRESS,,LOABS,PULV LOW SEAL AIR HDR DIFF PRESS,ALM,1,3.99346,4,INH2O,!WP1001!WP1002!WP1003!WP1006!WP1007!WP1014!hist14!CP1004,1
2026-07-17 12:26:35.7,1PDF,SLPSL0001,PULV LOW SEAL AIR HDR DIFF PRESS,,LOABS,PULV LOW SEAL AIR HDR DIFF PRESS,RTN,1,4.09746,4,INH2O,!WP1001!WP1002!WP1003!WP1006!WP1007!WP1014!hist14!CP1004,1
2026-07-17 12:26:39.7,1PDF,SLPSL0001,PULV LOW SEAL AIR HDR DIFF PRESS,,LOABS,PULV LOW SEAL AIR HDR DIFF PRESS,ALM,1,3.94482,4,INH2O,!WP1001!WP1002!WP1003!WP1006!WP1007!WP1014!hist14!CP1004,1
2026-07-17 12:27:11.7,1FUEL_SFTY,FPTX_ALM,DRAFT TRANSMITTER DEVIATION,,STATE,FURN DRAFT PRESS XMTR DEVIATION,ALM,5,,,,!WP1001!WP1002!WP1003!WP1006!WP1007!WP1014!hist14!CP1004,1
2026-07-17 12:27:19.7,1FUEL_SFTY,FPTX_ALM,DRAFT TRANSMITTER DEVIATION,,STATE,NO DEVIATION,RTN,5,,,,!WP1001!WP1002!WP1003!WP1006!WP1007!WP1014!hist14!CP1004,1
2026-07-17 12:27:38.1,1BCS_7,IKTE3751,REHEAT TEMP RIGHT (REDUNDANT),,HIABS,HIGH,RTN,1,1007.12,1012.18,DEG.F,!WP1002!WP1006!WP1007!WP1001!WP1003!WP1014!hist14!CP1007,1
2026-07-17 12:27:59.7,1FUEL_SFTY,FPTX_ALM,DRAFT TRANSMITTER DEVIATION,,STATE,FURN DRAFT PRESS XMTR DEVIATION,ALM,5,,,,!WP1001!WP1002!WP1003!WP1006!WP1007!WP1014!hist14!CP1004,1
2026-07-17 12:28:06.7,1FUEL_SFTY,FPTX_ALM,DRAFT TRANSMITTER DEVIATION,,STATE,NO DEVIATION,RTN,5,,,,!WP1001!WP1002!WP1003!WP1006!WP1007!WP1014!hist14!CP1004,1
2026-07-17 12:28:18.7,1PDF,SLPSL0001,PULV LOW SEAL AIR HDR DIFF PRESS,,LOABS,PULV LOW SEAL AIR HDR DIFF PRESS,RTN,1,4.02158,4,INH2O,!WP1001!WP1002!WP1003!WP1006!WP1007!WP1014!hist14!CP1004,1
2026-07-17 12:28:19.7,1PDF,SLPSL0001,PULV LOW SEAL AIR HDR DIFF PRESS,,LOABS,PULV LOW SEAL AIR HDR DIFF PRESS,ALM,1,3.81592,4,INH2O,!WP1001!WP1002!WP1003!WP1006!WP1007!WP1014!hist14!CP1004,1
2026-07-17 12:28:41.7,1PDF,SLPSL0001,PULV LOW SEAL AIR HDR DIFF PRESS,,LOABS,PULV LOW SEAL AIR HDR DIFF PRESS,RTN,1,4.05029,4,INH2O,!WP1001!WP1002!WP1003!WP1006!WP1007!WP1014!hist14!CP1004,1
2026-07-17 12:28:42.7,1PDF,SLPSL0001,PULV LOW SEAL AIR HDR DIFF PRESS,,LOABS,PULV LOW SEAL AIR HDR DIFF PRESS,ALM,1,3.9791,4,INH2O,!WP1001!WP1002!WP1003!WP1006!WP1007!WP1014!hist14!CP1004,1
2026-07-17 12:28:50.7,1PDF,SLPSL0001,PULV LOW SEAL AIR HDR DIFF PRESS,,LOABS,PULV LOW SEAL AIR HDR DIFF PRESS,RTN,1,4.07285,4,INH2O,!WP1001!WP1002!WP1003!WP1006!WP1007!WP1014!hist14!CP1004,1
2026-07-17 12:28:53.7,1PDF,SLPSL0001,PULV LOW SEAL AIR HDR DIFF PRESS,,LOABS,PULV LOW SEAL AIR HDR DIFF PRESS,ALM,1,3.94365,4,INH2O,!WP1001!WP1002!WP1003!WP1006!WP1007!WP1014!hist14!CP1004,1
2026-07-17 12:28:56.7,1PDF,SLPSL0001,PULV LOW SEAL AIR HDR DIFF PRESS,,LOABS,PULV LOW SEAL AIR HDR DIFF PRESS,RTN,1,4.05234,4,INH2O,!WP1001!WP1002!WP1003!WP1006!WP1007!WP1014!hist14!CP1004,1
2026-07-17 12:29:24.0,1TC,B21,DROOP ACTIVE,DROOP,STATE,ACTIVE,ALM,5,,,,!hist14!CP1001,2
2026-07-17 12:29:53.0,1TC,B21,DROOP ACTIVE,DROOP,STATE,NORMAL,RTN,5,,,,!hist14!CP1001,2
2026-07-17 12:29:56.5,1TC,B21,DROOP ACTIVE,DROOP,STATE,NORMAL,RTN,5,,,,!hist14!CP1001,2
2026-07-17 12:29:56.0,1TC,B21,DROOP ACTIVE,DROOP,STATE,ACTIVE,ALM,5,,,,!hist14!CP1001,2
2026-07-17 12:29:59.5,1TC,B21,DROOP ACTIVE,DROOP,STATE,ACTIVE,ALM,5,,,,!hist14!CP1001,2
2026-07-17 12:30:05.4,1WB_DEV,AA_JJ_DEV,AUX AIR JJ ANY DEV,,STATE,NORMAL,RTN,5,,,INH2O,,0
2026-07-17 12:30:28.7,1PDF,SLPSL0001,PULV LOW SEAL AIR HDR DIFF PRESS,,LOABS,PULV LOW SEAL AIR HDR DIFF PRESS,ALM,1,3.97354,4,INH2O,!WP1001!WP1002!WP1003!WP1006!WP1007!WP1014!hist14!CP1004,1
2026-07-17 12:30:31.7,1PDF,SLPSL0001,PULV LOW SEAL AIR HDR DIFF PRESS,,LOABS,PULV LOW SEAL AIR HDR DIFF PRESS,RTN,1,4.01689,4,INH2O,!WP1001!WP1002!WP1003!WP1006!WP1007!WP1014!hist14!CP1004,1
2026-07-17 12:30:32.7,1PDF,SLPSL0001,PULV LOW SEAL AIR HDR DIFF PRESS,,LOABS,PULV LOW SEAL AIR HDR DIFF PRESS,ALM,1,3.94424,4,INH2O,!WP1001!WP1002!WP1003!WP1006!WP1007!WP1014!hist14!CP1004,1
2026-07-17 12:30:37.7,1PDF,SLPSL0001,PULV LOW SEAL AIR HDR DIFF PRESS,,LOABS,PULV LOW SEAL AIR HDR DIFF PRESS,RTN,1,4.02861,4,INH2O,!WP1001!WP1002!WP1003!WP1006!WP1007!WP1014!hist14!CP1004,1
2026-07-17 12:30:44.7,1PDF,SLPSL0001,PULV LOW SEAL AIR HDR DIFF PRESS,,LOABS,PULV LOW SEAL AIR HDR DIFF PRESS,ALM,1,3.90293,4,INH2O,!WP1001!WP1002!WP1003!WP1006!WP1007!WP1014!hist14!CP1004,1
2026-07-17 12:30:47.7,1PDF,SLPSL0001,PULV LOW SEAL AIR HDR DIFF PRESS,,LOABS,PULV LOW SEAL AIR HDR DIFF PRESS,RTN,1,4.02217,4,INH2O,!WP1001!WP1002!WP1003!WP1006!WP1007!WP1014!hist14!CP1004,1
2026-07-17 12:30:51.7,1PDF,SLPSL0001,PULV LOW SEAL AIR HDR DIFF PRESS,,LOABS,PULV LOW SEAL AIR HDR DIFF PRESS,ALM,1,3.93076,4,INH2O,!WP1001!WP1002!WP1003!WP1006!WP1007!WP1014!hist14!CP1004,1
2026-07-17 12:32:10.5,1AAIR,B16,WINDBOX/FURN DIFF PRESS,,LLABS,WINDBIX/FURN PRESS LOW,ALM,5,1.99111,2,INWC,!WP1001!WP1002!WP1003!WP1006!WP1007!WP1014!hist14!CP1001,1
2026-07-17 12:32:26.6,1SCR_B_PRESS,FGPDI5228B,SCR B CAT LAYER 4 DP,1SR114 PNT 4,HHABS,HI HI DP,ALM,1,1.70522,1.7,INH2O,!WP1001!WP1002!WP1003!WP1006!WP1007!WP1014!hist14!CP1016,1
2026-07-17 12:32:30.7,1PDF,SLPSL0001,PULV LOW SEAL AIR HDR DIFF PRESS,,LOABS,PULV LOW SEAL AIR HDR DIFF PRESS,RTN,1,4.0084,4,INH2O,!WP1001!WP1002!WP1003!WP1006!WP1007!WP1014!hist14!CP1004,1
2026-07-17 12:32:32.7,1PDF,SLPSL0001,PULV LOW SEAL AIR HDR DIFF PRESS,,LOABS,PULV LOW SEAL AIR HDR DIFF PRESS,ALM,1,3.94717,4,INH2O,!WP1001!WP1002!WP1003!WP1006!WP1007!WP1014!hist14!CP1004,1
2026-07-17 12:32:37.7,1PDF,SLPSL0001,PULV LOW SEAL AIR HDR DIFF PRESS,,LOABS,PULV LOW SEAL AIR HDR DIFF PRESS,RTN,1,4.05908,4,INH2O,!WP1001!WP1002!WP1003!WP1006!WP1007!WP1014!hist14!CP1004,1
2026-07-17 12:32:55.5,1GS_A,BLEED_FAIL,BLEED SYSTEM A FAILURE,,STATE,BLEED SYSTEM A NORMAL,RTN,3,,,,!WP1001!WP1002!WP1003!WP1006!WP1007!WP1014!hist14!CP1017,1
2026-07-17 12:33:32.0,1AAIR,B16,WINDBOX/FURN DIFF PRESS,,LLABS,WINDBIX/FURN PRESS LOW,RTN,5,2.51289,2,INWC,!WP1001!WP1002!WP1003!WP1006!WP1007!WP1014!hist14!CP1001,1
2026-07-17 12:34:11.0,1TC,B21,DROOP ACTIVE,DROOP,STATE,NORMAL,RTN,5,,,,!hist14!CP1001,2
2026-07-17 12:34:40.1,1SCR_B_PRESS,FGPDI5228B,SCR B CAT LAYER 4 DP,1SR114 PNT 4,HHABS,HI HI DP,RTN,1,1.19931,1.7,INH2O,!WP1001!WP1002!WP1003!WP1006!WP1007!WP1014!hist14!CP1016,1
2026-07-17 12:34:48.7,1PDF,SLPSL0001,PULV LOW SEAL AIR HDR DIFF PRESS,,LOABS,PULV LOW SEAL AIR HDR DIFF PRESS,ALM,1,3.98291,4,INH2O,!WP1001!WP1002!WP1003!WP1006!WP1007!WP1014!hist14!CP1004,1
2026-07-17 12:34:49.7,1PDF,SLPSL0001,PULV LOW SEAL AIR HDR DIFF PRESS,,LOABS,PULV LOW SEAL AIR HDR DIFF PRESS,RTN,1,4.14316,4,INH2O,!WP1001!WP1002!WP1003!WP1006!WP1007!WP1014!hist14!CP1004,1
2026-07-17 12:35:07.7,1PDF,SLPSL0001,PULV LOW SEAL AIR HDR DIFF PRESS,,LOABS,PULV LOW SEAL AIR HDR DIFF PRESS,ALM,1,3.99199,4,INH2O,!WP1001!WP1002!WP1003!WP1006!WP1007!WP1014!hist14!CP1004,1
2026-07-17 12:35:08.7,1PDF,SLPSL0001,PULV LOW SEAL AIR HDR DIFF PRESS,,LOABS,PULV LOW SEAL AIR HDR DIFF PRESS,RTN,1,4.06553,4,INH2O,!WP1001!WP1002!WP1003!WP1006!WP1007!WP1014!hist14!CP1004,1
2026-07-17 12:35:14.7,1PDF,SLPSL0001,PULV LOW SEAL AIR HDR DIFF PRESS,,LOABS,PULV LOW SEAL AIR HDR DIFF PRESS,ALM,1,3.95859,4,INH2O,!WP1001!WP1002!WP1003!WP1006!WP1007!WP1014!hist14!CP1004,1
2026-07-17 12:35:21.7,1PDF,SLPSL0001,PULV LOW SEAL AIR HDR DIFF PRESS,,LOABS,PULV LOW SEAL AIR HDR DIFF PRESS,RTN,1,4.04121,4,INH2O,!WP1001!WP1002!WP1003!WP1006!WP1007!WP1014!hist14!CP1004,1
2026-07-17 12:35:31.7,1PDF,SLPSL0001,PULV LOW SEAL AIR HDR DIFF PRESS,,LOABS,PULV LOW SEAL AIR HDR DIFF PRESS,ALM,1,3.98701,4,INH2O,!WP1001!WP1002!WP1003!WP1006!WP1007!WP1014!hist14!CP1004,1
2026-07-17 12:35:33.7,1PDF,SLPSL0001,PULV LOW SEAL AIR HDR DIFF PRESS,,LOABS,PULV LOW SEAL AIR HDR DIFF PRESS,RTN,1,4.13555,4,INH2O,!WP1001!WP1002!WP1003!WP1006!WP1007!WP1014!hist14!CP1004,1
2026-07-17 12:35:37.7,1PDF,SLPSL0001,PULV LOW SEAL AIR HDR DIFF PRESS,,LOABS,PULV LOW SEAL AIR HDR DIFF PRESS,ALM,1,3.99639,4,INH2O,!WP1001!WP1002!WP1003!WP1006!WP1007!WP1014!hist14!CP1004,1
2026-07-17 12:35:39.7,1PDF,SLPSL0001,PULV LOW SEAL AIR HDR DIFF PRESS,,LOABS,PULV LOW SEAL AIR HDR DIFF PRESS,RTN,1,4.01543,4,INH2O,!WP1001!WP1002!WP1003!WP1006!WP1007!WP1014!hist14!CP1004,1
2026-07-17 12:35:45.7,1PDF,SLPSL0001,PULV LOW SEAL AIR HDR DIFF PRESS,,LOABS,PULV LOW SEAL AIR HDR DIFF PRESS,ALM,1,3.89971,4,INH2O,!WP1001!WP1002!WP1003!WP1006!WP1007!WP1014!hist14!CP1004,1
2026-07-17 12:35:52.7,1PDF,SLPSL0001,PULV LOW SEAL AIR HDR DIFF PRESS,,LOABS,PULV LOW SEAL AIR HDR DIFF PRESS,RTN,1,4.04355,4,INH2O,!WP1001!WP1002!WP1003!WP1006!WP1007!WP1014!hist14!CP1004,1
2026-07-17 12:35:53.7,1PDF,SLPSL0001,PULV LOW SEAL AIR HDR DIFF PRESS,,LOABS,PULV LOW SEAL AIR HDR DIFF PRESS,ALM,1,3.96416,4,INH2O,!WP1001!WP1002!WP1003!WP1006!WP1007!WP1014!hist14!CP1004,1
2026-07-17 12:36:19.7,1PDF,SLPSL0001,PULV LOW SEAL AIR HDR DIFF PRESS,,LOABS,PULV LOW SEAL AIR HDR DIFF PRESS,RTN,1,4.00723,4,INH2O,!WP1001!WP1002!WP1003!WP1006!WP1007!WP1014!hist14!CP1004,1
2026-07-17 12:36:21.7,1PDF,SLPSL0001,PULV LOW SEAL AIR HDR DIFF PRESS,,LOABS,PULV LOW SEAL AIR HDR DIFF PRESS,ALM,1,3.92637,4,INH2O,!WP1001!WP1002!WP1003!WP1006!WP1007!WP1014!hist14!CP1004,1
2026-07-17 12:36:24.7,1PDF,SLPSL0001,PULV LOW SEAL AIR HDR DIFF PRESS,,LOABS,PULV LOW SEAL AIR HDR DIFF PRESS,RTN,1,4.08428,4,INH2O,!WP1001!WP1002!WP1003!WP1006!WP1007!WP1014!hist14!CP1004,1
2026-07-17 12:36:27.7,1PDF,SLPSL0001,PULV LOW SEAL AIR HDR DIFF PRESS,,LOABS,PULV LOW SEAL AIR HDR DIFF PRESS,ALM,1,3.98936,4,INH2O,!WP1001!WP1002!WP1003!WP1006!WP1007!WP1014!hist14!CP1004,1
2026-07-17 12:36:28.7,1PDF,SLPSL0001,PULV LOW SEAL AIR HDR DIFF PRESS,,LOABS,PULV LOW SEAL AIR HDR DIFF PRESS,RTN,1,4.01426,4,INH2O,!WP1001!WP1002!WP1003!WP1006!WP1007!WP1014!hist14!CP1004,1
2026-07-17 12:36:29.7,1PDF,SLPSL0001,PULV LOW SEAL AIR HDR DIFF PRESS,,LOABS,PULV LOW SEAL AIR HDR DIFF PRESS,ALM,1,3.98789,4,INH2O,!WP1001!WP1002!WP1003!WP1006!WP1007!WP1014!hist14!CP1004,1
2026-07-17 12:36:30.7,1PDF,SLPSL0001,PULV LOW SEAL AIR HDR DIFF PRESS,,LOABS,PULV LOW SEAL AIR HDR DIFF PRESS,RTN,1,4.17129,4,INH2O,!WP1001!WP1002!WP1003!WP1006!WP1007!WP1014!hist14!CP1004,1
2026-07-17 12:36:46.7,1PDF,SLPSL0001,PULV LOW SEAL AIR HDR DIFF PRESS,,LOABS,PULV LOW SEAL AIR HDR DIFF PRESS,ALM,1,3.9917,4,INH2O,!WP1001!WP1002!WP1003!WP1006!WP1007!WP1014!hist14!CP1004,1
2026-07-17 12:36:47.7,1PDF,SLPSL0001,PULV LOW SEAL AIR HDR DIFF PRESS,,LOABS,PULV LOW SEAL AIR HDR DIFF PRESS,RTN,1,4.02598,4,INH2O,!WP1001!WP1002!WP1003!WP1006!WP1007!WP1014!hist14!CP1004,1
2026-07-17 12:36:48.7,1PDF,SLPSL0001,PULV LOW SEAL AIR HDR DIFF PRESS,,LOABS,PULV LOW SEAL AIR HDR DIFF PRESS,ALM,1,3.99141,4,INH2O,!WP1001!WP1002!WP1003!WP1006!WP1007!WP1014!hist14!CP1004,1
2026-07-17 12:36:49.7,1PDF,SLPSL0001,PULV LOW SEAL AIR HDR DIFF PRESS,,LOABS,PULV LOW SEAL AIR HDR DIFF PRESS,RTN,1,4.10156,4,INH2O,!WP1001!WP1002!WP1003!WP1006!WP1007!WP1014!hist14!CP1004,1
2026-07-17 12:36:54.7,1PDF,SLPSL0001,PULV LOW SEAL AIR HDR DIFF PRESS,,LOABS,PULV LOW SEAL AIR HDR DIFF PRESS,ALM,1,3.96123,4,INH2O,!WP1001!WP1002!WP1003!WP1006!WP1007!WP1014!hist14!CP1004,1
2026-07-17 12:36:55.7,1PDF,SLPSL0001,PULV LOW SEAL AIR HDR DIFF PRESS,,LOABS,PULV LOW SEAL AIR HDR DIFF PRESS,RTN,1,4.0043,4,INH2O,!WP1001!WP1002!WP1003!WP1006!WP1007!WP1014!hist14!CP1004,1
2026-07-17 12:36:56.4,1WB_DEV,AA_JJ_DEV,AUX AIR JJ ANY DEV,,STATE,DEVIATION,ALM,5,,,INH2O,,0
2026-07-17 12:36:56.7,1PDF,SLPSL0001,PULV LOW SEAL AIR HDR DIFF PRESS,,LOABS,PULV LOW SEAL AIR HDR DIFF PRESS,ALM,1,3.98203,4,INH2O,!WP1001!WP1002!WP1003!WP1006!WP1007!WP1014!hist14!CP1004,1
2026-07-17 12:36:57.7,1PDF,SLPSL0001,PULV LOW SEAL AIR HDR DIFF PRESS,,LOABS,PULV LOW SEAL AIR HDR DIFF PRESS,RTN,1,4.00664,4,INH2O,!WP1001!WP1002!WP1003!WP1006!WP1007!WP1014!hist14!CP1004,1
2026-07-17 12:36:58.7,1PDF,SLPSL0001,PULV LOW SEAL AIR HDR DIFF PRESS,,LOABS,PULV LOW SEAL AIR HDR DIFF PRESS,ALM,1,3.96328,4,INH2O,!WP1001!WP1002!WP1003!WP1006!WP1007!WP1014!hist14!CP1004,1
2026-07-17 12:37:04.7,1PDF,SLPSL0001,PULV LOW SEAL AIR HDR DIFF PRESS,,LOABS,PULV LOW SEAL AIR HDR DIFF PRESS,RTN,1,4.04443,4,INH2O,!WP1001!WP1002!WP1003!WP1006!WP1007!WP1014!hist14!CP1004,1
2026-07-17 12:39:40.7,1PDF,SLPSL0001,PULV LOW SEAL AIR HDR DIFF PRESS,,LOABS,PULV LOW SEAL AIR HDR DIFF PRESS,ALM,1,3.86104,4,INH2O,!WP1001!WP1002!WP1003!WP1006!WP1007!WP1014!hist14!CP1004,1
2026-07-17 12:41:10.6,PAC_PLC,ACI_FDR_A_TR,ACI FDR A AC-WIC-5007 TRBLE ALM,,CHANGE,PAC FEEDER A TROUBLE,ALM,1,,,,!WP1001!WP1002!WP1003!WP1006!WP1007!WP1014!hist14!CP1003,1
2026-07-17 12:41:15.6,PAC_PLC,ACI_FDR_A_TR,ACI FDR A AC-WIC-5007 TRBLE ALM,,CHANGE,PAC FEEDER A TROUBLE,ALM,1,,,,!WP1001!WP1002!WP1003!WP1006!WP1007!WP1014!hist14!CP1003,1
2026-07-17 12:41:22.1,PAC_PLC,ACI_FDR_A_TR,ACI FDR A AC-WIC-5007 TRBLE ALM,,CHANGE,PAC FEEDER A TROUBLE,ALM,1,,,,!WP1001!WP1002!WP1003!WP1006!WP1007!WP1014!hist14!CP1003,1
2026-07-17 12:41:26.1,PAC_PLC,ACI_FDR_A_TR,ACI FDR A AC-WIC-5007 TRBLE ALM,,CHANGE,PAC FEEDER A TROUBLE,ALM,1,,,,!WP1001!WP1002!WP1003!WP1006!WP1007!WP1014!hist14!CP1003,1
2026-07-17 12:41:30.1,PAC_PLC,ACI_FDR_A_TR,ACI FDR A AC-WIC-5007 TRBLE ALM,,CHANGE,PAC FEEDER A TROUBLE,ALM,1,,,,!WP1001!WP1002!WP1003!WP1006!WP1007!WP1014!hist14!CP1003,1
2026-07-17 12:41:31.1,PAC_PLC,ACI_FDR_A_TR,ACI FDR A AC-WIC-5007 TRBLE ALM,,CHANGE,PAC FEEDER A TROUBLE,ALM,1,,,,!WP1001!WP1002!WP1003!WP1006!WP1007!WP1014!hist14!CP1003,1
2026-07-17 12:41:32.7,1PDF,SLPSL0001,PULV LOW SEAL AIR HDR DIFF PRESS,,LOABS,PULV LOW SEAL AIR HDR DIFF PRESS,RTN,1,4.0002,4,INH2O,!WP1001!WP1002!WP1003!WP1006!WP1007!WP1014!hist14!CP1004,1
2026-07-17 12:41:34.1,PAC_PLC,ACI_FDR_A_TR,ACI FDR A AC-WIC-5007 TRBLE ALM,,CHANGE,PAC FEEDER A TROUBLE,ALM,1,,,,!WP1001!WP1002!WP1003!WP1006!WP1007!WP1014!hist14!CP1003,1
2026-07-17 12:41:35.1,PAC_PLC,ACI_FDR_A_TR,ACI FDR A AC-WIC-5007 TRBLE ALM,,CHANGE,PAC FEEDER A TROUBLE,ALM,1,,,,!WP1001!WP1002!WP1003!WP1006!WP1007!WP1014!hist14!CP1003,1
2026-07-17 12:42:49.0,1TC,B21,DROOP ACTIVE,DROOP,STATE,ACTIVE,ALM,5,,,,!hist14!CP1001,2
2026-07-17 12:42:55.0,1TC,B21,DROOP ACTIVE,DROOP,STATE,NORMAL,RTN,5,,,,!hist14!CP1001,2
2026-07-17 12:43:03.5,1TC,B21,DROOP ACTIVE,DROOP,STATE,ACTIVE,ALM,5,,,,!hist14!CP1001,2
2026-07-17 12:43:13.0,1TC,B21,DROOP ACTIVE,DROOP,STATE,NORMAL,RTN,5,,,,!hist14!CP1001,2
2026-07-17 12:43:15.5,1TC,B21,DROOP ACTIVE,DROOP,STATE,ACTIVE,ALM,5,,,,!hist14!CP1001,2
2026-07-17 12:43:53.6,IDFAN_PEEC,OPCY_ALM,PRECIP OUT > 50%,PRECIP OUTLET,STATE,ALARM,ALM,3,,,,!WP1001!WP1002!WP1003!WP1006!WP1007!WP1014!hist14!CP1003,1
2026-07-17 12:43:56.5,1TC,B21,DROOP ACTIVE,DROOP,STATE,NORMAL,RTN,5,,,,!hist14!CP1001,2
2026-07-17 12:43:58.6,IDFAN_PEEC,OPCY_ALM,PRECIP OUT > 50%,PRECIP OUTLET,STATE,NORMAL,RTN,3,,,,!WP1001!WP1002!WP1003!WP1006!WP1007!WP1014!hist14!CP1003,1
2026-07-17 12:44:55.1,1BCS_7,IKTE3751,REHEAT TEMP RIGHT (REDUNDANT),,HIABS,HIGH,ALM,1,1012.2,1012.18,DEG.F,!WP1002!WP1006!WP1007!WP1001!WP1003!WP1014!hist14!CP1007,1
2026-07-17 12:45:59.7,1PDF,SLPSL0001,PULV LOW SEAL AIR HDR DIFF PRESS,,LOABS,PULV LOW SEAL AIR HDR DIFF PRESS,ALM,1,3.89502,4,INH2O,!WP1001!WP1002!WP1003!WP1006!WP1007!WP1014!hist14!CP1004,1
2026-07-17 12:46:18.1,1BCS_7,IKTE3751,REHEAT TEMP RIGHT (REDUNDANT),,HIABS,HIGH,RTN,1,1007.17,1012.18,DEG.F,!WP1002!WP1006!WP1007!WP1001!WP1003!WP1014!hist14!CP1007,1
2026-07-17 12:47:30.7,1PDF,SLPSL0001,PULV LOW SEAL AIR HDR DIFF PRESS,,LOABS,PULV LOW SEAL AIR HDR DIFF PRESS,RTN,1,4.09365,4,INH2O,!WP1001!WP1002!WP1003!WP1006!WP1007!WP1014!hist14!CP1004,1
2026-07-17 12:48:37.5,1TC,B21,DROOP ACTIVE,DROOP,STATE,ACTIVE,ALM,5,,,,!hist14!CP1001,2
2026-07-17 12:49:35.8,1FG_B,ZSH5701A,BF B BLADE PITCH,,HIABS,BLADE PITCH ALARM,ALM,3,70.0039,70,%,!WP1001!WP1002!WP1003!WP1006!WP1007!WP1014!hist14!CP1015,1
2026-07-17 12:49:46.7,1PDF,SLPSL0001,PULV LOW SEAL AIR HDR DIFF PRESS,,LOABS,PULV LOW SEAL AIR HDR DIFF PRESS,ALM,1,3.99082,4,INH2O,!WP1001!WP1002!WP1003!WP1006!WP1007!WP1014!hist14!CP1004,1
2026-07-17 12:49:47.0,1TC,B21,DROOP ACTIVE,DROOP,STATE,NORMAL,RTN,5,,,,!hist14!CP1001,2
2026-07-17 12:49:53.3,1FG_B,ZSH5701A,BF B BLADE PITCH,,HIABS,BLADE PITCH ALARM,RTN,3,69.875,70,%,!WP1001!WP1002!WP1003!WP1006!WP1007!WP1014!hist14!CP1015,1
2026-07-17 12:50:04.0,1TC,B21,DROOP ACTIVE,DROOP,STATE,ACTIVE,ALM,5,,,,!hist14!CP1001,2
2026-07-17 12:50:06.5,1TC,B21,DROOP ACTIVE,DROOP,STATE,NORMAL,RTN,5,,,,!hist14!CP1001,2
2026-07-17 12:50:13.6,1BCS_7,IKTE3751,REHEAT TEMP RIGHT (REDUNDANT),,HIABS,HIGH,ALM,1,1012.21,1012.18,DEG.F,!WP1002!WP1006!WP1007!WP1001!WP1003!WP1014!hist14!CP1007,1
2026-07-17 12:50:16.3,1SEAL_AIR,PDI5735_ALM,BF B OUT DMPR SEAL CAV D/P LOW,,STATE,DP ALARM ACTIVE,ALM,3,,,,!WP1001!WP1002!WP1003!WP1006!WP1007!WP1014!hist14!CP1015,1
2026-07-17 12:50:22.1,1BCS_7,IKTE3451,REHEAT TEMP RIGHT (NORM),,HIABS,HIGH,ALM,1,1012.24,1012.18,DEG.F,!WP1002!WP1006!WP1007!WP1001!WP1003!WP1014!hist14!CP1007,1
2026-07-17 12:50:49.7,1PDF,SLPSL0001,PULV LOW SEAL AIR HDR DIFF PRESS,,LOABS,PULV LOW SEAL AIR HDR DIFF PRESS,RTN,1,4.01484,4,INH2O,!WP1001!WP1002!WP1003!WP1006!WP1007!WP1014!hist14!CP1004,1
2026-07-17 12:50:55.7,1PDF,SLPSL0001,PULV LOW SEAL AIR HDR DIFF PRESS,,LOABS,PULV LOW SEAL AIR HDR DIFF PRESS,ALM,1,3.88535,4,INH2O,!WP1001!WP1002!WP1003!WP1006!WP1007!WP1014!hist14!CP1004,1
2026-07-17 12:50:58.7,1PDF,SLPSL0001,PULV LOW SEAL AIR HDR DIFF PRESS,,LOABS,PULV LOW SEAL AIR HDR DIFF PRESS,RTN,1,4.04854,4,INH2O,!WP1001!WP1002!WP1003!WP1006!WP1007!WP1014!hist14!CP1004,1
2026-07-17 12:51:03.7,1PDF,SLPSL0001,PULV LOW SEAL AIR HDR DIFF PRESS,,LOABS,PULV LOW SEAL AIR HDR DIFF PRESS,ALM,1,3.96797,4,INH2O,!WP1001!WP1002!WP1003!WP1006!WP1007!WP1014!hist14!CP1004,1
2026-07-17 12:51:09.7,1PDF,SLPSL0001,PULV LOW SEAL AIR HDR DIFF PRESS,,LOABS,PULV LOW SEAL AIR HDR DIFF PRESS,RTN,1,4.00781,4,INH2O,!WP1001!WP1002!WP1003!WP1006!WP1007!WP1014!hist14!CP1004,1
2026-07-17 12:51:10.7,1PDF,SLPSL0001,PULV LOW SEAL AIR HDR DIFF PRESS,,LOABS,PULV LOW SEAL AIR HDR DIFF PRESS,ALM,1,3.83408,4,INH2O,!WP1001!WP1002!WP1003!WP1006!WP1007!WP1014!hist14!CP1004,1
2026-07-17 12:51:41.6,1BCS_7,IKTE3451,REHEAT TEMP RIGHT (NORM),,HIABS,HIGH,RTN,1,1007.14,1012.18,DEG.F,!WP1002!WP1006!WP1007!WP1001!WP1003!WP1014!hist14!CP1007,1
2026-07-17 12:51:47.6,1BCS_7,IKTE3751,REHEAT TEMP RIGHT (REDUNDANT),,HIABS,HIGH,RTN,1,1007.11,1012.18,DEG.F,!WP1002!WP1006!WP1007!WP1001!WP1003!WP1014!hist14!CP1007,1
2026-07-17 12:51:51.7,1PDF,SLPSL0001,PULV LOW SEAL AIR HDR DIFF PRESS,,LOABS,PULV LOW SEAL AIR HDR DIFF PRESS,RTN,1,4.10977,4,INH2O,!WP1001!WP1002!WP1003!WP1006!WP1007!WP1014!hist14!CP1004,1
2026-07-17 12:51:53.7,1PDF,SLPSL0001,PULV LOW SEAL AIR HDR DIFF PRESS,,LOABS,PULV LOW SEAL AIR HDR DIFF PRESS,ALM,1,3.93867,4,INH2O,!WP1001!WP1002!WP1003!WP1006!WP1007!WP1014!hist14!CP1004,1
2026-07-17 12:52:11.3,1SEAL_AIR,PDI5735_ALM,BF B OUT DMPR SEAL CAV D/P LOW,,STATE,DP ALARM CLEAR,RTN,3,,,,!WP1001!WP1002!WP1003!WP1006!WP1007!WP1014!hist14!CP1015,1
2026-07-17 12:52:12.7,1PDF,SLPSL0001,PULV LOW SEAL AIR HDR DIFF PRESS,,LOABS,PULV LOW SEAL AIR HDR DIFF PRESS,RTN,1,4.02979,4,INH2O,!WP1001!WP1002!WP1003!WP1006!WP1007!WP1014!hist14!CP1004,1
2026-07-17 12:52:15.7,1PDF,SLPSL0001,PULV LOW SEAL AIR HDR DIFF PRESS,,LOABS,PULV LOW SEAL AIR HDR DIFF PRESS,ALM,1,3.95479,4,INH2O,!WP1001!WP1002!WP1003!WP1006!WP1007!WP1014!hist14!CP1004,1
2026-07-17 12:52:16.7,1PDF,SLPSL0001,PULV LOW SEAL AIR HDR DIFF PRESS,,LOABS,PULV LOW SEAL AIR HDR DIFF PRESS,RTN,1,4.07227,4,INH2O,!WP1001!WP1002!WP1003!WP1006!WP1007!WP1014!hist14!CP1004,1
2026-07-17 12:53:33.8,1FG_A,ZSH5601A,BF A BLADE PITCH,,HIABS,BLADE PITCH ALARM,ALM,3,70.0508,70,%,!WP1001!WP1002!WP1003!WP1006!WP1007!WP1014!hist14!CP1015,1
2026-07-17 12:53:36.3,1FG_B,ZSH5701A,BF B BLADE PITCH,,HIABS,BLADE PITCH ALARM,ALM,3,70.1719,70,%,!WP1001!WP1002!WP1003!WP1006!WP1007!WP1014!hist14!CP1015,1
2026-07-17 12:53:58.3,1SEAL_AIR,PDI5735_ALM,BF B OUT DMPR SEAL CAV D/P LOW,,STATE,DP ALARM ACTIVE,ALM,3,,,,!WP1001!WP1002!WP1003!WP1006!WP1007!WP1014!hist14!CP1015,1
2026-07-17 12:54:56.7,1PDF,SLPSL0001,PULV LOW SEAL AIR HDR DIFF PRESS,,LOABS,PULV LOW SEAL AIR HDR DIFF PRESS,ALM,1,3.95186,4,INH2O,!WP1001!WP1002!WP1003!WP1006!WP1007!WP1014!hist14!CP1004,1
2026-07-17 12:55:16.6,1BCS_7,IKTE3751,REHEAT TEMP RIGHT (REDUNDANT),,HIABS,HIGH,ALM,1,1012.24,1012.18,DEG.F,!WP1002!WP1006!WP1007!WP1001!WP1003!WP1014!hist14!CP1007,1
2026-07-17 12:55:17.8,1DAS10,IACE3001,COND MAKE-UP      CATION CNDCT,,HIABS,HIGH,RTN,1,0.279961,0.3,US/CM,!WP1002!WP1006!WP1007!WP1001!WP1003!WP1014!hist14!CP1008,1
2026-07-17 12:55:28.1,1BCS_7,IKTE3451,REHEAT TEMP RIGHT (NORM),,HIABS,HIGH,ALM,1,1012.22,1012.18,DEG.F,!WP1002!WP1006!WP1007!WP1001!WP1003!WP1014!hist14!CP1007,1
2026-07-17 12:55:46.7,1PDF,SLPSL0001,PULV LOW SEAL AIR HDR DIFF PRESS,,LOABS,PULV LOW SEAL AIR HDR DIFF PRESS,RTN,1,4.0875,4,INH2O,!WP1001!WP1002!WP1003!WP1006!WP1007!WP1014!hist14!CP1004,1
2026-07-17 12:55:47.7,1PDF,SLPSL0001,PULV LOW SEAL AIR HDR DIFF PRESS,,LOABS,PULV LOW SEAL AIR HDR DIFF PRESS,ALM,1,3.97939,4,INH2O,!WP1001!WP1002!WP1003!WP1006!WP1007!WP1014!hist14!CP1004,1
2026-07-17 12:55:48.7,1PDF,SLPSL0001,PULV LOW SEAL AIR HDR DIFF PRESS,,LOABS,PULV LOW SEAL AIR HDR DIFF PRESS,RTN,1,4.02451,4,INH2O,!WP1001!WP1002!WP1003!WP1006!WP1007!WP1014!hist14!CP1004,1
2026-07-17 12:55:49.7,1PDF,SLPSL0001,PULV LOW SEAL AIR HDR DIFF PRESS,,LOABS,PULV LOW SEAL AIR HDR DIFF PRESS,ALM,1,3.98584,4,INH2O,!WP1001!WP1002!WP1003!WP1006!WP1007!WP1014!hist14!CP1004,1
2026-07-17 12:55:50.7,1PDF,SLPSL0001,PULV LOW SEAL AIR HDR DIFF PRESS,,LOABS,PULV LOW SEAL AIR HDR DIFF PRESS,RTN,1,4.07197,4,INH2O,!WP1001!WP1002!WP1003!WP1006!WP1007!WP1014!hist14!CP1004,1
2026-07-17 12:55:53.7,1PDF,SLPSL0001,PULV LOW SEAL AIR HDR DIFF PRESS,,LOABS,PULV LOW SEAL AIR HDR DIFF PRESS,ALM,1,3.99639,4,INH2O,!WP1001!WP1002!WP1003!WP1006!WP1007!WP1014!hist14!CP1004,1
2026-07-17 12:55:54.7,1PDF,SLPSL0001,PULV LOW SEAL AIR HDR DIFF PRESS,,LOABS,PULV LOW SEAL AIR HDR DIFF PRESS,RTN,1,4.00459,4,INH2O,!WP1001!WP1002!WP1003!WP1006!WP1007!WP1014!hist14!CP1004,1
2026-07-17 12:55:55.7,1PDF,SLPSL0001,PULV LOW SEAL AIR HDR DIFF PRESS,,LOABS,PULV LOW SEAL AIR HDR DIFF PRESS,ALM,1,3.99668,4,INH2O,!WP1001!WP1002!WP1003!WP1006!WP1007!WP1014!hist14!CP1004,1
2026-07-17 12:56:01.7,1PDF,SLPSL0001,PULV LOW SEAL AIR HDR DIFF PRESS,,LOABS,PULV LOW SEAL AIR HDR DIFF PRESS,RTN,1,4.03916,4,INH2O,!WP1001!WP1002!WP1003!WP1006!WP1007!WP1014!hist14!CP1004,1
2026-07-17 12:56:02.7,1PDF,SLPSL0001,PULV LOW SEAL AIR HDR DIFF PRESS,,LOABS,PULV LOW SEAL AIR HDR DIFF PRESS,ALM,1,3.96504,4,INH2O,!WP1001!WP1002!WP1003!WP1006!WP1007!WP1014!hist14!CP1004,1
2026-07-17 12:56:03.7,1PDF,SLPSL0001,PULV LOW SEAL AIR HDR DIFF PRESS,,LOABS,PULV LOW SEAL AIR HDR DIFF PRESS,RTN,1,4.0793,4,INH2O,!WP1001!WP1002!WP1003!WP1006!WP1007!WP1014!hist14!CP1004,1
2026-07-17 12:56:04.7,1PDF,SLPSL0001,PULV LOW SEAL AIR HDR DIFF PRESS,,LOABS,PULV LOW SEAL AIR HDR DIFF PRESS,ALM,1,3.90117,4,INH2O,!WP1001!WP1002!WP1003!WP1006!WP1007!WP1014!hist14!CP1004,1
2026-07-17 12:56:28.3,1FG_B,ZSH5701A,BF B BLADE PITCH,,HIABS,BLADE PITCH ALARM,RTN,3,69.8672,70,%,!WP1001!WP1002!WP1003!WP1006!WP1007!WP1014!hist14!CP1015,1
2026-07-17 12:56:29.3,1FG_A,ZSH5601A,BF A BLADE PITCH,,HIABS,BLADE PITCH ALARM,RTN,3,69.8945,70,%,!WP1001!WP1002!WP1003!WP1006!WP1007!WP1014!hist14!CP1015,1
2026-07-17 12:56:41.7,1PDF,SLPSL0001,PULV LOW SEAL AIR HDR DIFF PRESS,,LOABS,PULV LOW SEAL AIR HDR DIFF PRESS,RTN,1,4.09189,4,INH2O,!WP1001!WP1002!WP1003!WP1006!WP1007!WP1014!hist14!CP1004,1
2026-07-17 12:56:55.1,1BCS_7,IKTE3451,REHEAT TEMP RIGHT (NORM),,HIABS,HIGH,RTN,1,1007.09,1012.18,DEG.F,!WP1002!WP1006!WP1007!WP1001!WP1003!WP1014!hist14!CP1007,1
2026-07-17 12:57:00.6,1BCS_7,IKTE3751,REHEAT TEMP RIGHT (REDUNDANT),,HIABS,HIGH,RTN,1,1007.14,1012.18,DEG.F,!WP1002!WP1006!WP1007!WP1001!WP1003!WP1014!hist14!CP1007,1
2026-07-17 12:57:16.8,1FG_A,ZSH5601A,BF A BLADE PITCH,,HIABS,BLADE PITCH ALARM,ALM,3,70.0645,70,%,!WP1001!WP1002!WP1003!WP1006!WP1007!WP1014!hist14!CP1015,1
2026-07-17 12:57:17.3,1FG_B,ZSH5701A,BF B BLADE PITCH,,HIABS,BLADE PITCH ALARM,ALM,3,70.2109,70,%,!WP1001!WP1002!WP1003!WP1006!WP1007!WP1014!hist14!CP1015,1
2026-07-17 12:58:07.5,1TC,B21,DROOP ACTIVE,DROOP,STATE,ACTIVE,ALM,5,,,,!hist14!CP1001,2
2026-07-17 12:58:16.3,1FG_B,5706TX_ALM,BF B INLET OUTLET PRESS,FGPDIT5706,STATE,BF B INLET/OUTLET PRESS DEV,ALM,3,,,,!WP1001!WP1002!WP1003!WP1006!WP1007!WP1014!hist14!CP1015,1
2026-07-17 12:58:19.0,1TC,B21,DROOP ACTIVE,DROOP,STATE,NORMAL,RTN,5,,,,!hist14!CP1001,2
2026-07-17 12:58:38.5,1FP,B86,ID FAN C INLET DAMPER FEEDBACK,,HHABS,ID FAN C DAMPER 80 %,ALM,1,80.0061,80,PCT,!WP1001!WP1002!WP1003!WP1006!WP1007!WP1014!hist14!CP1001,1
2026-07-17 12:58:39.5,1FP,B56,ID FAN A INLET DAMPER FEEDBACK,,HHABS,ID FAN A DAMPER 80 %,ALM,1,80.072,80,PCT,!WP1001!WP1002!WP1003!WP1006!WP1007!WP1014!hist14!CP1001,1
2026-07-17 12:58:39.5,1FP,B58,ID FAN B INLET DAMPER FEEDBACK,,HHABS,IDF B DAMPER 80%,ALM,1,80.1232,80,PCT,!WP1001!WP1002!WP1003!WP1006!WP1007!WP1014!hist14!CP1001,1
2026-07-17 12:58:55.1,IDFAN_PEEC,OPCY_ALM,PRECIP OUT > 50%,PRECIP OUTLET,STATE,ALARM,ALM,3,,,,!WP1001!WP1002!WP1003!WP1006!WP1007!WP1014!hist14!CP1003,1
2026-07-17 12:59:02.1,IDFAN_PEEC,OPCY_ALM,PRECIP OUT > 50%,PRECIP OUTLET,STATE,NORMAL,RTN,3,,,,!WP1001!WP1002!WP1003!WP1006!WP1007!WP1014!hist14!CP1003,1
2026-07-17 12:59:26.7,1PDF,SLPSL0001,PULV LOW SEAL AIR HDR DIFF PRESS,,LOABS,PULV LOW SEAL AIR HDR DIFF PRESS,ALM,1,3.93633,4,INH2O,!WP1001!WP1002!WP1003!WP1006!WP1007!WP1014!hist14!CP1004,1
2026-07-17 12:59:39.6,IDFAN_PEEC,OPCY_ALM,PRECIP OUT > 50%,PRECIP OUTLET,STATE,ALARM,ALM,3,,,,!WP1001!WP1002!WP1003!WP1006!WP1007!WP1014!hist14!CP1003,1
2026-07-17 12:59:44.5,1AR_LS,DEV_5803,LS SYS B,,STATE,VALVE 5803 DEVIATION,ALM,3,,,,!WP1001!WP1002!WP1003!WP1006!WP1007!WP1014!hist14!CP1017,1
2026-07-17 12:59:45.1,IDFAN_PEEC,OPCY_ALM,PRECIP OUT > 50%,PRECIP OUTLET,STATE,NORMAL,RTN,3,,,,!WP1001!WP1002!WP1003!WP1006!WP1007!WP1014!hist14!CP1003,1
2026-07-17 13:00:06.0,1FP,B56,ID FAN A INLET DAMPER FEEDBACK,,HHABS,ID FAN A DAMPER 80 %,RTN,1,78.9778,80,PCT,!WP1001!WP1002!WP1003!WP1006!WP1007!WP1014!hist14!CP1001,1
2026-07-17 13:00:06.5,1FP,B58,ID FAN B INLET DAMPER FEEDBACK,,HHABS,IDF B DAMPER 80%,RTN,1,78.9296,80,PCT,!WP1001!WP1002!WP1003!WP1006!WP1007!WP1014!hist14!CP1001,1
2026-07-17 13:00:06.5,1FP,B86,ID FAN C INLET DAMPER FEEDBACK,,HHABS,ID FAN C DAMPER 80 %,RTN,1,78.9914,80,PCT,!WP1001!WP1002!WP1003!WP1006!WP1007!WP1014!hist14!CP1001,1
2026-07-17 13:00:37.8,1FG_B,5706TX_ALM,BF B INLET OUTLET PRESS,FGPDIT5706,STATE,DEVIATION ALARM CLEAR,RTN,3,,,,!WP1001!WP1002!WP1003!WP1006!WP1007!WP1014!hist14!CP1015,1
2026-07-17 13:00:37.0,1AR_LS,DEV_5803,LS SYS B,,STATE,,RTN,3,,,,!WP1001!WP1002!WP1003!WP1006!WP1007!WP1014!hist14!CP1017,1
2026-07-17 13:00:38.8,1FG_A,ZSH5601A,BF A BLADE PITCH,,HIABS,BLADE PITCH ALARM,RTN,3,69.834,70,%,!WP1001!WP1002!WP1003!WP1006!WP1007!WP1014!hist14!CP1015,1
2026-07-17 13:00:38.8,1FG_B,ZSH5701A,BF B BLADE PITCH,,HIABS,BLADE PITCH ALARM,RTN,3,69.8418,70,%,!WP1001!WP1002!WP1003!WP1006!WP1007!WP1014!hist14!CP1015,1
2026-07-17 13:00:57.7,1PDF,SLPSL0001,PULV LOW SEAL AIR HDR DIFF PRESS,,LOABS,PULV LOW SEAL AIR HDR DIFF PRESS,RTN,1,4.04502,4,INH2O,!WP1001!WP1002!WP1003!WP1006!WP1007!WP1014!hist14!CP1004,1
2026-07-17 13:00:59.7,1PDF,SLPSL0001,PULV LOW SEAL AIR HDR DIFF PRESS,,LOABS,PULV LOW SEAL AIR HDR DIFF PRESS,ALM,1,3.99053,4,INH2O,!WP1001!WP1002!WP1003!WP1006!WP1007!WP1014!hist14!CP1004,1
2026-07-17 13:01:01.7,1PDF,SLPSL0001,PULV LOW SEAL AIR HDR DIFF PRESS,,LOABS,PULV LOW SEAL AIR HDR DIFF PRESS,RTN,1,4.09893,4,INH2O,!WP1001!WP1002!WP1003!WP1006!WP1007!WP1014!hist14!CP1004,1
2026-07-17 13:01:17.7,1PDF,SLPSL0001,PULV LOW SEAL AIR HDR DIFF PRESS,,LOABS,PULV LOW SEAL AIR HDR DIFF PRESS,ALM,1,3.98936,4,INH2O,!WP1001!WP1002!WP1003!WP1006!WP1007!WP1014!hist14!CP1004,1
2026-07-17 13:01:18.7,1PDF,SLPSL0001,PULV LOW SEAL AIR HDR DIFF PRESS,,LOABS,PULV LOW SEAL AIR HDR DIFF PRESS,RTN,1,4.06934,4,INH2O,!WP1001!WP1002!WP1003!WP1006!WP1007!WP1014!hist14!CP1004,1
2026-07-17 13:01:18.7,1BFA_GSM_ALM,BFA_ALM4,MARK VIE A BFPT ALARM,,STA_5,LO CLR DISCHG TEMP HIGH,ALM,5,0,0,,!WP1001!WP1002!WP1003!WP1006!WP1007!WP1014!hist14!CP1011,1
2026-07-17 13:01:20.7,1BFA_GSM_ALM,BFA_ALM4,MARK VIE A BFPT ALARM,,STA_5,LO CLR DISCHG TEMP OK,RTN,5,0,0,,!WP1001!WP1002!WP1003!WP1006!WP1007!WP1014!hist14!CP1011,1
2026-07-17 13:02:09.3,1SEAL_AIR,PDI5735_ALM,BF B OUT DMPR SEAL CAV D/P LOW,,STATE,DP ALARM CLEAR,RTN,3,,,,!WP1001!WP1002!WP1003!WP1006!WP1007!WP1014!hist14!CP1015,1
2026-07-17 13:02:20.7,1BFA_GSM_ALM,BFA_ALM4,MARK VIE A BFPT ALARM,,STA_5,LO CLR DISCHG TEMP HIGH,ALM,5,0,0,,!WP1001!WP1002!WP1003!WP1006!WP1007!WP1014!hist14!CP1011,1
2026-07-17 13:02:22.7,1BFA_GSM_ALM,BFA_ALM4,MARK VIE A BFPT ALARM,,STA_5,LO CLR DISCHG TEMP OK,RTN,5,0,0,,!WP1001!WP1002!WP1003!WP1006!WP1007!WP1014!hist14!CP1011,1
2026-07-17 13:02:42.7,1BFA_GSM_ALM,BFA_ALM4,MARK VIE A BFPT ALARM,,STA_5,LO CLR DISCHG TEMP HIGH,ALM,5,0,0,,!WP1001!WP1002!WP1003!WP1006!WP1007!WP1014!hist14!CP1011,1
2026-07-17 13:02:44.7,1BFA_GSM_ALM,BFA_ALM4,MARK VIE A BFPT ALARM,,STA_5,LO CLR DISCHG TEMP OK,RTN,5,0,0,,!WP1001!WP1002!WP1003!WP1006!WP1007!WP1014!hist14!CP1011,1
2026-07-17 13:02:48.7,1BFA_GSM_ALM,BFA_ALM4,MARK VIE A BFPT ALARM,,STA_5,LO CLR DISCHG TEMP HIGH,ALM,5,0,0,,!WP1001!WP1002!WP1003!WP1006!WP1007!WP1014!hist14!CP1011,1
2026-07-17 13:02:50.7,1BFA_GSM_ALM,BFA_ALM4,MARK VIE A BFPT ALARM,,STA_5,LO CLR DISCHG TEMP OK,RTN,5,0,0,,!WP1001!WP1002!WP1003!WP1006!WP1007!WP1014!hist14!CP1011,1
2026-07-17 13:03:02.7,1PDF,SLPSL0001,PULV LOW SEAL AIR HDR DIFF PRESS,,LOABS,PULV LOW SEAL AIR HDR DIFF PRESS,ALM,1,3.9457,4,INH2O,!WP1001!WP1002!WP1003!WP1006!WP1007!WP1014!hist14!CP1004,1
2026-07-17 13:03:02.7,1BFA_GSM_ALM,BFA_ALM4,MARK VIE A BFPT ALARM,,STA_5,LO CLR DISCHG TEMP HIGH,ALM,5,0,0,,!WP1001!WP1002!WP1003!WP1006!WP1007!WP1014!hist14!CP1011,1
2026-07-17 13:03:04.7,1PDF,SLPSL0001,PULV LOW SEAL AIR HDR DIFF PRESS,,LOABS,PULV LOW SEAL AIR HDR DIFF PRESS,RTN,1,4.0251,4,INH2O,!WP1001!WP1002!WP1003!WP1006!WP1007!WP1014!hist14!CP1004,1
2026-07-17 13:03:04.7,1BFA_GSM_ALM,BFA_ALM4,MARK VIE A BFPT ALARM,,STA_5,LO CLR DISCHG TEMP OK,RTN,5,0,0,,!WP1001!WP1002!WP1003!WP1006!WP1007!WP1014!hist14!CP1011,1
2026-07-17 13:03:25.2,1BFA_GSM_ALM,BFA_ALM4,MARK VIE A BFPT ALARM,,STA_5,LO CLR DISCHG TEMP HIGH,ALM,5,0,0,,!WP1001!WP1002!WP1003!WP1006!WP1007!WP1014!hist14!CP1011,1
2026-07-17 13:03:26.7,1BFA_GSM_ALM,BFA_ALM4,MARK VIE A BFPT ALARM,,STA_5,LO CLR DISCHG TEMP OK,RTN,5,0,0,,!WP1001!WP1002!WP1003!WP1006!WP1007!WP1014!hist14!CP1011,1
2026-07-17 13:03:44.7,1BFA_GSM_ALM,BFA_ALM4,MARK VIE A BFPT ALARM,,STA_5,LO CLR DISCHG TEMP HIGH,ALM,5,0,0,,!WP1001!WP1002!WP1003!WP1006!WP1007!WP1014!hist14!CP1011,1
2026-07-17 13:03:46.7,1BFA_GSM_ALM,BFA_ALM4,MARK VIE A BFPT ALARM,,STA_5,LO CLR DISCHG TEMP OK,RTN,5,0,0,,!WP1001!WP1002!WP1003!WP1006!WP1007!WP1014!hist14!CP1011,1
2026-07-17 13:03:58.7,1BFA_GSM_ALM,BFA_ALM4,MARK VIE A BFPT ALARM,,STA_5,LO CLR DISCHG TEMP HIGH,ALM,5,0,0,,!WP1001!WP1002!WP1003!WP1006!WP1007!WP1014!hist14!CP1011,1
2026-07-17 13:04:00.7,1BFA_GSM_ALM,BFA_ALM4,MARK VIE A BFPT ALARM,,STA_5,LO CLR DISCHG TEMP OK,RTN,5,0,0,,!WP1001!WP1002!WP1003!WP1006!WP1007!WP1014!hist14!CP1011,1
2026-07-17 13:04:02.7,1BFA_GSM_ALM,BFA_ALM4,MARK VIE A BFPT ALARM,,STA_5,LO CLR DISCHG TEMP HIGH,ALM,5,0,0,,!WP1001!WP1002!WP1003!WP1006!WP1007!WP1014!hist14!CP1011,1
2026-07-17 13:04:04.7,1BFA_GSM_ALM,BFA_ALM4,MARK VIE A BFPT ALARM,,STA_5,LO CLR DISCHG TEMP OK,RTN,5,0,0,,!WP1001!WP1002!WP1003!WP1006!WP1007!WP1014!hist14!CP1011,1
2026-07-17 13:04:18.7,1BFA_GSM_ALM,BFA_ALM4,MARK VIE A BFPT ALARM,,STA_5,LO CLR DISCHG TEMP HIGH,ALM,5,0,0,,!WP1001!WP1002!WP1003!WP1006!WP1007!WP1014!hist14!CP1011,1
2026-07-17 13:04:22.7,1BFA_GSM_ALM,BFA_ALM4,MARK VIE A BFPT ALARM,,STA_5,LO CLR DISCHG TEMP OK,RTN,5,0,0,,!WP1001!WP1002!WP1003!WP1006!WP1007!WP1014!hist14!CP1011,1
2026-07-17 13:04:32.7,1BFA_GSM_ALM,BFA_ALM4,MARK VIE A BFPT ALARM,,STA_5,LO CLR DISCHG TEMP HIGH,ALM,5,0,0,,!WP1001!WP1002!WP1003!WP1006!WP1007!WP1014!hist14!CP1011,1
2026-07-17 13:04:34.7,1BFA_GSM_ALM,BFA_ALM4,MARK VIE A BFPT ALARM,,STA_5,LO CLR DISCHG TEMP OK,RTN,5,0,0,,!WP1001!WP1002!WP1003!WP1006!WP1007!WP1014!hist14!CP1011,1
2026-07-17 13:04:40.6,1BCS_7,IKTE3751,REHEAT TEMP RIGHT (REDUNDANT),,HIABS,HIGH,ALM,1,1012.23,1012.18,DEG.F,!WP1002!WP1006!WP1007!WP1001!WP1003!WP1014!hist14!CP1007,1
2026-07-17 13:04:50.6,1BCS_7,IKTE3451,REHEAT TEMP RIGHT (NORM),,HIABS,HIGH,ALM,1,1012.22,1012.18,DEG.F,!WP1002!WP1006!WP1007!WP1001!WP1003!WP1014!hist14!CP1007,1
2026-07-17 13:04:52.7,1BFA_GSM_ALM,BFA_ALM4,MARK VIE A BFPT ALARM,,STA_5,LO CLR DISCHG TEMP HIGH,ALM,5,0,0,,!WP1001!WP1002!WP1003!WP1006!WP1007!WP1014!hist14!CP1011,1
2026-07-17 13:04:54.7,1BFA_GSM_ALM,BFA_ALM4,MARK VIE A BFPT ALARM,,STA_5,LO CLR DISCHG TEMP OK,RTN,5,0,0,,!WP1001!WP1002!WP1003!WP1006!WP1007!WP1014!hist14!CP1011,1
2026-07-17 13:05:02.7,1BFA_GSM_ALM,BFA_ALM4,MARK VIE A BFPT ALARM,,STA_5,LO CLR DISCHG TEMP HIGH,ALM,5,0,0,,!WP1001!WP1002!WP1003!WP1006!WP1007!WP1014!hist14!CP1011,1
2026-07-17 13:05:04.7,1BFA_GSM_ALM,BFA_ALM4,MARK VIE A BFPT ALARM,,STA_5,LO CLR DISCHG TEMP OK,RTN,5,0,0,,!WP1001!WP1002!WP1003!WP1006!WP1007!WP1014!hist14!CP1011,1
2026-07-17 13:05:18.7,1BFA_GSM_ALM,BFA_ALM4,MARK VIE A BFPT ALARM,,STA_5,LO CLR DISCHG TEMP HIGH,ALM,5,0,0,,!WP1001!WP1002!WP1003!WP1006!WP1007!WP1014!hist14!CP1011,1
2026-07-17 13:05:22.7,1BFA_GSM_ALM,BFA_ALM4,MARK VIE A BFPT ALARM,,STA_5,LO CLR DISCHG TEMP OK,RTN,5,0,0,,!WP1001!WP1002!WP1003!WP1006!WP1007!WP1014!hist14!CP1011,1
2026-07-17 13:05:28.7,1BFA_GSM_ALM,BFA_ALM4,MARK VIE A BFPT ALARM,,STA_5,LO CLR DISCHG TEMP HIGH,ALM,5,0,0,,!WP1001!WP1002!WP1003!WP1006!WP1007!WP1014!hist14!CP1011,1
2026-07-17 13:05:36.7,1BFA_GSM_ALM,BFA_ALM4,MARK VIE A BFPT ALARM,,STA_5,LO CLR DISCHG TEMP OK,RTN,5,0,0,,!WP1001!WP1002!WP1003!WP1006!WP1007!WP1014!hist14!CP1011,1
2026-07-17 13:05:52.7,1BFA_GSM_ALM,BFA_ALM4,MARK VIE A BFPT ALARM,,STA_5,LO CLR DISCHG TEMP HIGH,ALM,5,0,0,,!WP1001!WP1002!WP1003!WP1006!WP1007!WP1014!hist14!CP1011,1
2026-07-17 13:05:54.7,1BFA_GSM_ALM,BFA_ALM4,MARK VIE A BFPT ALARM,,STA_5,LO CLR DISCHG TEMP OK,RTN,5,0,0,,!WP1001!WP1002!WP1003!WP1006!WP1007!WP1014!hist14!CP1011,1
2026-07-17 13:05:57.8,1FG_A,ZSH5601A,BF A BLADE PITCH,,HIABS,BLADE PITCH ALARM,ALM,3,70.0273,70,%,!WP1001!WP1002!WP1003!WP1006!WP1007!WP1014!hist14!CP1015,1
2026-07-17 13:06:05.8,1FG_B,ZSH5701A,BF B BLADE PITCH,,HIABS,BLADE PITCH ALARM,ALM,3,70.0215,70,%,!WP1001!WP1002!WP1003!WP1006!WP1007!WP1014!hist14!CP1015,1
2026-07-17 13:06:22.7,1BFA_GSM_ALM,BFA_ALM4,MARK VIE A BFPT ALARM,,STA_5,LO CLR DISCHG TEMP HIGH,ALM,5,0,0,,!WP1001!WP1002!WP1003!WP1006!WP1007!WP1014!hist14!CP1011,1
2026-07-17 13:06:27.2,1BFA_GSM_ALM,BFA_ALM4,MARK VIE A BFPT ALARM,,STA_5,LO CLR DISCHG TEMP OK,RTN,5,0,0,,!WP1001!WP1002!WP1003!WP1006!WP1007!WP1014!hist14!CP1011,1
2026-07-17 13:06:38.7,1BFA_GSM_ALM,BFA_ALM4,MARK VIE A BFPT ALARM,,STA_5,LO CLR DISCHG TEMP HIGH,ALM,5,0,0,,!WP1001!WP1002!WP1003!WP1006!WP1007!WP1014!hist14!CP1011,1
2026-07-17 13:06:38.6,1BCS_7,IKTE3451,REHEAT TEMP RIGHT (NORM),,HIABS,HIGH,RTN,1,1007.09,1012.18,DEG.F,!WP1002!WP1006!WP1007!WP1001!WP1003!WP1014!hist14!CP1007,1
2026-07-17 13:06:44.7,1BFA_GSM_ALM,BFA_ALM4,MARK VIE A BFPT ALARM,,STA_5,LO CLR DISCHG TEMP OK,RTN,5,0,0,,!WP1001!WP1002!WP1003!WP1006!WP1007!WP1014!hist14!CP1011,1
2026-07-17 13:06:44.1,1BCS_7,IKTE3751,REHEAT TEMP RIGHT (REDUNDANT),,HIABS,HIGH,RTN,1,1007.08,1012.18,DEG.F,!WP1002!WP1006!WP1007!WP1001!WP1003!WP1014!hist14!CP1007,1
2026-07-17 13:06:46.7,1BFA_GSM_ALM,BFA_ALM4,MARK VIE A BFPT ALARM,,STA_5,LO CLR DISCHG TEMP HIGH,ALM,5,0,0,,!WP1001!WP1002!WP1003!WP1006!WP1007!WP1014!hist14!CP1011,1
2026-07-17 13:06:47.8,1SEAL_AIR,PDI5735_ALM,BF B OUT DMPR SEAL CAV D/P LOW,,STATE,DP ALARM ACTIVE,ALM,3,,,,!WP1001!WP1002!WP1003!WP1006!WP1007!WP1014!hist14!CP1015,1
2026-07-17 13:06:51.2,1BFA_GSM_ALM,BFA_ALM4,MARK VIE A BFPT ALARM,,STA_5,LO CLR DISCHG TEMP OK,RTN,5,0,0,,!WP1001!WP1002!WP1003!WP1006!WP1007!WP1014!hist14!CP1011,1
2026-07-17 13:06:58.7,1BFA_GSM_ALM,BFA_ALM4,MARK VIE A BFPT ALARM,,STA_5,LO CLR DISCHG TEMP HIGH,ALM,5,0,0,,!WP1001!WP1002!WP1003!WP1006!WP1007!WP1014!hist14!CP1011,1
2026-07-17 13:07:00.7,1BFA_GSM_ALM,BFA_ALM4,MARK VIE A BFPT ALARM,,STA_5,LO CLR DISCHG TEMP OK,RTN,5,0,0,,!WP1001!WP1002!WP1003!WP1006!WP1007!WP1014!hist14!CP1011,1
2026-07-17 13:07:08.7,1BFA_GSM_ALM,BFA_ALM4,MARK VIE A BFPT ALARM,,STA_5,LO CLR DISCHG TEMP HIGH,ALM,5,0,0,,!WP1001!WP1002!WP1003!WP1006!WP1007!WP1014!hist14!CP1011,1
2026-07-17 13:07:12.7,1BFA_GSM_ALM,BFA_ALM4,MARK VIE A BFPT ALARM,,STA_5,LO CLR DISCHG TEMP OK,RTN,5,0,0,,!WP1001!WP1002!WP1003!WP1006!WP1007!WP1014!hist14!CP1011,1
2026-07-17 13:07:20.7,1BFA_GSM_ALM,BFA_ALM4,MARK VIE A BFPT ALARM,,STA_5,LO CLR DISCHG TEMP HIGH,ALM,5,0,0,,!WP1001!WP1002!WP1003!WP1006!WP1007!WP1014!hist14!CP1011,1
2026-07-17 13:07:22.7,1BFA_GSM_ALM,BFA_ALM4,MARK VIE A BFPT ALARM,,STA_5,LO CLR DISCHG TEMP OK,RTN,5,0,0,,!WP1001!WP1002!WP1003!WP1006!WP1007!WP1014!hist14!CP1011,1
2026-07-17 13:07:24.7,1BFA_GSM_ALM,BFA_ALM4,MARK VIE A BFPT ALARM,,STA_5,LO CLR DISCHG TEMP HIGH,ALM,5,0,0,,!WP1001!WP1002!WP1003!WP1006!WP1007!WP1014!hist14!CP1011,1
2026-07-17 13:07:26.7,1BFA_GSM_ALM,BFA_ALM4,MARK VIE A BFPT ALARM,,STA_5,LO CLR DISCHG TEMP OK,RTN,5,0,0,,!WP1001!WP1002!WP1003!WP1006!WP1007!WP1014!hist14!CP1011,1
2026-07-17 13:07:28.7,1BFA_GSM_ALM,BFA_ALM4,MARK VIE A BFPT ALARM,,STA_5,LO CLR DISCHG TEMP HIGH,ALM,5,0,0,,!WP1001!WP1002!WP1003!WP1006!WP1007!WP1014!hist14!CP1011,1
2026-07-17 13:07:30.7,1BFA_GSM_ALM,BFA_ALM4,MARK VIE A BFPT ALARM,,STA_5,LO CLR DISCHG TEMP OK,RTN,5,0,0,,!WP1001!WP1002!WP1003!WP1006!WP1007!WP1014!hist14!CP1011,1
2026-07-17 13:07:34.7,1BFA_GSM_ALM,BFA_ALM4,MARK VIE A BFPT ALARM,,STA_5,LO CLR DISCHG TEMP HIGH,ALM,5,0,0,,!WP1001!WP1002!WP1003!WP1006!WP1007!WP1014!hist14!CP1011,1
2026-07-17 13:07:36.7,1BFA_GSM_ALM,BFA_ALM4,MARK VIE A BFPT ALARM,,STA_5,LO CLR DISCHG TEMP OK,RTN,5,0,0,,!WP1001!WP1002!WP1003!WP1006!WP1007!WP1014!hist14!CP1011,1
2026-07-17 13:07:38.7,1BFA_GSM_ALM,BFA_ALM4,MARK VIE A BFPT ALARM,,STA_5,LO CLR DISCHG TEMP HIGH,ALM,5,0,0,,!WP1001!WP1002!WP1003!WP1006!WP1007!WP1014!hist14!CP1011,1
2026-07-17 13:07:41.2,1BFA_GSM_ALM,BFA_ALM4,MARK VIE A BFPT ALARM,,STA_5,LO CLR DISCHG TEMP OK,RTN,5,0,0,,!WP1001!WP1002!WP1003!WP1006!WP1007!WP1014!hist14!CP1011,1
2026-07-17 13:07:46.7,1BFA_GSM_ALM,BFA_ALM4,MARK VIE A BFPT ALARM,,STA_5,LO CLR DISCHG TEMP HIGH,ALM,5,0,0,,!WP1001!WP1002!WP1003!WP1006!WP1007!WP1014!hist14!CP1011,1
2026-07-17 13:07:48.7,1BFA_GSM_ALM,BFA_ALM4,MARK VIE A BFPT ALARM,,STA_5,LO CLR DISCHG TEMP OK,RTN,5,0,0,,!WP1001!WP1002!WP1003!WP1006!WP1007!WP1014!hist14!CP1011,1
2026-07-17 13:07:54.7,1BFA_GSM_ALM,BFA_ALM4,MARK VIE A BFPT ALARM,,STA_5,LO CLR DISCHG TEMP HIGH,ALM,5,0,0,,!WP1001!WP1002!WP1003!WP1006!WP1007!WP1014!hist14!CP1011,1
2026-07-17 13:07:56.7,1BFA_GSM_ALM,BFA_ALM4,MARK VIE A BFPT ALARM,,STA_5,LO CLR DISCHG TEMP OK,RTN,5,0,0,,!WP1001!WP1002!WP1003!WP1006!WP1007!WP1014!hist14!CP1011,1
2026-07-17 13:08:00.7,1BFA_GSM_ALM,BFA_ALM4,MARK VIE A BFPT ALARM,,STA_5,LO CLR DISCHG TEMP HIGH,ALM,5,0,0,,!WP1001!WP1002!WP1003!WP1006!WP1007!WP1014!hist14!CP1011,1
2026-07-17 13:08:02.7,1BFA_GSM_ALM,BFA_ALM4,MARK VIE A BFPT ALARM,,STA_5,LO CLR DISCHG TEMP OK,RTN,5,0,0,,!WP1001!WP1002!WP1003!WP1006!WP1007!WP1014!hist14!CP1011,1
2026-07-17 13:08:04.7,1BFA_GSM_ALM,BFA_ALM4,MARK VIE A BFPT ALARM,,STA_5,LO CLR DISCHG TEMP HIGH,ALM,5,0,0,,!WP1001!WP1002!WP1003!WP1006!WP1007!WP1014!hist14!CP1011,1
2026-07-17 13:08:07.2,1BFA_GSM_ALM,BFA_ALM4,MARK VIE A BFPT ALARM,,STA_5,LO CLR DISCHG TEMP OK,RTN,5,0,0,,!WP1001!WP1002!WP1003!WP1006!WP1007!WP1014!hist14!CP1011,1
2026-07-17 13:08:18.7,1BFA_GSM_ALM,BFA_ALM4,MARK VIE A BFPT ALARM,,STA_5,LO CLR DISCHG TEMP HIGH,ALM,5,0,0,,!WP1001!WP1002!WP1003!WP1006!WP1007!WP1014!hist14!CP1011,1
2026-07-17 13:08:24.7,1BFA_GSM_ALM,BFA_ALM4,MARK VIE A BFPT ALARM,,STA_5,LO CLR DISCHG TEMP OK,RTN,5,0,0,,!WP1001!WP1002!WP1003!WP1006!WP1007!WP1014!hist14!CP1011,1
2026-07-17 13:08:26.7,1BFA_GSM_ALM,BFA_ALM4,MARK VIE A BFPT ALARM,,STA_5,LO CLR DISCHG TEMP HIGH,ALM,5,0,0,,!WP1001!WP1002!WP1003!WP1006!WP1007!WP1014!hist14!CP1011,1
2026-07-17 13:08:28.7,1BFA_GSM_ALM,BFA_ALM4,MARK VIE A BFPT ALARM,,STA_5,LO CLR DISCHG TEMP OK,RTN,5,0,0,,!WP1001!WP1002!WP1003!WP1006!WP1007!WP1014!hist14!CP1011,1
2026-07-17 13:08:44.7,1BFA_GSM_ALM,BFA_ALM4,MARK VIE A BFPT ALARM,,STA_5,LO CLR DISCHG TEMP HIGH,ALM,5,0,0,,!WP1001!WP1002!WP1003!WP1006!WP1007!WP1014!hist14!CP1011,1
2026-07-17 13:08:46.7,1BFA_GSM_ALM,BFA_ALM4,MARK VIE A BFPT ALARM,,STA_5,LO CLR DISCHG TEMP OK,RTN,5,0,0,,!WP1001!WP1002!WP1003!WP1006!WP1007!WP1014!hist14!CP1011,1
2026-07-17 13:08:54.7,1BFA_GSM_ALM,BFA_ALM4,MARK VIE A BFPT ALARM,,STA_5,LO CLR DISCHG TEMP HIGH,ALM,5,0,0,,!WP1001!WP1002!WP1003!WP1006!WP1007!WP1014!hist14!CP1011,1
2026-07-17 13:08:57.2,1BFA_GSM_ALM,BFA_ALM4,MARK VIE A BFPT ALARM,,STA_5,LO CLR DISCHG TEMP OK,RTN,5,0,0,,!WP1001!WP1002!WP1003!WP1006!WP1007!WP1014!hist14!CP1011,1
2026-07-17 13:09:02.7,1BFA_GSM_ALM,BFA_ALM4,MARK VIE A BFPT ALARM,,STA_5,LO CLR DISCHG TEMP HIGH,ALM,5,0,0,,!WP1001!WP1002!WP1003!WP1006!WP1007!WP1014!hist14!CP1011,1
2026-07-17 13:09:04.7,1BFA_GSM_ALM,BFA_ALM4,MARK VIE A BFPT ALARM,,STA_5,LO CLR DISCHG TEMP OK,RTN,5,0,0,,!WP1001!WP1002!WP1003!WP1006!WP1007!WP1014!hist14!CP1011,1
2026-07-17 13:09:08.7,1BFA_GSM_ALM,BFA_ALM4,MARK VIE A BFPT ALARM,,STA_5,LO CLR DISCHG TEMP HIGH,ALM,5,0,0,,!WP1001!WP1002!WP1003!WP1006!WP1007!WP1014!hist14!CP1011,1
2026-07-17 13:09:12.7,1BFA_GSM_ALM,BFA_ALM4,MARK VIE A BFPT ALARM,,STA_5,LO CLR DISCHG TEMP OK,RTN,5,0,0,,!WP1001!WP1002!WP1003!WP1006!WP1007!WP1014!hist14!CP1011,1
2026-07-17 13:09:16.7,1BFA_GSM_ALM,BFA_ALM4,MARK VIE A BFPT ALARM,,STA_5,LO CLR DISCHG TEMP HIGH,ALM,5,0,0,,!WP1001!WP1002!WP1003!WP1006!WP1007!WP1014!hist14!CP1011,1
2026-07-17 13:09:20.7,1BFA_GSM_ALM,BFA_ALM4,MARK VIE A BFPT ALARM,,STA_5,LO CLR DISCHG TEMP OK,RTN,5,0,0,,!WP1001!WP1002!WP1003!WP1006!WP1007!WP1014!hist14!CP1011,1
2026-07-17 13:09:23.2,1BFA_GSM_ALM,BFA_ALM4,MARK VIE A BFPT ALARM,,STA_5,LO CLR DISCHG TEMP HIGH,ALM,5,0,0,,!WP1001!WP1002!WP1003!WP1006!WP1007!WP1014!hist14!CP1011,1
2026-07-17 13:09:26.7,1BFA_GSM_ALM,BFA_ALM4,MARK VIE A BFPT ALARM,,STA_5,LO CLR DISCHG TEMP OK,RTN,5,0,0,,!WP1001!WP1002!WP1003!WP1006!WP1007!WP1014!hist14!CP1011,1
2026-07-17 13:09:34.7,1PDF,SLPSL0001,PULV LOW SEAL AIR HDR DIFF PRESS,,LOABS,PULV LOW SEAL AIR HDR DIFF PRESS,ALM,1,3.95977,4,INH2O,!WP1001!WP1002!WP1003!WP1006!WP1007!WP1014!hist14!CP1004,1
2026-07-17 13:09:36.7,1PDF,SLPSL0001,PULV LOW SEAL AIR HDR DIFF PRESS,,LOABS,PULV LOW SEAL AIR HDR DIFF PRESS,RTN,1,4.00576,4,INH2O,!WP1001!WP1002!WP1003!WP1006!WP1007!WP1014!hist14!CP1004,1
2026-07-17 13:09:36.7,1BFA_GSM_ALM,BFA_ALM4,MARK VIE A BFPT ALARM,,STA_5,LO CLR DISCHG TEMP HIGH,ALM,5,0,0,,!WP1001!WP1002!WP1003!WP1006!WP1007!WP1014!hist14!CP1011,1
2026-07-17 13:09:37.7,1PDF,SLPSL0001,PULV LOW SEAL AIR HDR DIFF PRESS,,LOABS,PULV LOW SEAL AIR HDR DIFF PRESS,ALM,1,3.92197,4,INH2O,!WP1001!WP1002!WP1003!WP1006!WP1007!WP1014!hist14!CP1004,1
2026-07-17 13:09:46.7,1BFA_GSM_ALM,BFA_ALM4,MARK VIE A BFPT ALARM,,STA_5,LO CLR DISCHG TEMP OK,RTN,5,0,0,,!WP1001!WP1002!WP1003!WP1006!WP1007!WP1014!hist14!CP1011,1
2026-07-17 13:09:49.2,1BFA_GSM_ALM,BFA_ALM4,MARK VIE A BFPT ALARM,,STA_5,LO CLR DISCHG TEMP HIGH,ALM,5,0,0,,!WP1001!WP1002!WP1003!WP1006!WP1007!WP1014!hist14!CP1011,1
2026-07-17 13:09:52.7,1BFA_GSM_ALM,BFA_ALM4,MARK VIE A BFPT ALARM,,STA_5,LO CLR DISCHG TEMP OK,RTN,5,0,0,,!WP1001!WP1002!WP1003!WP1006!WP1007!WP1014!hist14!CP1011,1
2026-07-17 13:09:54.7,1BFA_GSM_ALM,BFA_ALM4,MARK VIE A BFPT ALARM,,STA_5,LO CLR DISCHG TEMP HIGH,ALM,5,0,0,,!WP1001!WP1002!WP1003!WP1006!WP1007!WP1014!hist14!CP1011,1
2026-07-17 13:09:56.7,1BFA_GSM_ALM,BFA_ALM4,MARK VIE A BFPT ALARM,,STA_5,LO CLR DISCHG TEMP OK,RTN,5,0,0,,!WP1001!WP1002!WP1003!WP1006!WP1007!WP1014!hist14!CP1011,1
2026-07-17 13:09:58.7,1BFA_GSM_ALM,BFA_ALM4,MARK VIE A BFPT ALARM,,STA_5,LO CLR DISCHG TEMP HIGH,ALM,5,0,0,,!WP1001!WP1002!WP1003!WP1006!WP1007!WP1014!hist14!CP1011,1
2026-07-17 13:10:00.7,1BFA_GSM_ALM,BFA_ALM4,MARK VIE A BFPT ALARM,,STA_5,LO CLR DISCHG TEMP OK,RTN,5,0,0,,!WP1001!WP1002!WP1003!WP1006!WP1007!WP1014!hist14!CP1011,1
2026-07-17 13:10:02.7,1BFA_GSM_ALM,BFA_ALM4,MARK VIE A BFPT ALARM,,STA_5,LO CLR DISCHG TEMP HIGH,ALM,5,0,0,,!WP1001!WP1002!WP1003!WP1006!WP1007!WP1014!hist14!CP1011,1
2026-07-17 13:10:06.7,1BFA_GSM_ALM,BFA_ALM4,MARK VIE A BFPT ALARM,,STA_5,LO CLR DISCHG TEMP OK,RTN,5,0,0,,!WP1001!WP1002!WP1003!WP1006!WP1007!WP1014!hist14!CP1011,1
2026-07-17 13:10:10.7,1BFA_GSM_ALM,BFA_ALM4,MARK VIE A BFPT ALARM,,STA_5,LO CLR DISCHG TEMP HIGH,ALM,5,0,0,,!WP1001!WP1002!WP1003!WP1006!WP1007!WP1014!hist14!CP1011,1
2026-07-17 13:10:12.8,1FG_B,ZSH5701A,BF B BLADE PITCH,,HIABS,BLADE PITCH ALARM,RTN,3,69.877,70,%,!WP1001!WP1002!WP1003!WP1006!WP1007!WP1014!hist14!CP1015,1
2026-07-17 13:10:14.7,1PDF,SLPSL0001,PULV LOW SEAL AIR HDR DIFF PRESS,,LOABS,PULV LOW SEAL AIR HDR DIFF PRESS,RTN,1,4.03535,4,INH2O,!WP1001!WP1002!WP1003!WP1006!WP1007!WP1014!hist14!CP1004,1
2026-07-17 13:10:15.7,1PDF,SLPSL0001,PULV LOW SEAL AIR HDR DIFF PRESS,,LOABS,PULV LOW SEAL AIR HDR DIFF PRESS,ALM,1,3.9208,4,INH2O,!WP1001!WP1002!WP1003!WP1006!WP1007!WP1014!hist14!CP1004,1
2026-07-17 13:10:15.2,1BFA_GSM_ALM,BFA_ALM4,MARK VIE A BFPT ALARM,,STA_5,LO CLR DISCHG TEMP OK,RTN,5,0,0,,!WP1001!WP1002!WP1003!WP1006!WP1007!WP1014!hist14!CP1011,1
2026-07-17 13:10:15.8,1FG_A,ZSH5601A,BF A BLADE PITCH,,HIABS,BLADE PITCH ALARM,RTN,3,69.8086,70,%,!WP1001!WP1002!WP1003!WP1006!WP1007!WP1014!hist14!CP1015,1
2026-07-17 13:10:16.7,1BFA_GSM_ALM,BFA_ALM4,MARK VIE A BFPT ALARM,,STA_5,LO CLR DISCHG TEMP HIGH,ALM,5,0,0,,!WP1001!WP1002!WP1003!WP1006!WP1007!WP1014!hist14!CP1011,1
2026-07-17 13:10:19.7,1PDF,SLPSL0001,PULV LOW SEAL AIR HDR DIFF PRESS,,LOABS,PULV LOW SEAL AIR HDR DIFF PRESS,RTN,1,4.00635,4,INH2O,!WP1001!WP1002!WP1003!WP1006!WP1007!WP1014!hist14!CP1004,1
2026-07-17 13:10:20.7,1BFA_GSM_ALM,BFA_ALM4,MARK VIE A BFPT ALARM,,STA_5,LO CLR DISCHG TEMP OK,RTN,5,0,0,,!WP1001!WP1002!WP1003!WP1006!WP1007!WP1014!hist14!CP1011,1
2026-07-17 13:10:22.7,1PDF,SLPSL0001,PULV LOW SEAL AIR HDR DIFF PRESS,,LOABS,PULV LOW SEAL AIR HDR DIFF PRESS,ALM,1,3.97529,4,INH2O,!WP1001!WP1002!WP1003!WP1006!WP1007!WP1014!hist14!CP1004,1
2026-07-17 13:10:24.7,1BFA_GSM_ALM,BFA_ALM4,MARK VIE A BFPT ALARM,,STA_5,LO CLR DISCHG TEMP HIGH,ALM,5,0,0,,!WP1001!WP1002!WP1003!WP1006!WP1007!WP1014!hist14!CP1011,1
2026-07-17 13:10:26.7,1BFA_GSM_ALM,BFA_ALM4,MARK VIE A BFPT ALARM,,STA_5,LO CLR DISCHG TEMP OK,RTN,5,0,0,,!WP1001!WP1002!WP1003!WP1006!WP1007!WP1014!hist14!CP1011,1
2026-07-17 13:10:28.7,1BFA_GSM_ALM,BFA_ALM4,MARK VIE A BFPT ALARM,,STA_5,LO CLR DISCHG TEMP HIGH,ALM,5,0,0,,!WP1001!WP1002!WP1003!WP1006!WP1007!WP1014!hist14!CP1011,1
2026-07-17 13:10:36.7,1BFA_GSM_ALM,BFA_ALM4,MARK VIE A BFPT ALARM,,STA_5,LO CLR DISCHG TEMP OK,RTN,5,0,0,,!WP1001!WP1002!WP1003!WP1006!WP1007!WP1014!hist14!CP1011,1
2026-07-17 13:10:41.2,1BFA_GSM_ALM,BFA_ALM4,MARK VIE A BFPT ALARM,,STA_5,LO CLR DISCHG TEMP HIGH,ALM,5,0,0,,!WP1001!WP1002!WP1003!WP1006!WP1007!WP1014!hist14!CP1011,1
2026-07-17 13:10:42.7,1BFA_GSM_ALM,BFA_ALM4,MARK VIE A BFPT ALARM,,STA_5,LO CLR DISCHG TEMP OK,RTN,5,0,0,,!WP1001!WP1002!WP1003!WP1006!WP1007!WP1014!hist14!CP1011,1
2026-07-17 13:10:44.7,1BFA_GSM_ALM,BFA_ALM4,MARK VIE A BFPT ALARM,,STA_5,LO CLR DISCHG TEMP HIGH,ALM,5,0,0,,!WP1001!WP1002!WP1003!WP1006!WP1007!WP1014!hist14!CP1011,1
2026-07-17 13:10:46.7,1BFA_GSM_ALM,BFA_ALM4,MARK VIE A BFPT ALARM,,STA_5,LO CLR DISCHG TEMP OK,RTN,5,0,0,,!WP1001!WP1002!WP1003!WP1006!WP1007!WP1014!hist14!CP1011,1
2026-07-17 13:10:47.7,1FUEL_SFTY,FPTX_ALM,DRAFT TRANSMITTER DEVIATION,,STATE,FURN DRAFT PRESS XMTR DEVIATION,ALM,5,,,,!WP1001!WP1002!WP1003!WP1006!WP1007!WP1014!hist14!CP1004,1
2026-07-17 13:10:48.7,1FUEL_SFTY,FPTX_ALM,DRAFT TRANSMITTER DEVIATION,,STATE,NO DEVIATION,RTN,5,,,,!WP1001!WP1002!WP1003!WP1006!WP1007!WP1014!hist14!CP1004,1
2026-07-17 13:10:51.7,1PDF,SLPSL0001,PULV LOW SEAL AIR HDR DIFF PRESS,,LOABS,PULV LOW SEAL AIR HDR DIFF PRESS,RTN,1,4.1373,4,INH2O,!WP1001!WP1002!WP1003!WP1006!WP1007!WP1014!hist14!CP1004,1
2026-07-17 13:10:52.7,1FUEL_SFTY,FPTX_ALM,DRAFT TRANSMITTER DEVIATION,,STATE,FURN DRAFT PRESS XMTR DEVIATION,ALM,5,,,,!WP1001!WP1002!WP1003!WP1006!WP1007!WP1014!hist14!CP1004,1
2026-07-17 13:10:52.7,1BFA_GSM_ALM,BFA_ALM4,MARK VIE A BFPT ALARM,,STA_5,LO CLR DISCHG TEMP HIGH,ALM,5,0,0,,!WP1001!WP1002!WP1003!WP1006!WP1007!WP1014!hist14!CP1011,1
2026-07-17 13:10:58.3,1SEAL_AIR,PDI5735_ALM,BF B OUT DMPR SEAL CAV D/P LOW,,STATE,DP ALARM CLEAR,RTN,3,,,,!WP1001!WP1002!WP1003!WP1006!WP1007!WP1014!hist14!CP1015,1
2026-07-17 13:11:02.7,1BFA_GSM_ALM,BFA_ALM4,MARK VIE A BFPT ALARM,,STA_5,LO CLR DISCHG TEMP OK,RTN,5,0,0,,!WP1001!WP1002!WP1003!WP1006!WP1007!WP1014!hist14!CP1011,1
2026-07-17 13:11:06.7,1FUEL_SFTY,FPTX_ALM,DRAFT TRANSMITTER DEVIATION,,STATE,NO DEVIATION,RTN,5,,,,!WP1001!WP1002!WP1003!WP1006!WP1007!WP1014!hist14!CP1004,1
2026-07-17 13:11:07.2,1BFA_GSM_ALM,BFA_ALM4,MARK VIE A BFPT ALARM,,STA_5,LO CLR DISCHG TEMP HIGH,ALM,5,0,0,,!WP1001!WP1002!WP1003!WP1006!WP1007!WP1014!hist14!CP1011,1
2026-07-17 13:11:10.7,1BFA_GSM_ALM,BFA_ALM4,MARK VIE A BFPT ALARM,,STA_5,LO CLR DISCHG TEMP OK,RTN,5,0,0,,!WP1001!WP1002!WP1003!WP1006!WP1007!WP1014!hist14!CP1011,1
2026-07-17 13:11:12.7,1BFA_GSM_ALM,BFA_ALM4,MARK VIE A BFPT ALARM,,STA_5,LO CLR DISCHG TEMP HIGH,ALM,5,0,0,,!WP1001!WP1002!WP1003!WP1006!WP1007!WP1014!hist14!CP1011,1
2026-07-17 13:11:14.7,1BFA_GSM_ALM,BFA_ALM4,MARK VIE A BFPT ALARM,,STA_5,LO CLR DISCHG TEMP OK,RTN,5,0,0,,!WP1001!WP1002!WP1003!WP1006!WP1007!WP1014!hist14!CP1011,1
2026-07-17 13:11:16.7,1BFA_GSM_ALM,BFA_ALM4,MARK VIE A BFPT ALARM,,STA_5,LO CLR DISCHG TEMP HIGH,ALM,5,0,0,,!WP1001!WP1002!WP1003!WP1006!WP1007!WP1014!hist14!CP1011,1
2026-07-17 13:11:18.7,1BFA_GSM_ALM,BFA_ALM4,MARK VIE A BFPT ALARM,,STA_5,LO CLR DISCHG TEMP OK,RTN,5,0,0,,!WP1001!WP1002!WP1003!WP1006!WP1007!WP1014!hist14!CP1011,1
2026-07-17 13:11:24.7,1BFA_GSM_ALM,BFA_ALM4,MARK VIE A BFPT ALARM,,STA_5,LO CLR DISCHG TEMP HIGH,ALM,5,0,0,,!WP1001!WP1002!WP1003!WP1006!WP1007!WP1014!hist14!CP1011,1
2026-07-17 13:11:34.7,1BFA_GSM_ALM,BFA_ALM4,MARK VIE A BFPT ALARM,,STA_5,LO CLR DISCHG TEMP OK,RTN,5,0,0,,!WP1001!WP1002!WP1003!WP1006!WP1007!WP1014!hist14!CP1011,1
2026-07-17 13:11:36.7,1BFA_GSM_ALM,BFA_ALM4,MARK VIE A BFPT ALARM,,STA_5,LO CLR DISCHG TEMP HIGH,ALM,5,0,0,,!WP1001!WP1002!WP1003!WP1006!WP1007!WP1014!hist14!CP1011,1
2026-07-17 13:11:48.7,1BFA_GSM_ALM,BFA_ALM4,MARK VIE A BFPT ALARM,,STA_5,LO CLR DISCHG TEMP OK,RTN,5,0,0,,!WP1001!WP1002!WP1003!WP1006!WP1007!WP1014!hist14!CP1011,1
2026-07-17 13:11:50.7,1BFA_GSM_ALM,BFA_ALM4,MARK VIE A BFPT ALARM,,STA_5,LO CLR DISCHG TEMP HIGH,ALM,5,0,0,,!WP1001!WP1002!WP1003!WP1006!WP1007!WP1014!hist14!CP1011,1
2026-07-17 13:12:04.7,1BFA_GSM_ALM,BFA_ALM4,MARK VIE A BFPT ALARM,,STA_5,LO CLR DISCHG TEMP OK,RTN,5,0,0,,!WP1001!WP1002!WP1003!WP1006!WP1007!WP1014!hist14!CP1011,1
2026-07-17 13:12:06.7,1BFA_GSM_ALM,BFA_ALM4,MARK VIE A BFPT ALARM,,STA_5,LO CLR DISCHG TEMP HIGH,ALM,5,0,0,,!WP1001!WP1002!WP1003!WP1006!WP1007!WP1014!hist14!CP1011,1
2026-07-17 13:12:14.7,1BFA_GSM_ALM,BFA_ALM4,MARK VIE A BFPT ALARM,,STA_5,LO CLR DISCHG TEMP OK,RTN,5,0,0,,!WP1001!WP1002!WP1003!WP1006!WP1007!WP1014!hist14!CP1011,1
2026-07-17 13:12:16.7,1BFA_GSM_ALM,BFA_ALM4,MARK VIE A BFPT ALARM,,STA_5,LO CLR DISCHG TEMP HIGH,ALM,5,0,0,,!WP1001!WP1002!WP1003!WP1006!WP1007!WP1014!hist14!CP1011,1
2026-07-17 13:12:23.2,1BFA_GSM_ALM,BFA_ALM4,MARK VIE A BFPT ALARM,,STA_5,LO CLR DISCHG TEMP OK,RTN,5,0,0,,!WP1001!WP1002!WP1003!WP1006!WP1007!WP1014!hist14!CP1011,1
2026-07-17 13:12:25.2,1BFA_GSM_ALM,BFA_ALM4,MARK VIE A BFPT ALARM,,STA_5,LO CLR DISCHG TEMP HIGH,ALM,5,0,0,,!WP1001!WP1002!WP1003!WP1006!WP1007!WP1014!hist14!CP1011,1
2026-07-17 13:12:26.7,1BFA_GSM_ALM,BFA_ALM4,MARK VIE A BFPT ALARM,,STA_5,LO CLR DISCHG TEMP OK,RTN,5,0,0,,!WP1001!WP1002!WP1003!WP1006!WP1007!WP1014!hist14!CP1011,1
2026-07-17 13:12:28.7,1BFA_GSM_ALM,BFA_ALM4,MARK VIE A BFPT ALARM,,STA_5,LO CLR DISCHG TEMP HIGH,ALM,5,0,0,,!WP1001!WP1002!WP1003!WP1006!WP1007!WP1014!hist14!CP1011,1
2026-07-17 13:12:32.7,1BFA_GSM_ALM,BFA_ALM4,MARK VIE A BFPT ALARM,,STA_5,LO CLR DISCHG TEMP OK,RTN,5,0,0,,!WP1001!WP1002!WP1003!WP1006!WP1007!WP1014!hist14!CP1011,1
2026-07-17 13:12:34.7,1BFA_GSM_ALM,BFA_ALM4,MARK VIE A BFPT ALARM,,STA_5,LO CLR DISCHG TEMP HIGH,ALM,5,0,0,,!WP1001!WP1002!WP1003!WP1006!WP1007!WP1014!hist14!CP1011,1
2026-07-17 13:12:38.7,1BFA_GSM_ALM,BFA_ALM4,MARK VIE A BFPT ALARM,,STA_5,LO CLR DISCHG TEMP OK,RTN,5,0,0,,!WP1001!WP1002!WP1003!WP1006!WP1007!WP1014!hist14!CP1011,1
2026-07-17 13:12:40.7,1BFA_GSM_ALM,BFA_ALM4,MARK VIE A BFPT ALARM,,STA_5,LO CLR DISCHG TEMP HIGH,ALM,5,0,0,,!WP1001!WP1002!WP1003!WP1006!WP1007!WP1014!hist14!CP1011,1
2026-07-17 13:12:42.7,1BFA_GSM_ALM,BFA_ALM4,MARK VIE A BFPT ALARM,,STA_5,LO CLR DISCHG TEMP OK,RTN,5,0,0,,!WP1001!WP1002!WP1003!WP1006!WP1007!WP1014!hist14!CP1011,1
2026-07-17 13:12:44.7,1BFA_GSM_ALM,BFA_ALM4,MARK VIE A BFPT ALARM,,STA_5,LO CLR DISCHG TEMP HIGH,ALM,5,0,0,,!WP1001!WP1002!WP1003!WP1006!WP1007!WP1014!hist14!CP1011,1
2026-07-17 13:13:05.7,1PDF,SLPSL0001,PULV LOW SEAL AIR HDR DIFF PRESS,,LOABS,PULV LOW SEAL AIR HDR DIFF PRESS,ALM,1,3.90938,4,INH2O,!WP1001!WP1002!WP1003!WP1006!WP1007!WP1014!hist14!CP1004,1
2026-07-17 13:13:10.7,1BFA_GSM_ALM,BFA_ALM4,MARK VIE A BFPT ALARM,,STA_5,LO CLR DISCHG TEMP OK,RTN,5,0,0,,!WP1001!WP1002!WP1003!WP1006!WP1007!WP1014!hist14!CP1011,1
2026-07-17 13:13:12.7,1BFA_GSM_ALM,BFA_ALM4,MARK VIE A BFPT ALARM,,STA_5,LO CLR DISCHG TEMP HIGH,ALM,5,0,0,,!WP1001!WP1002!WP1003!WP1006!WP1007!WP1014!hist14!CP1011,1
2026-07-17 13:13:26.7,1BFA_GSM_ALM,BFA_ALM4,MARK VIE A BFPT ALARM,,STA_5,LO CLR DISCHG TEMP OK,RTN,5,0,0,,!WP1001!WP1002!WP1003!WP1006!WP1007!WP1014!hist14!CP1011,1
2026-07-17 13:13:28.7,1BFA_GSM_ALM,BFA_ALM4,MARK VIE A BFPT ALARM,,STA_5,LO CLR DISCHG TEMP HIGH,ALM,5,0,0,,!WP1001!WP1002!WP1003!WP1006!WP1007!WP1014!hist14!CP1011,1
2026-07-17 13:13:43.1,IDFAN_PEEC,OPCY_ALM,PRECIP OUT > 50%,PRECIP OUTLET,STATE,ALARM,ALM,3,,,,!WP1001!WP1002!WP1003!WP1006!WP1007!WP1014!hist14!CP1003,1
2026-07-17 13:13:48.1,IDFAN_PEEC,OPCY_ALM,PRECIP OUT > 50%,PRECIP OUTLET,STATE,NORMAL,RTN,3,,,,!WP1001!WP1002!WP1003!WP1006!WP1007!WP1014!hist14!CP1003,1
2026-07-17 13:13:52.7,1BFA_GSM_ALM,BFA_ALM4,MARK VIE A BFPT ALARM,,STA_5,LO CLR DISCHG TEMP OK,RTN,5,0,0,,!WP1001!WP1002!WP1003!WP1006!WP1007!WP1014!hist14!CP1011,1
2026-07-17 13:13:54.7,1BFA_GSM_ALM,BFA_ALM4,MARK VIE A BFPT ALARM,,STA_5,LO CLR DISCHG TEMP HIGH,ALM,5,0,0,,!WP1001!WP1002!WP1003!WP1006!WP1007!WP1014!hist14!CP1011,1
2026-07-17 13:14:16.7,1BFA_GSM_ALM,BFA_ALM4,MARK VIE A BFPT ALARM,,STA_5,LO CLR DISCHG TEMP OK,RTN,5,0,0,,!WP1001!WP1002!WP1003!WP1006!WP1007!WP1014!hist14!CP1011,1
2026-07-17 13:14:18.7,1BFA_GSM_ALM,BFA_ALM4,MARK VIE A BFPT ALARM,,STA_5,LO CLR DISCHG TEMP HIGH,ALM,5,0,0,,!WP1001!WP1002!WP1003!WP1006!WP1007!WP1014!hist14!CP1011,1
2026-07-17 13:14:28.7,1BFA_GSM_ALM,BFA_ALM4,MARK VIE A BFPT ALARM,,STA_5,LO CLR DISCHG TEMP OK,RTN,5,0,0,,!WP1001!WP1002!WP1003!WP1006!WP1007!WP1014!hist14!CP1011,1
2026-07-17 13:14:30.7,1BFA_GSM_ALM,BFA_ALM4,MARK VIE A BFPT ALARM,,STA_5,LO CLR DISCHG TEMP HIGH,ALM,5,0,0,,!WP1001!WP1002!WP1003!WP1006!WP1007!WP1014!hist14!CP1011,1
2026-07-17 13:14:33.2,1BFA_GSM_ALM,BFA_ALM4,MARK VIE A BFPT ALARM,,STA_5,LO CLR DISCHG TEMP OK,RTN,5,0,0,,!WP1001!WP1002!WP1003!WP1006!WP1007!WP1014!hist14!CP1011,1
2026-07-17 13:14:38.7,1BFA_GSM_ALM,BFA_ALM4,MARK VIE A BFPT ALARM,,STA_5,LO CLR DISCHG TEMP HIGH,ALM,5,0,0,,!WP1001!WP1002!WP1003!WP1006!WP1007!WP1014!hist14!CP1011,1
2026-07-17 13:14:42.7,1BFA_GSM_ALM,BFA_ALM4,MARK VIE A BFPT ALARM,,STA_5,LO CLR DISCHG TEMP OK,RTN,5,0,0,,!WP1001!WP1002!WP1003!WP1006!WP1007!WP1014!hist14!CP1011,1
2026-07-17 13:14:44.7,1BFA_GSM_ALM,BFA_ALM4,MARK VIE A BFPT ALARM,,STA_5,LO CLR DISCHG TEMP HIGH,ALM,5,0,0,,!WP1001!WP1002!WP1003!WP1006!WP1007!WP1014!hist14!CP1011,1
2026-07-17 13:14:51.7,1PDF,SLPSL0001,PULV LOW SEAL AIR HDR DIFF PRESS,,LOABS,PULV LOW SEAL AIR HDR DIFF PRESS,RTN,1,4.00928,4,INH2O,!WP1001!WP1002!WP1003!WP1006!WP1007!WP1014!hist14!CP1004,1
2026-07-17 13:14:52.7,1PDF,SLPSL0001,PULV LOW SEAL AIR HDR DIFF PRESS,,LOABS,PULV LOW SEAL AIR HDR DIFF PRESS,ALM,1,3.88945,4,INH2O,!WP1001!WP1002!WP1003!WP1006!WP1007!WP1014!hist14!CP1004,1
2026-07-17 13:14:57.2,1BFA_GSM_ALM,BFA_ALM4,MARK VIE A BFPT ALARM,,STA_5,LO CLR DISCHG TEMP OK,RTN,5,0,0,,!WP1001!WP1002!WP1003!WP1006!WP1007!WP1014!hist14!CP1011,1
2026-07-17 13:14:59.2,1BFA_GSM_ALM,BFA_ALM4,MARK VIE A BFPT ALARM,,STA_5,LO CLR DISCHG TEMP HIGH,ALM,5,0,0,,!WP1001!WP1002!WP1003!WP1006!WP1007!WP1014!hist14!CP1011,1
2026-07-17 13:15:03.7,1PDF,SLPSL0001,PULV LOW SEAL AIR HDR DIFF PRESS,,LOABS,PULV LOW SEAL AIR HDR DIFF PRESS,RTN,1,4.04971,4,INH2O,!WP1001!WP1002!WP1003!WP1006!WP1007!WP1014!hist14!CP1004,1
2026-07-17 13:15:04.5,1TC,B21,DROOP ACTIVE,DROOP,STATE,ACTIVE,ALM,5,,,,!hist14!CP1001,2
2026-07-17 13:15:12.7,1BFA_GSM_ALM,BFA_ALM4,MARK VIE A BFPT ALARM,,STA_5,LO CLR DISCHG TEMP OK,RTN,5,0,0,,!WP1001!WP1002!WP1003!WP1006!WP1007!WP1014!hist14!CP1011,1
2026-07-17 13:15:14.7,1BFA_GSM_ALM,BFA_ALM4,MARK VIE A BFPT ALARM,,STA_5,LO CLR DISCHG TEMP HIGH,ALM,5,0,0,,!WP1001!WP1002!WP1003!WP1006!WP1007!WP1014!hist14!CP1011,1
2026-07-17 13:15:18.7,1BFA_GSM_ALM,BFA_ALM4,MARK VIE A BFPT ALARM,,STA_5,LO CLR DISCHG TEMP OK,RTN,5,0,0,,!WP1001!WP1002!WP1003!WP1006!WP1007!WP1014!hist14!CP1011,1
2026-07-17 13:15:21.2,1SCR_B_PRESS,FGPDI5228B,SCR B CAT LAYER 4 DP,1SR114 PNT 4,HHABS,HI HI DP,ALM,1,1.70065,1.7,INH2O,!WP1001!WP1002!WP1003!WP1006!WP1007!WP1014!hist14!CP1016,1
2026-07-17 13:15:23.2,1BFA_GSM_ALM,BFA_ALM4,MARK VIE A BFPT ALARM,,STA_5,LO CLR DISCHG TEMP HIGH,ALM,5,0,0,,!WP1001!WP1002!WP1003!WP1006!WP1007!WP1014!hist14!CP1011,1
2026-07-17 13:15:30.7,1BFA_GSM_ALM,BFA_ALM4,MARK VIE A BFPT ALARM,,STA_5,LO CLR DISCHG TEMP OK,RTN,5,0,0,,!WP1001!WP1002!WP1003!WP1006!WP1007!WP1014!hist14!CP1011,1
2026-07-17 13:15:32.7,1BFA_GSM_ALM,BFA_ALM4,MARK VIE A BFPT ALARM,,STA_5,LO CLR DISCHG TEMP HIGH,ALM,5,0,0,,!WP1001!WP1002!WP1003!WP1006!WP1007!WP1014!hist14!CP1011,1
2026-07-17 13:16:00.7,1BFA_GSM_ALM,BFA_ALM4,MARK VIE A BFPT ALARM,,STA_5,LO CLR DISCHG TEMP OK,RTN,5,0,0,,!WP1001!WP1002!WP1003!WP1006!WP1007!WP1014!hist14!CP1011,1
2026-07-17 13:16:02.7,1BFA_GSM_ALM,BFA_ALM4,MARK VIE A BFPT ALARM,,STA_5,LO CLR DISCHG TEMP HIGH,ALM,5,0,0,,!WP1001!WP1002!WP1003!WP1006!WP1007!WP1014!hist14!CP1011,1
2026-07-17 13:16:26.5,1TC,B21,DROOP ACTIVE,DROOP,STATE,NORMAL,RTN,5,,,,!hist14!CP1001,2
2026-07-17 13:16:26.7,1BFA_GSM_ALM,BFA_ALM4,MARK VIE A BFPT ALARM,,STA_5,LO CLR DISCHG TEMP OK,RTN,5,0,0,,!WP1001!WP1002!WP1003!WP1006!WP1007!WP1014!hist14!CP1011,1
2026-07-17 13:16:30.7,1BFA_GSM_ALM,BFA_ALM4,MARK VIE A BFPT ALARM,,STA_5,LO CLR DISCHG TEMP HIGH,ALM,5,0,0,,!WP1001!WP1002!WP1003!WP1006!WP1007!WP1014!hist14!CP1011,1
2026-07-17 13:16:36.8,1FG_A,ZSH5601A,BF A BLADE PITCH,,HIABS,BLADE PITCH ALARM,ALM,3,70.0098,70,%,!WP1001!WP1002!WP1003!WP1006!WP1007!WP1014!hist14!CP1015,1
2026-07-17 13:16:40.8,1FG_B,ZSH5701A,BF B BLADE PITCH,,HIABS,BLADE PITCH ALARM,ALM,3,70.0957,70,%,!WP1001!WP1002!WP1003!WP1006!WP1007!WP1014!hist14!CP1015,1
2026-07-17 13:16:54.7,1BFA_GSM_ALM,BFA_ALM4,MARK VIE A BFPT ALARM,,STA_5,LO CLR DISCHG TEMP OK,RTN,5,0,0,,!WP1001!WP1002!WP1003!WP1006!WP1007!WP1014!hist14!CP1011,1
2026-07-17 13:16:56.7,1BFA_GSM_ALM,BFA_ALM4,MARK VIE A BFPT ALARM,,STA_5,LO CLR DISCHG TEMP HIGH,ALM,5,0,0,,!WP1001!WP1002!WP1003!WP1006!WP1007!WP1014!hist14!CP1011,1
2026-07-17 13:16:58.7,1BFA_GSM_ALM,BFA_ALM4,MARK VIE A BFPT ALARM,,STA_5,LO CLR DISCHG TEMP OK,RTN,5,0,0,,!WP1001!WP1002!WP1003!WP1006!WP1007!WP1014!hist14!CP1011,1
2026-07-17 13:17:00.7,1BFA_GSM_ALM,BFA_ALM4,MARK VIE A BFPT ALARM,,STA_5,LO CLR DISCHG TEMP HIGH,ALM,5,0,0,,!WP1001!WP1002!WP1003!WP1006!WP1007!WP1014!hist14!CP1011,1
2026-07-17 13:17:02.7,1BFA_GSM_ALM,BFA_ALM4,MARK VIE A BFPT ALARM,,STA_5,LO CLR DISCHG TEMP OK,RTN,5,0,0,,!WP1001!WP1002!WP1003!WP1006!WP1007!WP1014!hist14!CP1011,1
2026-07-17 13:17:05.2,1BFA_GSM_ALM,BFA_ALM4,MARK VIE A BFPT ALARM,,STA_5,LO CLR DISCHG TEMP HIGH,ALM,5,0,0,,!WP1001!WP1002!WP1003!WP1006!WP1007!WP1014!hist14!CP1011,1
2026-07-17 13:17:05.8,1FG_B,ZSH5701A,BF B BLADE PITCH,,HIABS,BLADE PITCH ALARM,RTN,3,69.8965,70,%,!WP1001!WP1002!WP1003!WP1006!WP1007!WP1014!hist14!CP1015,1
2026-07-17 13:17:07.7,1PDF,SLPSL0001,PULV LOW SEAL AIR HDR DIFF PRESS,,LOABS,PULV LOW SEAL AIR HDR DIFF PRESS,ALM,1,3.97412,4,INH2O,!WP1001!WP1002!WP1003!WP1006!WP1007!WP1014!hist14!CP1004,1
2026-07-17 13:17:12.7,1BFA_GSM_ALM,BFA_ALM4,MARK VIE A BFPT ALARM,,STA_5,LO CLR DISCHG TEMP OK,RTN,5,0,0,,!WP1001!WP1002!WP1003!WP1006!WP1007!WP1014!hist14!CP1011,1
2026-07-17 13:17:14.7,1BFA_GSM_ALM,BFA_ALM4,MARK VIE A BFPT ALARM,,STA_5,LO CLR DISCHG TEMP HIGH,ALM,5,0,0,,!WP1001!WP1002!WP1003!WP1006!WP1007!WP1014!hist14!CP1011,1
2026-07-17 13:17:19.3,1FG_A,ZSH5601A,BF A BLADE PITCH,,HIABS,BLADE PITCH ALARM,RTN,3,69.793,70,%,!WP1001!WP1002!WP1003!WP1006!WP1007!WP1014!hist14!CP1015,1
2026-07-17 13:17:26.7,1BFA_GSM_ALM,BFA_ALM4,MARK VIE A BFPT ALARM,,STA_5,LO CLR DISCHG TEMP OK,RTN,5,0,0,,!WP1001!WP1002!WP1003!WP1006!WP1007!WP1014!hist14!CP1011,1
2026-07-17 13:17:31.2,1BFA_GSM_ALM,BFA_ALM4,MARK VIE A BFPT ALARM,,STA_5,LO CLR DISCHG TEMP HIGH,ALM,5,0,0,,!WP1001!WP1002!WP1003!WP1006!WP1007!WP1014!hist14!CP1011,1
2026-07-17 13:17:33.3,1SEAL_AIR,PDI5735_ALM,BF B OUT DMPR SEAL CAV D/P LOW,,STATE,DP ALARM ACTIVE,ALM,3,,,,!WP1001!WP1002!WP1003!WP1006!WP1007!WP1014!hist14!CP1015,1
2026-07-17 13:17:36.7,1BFA_GSM_ALM,BFA_ALM4,MARK VIE A BFPT ALARM,,STA_5,LO CLR DISCHG TEMP OK,RTN,5,0,0,,!WP1001!WP1002!WP1003!WP1006!WP1007!WP1014!hist14!CP1011,1
2026-07-17 13:17:38.7,1BFA_GSM_ALM,BFA_ALM4,MARK VIE A BFPT ALARM,,STA_5,LO CLR DISCHG TEMP HIGH,ALM,5,0,0,,!WP1001!WP1002!WP1003!WP1006!WP1007!WP1014!hist14!CP1011,1
2026-07-17 13:17:38.7,1SCR_B_PRESS,FGPDI5228B,SCR B CAT LAYER 4 DP,1SR114 PNT 4,HHABS,HI HI DP,RTN,1,1.19922,1.7,INH2O,!WP1001!WP1002!WP1003!WP1006!WP1007!WP1014!hist14!CP1016,1
2026-07-17 13:17:54.7,1BFA_GSM_ALM,BFA_ALM4,MARK VIE A BFPT ALARM,,STA_5,LO CLR DISCHG TEMP OK,RTN,5,0,0,,!WP1001!WP1002!WP1003!WP1006!WP1007!WP1014!hist14!CP1011,1
2026-07-17 13:17:57.2,1BFA_GSM_ALM,BFA_ALM4,MARK VIE A BFPT ALARM,,STA_5,LO CLR DISCHG TEMP HIGH,ALM,5,0,0,,!WP1001!WP1002!WP1003!WP1006!WP1007!WP1014!hist14!CP1011,1
2026-07-17 13:18:05.8,1SEAL_AIR,PDI5735_ALM,BF B OUT DMPR SEAL CAV D/P LOW,,STATE,DP ALARM CLEAR,RTN,3,,,,!WP1001!WP1002!WP1003!WP1006!WP1007!WP1014!hist14!CP1015,1
2026-07-17 13:18:08.7,1BFA_GSM_ALM,BFA_ALM4,MARK VIE A BFPT ALARM,,STA_5,LO CLR DISCHG TEMP OK,RTN,5,0,0,,!WP1001!WP1002!WP1003!WP1006!WP1007!WP1014!hist14!CP1011,1
2026-07-17 13:18:10.7,1BFA_GSM_ALM,BFA_ALM4,MARK VIE A BFPT ALARM,,STA_5,LO CLR DISCHG TEMP HIGH,ALM,5,0,0,,!WP1001!WP1002!WP1003!WP1006!WP1007!WP1014!hist14!CP1011,1
2026-07-17 13:18:16.7,1BFA_GSM_ALM,BFA_ALM4,MARK VIE A BFPT ALARM,,STA_5,LO CLR DISCHG TEMP OK,RTN,5,0,0,,!WP1001!WP1002!WP1003!WP1006!WP1007!WP1014!hist14!CP1011,1
2026-07-17 13:18:18.7,1BFA_GSM_ALM,BFA_ALM4,MARK VIE A BFPT ALARM,,STA_5,LO CLR DISCHG TEMP HIGH,ALM,5,0,0,,!WP1001!WP1002!WP1003!WP1006!WP1007!WP1014!hist14!CP1011,1
2026-07-17 13:18:26.7,1BFA_GSM_ALM,BFA_ALM4,MARK VIE A BFPT ALARM,,STA_5,LO CLR DISCHG TEMP OK,RTN,5,0,0,,!WP1001!WP1002!WP1003!WP1006!WP1007!WP1014!hist14!CP1011,1
2026-07-17 13:18:30.7,1BFA_GSM_ALM,BFA_ALM4,MARK VIE A BFPT ALARM,,STA_5,LO CLR DISCHG TEMP HIGH,ALM,5,0,0,,!WP1001!WP1002!WP1003!WP1006!WP1007!WP1014!hist14!CP1011,1
2026-07-17 13:18:36.7,1BFA_GSM_ALM,BFA_ALM4,MARK VIE A BFPT ALARM,,STA_5,LO CLR DISCHG TEMP OK,RTN,5,0,0,,!WP1001!WP1002!WP1003!WP1006!WP1007!WP1014!hist14!CP1011,1
2026-07-17 13:18:38.7,1BFA_GSM_ALM,BFA_ALM4,MARK VIE A BFPT ALARM,,STA_5,LO CLR DISCHG TEMP HIGH,ALM,5,0,0,,!WP1001!WP1002!WP1003!WP1006!WP1007!WP1014!hist14!CP1011,1
2026-07-17 13:18:40.7,1BFA_GSM_ALM,BFA_ALM4,MARK VIE A BFPT ALARM,,STA_5,LO CLR DISCHG TEMP OK,RTN,5,0,0,,!WP1001!WP1002!WP1003!WP1006!WP1007!WP1014!hist14!CP1011,1
2026-07-17 13:18:42.7,1BFA_GSM_ALM,BFA_ALM4,MARK VIE A BFPT ALARM,,STA_5,LO CLR DISCHG TEMP HIGH,ALM,5,0,0,,!WP1001!WP1002!WP1003!WP1006!WP1007!WP1014!hist14!CP1011,1
2026-07-17 13:18:44.7,1PDF,SLPSL0001,PULV LOW SEAL AIR HDR DIFF PRESS,,LOABS,PULV LOW SEAL AIR HDR DIFF PRESS,RTN,1,4.03711,4,INH2O,!WP1001!WP1002!WP1003!WP1006!WP1007!WP1014!hist14!CP1004,1
2026-07-17 13:18:47.7,1PDF,SLPSL0001,PULV LOW SEAL AIR HDR DIFF PRESS,,LOABS,PULV LOW SEAL AIR HDR DIFF PRESS,ALM,1,3.99346,4,INH2O,!WP1001!WP1002!WP1003!WP1006!WP1007!WP1014!hist14!CP1004,1
2026-07-17 13:18:48.7,1PDF,SLPSL0001,PULV LOW SEAL AIR HDR DIFF PRESS,,LOABS,PULV LOW SEAL AIR HDR DIFF PRESS,RTN,1,4.02773,4,INH2O,!WP1001!WP1002!WP1003!WP1006!WP1007!WP1014!hist14!CP1004,1
2026-07-17 13:18:49.7,1PDF,SLPSL0001,PULV LOW SEAL AIR HDR DIFF PRESS,,LOABS,PULV LOW SEAL AIR HDR DIFF PRESS,ALM,1,3.92988,4,INH2O,!WP1001!WP1002!WP1003!WP1006!WP1007!WP1014!hist14!CP1004,1
2026-07-17 13:19:07.7,1PDF,SLPSL0001,PULV LOW SEAL AIR HDR DIFF PRESS,,LOABS,PULV LOW SEAL AIR HDR DIFF PRESS,RTN,1,4.01807,4,INH2O,!WP1001!WP1002!WP1003!WP1006!WP1007!WP1014!hist14!CP1004,1
2026-07-17 13:19:15.2,1BFA_GSM_ALM,BFA_ALM4,MARK VIE A BFPT ALARM,,STA_5,LO CLR DISCHG TEMP OK,RTN,5,0,0,,!WP1001!WP1002!WP1003!WP1006!WP1007!WP1014!hist14!CP1011,1
2026-07-17 13:19:16.7,1BFA_GSM_ALM,BFA_ALM4,MARK VIE A BFPT ALARM,,STA_5,LO CLR DISCHG TEMP HIGH,ALM,5,0,0,,!WP1001!WP1002!WP1003!WP1006!WP1007!WP1014!hist14!CP1011,1
2026-07-17 13:19:18.2,1SCR_B_PRESS,FGPDI5228B,SCR B CAT LAYER 4 DP,1SR114 PNT 4,HHABS,HI HI DP,ALM,1,1.70116,1.7,INH2O,!WP1001!WP1002!WP1003!WP1006!WP1007!WP1014!hist14!CP1016,1
2026-07-17 13:19:38.7,1BFA_GSM_ALM,BFA_ALM4,MARK VIE A BFPT ALARM,,STA_5,LO CLR DISCHG TEMP OK,RTN,5,0,0,,!WP1001!WP1002!WP1003!WP1006!WP1007!WP1014!hist14!CP1011,1
2026-07-17 13:19:41.2,1BFA_GSM_ALM,BFA_ALM4,MARK VIE A BFPT ALARM,,STA_5,LO CLR DISCHG TEMP HIGH,ALM,5,0,0,,!WP1001!WP1002!WP1003!WP1006!WP1007!WP1014!hist14!CP1011,1
2026-07-17 13:19:46.7,1BFA_GSM_ALM,BFA_ALM4,MARK VIE A BFPT ALARM,,STA_5,LO CLR DISCHG TEMP OK,RTN,5,0,0,,!WP1001!WP1002!WP1003!WP1006!WP1007!WP1014!hist14!CP1011,1
2026-07-17 13:19:48.7,1BFA_GSM_ALM,BFA_ALM4,MARK VIE A BFPT ALARM,,STA_5,LO CLR DISCHG TEMP HIGH,ALM,5,0,0,,!WP1001!WP1002!WP1003!WP1006!WP1007!WP1014!hist14!CP1011,1
2026-07-17 13:20:02.7,1BFA_GSM_ALM,BFA_ALM4,MARK VIE A BFPT ALARM,,STA_5,LO CLR DISCHG TEMP OK,RTN,5,0,0,,!WP1001!WP1002!WP1003!WP1006!WP1007!WP1014!hist14!CP1011,1
2026-07-17 13:20:07.2,1BFA_GSM_ALM,BFA_ALM4,MARK VIE A BFPT ALARM,,STA_5,LO CLR DISCHG TEMP HIGH,ALM,5,0,0,,!WP1001!WP1002!WP1003!WP1006!WP1007!WP1014!hist14!CP1011,1
2026-07-17 13:20:12.7,1BFA_GSM_ALM,BFA_ALM4,MARK VIE A BFPT ALARM,,STA_5,LO CLR DISCHG TEMP OK,RTN,5,0,0,,!WP1001!WP1002!WP1003!WP1006!WP1007!WP1014!hist14!CP1011,1
2026-07-17 13:20:14.7,1BFA_GSM_ALM,BFA_ALM4,MARK VIE A BFPT ALARM,,STA_5,LO CLR DISCHG TEMP HIGH,ALM,5,0,0,,!WP1001!WP1002!WP1003!WP1006!WP1007!WP1014!hist14!CP1011,1
2026-07-17 13:20:20.7,1BFA_GSM_ALM,BFA_ALM4,MARK VIE A BFPT ALARM,,STA_5,LO CLR DISCHG TEMP OK,RTN,5,0,0,,!WP1001!WP1002!WP1003!WP1006!WP1007!WP1014!hist14!CP1011,1
2026-07-17 13:20:24.7,1BFA_GSM_ALM,BFA_ALM4,MARK VIE A BFPT ALARM,,STA_5,LO CLR DISCHG TEMP HIGH,ALM,5,0,0,,!WP1001!WP1002!WP1003!WP1006!WP1007!WP1014!hist14!CP1011,1
2026-07-17 13:20:47.5,1TC,B21,DROOP ACTIVE,DROOP,STATE,NORMAL,RTN,5,,,,!hist14!CP1001,2
2026-07-17 13:20:47.0,1TC,B21,DROOP ACTIVE,DROOP,STATE,ACTIVE,ALM,5,,,,!hist14!CP1001,2
2026-07-17 13:20:49.0,1TC,B21,DROOP ACTIVE,DROOP,STATE,ACTIVE,ALM,5,,,,!hist14!CP1001,2
2026-07-17 13:20:59.2,1BFA_GSM_ALM,BFA_ALM4,MARK VIE A BFPT ALARM,,STA_5,LO CLR DISCHG TEMP OK,RTN,5,0,0,,!WP1001!WP1002!WP1003!WP1006!WP1007!WP1014!hist14!CP1011,1
2026-07-17 13:21:02.7,1BFA_GSM_ALM,BFA_ALM4,MARK VIE A BFPT ALARM,,STA_5,LO CLR DISCHG TEMP HIGH,ALM,5,0,0,,!WP1001!WP1002!WP1003!WP1006!WP1007!WP1014!hist14!CP1011,1
2026-07-17 13:21:03.5,1TC,B21,DROOP ACTIVE,DROOP,STATE,NORMAL,RTN,5,,,,!hist14!CP1001,2
2026-07-17 13:21:08.7,1BFA_GSM_ALM,BFA_ALM4,MARK VIE A BFPT ALARM,,STA_5,LO CLR DISCHG TEMP OK,RTN,5,0,0,,!WP1001!WP1002!WP1003!WP1006!WP1007!WP1014!hist14!CP1011,1
2026-07-17 13:21:10.7,1BFA_GSM_ALM,BFA_ALM4,MARK VIE A BFPT ALARM,,STA_5,LO CLR DISCHG TEMP HIGH,ALM,5,0,0,,!WP1001!WP1002!WP1003!WP1006!WP1007!WP1014!hist14!CP1011,1
2026-07-17 13:21:16.7,1BFA_GSM_ALM,BFA_ALM4,MARK VIE A BFPT ALARM,,STA_5,LO CLR DISCHG TEMP OK,RTN,5,0,0,,!WP1001!WP1002!WP1003!WP1006!WP1007!WP1014!hist14!CP1011,1
2026-07-17 13:21:18.7,1BFA_GSM_ALM,BFA_ALM4,MARK VIE A BFPT ALARM,,STA_5,LO CLR DISCHG TEMP HIGH,ALM,5,0,0,,!WP1001!WP1002!WP1003!WP1006!WP1007!WP1014!hist14!CP1011,1
2026-07-17 13:21:20.7,1BFA_GSM_ALM,BFA_ALM4,MARK VIE A BFPT ALARM,,STA_5,LO CLR DISCHG TEMP OK,RTN,5,0,0,,!WP1001!WP1002!WP1003!WP1006!WP1007!WP1014!hist14!CP1011,1
2026-07-17 13:21:22.7,1BFA_GSM_ALM,BFA_ALM4,MARK VIE A BFPT ALARM,,STA_5,LO CLR DISCHG TEMP HIGH,ALM,5,0,0,,!WP1001!WP1002!WP1003!WP1006!WP1007!WP1014!hist14!CP1011,1
2026-07-17 13:21:28.7,1BFA_GSM_ALM,BFA_ALM4,MARK VIE A BFPT ALARM,,STA_5,LO CLR DISCHG TEMP OK,RTN,5,0,0,,!WP1001!WP1002!WP1003!WP1006!WP1007!WP1014!hist14!CP1011,1
2026-07-17 13:21:30.7,1BFA_GSM_ALM,BFA_ALM4,MARK VIE A BFPT ALARM,,STA_5,LO CLR DISCHG TEMP HIGH,ALM,5,0,0,,!WP1001!WP1002!WP1003!WP1006!WP1007!WP1014!hist14!CP1011,1
2026-07-17 13:21:38.7,1PDF,SLPSL0001,PULV LOW SEAL AIR HDR DIFF PRESS,,LOABS,PULV LOW SEAL AIR HDR DIFF PRESS,ALM,1,3.88506,4,INH2O,!WP1001!WP1002!WP1003!WP1006!WP1007!WP1014!hist14!CP1004,1
2026-07-17 13:21:54.7,1BFA_GSM_ALM,BFA_ALM4,MARK VIE A BFPT ALARM,,STA_5,LO CLR DISCHG TEMP OK,RTN,5,0,0,,!WP1001!WP1002!WP1003!WP1006!WP1007!WP1014!hist14!CP1011,1
2026-07-17 13:21:56.7,1BFA_GSM_ALM,BFA_ALM4,MARK VIE A BFPT ALARM,,STA_5,LO CLR DISCHG TEMP HIGH,ALM,5,0,0,,!WP1001!WP1002!WP1003!WP1006!WP1007!WP1014!hist14!CP1011,1
2026-07-17 13:22:04.7,1BFA_GSM_ALM,BFA_ALM4,MARK VIE A BFPT ALARM,,STA_5,LO CLR DISCHG TEMP OK,RTN,5,0,0,,!WP1001!WP1002!WP1003!WP1006!WP1007!WP1014!hist14!CP1011,1
2026-07-17 13:22:08.7,1BFA_GSM_ALM,BFA_ALM4,MARK VIE A BFPT ALARM,,STA_5,LO CLR DISCHG TEMP HIGH,ALM,5,0,0,,!WP1001!WP1002!WP1003!WP1006!WP1007!WP1014!hist14!CP1011,1
2026-07-17 13:22:17.2,1BFA_GSM_ALM,BFA_ALM4,MARK VIE A BFPT ALARM,,STA_5,LO CLR DISCHG TEMP OK,RTN,5,0,0,,!WP1001!WP1002!WP1003!WP1006!WP1007!WP1014!hist14!CP1011,1
2026-07-17 13:22:20.7,1BFA_GSM_ALM,BFA_ALM4,MARK VIE A BFPT ALARM,,STA_5,LO CLR DISCHG TEMP HIGH,ALM,5,0,0,,!WP1001!WP1002!WP1003!WP1006!WP1007!WP1014!hist14!CP1011,1
2026-07-17 13:22:28.7,1BFA_GSM_ALM,BFA_ALM4,MARK VIE A BFPT ALARM,,STA_5,LO CLR DISCHG TEMP OK,RTN,5,0,0,,!WP1001!WP1002!WP1003!WP1006!WP1007!WP1014!hist14!CP1011,1
2026-07-17 13:22:30.7,1BFA_GSM_ALM,BFA_ALM4,MARK VIE A BFPT ALARM,,STA_5,LO CLR DISCHG TEMP HIGH,ALM,5,0,0,,!WP1001!WP1002!WP1003!WP1006!WP1007!WP1014!hist14!CP1011,1
2026-07-17 13:22:41.2,1BFA_GSM_ALM,BFA_ALM4,MARK VIE A BFPT ALARM,,STA_5,LO CLR DISCHG TEMP OK,RTN,5,0,0,,!WP1001!WP1002!WP1003!WP1006!WP1007!WP1014!hist14!CP1011,1
2026-07-17 13:22:43.2,1BFA_GSM_ALM,BFA_ALM4,MARK VIE A BFPT ALARM,,STA_5,LO CLR DISCHG TEMP HIGH,ALM,5,0,0,,!WP1001!WP1002!WP1003!WP1006!WP1007!WP1014!hist14!CP1011,1
2026-07-17 13:22:45.5,1GS_A,BLEED_FAIL,BLEED SYSTEM A FAILURE,,STATE,BLEED SYSTEM A EQUIPMENT FAILURE,ALM,3,,,,!WP1001!WP1002!WP1003!WP1006!WP1007!WP1014!hist14!CP1017,1
2026-07-17 13:22:46.7,1BFA_GSM_ALM,BFA_ALM4,MARK VIE A BFPT ALARM,,STA_5,LO CLR DISCHG TEMP OK,RTN,5,0,0,,!WP1001!WP1002!WP1003!WP1006!WP1007!WP1014!hist14!CP1011,1
2026-07-17 13:22:48.7,1BFA_GSM_ALM,BFA_ALM4,MARK VIE A BFPT ALARM,,STA_5,LO CLR DISCHG TEMP HIGH,ALM,5,0,0,,!WP1001!WP1002!WP1003!WP1006!WP1007!WP1014!hist14!CP1011,1
2026-07-17 13:23:14.7,1BFA_GSM_ALM,BFA_ALM4,MARK VIE A BFPT ALARM,,STA_5,LO CLR DISCHG TEMP OK,RTN,5,0,0,,!WP1001!WP1002!WP1003!WP1006!WP1007!WP1014!hist14!CP1011,1
2026-07-17 13:23:16.7,1BFA_GSM_ALM,BFA_ALM4,MARK VIE A BFPT ALARM,,STA_5,LO CLR DISCHG TEMP HIGH,ALM,5,0,0,,!WP1001!WP1002!WP1003!WP1006!WP1007!WP1014!hist14!CP1011,1
2026-07-17 13:23:18.7,1BFA_GSM_ALM,BFA_ALM4,MARK VIE A BFPT ALARM,,STA_5,LO CLR DISCHG TEMP OK,RTN,5,0,0,,!WP1001!WP1002!WP1003!WP1006!WP1007!WP1014!hist14!CP1011,1
2026-07-17 13:23:20.7,1BFA_GSM_ALM,BFA_ALM4,MARK VIE A BFPT ALARM,,STA_5,LO CLR DISCHG TEMP HIGH,ALM,5,0,0,,!WP1001!WP1002!WP1003!WP1006!WP1007!WP1014!hist14!CP1011,1
2026-07-17 13:23:35.7,1PDF,SLPSL0001,PULV LOW SEAL AIR HDR DIFF PRESS,,LOABS,PULV LOW SEAL AIR HDR DIFF PRESS,RTN,1,4.00166,4,INH2O,!WP1001!WP1002!WP1003!WP1006!WP1007!WP1014!hist14!CP1004,1
2026-07-17 13:23:36.7,1BFA_GSM_ALM,BFA_ALM4,MARK VIE A BFPT ALARM,,STA_5,LO CLR DISCHG TEMP OK,RTN,5,0,0,,!WP1001!WP1002!WP1003!WP1006!WP1007!WP1014!hist14!CP1011,1
2026-07-17 13:23:38.7,1BFA_GSM_ALM,BFA_ALM4,MARK VIE A BFPT ALARM,,STA_5,LO CLR DISCHG TEMP HIGH,ALM,5,0,0,,!WP1001!WP1002!WP1003!WP1006!WP1007!WP1014!hist14!CP1011,1
2026-07-17 13:23:46.7,1BFA_GSM_ALM,BFA_ALM4,MARK VIE A BFPT ALARM,,STA_5,LO CLR DISCHG TEMP OK,RTN,5,0,0,,!WP1001!WP1002!WP1003!WP1006!WP1007!WP1014!hist14!CP1011,1
2026-07-17 13:23:48.7,1BFA_GSM_ALM,BFA_ALM4,MARK VIE A BFPT ALARM,,STA_5,LO CLR DISCHG TEMP HIGH,ALM,5,0,0,,!WP1001!WP1002!WP1003!WP1006!WP1007!WP1014!hist14!CP1011,1
2026-07-17 13:23:56.7,1BFA_GSM_ALM,BFA_ALM4,MARK VIE A BFPT ALARM,,STA_5,LO CLR DISCHG TEMP OK,RTN,5,0,0,,!WP1001!WP1002!WP1003!WP1006!WP1007!WP1014!hist14!CP1011,1
2026-07-17 13:23:59.2,1BFA_GSM_ALM,BFA_ALM4,MARK VIE A BFPT ALARM,,STA_5,LO CLR DISCHG TEMP HIGH,ALM,5,0,0,,!WP1001!WP1002!WP1003!WP1006!WP1007!WP1014!hist14!CP1011,1
2026-07-17 13:24:00.7,1BFA_GSM_ALM,BFA_ALM4,MARK VIE A BFPT ALARM,,STA_5,LO CLR DISCHG TEMP OK,RTN,5,0,0,,!WP1001!WP1002!WP1003!WP1006!WP1007!WP1014!hist14!CP1011,1
2026-07-17 13:24:02.7,1BFA_GSM_ALM,BFA_ALM4,MARK VIE A BFPT ALARM,,STA_5,LO CLR DISCHG TEMP HIGH,ALM,5,0,0,,!WP1001!WP1002!WP1003!WP1006!WP1007!WP1014!hist14!CP1011,1
2026-07-17 13:24:16.7,1BFA_GSM_ALM,BFA_ALM4,MARK VIE A BFPT ALARM,,STA_5,LO CLR DISCHG TEMP OK,RTN,5,0,0,,!WP1001!WP1002!WP1003!WP1006!WP1007!WP1014!hist14!CP1011,1
2026-07-17 13:24:18.7,1BFA_GSM_ALM,BFA_ALM4,MARK VIE A BFPT ALARM,,STA_5,LO CLR DISCHG TEMP HIGH,ALM,5,0,0,,!WP1001!WP1002!WP1003!WP1006!WP1007!WP1014!hist14!CP1011,1
2026-07-17 13:24:37.5,1TC,B21,DROOP ACTIVE,DROOP,STATE,ACTIVE,ALM,5,,,,!hist14!CP1001,2
2026-07-17 13:24:56.7,1BFA_GSM_ALM,BFA_ALM4,MARK VIE A BFPT ALARM,,STA_5,LO CLR DISCHG TEMP OK,RTN,5,0,0,,!WP1001!WP1002!WP1003!WP1006!WP1007!WP1014!hist14!CP1011,1
2026-07-17 13:24:58.7,1BFA_GSM_ALM,BFA_ALM4,MARK VIE A BFPT ALARM,,STA_5,LO CLR DISCHG TEMP HIGH,ALM,5,0,0,,!WP1001!WP1002!WP1003!WP1006!WP1007!WP1014!hist14!CP1011,1
2026-07-17 13:25:02.7,1BFA_GSM_ALM,BFA_ALM4,MARK VIE A BFPT ALARM,,STA_5,LO CLR DISCHG TEMP OK,RTN,5,0,0,,!WP1001!WP1002!WP1003!WP1006!WP1007!WP1014!hist14!CP1011,1
2026-07-17 13:25:04.7,1BFA_GSM_ALM,BFA_ALM4,MARK VIE A BFPT ALARM,,STA_5,LO CLR DISCHG TEMP HIGH,ALM,5,0,0,,!WP1001!WP1002!WP1003!WP1006!WP1007!WP1014!hist14!CP1011,1
2026-07-17 13:25:10.7,1BFA_GSM_ALM,BFA_ALM4,MARK VIE A BFPT ALARM,,STA_5,LO CLR DISCHG TEMP OK,RTN,5,0,0,,!WP1001!WP1002!WP1003!WP1006!WP1007!WP1014!hist14!CP1011,1
2026-07-17 13:25:13.2,1BFA_GSM_ALM,BFA_ALM4,MARK VIE A BFPT ALARM,,STA_5,LO CLR DISCHG TEMP HIGH,ALM,5,0,0,,!WP1001!WP1002!WP1003!WP1006!WP1007!WP1014!hist14!CP1011,1
2026-07-17 13:25:17.2,1BFA_GSM_ALM,BFA_ALM4,MARK VIE A BFPT ALARM,,STA_5,LO CLR DISCHG TEMP OK,RTN,5,0,0,,!WP1001!WP1002!WP1003!WP1006!WP1007!WP1014!hist14!CP1011,1
2026-07-17 13:25:18.7,1BFA_GSM_ALM,BFA_ALM4,MARK VIE A BFPT ALARM,,STA_5,LO CLR DISCHG TEMP HIGH,ALM,5,0,0,,!WP1001!WP1002!WP1003!WP1006!WP1007!WP1014!hist14!CP1011,1
2026-07-17 13:25:20.7,1BFA_GSM_ALM,BFA_ALM4,MARK VIE A BFPT ALARM,,STA_5,LO CLR DISCHG TEMP OK,RTN,5,0,0,,!WP1001!WP1002!WP1003!WP1006!WP1007!WP1014!hist14!CP1011,1
2026-07-17 13:25:22.7,1BFA_GSM_ALM,BFA_ALM4,MARK VIE A BFPT ALARM,,STA_5,LO CLR DISCHG TEMP HIGH,ALM,5,0,0,,!WP1001!WP1002!WP1003!WP1006!WP1007!WP1014!hist14!CP1011,1
2026-07-17 13:25:24.7,1BFA_GSM_ALM,BFA_ALM4,MARK VIE A BFPT ALARM,,STA_5,LO CLR DISCHG TEMP OK,RTN,5,0,0,,!WP1001!WP1002!WP1003!WP1006!WP1007!WP1014!hist14!CP1011,1
2026-07-17 13:25:30.7,1BFA_GSM_ALM,BFA_ALM4,MARK VIE A BFPT ALARM,,STA_5,LO CLR DISCHG TEMP HIGH,ALM,5,0,0,,!WP1001!WP1002!WP1003!WP1006!WP1007!WP1014!hist14!CP1011,1
2026-07-17 13:25:38.7,1BFA_GSM_ALM,BFA_ALM4,MARK VIE A BFPT ALARM,,STA_5,LO CLR DISCHG TEMP OK,RTN,5,0,0,,!WP1001!WP1002!WP1003!WP1006!WP1007!WP1014!hist14!CP1011,1
2026-07-17 13:25:41.2,1BFA_GSM_ALM,BFA_ALM4,MARK VIE A BFPT ALARM,,STA_5,LO CLR DISCHG TEMP HIGH,ALM,5,0,0,,!WP1001!WP1002!WP1003!WP1006!WP1007!WP1014!hist14!CP1011,1
2026-07-17 13:25:48.7,1BFA_GSM_ALM,BFA_ALM4,MARK VIE A BFPT ALARM,,STA_5,LO CLR DISCHG TEMP OK,RTN,5,0,0,,!WP1001!WP1002!WP1003!WP1006!WP1007!WP1014!hist14!CP1011,1
2026-07-17 13:25:50.7,1PDF,SLPSL0001,PULV LOW SEAL AIR HDR DIFF PRESS,,LOABS,PULV LOW SEAL AIR HDR DIFF PRESS,ALM,1,3.97764,4,INH2O,!WP1001!WP1002!WP1003!WP1006!WP1007!WP1014!hist14!CP1004,1
2026-07-17 13:25:50.7,1BFA_GSM_ALM,BFA_ALM4,MARK VIE A BFPT ALARM,,STA_5,LO CLR DISCHG TEMP HIGH,ALM,5,0,0,,!WP1001!WP1002!WP1003!WP1006!WP1007!WP1014!hist14!CP1011,1
2026-07-17 13:25:51.7,1PDF,SLPSL0001,PULV LOW SEAL AIR HDR DIFF PRESS,,LOABS,PULV LOW SEAL AIR HDR DIFF PRESS,RTN,1,4.0084,4,INH2O,!WP1001!WP1002!WP1003!WP1006!WP1007!WP1014!hist14!CP1004,1
2026-07-17 13:25:52.7,1PDF,SLPSL0001,PULV LOW SEAL AIR HDR DIFF PRESS,,LOABS,PULV LOW SEAL AIR HDR DIFF PRESS,ALM,1,3.97939,4,INH2O,!WP1001!WP1002!WP1003!WP1006!WP1007!WP1014!hist14!CP1004,1
2026-07-17 13:25:52.7,1BFA_GSM_ALM,BFA_ALM4,MARK VIE A BFPT ALARM,,STA_5,LO CLR DISCHG TEMP OK,RTN,5,0,0,,!WP1001!WP1002!WP1003!WP1006!WP1007!WP1014!hist14!CP1011,1
2026-07-17 13:25:53.7,1PDF,SLPSL0001,PULV LOW SEAL AIR HDR DIFF PRESS,,LOABS,PULV LOW SEAL AIR HDR DIFF PRESS,RTN,1,4.08281,4,INH2O,!WP1001!WP1002!WP1003!WP1006!WP1007!WP1014!hist14!CP1004,1
2026-07-17 13:25:54.7,1PDF,SLPSL0001,PULV LOW SEAL AIR HDR DIFF PRESS,,LOABS,PULV LOW SEAL AIR HDR DIFF PRESS,ALM,1,3.99727,4,INH2O,!WP1001!WP1002!WP1003!WP1006!WP1007!WP1014!hist14!CP1004,1
2026-07-17 13:25:54.7,1BFA_GSM_ALM,BFA_ALM4,MARK VIE A BFPT ALARM,,STA_5,LO CLR DISCHG TEMP HIGH,ALM,5,0,0,,!WP1001!WP1002!WP1003!WP1006!WP1007!WP1014!hist14!CP1011,1
2026-07-17 13:25:59.7,1PDF,SLPSL0001,PULV LOW SEAL AIR HDR DIFF PRESS,,LOABS,PULV LOW SEAL AIR HDR DIFF PRESS,RTN,1,4.01397,4,INH2O,!WP1001!WP1002!WP1003!WP1006!WP1007!WP1014!hist14!CP1004,1
2026-07-17 13:26:04.7,1PDF,SLPSL0001,PULV LOW SEAL AIR HDR DIFF PRESS,,LOABS,PULV LOW SEAL AIR HDR DIFF PRESS,ALM,1,3.99404,4,INH2O,!WP1001!WP1002!WP1003!WP1006!WP1007!WP1014!hist14!CP1004,1
2026-07-17 13:26:06.7,1PDF,SLPSL0001,PULV LOW SEAL AIR HDR DIFF PRESS,,LOABS,PULV LOW SEAL AIR HDR DIFF PRESS,RTN,1,4.03037,4,INH2O,!WP1001!WP1002!WP1003!WP1006!WP1007!WP1014!hist14!CP1004,1
2026-07-17 13:26:16.7,1BFA_GSM_ALM,BFA_ALM4,MARK VIE A BFPT ALARM,,STA_5,LO CLR DISCHG TEMP OK,RTN,5,0,0,,!WP1001!WP1002!WP1003!WP1006!WP1007!WP1014!hist14!CP1011,1
2026-07-17 13:26:18.7,1BFA_GSM_ALM,BFA_ALM4,MARK VIE A BFPT ALARM,,STA_5,LO CLR DISCHG TEMP HIGH,ALM,5,0,0,,!WP1001!WP1002!WP1003!WP1006!WP1007!WP1014!hist14!CP1011,1
2026-07-17 13:26:20.7,1BFA_GSM_ALM,BFA_ALM4,MARK VIE A BFPT ALARM,,STA_5,LO CLR DISCHG TEMP OK,RTN,5,0,0,,!WP1001!WP1002!WP1003!WP1006!WP1007!WP1014!hist14!CP1011,1
2026-07-17 13:26:22.7,1PDF,SLPSL0001,PULV LOW SEAL AIR HDR DIFF PRESS,,LOABS,PULV LOW SEAL AIR HDR DIFF PRESS,ALM,1,3.99375,4,INH2O,!WP1001!WP1002!WP1003!WP1006!WP1007!WP1014!hist14!CP1004,1
2026-07-17 13:26:26.7,1BFA_GSM_ALM,BFA_ALM4,MARK VIE A BFPT ALARM,,STA_5,LO CLR DISCHG TEMP HIGH,ALM,5,0,0,,!WP1001!WP1002!WP1003!WP1006!WP1007!WP1014!hist14!CP1011,1
2026-07-17 13:26:28.7,1BFA_GSM_ALM,BFA_ALM4,MARK VIE A BFPT ALARM,,STA_5,LO CLR DISCHG TEMP OK,RTN,5,0,0,,!WP1001!WP1002!WP1003!WP1006!WP1007!WP1014!hist14!CP1011,1
2026-07-17 13:26:29.0,1TC,B21,DROOP ACTIVE,DROOP,STATE,NORMAL,RTN,5,,,,!hist14!CP1001,2
2026-07-17 13:26:31.2,1BFA_GSM_ALM,BFA_ALM4,MARK VIE A BFPT ALARM,,STA_5,LO CLR DISCHG TEMP HIGH,ALM,5,0,0,,!WP1001!WP1002!WP1003!WP1006!WP1007!WP1014!hist14!CP1011,1
2026-07-17 13:26:34.7,1BFA_GSM_ALM,BFA_ALM4,MARK VIE A BFPT ALARM,,STA_5,LO CLR DISCHG TEMP OK,RTN,5,0,0,,!WP1001!WP1002!WP1003!WP1006!WP1007!WP1014!hist14!CP1011,1
2026-07-17 13:26:38.7,1BFA_GSM_ALM,BFA_ALM4,MARK VIE A BFPT ALARM,,STA_5,LO CLR DISCHG TEMP HIGH,ALM,5,0,0,,!WP1001!WP1002!WP1003!WP1006!WP1007!WP1014!hist14!CP1011,1
2026-07-17 13:26:40.7,1BFA_GSM_ALM,BFA_ALM4,MARK VIE A BFPT ALARM,,STA_5,LO CLR DISCHG TEMP OK,RTN,5,0,0,,!WP1001!WP1002!WP1003!WP1006!WP1007!WP1014!hist14!CP1011,1
2026-07-17 13:26:42.7,1BFA_GSM_ALM,BFA_ALM4,MARK VIE A BFPT ALARM,,STA_5,LO CLR DISCHG TEMP HIGH,ALM,5,0,0,,!WP1001!WP1002!WP1003!WP1006!WP1007!WP1014!hist14!CP1011,1
2026-07-17 13:26:46.7,1BFA_GSM_ALM,BFA_ALM4,MARK VIE A BFPT ALARM,,STA_5,LO CLR DISCHG TEMP OK,RTN,5,0,0,,!WP1001!WP1002!WP1003!WP1006!WP1007!WP1014!hist14!CP1011,1
2026-07-17 13:26:46.0,1NW_ESP_SMP,NWAI6702B,PRECIP SUMP PMP B DSCH PH,,IOBAD,BAD CHANNEL,RTN,3,,,,!WP1002!WP1011!WP1001!hist14!CP1020,1
2026-07-17 13:26:50.7,1BFA_GSM_ALM,BFA_ALM4,MARK VIE A BFPT ALARM,,STA_5,LO CLR DISCHG TEMP HIGH,ALM,5,0,0,,!WP1001!WP1002!WP1003!WP1006!WP1007!WP1014!hist14!CP1011,1
2026-07-17 13:26:54.7,1BFA_GSM_ALM,BFA_ALM4,MARK VIE A BFPT ALARM,,STA_5,LO CLR DISCHG TEMP OK,RTN,5,0,0,,!WP1001!WP1002!WP1003!WP1006!WP1007!WP1014!hist14!CP1011,1
2026-07-17 13:27:02.7,1BFA_GSM_ALM,BFA_ALM4,MARK VIE A BFPT ALARM,,STA_5,LO CLR DISCHG TEMP HIGH,ALM,5,0,0,,!WP1001!WP1002!WP1003!WP1006!WP1007!WP1014!hist14!CP1011,1
2026-07-17 13:27:08.4,1WB_DEV,AA_JJ_DEV,AUX AIR JJ ANY DEV,,STATE,NORMAL,RTN,5,,,,,0
2026-07-17 13:27:14.1,IDFAN_PEEC,OPCY_ALM,PRECIP OUT > 50%,PRECIP OUTLET,STATE,ALARM,ALM,3,,,,!WP1001!WP1002!WP1003!WP1006!WP1007!WP1014!hist14!CP1003,1
2026-07-17 13:27:20.7,1BFA_GSM_ALM,BFA_ALM4,MARK VIE A BFPT ALARM,,STA_5,LO CLR DISCHG TEMP OK,RTN,5,0,0,,!WP1001!WP1002!WP1003!WP1006!WP1007!WP1014!hist14!CP1011,1
2026-07-17 13:27:21.1,IDFAN_PEEC,OPCY_ALM,PRECIP OUT > 50%,PRECIP OUTLET,STATE,NORMAL,RTN,3,,,,!WP1001!WP1002!WP1003!WP1006!WP1007!WP1014!hist14!CP1003,1
2026-07-17 13:27:24.7,1BFA_GSM_ALM,BFA_ALM4,MARK VIE A BFPT ALARM,,STA_5,LO CLR DISCHG TEMP HIGH,ALM,5,0,0,,!WP1001!WP1002!WP1003!WP1006!WP1007!WP1014!hist14!CP1011,1
2026-07-17 13:27:30.7,1BFA_GSM_ALM,BFA_ALM4,MARK VIE A BFPT ALARM,,STA_5,LO CLR DISCHG TEMP OK,RTN,5,0,0,,!WP1001!WP1002!WP1003!WP1006!WP1007!WP1014!hist14!CP1011,1
2026-07-17 13:27:32.7,1BFA_GSM_ALM,BFA_ALM4,MARK VIE A BFPT ALARM,,STA_5,LO CLR DISCHG TEMP HIGH,ALM,5,0,0,,!WP1001!WP1002!WP1003!WP1006!WP1007!WP1014!hist14!CP1011,1
2026-07-17 13:27:34.7,1BFA_GSM_ALM,BFA_ALM4,MARK VIE A BFPT ALARM,,STA_5,LO CLR DISCHG TEMP OK,RTN,5,0,0,,!WP1001!WP1002!WP1003!WP1006!WP1007!WP1014!hist14!CP1011,1
2026-07-17 13:27:36.7,1BFA_GSM_ALM,BFA_ALM4,MARK VIE A BFPT ALARM,,STA_5,LO CLR DISCHG TEMP HIGH,ALM,5,0,0,,!WP1001!WP1002!WP1003!WP1006!WP1007!WP1014!hist14!CP1011,1
2026-07-17 13:27:40.7,1BFA_GSM_ALM,BFA_ALM4,MARK VIE A BFPT ALARM,,STA_5,LO CLR DISCHG TEMP OK,RTN,5,0,0,,!WP1001!WP1002!WP1003!WP1006!WP1007!WP1014!hist14!CP1011,1
2026-07-17 13:27:42.7,1BFA_GSM_ALM,BFA_ALM4,MARK VIE A BFPT ALARM,,STA_5,LO CLR DISCHG TEMP HIGH,ALM,5,0,0,,!WP1001!WP1002!WP1003!WP1006!WP1007!WP1014!hist14!CP1011,1
2026-07-17 13:27:46.7,1BFA_GSM_ALM,BFA_ALM4,MARK VIE A BFPT ALARM,,STA_5,LO CLR DISCHG TEMP OK,RTN,5,0,0,,!WP1001!WP1002!WP1003!WP1006!WP1007!WP1014!hist14!CP1011,1
2026-07-17 13:27:48.7,1PDF,SLPSL0001,PULV LOW SEAL AIR HDR DIFF PRESS,,LOABS,PULV LOW SEAL AIR HDR DIFF PRESS,RTN,1,4.08516,4,INH2O,!WP1001!WP1002!WP1003!WP1006!WP1007!WP1014!hist14!CP1004,1
2026-07-17 13:27:49.2,1BFA_GSM_ALM,BFA_ALM4,MARK VIE A BFPT ALARM,,STA_5,LO CLR DISCHG TEMP HIGH,ALM,5,0,0,,!WP1001!WP1002!WP1003!WP1006!WP1007!WP1014!hist14!CP1011,1
2026-07-17 13:27:51.7,1PDF,SLPSL0001,PULV LOW SEAL AIR HDR DIFF PRESS,,LOABS,PULV LOW SEAL AIR HDR DIFF PRESS,ALM,1,3.99521,4,INH2O,!WP1001!WP1002!WP1003!WP1006!WP1007!WP1014!hist14!CP1004,1
2026-07-17 13:27:52.7,1BFA_GSM_ALM,BFA_ALM4,MARK VIE A BFPT ALARM,,STA_5,LO CLR DISCHG TEMP OK,RTN,5,0,0,,!WP1001!WP1002!WP1003!WP1006!WP1007!WP1014!hist14!CP1011,1
2026-07-17 13:27:56.7,1BFA_GSM_ALM,BFA_ALM4,MARK VIE A BFPT ALARM,,STA_5,LO CLR DISCHG TEMP HIGH,ALM,5,0,0,,!WP1001!WP1002!WP1003!WP1006!WP1007!WP1014!hist14!CP1011,1
2026-07-17 13:27:58.7,1BFA_GSM_ALM,BFA_ALM4,MARK VIE A BFPT ALARM,,STA_5,LO CLR DISCHG TEMP OK,RTN,5,0,0,,!WP1001!WP1002!WP1003!WP1006!WP1007!WP1014!hist14!CP1011,1
2026-07-17 13:27:59.7,1PDF,SLPSL0001,PULV LOW SEAL AIR HDR DIFF PRESS,,LOABS,PULV LOW SEAL AIR HDR DIFF PRESS,RTN,1,4.04678,4,INH2O,!WP1001!WP1002!WP1003!WP1006!WP1007!WP1014!hist14!CP1004,1
2026-07-17 13:28:00.7,1BFA_GSM_ALM,BFA_ALM4,MARK VIE A BFPT ALARM,,STA_5,LO CLR DISCHG TEMP HIGH,ALM,5,0,0,,!WP1001!WP1002!WP1003!WP1006!WP1007!WP1014!hist14!CP1011,1
2026-07-17 13:28:04.7,1PDF,SLPSL0001,PULV LOW SEAL AIR HDR DIFF PRESS,,LOABS,PULV LOW SEAL AIR HDR DIFF PRESS,ALM,1,3.92988,4,INH2O,!WP1001!WP1002!WP1003!WP1006!WP1007!WP1014!hist14!CP1004,1
2026-07-17 13:28:07.7,1PDF,SLPSL0001,PULV LOW SEAL AIR HDR DIFF PRESS,,LOABS,PULV LOW SEAL AIR HDR DIFF PRESS,RTN,1,4.00078,4,INH2O,!WP1001!WP1002!WP1003!WP1006!WP1007!WP1014!hist14!CP1004,1
2026-07-17 13:28:09.7,1PDF,SLPSL0001,PULV LOW SEAL AIR HDR DIFF PRESS,,LOABS,PULV LOW SEAL AIR HDR DIFF PRESS,ALM,1,3.87217,4,INH2O,!WP1001!WP1002!WP1003!WP1006!WP1007!WP1014!hist14!CP1004,1
2026-07-17 13:28:15.2,1BFA_GSM_ALM,BFA_ALM4,MARK VIE A BFPT ALARM,,STA_5,LO CLR DISCHG TEMP OK,RTN,5,0,0,,!WP1001!WP1002!WP1003!WP1006!WP1007!WP1014!hist14!CP1011,1
2026-07-17 13:28:16.7,1PDF,SLPSL0001,PULV LOW SEAL AIR HDR DIFF PRESS,,LOABS,PULV LOW SEAL AIR HDR DIFF PRESS,RTN,1,4.01836,4,INH2O,!WP1001!WP1002!WP1003!WP1006!WP1007!WP1014!hist14!CP1004,1
2026-07-17 13:28:16.7,1BFA_GSM_ALM,BFA_ALM4,MARK VIE A BFPT ALARM,,STA_5,LO CLR DISCHG TEMP HIGH,ALM,5,0,0,,!WP1001!WP1002!WP1003!WP1006!WP1007!WP1014!hist14!CP1011,1
2026-07-17 13:28:18.7,1BFA_GSM_ALM,BFA_ALM4,MARK VIE A BFPT ALARM,,STA_5,LO CLR DISCHG TEMP OK,RTN,5,0,0,,!WP1001!WP1002!WP1003!WP1006!WP1007!WP1014!hist14!CP1011,1
2026-07-17 13:28:20.7,1BFA_GSM_ALM,BFA_ALM4,MARK VIE A BFPT ALARM,,STA_5,LO CLR DISCHG TEMP HIGH,ALM,5,0,0,,!WP1001!WP1002!WP1003!WP1006!WP1007!WP1014!hist14!CP1011,1
2026-07-17 13:28:28.7,1BFA_GSM_ALM,BFA_ALM4,MARK VIE A BFPT ALARM,,STA_5,LO CLR DISCHG TEMP OK,RTN,5,0,0,,!WP1001!WP1002!WP1003!WP1006!WP1007!WP1014!hist14!CP1011,1
2026-07-17 13:28:30.7,1BFA_GSM_ALM,BFA_ALM4,MARK VIE A BFPT ALARM,,STA_5,LO CLR DISCHG TEMP HIGH,ALM,5,0,0,,!WP1001!WP1002!WP1003!WP1006!WP1007!WP1014!hist14!CP1011,1
2026-07-17 13:28:32.7,1BFA_GSM_ALM,BFA_ALM4,MARK VIE A BFPT ALARM,,STA_5,LO CLR DISCHG TEMP OK,RTN,5,0,0,,!WP1001!WP1002!WP1003!WP1006!WP1007!WP1014!hist14!CP1011,1
2026-07-17 13:28:34.7,1BFA_GSM_ALM,BFA_ALM4,MARK VIE A BFPT ALARM,,STA_5,LO CLR DISCHG TEMP HIGH,ALM,5,0,0,,!WP1001!WP1002!WP1003!WP1006!WP1007!WP1014!hist14!CP1011,1
2026-07-17 13:28:44.7,1BFA_GSM_ALM,BFA_ALM4,MARK VIE A BFPT ALARM,,STA_5,LO CLR DISCHG TEMP OK,RTN,5,0,0,,!WP1001!WP1002!WP1003!WP1006!WP1007!WP1014!hist14!CP1011,1
2026-07-17 13:28:46.0,1TC,B21,DROOP ACTIVE,DROOP,STATE,ACTIVE,ALM,5,,,,!hist14!CP1001,2
2026-07-17 13:28:48.7,1BFA_GSM_ALM,BFA_ALM4,MARK VIE A BFPT ALARM,,STA_5,LO CLR DISCHG TEMP HIGH,ALM,5,0,0,,!WP1001!WP1002!WP1003!WP1006!WP1007!WP1014!hist14!CP1011,1
2026-07-17 13:28:52.7,1BFA_GSM_ALM,BFA_ALM4,MARK VIE A BFPT ALARM,,STA_5,LO CLR DISCHG TEMP OK,RTN,5,0,0,,!WP1001!WP1002!WP1003!WP1006!WP1007!WP1014!hist14!CP1011,1
2026-07-17 13:28:54.7,1BFA_GSM_ALM,BFA_ALM4,MARK VIE A BFPT ALARM,,STA_5,LO CLR DISCHG TEMP HIGH,ALM,5,0,0,,!WP1001!WP1002!WP1003!WP1006!WP1007!WP1014!hist14!CP1011,1
2026-07-17 13:29:00.7,1BFA_GSM_ALM,BFA_ALM4,MARK VIE A BFPT ALARM,,STA_5,LO CLR DISCHG TEMP OK,RTN,5,0,0,,!WP1001!WP1002!WP1003!WP1006!WP1007!WP1014!hist14!CP1011,1
2026-07-17 13:29:07.2,1BFA_GSM_ALM,BFA_ALM4,MARK VIE A BFPT ALARM,,STA_5,LO CLR DISCHG TEMP HIGH,ALM,5,0,0,,!WP1001!WP1002!WP1003!WP1006!WP1007!WP1014!hist14!CP1011,1
2026-07-17 13:29:14.7,1BFA_GSM_ALM,BFA_ALM4,MARK VIE A BFPT ALARM,,STA_5,LO CLR DISCHG TEMP OK,RTN,5,0,0,,!WP1001!WP1002!WP1003!WP1006!WP1007!WP1014!hist14!CP1011,1
2026-07-17 13:29:16.7,1BFA_GSM_ALM,BFA_ALM4,MARK VIE A BFPT ALARM,,STA_5,LO CLR DISCHG TEMP HIGH,ALM,5,0,0,,!WP1001!WP1002!WP1003!WP1006!WP1007!WP1014!hist14!CP1011,1
2026-07-17 13:29:20.7,1BFA_GSM_ALM,BFA_ALM4,MARK VIE A BFPT ALARM,,STA_5,LO CLR DISCHG TEMP OK,RTN,5,0,0,,!WP1001!WP1002!WP1003!WP1006!WP1007!WP1014!hist14!CP1011,1
2026-07-17 13:29:23.2,1SCR_B_PRESS,FGPDI5228B,SCR B CAT LAYER 4 DP,1SR114 PNT 4,HHABS,HI HI DP,RTN,1,1.19928,1.7,INH2O,!WP1001!WP1002!WP1003!WP1006!WP1007!WP1014!hist14!CP1016,1
2026-07-17 13:29:26.7,1BFA_GSM_ALM,BFA_ALM4,MARK VIE A BFPT ALARM,,STA_5,LO CLR DISCHG TEMP HIGH,ALM,5,0,0,,!WP1001!WP1002!WP1003!WP1006!WP1007!WP1014!hist14!CP1011,1
2026-07-17 13:29:32.7,1BFA_GSM_ALM,BFA_ALM4,MARK VIE A BFPT ALARM,,STA_5,LO CLR DISCHG TEMP OK,RTN,5,0,0,,!WP1001!WP1002!WP1003!WP1006!WP1007!WP1014!hist14!CP1011,1
2026-07-17 13:29:34.7,1BFA_GSM_ALM,BFA_ALM4,MARK VIE A BFPT ALARM,,STA_5,LO CLR DISCHG TEMP HIGH,ALM,5,0,0,,!WP1001!WP1002!WP1003!WP1006!WP1007!WP1014!hist14!CP1011,1
2026-07-17 13:29:36.7,1BFA_GSM_ALM,BFA_ALM4,MARK VIE A BFPT ALARM,,STA_5,LO CLR DISCHG TEMP OK,RTN,5,0,0,,!WP1001!WP1002!WP1003!WP1006!WP1007!WP1014!hist14!CP1011,1
2026-07-17 13:29:38.7,1BFA_GSM_ALM,BFA_ALM4,MARK VIE A BFPT ALARM,,STA_5,LO CLR DISCHG TEMP HIGH,ALM,5,0,0,,!WP1001!WP1002!WP1003!WP1006!WP1007!WP1014!hist14!CP1011,1
2026-07-17 13:29:40.4,1WB_DEV,AA_JJ_DEV,AUX AIR JJ ANY DEV,,STATE,DEVIATION,ALM,5,,,,,0
2026-07-17 13:29:40.7,1BFA_GSM_ALM,BFA_ALM4,MARK VIE A BFPT ALARM,,STA_5,LO CLR DISCHG TEMP OK,RTN,5,0,0,,!WP1001!WP1002!WP1003!WP1006!WP1007!WP1014!hist14!CP1011,1
2026-07-17 13:29:44.5,1TC,B21,DROOP ACTIVE,DROOP,STATE,NORMAL,RTN,5,,,,!hist14!CP1001,2
2026-07-17 13:29:44.7,1BFA_GSM_ALM,BFA_ALM4,MARK VIE A BFPT ALARM,,STA_5,LO CLR DISCHG TEMP HIGH,ALM,5,0,0,,!WP1001!WP1002!WP1003!WP1006!WP1007!WP1014!hist14!CP1011,1
2026-07-17 13:29:45.0,1TC,B21,DROOP ACTIVE,DROOP,STATE,ACTIVE,ALM,5,,,,!hist14!CP1001,2
2026-07-17 13:29:46.0,1TC,B21,DROOP ACTIVE,DROOP,STATE,NORMAL,RTN,5,,,,!hist14!CP1001,2
2026-07-17 13:29:46.7,1BFA_GSM_ALM,BFA_ALM4,MARK VIE A BFPT ALARM,,STA_5,LO CLR DISCHG TEMP OK,RTN,5,0,0,,!WP1001!WP1002!WP1003!WP1006!WP1007!WP1014!hist14!CP1011,1
2026-07-17 13:29:48.7,1BFA_GSM_ALM,BFA_ALM4,MARK VIE A BFPT ALARM,,STA_5,LO CLR DISCHG TEMP HIGH,ALM,5,0,0,,!WP1001!WP1002!WP1003!WP1006!WP1007!WP1014!hist14!CP1011,1
2026-07-17 13:29:52.7,1BFA_GSM_ALM,BFA_ALM4,MARK VIE A BFPT ALARM,,STA_5,LO CLR DISCHG TEMP OK,RTN,5,0,0,,!WP1001!WP1002!WP1003!WP1006!WP1007!WP1014!hist14!CP1011,1
2026-07-17 13:29:54.7,1PDF,SLPSL0001,PULV LOW SEAL AIR HDR DIFF PRESS,,LOABS,PULV LOW SEAL AIR HDR DIFF PRESS,ALM,1,3.94014,4,INH2O,!WP1001!WP1002!WP1003!WP1006!WP1007!WP1014!hist14!CP1004,1
2026-07-17 13:29:55.7,1PDF,SLPSL0001,PULV LOW SEAL AIR HDR DIFF PRESS,,LOABS,PULV LOW SEAL AIR HDR DIFF PRESS,RTN,1,4.01221,4,INH2O,!WP1001!WP1002!WP1003!WP1006!WP1007!WP1014!hist14!CP1004,1
2026-07-17 13:29:55.2,1BFA_GSM_ALM,BFA_ALM4,MARK VIE A BFPT ALARM,,STA_5,LO CLR DISCHG TEMP HIGH,ALM,5,0,0,,!WP1001!WP1002!WP1003!WP1006!WP1007!WP1014!hist14!CP1011,1
2026-07-17 13:29:56.7,1PDF,SLPSL0001,PULV LOW SEAL AIR HDR DIFF PRESS,,LOABS,PULV LOW SEAL AIR HDR DIFF PRESS,ALM,1,3.89971,4,INH2O,!WP1001!WP1002!WP1003!WP1006!WP1007!WP1014!hist14!CP1004,1
2026-07-17 13:29:57.2,1BFA_GSM_ALM,BFA_ALM4,MARK VIE A BFPT ALARM,,STA_5,LO CLR DISCHG TEMP OK,RTN,5,0,0,,!WP1001!WP1002!WP1003!WP1006!WP1007!WP1014!hist14!CP1011,1
2026-07-17 13:30:02.7,1BFA_GSM_ALM,BFA_ALM4,MARK VIE A BFPT ALARM,,STA_5,LO CLR DISCHG TEMP HIGH,ALM,5,0,0,,!WP1001!WP1002!WP1003!WP1006!WP1007!WP1014!hist14!CP1011,1
2026-07-17 13:30:04.7,1BFA_GSM_ALM,BFA_ALM4,MARK VIE A BFPT ALARM,,STA_5,LO CLR DISCHG TEMP OK,RTN,5,0,0,,!WP1001!WP1002!WP1003!WP1006!WP1007!WP1014!hist14!CP1011,1
2026-07-17 13:30:12.7,1BFA_GSM_ALM,BFA_ALM4,MARK VIE A BFPT ALARM,,STA_5,LO CLR DISCHG TEMP HIGH,ALM,5,0,0,,!WP1001!WP1002!WP1003!WP1006!WP1007!WP1014!hist14!CP1011,1
2026-07-17 13:30:14.7,1BFA_GSM_ALM,BFA_ALM4,MARK VIE A BFPT ALARM,,STA_5,LO CLR DISCHG TEMP OK,RTN,5,0,0,,!WP1001!WP1002!WP1003!WP1006!WP1007!WP1014!hist14!CP1011,1
2026-07-17 13:30:16.7,1BFA_GSM_ALM,BFA_ALM4,MARK VIE A BFPT ALARM,,STA_5,LO CLR DISCHG TEMP HIGH,ALM,5,0,0,,!WP1001!WP1002!WP1003!WP1006!WP1007!WP1014!hist14!CP1011,1
2026-07-17 13:30:18.7,1BFA_GSM_ALM,BFA_ALM4,MARK VIE A BFPT ALARM,,STA_5,LO CLR DISCHG TEMP OK,RTN,5,0,0,,!WP1001!WP1002!WP1003!WP1006!WP1007!WP1014!hist14!CP1011,1
2026-07-17 13:30:21.2,1BFA_GSM_ALM,BFA_ALM4,MARK VIE A BFPT ALARM,,STA_5,LO CLR DISCHG TEMP HIGH,ALM,5,0,0,,!WP1001!WP1002!WP1003!WP1006!WP1007!WP1014!hist14!CP1011,1
2026-07-17 13:30:22.4,1WB_DEV,AA_JJ_DEV,AUX AIR JJ ANY DEV,,STATE,NORMAL,RTN,5,,,,,0
2026-07-17 13:30:23.2,1BFA_GSM_ALM,BFA_ALM4,MARK VIE A BFPT ALARM,,STA_5,LO CLR DISCHG TEMP OK,RTN,5,0,0,,!WP1001!WP1002!WP1003!WP1006!WP1007!WP1014!hist14!CP1011,1
2026-07-17 13:30:24.7,1BFA_GSM_ALM,BFA_ALM4,MARK VIE A BFPT ALARM,,STA_5,LO CLR DISCHG TEMP HIGH,ALM,5,0,0,,!WP1001!WP1002!WP1003!WP1006!WP1007!WP1014!hist14!CP1011,1
2026-07-17 13:30:26.7,1BFA_GSM_ALM,BFA_ALM4,MARK VIE A BFPT ALARM,,STA_5,LO CLR DISCHG TEMP OK,RTN,5,0,0,,!WP1001!WP1002!WP1003!WP1006!WP1007!WP1014!hist14!CP1011,1
2026-07-17 13:30:34.7,1BFA_GSM_ALM,BFA_ALM4,MARK VIE A BFPT ALARM,,STA_5,LO CLR DISCHG TEMP HIGH,ALM,5,0,0,,!WP1001!WP1002!WP1003!WP1006!WP1007!WP1014!hist14!CP1011,1
2026-07-17 13:30:38.7,1BFA_GSM_ALM,BFA_ALM4,MARK VIE A BFPT ALARM,,STA_5,LO CLR DISCHG TEMP OK,RTN,5,0,0,,!WP1001!WP1002!WP1003!WP1006!WP1007!WP1014!hist14!CP1011,1
2026-07-17 13:30:42.7,1BFA_GSM_ALM,BFA_ALM4,MARK VIE A BFPT ALARM,,STA_5,LO CLR DISCHG TEMP HIGH,ALM,5,0,0,,!WP1001!WP1002!WP1003!WP1006!WP1007!WP1014!hist14!CP1011,1
2026-07-17 13:30:44.7,1BFA_GSM_ALM,BFA_ALM4,MARK VIE A BFPT ALARM,,STA_5,LO CLR DISCHG TEMP OK,RTN,5,0,0,,!WP1001!WP1002!WP1003!WP1006!WP1007!WP1014!hist14!CP1011,1
2026-07-17 13:30:54.7,1BFA_GSM_ALM,BFA_ALM4,MARK VIE A BFPT ALARM,,STA_5,LO CLR DISCHG TEMP HIGH,ALM,5,0,0,,!WP1001!WP1002!WP1003!WP1006!WP1007!WP1014!hist14!CP1011,1
2026-07-17 13:31:00.7,1BFA_GSM_ALM,BFA_ALM4,MARK VIE A BFPT ALARM,,STA_5,LO CLR DISCHG TEMP OK,RTN,5,0,0,,!WP1001!WP1002!WP1003!WP1006!WP1007!WP1014!hist14!CP1011,1
2026-07-17 13:31:08.7,1BFA_GSM_ALM,BFA_ALM4,MARK VIE A BFPT ALARM,,STA_5,LO CLR DISCHG TEMP HIGH,ALM,5,0,0,,!WP1001!WP1002!WP1003!WP1006!WP1007!WP1014!hist14!CP1011,1
2026-07-17 13:31:13.2,1BFA_GSM_ALM,BFA_ALM4,MARK VIE A BFPT ALARM,,STA_5,LO CLR DISCHG TEMP OK,RTN,5,0,0,,!WP1001!WP1002!WP1003!WP1006!WP1007!WP1014!hist14!CP1011,1
2026-07-17 13:31:16.7,1BFA_GSM_ALM,BFA_ALM4,MARK VIE A BFPT ALARM,,STA_5,LO CLR DISCHG TEMP HIGH,ALM,5,0,0,,!WP1001!WP1002!WP1003!WP1006!WP1007!WP1014!hist14!CP1011,1
2026-07-17 13:31:20.5,1TC,B21,DROOP ACTIVE,DROOP,STATE,ACTIVE,ALM,5,,,,!hist14!CP1001,2
2026-07-17 13:31:20.7,1BFA_GSM_ALM,BFA_ALM4,MARK VIE A BFPT ALARM,,STA_5,LO CLR DISCHG TEMP OK,RTN,5,0,0,,!WP1001!WP1002!WP1003!WP1006!WP1007!WP1014!hist14!CP1011,1
2026-07-17 13:31:22.7,1BFA_GSM_ALM,BFA_ALM4,MARK VIE A BFPT ALARM,,STA_5,LO CLR DISCHG TEMP HIGH,ALM,5,0,0,,!WP1001!WP1002!WP1003!WP1006!WP1007!WP1014!hist14!CP1011,1
2026-07-17 13:31:26.7,1BFA_GSM_ALM,BFA_ALM4,MARK VIE A BFPT ALARM,,STA_5,LO CLR DISCHG TEMP OK,RTN,5,0,0,,!WP1001!WP1002!WP1003!WP1006!WP1007!WP1014!hist14!CP1011,1
2026-07-17 13:31:34.7,1BFA_GSM_ALM,BFA_ALM4,MARK VIE A BFPT ALARM,,STA_5,LO CLR DISCHG TEMP HIGH,ALM,5,0,0,,!WP1001!WP1002!WP1003!WP1006!WP1007!WP1014!hist14!CP1011,1
2026-07-17 13:31:39.2,1BFA_GSM_ALM,BFA_ALM4,MARK VIE A BFPT ALARM,,STA_5,LO CLR DISCHG TEMP OK,RTN,5,0,0,,!WP1001!WP1002!WP1003!WP1006!WP1007!WP1014!hist14!CP1011,1
2026-07-17 13:31:50.7,1BFA_GSM_ALM,BFA_ALM4,MARK VIE A BFPT ALARM,,STA_5,LO CLR DISCHG TEMP HIGH,ALM,5,0,0,,!WP1001!WP1002!WP1003!WP1006!WP1007!WP1014!hist14!CP1011,1
2026-07-17 13:31:52.7,1BFA_GSM_ALM,BFA_ALM4,MARK VIE A BFPT ALARM,,STA_5,LO CLR DISCHG TEMP OK,RTN,5,0,0,,!WP1001!WP1002!WP1003!WP1006!WP1007!WP1014!hist14!CP1011,1
2026-07-17 13:31:56.7,1BFA_GSM_ALM,BFA_ALM4,MARK VIE A BFPT ALARM,,STA_5,LO CLR DISCHG TEMP HIGH,ALM,5,0,0,,!WP1001!WP1002!WP1003!WP1006!WP1007!WP1014!hist14!CP1011,1
2026-07-17 13:31:58.7,1BFA_GSM_ALM,BFA_ALM4,MARK VIE A BFPT ALARM,,STA_5,LO CLR DISCHG TEMP OK,RTN,5,0,0,,!WP1001!WP1002!WP1003!WP1006!WP1007!WP1014!hist14!CP1011,1
2026-07-17 13:32:01.1,IDFAN_PEEC,OPCY_ALM,PRECIP OUT > 50%,PRECIP OUTLET,STATE,ALARM,ALM,3,,,,!WP1001!WP1002!WP1003!WP1006!WP1007!WP1014!hist14!CP1003,1
2026-07-17 13:32:06.7,1BFA_GSM_ALM,BFA_ALM4,MARK VIE A BFPT ALARM,,STA_5,LO CLR DISCHG TEMP HIGH,ALM,5,0,0,,!WP1001!WP1002!WP1003!WP1006!WP1007!WP1014!hist14!CP1011,1
2026-07-17 13:32:07.5,1TC,B21,DROOP ACTIVE,DROOP,STATE,NORMAL,RTN,5,,,,!hist14!CP1001,2
2026-07-17 13:32:08.0,1TC,B21,DROOP ACTIVE,DROOP,STATE,ACTIVE,ALM,5,,,,!hist14!CP1001,2
2026-07-17 13:32:08.1,IDFAN_PEEC,OPCY_ALM,PRECIP OUT > 50%,PRECIP OUTLET,STATE,NORMAL,RTN,3,,,,!WP1001!WP1002!WP1003!WP1006!WP1007!WP1014!hist14!CP1003,1
2026-07-17 13:32:08.7,1BFA_GSM_ALM,BFA_ALM4,MARK VIE A BFPT ALARM,,STA_5,LO CLR DISCHG TEMP OK,RTN,5,0,0,,!WP1001!WP1002!WP1003!WP1006!WP1007!WP1014!hist14!CP1011,1
2026-07-17 13:32:09.0,1TC,B21,DROOP ACTIVE,DROOP,STATE,NORMAL,RTN,5,,,,!hist14!CP1001,2
2026-07-17 13:32:10.0,1TC,B21,DROOP ACTIVE,DROOP,STATE,ACTIVE,ALM,5,,,,!hist14!CP1001,2
2026-07-17 13:32:10.7,1BFA_GSM_ALM,BFA_ALM4,MARK VIE A BFPT ALARM,,STA_5,LO CLR DISCHG TEMP HIGH,ALM,5,0,0,,!WP1001!WP1002!WP1003!WP1006!WP1007!WP1014!hist14!CP1011,1
2026-07-17 13:32:12.7,1BFA_GSM_ALM,BFA_ALM4,MARK VIE A BFPT ALARM,,STA_5,LO CLR DISCHG TEMP OK,RTN,5,0,0,,!WP1001!WP1002!WP1003!WP1006!WP1007!WP1014!hist14!CP1011,1
2026-07-17 13:32:14.5,1TC,B21,DROOP ACTIVE,DROOP,STATE,NORMAL,RTN,5,,,,!hist14!CP1001,2
2026-07-17 13:32:15.0,1NW_ESP_SMP,NWAI6702B,PRECIP SUMP PMP B DSCH PH,,IOBAD,BAD CHANNEL,ALM,3,,,,!WP1002!WP1011!WP1001!hist14!CP1020,1
2026-07-17 13:32:16.7,1BFA_GSM_ALM,BFA_ALM4,MARK VIE A BFPT ALARM,,STA_5,LO CLR DISCHG TEMP HIGH,ALM,5,0,0,,!WP1001!WP1002!WP1003!WP1006!WP1007!WP1014!hist14!CP1011,1
2026-07-17 13:32:16.0,1NW_ESP_SMP,NWAI6702B,PRECIP SUMP PMP B DSCH PH,,IOBAD,BAD CHANNEL,RTN,3,,,,!WP1002!WP1011!WP1001!hist14!CP1020,1
2026-07-17 13:32:18.7,1BFA_GSM_ALM,BFA_ALM4,MARK VIE A BFPT ALARM,,STA_5,LO CLR DISCHG TEMP OK,RTN,5,0,0,,!WP1001!WP1002!WP1003!WP1006!WP1007!WP1014!hist14!CP1011,1
2026-07-17 13:32:24.0,1NW_ESP_SMP,NWAI6702B,PRECIP SUMP PMP B DSCH PH,,IOBAD,BAD CHANNEL,ALM,3,,,,!WP1002!WP1011!WP1001!hist14!CP1020,1
2026-07-17 13:32:36.7,1BFA_GSM_ALM,BFA_ALM4,MARK VIE A BFPT ALARM,,STA_5,LO CLR DISCHG TEMP HIGH,ALM,5,0,0,,!WP1001!WP1002!WP1003!WP1006!WP1007!WP1014!hist14!CP1011,1
2026-07-17 13:32:37.5,1AAIR,B16,WINDBOX/FURN DIFF PRESS,,LLABS,WINDBIX/FURN PRESS LOW,ALM,5,1.99741,2,INWC,!WP1001!WP1002!WP1003!WP1006!WP1007!WP1014!hist14!CP1001,1
2026-07-17 13:32:38.7,1BFA_GSM_ALM,BFA_ALM4,MARK VIE A BFPT ALARM,,STA_5,LO CLR DISCHG TEMP OK,RTN,5,0,0,,!WP1001!WP1002!WP1003!WP1006!WP1007!WP1014!hist14!CP1011,1
2026-07-17 13:32:44.7,1BFA_GSM_ALM,BFA_ALM4,MARK VIE A BFPT ALARM,,STA_5,LO CLR DISCHG TEMP HIGH,ALM,5,0,0,,!WP1001!WP1002!WP1003!WP1006!WP1007!WP1014!hist14!CP1011,1
2026-07-17 13:32:48.7,1BFA_GSM_ALM,BFA_ALM4,MARK VIE A BFPT ALARM,,STA_5,LO CLR DISCHG TEMP OK,RTN,5,0,0,,!WP1001!WP1002!WP1003!WP1006!WP1007!WP1014!hist14!CP1011,1
2026-07-17 13:32:56.7,1PDF,SLPSL0001,PULV LOW SEAL AIR HDR DIFF PRESS,,LOABS,PULV LOW SEAL AIR HDR DIFF PRESS,RTN,1,4.00928,4,INH2O,!WP1001!WP1002!WP1003!WP1006!WP1007!WP1014!hist14!CP1004,1
2026-07-17 13:32:57.7,1PDF,SLPSL0001,PULV LOW SEAL AIR HDR DIFF PRESS,,LOABS,PULV LOW SEAL AIR HDR DIFF PRESS,ALM,1,3.93779,4,INH2O,!WP1001!WP1002!WP1003!WP1006!WP1007!WP1014!hist14!CP1004,1
2026-07-17 13:32:58.0,1GS_A,BLEED_FAIL,BLEED SYSTEM A FAILURE,,STATE,BLEED SYSTEM A NORMAL,RTN,3,,,,!WP1001!WP1002!WP1003!WP1006!WP1007!WP1014!hist14!CP1017,1
2026-07-17 13:33:00.7,1PDF,SLPSL0001,PULV LOW SEAL AIR HDR DIFF PRESS,,LOABS,PULV LOW SEAL AIR HDR DIFF PRESS,RTN,1,4.02627,4,INH2O,!WP1001!WP1002!WP1003!WP1006!WP1007!WP1014!hist14!CP1004,1
2026-07-17 13:33:04.7,1BFA_GSM_ALM,BFA_ALM4,MARK VIE A BFPT ALARM,,STA_5,LO CLR DISCHG TEMP HIGH,ALM,5,0,0,,!WP1001!WP1002!WP1003!WP1006!WP1007!WP1014!hist14!CP1011,1
2026-07-17 13:33:05.7,1PDF,SLPSL0001,PULV LOW SEAL AIR HDR DIFF PRESS,,LOABS,PULV LOW SEAL AIR HDR DIFF PRESS,ALM,1,3.89561,4,INH2O,!WP1001!WP1002!WP1003!WP1006!WP1007!WP1014!hist14!CP1004,1
2026-07-17 13:33:06.7,1BFA_GSM_ALM,BFA_ALM4,MARK VIE A BFPT ALARM,,STA_5,LO CLR DISCHG TEMP OK,RTN,5,0,0,,!WP1001!WP1002!WP1003!WP1006!WP1007!WP1014!hist14!CP1011,1
2026-07-17 13:33:08.7,1BFA_GSM_ALM,BFA_ALM4,MARK VIE A BFPT ALARM,,STA_5,LO CLR DISCHG TEMP HIGH,ALM,5,0,0,,!WP1001!WP1002!WP1003!WP1006!WP1007!WP1014!hist14!CP1011,1
2026-07-17 13:33:10.7,1BFA_GSM_ALM,BFA_ALM4,MARK VIE A BFPT ALARM,,STA_5,LO CLR DISCHG TEMP OK,RTN,5,0,0,,!WP1001!WP1002!WP1003!WP1006!WP1007!WP1014!hist14!CP1011,1
2026-07-17 13:33:18.7,1BFA_GSM_ALM,BFA_ALM4,MARK VIE A BFPT ALARM,,STA_5,LO CLR DISCHG TEMP HIGH,ALM,5,0,0,,!WP1001!WP1002!WP1003!WP1006!WP1007!WP1014!hist14!CP1011,1
2026-07-17 13:33:23.2,1BFA_GSM_ALM,BFA_ALM4,MARK VIE A BFPT ALARM,,STA_5,LO CLR DISCHG TEMP OK,RTN,5,0,0,,!WP1001!WP1002!WP1003!WP1006!WP1007!WP1014!hist14!CP1011,1
2026-07-17 13:33:28.7,1BFA_GSM_ALM,BFA_ALM4,MARK VIE A BFPT ALARM,,STA_5,LO CLR DISCHG TEMP HIGH,ALM,5,0,0,,!WP1001!WP1002!WP1003!WP1006!WP1007!WP1014!hist14!CP1011,1
2026-07-17 13:33:32.7,1BFA_GSM_ALM,BFA_ALM4,MARK VIE A BFPT ALARM,,STA_5,LO CLR DISCHG TEMP OK,RTN,5,0,0,,!WP1001!WP1002!WP1003!WP1006!WP1007!WP1014!hist14!CP1011,1
2026-07-17 13:33:40.7,1PDF,SLPSL0001,PULV LOW SEAL AIR HDR DIFF PRESS,,LOABS,PULV LOW SEAL AIR HDR DIFF PRESS,RTN,1,4.00371,4,INH2O,!WP1001!WP1002!WP1003!WP1006!WP1007!WP1014!hist14!CP1004,1
2026-07-17 13:33:40.7,1BFA_GSM_ALM,BFA_ALM4,MARK VIE A BFPT ALARM,,STA_5,LO CLR DISCHG TEMP HIGH,ALM,5,0,0,,!WP1001!WP1002!WP1003!WP1006!WP1007!WP1014!hist14!CP1011,1
2026-07-17 13:33:42.7,1BFA_GSM_ALM,BFA_ALM4,MARK VIE A BFPT ALARM,,STA_5,LO CLR DISCHG TEMP OK,RTN,5,0,0,,!WP1001!WP1002!WP1003!WP1006!WP1007!WP1014!hist14!CP1011,1
2026-07-17 13:33:43.7,1PDF,SLPSL0001,PULV LOW SEAL AIR HDR DIFF PRESS,,LOABS,PULV LOW SEAL AIR HDR DIFF PRESS,ALM,1,3.9542,4,INH2O,!WP1001!WP1002!WP1003!WP1006!WP1007!WP1014!hist14!CP1004,1
2026-07-17 13:33:46.7,1PDF,SLPSL0001,PULV LOW SEAL AIR HDR DIFF PRESS,,LOABS,PULV LOW SEAL AIR HDR DIFF PRESS,RTN,1,4.06523,4,INH2O,!WP1001!WP1002!WP1003!WP1006!WP1007!WP1014!hist14!CP1004,1
2026-07-17 13:34:08.7,1PDF,SLPSL0001,PULV LOW SEAL AIR HDR DIFF PRESS,,LOABS,PULV LOW SEAL AIR HDR DIFF PRESS,ALM,1,3.97266,4,INH2O,!WP1001!WP1002!WP1003!WP1006!WP1007!WP1014!hist14!CP1004,1
2026-07-17 13:34:09.0,1TC,B21,DROOP ACTIVE,DROOP,STATE,ACTIVE,ALM,5,,,,!hist14!CP1001,2
2026-07-17 13:34:11.7,1PDF,SLPSL0001,PULV LOW SEAL AIR HDR DIFF PRESS,,LOABS,PULV LOW SEAL AIR HDR DIFF PRESS,RTN,1,4.02158,4,INH2O,!WP1001!WP1002!WP1003!WP1006!WP1007!WP1014!hist14!CP1004,1
2026-07-17 13:34:11.3,1DAS10,IACE3001,COND MAKE-UP      CATION CNDCT,,HIABS,HIGH,ALM,1,0.300176,0.3,US/CM,!WP1002!WP1006!WP1007!WP1001!WP1003!WP1014!hist14!CP1008,1
2026-07-17 13:34:12.7,1PDF,SLPSL0001,PULV LOW SEAL AIR HDR DIFF PRESS,,LOABS,PULV LOW SEAL AIR HDR DIFF PRESS,ALM,1,3.96885,4,INH2O,!WP1001!WP1002!WP1003!WP1006!WP1007!WP1014!hist14!CP1004,1
2026-07-17 13:34:18.7,1PDF,SLPSL0001,PULV LOW SEAL AIR HDR DIFF PRESS,,LOABS,PULV LOW SEAL AIR HDR DIFF PRESS,RTN,1,4.14023,4,INH2O,!WP1001!WP1002!WP1003!WP1006!WP1007!WP1014!hist14!CP1004,1
2026-07-17 13:34:32.7,1BFA_GSM_ALM,BFA_ALM4,MARK VIE A BFPT ALARM,,STA_5,LO CLR DISCHG TEMP HIGH,ALM,5,0,0,,!WP1001!WP1002!WP1003!WP1006!WP1007!WP1014!hist14!CP1011,1
2026-07-17 13:34:34.7,1BFA_GSM_ALM,BFA_ALM4,MARK VIE A BFPT ALARM,,STA_5,LO CLR DISCHG TEMP OK,RTN,5,0,0,,!WP1001!WP1002!WP1003!WP1006!WP1007!WP1014!hist14!CP1011,1
2026-07-17 13:34:48.7,1SCR_B_PRESS,FGPDI5228B,SCR B CAT LAYER 4 DP,1SR114 PNT 4,HHABS,HI HI DP,ALM,1,1.70164,1.7,INH2O,!WP1001!WP1002!WP1003!WP1006!WP1007!WP1014!hist14!CP1016,1
2026-07-17 13:34:56.7,1PDF,SLPSL0001,PULV LOW SEAL AIR HDR DIFF PRESS,,LOABS,PULV LOW SEAL AIR HDR DIFF PRESS,ALM,1,3.99639,4,INH2O,!WP1001!WP1002!WP1003!WP1006!WP1007!WP1014!hist14!CP1004,1
2026-07-17 13:34:57.7,1PDF,SLPSL0001,PULV LOW SEAL AIR HDR DIFF PRESS,,LOABS,PULV LOW SEAL AIR HDR DIFF PRESS,RTN,1,4.05967,4,INH2O,!WP1001!WP1002!WP1003!WP1006!WP1007!WP1014!hist14!CP1004,1
2026-07-17 13:35:00.7,1BFA_GSM_ALM,BFA_ALM4,MARK VIE A BFPT ALARM,,STA_5,LO CLR DISCHG TEMP HIGH,ALM,5,0,0,,!WP1001!WP1002!WP1003!WP1006!WP1007!WP1014!hist14!CP1011,1
2026-07-17 13:35:02.7,1BFA_GSM_ALM,BFA_ALM4,MARK VIE A BFPT ALARM,,STA_5,LO CLR DISCHG TEMP OK,RTN,5,0,0,,!WP1001!WP1002!WP1003!WP1006!WP1007!WP1014!hist14!CP1011,1
2026-07-17 13:35:10.0,1TC,B21,DROOP ACTIVE,DROOP,STATE,NORMAL,RTN,5,,,,!hist14!CP1001,2
2026-07-17 13:35:11.0,1TC,B21,DROOP ACTIVE,DROOP,STATE,ACTIVE,ALM,5,,,,!hist14!CP1001,2
2026-07-17 13:35:11.7,1PDF,SLPSL0001,PULV LOW SEAL AIR HDR DIFF PRESS,,LOABS,PULV LOW SEAL AIR HDR DIFF PRESS,ALM,1,3.98115,4,INH2O,!WP1001!WP1002!WP1003!WP1006!WP1007!WP1014!hist14!CP1004,1
2026-07-17 13:35:12.0,1TC,B21,DROOP ACTIVE,DROOP,STATE,NORMAL,RTN,5,,,,!hist14!CP1001,2
2026-07-17 13:35:12.7,1PDF,SLPSL0001,PULV LOW SEAL AIR HDR DIFF PRESS,,LOABS,PULV LOW SEAL AIR HDR DIFF PRESS,RTN,1,4.00928,4,INH2O,!WP1001!WP1002!WP1003!WP1006!WP1007!WP1014!hist14!CP1004,1
2026-07-17 13:35:13.7,1PDF,SLPSL0001,PULV LOW SEAL AIR HDR DIFF PRESS,,LOABS,PULV LOW SEAL AIR HDR DIFF PRESS,ALM,1,3.98672,4,INH2O,!WP1001!WP1002!WP1003!WP1006!WP1007!WP1014!hist14!CP1004,1
2026-07-17 13:35:14.7,1PDF,SLPSL0001,PULV LOW SEAL AIR HDR DIFF PRESS,,LOABS,PULV LOW SEAL AIR HDR DIFF PRESS,RTN,1,4.06875,4,INH2O,!WP1001!WP1002!WP1003!WP1006!WP1007!WP1014!hist14!CP1004,1
2026-07-17 13:35:17.0,1TC,B21,DROOP ACTIVE,DROOP,STATE,ACTIVE,ALM,5,,,,!hist14!CP1001,2
2026-07-17 13:35:19.0,1TC,B21,DROOP ACTIVE,DROOP,STATE,NORMAL,RTN,5,,,,!hist14!CP1001,2
2026-07-17 13:35:21.5,1TC,B21,DROOP ACTIVE,DROOP,STATE,ACTIVE,ALM,5,,,,!hist14!CP1001,2
2026-07-17 13:35:22.7,1BFA_GSM_ALM,BFA_ALM4,MARK VIE A BFPT ALARM,,STA_5,LO CLR DISCHG TEMP HIGH,ALM,5,0,0,,!WP1001!WP1002!WP1003!WP1006!WP1007!WP1014!hist14!CP1011,1
2026-07-17 13:35:24.5,1TC,B21,DROOP ACTIVE,DROOP,STATE,NORMAL,RTN,5,,,,!hist14!CP1001,2
2026-07-17 13:35:24.7,1BFA_GSM_ALM,BFA_ALM4,MARK VIE A BFPT ALARM,,STA_5,LO CLR DISCHG TEMP OK,RTN,5,0,0,,!WP1001!WP1002!WP1003!WP1006!WP1007!WP1014!hist14!CP1011,1
2026-07-17 13:35:36.7,1PDF,SLPSL0001,PULV LOW SEAL AIR HDR DIFF PRESS,,LOABS,PULV LOW SEAL AIR HDR DIFF PRESS,ALM,1,3.90732,4,INH2O,!WP1001!WP1002!WP1003!WP1006!WP1007!WP1014!hist14!CP1004,1
2026-07-17 13:36:10.7,1BFA_GSM_ALM,BFA_ALM4,MARK VIE A BFPT ALARM,,STA_5,LO CLR DISCHG TEMP HIGH,ALM,5,0,0,,!WP1001!WP1002!WP1003!WP1006!WP1007!WP1014!hist14!CP1011,1
2026-07-17 13:36:12.7,1BFA_GSM_ALM,BFA_ALM4,MARK VIE A BFPT ALARM,,STA_5,LO CLR DISCHG TEMP OK,RTN,5,0,0,,!WP1001!WP1002!WP1003!WP1006!WP1007!WP1014!hist14!CP1011,1
2026-07-17 13:36:32.7,1BFA_GSM_ALM,BFA_ALM4,MARK VIE A BFPT ALARM,,STA_5,LO CLR DISCHG TEMP HIGH,ALM,5,0,0,,!WP1001!WP1002!WP1003!WP1006!WP1007!WP1014!hist14!CP1011,1
2026-07-17 13:36:34.7,1BFA_GSM_ALM,BFA_ALM4,MARK VIE A BFPT ALARM,,STA_5,LO CLR DISCHG TEMP OK,RTN,5,0,0,,!WP1001!WP1002!WP1003!WP1006!WP1007!WP1014!hist14!CP1011,1
2026-07-17 13:37:08.5,1AB_SURGEA,FCVA153AL,LINE A TO SILO    B,TRANSPORT LIN,STATE,FAIL,ALM,3,,,,!WP1002!WP1011!WP1001!hist14!CP1020,1
2026-07-17 13:37:10.0,1AB_SURGEA,FCVA153AL,LINE A TO SILO    B,TRANSPORT LIN,STATE,OK,RTN,3,,,,!WP1002!WP1011!WP1001!hist14!CP1020,1
2026-07-17 13:37:31.1,PAC_PLC,ACI_FDR_A_TR,ACI FDR A AC-WIC-5007 TRBLE ALM,,CHANGE,PAC FEEDER A TROUBLE,ALM,1,,,,!WP1001!WP1002!WP1003!WP1006!WP1007!WP1014!hist14!CP1003,1
2026-07-17 13:37:33.1,PAC_PLC,ACI_FDR_A_TR,ACI FDR A AC-WIC-5007 TRBLE ALM,,CHANGE,PAC FEEDER A TROUBLE,ALM,1,,,,!WP1001!WP1002!WP1003!WP1006!WP1007!WP1014!hist14!CP1003,1
2026-07-17 13:37:41.1,PAC_PLC,ACI_FDR_A_TR,ACI FDR A AC-WIC-5007 TRBLE ALM,,CHANGE,PAC FEEDER A TROUBLE,ALM,1,,,,!WP1001!WP1002!WP1003!WP1006!WP1007!WP1014!hist14!CP1003,1
2026-07-17 13:37:42.1,PAC_PLC,ACI_FDR_A_TR,ACI FDR A AC-WIC-5007 TRBLE ALM,,CHANGE,PAC FEEDER A TROUBLE,ALM,1,,,,!WP1001!WP1002!WP1003!WP1006!WP1007!WP1014!hist14!CP1003,1
2026-07-17 13:37:51.1,PAC_PLC,ACI_FDR_A_TR,ACI FDR A AC-WIC-5007 TRBLE ALM,,CHANGE,PAC FEEDER A TROUBLE,ALM,1,,,,!WP1001!WP1002!WP1003!WP1006!WP1007!WP1014!hist14!CP1003,1
2026-07-17 13:37:52.1,PAC_PLC,ACI_FDR_A_TR,ACI FDR A AC-WIC-5007 TRBLE ALM,,CHANGE,PAC FEEDER A TROUBLE,ALM,1,,,,!WP1001!WP1002!WP1003!WP1006!WP1007!WP1014!hist14!CP1003,1
2026-07-17 13:37:52.7,1PDF,SLPSL0001,PULV LOW SEAL AIR HDR DIFF PRESS,,LOABS,PULV LOW SEAL AIR HDR DIFF PRESS,RTN,1,4.05674,4,INH2O,!WP1001!WP1002!WP1003!WP1006!WP1007!WP1014!hist14!CP1004,1
2026-07-17 13:38:10.7,1PDF,SLPSL0001,PULV LOW SEAL AIR HDR DIFF PRESS,,LOABS,PULV LOW SEAL AIR HDR DIFF PRESS,ALM,1,3.93662,4,INH2O,!WP1001!WP1002!WP1003!WP1006!WP1007!WP1014!hist14!CP1004,1
2026-07-17 13:38:13.7,1PDF,SLPSL0001,PULV LOW SEAL AIR HDR DIFF PRESS,,LOABS,PULV LOW SEAL AIR HDR DIFF PRESS,RTN,1,4.06406,4,INH2O,!WP1001!WP1002!WP1003!WP1006!WP1007!WP1014!hist14!CP1004,1
2026-07-17 13:38:14.7,1PDF,SLPSL0001,PULV LOW SEAL AIR HDR DIFF PRESS,,LOABS,PULV LOW SEAL AIR HDR DIFF PRESS,ALM,1,3.94248,4,INH2O,!WP1001!WP1002!WP1003!WP1006!WP1007!WP1014!hist14!CP1004,1
2026-07-17 13:38:23.7,1PDF,SLPSL0001,PULV LOW SEAL AIR HDR DIFF PRESS,,LOABS,PULV LOW SEAL AIR HDR DIFF PRESS,RTN,1,4.04121,4,INH2O,!WP1001!WP1002!WP1003!WP1006!WP1007!WP1014!hist14!CP1004,1
2026-07-17 13:38:24.7,1PDF,SLPSL0001,PULV LOW SEAL AIR HDR DIFF PRESS,,LOABS,PULV LOW SEAL AIR HDR DIFF PRESS,ALM,1,3.99873,4,INH2O,!WP1001!WP1002!WP1003!WP1006!WP1007!WP1014!hist14!CP1004,1
2026-07-17 13:38:26.7,1PDF,SLPSL0001,PULV LOW SEAL AIR HDR DIFF PRESS,,LOABS,PULV LOW SEAL AIR HDR DIFF PRESS,RTN,1,4.02568,4,INH2O,!WP1001!WP1002!WP1003!WP1006!WP1007!WP1014!hist14!CP1004,1
2026-07-17 13:38:27.7,1PDF,SLPSL0001,PULV LOW SEAL AIR HDR DIFF PRESS,,LOABS,PULV LOW SEAL AIR HDR DIFF PRESS,ALM,1,3.91699,4,INH2O,!WP1001!WP1002!WP1003!WP1006!WP1007!WP1014!hist14!CP1004,1
2026-07-17 13:38:28.7,1PDF,SLPSL0001,PULV LOW SEAL AIR HDR DIFF PRESS,,LOABS,PULV LOW SEAL AIR HDR DIFF PRESS,RTN,1,4.00928,4,INH2O,!WP1001!WP1002!WP1003!WP1006!WP1007!WP1014!hist14!CP1004,1
2026-07-17 13:38:29.7,1PDF,SLPSL0001,PULV LOW SEAL AIR HDR DIFF PRESS,,LOABS,PULV LOW SEAL AIR HDR DIFF PRESS,ALM,1,3.9375,4,INH2O,!WP1001!WP1002!WP1003!WP1006!WP1007!WP1014!hist14!CP1004,1
2026-07-17 13:38:32.7,1PDF,SLPSL0001,PULV LOW SEAL AIR HDR DIFF PRESS,,LOABS,PULV LOW SEAL AIR HDR DIFF PRESS,RTN,1,4.05498,4,INH2O,!WP1001!WP1002!WP1003!WP1006!WP1007!WP1014!hist14!CP1004,1
2026-07-17 13:38:33.7,1PDF,SLPSL0001,PULV LOW SEAL AIR HDR DIFF PRESS,,LOABS,PULV LOW SEAL AIR HDR DIFF PRESS,ALM,1,3.93369,4,INH2O,!WP1001!WP1002!WP1003!WP1006!WP1007!WP1014!hist14!CP1004,1
2026-07-17 13:38:36.7,1PDF,SLPSL0001,PULV LOW SEAL AIR HDR DIFF PRESS,,LOABS,PULV LOW SEAL AIR HDR DIFF PRESS,RTN,1,4.0793,4,INH2O,!WP1001!WP1002!WP1003!WP1006!WP1007!WP1014!hist14!CP1004,1
2026-07-17 13:38:40.7,1PDF,SLPSL0001,PULV LOW SEAL AIR HDR DIFF PRESS,,LOABS,PULV LOW SEAL AIR HDR DIFF PRESS,ALM,1,3.99844,4,INH2O,!WP1001!WP1002!WP1003!WP1006!WP1007!WP1014!hist14!CP1004,1
2026-07-17 13:38:43.7,1PDF,SLPSL0001,PULV LOW SEAL AIR HDR DIFF PRESS,,LOABS,PULV LOW SEAL AIR HDR DIFF PRESS,RTN,1,4.05029,4,INH2O,!WP1001!WP1002!WP1003!WP1006!WP1007!WP1014!hist14!CP1004,1
2026-07-17 13:39:00.7,1PDF,SLPSL0001,PULV LOW SEAL AIR HDR DIFF PRESS,,LOABS,PULV LOW SEAL AIR HDR DIFF PRESS,ALM,1,3.96943,4,INH2O,!WP1001!WP1002!WP1003!WP1006!WP1007!WP1014!hist14!CP1004,1
2026-07-17 13:39:03.7,1PDF,SLPSL0001,PULV LOW SEAL AIR HDR DIFF PRESS,,LOABS,PULV LOW SEAL AIR HDR DIFF PRESS,RTN,1,4.01631,4,INH2O,!WP1001!WP1002!WP1003!WP1006!WP1007!WP1014!hist14!CP1004,1
2026-07-17 13:39:09.7,1PDF,SLPSL0001,PULV LOW SEAL AIR HDR DIFF PRESS,,LOABS,PULV LOW SEAL AIR HDR DIFF PRESS,ALM,1,3.95918,4,INH2O,!WP1001!WP1002!WP1003!WP1006!WP1007!WP1014!hist14!CP1004,1
2026-07-17 13:39:10.7,1PDF,SLPSL0001,PULV LOW SEAL AIR HDR DIFF PRESS,,LOABS,PULV LOW SEAL AIR HDR DIFF PRESS,RTN,1,4.05557,4,INH2O,!WP1001!WP1002!WP1003!WP1006!WP1007!WP1014!hist14!CP1004,1
2026-07-17 13:39:11.7,1PDF,SLPSL0001,PULV LOW SEAL AIR HDR DIFF PRESS,,LOABS,PULV LOW SEAL AIR HDR DIFF PRESS,ALM,1,3.96299,4,INH2O,!WP1001!WP1002!WP1003!WP1006!WP1007!WP1014!hist14!CP1004,1
2026-07-17 13:39:20.7,1PDF,SLPSL0001,PULV LOW SEAL AIR HDR DIFF PRESS,,LOABS,PULV LOW SEAL AIR HDR DIFF PRESS,RTN,1,4.04883,4,INH2O,!WP1001!WP1002!WP1003!WP1006!WP1007!WP1014!hist14!CP1004,1
2026-07-17 13:39:32.7,1PDF,SLPSL0001,PULV LOW SEAL AIR HDR DIFF PRESS,,LOABS,PULV LOW SEAL AIR HDR DIFF PRESS,ALM,1,3.94834,4,INH2O,!WP1001!WP1002!WP1003!WP1006!WP1007!WP1014!hist14!CP1004,1
2026-07-17 13:39:33.7,1PDF,SLPSL0001,PULV LOW SEAL AIR HDR DIFF PRESS,,LOABS,PULV LOW SEAL AIR HDR DIFF PRESS,RTN,1,4.13262,4,INH2O,!WP1001!WP1002!WP1003!WP1006!WP1007!WP1014!hist14!CP1004,1
2026-07-17 13:39:51.7,1PDF,SLPSL0001,PULV LOW SEAL AIR HDR DIFF PRESS,,LOABS,PULV LOW SEAL AIR HDR DIFF PRESS,ALM,1,3.98555,4,INH2O,!WP1001!WP1002!WP1003!WP1006!WP1007!WP1014!hist14!CP1004,1
2026-07-17 13:39:52.7,1PDF,SLPSL0001,PULV LOW SEAL AIR HDR DIFF PRESS,,LOABS,PULV LOW SEAL AIR HDR DIFF PRESS,RTN,1,4.01836,4,INH2O,!WP1001!WP1002!WP1003!WP1006!WP1007!WP1014!hist14!CP1004,1
2026-07-17 13:39:53.7,1PDF,SLPSL0001,PULV LOW SEAL AIR HDR DIFF PRESS,,LOABS,PULV LOW SEAL AIR HDR DIFF PRESS,ALM,1,3.92432,4,INH2O,!WP1001!WP1002!WP1003!WP1006!WP1007!WP1014!hist14!CP1004,1
2026-07-17 13:39:54.7,1PDF,SLPSL0001,PULV LOW SEAL AIR HDR DIFF PRESS,,LOABS,PULV LOW SEAL AIR HDR DIFF PRESS,RTN,1,4.14961,4,INH2O,!WP1001!WP1002!WP1003!WP1006!WP1007!WP1014!hist14!CP1004,1
2026-07-17 13:39:57.7,1PDF,SLPSL0001,PULV LOW SEAL AIR HDR DIFF PRESS,,LOABS,PULV LOW SEAL AIR HDR DIFF PRESS,ALM,1,3.91553,4,INH2O,!WP1001!WP1002!WP1003!WP1006!WP1007!WP1014!hist14!CP1004,1
2026-07-17 13:40:17.7,1PDF,SLPSL0001,PULV LOW SEAL AIR HDR DIFF PRESS,,LOABS,PULV LOW SEAL AIR HDR DIFF PRESS,RTN,1,4.06436,4,INH2O,!WP1001!WP1002!WP1003!WP1006!WP1007!WP1014!hist14!CP1004,1
2026-07-17 13:40:22.7,1PDF,SLPSL0001,PULV LOW SEAL AIR HDR DIFF PRESS,,LOABS,PULV LOW SEAL AIR HDR DIFF PRESS,ALM,1,3.99229,4,INH2O,!WP1001!WP1002!WP1003!WP1006!WP1007!WP1014!hist14!CP1004,1
2026-07-17 13:40:24.7,1PDF,SLPSL0001,PULV LOW SEAL AIR HDR DIFF PRESS,,LOABS,PULV LOW SEAL AIR HDR DIFF PRESS,RTN,1,4.01104,4,INH2O,!WP1001!WP1002!WP1003!WP1006!WP1007!WP1014!hist14!CP1004,1
2026-07-17 13:40:41.7,1PDF,SLPSL0001,PULV LOW SEAL AIR HDR DIFF PRESS,,LOABS,PULV LOW SEAL AIR HDR DIFF PRESS,ALM,1,3.9334,4,INH2O,!WP1001!WP1002!WP1003!WP1006!WP1007!WP1014!hist14!CP1004,1
2026-07-17 13:41:27.7,1PDF,SLPSL0001,PULV LOW SEAL AIR HDR DIFF PRESS,,LOABS,PULV LOW SEAL AIR HDR DIFF PRESS,RTN,1,4.09893,4,INH2O,!WP1001!WP1002!WP1003!WP1006!WP1007!WP1014!hist14!CP1004,1
2026-07-17 13:41:31.7,1PDF,SLPSL0001,PULV LOW SEAL AIR HDR DIFF PRESS,,LOABS,PULV LOW SEAL AIR HDR DIFF PRESS,ALM,1,3.975,4,INH2O,!WP1001!WP1002!WP1003!WP1006!WP1007!WP1014!hist14!CP1004,1
2026-07-17 13:42:17.7,1PDF,SLPSL0001,PULV LOW SEAL AIR HDR DIFF PRESS,,LOABS,PULV LOW SEAL AIR HDR DIFF PRESS,RTN,1,4.06143,4,INH2O,!WP1001!WP1002!WP1003!WP1006!WP1007!WP1014!hist14!CP1004,1
2026-07-17 13:42:18.7,1PDF,SLPSL0001,PULV LOW SEAL AIR HDR DIFF PRESS,,LOABS,PULV LOW SEAL AIR HDR DIFF PRESS,ALM,1,3.93662,4,INH2O,!WP1001!WP1002!WP1003!WP1006!WP1007!WP1014!hist14!CP1004,1
2026-07-17 13:42:19.7,1PDF,SLPSL0001,PULV LOW SEAL AIR HDR DIFF PRESS,,LOABS,PULV LOW SEAL AIR HDR DIFF PRESS,RTN,1,4.01602,4,INH2O,!WP1001!WP1002!WP1003!WP1006!WP1007!WP1014!hist14!CP1004,1
2026-07-17 13:42:20.7,1PDF,SLPSL0001,PULV LOW SEAL AIR HDR DIFF PRESS,,LOABS,PULV LOW SEAL AIR HDR DIFF PRESS,ALM,1,3.90029,4,INH2O,!WP1001!WP1002!WP1003!WP1006!WP1007!WP1014!hist14!CP1004,1
2026-07-17 13:43:08.7,1PDF,SLPSL0001,PULV LOW SEAL AIR HDR DIFF PRESS,,LOABS,PULV LOW SEAL AIR HDR DIFF PRESS,RTN,1,4.14639,4,INH2O,!WP1001!WP1002!WP1003!WP1006!WP1007!WP1014!hist14!CP1004,1
2026-07-17 13:43:10.7,1PDF,SLPSL0001,PULV LOW SEAL AIR HDR DIFF PRESS,,LOABS,PULV LOW SEAL AIR HDR DIFF PRESS,ALM,1,3.99141,4,INH2O,!WP1001!WP1002!WP1003!WP1006!WP1007!WP1014!hist14!CP1004,1
2026-07-17 13:43:11.7,1PDF,SLPSL0001,PULV LOW SEAL AIR HDR DIFF PRESS,,LOABS,PULV LOW SEAL AIR HDR DIFF PRESS,RTN,1,4.02949,4,INH2O,!WP1001!WP1002!WP1003!WP1006!WP1007!WP1014!hist14!CP1004,1
2026-07-17 13:43:19.7,1PDF,SLPSL0001,PULV LOW SEAL AIR HDR DIFF PRESS,,LOABS,PULV LOW SEAL AIR HDR DIFF PRESS,ALM,1,3.98115,4,INH2O,!WP1001!WP1002!WP1003!WP1006!WP1007!WP1014!hist14!CP1004,1
2026-07-17 13:43:20.7,1PDF,SLPSL0001,PULV LOW SEAL AIR HDR DIFF PRESS,,LOABS,PULV LOW SEAL AIR HDR DIFF PRESS,RTN,1,4.03037,4,INH2O,!WP1001!WP1002!WP1003!WP1006!WP1007!WP1014!hist14!CP1004,1
2026-07-17 13:43:21.7,1PDF,SLPSL0001,PULV LOW SEAL AIR HDR DIFF PRESS,,LOABS,PULV LOW SEAL AIR HDR DIFF PRESS,ALM,1,3.93574,4,INH2O,!WP1001!WP1002!WP1003!WP1006!WP1007!WP1014!hist14!CP1004,1
2026-07-17 13:43:28.7,1PDF,SLPSL0001,PULV LOW SEAL AIR HDR DIFF PRESS,,LOABS,PULV LOW SEAL AIR HDR DIFF PRESS,RTN,1,4.00518,4,INH2O,!WP1001!WP1002!WP1003!WP1006!WP1007!WP1014!hist14!CP1004,1
2026-07-17 13:43:29.7,1PDF,SLPSL0001,PULV LOW SEAL AIR HDR DIFF PRESS,,LOABS,PULV LOW SEAL AIR HDR DIFF PRESS,ALM,1,3.91846,4,INH2O,!WP1001!WP1002!WP1003!WP1006!WP1007!WP1014!hist14!CP1004,1
2026-07-17 13:43:32.7,1PDF,SLPSL0001,PULV LOW SEAL AIR HDR DIFF PRESS,,LOABS,PULV LOW SEAL AIR HDR DIFF PRESS,RTN,1,4.00225,4,INH2O,!WP1001!WP1002!WP1003!WP1006!WP1007!WP1014!hist14!CP1004,1
2026-07-17 13:43:44.7,1PDF,SLPSL0001,PULV LOW SEAL AIR HDR DIFF PRESS,,LOABS,PULV LOW SEAL AIR HDR DIFF PRESS,ALM,1,3.98613,4,INH2O,!WP1001!WP1002!WP1003!WP1006!WP1007!WP1014!hist14!CP1004,1
2026-07-17 13:43:45.7,1PDF,SLPSL0001,PULV LOW SEAL AIR HDR DIFF PRESS,,LOABS,PULV LOW SEAL AIR HDR DIFF PRESS,RTN,1,4.04941,4,INH2O,!WP1001!WP1002!WP1003!WP1006!WP1007!WP1014!hist14!CP1004,1
2026-07-17 13:44:05.7,1PDF,SLPSL0001,PULV LOW SEAL AIR HDR DIFF PRESS,,LOABS,PULV LOW SEAL AIR HDR DIFF PRESS,ALM,1,3.92314,4,INH2O,!WP1001!WP1002!WP1003!WP1006!WP1007!WP1014!hist14!CP1004,1
2026-07-17 13:44:06.7,1PDF,SLPSL0001,PULV LOW SEAL AIR HDR DIFF PRESS,,LOABS,PULV LOW SEAL AIR HDR DIFF PRESS,RTN,1,4.0875,4,INH2O,!WP1001!WP1002!WP1003!WP1006!WP1007!WP1014!hist14!CP1004,1
2026-07-17 13:44:08.7,1PDF,SLPSL0001,PULV LOW SEAL AIR HDR DIFF PRESS,,LOABS,PULV LOW SEAL AIR HDR DIFF PRESS,ALM,1,3.99404,4,INH2O,!WP1001!WP1002!WP1003!WP1006!WP1007!WP1014!hist14!CP1004,1
2026-07-17 13:44:25.7,1PDF,SLPSL0001,PULV LOW SEAL AIR HDR DIFF PRESS,,LOABS,PULV LOW SEAL AIR HDR DIFF PRESS,RTN,1,4.01221,4,INH2O,!WP1001!WP1002!WP1003!WP1006!WP1007!WP1014!hist14!CP1004,1
2026-07-17 13:44:30.7,1PDF,SLPSL0001,PULV LOW SEAL AIR HDR DIFF PRESS,,LOABS,PULV LOW SEAL AIR HDR DIFF PRESS,ALM,1,3.97266,4,INH2O,!WP1001!WP1002!WP1003!WP1006!WP1007!WP1014!hist14!CP1004,1
2026-07-17 13:44:32.7,1PDF,SLPSL0001,PULV LOW SEAL AIR HDR DIFF PRESS,,LOABS,PULV LOW SEAL AIR HDR DIFF PRESS,RTN,1,4.02041,4,INH2O,!WP1001!WP1002!WP1003!WP1006!WP1007!WP1014!hist14!CP1004,1
2026-07-17 13:44:33.7,1PDF,SLPSL0001,PULV LOW SEAL AIR HDR DIFF PRESS,,LOABS,PULV LOW SEAL AIR HDR DIFF PRESS,ALM,1,3.9416,4,INH2O,!WP1001!WP1002!WP1003!WP1006!WP1007!WP1014!hist14!CP1004,1
2026-07-17 13:44:36.7,1PDF,SLPSL0001,PULV LOW SEAL AIR HDR DIFF PRESS,,LOABS,PULV LOW SEAL AIR HDR DIFF PRESS,RTN,1,4.00605,4,INH2O,!WP1001!WP1002!WP1003!WP1006!WP1007!WP1014!hist14!CP1004,1
2026-07-17 13:44:37.7,1PDF,SLPSL0001,PULV LOW SEAL AIR HDR DIFF PRESS,,LOABS,PULV LOW SEAL AIR HDR DIFF PRESS,ALM,1,3.99609,4,INH2O,!WP1001!WP1002!WP1003!WP1006!WP1007!WP1014!hist14!CP1004,1
2026-07-17 13:44:38.7,1PDF,SLPSL0001,PULV LOW SEAL AIR HDR DIFF PRESS,,LOABS,PULV LOW SEAL AIR HDR DIFF PRESS,RTN,1,4.03945,4,INH2O,!WP1001!WP1002!WP1003!WP1006!WP1007!WP1014!hist14!CP1004,1
2026-07-17 13:44:39.7,1PDF,SLPSL0001,PULV LOW SEAL AIR HDR DIFF PRESS,,LOABS,PULV LOW SEAL AIR HDR DIFF PRESS,ALM,1,3.91641,4,INH2O,!WP1001!WP1002!WP1003!WP1006!WP1007!WP1014!hist14!CP1004,1
2026-07-17 13:44:42.7,1PDF,SLPSL0001,PULV LOW SEAL AIR HDR DIFF PRESS,,LOABS,PULV LOW SEAL AIR HDR DIFF PRESS,RTN,1,4.12383,4,INH2O,!WP1001!WP1002!WP1003!WP1006!WP1007!WP1014!hist14!CP1004,1
2026-07-17 13:44:45.7,1PDF,SLPSL0001,PULV LOW SEAL AIR HDR DIFF PRESS,,LOABS,PULV LOW SEAL AIR HDR DIFF PRESS,ALM,1,3.99639,4,INH2O,!WP1001!WP1002!WP1003!WP1006!WP1007!WP1014!hist14!CP1004,1
2026-07-17 13:44:46.7,1PDF,SLPSL0001,PULV LOW SEAL AIR HDR DIFF PRESS,,LOABS,PULV LOW SEAL AIR HDR DIFF PRESS,RTN,1,4.10068,4,INH2O,!WP1001!WP1002!WP1003!WP1006!WP1007!WP1014!hist14!CP1004,1
2026-07-17 13:44:55.7,1PDF,SLPSL0001,PULV LOW SEAL AIR HDR DIFF PRESS,,LOABS,PULV LOW SEAL AIR HDR DIFF PRESS,ALM,1,3.99375,4,INH2O,!WP1001!WP1002!WP1003!WP1006!WP1007!WP1014!hist14!CP1004,1
2026-07-17 13:44:57.7,1PDF,SLPSL0001,PULV LOW SEAL AIR HDR DIFF PRESS,,LOABS,PULV LOW SEAL AIR HDR DIFF PRESS,RTN,1,4.00957,4,INH2O,!WP1001!WP1002!WP1003!WP1006!WP1007!WP1014!hist14!CP1004,1
2026-07-17 13:44:58.7,1PDF,SLPSL0001,PULV LOW SEAL AIR HDR DIFF PRESS,,LOABS,PULV LOW SEAL AIR HDR DIFF PRESS,ALM,1,3.94922,4,INH2O,!WP1001!WP1002!WP1003!WP1006!WP1007!WP1014!hist14!CP1004,1
2026-07-17 13:45:19.0,1DAS6,ISTE4911,BFPT A OIL CLR    DSCH TMP,1295,HIABS,HIGH,RTN,3,128.225,130,DEG.F,!WP1002!WP1006!WP1007!WP1001!WP1003!WP1014!hist14!CP1006,1
2026-07-17 13:45:20.7,1PDF,SLPSL0001,PULV LOW SEAL AIR HDR DIFF PRESS,,LOABS,PULV LOW SEAL AIR HDR DIFF PRESS,RTN,1,4.10273,4,INH2O,!WP1001!WP1002!WP1003!WP1006!WP1007!WP1014!hist14!CP1004,1
2026-07-17 13:45:25.7,1PDF,SLPSL0001,PULV LOW SEAL AIR HDR DIFF PRESS,,LOABS,PULV LOW SEAL AIR HDR DIFF PRESS,ALM,1,3.97412,4,INH2O,!WP1001!WP1002!WP1003!WP1006!WP1007!WP1014!hist14!CP1004,1
2026-07-17 13:45:26.7,1PDF,SLPSL0001,PULV LOW SEAL AIR HDR DIFF PRESS,,LOABS,PULV LOW SEAL AIR HDR DIFF PRESS,RTN,1,4.03389,4,INH2O,!WP1001!WP1002!WP1003!WP1006!WP1007!WP1014!hist14!CP1004,1
2026-07-17 13:45:27.7,1PDF,SLPSL0001,PULV LOW SEAL AIR HDR DIFF PRESS,,LOABS,PULV LOW SEAL AIR HDR DIFF PRESS,ALM,1,3.975,4,INH2O,!WP1001!WP1002!WP1003!WP1006!WP1007!WP1014!hist14!CP1004,1
2026-07-17 13:45:28.7,1PDF,SLPSL0001,PULV LOW SEAL AIR HDR DIFF PRESS,,LOABS,PULV LOW SEAL AIR HDR DIFF PRESS,RTN,1,4.10918,4,INH2O,!WP1001!WP1002!WP1003!WP1006!WP1007!WP1014!hist14!CP1004,1
2026-07-17 13:45:29.7,1PDF,SLPSL0001,PULV LOW SEAL AIR HDR DIFF PRESS,,LOABS,PULV LOW SEAL AIR HDR DIFF PRESS,ALM,1,3.9958,4,INH2O,!WP1001!WP1002!WP1003!WP1006!WP1007!WP1014!hist14!CP1004,1
2026-07-17 13:45:30.7,1PDF,SLPSL0001,PULV LOW SEAL AIR HDR DIFF PRESS,,LOABS,PULV LOW SEAL AIR HDR DIFF PRESS,RTN,1,4.00635,4,INH2O,!WP1001!WP1002!WP1003!WP1006!WP1007!WP1014!hist14!CP1004,1
2026-07-17 13:45:31.7,1PDF,SLPSL0001,PULV LOW SEAL AIR HDR DIFF PRESS,,LOABS,PULV LOW SEAL AIR HDR DIFF PRESS,ALM,1,3.96797,4,INH2O,!WP1001!WP1002!WP1003!WP1006!WP1007!WP1014!hist14!CP1004,1
2026-07-17 13:45:32.7,1PDF,SLPSL0001,PULV LOW SEAL AIR HDR DIFF PRESS,,LOABS,PULV LOW SEAL AIR HDR DIFF PRESS,RTN,1,4.10156,4,INH2O,!WP1001!WP1002!WP1003!WP1006!WP1007!WP1014!hist14!CP1004,1
2026-07-17 13:45:40.7,1PDF,SLPSL0001,PULV LOW SEAL AIR HDR DIFF PRESS,,LOABS,PULV LOW SEAL AIR HDR DIFF PRESS,ALM,1,3.94512,4,INH2O,!WP1001!WP1002!WP1003!WP1006!WP1007!WP1014!hist14!CP1004,1
2026-07-17 13:47:34.7,1PDF,SLPSL0001,PULV LOW SEAL AIR HDR DIFF PRESS,,LOABS,PULV LOW SEAL AIR HDR DIFF PRESS,RTN,1,4.11738,4,INH2O,!WP1001!WP1002!WP1003!WP1006!WP1007!WP1014!hist14!CP1004,1
2026-07-17 13:48:17.7,1PDF,SLPSL0001,PULV LOW SEAL AIR HDR DIFF PRESS,,LOABS,PULV LOW SEAL AIR HDR DIFF PRESS,ALM,1,3.93897,4,INH2O,!WP1001!WP1002!WP1003!WP1006!WP1007!WP1014!hist14!CP1004,1
2026-07-17 13:48:33.0,1TC,B21,DROOP ACTIVE,DROOP,STATE,ACTIVE,ALM,5,,,,!hist14!CP1001,2
2026-07-17 13:48:55.0,1TC,B21,DROOP ACTIVE,DROOP,STATE,NORMAL,RTN,5,,,,!hist14!CP1001,2
2026-07-17 13:49:29.7,1SCR_B_PRESS,FGPDI5228B,SCR B CAT LAYER 4 DP,1SR114 PNT 4,HHABS,HI HI DP,RTN,1,1.19541,1.7,INH2O,!WP1001!WP1002!WP1003!WP1006!WP1007!WP1014!hist14!CP1016,1
2026-07-17 13:49:39.7,1PDF,SLPSL0001,PULV LOW SEAL AIR HDR DIFF PRESS,,LOABS,PULV LOW SEAL AIR HDR DIFF PRESS,RTN,1,4.01982,4,INH2O,!WP1001!WP1002!WP1003!WP1006!WP1007!WP1014!hist14!CP1004,1
2026-07-17 13:50:19.3,1DAS10,IACE3001,COND MAKE-UP      CATION CNDCT,,HIABS,HIGH,RTN,1,0.279629,0.3,US/CM,!WP1002!WP1006!WP1007!WP1001!WP1003!WP1014!hist14!CP1008,1
2026-07-17 13:50:30.7,1PDF,SLPSL0001,PULV LOW SEAL AIR HDR DIFF PRESS,,LOABS,PULV LOW SEAL AIR HDR DIFF PRESS,ALM,1,3.94424,4,INH2O,!WP1001!WP1002!WP1003!WP1006!WP1007!WP1014!hist14!CP1004,1
2026-07-17 13:51:59.7,1PDF,SLPSL0001,PULV LOW SEAL AIR HDR DIFF PRESS,,LOABS,PULV LOW SEAL AIR HDR DIFF PRESS,RTN,1,4.09453,4,INH2O,!WP1001!WP1002!WP1003!WP1006!WP1007!WP1014!hist14!CP1004,1
2026-07-17 13:52:00.7,1PDF,SLPSL0001,PULV LOW SEAL AIR HDR DIFF PRESS,,LOABS,PULV LOW SEAL AIR HDR DIFF PRESS,ALM,1,3.9627,4,INH2O,!WP1001!WP1002!WP1003!WP1006!WP1007!WP1014!hist14!CP1004,1
2026-07-17 13:52:01.7,1PDF,SLPSL0001,PULV LOW SEAL AIR HDR DIFF PRESS,,LOABS,PULV LOW SEAL AIR HDR DIFF PRESS,RTN,1,4.07197,4,INH2O,!WP1001!WP1002!WP1003!WP1006!WP1007!WP1014!hist14!CP1004,1
2026-07-17 13:53:05.7,1PDF,SLPSL0001,PULV LOW SEAL AIR HDR DIFF PRESS,,LOABS,PULV LOW SEAL AIR HDR DIFF PRESS,ALM,1,3.96943,4,INH2O,!WP1001!WP1002!WP1003!WP1006!WP1007!WP1014!hist14!CP1004,1
2026-07-17 13:53:06.7,1PDF,SLPSL0001,PULV LOW SEAL AIR HDR DIFF PRESS,,LOABS,PULV LOW SEAL AIR HDR DIFF PRESS,RTN,1,4.04941,4,INH2O,!WP1001!WP1002!WP1003!WP1006!WP1007!WP1014!hist14!CP1004,1
2026-07-17 13:53:07.7,1PDF,SLPSL0001,PULV LOW SEAL AIR HDR DIFF PRESS,,LOABS,PULV LOW SEAL AIR HDR DIFF PRESS,ALM,1,3.92314,4,INH2O,!WP1001!WP1002!WP1003!WP1006!WP1007!WP1014!hist14!CP1004,1
2026-07-17 13:53:13.7,1PDF,SLPSL0001,PULV LOW SEAL AIR HDR DIFF PRESS,,LOABS,PULV LOW SEAL AIR HDR DIFF PRESS,RTN,1,4.05908,4,INH2O,!WP1001!WP1002!WP1003!WP1006!WP1007!WP1014!hist14!CP1004,1
2026-07-17 13:53:14.7,1PDF,SLPSL0001,PULV LOW SEAL AIR HDR DIFF PRESS,,LOABS,PULV LOW SEAL AIR HDR DIFF PRESS,ALM,1,3.88799,4,INH2O,!WP1001!WP1002!WP1003!WP1006!WP1007!WP1014!hist14!CP1004,1
2026-07-17 13:56:03.7,1PDF,SLPSL0001,PULV LOW SEAL AIR HDR DIFF PRESS,,LOABS,PULV LOW SEAL AIR HDR DIFF PRESS,RTN,1,4.06523,4,INH2O,!WP1001!WP1002!WP1003!WP1006!WP1007!WP1014!hist14!CP1004,1
2026-07-17 13:56:04.7,1PDF,SLPSL0001,PULV LOW SEAL AIR HDR DIFF PRESS,,LOABS,PULV LOW SEAL AIR HDR DIFF PRESS,ALM,1,3.99199,4,INH2O,!WP1001!WP1002!WP1003!WP1006!WP1007!WP1014!hist14!CP1004,1
2026-07-17 13:56:05.7,1PDF,SLPSL0001,PULV LOW SEAL AIR HDR DIFF PRESS,,LOABS,PULV LOW SEAL AIR HDR DIFF PRESS,RTN,1,4.14873,4,INH2O,!WP1001!WP1002!WP1003!WP1006!WP1007!WP1014!hist14!CP1004,1
2026-07-17 13:57:45.7,1PDF,SLPSL0001,PULV LOW SEAL AIR HDR DIFF PRESS,,LOABS,PULV LOW SEAL AIR HDR DIFF PRESS,ALM,1,3.88125,4,INH2O,!WP1001!WP1002!WP1003!WP1006!WP1007!WP1014!hist14!CP1004,1
2026-07-17 13:57:59.2,1SCRA_IDSAV,SLPDI5416A,A IDMPR SCR SA PSG TO FG DUCT DP,,LOABS,SCR A IN DMPR SEAL DP LOW (SERV),RTN,5,2.21895,2,INH2O,!hist14!CP1016,2
2026-07-17 13:58:19.2,1SCRA_IDSAV,SLPDI5416A,A IDMPR SCR SA PSG TO FG DUCT DP,,LOABS,SCR A IN DMPR SEAL DP LOW (SERV),ALM,5,1.99902,2,INH2O,!hist14!CP1016,2
2026-07-17 13:59:44.7,1PDF,SLPSL0001,PULV LOW SEAL AIR HDR DIFF PRESS,,LOABS,PULV LOW SEAL AIR HDR DIFF PRESS,RTN,1,4.01074,4,INH2O,!WP1001!WP1002!WP1003!WP1006!WP1007!WP1014!hist14!CP1004,1
2026-07-17 13:59:45.5,1AR_LS,DEV_5803,LS SYS B,,STATE,VALVE 5803 DEVIATION,ALM,3,,,,!WP1001!WP1002!WP1003!WP1006!WP1007!WP1014!hist14!CP1017,1
2026-07-17 13:59:47.7,1PDF,SLPSL0001,PULV LOW SEAL AIR HDR DIFF PRESS,,LOABS,PULV LOW SEAL AIR HDR DIFF PRESS,ALM,1,3.89561,4,INH2O,!WP1001!WP1002!WP1003!WP1006!WP1007!WP1014!hist14!CP1004,1
2026-07-17 13:59:56.7,1PDF,SLPSL0001,PULV LOW SEAL AIR HDR DIFF PRESS,,LOABS,PULV LOW SEAL AIR HDR DIFF PRESS,RTN,1,4.10654,4,INH2O,!WP1001!WP1002!WP1003!WP1006!WP1007!WP1014!hist14!CP1004,1
2026-07-17 13:59:59.7,1PDF,SLPSL0001,PULV LOW SEAL AIR HDR DIFF PRESS,,LOABS,PULV LOW SEAL AIR HDR DIFF PRESS,ALM,1,3.97324,4,INH2O,!WP1001!WP1002!WP1003!WP1006!WP1007!WP1014!hist14!CP1004,1
2026-07-17 14:00:11.7,1PDF,SLPSL0001,PULV LOW SEAL AIR HDR DIFF PRESS,,LOABS,PULV LOW SEAL AIR HDR DIFF PRESS,RTN,1,4.01484,4,INH2O,!WP1001!WP1002!WP1003!WP1006!WP1007!WP1014!hist14!CP1004,1
2026-07-17 14:00:12.7,1PDF,SLPSL0001,PULV LOW SEAL AIR HDR DIFF PRESS,,LOABS,PULV LOW SEAL AIR HDR DIFF PRESS,ALM,1,3.90615,4,INH2O,!WP1001!WP1002!WP1003!WP1006!WP1007!WP1014!hist14!CP1004,1
2026-07-17 14:00:13.7,1PDF,SLPSL0001,PULV LOW SEAL AIR HDR DIFF PRESS,,LOABS,PULV LOW SEAL AIR HDR DIFF PRESS,RTN,1,4.08105,4,INH2O,!WP1001!WP1002!WP1003!WP1006!WP1007!WP1014!hist14!CP1004,1
2026-07-17 14:00:39.5,1AR_LS,DEV_5803,LS SYS B,,STATE,,RTN,3,,,,!WP1001!WP1002!WP1003!WP1006!WP1007!WP1014!hist14!CP1017,1
2026-07-17 14:00:52.7,1PDF,SLPSL0001,PULV LOW SEAL AIR HDR DIFF PRESS,,LOABS,PULV LOW SEAL AIR HDR DIFF PRESS,ALM,1,3.96064,4,INH2O,!WP1001!WP1002!WP1003!WP1006!WP1007!WP1014!hist14!CP1004,1
2026-07-17 14:00:53.7,1PDF,SLPSL0001,PULV LOW SEAL AIR HDR DIFF PRESS,,LOABS,PULV LOW SEAL AIR HDR DIFF PRESS,RTN,1,4.06758,4,INH2O,!WP1001!WP1002!WP1003!WP1006!WP1007!WP1014!hist14!CP1004,1
2026-07-17 14:00:54.7,1PDF,SLPSL0001,PULV LOW SEAL AIR HDR DIFF PRESS,,LOABS,PULV LOW SEAL AIR HDR DIFF PRESS,ALM,1,3.94775,4,INH2O,!WP1001!WP1002!WP1003!WP1006!WP1007!WP1014!hist14!CP1004,1
2026-07-17 14:00:55.7,1PDF,SLPSL0001,PULV LOW SEAL AIR HDR DIFF PRESS,,LOABS,PULV LOW SEAL AIR HDR DIFF PRESS,RTN,1,4.1877,4,INH2O,!WP1001!WP1002!WP1003!WP1006!WP1007!WP1014!hist14!CP1004,1
2026-07-17 14:00:58.7,1PDF,SLPSL0001,PULV LOW SEAL AIR HDR DIFF PRESS,,LOABS,PULV LOW SEAL AIR HDR DIFF PRESS,ALM,1,3.85781,4,INH2O,!WP1001!WP1002!WP1003!WP1006!WP1007!WP1014!hist14!CP1004,1
2026-07-17 14:01:39.7,1PDF,SLPSL0001,PULV LOW SEAL AIR HDR DIFF PRESS,,LOABS,PULV LOW SEAL AIR HDR DIFF PRESS,RTN,1,4.01484,4,INH2O,!WP1001!WP1002!WP1003!WP1006!WP1007!WP1014!hist14!CP1004,1
2026-07-17 14:01:40.7,1PDF,SLPSL0001,PULV LOW SEAL AIR HDR DIFF PRESS,,LOABS,PULV LOW SEAL AIR HDR DIFF PRESS,ALM,1,3.82383,4,INH2O,!WP1001!WP1002!WP1003!WP1006!WP1007!WP1014!hist14!CP1004,1
2026-07-17 14:01:56.7,1PDF,SLPSL0001,PULV LOW SEAL AIR HDR DIFF PRESS,,LOABS,PULV LOW SEAL AIR HDR DIFF PRESS,RTN,1,4.09775,4,INH2O,!WP1001!WP1002!WP1003!WP1006!WP1007!WP1014!hist14!CP1004,1
2026-07-17 14:01:57.7,1PDF,SLPSL0001,PULV LOW SEAL AIR HDR DIFF PRESS,,LOABS,PULV LOW SEAL AIR HDR DIFF PRESS,ALM,1,3.99551,4,INH2O,!WP1001!WP1002!WP1003!WP1006!WP1007!WP1014!hist14!CP1004,1
2026-07-17 14:01:58.7,1PDF,SLPSL0001,PULV LOW SEAL AIR HDR DIFF PRESS,,LOABS,PULV LOW SEAL AIR HDR DIFF PRESS,RTN,1,4.08252,4,INH2O,!WP1001!WP1002!WP1003!WP1006!WP1007!WP1014!hist14!CP1004,1
2026-07-17 14:01:59.7,1PDF,SLPSL0001,PULV LOW SEAL AIR HDR DIFF PRESS,,LOABS,PULV LOW SEAL AIR HDR DIFF PRESS,ALM,1,3.93516,4,INH2O,!WP1001!WP1002!WP1003!WP1006!WP1007!WP1014!hist14!CP1004,1
2026-07-17 14:02:00.7,1PDF,SLPSL0001,PULV LOW SEAL AIR HDR DIFF PRESS,,LOABS,PULV LOW SEAL AIR HDR DIFF PRESS,RTN,1,4.0084,4,INH2O,!WP1001!WP1002!WP1003!WP1006!WP1007!WP1014!hist14!CP1004,1
2026-07-17 14:02:01.7,1PDF,SLPSL0001,PULV LOW SEAL AIR HDR DIFF PRESS,,LOABS,PULV LOW SEAL AIR HDR DIFF PRESS,ALM,1,3.89121,4,INH2O,!WP1001!WP1002!WP1003!WP1006!WP1007!WP1014!hist14!CP1004,1
2026-07-17 14:02:02.7,1PDF,SLPSL0001,PULV LOW SEAL AIR HDR DIFF PRESS,,LOABS,PULV LOW SEAL AIR HDR DIFF PRESS,RTN,1,4.06025,4,INH2O,!WP1001!WP1002!WP1003!WP1006!WP1007!WP1014!hist14!CP1004,1
2026-07-17 14:02:03.7,1PDF,SLPSL0001,PULV LOW SEAL AIR HDR DIFF PRESS,,LOABS,PULV LOW SEAL AIR HDR DIFF PRESS,ALM,1,3.97266,4,INH2O,!WP1001!WP1002!WP1003!WP1006!WP1007!WP1014!hist14!CP1004,1
2026-07-17 14:02:04.7,1PDF,SLPSL0001,PULV LOW SEAL AIR HDR DIFF PRESS,,LOABS,PULV LOW SEAL AIR HDR DIFF PRESS,RTN,1,4.07842,4,INH2O,!WP1001!WP1002!WP1003!WP1006!WP1007!WP1014!hist14!CP1004,1
2026-07-17 14:02:22.7,1PDF,SLPSL0001,PULV LOW SEAL AIR HDR DIFF PRESS,,LOABS,PULV LOW SEAL AIR HDR DIFF PRESS,ALM,1,3.99521,4,INH2O,!WP1001!WP1002!WP1003!WP1006!WP1007!WP1014!hist14!CP1004,1
2026-07-17 14:02:23.7,1PDF,SLPSL0001,PULV LOW SEAL AIR HDR DIFF PRESS,,LOABS,PULV LOW SEAL AIR HDR DIFF PRESS,RTN,1,4.11006,4,INH2O,!WP1001!WP1002!WP1003!WP1006!WP1007!WP1014!hist14!CP1004,1
2026-07-17 14:02:24.5,1MJ,B37,MILL J TEMP,,HIABS,>150 DEGF,ALM,1,150.156,150,DEGF,!WP1001!WP1002!WP1003!WP1006!WP1007!WP1014!hist14!CP1001,1
2026-07-17 14:02:31.7,1PDF,SLPSL0001,PULV LOW SEAL AIR HDR DIFF PRESS,,LOABS,PULV LOW SEAL AIR HDR DIFF PRESS,ALM,1,3.98467,4,INH2O,!WP1001!WP1002!WP1003!WP1006!WP1007!WP1014!hist14!CP1004,1
2026-07-17 14:02:36.7,1PDF,SLPSL0001,PULV LOW SEAL AIR HDR DIFF PRESS,,LOABS,PULV LOW SEAL AIR HDR DIFF PRESS,RTN,1,4.00049,4,INH2O,!WP1001!WP1002!WP1003!WP1006!WP1007!WP1014!hist14!CP1004,1
2026-07-17 14:02:37.7,1PDF,SLPSL0001,PULV LOW SEAL AIR HDR DIFF PRESS,,LOABS,PULV LOW SEAL AIR HDR DIFF PRESS,ALM,1,3.90938,4,INH2O,!WP1001!WP1002!WP1003!WP1006!WP1007!WP1014!hist14!CP1004,1
2026-07-17 14:02:38.7,1PDF,SLPSL0001,PULV LOW SEAL AIR HDR DIFF PRESS,,LOABS,PULV LOW SEAL AIR HDR DIFF PRESS,RTN,1,4.03477,4,INH2O,!WP1001!WP1002!WP1003!WP1006!WP1007!WP1014!hist14!CP1004,1
2026-07-17 14:02:39.7,1PDF,SLPSL0001,PULV LOW SEAL AIR HDR DIFF PRESS,,LOABS,PULV LOW SEAL AIR HDR DIFF PRESS,ALM,1,3.83936,4,INH2O,!WP1001!WP1002!WP1003!WP1006!WP1007!WP1014!hist14!CP1004,1
2026-07-17 14:05:43.7,1PDF,SLPSL0001,PULV LOW SEAL AIR HDR DIFF PRESS,,LOABS,PULV LOW SEAL AIR HDR DIFF PRESS,RTN,1,4.03008,4,INH2O,!WP1001!WP1002!WP1003!WP1006!WP1007!WP1014!hist14!CP1004,1
2026-07-17 14:05:44.7,1PDF,SLPSL0001,PULV LOW SEAL AIR HDR DIFF PRESS,,LOABS,PULV LOW SEAL AIR HDR DIFF PRESS,ALM,1,3.91201,4,INH2O,!WP1001!WP1002!WP1003!WP1006!WP1007!WP1014!hist14!CP1004,1
2026-07-17 14:05:45.7,1PDF,SLPSL0001,PULV LOW SEAL AIR HDR DIFF PRESS,,LOABS,PULV LOW SEAL AIR HDR DIFF PRESS,RTN,1,4.04619,4,INH2O,!WP1001!WP1002!WP1003!WP1006!WP1007!WP1014!hist14!CP1004,1
2026-07-17 14:05:46.7,1PDF,SLPSL0001,PULV LOW SEAL AIR HDR DIFF PRESS,,LOABS,PULV LOW SEAL AIR HDR DIFF PRESS,ALM,1,3.93193,4,INH2O,!WP1001!WP1002!WP1003!WP1006!WP1007!WP1014!hist14!CP1004,1
2026-07-17 14:05:47.7,1PDF,SLPSL0001,PULV LOW SEAL AIR HDR DIFF PRESS,,LOABS,PULV LOW SEAL AIR HDR DIFF PRESS,RTN,1,4.03975,4,INH2O,!WP1001!WP1002!WP1003!WP1006!WP1007!WP1014!hist14!CP1004,1
2026-07-17 14:05:48.7,1PDF,SLPSL0001,PULV LOW SEAL AIR HDR DIFF PRESS,,LOABS,PULV LOW SEAL AIR HDR DIFF PRESS,ALM,1,3.96445,4,INH2O,!WP1001!WP1002!WP1003!WP1006!WP1007!WP1014!hist14!CP1004,1
2026-07-17 14:05:49.7,1PDF,SLPSL0001,PULV LOW SEAL AIR HDR DIFF PRESS,,LOABS,PULV LOW SEAL AIR HDR DIFF PRESS,RTN,1,4.14551,4,INH2O,!WP1001!WP1002!WP1003!WP1006!WP1007!WP1014!hist14!CP1004,1
2026-07-17 14:05:54.7,1PDF,SLPSL0001,PULV LOW SEAL AIR HDR DIFF PRESS,,LOABS,PULV LOW SEAL AIR HDR DIFF PRESS,ALM,1,3.90439,4,INH2O,!WP1001!WP1002!WP1003!WP1006!WP1007!WP1014!hist14!CP1004,1
2026-07-17 14:05:58.7,1PDF,SLPSL0001,PULV LOW SEAL AIR HDR DIFF PRESS,,LOABS,PULV LOW SEAL AIR HDR DIFF PRESS,RTN,1,4.00254,4,INH2O,!WP1001!WP1002!WP1003!WP1006!WP1007!WP1014!hist14!CP1004,1
2026-07-17 14:05:59.7,1PDF,SLPSL0001,PULV LOW SEAL AIR HDR DIFF PRESS,,LOABS,PULV LOW SEAL AIR HDR DIFF PRESS,ALM,1,3.93369,4,INH2O,!WP1001!WP1002!WP1003!WP1006!WP1007!WP1014!hist14!CP1004,1
2026-07-17 14:06:08.7,1PDF,SLPSL0001,PULV LOW SEAL AIR HDR DIFF PRESS,,LOABS,PULV LOW SEAL AIR HDR DIFF PRESS,RTN,1,4.0043,4,INH2O,!WP1001!WP1002!WP1003!WP1006!WP1007!WP1014!hist14!CP1004,1
2026-07-17 14:06:09.7,1PDF,SLPSL0001,PULV LOW SEAL AIR HDR DIFF PRESS,,LOABS,PULV LOW SEAL AIR HDR DIFF PRESS,ALM,1,3.92344,4,INH2O,!WP1001!WP1002!WP1003!WP1006!WP1007!WP1014!hist14!CP1004,1
2026-07-17 14:06:10.7,1PDF,SLPSL0001,PULV LOW SEAL AIR HDR DIFF PRESS,,LOABS,PULV LOW SEAL AIR HDR DIFF PRESS,RTN,1,4.03828,4,INH2O,!WP1001!WP1002!WP1003!WP1006!WP1007!WP1014!hist14!CP1004,1
2026-07-17 14:06:11.7,1PDF,SLPSL0001,PULV LOW SEAL AIR HDR DIFF PRESS,,LOABS,PULV LOW SEAL AIR HDR DIFF PRESS,ALM,1,3.9498,4,INH2O,!WP1001!WP1002!WP1003!WP1006!WP1007!WP1014!hist14!CP1004,1
2026-07-17 14:06:12.7,1PDF,SLPSL0001,PULV LOW SEAL AIR HDR DIFF PRESS,,LOABS,PULV LOW SEAL AIR HDR DIFF PRESS,RTN,1,4.09014,4,INH2O,!WP1001!WP1002!WP1003!WP1006!WP1007!WP1014!hist14!CP1004,1
2026-07-17 14:06:13.7,1PDF,SLPSL0001,PULV LOW SEAL AIR HDR DIFF PRESS,,LOABS,PULV LOW SEAL AIR HDR DIFF PRESS,ALM,1,3.98174,4,INH2O,!WP1001!WP1002!WP1003!WP1006!WP1007!WP1014!hist14!CP1004,1
2026-07-17 14:06:14.7,1PDF,SLPSL0001,PULV LOW SEAL AIR HDR DIFF PRESS,,LOABS,PULV LOW SEAL AIR HDR DIFF PRESS,RTN,1,4.06289,4,INH2O,!WP1001!WP1002!WP1003!WP1006!WP1007!WP1014!hist14!CP1004,1
2026-07-17 14:06:15.7,1PDF,SLPSL0001,PULV LOW SEAL AIR HDR DIFF PRESS,,LOABS,PULV LOW SEAL AIR HDR DIFF PRESS,ALM,1,3.97383,4,INH2O,!WP1001!WP1002!WP1003!WP1006!WP1007!WP1014!hist14!CP1004,1
2026-07-17 14:06:20.7,1PDF,SLPSL0001,PULV LOW SEAL AIR HDR DIFF PRESS,,LOABS,PULV LOW SEAL AIR HDR DIFF PRESS,RTN,1,4.00928,4,INH2O,!WP1001!WP1002!WP1003!WP1006!WP1007!WP1014!hist14!CP1004,1
2026-07-17 14:06:24.7,1PDF,SLPSL0001,PULV LOW SEAL AIR HDR DIFF PRESS,,LOABS,PULV LOW SEAL AIR HDR DIFF PRESS,ALM,1,3.89355,4,INH2O,!WP1001!WP1002!WP1003!WP1006!WP1007!WP1014!hist14!CP1004,1
2026-07-17 14:06:27.7,1PDF,SLPSL0001,PULV LOW SEAL AIR HDR DIFF PRESS,,LOABS,PULV LOW SEAL AIR HDR DIFF PRESS,RTN,1,4.0623,4,INH2O,!WP1001!WP1002!WP1003!WP1006!WP1007!WP1014!hist14!CP1004,1
2026-07-17 14:06:45.7,1PDF,SLPSL0001,PULV LOW SEAL AIR HDR DIFF PRESS,,LOABS,PULV LOW SEAL AIR HDR DIFF PRESS,ALM,1,3.90674,4,INH2O,!WP1001!WP1002!WP1003!WP1006!WP1007!WP1014!hist14!CP1004,1
2026-07-17 14:06:48.7,1PDF,SLPSL0001,PULV LOW SEAL AIR HDR DIFF PRESS,,LOABS,PULV LOW SEAL AIR HDR DIFF PRESS,RTN,1,4.00195,4,INH2O,!WP1001!WP1002!WP1003!WP1006!WP1007!WP1014!hist14!CP1004,1
2026-07-17 14:06:49.7,1PDF,SLPSL0001,PULV LOW SEAL AIR HDR DIFF PRESS,,LOABS,PULV LOW SEAL AIR HDR DIFF PRESS,ALM,1,3.9249,4,INH2O,!WP1001!WP1002!WP1003!WP1006!WP1007!WP1014!hist14!CP1004,1
2026-07-17 14:07:49.5,1AB_PYRITE,ABMO5173AII,PYRITES SLC PMP A MOTOR CURRENT,,HIABS,HI,ALM,3,299.289,215,AMPS,!WP1002!WP1011!WP1001!hist14!CP1020,1
2026-07-17 14:07:49.5,1AB_PYRITE,ABMO5173AII,PYRITES SLC PMP A MOTOR CURRENT,,HHABS,HIHI,ALM,3,299.289,230,AMPS,!WP1002!WP1011!WP1001!hist14!CP1020,1
2026-07-17 14:07:50.0,1AB_PYRITE,ABMO5173AAL1,SLUICE PMP A,,STA_4,DISCHARGE PRESS >= 50 PSIG,RTN,1,299.289,0,,!WP1002!WP1011!WP1001!hist14!CP1020,1
2026-07-17 14:07:50.5,1AB_PYRITE,ABMO5173AII,PYRITES SLC PMP A MOTOR CURRENT,,IOBAD,BAD CHANNEL,RTN,3,,,,!WP1002!WP1011!WP1001!hist14!CP1020,1
2026-07-17 14:07:50.0,1AB_PYRITE,ABMO5173AII,PYRITES SLC PMP A MOTOR CURRENT,,IOBAD,BAD CHANNEL,ALM,3,,,,!WP1002!WP1011!WP1001!hist14!CP1020,1
2026-07-17 14:07:51.0,1AB_PYRITE,ABMO5173AII,PYRITES SLC PMP A MOTOR CURRENT,,HIABS,HI,RTN,3,83.1563,215,AMPS,!WP1002!WP1011!WP1001!hist14!CP1020,1
2026-07-17 14:07:51.0,1AB_PYRITE,ABMO5173AII,PYRITES SLC PMP A MOTOR CURRENT,,HHABS,HIHI,RTN,3,83.1563,230,AMPS,!WP1002!WP1011!WP1001!hist14!CP1020,1
2026-07-17 14:07:55.0,1AB_PYRITE,ABMO5173AAL1,SLUICE PMP A,,STA_4,DISCHARGE PRESS < 50 PSIG,ALM,1,83.1563,0,,!WP1002!WP1011!WP1001!hist14!CP1020,1
2026-07-17 14:09:32.7,1PDF,SLPSL0001,PULV LOW SEAL AIR HDR DIFF PRESS,,LOABS,PULV LOW SEAL AIR HDR DIFF PRESS,RTN,1,4.06846,4,INH2O,!WP1001!WP1002!WP1003!WP1006!WP1007!WP1014!hist14!CP1004,1
2026-07-17 14:09:33.7,1PDF,SLPSL0001,PULV LOW SEAL AIR HDR DIFF PRESS,,LOABS,PULV LOW SEAL AIR HDR DIFF PRESS,ALM,1,3.95156,4,INH2O,!WP1001!WP1002!WP1003!WP1006!WP1007!WP1014!hist14!CP1004,1
2026-07-17 14:09:34.7,1PDF,SLPSL0001,PULV LOW SEAL AIR HDR DIFF PRESS,,LOABS,PULV LOW SEAL AIR HDR DIFF PRESS,RTN,1,4.05029,4,INH2O,!WP1001!WP1002!WP1003!WP1006!WP1007!WP1014!hist14!CP1004,1
2026-07-17 14:09:35.7,1PDF,SLPSL0001,PULV LOW SEAL AIR HDR DIFF PRESS,,LOABS,PULV LOW SEAL AIR HDR DIFF PRESS,ALM,1,3.93398,4,INH2O,!WP1001!WP1002!WP1003!WP1006!WP1007!WP1014!hist14!CP1004,1
2026-07-17 14:09:36.7,1PDF,SLPSL0001,PULV LOW SEAL AIR HDR DIFF PRESS,,LOABS,PULV LOW SEAL AIR HDR DIFF PRESS,RTN,1,4.08223,4,INH2O,!WP1001!WP1002!WP1003!WP1006!WP1007!WP1014!hist14!CP1004,1
2026-07-17 14:10:06.7,1PDF,SLPSL0001,PULV LOW SEAL AIR HDR DIFF PRESS,,LOABS,PULV LOW SEAL AIR HDR DIFF PRESS,ALM,1,3.99434,4,INH2O,!WP1001!WP1002!WP1003!WP1006!WP1007!WP1014!hist14!CP1004,1
2026-07-17 14:10:25.7,1PDF,SLPSL0001,PULV LOW SEAL AIR HDR DIFF PRESS,,LOABS,PULV LOW SEAL AIR HDR DIFF PRESS,RTN,1,4.00869,4,INH2O,!WP1001!WP1002!WP1003!WP1006!WP1007!WP1014!hist14!CP1004,1
2026-07-17 14:10:59.7,1PDF,SLPSL0001,PULV LOW SEAL AIR HDR DIFF PRESS,,LOABS,PULV LOW SEAL AIR HDR DIFF PRESS,ALM,1,3.9873,4,INH2O,!WP1001!WP1002!WP1003!WP1006!WP1007!WP1014!hist14!CP1004,1
2026-07-17 14:11:00.7,1PDF,SLPSL0001,PULV LOW SEAL AIR HDR DIFF PRESS,,LOABS,PULV LOW SEAL AIR HDR DIFF PRESS,RTN,1,4.0875,4,INH2O,!WP1001!WP1002!WP1003!WP1006!WP1007!WP1014!hist14!CP1004,1
2026-07-17 14:11:01.7,1PDF,SLPSL0001,PULV LOW SEAL AIR HDR DIFF PRESS,,LOABS,PULV LOW SEAL AIR HDR DIFF PRESS,ALM,1,3.95186,4,INH2O,!WP1001!WP1002!WP1003!WP1006!WP1007!WP1014!hist14!CP1004,1
2026-07-17 14:11:04.7,1PDF,SLPSL0001,PULV LOW SEAL AIR HDR DIFF PRESS,,LOABS,PULV LOW SEAL AIR HDR DIFF PRESS,RTN,1,4.0084,4,INH2O,!WP1001!WP1002!WP1003!WP1006!WP1007!WP1014!hist14!CP1004,1
2026-07-17 14:11:05.7,1PDF,SLPSL0001,PULV LOW SEAL AIR HDR DIFF PRESS,,LOABS,PULV LOW SEAL AIR HDR DIFF PRESS,ALM,1,3.9252,4,INH2O,!WP1001!WP1002!WP1003!WP1006!WP1007!WP1014!hist14!CP1004,1
2026-07-17 14:11:23.7,1PDF,SLPSL0001,PULV LOW SEAL AIR HDR DIFF PRESS,,LOABS,PULV LOW SEAL AIR HDR DIFF PRESS,RTN,1,4.10273,4,INH2O,!WP1001!WP1002!WP1003!WP1006!WP1007!WP1014!hist14!CP1004,1
2026-07-17 14:11:33.7,1PDF,SLPSL0001,PULV LOW SEAL AIR HDR DIFF PRESS,,LOABS,PULV LOW SEAL AIR HDR DIFF PRESS,ALM,1,3.99258,4,INH2O,!WP1001!WP1002!WP1003!WP1006!WP1007!WP1014!hist14!CP1004,1
2026-07-17 14:11:34.7,1PDF,SLPSL0001,PULV LOW SEAL AIR HDR DIFF PRESS,,LOABS,PULV LOW SEAL AIR HDR DIFF PRESS,RTN,1,4.03037,4,INH2O,!WP1001!WP1002!WP1003!WP1006!WP1007!WP1014!hist14!CP1004,1
2026-07-17 14:11:35.7,1PDF,SLPSL0001,PULV LOW SEAL AIR HDR DIFF PRESS,,LOABS,PULV LOW SEAL AIR HDR DIFF PRESS,ALM,1,3.95566,4,INH2O,!WP1001!WP1002!WP1003!WP1006!WP1007!WP1014!hist14!CP1004,1
2026-07-17 14:11:36.7,1PDF,SLPSL0001,PULV LOW SEAL AIR HDR DIFF PRESS,,LOABS,PULV LOW SEAL AIR HDR DIFF PRESS,RTN,1,4.01924,4,INH2O,!WP1001!WP1002!WP1003!WP1006!WP1007!WP1014!hist14!CP1004,1
2026-07-17 14:11:37.7,1PDF,SLPSL0001,PULV LOW SEAL AIR HDR DIFF PRESS,,LOABS,PULV LOW SEAL AIR HDR DIFF PRESS,ALM,1,3.90938,4,INH2O,!WP1001!WP1002!WP1003!WP1006!WP1007!WP1014!hist14!CP1004,1
2026-07-17 14:11:38.7,1PDF,SLPSL0001,PULV LOW SEAL AIR HDR DIFF PRESS,,LOABS,PULV LOW SEAL AIR HDR DIFF PRESS,RTN,1,4.06055,4,INH2O,!WP1001!WP1002!WP1003!WP1006!WP1007!WP1014!hist14!CP1004,1
2026-07-17 14:11:39.7,1PDF,SLPSL0001,PULV LOW SEAL AIR HDR DIFF PRESS,,LOABS,PULV LOW SEAL AIR HDR DIFF PRESS,ALM,1,3.91348,4,INH2O,!WP1001!WP1002!WP1003!WP1006!WP1007!WP1014!hist14!CP1004,1
2026-07-17 14:11:42.7,1PDF,SLPSL0001,PULV LOW SEAL AIR HDR DIFF PRESS,,LOABS,PULV LOW SEAL AIR HDR DIFF PRESS,RTN,1,4.14082,4,INH2O,!WP1001!WP1002!WP1003!WP1006!WP1007!WP1014!hist14!CP1004,1
2026-07-17 14:11:47.7,1PDF,SLPSL0001,PULV LOW SEAL AIR HDR DIFF PRESS,,LOABS,PULV LOW SEAL AIR HDR DIFF PRESS,ALM,1,3.86397,4,INH2O,!WP1001!WP1002!WP1003!WP1006!WP1007!WP1014!hist14!CP1004,1
2026-07-17 14:12:08.0,1TC,B21,DROOP ACTIVE,DROOP,STATE,ACTIVE,ALM,5,,,,!hist14!CP1001,2
2026-07-17 14:12:17.5,1TC,B21,DROOP ACTIVE,DROOP,STATE,NORMAL,RTN,5,,,,!hist14!CP1001,2
2026-07-17 14:12:18.0,1TC,B21,DROOP ACTIVE,DROOP,STATE,ACTIVE,ALM,5,,,,!hist14!CP1001,2
2026-07-17 14:12:19.0,1TC,B21,DROOP ACTIVE,DROOP,STATE,NORMAL,RTN,5,,,,!hist14!CP1001,2
2026-07-17 14:12:20.7,1PDF,SLPSL0001,PULV LOW SEAL AIR HDR DIFF PRESS,,LOABS,PULV LOW SEAL AIR HDR DIFF PRESS,RTN,1,4.00518,4,INH2O,!WP1001!WP1002!WP1003!WP1006!WP1007!WP1014!hist14!CP1004,1
2026-07-17 14:12:21.7,1PDF,SLPSL0001,PULV LOW SEAL AIR HDR DIFF PRESS,,LOABS,PULV LOW SEAL AIR HDR DIFF PRESS,ALM,1,3.89004,4,INH2O,!WP1001!WP1002!WP1003!WP1006!WP1007!WP1014!hist14!CP1004,1
2026-07-17 14:12:26.7,1PDF,SLPSL0001,PULV LOW SEAL AIR HDR DIFF PRESS,,LOABS,PULV LOW SEAL AIR HDR DIFF PRESS,RTN,1,4.0626,4,INH2O,!WP1001!WP1002!WP1003!WP1006!WP1007!WP1014!hist14!CP1004,1
2026-07-17 14:12:27.7,1PDF,SLPSL0001,PULV LOW SEAL AIR HDR DIFF PRESS,,LOABS,PULV LOW SEAL AIR HDR DIFF PRESS,ALM,1,3.96943,4,INH2O,!WP1001!WP1002!WP1003!WP1006!WP1007!WP1014!hist14!CP1004,1
2026-07-17 14:12:28.7,1PDF,SLPSL0001,PULV LOW SEAL AIR HDR DIFF PRESS,,LOABS,PULV LOW SEAL AIR HDR DIFF PRESS,RTN,1,4.00811,4,INH2O,!WP1001!WP1002!WP1003!WP1006!WP1007!WP1014!hist14!CP1004,1
2026-07-17 14:12:30.7,1PDF,SLPSL0001,PULV LOW SEAL AIR HDR DIFF PRESS,,LOABS,PULV LOW SEAL AIR HDR DIFF PRESS,ALM,1,3.9873,4,INH2O,!WP1001!WP1002!WP1003!WP1006!WP1007!WP1014!hist14!CP1004,1
2026-07-17 14:12:32.7,1PDF,SLPSL0001,PULV LOW SEAL AIR HDR DIFF PRESS,,LOABS,PULV LOW SEAL AIR HDR DIFF PRESS,RTN,1,4.01865,4,INH2O,!WP1001!WP1002!WP1003!WP1006!WP1007!WP1014!hist14!CP1004,1
2026-07-17 14:12:36.7,1PDF,SLPSL0001,PULV LOW SEAL AIR HDR DIFF PRESS,,LOABS,PULV LOW SEAL AIR HDR DIFF PRESS,ALM,1,3.91875,4,INH2O,!WP1001!WP1002!WP1003!WP1006!WP1007!WP1014!hist14!CP1004,1
2026-07-17 14:13:04.7,1PDF,SLPSL0001,PULV LOW SEAL AIR HDR DIFF PRESS,,LOABS,PULV LOW SEAL AIR HDR DIFF PRESS,RTN,1,4.021,4,INH2O,!WP1001!WP1002!WP1003!WP1006!WP1007!WP1014!hist14!CP1004,1
2026-07-17 14:13:05.7,1PDF,SLPSL0001,PULV LOW SEAL AIR HDR DIFF PRESS,,LOABS,PULV LOW SEAL AIR HDR DIFF PRESS,ALM,1,3.92578,4,INH2O,!WP1001!WP1002!WP1003!WP1006!WP1007!WP1014!hist14!CP1004,1
2026-07-17 14:13:17.7,1PDF,SLPSL0001,PULV LOW SEAL AIR HDR DIFF PRESS,,LOABS,PULV LOW SEAL AIR HDR DIFF PRESS,RTN,1,4.0002,4,INH2O,!WP1001!WP1002!WP1003!WP1006!WP1007!WP1014!hist14!CP1004,1
2026-07-17 14:13:18.7,1PDF,SLPSL0001,PULV LOW SEAL AIR HDR DIFF PRESS,,LOABS,PULV LOW SEAL AIR HDR DIFF PRESS,ALM,1,3.86719,4,INH2O,!WP1001!WP1002!WP1003!WP1006!WP1007!WP1014!hist14!CP1004,1
2026-07-17 14:13:23.7,1PDF,SLPSL0001,PULV LOW SEAL AIR HDR DIFF PRESS,,LOABS,PULV LOW SEAL AIR HDR DIFF PRESS,RTN,1,4.02451,4,INH2O,!WP1001!WP1002!WP1003!WP1006!WP1007!WP1014!hist14!CP1004,1
2026-07-17 14:13:24.7,1PDF,SLPSL0001,PULV LOW SEAL AIR HDR DIFF PRESS,,LOABS,PULV LOW SEAL AIR HDR DIFF PRESS,ALM,1,3.96328,4,INH2O,!WP1001!WP1002!WP1003!WP1006!WP1007!WP1014!hist14!CP1004,1
2026-07-17 14:13:25.7,1PDF,SLPSL0001,PULV LOW SEAL AIR HDR DIFF PRESS,,LOABS,PULV LOW SEAL AIR HDR DIFF PRESS,RTN,1,4.03799,4,INH2O,!WP1001!WP1002!WP1003!WP1006!WP1007!WP1014!hist14!CP1004,1
2026-07-17 14:13:26.7,1PDF,SLPSL0001,PULV LOW SEAL AIR HDR DIFF PRESS,,LOABS,PULV LOW SEAL AIR HDR DIFF PRESS,ALM,1,3.84023,4,INH2O,!WP1001!WP1002!WP1003!WP1006!WP1007!WP1014!hist14!CP1004,1
2026-07-17 14:13:36.5,1TC,B21,DROOP ACTIVE,DROOP,STATE,ACTIVE,ALM,5,,,,!hist14!CP1001,2
2026-07-17 14:13:41.0,1TC,B21,DROOP ACTIVE,DROOP,STATE,NORMAL,RTN,5,,,,!hist14!CP1001,2
2026-07-17 14:14:19.0,1TC,B21,DROOP ACTIVE,DROOP,STATE,ACTIVE,ALM,5,,,,!hist14!CP1001,2
2026-07-17 14:14:36.0,1TC,B21,DROOP ACTIVE,DROOP,STATE,NORMAL,RTN,5,,,,!hist14!CP1001,2
2026-07-17 14:16:02.0,1AB_PYRITE,SV_612AL,MILL HPR 1D EJCT  WTR VLV,MILL HOPPER 1,STATE,FAIL,ALM,3,,,,!WP1002!WP1011!WP1001!hist14!CP1020,1
2026-07-17 14:18:02.5,1MJ,B37,MILL J TEMP,,HIABS,>150 DEGF,RTN,1,144.771,150,DEGF,!WP1001!WP1002!WP1003!WP1006!WP1007!WP1014!hist14!CP1001,1
2026-07-17 14:18:24.0,1AB_PYRITE,SV_612AL,MILL HPR 1D EJCT  WTR VLV,MILL HOPPER 1,STATE,OK,RTN,3,,,,!WP1002!WP1011!WP1001!hist14!CP1020,1
2026-07-17 14:18:50.5,1AB_PYRITE,SV_612AL,MILL HPR 1D EJCT  WTR VLV,MILL HOPPER 1,STATE,FAIL,ALM,3,,,,!WP1002!WP1011!WP1001!hist14!CP1020,1
2026-07-17 14:19:09.5,1AB_PYRITE,SV_612AL,MILL HPR 1D EJCT  WTR VLV,MILL HOPPER 1,STATE,OK,RTN,3,,,,!WP1002!WP1011!WP1001!hist14!CP1020,1
2026-07-17 14:19:43.0,1AB_PYRITE,SV_612AL,MILL HPR 1D EJCT  WTR VLV,MILL HOPPER 1,STATE,FAIL,ALM,3,,,,!WP1002!WP1011!WP1001!hist14!CP1020,1
2026-07-17 14:20:25.0,1MA,B37,MILL A TEMP,,HIABS,>145 DEGF,ALM,1,145.016,145,DEGF,!WP1001!WP1002!WP1003!WP1006!WP1007!WP1014!hist14!CP1001,1
2026-07-17 14:20:46.0,1TC,B21,DROOP ACTIVE,DROOP,STATE,ACTIVE,ALM,5,,,,!hist14!CP1001,2
2026-07-17 14:20:48.0,1TC,B21,DROOP ACTIVE,DROOP,STATE,NORMAL,RTN,5,,,,!hist14!CP1001,2
2026-07-17 14:20:59.0,1TC,B21,DROOP ACTIVE,DROOP,STATE,ACTIVE,ALM,5,,,,!hist14!CP1001,2
2026-07-17 14:21:17.5,1TC,B21,DROOP ACTIVE,DROOP,STATE,NORMAL,RTN,5,,,,!hist14!CP1001,2
2026-07-17 14:23:48.0,1TC,B21,DROOP ACTIVE,DROOP,STATE,ACTIVE,ALM,5,,,,!hist14!CP1001,2
2026-07-17 14:24:04.5,1TC,B21,DROOP ACTIVE,DROOP,STATE,NORMAL,RTN,5,,,,!hist14!CP1001,2
2026-07-17 14:24:21.7,1PDF,SLPSL0001,PULV LOW SEAL AIR HDR DIFF PRESS,,LOABS,PULV LOW SEAL AIR HDR DIFF PRESS,RTN,1,4.05967,4,INH2O,!WP1001!WP1002!WP1003!WP1006!WP1007!WP1014!hist14!CP1004,1
2026-07-17 14:24:22.7,1PDF,SLPSL0001,PULV LOW SEAL AIR HDR DIFF PRESS,,LOABS,PULV LOW SEAL AIR HDR DIFF PRESS,ALM,1,3.93457,4,INH2O,!WP1001!WP1002!WP1003!WP1006!WP1007!WP1014!hist14!CP1004,1
2026-07-17 14:24:27.7,1PDF,SLPSL0001,PULV LOW SEAL AIR HDR DIFF PRESS,,LOABS,PULV LOW SEAL AIR HDR DIFF PRESS,RTN,1,4.00518,4,INH2O,!WP1001!WP1002!WP1003!WP1006!WP1007!WP1014!hist14!CP1004,1
2026-07-17 14:24:32.7,1PDF,SLPSL0001,PULV LOW SEAL AIR HDR DIFF PRESS,,LOABS,PULV LOW SEAL AIR HDR DIFF PRESS,ALM,1,3.99639,4,INH2O,!WP1001!WP1002!WP1003!WP1006!WP1007!WP1014!hist14!CP1004,1
2026-07-17 14:24:33.7,1PDF,SLPSL0001,PULV LOW SEAL AIR HDR DIFF PRESS,,LOABS,PULV LOW SEAL AIR HDR DIFF PRESS,RTN,1,4.01543,4,INH2O,!WP1001!WP1002!WP1003!WP1006!WP1007!WP1014!hist14!CP1004,1
2026-07-17 14:24:38.5,1GS_A,BLEED_FAIL,BLEED SYSTEM A FAILURE,,STATE,BLEED SYSTEM A EQUIPMENT FAILURE,ALM,3,,,,!WP1001!WP1002!WP1003!WP1006!WP1007!WP1014!hist14!CP1017,1
2026-07-17 14:25:16.7,1PDF,SLPSL0001,PULV LOW SEAL AIR HDR DIFF PRESS,,LOABS,PULV LOW SEAL AIR HDR DIFF PRESS,ALM,1,3.99111,4,INH2O,!WP1001!WP1002!WP1003!WP1006!WP1007!WP1014!hist14!CP1004,1
2026-07-17 14:26:01.7,1PDF,SLPSL0001,PULV LOW SEAL AIR HDR DIFF PRESS,,LOABS,PULV LOW SEAL AIR HDR DIFF PRESS,RTN,1,4.01191,4,INH2O,!WP1001!WP1002!WP1003!WP1006!WP1007!WP1014!hist14!CP1004,1
2026-07-17 14:26:03.7,1PDF,SLPSL0001,PULV LOW SEAL AIR HDR DIFF PRESS,,LOABS,PULV LOW SEAL AIR HDR DIFF PRESS,ALM,1,3.88271,4,INH2O,!WP1001!WP1002!WP1003!WP1006!WP1007!WP1014!hist14!CP1004,1
2026-07-17 14:26:08.7,1PDF,SLPSL0001,PULV LOW SEAL AIR HDR DIFF PRESS,,LOABS,PULV LOW SEAL AIR HDR DIFF PRESS,RTN,1,4.01484,4,INH2O,!WP1001!WP1002!WP1003!WP1006!WP1007!WP1014!hist14!CP1004,1
2026-07-17 14:26:11.7,1PDF,SLPSL0001,PULV LOW SEAL AIR HDR DIFF PRESS,,LOABS,PULV LOW SEAL AIR HDR DIFF PRESS,ALM,1,3.99375,4,INH2O,!WP1001!WP1002!WP1003!WP1006!WP1007!WP1014!hist14!CP1004,1
2026-07-17 14:26:12.7,1PDF,SLPSL0001,PULV LOW SEAL AIR HDR DIFF PRESS,,LOABS,PULV LOW SEAL AIR HDR DIFF PRESS,RTN,1,4.00225,4,INH2O,!WP1001!WP1002!WP1003!WP1006!WP1007!WP1014!hist14!CP1004,1
2026-07-17 14:26:13.7,1PDF,SLPSL0001,PULV LOW SEAL AIR HDR DIFF PRESS,,LOABS,PULV LOW SEAL AIR HDR DIFF PRESS,ALM,1,3.94922,4,INH2O,!WP1001!WP1002!WP1003!WP1006!WP1007!WP1014!hist14!CP1004,1
2026-07-17 14:26:19.7,1PDF,SLPSL0001,PULV LOW SEAL AIR HDR DIFF PRESS,,LOABS,PULV LOW SEAL AIR HDR DIFF PRESS,RTN,1,4.01074,4,INH2O,!WP1001!WP1002!WP1003!WP1006!WP1007!WP1014!hist14!CP1004,1
2026-07-17 14:26:20.7,1PDF,SLPSL0001,PULV LOW SEAL AIR HDR DIFF PRESS,,LOABS,PULV LOW SEAL AIR HDR DIFF PRESS,ALM,1,3.98379,4,INH2O,!WP1001!WP1002!WP1003!WP1006!WP1007!WP1014!hist14!CP1004,1
2026-07-17 14:26:31.7,1PDF,SLPSL0001,PULV LOW SEAL AIR HDR DIFF PRESS,,LOABS,PULV LOW SEAL AIR HDR DIFF PRESS,RTN,1,4.03682,4,INH2O,!WP1001!WP1002!WP1003!WP1006!WP1007!WP1014!hist14!CP1004,1
2026-07-17 14:26:45.5,1AB_PYRITE,SV_612AL,MILL HPR 1D EJCT  WTR VLV,MILL HOPPER 1,STATE,OK,RTN,3,,,,!WP1002!WP1011!WP1001!hist14!CP1020,1
2026-07-17 14:26:53.7,1PDF,SLPSL0001,PULV LOW SEAL AIR HDR DIFF PRESS,,LOABS,PULV LOW SEAL AIR HDR DIFF PRESS,ALM,1,3.97734,4,INH2O,!WP1001!WP1002!WP1003!WP1006!WP1007!WP1014!hist14!CP1004,1
2026-07-17 14:27:14.0,1AB_PYRITE,SV_611AL,MILL HPR 1C EJCT  WTR VLV,MILL HOPPER 1,STATE,FAIL,ALM,3,,,,!WP1002!WP1011!WP1001!hist14!CP1020,1
2026-07-17 14:30:12.5,1TC,B21,DROOP ACTIVE,DROOP,STATE,ACTIVE,ALM,5,,,,!hist14!CP1001,2
2026-07-17 14:30:26.0,1TC,B21,DROOP ACTIVE,DROOP,STATE,NORMAL,RTN,5,,,,!hist14!CP1001,2
2026-07-17 14:30:52.7,1PDF,SLPSL0001,PULV LOW SEAL AIR HDR DIFF PRESS,,LOABS,PULV LOW SEAL AIR HDR DIFF PRESS,RTN,1,4.03506,4,INH2O,!WP1001!WP1002!WP1003!WP1006!WP1007!WP1014!hist14!CP1004,1
2026-07-17 14:31:06.7,1PDF,SLPSL0001,PULV LOW SEAL AIR HDR DIFF PRESS,,LOABS,PULV LOW SEAL AIR HDR DIFF PRESS,ALM,1,3.99346,4,INH2O,!WP1001!WP1002!WP1003!WP1006!WP1007!WP1014!hist14!CP1004,1
2026-07-17 14:33:00.5,1GS_A,BLEED_FAIL,BLEED SYSTEM A FAILURE,,STATE,BLEED SYSTEM A NORMAL,RTN,3,,,,!WP1001!WP1002!WP1003!WP1006!WP1007!WP1014!hist14!CP1017,1
2026-07-17 14:33:05.5,1AB_PYRITE,SV_611AL,MILL HPR 1C EJCT  WTR VLV,MILL HOPPER 1,STATE,OK,RTN,3,,,,!WP1002!WP1011!WP1001!hist14!CP1020,1
2026-07-17 14:33:14.6,PAC_PLC,ACI_FDR_A_TR,ACI FDR A AC-WIC-5007 TRBLE ALM,,CHANGE,PAC FEEDER A TROUBLE,ALM,1,,,,!WP1001!WP1002!WP1003!WP1006!WP1007!WP1014!hist14!CP1003,1
2026-07-17 14:33:14.6,PAC_PLC,ACI_FDR_A_TR,ACI FDR A AC-WIC-5007 TRBLE ALM,,CHANGE,PAC FEEDER A TROUBLE,ALM,1,,,,!WP1001!WP1002!WP1003!WP1006!WP1007!WP1014!hist14!CP1003,1
2026-07-17 14:33:18.6,PAC_PLC,ACI_FDR_A_TR,ACI FDR A AC-WIC-5007 TRBLE ALM,,CHANGE,PAC FEEDER A TROUBLE,ALM,1,,,,!WP1001!WP1002!WP1003!WP1006!WP1007!WP1014!hist14!CP1003,1
2026-07-17 14:33:18.6,PAC_PLC,ACI_FDR_A_TR,ACI FDR A AC-WIC-5007 TRBLE ALM,,CHANGE,PAC FEEDER A TROUBLE,ALM,1,,,,!WP1001!WP1002!WP1003!WP1006!WP1007!WP1014!hist14!CP1003,1
2026-07-17 14:33:21.6,PAC_PLC,ACI_FDR_A_TR,ACI FDR A AC-WIC-5007 TRBLE ALM,,CHANGE,PAC FEEDER A TROUBLE,ALM,1,,,,!WP1001!WP1002!WP1003!WP1006!WP1007!WP1014!hist14!CP1003,1
2026-07-17 14:33:21.6,PAC_PLC,ACI_FDR_A_TR,ACI FDR A AC-WIC-5007 TRBLE ALM,,CHANGE,PAC FEEDER A TROUBLE,ALM,1,,,,!WP1001!WP1002!WP1003!WP1006!WP1007!WP1014!hist14!CP1003,1
2026-07-17 14:33:30.6,PAC_PLC,ACI_FDR_A_TR,ACI FDR A AC-WIC-5007 TRBLE ALM,,CHANGE,PAC FEEDER A TROUBLE,ALM,1,,,,!WP1001!WP1002!WP1003!WP1006!WP1007!WP1014!hist14!CP1003,1
2026-07-17 14:33:30.6,PAC_PLC,ACI_FDR_A_TR,ACI FDR A AC-WIC-5007 TRBLE ALM,,CHANGE,PAC FEEDER A TROUBLE,ALM,1,,,,!WP1001!WP1002!WP1003!WP1006!WP1007!WP1014!hist14!CP1003,1
2026-07-17 14:33:34.1,PAC_PLC,ACI_FDR_A_TR,ACI FDR A AC-WIC-5007 TRBLE ALM,,CHANGE,PAC FEEDER A TROUBLE,ALM,1,,,,!WP1001!WP1002!WP1003!WP1006!WP1007!WP1014!hist14!CP1003,1
2026-07-17 14:33:34.1,PAC_PLC,ACI_FDR_A_TR,ACI FDR A AC-WIC-5007 TRBLE ALM,,CHANGE,PAC FEEDER A TROUBLE,ALM,1,,,,!WP1001!WP1002!WP1003!WP1006!WP1007!WP1014!hist14!CP1003,1
2026-07-17 14:33:37.1,PAC_PLC,ACI_FDR_A_TR,ACI FDR A AC-WIC-5007 TRBLE ALM,,CHANGE,PAC FEEDER A TROUBLE,ALM,1,,,,!WP1001!WP1002!WP1003!WP1006!WP1007!WP1014!hist14!CP1003,1
2026-07-17 14:33:37.1,PAC_PLC,ACI_FDR_A_TR,ACI FDR A AC-WIC-5007 TRBLE ALM,,CHANGE,PAC FEEDER A TROUBLE,ALM,1,,,,!WP1001!WP1002!WP1003!WP1006!WP1007!WP1014!hist14!CP1003,1
2026-07-17 14:35:47.5,1AB_PYRITE,SV_614AL,MILL HPR 1F EJCT  WTR VLV,MILL HOPPER 1,STATE,FAIL,ALM,3,,,,!WP1002!WP1011!WP1001!hist14!CP1020,1
2026-07-17 14:38:00.1,1TC,B21,DROOP ACTIVE,DROOP,STATE,ACTIVE,ALM,5,,,,!hist14!CP1001,2
2026-07-17 14:38:18.0,1AB_PYRITE,SV_614AL,MILL HPR 1F EJCT  WTR VLV,MILL HOPPER 1,STATE,OK,RTN,3,,,,!WP1002!WP1011!WP1001!hist14!CP1020,1
2026-07-17 14:38:25.1,1TC,B21,DROOP ACTIVE,DROOP,STATE,NORMAL,RTN,5,,,,!hist14!CP1001,2
2026-07-17 14:38:40.5,1AB_PYRITE,SV_614AL,MILL HPR 1F EJCT  WTR VLV,MILL HOPPER 1,STATE,FAIL,ALM,3,,,,!WP1002!WP1011!WP1001!hist14!CP1020,1
2026-07-17 14:38:58.0,1NW_ESP_SMP,NWAI6702B,PRECIP SUMP PMP B DSCH PH,,IOBAD,BAD CHANNEL,RTN,3,,,,!WP1002!WP1011!WP1001!hist14!CP1020,1
2026-07-17 14:39:17.5,1AB_PYRITE,SV_614AL,MILL HPR 1F EJCT  WTR VLV,MILL HOPPER 1,STATE,OK,RTN,3,,,,!WP1002!WP1011!WP1001!hist14!CP1020,1
2026-07-17 14:39:45.0,1AB_PYRITE,SV_614AL,MILL HPR 1F EJCT  WTR VLV,MILL HOPPER 1,STATE,FAIL,ALM,3,,,,!WP1002!WP1011!WP1001!hist14!CP1020,1
2026-07-17 14:41:35.0,1FG_B_HYD,MO5750B_ASTR,BF B HYD OIL CLR B AUTOSTART,,STATE,ON A FAILURE,ALM,3,,,,!WP1001!WP1002!WP1003!WP1006!WP1007!WP1014!hist14!CP1015,1
2026-07-17 14:41:35.1,1FG_B_HYD,TSHL5742A,BF B HYD OIL TANK ALM,HYDRAULIC OIL,HIABS,HI ALARM,ALM,1,122.023,122,DEGF,!WP1001!WP1002!WP1003!WP1006!WP1007!WP1014!hist14!CP1015,1
2026-07-17 14:41:37.0,1FG_B_HYD,MO5750B_ASTR,BF B HYD OIL CLR B AUTOSTART,,STATE,NORMAL,RTN,3,,,,!WP1001!WP1002!WP1003!WP1006!WP1007!WP1014!hist14!CP1015,1
2026-07-17 14:42:41.5,1AB_PYRITE,SV_614AL,MILL HPR 1F EJCT  WTR VLV,MILL HOPPER 1,STATE,OK,RTN,3,,,,!WP1002!WP1011!WP1001!hist14!CP1020,1
2026-07-17 14:43:18.5,1AB_PYRITE,SV_614AL,MILL HPR 1F EJCT  WTR VLV,MILL HOPPER 1,STATE,FAIL,ALM,3,,,,!WP1002!WP1011!WP1001!hist14!CP1020,1
2026-07-17 14:43:57.0,1MELIM,ZDS5504,WET/DRY INTFC VLV  DM DEV,,LODEV,LOW DEVIATION ALARM,RTN,3,46.3301,42.5,%,!hist14!CP1017,2
2026-07-17 14:44:47.1,1TC,B21,DROOP ACTIVE,DROOP,STATE,ACTIVE,ALM,5,,,,!hist14!CP1001,2
2026-07-17 14:44:51.1,1FG_B_HYD,TSHL5742A,BF B HYD OIL TANK ALM,HYDRAULIC OIL,HIABS,HI ALARM,RTN,1,121.484,122,DEGF,!WP1001!WP1002!WP1003!WP1006!WP1007!WP1014!hist14!CP1015,1
2026-07-17 14:44:58.0,1MELIM,ZDS5504,WET/DRY INTFC VLV  DM DEV,,HIDEV,HIGH DEVIATION ALARM,ALM,3,98.4141,5,%,!hist14!CP1017,2
2026-07-17 14:45:36.0,1AB_PYRITE,SV_614AL,MILL HPR 1F EJCT  WTR VLV,MILL HOPPER 1,STATE,OK,RTN,3,,,,!WP1002!WP1011!WP1001!hist14!CP1020,1
2026-07-17 14:45:57.1,1TC,B21,DROOP ACTIVE,DROOP,STATE,NORMAL,RTN,5,,,,!hist14!CP1001,2
2026-07-17 14:46:01.0,1AB_PYRITE,SV_615AL,MILL HPR 1G EJCT  WTR VLV,MILL HOPPER 1,STATE,FAIL,ALM,3,,,,!WP1002!WP1011!WP1001!hist14!CP1020,1
2026-07-17 14:46:03.1,1TC,B21,DROOP ACTIVE,DROOP,STATE,ACTIVE,ALM,5,,,,!hist14!CP1001,2
2026-07-17 14:46:05.1,1TC,B21,DROOP ACTIVE,DROOP,STATE,NORMAL,RTN,5,,,,!hist14!CP1001,2
2026-07-17 14:46:36.5,FD_FAN_VIB,B_FAN_VEL_AX,B FD FAN VEL AX,,HIABS,B FD FAN VEL AX HI VIB,ALM,1,3.05578,3,MILS,!WP1001!WP1002!WP1003!WP1006!WP1007!WP1014!hist14!CP1005,1
2026-07-17 14:46:47.0,FD_FAN_VIB,B_FAN_VEL_AX,B FD FAN VEL AX,,HIABS,B FD FAN VEL AX HI VIB,RTN,1,2.44625,3,MILS,!WP1001!WP1002!WP1003!WP1006!WP1007!WP1014!hist14!CP1005,1
2026-07-17 14:51:58.5,1AB_PYRITE,SV_615AL,MILL HPR 1G EJCT  WTR VLV,MILL HOPPER 1,STATE,OK,RTN,3,,,,!WP1002!WP1011!WP1001!hist14!CP1020,1
2026-07-17 14:52:29.5,1NW_ESP_SMP,NWAI6702B,PRECIP SUMP PMP B DSCH PH,,IOBAD,BAD CHANNEL,ALM,3,,,,!WP1002!WP1011!WP1001!hist14!CP1020,1
2026-07-17 14:53:24.0,1AB_PYRITE,SV_616AL,MILL HPR 1H EJCT  WTR VLV,MILL HOPPER 1,STATE,FAIL,ALM,3,,,,!WP1002!WP1011!WP1001!hist14!CP1020,1
2026-07-17 14:53:38.7,1PDF,SLPSL0001,PULV LOW SEAL AIR HDR DIFF PRESS,,LOABS,PULV LOW SEAL AIR HDR DIFF PRESS,RTN,1,4.48945,4,INH2O,!WP1001!WP1002!WP1003!WP1006!WP1007!WP1014!hist14!CP1004,1
2026-07-17 14:53:40.7,1JMILL,UBOWL_LO,JPULV SEAL AIR UND BOWL DP < 5,,STATE,PULV SEAL AIR UND BOWL DP < 5,ALM,5,,,,!WP1001!WP1002!WP1003!WP1006!WP1007!WP1014!hist14!CP1004,1
2026-07-17 14:53:53.7,1PDF,SLPSL0001,PULV LOW SEAL AIR HDR DIFF PRESS,,LOABS,PULV LOW SEAL AIR HDR DIFF PRESS,ALM,1,3.97617,4,INH2O,!WP1001!WP1002!WP1003!WP1006!WP1007!WP1014!hist14!CP1004,1
2026-07-17 14:54:03.7,1PDF,SLPSL0001,PULV LOW SEAL AIR HDR DIFF PRESS,,LOABS,PULV LOW SEAL AIR HDR DIFF PRESS,RTN,1,4.00342,4,INH2O,!WP1001!WP1002!WP1003!WP1006!WP1007!WP1014!hist14!CP1004,1
2026-07-17 14:57:24.0,1MELIM,ZDS5504,WET/DRY INTFC VLV  DM DEV,,HIDEV,HIGH DEVIATION ALARM,RTN,3,53.7402,57.5,%,!hist14!CP1017,2
2026-07-17 14:57:46.0,1AB_PYRITE,SV_616AL,MILL HPR 1H EJCT  WTR VLV,MILL HOPPER 1,STATE,OK,RTN,3,,,,!WP1002!WP1011!WP1001!hist14!CP1020,1
2026-07-17 14:58:02.4,1WB_DEV,SOFA_ANY_DEV,SOFA ANY DEVIATION,,STATE,NORMAL,RTN,5,,,INH2O,,0
2026-07-17 14:58:16.7,1SCRA_IDSAV,SLPDI5416A,A IDMPR SCR SA PSG TO FG DUCT DP,,LOABS,SCR A IN DMPR SEAL DP LOW (SERV),RTN,5,2.2209,2,INH2O,!hist14!CP1016,2
2026-07-17 14:58:23.2,1SCRA_IDSAV,SLPDI5416A,A IDMPR SCR SA PSG TO FG DUCT DP,,LOABS,SCR A IN DMPR SEAL DP LOW (SERV),ALM,5,1.94512,2,INH2O,!hist14!CP1016,2
2026-07-17 14:58:31.7,1SCRA_IDSAV,SLPDI5416A,A IDMPR SCR SA PSG TO FG DUCT DP,,LOABS,SCR A IN DMPR SEAL DP LOW (SERV),RTN,5,2.22734,2,INH2O,!hist14!CP1016,2
2026-07-17 14:58:45.7,1PDF,SLPSL0001,PULV LOW SEAL AIR HDR DIFF PRESS,,LOABS,PULV LOW SEAL AIR HDR DIFF PRESS,ALM,1,3.92754,4,INH2O,!WP1001!WP1002!WP1003!WP1006!WP1007!WP1014!hist14!CP1004,1
2026-07-17 14:58:47.7,1PDF,SLPSL0001,PULV LOW SEAL AIR HDR DIFF PRESS,,LOABS,PULV LOW SEAL AIR HDR DIFF PRESS,RTN,1,4.00078,4,INH2O,!WP1001!WP1002!WP1003!WP1006!WP1007!WP1014!hist14!CP1004,1
2026-07-17 14:58:55.0,1MELIM,ZDS5504,WET/DRY INTFC VLV  DM DEV,,HIDEV,HIGH DEVIATION ALARM,ALM,3,98.4785,5,%,!hist14!CP1017,2
2026-07-17 14:59:19.6,1MISC,B143,AUX ATM VLV DEV ALM,,STATE,NORMAL,RTN,5,,,,!WP1001!WP1002!WP1003!WP1006!WP1007!WP1014!hist14!CP1002,1
2026-07-17 14:59:44.2,1SCRA_IDSAV,SLPDI5416A,A IDMPR SCR SA PSG TO FG DUCT DP,,LOABS,SCR A IN DMPR SEAL DP LOW (SERV),ALM,5,1.97227,2,INH2O,!hist14!CP1016,2
2026-07-17 14:59:46.5,1AR_LS,DEV_5803,LS SYS B,,STATE,VALVE 5803 DEVIATION,ALM,3,,,,!WP1001!WP1002!WP1003!WP1006!WP1007!WP1014!hist14!CP1017,1
2026-07-17 15:00:34.5,1AR_LS,DEV_5803,LS SYS B,,STATE,,RTN,3,,,,!WP1001!WP1002!WP1003!WP1006!WP1007!WP1014!hist14!CP1017,1
2026-07-17 15:01:53.6,1MH,B37,MILL H TEMP,,HIABS,>150 DEGF,ALM,1,150.009,150,DEGF,!WP1001!WP1002!WP1003!WP1006!WP1007!WP1014!hist14!CP1001,1
2026-07-17 15:01:53.4,1SBRS,B13,R.H. SOOT BLOWING REG FBK,,HIABS,R.H. SOOTBLOWER FB @ 90%,ALM,5,90.0078,90,PCT,!WP1002!WP1006!WP1007!WP1001!WP1003!WP1014!hist14!CP1009,1
2026-07-17 15:01:59.2,1SCRA_IDSAV,SLPDI5416A,A IDMPR SCR SA PSG TO FG DUCT DP,,LOABS,SCR A IN DMPR SEAL DP LOW (SERV),RTN,5,2.22187,2,INH2O,!hist14!CP1016,2
2026-07-17 15:02:06.7,1SCRA_IDSAV,SLPDI5416A,A IDMPR SCR SA PSG TO FG DUCT DP,,LOABS,SCR A IN DMPR SEAL DP LOW (SERV),ALM,5,1.98008,2,INH2O,!hist14!CP1016,2
2026-07-17 15:02:15.0,1SBRS,B13,R.H. SOOT BLOWING REG FBK,,HIABS,R.H. SOOTBLOWER FB @ 90%,RTN,5,89.1563,90,PCT,!WP1002!WP1006!WP1007!WP1001!WP1003!WP1014!hist14!CP1009,1
2026-07-17 15:02:18.5,1LP_HTRLVL3,LDA044,LP HTR 3 EMERG VALVE DMD POS DEV,,LODEV,LOW DEV,ALM,1,0.544922,0.610572,%,!WP1001!WP1002!WP1003!WP1006!WP1007!WP1014!hist14!CP1013,1
2026-07-17 15:02:20.0,1LP_HTRLVL3,LDA044,LP HTR 3 EMERG VALVE DMD POS DEV,,LODEV,LOW DEV,RTN,1,1.92578,1.45234,%,!WP1001!WP1002!WP1003!WP1006!WP1007!WP1014!hist14!CP1013,1
2026-07-17 15:02:32.2,1SCRA_IDSAV,SLPDI5416A,A IDMPR SCR SA PSG TO FG DUCT DP,,LOABS,SCR A IN DMPR SEAL DP LOW (SERV),RTN,5,2.20469,2,INH2O,!hist14!CP1016,2
2026-07-17 15:02:36.7,1SCRA_IDSAV,SLPDI5416A,A IDMPR SCR SA PSG TO FG DUCT DP,,LOABS,SCR A IN DMPR SEAL DP LOW (SERV),ALM,5,1.96777,2,INH2O,!hist14!CP1016,2
2026-07-17 15:03:15.7,1SCRA_IDSAV,SLPDI5416A,A IDMPR SCR SA PSG TO FG DUCT DP,,LOABS,SCR A IN DMPR SEAL DP LOW (SERV),RTN,5,2.21309,2,INH2O,!hist14!CP1016,2
2026-07-17 15:03:19.2,1SCRA_IDSAV,SLPDI5416A,A IDMPR SCR SA PSG TO FG DUCT DP,,LOABS,SCR A IN DMPR SEAL DP LOW (SERV),ALM,5,1.99355,2,INH2O,!hist14!CP1016,2
2026-07-17 15:06:21.7,1SCRA_IDSAV,SLPDI5416A,A IDMPR SCR SA PSG TO FG DUCT DP,,LOABS,SCR A IN DMPR SEAL DP LOW (SERV),RTN,5,2.22109,2,INH2O,!hist14!CP1016,2
2026-07-17 15:06:28.2,1SCRA_IDSAV,SLPDI5416A,A IDMPR SCR SA PSG TO FG DUCT DP,,LOABS,SCR A IN DMPR SEAL DP LOW (SERV),ALM,5,1.98652,2,INH2O,!hist14!CP1016,2
2026-07-17 15:07:05.9,1DAS10,IACE3001,COND MAKE-UP      CATION CNDCT,,HIABS,HIGH,ALM,1,0.300078,0.3,US/CM,!WP1002!WP1006!WP1007!WP1001!WP1003!WP1014!hist14!CP1008,1
2026-07-17 15:07:38.0,1AR17,JAS_TIMER,JAS AUTO FLUSH TIMER,,PTARG,RESET FLUSH TIMER,ALM,5,28801,28800,SEC,!hist14!CP1017,2
2026-07-17 15:07:39.0,1AR17,JAS_TIMER,JAS AUTO FLUSH TIMER,,PTARG,RESET FLUSH TIMER,RTN,5,0,28800,SEC,!hist14!CP1017,2
2026-07-17 15:08:31.2,1SCRA_IDSAV,SLPDI5416A,A IDMPR SCR SA PSG TO FG DUCT DP,,LOABS,SCR A IN DMPR SEAL DP LOW (SERV),RTN,5,2.21523,2,INH2O,!hist14!CP1016,2
2026-07-17 15:08:34.2,1SCRA_IDSAV,SLPDI5416A,A IDMPR SCR SA PSG TO FG DUCT DP,,LOABS,SCR A IN DMPR SEAL DP LOW (SERV),ALM,5,1.99941,2,INH2O,!hist14!CP1016,2
2026-07-17 15:09:13.7,1SCRA_IDSAV,SLPDI5416A,A IDMPR SCR SA PSG TO FG DUCT DP,,LOABS,SCR A IN DMPR SEAL DP LOW (SERV),RTN,5,2.20391,2,INH2O,!hist14!CP1016,2
2026-07-17 15:09:31.7,1SCRA_IDSAV,SLPDI5416A,A IDMPR SCR SA PSG TO FG DUCT DP,,LOABS,SCR A IN DMPR SEAL DP LOW (SERV),ALM,5,1.95605,2,INH2O,!hist14!CP1016,2
2026-07-17 15:09:51.7,1SCRA_IDSAV,SLPDI5416A,A IDMPR SCR SA PSG TO FG DUCT DP,,LOABS,SCR A IN DMPR SEAL DP LOW (SERV),RTN,5,2.20313,2,INH2O,!hist14!CP1016,2
2026-07-17 15:10:10.7,1SCRA_IDSAV,SLPDI5416A,A IDMPR SCR SA PSG TO FG DUCT DP,,LOABS,SCR A IN DMPR SEAL DP LOW (SERV),ALM,5,1.99902,2,INH2O,!hist14!CP1016,2
2026-07-17 15:10:29.6,1TC,B21,DROOP ACTIVE,DROOP,STATE,ACTIVE,ALM,5,,,,!hist14!CP1001,2
2026-07-17 15:10:57.7,1SCRA_IDSAV,SLPDI5416A,A IDMPR SCR SA PSG TO FG DUCT DP,,LOABS,SCR A IN DMPR SEAL DP LOW (SERV),RTN,5,2.21328,2,INH2O,!hist14!CP1016,2
2026-07-17 15:11:08.7,1SCRA_IDSAV,SLPDI5416A,A IDMPR SCR SA PSG TO FG DUCT DP,,LOABS,SCR A IN DMPR SEAL DP LOW (SERV),ALM,5,1.98203,2,INH2O,!hist14!CP1016,2
2026-07-17 15:11:34.7,1SCRA_IDSAV,SLPDI5416A,A IDMPR SCR SA PSG TO FG DUCT DP,,LOABS,SCR A IN DMPR SEAL DP LOW (SERV),RTN,5,2.20215,2,INH2O,!hist14!CP1016,2
2026-07-17 15:11:48.2,1SCRA_IDSAV,SLPDI5416A,A IDMPR SCR SA PSG TO FG DUCT DP,,LOABS,SCR A IN DMPR SEAL DP LOW (SERV),ALM,5,1.98184,2,INH2O,!hist14!CP1016,2
2026-07-17 15:12:24.2,1SCRA_IDSAV,SLPDI5416A,A IDMPR SCR SA PSG TO FG DUCT DP,,LOABS,SCR A IN DMPR SEAL DP LOW (SERV),RTN,5,2.21387,2,INH2O,!hist14!CP1016,2
2026-07-17 15:12:24.1,1MELIM,ZDS5504,WET/DRY INTFC VLV  DM DEV,,HIDEV,HIGH DEVIATION ALARM,RTN,3,53.6719,57.5,%,!hist14!CP1017,2
2026-07-17 15:12:40.7,1SCRA_IDSAV,SLPDI5416A,A IDMPR SCR SA PSG TO FG DUCT DP,,LOABS,SCR A IN DMPR SEAL DP LOW (SERV),ALM,5,1.99492,2,INH2O,!hist14!CP1016,2
2026-07-17 15:12:56.7,1SCRA_IDSAV,SLPDI5416A,A IDMPR SCR SA PSG TO FG DUCT DP,,LOABS,SCR A IN DMPR SEAL DP LOW (SERV),RTN,5,2.20117,2,INH2O,!hist14!CP1016,2
2026-07-17 15:13:03.7,1SCRA_IDSAV,SLPDI5416A,A IDMPR SCR SA PSG TO FG DUCT DP,,LOABS,SCR A IN DMPR SEAL DP LOW (SERV),ALM,5,1.95098,2,INH2O,!hist14!CP1016,2
2026-07-17 15:13:55.1,1MELIM,ZDS5504,WET/DRY INTFC VLV  DM DEV,,HIDEV,HIGH DEVIATION ALARM,ALM,3,98.8984,5,%,!hist14!CP1017,2
2026-07-17 15:13:56.6,1TC,B21,DROOP ACTIVE,DROOP,STATE,NORMAL,RTN,5,,,,!hist14!CP1001,2
2026-07-17 15:14:03.6,1TC,B21,DROOP ACTIVE,DROOP,STATE,ACTIVE,ALM,5,,,,!hist14!CP1001,2
2026-07-17 15:14:04.1,1TC,B21,DROOP ACTIVE,DROOP,STATE,NORMAL,RTN,5,,,,!hist14!CP1001,2
2026-07-17 15:15:07.1,1TC,B21,DROOP ACTIVE,DROOP,STATE,ACTIVE,ALM,5,,,,!hist14!CP1001,2
2026-07-17 15:15:08.6,1TC,B21,DROOP ACTIVE,DROOP,STATE,NORMAL,RTN,5,,,,!hist14!CP1001,2
2026-07-17 15:15:26.2,1SCRA_IDSAV,SLPDI5416A,A IDMPR SCR SA PSG TO FG DUCT DP,,LOABS,SCR A IN DMPR SEAL DP LOW (SERV),RTN,5,2.2248,2,INH2O,!hist14!CP1016,2
2026-07-17 15:15:32.2,1SCRA_IDSAV,SLPDI5416A,A IDMPR SCR SA PSG TO FG DUCT DP,,LOABS,SCR A IN DMPR SEAL DP LOW (SERV),ALM,5,1.98477,2,INH2O,!hist14!CP1016,2
2026-07-17 15:16:06.7,1SCRA_IDSAV,SLPDI5416A,A IDMPR SCR SA PSG TO FG DUCT DP,,LOABS,SCR A IN DMPR SEAL DP LOW (SERV),RTN,5,2.20918,2,INH2O,!hist14!CP1016,2
2026-07-17 15:16:22.2,1SCRA_IDSAV,SLPDI5416A,A IDMPR SCR SA PSG TO FG DUCT DP,,LOABS,SCR A IN DMPR SEAL DP LOW (SERV),ALM,5,1.99746,2,INH2O,!hist14!CP1016,2
2026-07-17 15:18:01.2,1SCRA_IDSAV,SLPDI5416A,A IDMPR SCR SA PSG TO FG DUCT DP,,LOABS,SCR A IN DMPR SEAL DP LOW (SERV),RTN,5,2.20684,2,INH2O,!hist14!CP1016,2
2026-07-17 15:18:13.2,1SCRA_IDSAV,SLPDI5416A,A IDMPR SCR SA PSG TO FG DUCT DP,,LOABS,SCR A IN DMPR SEAL DP LOW (SERV),ALM,5,1.99219,2,INH2O,!hist14!CP1016,2
2026-07-17 15:19:09.2,1SCRA_IDSAV,SLPDI5416A,A IDMPR SCR SA PSG TO FG DUCT DP,,LOABS,SCR A IN DMPR SEAL DP LOW (SERV),RTN,5,2.20137,2,INH2O,!hist14!CP1016,2
2026-07-17 15:19:17.7,1SCRA_IDSAV,SLPDI5416A,A IDMPR SCR SA PSG TO FG DUCT DP,,LOABS,SCR A IN DMPR SEAL DP LOW (SERV),ALM,5,1.98008,2,INH2O,!hist14!CP1016,2
2026-07-17 15:19:24.7,1SCRA_IDSAV,SLPDI5416A,A IDMPR SCR SA PSG TO FG DUCT DP,,LOABS,SCR A IN DMPR SEAL DP LOW (SERV),RTN,5,2.22656,2,INH2O,!hist14!CP1016,2
2026-07-17 15:19:33.7,1SCRA_IDSAV,SLPDI5416A,A IDMPR SCR SA PSG TO FG DUCT DP,,LOABS,SCR A IN DMPR SEAL DP LOW (SERV),ALM,5,1.9834,2,INH2O,!hist14!CP1016,2
2026-07-17 15:20:00.6,1TC,B21,DROOP ACTIVE,DROOP,STATE,ACTIVE,ALM,5,,,,!hist14!CP1001,2
2026-07-17 15:20:38.6,1TC,B21,DROOP ACTIVE,DROOP,STATE,NORMAL,RTN,5,,,,!hist14!CP1001,2
2026-07-17 15:21:02.1,1TC,B21,DROOP ACTIVE,DROOP,STATE,ACTIVE,ALM,5,,,,!hist14!CP1001,2
2026-07-17 15:21:07.1,1TC,B21,DROOP ACTIVE,DROOP,STATE,NORMAL,RTN,5,,,,!hist14!CP1001,2
2026-07-17 15:21:30.7,1SCRA_IDSAV,SLPDI5416A,A IDMPR SCR SA PSG TO FG DUCT DP,,LOABS,SCR A IN DMPR SEAL DP LOW (SERV),RTN,5,2.21133,2,INH2O,!hist14!CP1016,2
2026-07-17 15:21:30.8,1PDF,SLPSL0001,PULV LOW SEAL AIR HDR DIFF PRESS,,LOABS,PULV LOW SEAL AIR HDR DIFF PRESS,ALM,1,3.95098,4,INH2O,!WP1001!WP1002!WP1003!WP1006!WP1007!WP1014!hist14!CP1004,1
2026-07-17 15:21:39.8,1PDF,SLPSL0001,PULV LOW SEAL AIR HDR DIFF PRESS,,LOABS,PULV LOW SEAL AIR HDR DIFF PRESS,RTN,1,4.03682,4,INH2O,!WP1001!WP1002!WP1003!WP1006!WP1007!WP1014!hist14!CP1004,1
2026-07-17 15:23:23.1,1TC,B21,DROOP ACTIVE,DROOP,STATE,ACTIVE,ALM,5,,,,!hist14!CP1001,2
2026-07-17 15:23:46.7,1SCR_B_PRESS,FGPDI5228B,SCR B CAT LAYER 4 DP,1SR114 PNT 4,HHABS,HI HI DP,ALM,1,1.70022,1.7,INH2O,!WP1001!WP1002!WP1003!WP1006!WP1007!WP1014!hist14!CP1016,1
2026-07-17 15:23:50.7,1SCRA_IDSAV,SLPDI5416A,A IDMPR SCR SA PSG TO FG DUCT DP,,LOABS,SCR A IN DMPR SEAL DP LOW (SERV),ALM,5,1.98047,2,INH2O,!hist14!CP1016,2
2026-07-17 15:23:56.7,1SCRA_IDSAV,SLPDI5416A,A IDMPR SCR SA PSG TO FG DUCT DP,,LOABS,SCR A IN DMPR SEAL DP LOW (SERV),RTN,5,2.21484,2,INH2O,!hist14!CP1016,2
2026-07-17 15:24:03.2,1SCRA_IDSAV,SLPDI5416A,A IDMPR SCR SA PSG TO FG DUCT DP,,LOABS,SCR A IN DMPR SEAL DP LOW (SERV),ALM,5,1.9998,2,INH2O,!hist14!CP1016,2
2026-07-17 15:24:20.1,1GS_A,BLEED_FAIL,BLEED SYSTEM A FAILURE,,STATE,BLEED SYSTEM A EQUIPMENT FAILURE,ALM,3,,,,!WP1001!WP1002!WP1003!WP1006!WP1007!WP1014!hist14!CP1017,1
2026-07-17 15:24:20.0,1DAS11,ISPE4111,ASR HEADER        PRESSURE,1768,HIABS,HIGH,ALM,3,190.156,190,PG,!WP1002!WP1006!WP1007!WP1001!WP1003!WP1014!hist14!CP1008,1
2026-07-17 15:24:28.6,1TC,B21,DROOP ACTIVE,DROOP,STATE,NORMAL,RTN,5,,,,!hist14!CP1001,2
2026-07-17 15:24:28.0,1DAS11,ISPE4111,ASR HEADER        PRESSURE,1768,HIABS,HIGH,RTN,3,187.363,190,PG,!WP1002!WP1006!WP1007!WP1001!WP1003!WP1014!hist14!CP1008,1
2026-07-17 15:25:16.7,1SCRA_IDSAV,SLPDI5416A,A IDMPR SCR SA PSG TO FG DUCT DP,,LOABS,SCR A IN DMPR SEAL DP LOW (SERV),RTN,5,2.2002,2,INH2O,!hist14!CP1016,2
2026-07-17 15:25:49.7,1SCRA_IDSAV,SLPDI5416A,A IDMPR SCR SA PSG TO FG DUCT DP,,LOABS,SCR A IN DMPR SEAL DP LOW (SERV),ALM,5,1.96738,2,INH2O,!hist14!CP1016,2
2026-07-17 15:27:03.7,PAC_PLC,ACI_FDR_A_TR,ACI FDR A AC-WIC-5007 TRBLE ALM,,CHANGE,PAC FEEDER A TROUBLE,ALM,1,,,,!WP1001!WP1002!WP1003!WP1006!WP1007!WP1014!hist14!CP1003,1
2026-07-17 15:27:06.7,PAC_PLC,ACI_FDR_A_TR,ACI FDR A AC-WIC-5007 TRBLE ALM,,CHANGE,PAC FEEDER A TROUBLE,ALM,1,,,,!WP1001!WP1002!WP1003!WP1006!WP1007!WP1014!hist14!CP1003,1
2026-07-17 15:27:24.1,1MELIM,ZDS5504,WET/DRY INTFC VLV  DM DEV,,HIDEV,HIGH DEVIATION ALARM,RTN,3,53.7148,57.5,%,!hist14!CP1017,2
2026-07-17 15:27:32.7,1SCR_B_PRESS,FGPDI5228B,SCR B CAT LAYER 4 DP,1SR114 PNT 4,HHABS,HI HI DP,RTN,1,1.19851,1.7,INH2O,!WP1001!WP1002!WP1003!WP1006!WP1007!WP1014!hist14!CP1016,1
2026-07-17 15:28:03.1,FD_FAN_VIB,B_FAN_VEL_AX,B FD FAN VEL AX,,HIABS,B FD FAN VEL AX HI VIB,ALM,1,3.03859,3,MILS,!WP1001!WP1002!WP1003!WP1006!WP1007!WP1014!hist14!CP1005,1
2026-07-17 15:28:07.1,FD_FAN_VIB,B_FAN_VEL_AX,B FD FAN VEL AX,,HIABS,B FD FAN VEL AX HI VIB,RTN,1,2.39094,3,MILS,!WP1001!WP1002!WP1003!WP1006!WP1007!WP1014!hist14!CP1005,1
2026-07-17 15:28:55.1,1MELIM,ZDS5504,WET/DRY INTFC VLV  DM DEV,,HIDEV,HIGH DEVIATION ALARM,ALM,3,98.7324,5,%,!hist14!CP1017,2
2026-07-17 15:29:41.7,1SCRA_IDSAV,SLPDI5416A,A IDMPR SCR SA PSG TO FG DUCT DP,,LOABS,SCR A IN DMPR SEAL DP LOW (SERV),RTN,5,2.22637,2,INH2O,!hist14!CP1016,2
2026-07-17 15:29:49.6,1BCS_7,IKTE3751,REHEAT TEMP RIGHT (REDUNDANT),,HIABS,HIGH,ALM,1,1012.22,1012.18,DEG.F,!WP1002!WP1006!WP1007!WP1001!WP1003!WP1014!hist14!CP1007,1
2026-07-17 15:29:56.2,1SCRA_IDSAV,SLPDI5416A,A IDMPR SCR SA PSG TO FG DUCT DP,,LOABS,SCR A IN DMPR SEAL DP LOW (SERV),ALM,5,1.96445,2,INH2O,!hist14!CP1016,2
2026-07-17 15:30:12.2,1SCRA_IDSAV,SLPDI5416A,A IDMPR SCR SA PSG TO FG DUCT DP,,LOABS,SCR A IN DMPR SEAL DP LOW (SERV),RTN,5,2.21738,2,INH2O,!hist14!CP1016,2
2026-07-17 15:30:23.2,1SCRA_IDSAV,SLPDI5416A,A IDMPR SCR SA PSG TO FG DUCT DP,,LOABS,SCR A IN DMPR SEAL DP LOW (SERV),ALM,5,1.9918,2,INH2O,!hist14!CP1016,2
2026-07-17 15:31:17.7,1SCRA_IDSAV,SLPDI5416A,A IDMPR SCR SA PSG TO FG DUCT DP,,LOABS,SCR A IN DMPR SEAL DP LOW (SERV),RTN,5,2.24219,2,INH2O,!hist14!CP1016,2
2026-07-17 15:31:25.1,1BCS_7,IKTE3751,REHEAT TEMP RIGHT (REDUNDANT),,HIABS,HIGH,RTN,1,1007.13,1012.18,DEG.F,!WP1002!WP1006!WP1007!WP1001!WP1003!WP1014!hist14!CP1007,1
2026-07-17 15:31:37.7,1SCRA_IDSAV,SLPDI5416A,A IDMPR SCR SA PSG TO FG DUCT DP,,LOABS,SCR A IN DMPR SEAL DP LOW (SERV),ALM,5,1.99199,2,INH2O,!hist14!CP1016,2
2026-07-17 15:32:08.6,1MISC,B143,AUX ATM VLV DEV ALM,,STATE,DEVIATION,ALM,5,,,,!WP1001!WP1002!WP1003!WP1006!WP1007!WP1014!hist14!CP1002,1
2026-07-17 15:32:16.2,1SCRA_IDSAV,SLPDI5416A,A IDMPR SCR SA PSG TO FG DUCT DP,,LOABS,SCR A IN DMPR SEAL DP LOW (SERV),RTN,5,2.20742,2,INH2O,!hist14!CP1016,2
2026-07-17 15:32:23.2,1SCRA_IDSAV,SLPDI5416A,A IDMPR SCR SA PSG TO FG DUCT DP,,LOABS,SCR A IN DMPR SEAL DP LOW (SERV),ALM,5,1.99199,2,INH2O,!hist14!CP1016,2
2026-07-17 15:32:30.7,1SCRA_IDSAV,SLPDI5416A,A IDMPR SCR SA PSG TO FG DUCT DP,,LOABS,SCR A IN DMPR SEAL DP LOW (SERV),RTN,5,2.23223,2,INH2O,!hist14!CP1016,2
2026-07-17 15:32:38.7,1SCRA_IDSAV,SLPDI5416A,A IDMPR SCR SA PSG TO FG DUCT DP,,LOABS,SCR A IN DMPR SEAL DP LOW (SERV),ALM,5,1.99609,2,INH2O,!hist14!CP1016,2
2026-07-17 15:33:03.7,1SCRA_IDSAV,SLPDI5416A,A IDMPR SCR SA PSG TO FG DUCT DP,,LOABS,SCR A IN DMPR SEAL DP LOW (SERV),RTN,5,2.23184,2,INH2O,!hist14!CP1016,2
2026-07-17 15:33:03.1,1GS_A,BLEED_FAIL,BLEED SYSTEM A FAILURE,,STATE,BLEED SYSTEM A NORMAL,RTN,3,,,,!WP1001!WP1002!WP1003!WP1006!WP1007!WP1014!hist14!CP1017,1
2026-07-17 15:33:13.2,1SCRA_IDSAV,SLPDI5416A,A IDMPR SCR SA PSG TO FG DUCT DP,,LOABS,SCR A IN DMPR SEAL DP LOW (SERV),ALM,5,1.99141,2,INH2O,!hist14!CP1016,2
2026-07-17 15:33:27.7,1SCRA_IDSAV,SLPDI5416A,A IDMPR SCR SA PSG TO FG DUCT DP,,LOABS,SCR A IN DMPR SEAL DP LOW (SERV),RTN,5,2.21816,2,INH2O,!hist14!CP1016,2
2026-07-17 15:33:42.2,1SCRA_IDSAV,SLPDI5416A,A IDMPR SCR SA PSG TO FG DUCT DP,,LOABS,SCR A IN DMPR SEAL DP LOW (SERV),ALM,5,1.98984,2,INH2O,!hist14!CP1016,2
2026-07-17 15:34:10.2,1SCRA_IDSAV,SLPDI5416A,A IDMPR SCR SA PSG TO FG DUCT DP,,LOABS,SCR A IN DMPR SEAL DP LOW (SERV),RTN,5,2.21582,2,INH2O,!hist14!CP1016,2
2026-07-17 15:34:56.7,1SCRA_IDSAV,SLPDI5416A,A IDMPR SCR SA PSG TO FG DUCT DP,,LOABS,SCR A IN DMPR SEAL DP LOW (SERV),ALM,5,1.99063,2,INH2O,!hist14!CP1016,2
2026-07-17 15:35:53.2,1SCRA_IDSAV,SLPDI5416A,A IDMPR SCR SA PSG TO FG DUCT DP,,LOABS,SCR A IN DMPR SEAL DP LOW (SERV),RTN,5,2.20391,2,INH2O,!hist14!CP1016,2
2026-07-17 15:36:58.7,1SCRA_IDSAV,SLPDI5416A,A IDMPR SCR SA PSG TO FG DUCT DP,,LOABS,SCR A IN DMPR SEAL DP LOW (SERV),ALM,5,1.98789,2,INH2O,!hist14!CP1016,2
2026-07-17 15:37:15.2,1SCRA_IDSAV,SLPDI5416A,A IDMPR SCR SA PSG TO FG DUCT DP,,LOABS,SCR A IN DMPR SEAL DP LOW (SERV),RTN,5,2.21055,2,INH2O,!hist14!CP1016,2
2026-07-17 15:37:28.2,1SCRA_IDSAV,SLPDI5416A,A IDMPR SCR SA PSG TO FG DUCT DP,,LOABS,SCR A IN DMPR SEAL DP LOW (SERV),ALM,5,1.9957,2,INH2O,!hist14!CP1016,2
2026-07-17 15:37:33.2,1SCRA_IDSAV,SLPDI5416A,A IDMPR SCR SA PSG TO FG DUCT DP,,LOABS,SCR A IN DMPR SEAL DP LOW (SERV),RTN,5,2.20605,2,INH2O,!hist14!CP1016,2
2026-07-17 15:38:07.2,1SCR_B_PRESS,FGPDI5228B,SCR B CAT LAYER 4 DP,1SR114 PNT 4,HHABS,HI HI DP,ALM,1,1.7001,1.7,INH2O,!WP1001!WP1002!WP1003!WP1006!WP1007!WP1014!hist14!CP1016,1
2026-07-17 15:39:22.2,1SCRA_IDSAV,SLPDI5416A,A IDMPR SCR SA PSG TO FG DUCT DP,,LOABS,SCR A IN DMPR SEAL DP LOW (SERV),ALM,5,1.96973,2,INH2O,!hist14!CP1016,2
2026-07-17 15:39:43.7,1SCRA_IDSAV,SLPDI5416A,A IDMPR SCR SA PSG TO FG DUCT DP,,LOABS,SCR A IN DMPR SEAL DP LOW (SERV),RTN,5,2.20547,2,INH2O,!hist14!CP1016,2
2026-07-17 15:39:49.2,1SCRA_IDSAV,SLPDI5416A,A IDMPR SCR SA PSG TO FG DUCT DP,,LOABS,SCR A IN DMPR SEAL DP LOW (SERV),ALM,5,1.99512,2,INH2O,!hist14!CP1016,2
2026-07-17 15:40:06.2,1SCRA_IDSAV,SLPDI5416A,A IDMPR SCR SA PSG TO FG DUCT DP,,LOABS,SCR A IN DMPR SEAL DP LOW (SERV),RTN,5,2.22148,2,INH2O,!hist14!CP1016,2
2026-07-17 15:40:13.2,1SCRA_IDSAV,SLPDI5416A,A IDMPR SCR SA PSG TO FG DUCT DP,,LOABS,SCR A IN DMPR SEAL DP LOW (SERV),ALM,5,1.99922,2,INH2O,!hist14!CP1016,2
2026-07-17 15:40:37.2,1SCRA_IDSAV,SLPDI5416A,A IDMPR SCR SA PSG TO FG DUCT DP,,LOABS,SCR A IN DMPR SEAL DP LOW (SERV),RTN,5,2.20176,2,INH2O,!hist14!CP1016,2
2026-07-17 15:40:38.4,1WB_DEV,SOFA_ANY_DEV,SOFA ANY DEVIATION,,STATE,DEVIATION,ALM,5,,,DEGF,,0
2026-07-17 15:41:14.4,1WB_DEV,SOFA_ANY_DEV,SOFA ANY DEVIATION,,STATE,NORMAL,RTN,5,,,DEGF,,0
2026-07-17 15:41:45.8,1JMILL,LO_TSL,J PULV LUBE OIL   TEMP ALM,,LOABS,LOW PULV LUBE OIL TEMPERATURE,ALM,5,89.9609,90,DEGF,!WP1001!WP1002!WP1003!WP1006!WP1007!WP1014!hist14!CP1004,1
2026-07-17 15:42:23.1,1MELIM,ZDS5504,WET/DRY INTFC VLV  DM DEV,,HIDEV,HIGH DEVIATION ALARM,RTN,3,53.8125,57.5,%,!hist14!CP1017,2
2026-07-17 15:42:29.2,1SCRA_IDSAV,SLPDI5416A,A IDMPR SCR SA PSG TO FG DUCT DP,,LOABS,SCR A IN DMPR SEAL DP LOW (SERV),ALM,5,1.98125,2,INH2O,!hist14!CP1016,2
2026-07-17 15:42:38.7,1SCRA_IDSAV,SLPDI5416A,A IDMPR SCR SA PSG TO FG DUCT DP,,LOABS,SCR A IN DMPR SEAL DP LOW (SERV),RTN,5,2.20918,2,INH2O,!hist14!CP1016,2
2026-07-17 15:43:01.7,1SCRA_IDSAV,SLPDI5416A,A IDMPR SCR SA PSG TO FG DUCT DP,,LOABS,SCR A IN DMPR SEAL DP LOW (SERV),ALM,5,1.99043,2,INH2O,!hist14!CP1016,2
2026-07-17 15:43:24.7,1SCRA_IDSAV,SLPDI5416A,A IDMPR SCR SA PSG TO FG DUCT DP,,LOABS,SCR A IN DMPR SEAL DP LOW (SERV),RTN,5,2.22285,2,INH2O,!hist14!CP1016,2
2026-07-17 15:43:41.6,1TC,B21,DROOP ACTIVE,DROOP,STATE,NORMAL,RTN,5,,,,!hist14!CP1001,2
2026-07-17 15:43:41.1,1TC,B21,DROOP ACTIVE,DROOP,STATE,ACTIVE,ALM,5,,,,!hist14!CP1001,2
2026-07-17 15:43:43.1,1TC,B21,DROOP ACTIVE,DROOP,STATE,ACTIVE,ALM,5,,,,!hist14!CP1001,2
2026-07-17 15:43:54.1,1MELIM,ZDS5504,WET/DRY INTFC VLV  DM DEV,,HIDEV,HIGH DEVIATION ALARM,ALM,3,98.7676,5,%,!hist14!CP1017,2
2026-07-17 15:44:13.6,1TC,B21,DROOP ACTIVE,DROOP,STATE,NORMAL,RTN,5,,,,!hist14!CP1001,2
2026-07-17 15:44:15.1,1TC,B21,DROOP ACTIVE,DROOP,STATE,ACTIVE,ALM,5,,,,!hist14!CP1001,2
2026-07-17 15:44:16.6,1TC,B21,DROOP ACTIVE,DROOP,STATE,NORMAL,RTN,5,,,,!hist14!CP1001,2
2026-07-17 15:44:17.6,1TC,B21,DROOP ACTIVE,DROOP,STATE,ACTIVE,ALM,5,,,,!hist14!CP1001,2
2026-07-17 15:44:18.6,1TC,B21,DROOP ACTIVE,DROOP,STATE,NORMAL,RTN,5,,,,!hist14!CP1001,2
2026-07-17 15:44:59.6,1MH,B37,MILL H TEMP,,HIABS,>150 DEGF,RTN,1,144.795,150,DEGF,!WP1001!WP1002!WP1003!WP1006!WP1007!WP1014!hist14!CP1001,1
2026-07-17 15:46:47.4,1WB_DEV,SOFA_ANY_DEV,SOFA ANY DEVIATION,,STATE,DEVIATION,ALM,5,,,%,,0
2026-07-17 15:47:09.1,1MELIM,ZDS5504,WET/DRY INTFC VLV  DM DEV,,HIDEV,HIGH DEVIATION ALARM,RTN,3,53.8066,57.5,%,!hist14!CP1017,2
2026-07-17 15:47:26.2,IDFAN_PEEC,OPCY_ALM,PRECIP OUT > 50%,PRECIP OUTLET,STATE,ALARM,ALM,3,,,,!WP1001!WP1002!WP1003!WP1006!WP1007!WP1014!hist14!CP1003,1
2026-07-17 15:47:29.2,1SCRA_IDSAV,SLPDI5416A,A IDMPR SCR SA PSG TO FG DUCT DP,,LOABS,SCR A IN DMPR SEAL DP LOW (SERV),ALM,5,1.99785,2,INH2O,!hist14!CP1016,2
2026-07-17 15:47:37.2,1SCRA_IDSAV,SLPDI5416A,A IDMPR SCR SA PSG TO FG DUCT DP,,LOABS,SCR A IN DMPR SEAL DP LOW (SERV),RTN,5,2.21309,2,INH2O,!hist14!CP1016,2
2026-07-17 15:47:39.2,IDFAN_PEEC,OPCY_ALM,PRECIP OUT > 50%,PRECIP OUTLET,STATE,NORMAL,RTN,3,,,,!WP1001!WP1002!WP1003!WP1006!WP1007!WP1014!hist14!CP1003,1
2026-07-17 15:48:10.1,1MELIM,ZDS5504,WET/DRY INTFC VLV  DM DEV,,LODEV,LOW DEVIATION ALARM,ALM,3,-1.23828,95,%,!hist14!CP1017,2
2026-07-17 15:48:17.2,1SCRA_IDSAV,SLPDI5416A,A IDMPR SCR SA PSG TO FG DUCT DP,,LOABS,SCR A IN DMPR SEAL DP LOW (SERV),ALM,5,1.99492,2,INH2O,!hist14!CP1016,2
2026-07-17 15:48:21.7,1SCRA_IDSAV,SLPDI5416A,A IDMPR SCR SA PSG TO FG DUCT DP,,LOABS,SCR A IN DMPR SEAL DP LOW (SERV),RTN,5,2.20098,2,INH2O,!hist14!CP1016,2
2026-07-17 15:48:45.6,1MKVIE_ALM2,B1A,MARK VIE A BFPT GENERAL ALARM,,STATE,ALARM,ALM,1,,,,!WP1001!WP1002!WP1003!WP1006!WP1007!WP1014!hist14!CP1002,1
2026-07-17 15:48:45.6,1MKVIE_ALM2,B2A,MARK VIE B BFPT GENERAL ALARM,,STATE,ALARM,ALM,1,,,,!WP1001!WP1002!WP1003!WP1006!WP1007!WP1014!hist14!CP1002,1
2026-07-17 15:48:46.0,1DAS11,IVVH0031,BFP A INB BRG  X  VIB,1725,HIABS,HIGH,ALM,1,2.17629,2,MILS,!WP1002!WP1006!WP1007!WP1001!WP1003!WP1014!hist14!CP1008,1
2026-07-17 15:48:47.2,1BFA_GSM_ALM,BFA_ALM12,MARK VIE A BFPT ALARM,,STA_4,BENTLY VIBRATION ALARM,ALM,1,0,0,,!WP1001!WP1002!WP1003!WP1006!WP1007!WP1014!hist14!CP1011,1
2026-07-17 15:48:47.2,1BFB_GSM_ALM,BFB_ALM12,MARK VIE B BFPT ALARM,,STA_4,BENTLY VIBRATION ALARM,ALM,1,0,0,,!WP1001!WP1002!WP1003!WP1006!WP1007!WP1014!hist14!CP1011,1
2026-07-17 15:48:49.0,1DAS11,IVVH0441,BFP A INB BRG      Y  VIB,1726,HIABS,HIGH,ALM,1,2.1267,2,MILS,!WP1002!WP1006!WP1007!WP1001!WP1003!WP1014!hist14!CP1008,1
2026-07-17 15:49:03.0,1DAS11,IVVH0441,BFP A INB BRG      Y  VIB,1726,HIABS,HIGH,RTN,1,1.64986,2,MILS,!WP1002!WP1006!WP1007!WP1001!WP1003!WP1014!hist14!CP1008,1
2026-07-17 15:49:12.0,1DAS11,IVVH0441,BFP A INB BRG      Y  VIB,1726,HIABS,HIGH,ALM,1,2.12097,2,MILS,!WP1002!WP1006!WP1007!WP1001!WP1003!WP1014!hist14!CP1008,1
2026-07-17 15:49:15.0,1DAS11,IVVH0441,BFP A INB BRG      Y  VIB,1726,HIABS,HIGH,RTN,1,1.7376,2,MILS,!WP1002!WP1006!WP1007!WP1001!WP1003!WP1014!hist14!CP1008,1
2026-07-17 15:49:38.0,1DAS11,IVVH0441,BFP A INB BRG      Y  VIB,1726,HIABS,HIGH,ALM,1,2.08855,2,MILS,!WP1002!WP1006!WP1007!WP1001!WP1003!WP1014!hist14!CP1008,1
2026-07-17 15:49:39.0,1DAS11,IVVH0441,BFP A INB BRG      Y  VIB,1726,HIABS,HIGH,RTN,1,1.71089,2,MILS,!WP1002!WP1006!WP1007!WP1001!WP1003!WP1014!hist14!CP1008,1
2026-07-17 15:49:42.7,1BFA_GSM_ALM,BFA_ALM12,MARK VIE A BFPT ALARM,,STA_4,BENTLY VIBRATION OK,RTN,1,0,0,,!WP1001!WP1002!WP1003!WP1006!WP1007!WP1014!hist14!CP1011,1
2026-07-17 15:49:42.7,1BFB_GSM_ALM,BFB_ALM12,MARK VIE B BFPT ALARM,,STA_4,BENTLY VIBRATION OK,RTN,1,0,0,,!WP1001!WP1002!WP1003!WP1006!WP1007!WP1014!hist14!CP1011,1
2026-07-17 15:49:45.6,1MKVIE_ALM2,B1A,MARK VIE A BFPT GENERAL ALARM,,STATE,NORMAL,RTN,1,,,,!WP1001!WP1002!WP1003!WP1006!WP1007!WP1014!hist14!CP1002,1
2026-07-17 15:49:45.6,1MKVIE_ALM2,B2A,MARK VIE B BFPT GENERAL ALARM,,STATE,NORMAL,RTN,1,,,,!WP1001!WP1002!WP1003!WP1006!WP1007!WP1014!hist14!CP1002,1
2026-07-17 15:49:53.0,1DAS11,IVVH0031,BFP A INB BRG  X  VIB,1725,HIABS,HIGH,RTN,1,1.7128,2,MILS,!WP1002!WP1006!WP1007!WP1001!WP1003!WP1014!hist14!CP1008,1
2026-07-17 15:50:51.6,1MISC,B143,AUX ATM VLV DEV ALM,,STATE,NORMAL,RTN,5,,,,!WP1001!WP1002!WP1003!WP1006!WP1007!WP1014!hist14!CP1002,1
2026-07-17 15:51:35.7,1SCRA_IDSAV,SLPDI5416A,A IDMPR SCR SA PSG TO FG DUCT DP,,LOABS,SCR A IN DMPR SEAL DP LOW (SERV),ALM,5,1.99141,2,INH2O,!hist14!CP1016,2
2026-07-17 15:51:46.2,1SCRA_IDSAV,SLPDI5416A,A IDMPR SCR SA PSG TO FG DUCT DP,,LOABS,SCR A IN DMPR SEAL DP LOW (SERV),RTN,5,2.21484,2,INH2O,!hist14!CP1016,2
2026-07-17 15:51:47.1,1ULD,B3_ALM,BLOCK LOAD INC/DEC ALM,,STATE,BLOCK LOAD INCREASE/DECREASE,ALM,3,,,,!WP1001!WP1002!WP1003!WP1006!WP1007!WP1014!hist14!CP1001,1
2026-07-17 15:51:56.6,1ULD,B3_ALM,BLOCK LOAD INC/DEC ALM,,STATE,LOAD BLOCK NOT IN SERVICE,RTN,3,,,,!WP1001!WP1002!WP1003!WP1006!WP1007!WP1014!hist14!CP1001,1
2026-07-17 15:52:40.2,1SCRA_IDSAV,SLPDI5416A,A IDMPR SCR SA PSG TO FG DUCT DP,,LOABS,SCR A IN DMPR SEAL DP LOW (SERV),ALM,5,1.99336,2,INH2O,!hist14!CP1016,2
2026-07-17 15:53:07.7,1SCRA_IDSAV,SLPDI5416A,A IDMPR SCR SA PSG TO FG DUCT DP,,LOABS,SCR A IN DMPR SEAL DP LOW (SERV),RTN,5,2.22227,2,INH2O,!hist14!CP1016,2
2026-07-17 15:53:24.2,1SCRA_IDSAV,SLPDI5416A,A IDMPR SCR SA PSG TO FG DUCT DP,,LOABS,SCR A IN DMPR SEAL DP LOW (SERV),ALM,5,1.98789,2,INH2O,!hist14!CP1016,2
2026-07-17 15:53:34.2,1SCRA_IDSAV,SLPDI5416A,A IDMPR SCR SA PSG TO FG DUCT DP,,LOABS,SCR A IN DMPR SEAL DP LOW (SERV),RTN,5,2.20156,2,INH2O,!hist14!CP1016,2
2026-07-17 15:54:04.6,1TC,B21,DROOP ACTIVE,DROOP,STATE,ACTIVE,ALM,5,,,,!hist14!CP1001,2
2026-07-17 15:54:08.7,1SCRA_IDSAV,SLPDI5416A,A IDMPR SCR SA PSG TO FG DUCT DP,,LOABS,SCR A IN DMPR SEAL DP LOW (SERV),ALM,5,1.98027,2,INH2O,!hist14!CP1016,2
2026-07-17 15:54:12.7,1SCRA_IDSAV,SLPDI5416A,A IDMPR SCR SA PSG TO FG DUCT DP,,LOABS,SCR A IN DMPR SEAL DP LOW (SERV),RTN,5,2.22656,2,INH2O,!hist14!CP1016,2
2026-07-17 15:54:21.2,1SCRA_IDSAV,SLPDI5416A,A IDMPR SCR SA PSG TO FG DUCT DP,,LOABS,SCR A IN DMPR SEAL DP LOW (SERV),ALM,5,1.99473,2,INH2O,!hist14!CP1016,2
2026-07-17 15:54:38.6,1TC,B21,DROOP ACTIVE,DROOP,STATE,NORMAL,RTN,5,,,,!hist14!CP1001,2
2026-07-17 15:55:09.7,1SCRA_IDSAV,SLPDI5416A,A IDMPR SCR SA PSG TO FG DUCT DP,,LOABS,SCR A IN DMPR SEAL DP LOW (SERV),RTN,5,2.20469,2,INH2O,!hist14!CP1016,2
2026-07-17 15:55:16.2,1SCRA_IDSAV,SLPDI5416A,A IDMPR SCR SA PSG TO FG DUCT DP,,LOABS,SCR A IN DMPR SEAL DP LOW (SERV),ALM,5,1.99863,2,INH2O,!hist14!CP1016,2
2026-07-17 15:55:21.2,1SCRA_IDSAV,SLPDI5416A,A IDMPR SCR SA PSG TO FG DUCT DP,,LOABS,SCR A IN DMPR SEAL DP LOW (SERV),RTN,5,2.22832,2,INH2O,!hist14!CP1016,2
2026-07-17 15:55:33.2,1SCRA_IDSAV,SLPDI5416A,A IDMPR SCR SA PSG TO FG DUCT DP,,LOABS,SCR A IN DMPR SEAL DP LOW (SERV),ALM,5,1.97598,2,INH2O,!hist14!CP1016,2
2026-07-17 15:56:05.2,1BCS_7,IKTE3751,REHEAT TEMP RIGHT (REDUNDANT),,HIABS,HIGH,ALM,1,1012.2,1012.18,DEG.F,!WP1002!WP1006!WP1007!WP1001!WP1003!WP1014!hist14!CP1007,1
2026-07-17 15:56:45.7,1BCS_7,IKTE3451,REHEAT TEMP RIGHT (NORM),,HIABS,HIGH,ALM,1,1012.22,1012.18,DEG.F,!WP1002!WP1006!WP1007!WP1001!WP1003!WP1014!hist14!CP1007,1
2026-07-17 15:57:05.4,1WB_DEV,SOFA_ANY_DEV,SOFA ANY DEVIATION,,STATE,NORMAL,RTN,5,,,,,0
2026-07-17 15:58:04.6,1MISC,B143,AUX ATM VLV DEV ALM,,STATE,DEVIATION,ALM,5,,,,!WP1001!WP1002!WP1003!WP1006!WP1007!WP1014!hist14!CP1002,1
2026-07-17 15:58:19.2,1BCS_7,IKTE3451,REHEAT TEMP RIGHT (NORM),,HIABS,HIGH,RTN,1,1007.16,1012.18,DEG.F,!WP1002!WP1006!WP1007!WP1001!WP1003!WP1014!hist14!CP1007,1
2026-07-17 15:58:28.7,1BCS_7,IKTE3751,REHEAT TEMP RIGHT (REDUNDANT),,HIABS,HIGH,RTN,1,1007.16,1012.18,DEG.F,!WP1002!WP1006!WP1007!WP1001!WP1003!WP1014!hist14!CP1007,1
2026-07-17 15:58:46.5,1DAS10,IACE3001,COND MAKE-UP      CATION CNDCT,,HIABS,HIGH,RTN,1,0.279629,0.3,US/CM,!WP1002!WP1006!WP1007!WP1001!WP1003!WP1014!hist14!CP1008,1
2026-07-17 15:58:47.7,1BCS_7,IKTE3461,MAIN STEAM TEMP. LEFT (NORM),,HIABS,HIGH,ALM,1,1017.94,1017.93,DEG.F,,0
2026-07-17 15:59:46.7,1BCS_7,IKTE3741,REHEAT TEMP LEFT (REDUNDANT),,HIABS,HIGH,ALM,1,1012.21,1012.18,DEG.F,!WP1002!WP1006!WP1007!WP1001!WP1003!WP1014!hist14!CP1007,1
2026-07-17 15:59:47.6,1AR_LS,DEV_5803,LS SYS B,,STATE,VALVE 5803 DEVIATION,ALM,3,,,,!WP1001!WP1002!WP1003!WP1006!WP1007!WP1014!hist14!CP1017,1
2026-07-17 16:00:28.2,1BCS_7,IKTE3441,REHEAT TEMP LEFT (NORM),,HIABS,HIGH,ALM,1,1012.19,1012.18,DEG.F,!WP1002!WP1006!WP1007!WP1001!WP1003!WP1014!hist14!CP1007,1
2026-07-17 16:00:36.2,1SCRA_IDSAV,SLPDI5416A,A IDMPR SCR SA PSG TO FG DUCT DP,,LOABS,SCR A IN DMPR SEAL DP LOW (SERV),RTN,5,2.20977,2,INH2O,!hist14!CP1016,2
2026-07-17 16:00:47.1,1AR_LS,DEV_5803,LS SYS B,,STATE,,RTN,3,,,,!WP1001!WP1002!WP1003!WP1006!WP1007!WP1014!hist14!CP1017,1
2026-07-17 16:02:20.7,1SCRA_IDSAV,SLPDI5416A,A IDMPR SCR SA PSG TO FG DUCT DP,,LOABS,SCR A IN DMPR SEAL DP LOW (SERV),ALM,5,1.99395,2,INH2O,!hist14!CP1016,2
2026-07-17 16:02:26.7,1SCRA_IDSAV,SLPDI5416A,A IDMPR SCR SA PSG TO FG DUCT DP,,LOABS,SCR A IN DMPR SEAL DP LOW (SERV),RTN,5,2.22656,2,INH2O,!hist14!CP1016,2
2026-07-17 16:02:31.2,1BCS_7,IKTE3441,REHEAT TEMP LEFT (NORM),,HIABS,HIGH,RTN,1,1007.16,1012.18,DEG.F,!WP1002!WP1006!WP1007!WP1001!WP1003!WP1014!hist14!CP1007,1
2026-07-17 16:02:36.4,1WB_DEV,SOFA_ANY_DEV,SOFA ANY DEVIATION,,STATE,DEVIATION,ALM,5,,,DEG.F,,0
2026-07-17 16:02:38.7,1BCS_7,IKTE3741,REHEAT TEMP LEFT (REDUNDANT),,HIABS,HIGH,RTN,1,1007.17,1012.18,DEG.F,!WP1002!WP1006!WP1007!WP1001!WP1003!WP1014!hist14!CP1007,1
2026-07-17 16:02:46.2,1SCRA_IDSAV,SLPDI5416A,A IDMPR SCR SA PSG TO FG DUCT DP,,LOABS,SCR A IN DMPR SEAL DP LOW (SERV),ALM,5,1.99883,2,INH2O,!hist14!CP1016,2
2026-07-17 16:02:53.7,1SCRA_IDSAV,SLPDI5416A,A IDMPR SCR SA PSG TO FG DUCT DP,,LOABS,SCR A IN DMPR SEAL DP LOW (SERV),RTN,5,2.20176,2,INH2O,!hist14!CP1016,2
2026-07-17 16:03:08.1,1TC,B21,DROOP ACTIVE,DROOP,STATE,ACTIVE,ALM,5,,,,!hist14!CP1001,2
2026-07-17 16:03:09.1,1TC,B21,DROOP ACTIVE,DROOP,STATE,NORMAL,RTN,5,,,,!hist14!CP1001,2
2026-07-17 16:03:13.7,1BCS_7,IKTE3461,MAIN STEAM TEMP. LEFT (NORM),,HIABS,HIGH,RTN,1,1012.91,1017.93,DEG.F,,0
2026-07-17 16:03:13.7,1SCRA_IDSAV,SLPDI5416A,A IDMPR SCR SA PSG TO FG DUCT DP,,LOABS,SCR A IN DMPR SEAL DP LOW (SERV),ALM,5,1.99434,2,INH2O,!hist14!CP1016,2
2026-07-17 16:03:35.2,1SCRA_IDSAV,SLPDI5416A,A IDMPR SCR SA PSG TO FG DUCT DP,,LOABS,SCR A IN DMPR SEAL DP LOW (SERV),RTN,5,2.2002,2,INH2O,!hist14!CP1016,2
2026-07-17 16:03:42.7,1SCRA_IDSAV,SLPDI5416A,A IDMPR SCR SA PSG TO FG DUCT DP,,LOABS,SCR A IN DMPR SEAL DP LOW (SERV),ALM,5,1.97988,2,INH2O,!hist14!CP1016,2
2026-07-17 16:03:49.2,1SCRA_IDSAV,SLPDI5416A,A IDMPR SCR SA PSG TO FG DUCT DP,,LOABS,SCR A IN DMPR SEAL DP LOW (SERV),RTN,5,2.2,2,INH2O,!hist14!CP1016,2
2026-07-17 16:04:13.7,1SCRA_IDSAV,SLPDI5416A,A IDMPR SCR SA PSG TO FG DUCT DP,,LOABS,SCR A IN DMPR SEAL DP LOW (SERV),ALM,5,1.98145,2,INH2O,!hist14!CP1016,2
2026-07-17 16:04:35.7,1SCRA_IDSAV,SLPDI5416A,A IDMPR SCR SA PSG TO FG DUCT DP,,LOABS,SCR A IN DMPR SEAL DP LOW (SERV),RTN,5,2.20078,2,INH2O,!hist14!CP1016,2
2026-07-17 16:04:47.2,1SCRA_IDSAV,SLPDI5416A,A IDMPR SCR SA PSG TO FG DUCT DP,,LOABS,SCR A IN DMPR SEAL DP LOW (SERV),ALM,5,1.98555,2,INH2O,!hist14!CP1016,2
2026-07-17 16:05:02.7,1SCRA_IDSAV,SLPDI5416A,A IDMPR SCR SA PSG TO FG DUCT DP,,LOABS,SCR A IN DMPR SEAL DP LOW (SERV),RTN,5,2.23438,2,INH2O,!hist14!CP1016,2
2026-07-17 16:05:32.5,1AB_EXTRACT,ABPDI5051,ASH CLR EXTR      DIFF PRESS,,IOBAD,BAD CHANNEL,RTN,3,,,,!WP1002!WP1011!WP1001!hist14!CP1020,1
2026-07-17 16:07:37.2,1SCRA_IDSAV,SLPDI5416A,A IDMPR SCR SA PSG TO FG DUCT DP,,LOABS,SCR A IN DMPR SEAL DP LOW (SERV),ALM,5,1.9834,2,INH2O,!hist14!CP1016,2
2026-07-17 16:07:51.7,1SCRA_IDSAV,SLPDI5416A,A IDMPR SCR SA PSG TO FG DUCT DP,,LOABS,SCR A IN DMPR SEAL DP LOW (SERV),RTN,5,2.22012,2,INH2O,!hist14!CP1016,2
2026-07-17 16:08:15.2,1SCRA_IDSAV,SLPDI5416A,A IDMPR SCR SA PSG TO FG DUCT DP,,LOABS,SCR A IN DMPR SEAL DP LOW (SERV),ALM,5,1.99922,2,INH2O,!hist14!CP1016,2
2026-07-17 16:08:24.2,1SCRA_IDSAV,SLPDI5416A,A IDMPR SCR SA PSG TO FG DUCT DP,,LOABS,SCR A IN DMPR SEAL DP LOW (SERV),RTN,5,2.20449,2,INH2O,!hist14!CP1016,2
2026-07-17 16:09:18.2,1SCRA_IDSAV,SLPDI5416A,A IDMPR SCR SA PSG TO FG DUCT DP,,LOABS,SCR A IN DMPR SEAL DP LOW (SERV),ALM,5,1.99551,2,INH2O,!hist14!CP1016,2
2026-07-17 16:10:13.5,1DAS10,IACE3001,COND MAKE-UP      CATION CNDCT,,HIABS,HIGH,ALM,1,0.300195,0.3,US/CM,!WP1002!WP1006!WP1007!WP1001!WP1003!WP1014!hist14!CP1008,1
2026-07-17 16:10:14.7,1SCRA_IDSAV,SLPDI5416A,A IDMPR SCR SA PSG TO FG DUCT DP,,LOABS,SCR A IN DMPR SEAL DP LOW (SERV),RTN,5,2.20215,2,INH2O,!hist14!CP1016,2
2026-07-17 16:10:37.2,1SCRA_IDSAV,SLPDI5416A,A IDMPR SCR SA PSG TO FG DUCT DP,,LOABS,SCR A IN DMPR SEAL DP LOW (SERV),ALM,5,1.97656,2,INH2O,!hist14!CP1016,2
2026-07-17 16:10:42.7,1SCRA_IDSAV,SLPDI5416A,A IDMPR SCR SA PSG TO FG DUCT DP,,LOABS,SCR A IN DMPR SEAL DP LOW (SERV),RTN,5,2.20234,2,INH2O,!hist14!CP1016,2
2026-07-17 16:10:54.7,1SCRA_IDSAV,SLPDI5416A,A IDMPR SCR SA PSG TO FG DUCT DP,,LOABS,SCR A IN DMPR SEAL DP LOW (SERV),ALM,5,1.96836,2,INH2O,!hist14!CP1016,2
2026-07-17 16:12:47.7,1SCRA_IDSAV,SLPDI5416A,A IDMPR SCR SA PSG TO FG DUCT DP,,LOABS,SCR A IN DMPR SEAL DP LOW (SERV),RTN,5,2.21406,2,INH2O,!hist14!CP1016,2
2026-07-17 16:12:58.2,1SCRA_IDSAV,SLPDI5416A,A IDMPR SCR SA PSG TO FG DUCT DP,,LOABS,SCR A IN DMPR SEAL DP LOW (SERV),ALM,5,1.99922,2,INH2O,!hist14!CP1016,2
2026-07-17 16:13:31.7,PAC_PLC,ACI_FDR_A_TR,ACI FDR A AC-WIC-5007 TRBLE ALM,,CHANGE,PAC FEEDER A TROUBLE,ALM,1,,,,!WP1001!WP1002!WP1003!WP1006!WP1007!WP1014!hist14!CP1003,1
2026-07-17 16:13:31.7,PAC_PLC,ACI_FDR_A_TR,ACI FDR A AC-WIC-5007 TRBLE ALM,,CHANGE,PAC FEEDER A TROUBLE,ALM,1,,,,!WP1001!WP1002!WP1003!WP1006!WP1007!WP1014!hist14!CP1003,1
2026-07-17 16:13:32.7,PAC_PLC,ACI_FDR_A_TR,ACI FDR A AC-WIC-5007 TRBLE ALM,,CHANGE,PAC FEEDER A TROUBLE,ALM,1,,,,!WP1001!WP1002!WP1003!WP1006!WP1007!WP1014!hist14!CP1003,1
2026-07-17 16:13:32.7,PAC_PLC,ACI_FDR_A_TR,ACI FDR A AC-WIC-5007 TRBLE ALM,,CHANGE,PAC FEEDER A TROUBLE,ALM,1,,,,!WP1001!WP1002!WP1003!WP1006!WP1007!WP1014!hist14!CP1003,1
2026-07-17 16:15:16.2,1SCRA_IDSAV,SLPDI5416A,A IDMPR SCR SA PSG TO FG DUCT DP,,LOABS,SCR A IN DMPR SEAL DP LOW (SERV),RTN,5,2.20645,2,INH2O,!hist14!CP1016,2
2026-07-17 16:15:32.7,1SCRA_IDSAV,SLPDI5416A,A IDMPR SCR SA PSG TO FG DUCT DP,,LOABS,SCR A IN DMPR SEAL DP LOW (SERV),ALM,5,1.98184,2,INH2O,!hist14!CP1016,2
2026-07-17 16:15:42.2,1SCRA_IDSAV,SLPDI5416A,A IDMPR SCR SA PSG TO FG DUCT DP,,LOABS,SCR A IN DMPR SEAL DP LOW (SERV),RTN,5,2.23496,2,INH2O,!hist14!CP1016,2
2026-07-17 16:16:20.7,1SCRA_IDSAV,SLPDI5416A,A IDMPR SCR SA PSG TO FG DUCT DP,,LOABS,SCR A IN DMPR SEAL DP LOW (SERV),ALM,5,1.99668,2,INH2O,!hist14!CP1016,2
2026-07-17 16:16:31.2,1SCRA_IDSAV,SLPDI5416A,A IDMPR SCR SA PSG TO FG DUCT DP,,LOABS,SCR A IN DMPR SEAL DP LOW (SERV),RTN,5,2.21875,2,INH2O,!hist14!CP1016,2
2026-07-17 16:17:10.1,1SOECIN,B2,CEMS GENERAL ALARM,CEMS GENERAL,STATE,CEMS GENERAL ALARM,ALM,1,,,,!WP1001!WP1002!WP1003!WP1006!WP1007!WP1014!hist14!CP1005,1
2026-07-17 16:17:54.0,1TWIP,DIFFALM2,REHEAT BOWL DEVIATION ALM,,HIABS,TWIP ALARM 50 DEG DEVIATION,ALM,3,231.852,50,DEG,!WP1002!WP1006!WP1007!WP1001!WP1003!WP1014!hist14!CP1006,1
2026-07-17 16:17:54.0,1TWIP,DIFFALM2,REHEAT BOWL DEVIATION ALM,,HHABS,TWIP ALARM 75 DEG DEVIATION,ALM,1,231.852,75,DEG,!WP1002!WP1006!WP1007!WP1001!WP1003!WP1014!hist14!CP1006,1
2026-07-17 16:17:57.4,1WB_DEV,SOFA_ANY_DEV,SOFA ANY DEVIATION,,STATE,NORMAL,RTN,5,,,INH2O,,0
2026-07-17 16:18:03.7,1SCRA_IDSAV,SLPDI5416A,A IDMPR SCR SA PSG TO FG DUCT DP,,LOABS,SCR A IN DMPR SEAL DP LOW (SERV),ALM,5,1.9959,2,INH2O,!hist14!CP1016,2
2026-07-17 16:18:05.0,1TWIP,DIFFALM2,REHEAT BOWL DEVIATION ALM,,HHABS,TWIP ALARM 75 DEG DEVIATION,RTN,1,72.3032,75,DEG,!WP1002!WP1006!WP1007!WP1001!WP1003!WP1014!hist14!CP1006,1
2026-07-17 16:18:06.0,1TWIP,DIFFALM2,REHEAT BOWL DEVIATION ALM,,HIABS,TWIP ALARM 50 DEG DEVIATION,RTN,3,15.3801,50,DEG,!WP1002!WP1006!WP1007!WP1001!WP1003!WP1014!hist14!CP1006,1
2026-07-17 16:18:10.7,1SCRA_IDSAV,SLPDI5416A,A IDMPR SCR SA PSG TO FG DUCT DP,,LOABS,SCR A IN DMPR SEAL DP LOW (SERV),RTN,5,2.22949,2,INH2O,!hist14!CP1016,2
2026-07-17 16:18:28.7,1SCRA_IDSAV,SLPDI5416A,A IDMPR SCR SA PSG TO FG DUCT DP,,LOABS,SCR A IN DMPR SEAL DP LOW (SERV),ALM,5,1.99824,2,INH2O,!hist14!CP1016,2
2026-07-17 16:18:47.2,1SCRA_IDSAV,SLPDI5416A,A IDMPR SCR SA PSG TO FG DUCT DP,,LOABS,SCR A IN DMPR SEAL DP LOW (SERV),RTN,5,2.20117,2,INH2O,!hist14!CP1016,2
2026-07-17 16:18:48.0,1DAS11,IAAH3281,COND PUMP DISCH   SILICA,1233,HIABS,HIGH,RTN,1,9.20117,10,ppb,!WP1002!WP1006!WP1007!WP1001!WP1003!WP1014!hist14!CP1008,1
2026-07-17 16:19:03.7,1SCRA_IDSAV,SLPDI5416A,A IDMPR SCR SA PSG TO FG DUCT DP,,LOABS,SCR A IN DMPR SEAL DP LOW (SERV),ALM,5,1.9998,2,INH2O,!hist14!CP1016,2
2026-07-17 16:19:12.7,1SCRA_IDSAV,SLPDI5416A,A IDMPR SCR SA PSG TO FG DUCT DP,,LOABS,SCR A IN DMPR SEAL DP LOW (SERV),RTN,5,2.20742,2,INH2O,!hist14!CP1016,2
2026-07-17 16:19:13.4,1WB_DEV,SOFA_ANY_DEV,SOFA ANY DEVIATION,,STATE,DEVIATION,ALM,5,,,INH2O,,0
2026-07-17 16:22:45.4,1WB_DEV,SOFA_ANY_DEV,SOFA ANY DEVIATION,,STATE,NORMAL,RTN,5,,,INH2O,,0
2026-07-17 16:23:14.2,1SCRA_IDSAV,SLPDI5416A,A IDMPR SCR SA PSG TO FG DUCT DP,,LOABS,SCR A IN DMPR SEAL DP LOW (SERV),ALM,5,1.99648,2,INH2O,!hist14!CP1016,2
2026-07-17 16:23:34.2,1SCRA_IDSAV,SLPDI5416A,A IDMPR SCR SA PSG TO FG DUCT DP,,LOABS,SCR A IN DMPR SEAL DP LOW (SERV),RTN,5,2.20527,2,INH2O,!hist14!CP1016,2
2026-07-17 16:24:15.2,1MISC,B10,COOLING TOWER LEVEL CONTROL,,LOOUT,,ALM,5,0,0.001,%,!WP1001!WP1002!WP1003!WP1006!WP1007!WP1014!hist14!CP1002,1
2026-07-17 16:24:18.4,1WB_DEV,SOFA_ANY_DEV,SOFA ANY DEVIATION,,STATE,DEVIATION,ALM,5,,,INH2O,,0
2026-07-17 16:24:48.7,1SCRA_IDSAV,SLPDI5416A,A IDMPR SCR SA PSG TO FG DUCT DP,,LOABS,SCR A IN DMPR SEAL DP LOW (SERV),ALM,5,1.98438,2,INH2O,!hist14!CP1016,2
2026-07-17 16:24:52.7,1SCRA_IDSAV,SLPDI5416A,A IDMPR SCR SA PSG TO FG DUCT DP,,LOABS,SCR A IN DMPR SEAL DP LOW (SERV),RTN,5,2.21523,2,INH2O,!hist14!CP1016,2
2026-07-17 16:25:35.6,1GS_A,BLEED_FAIL,BLEED SYSTEM A FAILURE,,STATE,BLEED SYSTEM A EQUIPMENT FAILURE,ALM,3,,,,!WP1001!WP1002!WP1003!WP1006!WP1007!WP1014!hist14!CP1017,1
2026-07-17 16:26:08.2,1SCRA_IDSAV,SLPDI5416A,A IDMPR SCR SA PSG TO FG DUCT DP,,LOABS,SCR A IN DMPR SEAL DP LOW (SERV),ALM,5,1.97324,2,INH2O,!hist14!CP1016,2
2026-07-17 16:26:19.2,1SCRA_IDSAV,SLPDI5416A,A IDMPR SCR SA PSG TO FG DUCT DP,,LOABS,SCR A IN DMPR SEAL DP LOW (SERV),RTN,5,2.22813,2,INH2O,!hist14!CP1016,2
2026-07-17 16:26:50.4,1WB_DEV,SOFA_ANY_DEV,SOFA ANY DEVIATION,,STATE,NORMAL,RTN,5,,,INH2O,,0
2026-07-17 16:27:51.4,1WB_DEV,SOFA_ANY_DEV,SOFA ANY DEVIATION,,STATE,DEVIATION,ALM,5,,,INH2O,,0
2026-07-17 16:27:59.4,1WB_DEV,SOFA_ANY_DEV,SOFA ANY DEVIATION,,STATE,NORMAL,RTN,5,,,INH2O,,0
2026-07-17 16:28:07.2,1SCR_B_PRESS,FGPDI5228B,SCR B CAT LAYER 4 DP,1SR114 PNT 4,HHABS,HI HI DP,RTN,1,1.19746,1.7,INH2O,!WP1001!WP1002!WP1003!WP1006!WP1007!WP1014!hist14!CP1016,1
2026-07-17 16:28:37.2,PAC_PLC,ACI_FDR_A_TR,ACI FDR A AC-WIC-5007 TRBLE ALM,,CHANGE,PAC FEEDER A TROUBLE,ALM,1,,,,!WP1001!WP1002!WP1003!WP1006!WP1007!WP1014!hist14!CP1003,1
2026-07-17 16:28:38.2,PAC_PLC,ACI_FDR_A_TR,ACI FDR A AC-WIC-5007 TRBLE ALM,,CHANGE,PAC FEEDER A TROUBLE,ALM,1,,,,!WP1001!WP1002!WP1003!WP1006!WP1007!WP1014!hist14!CP1003,1
2026-07-17 16:28:43.0,1DAS11,IAAH3281,COND PUMP DISCH   SILICA,1233,HIABS,HIGH,ALM,1,10.0098,10,ppb,!WP1002!WP1006!WP1007!WP1001!WP1003!WP1014!hist14!CP1008,1
2026-07-17 16:30:18.7,1SCRA_IDSAV,SLPDI5416A,A IDMPR SCR SA PSG TO FG DUCT DP,,LOABS,SCR A IN DMPR SEAL DP LOW (SERV),ALM,5,1.99219,2,INH2O,!hist14!CP1016,2
2026-07-17 16:30:28.4,1WB_DEV,SOFA_ANY_DEV,SOFA ANY DEVIATION,,STATE,DEVIATION,ALM,5,,,US/CM,,0
2026-07-17 16:30:28.7,1SCRA_IDSAV,SLPDI5416A,A IDMPR SCR SA PSG TO FG DUCT DP,,LOABS,SCR A IN DMPR SEAL DP LOW (SERV),RTN,5,2.21406,2,INH2O,!hist14!CP1016,2
2026-07-17 16:31:31.5,1DAS10,IACE3001,COND MAKE-UP      CATION CNDCT,,HIABS,HIGH,RTN,1,0.27998,0.3,US/CM,!WP1002!WP1006!WP1007!WP1001!WP1003!WP1014!hist14!CP1008,1
2026-07-17 16:32:47.8,1PDF,SLPSL0001,PULV LOW SEAL AIR HDR DIFF PRESS,,LOABS,PULV LOW SEAL AIR HDR DIFF PRESS,ALM,1,3.95566,4,INH2O,!WP1001!WP1002!WP1003!WP1006!WP1007!WP1014!hist14!CP1004,1
2026-07-17 16:32:53.8,1PDF,SLPSL0001,PULV LOW SEAL AIR HDR DIFF PRESS,,LOABS,PULV LOW SEAL AIR HDR DIFF PRESS,RTN,1,4.19063,4,INH2O,!WP1001!WP1002!WP1003!WP1006!WP1007!WP1014!hist14!CP1004,1
2026-07-17 16:33:05.6,1GS_A,BLEED_FAIL,BLEED SYSTEM A FAILURE,,STATE,BLEED SYSTEM A NORMAL,RTN,3,,,,!WP1001!WP1002!WP1003!WP1006!WP1007!WP1014!hist14!CP1017,1
2026-07-17 16:33:35.2,IDFAN_PEEC,OPCY_ALM,PRECIP OUT > 50%,PRECIP OUTLET,STATE,ALARM,ALM,3,,,,!WP1001!WP1002!WP1003!WP1006!WP1007!WP1014!hist14!CP1003,1
2026-07-17 16:33:40.7,IDFAN_PEEC,OPCY_ALM,PRECIP OUT > 50%,PRECIP OUTLET,STATE,NORMAL,RTN,3,,,,!WP1001!WP1002!WP1003!WP1006!WP1007!WP1014!hist14!CP1003,1
2026-07-17 16:35:24.7,1STM_GSM_ALM,STM_ALM2,MARK VIE STEAM SEAL ALARM,,STA_5,STM SEAL DIV VLV TO CNDR ALM,ALM,3,0,0,,!WP1001!WP1002!WP1003!WP1006!WP1007!WP1014!hist14!CP1011,1
2026-07-17 16:37:10.1,1AB_SURGEA,FCVA153AL,LINE A TO SILO    B,TRANSPORT LIN,STATE,FAIL,ALM,3,,,,!WP1002!WP1011!WP1001!hist14!CP1020,1
2026-07-17 16:37:12.1,1AB_SURGEA,FCVA153AL,LINE A TO SILO    B,TRANSPORT LIN,STATE,OK,RTN,3,,,,!WP1002!WP1011!WP1001!hist14!CP1020,1
2026-07-17 16:37:25.7,1MISC,B143,AUX ATM VLV DEV ALM,,STATE,NORMAL,RTN,5,,,,!WP1001!WP1002!WP1003!WP1006!WP1007!WP1014!hist14!CP1002,1
2026-07-17 16:40:08.1,1MELIM,ZDS5504,WET/DRY INTFC VLV  DM DEV,,LODEV,LOW DEVIATION ALARM,RTN,3,46.6133,42.5,%,!hist14!CP1017,2
2026-07-17 16:41:09.1,1MELIM,ZDS5504,WET/DRY INTFC VLV  DM DEV,,HIDEV,HIGH DEVIATION ALARM,ALM,3,98.7988,5,%,!hist14!CP1017,2
2026-07-17 16:42:28.1,1BWCP_PURGE,OUTLET_TEMP,BWCP PURGE COOLER OUTLET TEMP,,HIABS,,RTN,2,101.981,105,DEGF,!WP1001!WP1002!WP1003!WP1006!WP1007!WP1014!hist14!CP1005,1
2026-07-17 16:44:09.6,1MELIM,ZDS5504,WET/DRY INTFC VLV  DM DEV,,HIDEV,HIGH DEVIATION ALARM,RTN,3,53.8613,57.5,%,!hist14!CP1017,2
2026-07-17 16:45:40.6,1MELIM,ZDS5504,WET/DRY INTFC VLV  DM DEV,,HIDEV,HIGH DEVIATION ALARM,ALM,3,99.0742,5,%,!hist14!CP1017,2
2026-07-17 16:48:33.0,1DAS11,IAAH3281,COND PUMP DISCH   SILICA,1233,HIABS,HIGH,RTN,1,8.80859,10,ppb,!WP1002!WP1006!WP1007!WP1001!WP1003!WP1014!hist14!CP1008,1
2026-07-17 16:53:26.2,IDFAN_PEEC,OPCY_ALM,PRECIP OUT > 50%,PRECIP OUTLET,STATE,ALARM,ALM,3,,,,!WP1001!WP1002!WP1003!WP1006!WP1007!WP1014!hist14!CP1003,1
2026-07-17 16:53:30.2,IDFAN_PEEC,OPCY_ALM,PRECIP OUT > 50%,PRECIP OUTLET,STATE,NORMAL,RTN,3,,,,!WP1001!WP1002!WP1003!WP1006!WP1007!WP1014!hist14!CP1003,1
2026-07-17 16:55:42.1,1MELIM,SEQ1_ALMS,MIST ELIM VALVE FAIL ALARMS,ARXV5631F,STA_6,ARXV5631F FAILURE,ALM,1,784.453,0,,!WP1001!WP1002!WP1003!WP1006!WP1007!WP1014!hist14!CP1017,1
2026-07-17 16:56:28.6,1MELIM,SEQ1_ALMS,MIST ELIM VALVE FAIL ALARMS,ARXV5631F,STA_6,VLV FAILURE CLEAR,RTN,1,773.906,0,,!WP1001!WP1002!WP1003!WP1006!WP1007!WP1014!hist14!CP1017,1
2026-07-17 16:56:36.7,IDFAN_PEEC,OPCY_ALM,PRECIP OUT > 50%,PRECIP OUTLET,STATE,ALARM,ALM,3,,,,!WP1001!WP1002!WP1003!WP1006!WP1007!WP1014!hist14!CP1003,1
2026-07-17 16:56:44.2,IDFAN_PEEC,OPCY_ALM,PRECIP OUT > 50%,PRECIP OUTLET,STATE,NORMAL,RTN,3,,,,!WP1001!WP1002!WP1003!WP1006!WP1007!WP1014!hist14!CP1003,1
2026-07-17 16:58:36.1,1AB_PYR_SEQ,PYR_TIME,PULL PYRITE ALARM,,PTARG,PULL PYRITE ALARM,ALM,3,8.00026,8,HR,!WP1002!WP1011!WP1001!hist14!CP1020,1
2026-07-17 16:59:10.1,1MELIM,ZDS5504,WET/DRY INTFC VLV  DM DEV,,HIDEV,HIGH DEVIATION ALARM,RTN,3,53.9609,57.5,%,!hist14!CP1017,2
2026-07-17 16:59:48.6,1AR_LS,DEV_5803,LS SYS B,,STATE,VALVE 5803 DEVIATION,ALM,3,,,,!WP1001!WP1002!WP1003!WP1006!WP1007!WP1014!hist14!CP1017,1
2026-07-17 17:00:10.6,1MELIM,ME_FLOW,MIST ELIMINATOR WASH FLOW,,STATE,ME WASH LOW FLOW,ALM,3,,,,!hist14!CP1017,2
2026-07-17 17:00:38.6,1AR_LS,DEV_5803,LS SYS B,,STATE,,RTN,3,,,,!WP1001!WP1002!WP1003!WP1006!WP1007!WP1014!hist14!CP1017,1
2026-07-17 17:00:40.6,1MELIM,ME_FLOW,MIST ELIMINATOR WASH FLOW,,STATE,ME WASH FLOW OK,RTN,3,,,,!hist14!CP1017,2
2026-07-17 17:00:41.1,1MELIM,ZDS5504,WET/DRY INTFC VLV  DM DEV,,HIDEV,HIGH DEVIATION ALARM,ALM,3,98.9375,5,%,!hist14!CP1017,2
2026-07-17 17:01:38.7,1SCR_B_PRESS,FGPDI5228B,SCR B CAT LAYER 4 DP,1SR114 PNT 4,HHABS,HI HI DP,ALM,1,1.70002,1.7,INH2O,!WP1001!WP1002!WP1003!WP1006!WP1007!WP1014!hist14!CP1016,1
2026-07-17 17:05:42.2,IDFAN_PEEC,OPCY_ALM,PRECIP OUT > 50%,PRECIP OUTLET,STATE,ALARM,ALM,3,,,,!WP1001!WP1002!WP1003!WP1006!WP1007!WP1014!hist14!CP1003,1
2026-07-17 17:05:49.2,IDFAN_PEEC,OPCY_ALM,PRECIP OUT > 50%,PRECIP OUTLET,STATE,NORMAL,RTN,3,,,,!WP1001!WP1002!WP1003!WP1006!WP1007!WP1014!hist14!CP1003,1
2026-07-17 17:06:20.6,1TC,B21,DROOP ACTIVE,DROOP,STATE,ACTIVE,ALM,5,,,,!hist14!CP1001,2
2026-07-17 17:06:31.6,1TC,B21,DROOP ACTIVE,DROOP,STATE,NORMAL,RTN,5,,,,!hist14!CP1001,2
2026-07-17 17:11:48.6,1TC,B21,DROOP ACTIVE,DROOP,STATE,ACTIVE,ALM,5,,,,!hist14!CP1001,2
2026-07-17 17:12:06.6,1TC,B21,DROOP ACTIVE,DROOP,STATE,NORMAL,RTN,5,,,,!hist14!CP1001,2
2026-07-17 17:12:08.1,1TC,B21,DROOP ACTIVE,DROOP,STATE,ACTIVE,ALM,5,,,,!hist14!CP1001,2
2026-07-17 17:14:10.1,1MELIM,ZDS5504,WET/DRY INTFC VLV  DM DEV,,HIDEV,HIGH DEVIATION ALARM,RTN,3,54.0488,57.5,%,!hist14!CP1017,2
2026-07-17 17:14:17.6,1TC,B21,DROOP ACTIVE,DROOP,STATE,NORMAL,RTN,5,,,,!hist14!CP1001,2
2026-07-17 17:14:18.2,1MISC,B10,COOLING TOWER LEVEL CONTROL,,LOOUT,,RTN,5,3.05032,0.001,%,!WP1001!WP1002!WP1003!WP1006!WP1007!WP1014!hist14!CP1002,1
2026-07-17 17:14:55.1,1TC,B21,DROOP ACTIVE,DROOP,STATE,ACTIVE,ALM,5,,,,!hist14!CP1001,2
2026-07-17 17:15:13.1,1TC,B21,DROOP ACTIVE,DROOP,STATE,NORMAL,RTN,5,,,,!hist14!CP1001,2
2026-07-17 17:15:41.1,1MELIM,ZDS5504,WET/DRY INTFC VLV  DM DEV,,HIDEV,HIGH DEVIATION ALARM,ALM,3,99.1836,5,%,!hist14!CP1017,2
2026-07-17 17:17:11.2,1SCR_B_PRESS,FGPDI5228B,SCR B CAT LAYER 4 DP,1SR114 PNT 4,HHABS,HI HI DP,RTN,1,1.1997,1.7,INH2O,!WP1001!WP1002!WP1003!WP1006!WP1007!WP1014!hist14!CP1016,1
2026-07-17 17:17:37.6,1MELIM,ME_FLOW,MIST ELIMINATOR WASH FLOW,,STATE,ME WASH LOW FLOW,ALM,3,,,,!hist14!CP1017,2
2026-07-17 17:18:07.1,1MELIM,ME_FLOW,MIST ELIMINATOR WASH FLOW,,STATE,ME WASH FLOW OK,RTN,3,,,,!hist14!CP1017,2
2026-07-17 17:18:18.1,1DAS11,IAAH3281,COND PUMP DISCH   SILICA,1233,HIABS,HIGH,ALM,1,10.5293,10,ppb,!WP1002!WP1006!WP1007!WP1001!WP1003!WP1014!hist14!CP1008,1
2026-07-17 17:19:16.1,1DAS11,IACE3071,ECON FW CC HI CALL LAB ASAP,,HIABS,COND PUMP DIS CC HI.CALL LAB,ALM,1,0.200312,0.2,US/CM,!WP1002!WP1006!WP1007!WP1001!WP1003!WP1014!hist14!CP1008,1
2026-07-17 17:20:04.6,1TC,B21,DROOP ACTIVE,DROOP,STATE,ACTIVE,ALM,5,,,,!hist14!CP1001,2
2026-07-17 17:20:37.6,1TC,B21,DROOP ACTIVE,DROOP,STATE,NORMAL,RTN,5,,,,!hist14!CP1001,2
2026-07-17 17:20:51.6,1TC,B21,DROOP ACTIVE,DROOP,STATE,ACTIVE,ALM,5,,,,!hist14!CP1001,2
2026-07-17 17:20:52.6,1TC,B21,DROOP ACTIVE,DROOP,STATE,NORMAL,RTN,5,,,,!hist14!CP1001,2
2026-07-17 17:20:54.6,1TC,B21,DROOP ACTIVE,DROOP,STATE,ACTIVE,ALM,5,,,,!hist14!CP1001,2
2026-07-17 17:20:58.6,1TC,B21,DROOP ACTIVE,DROOP,STATE,NORMAL,RTN,5,,,,!hist14!CP1001,2
2026-07-17 17:21:00.1,1TC,B21,DROOP ACTIVE,DROOP,STATE,ACTIVE,ALM,5,,,,!hist14!CP1001,2
2026-07-17 17:21:03.6,1TC,B21,DROOP ACTIVE,DROOP,STATE,NORMAL,RTN,5,,,,!hist14!CP1001,2
2026-07-17 17:21:05.6,1TC,B21,DROOP ACTIVE,DROOP,STATE,ACTIVE,ALM,5,,,,!hist14!CP1001,2
2026-07-17 17:21:07.1,1TC,B21,DROOP ACTIVE,DROOP,STATE,NORMAL,RTN,5,,,,!hist14!CP1001,2
2026-07-17 17:23:41.2,PAC_PLC,ACI_FDR_A_TR,ACI FDR A AC-WIC-5007 TRBLE ALM,,CHANGE,PAC FEEDER A TROUBLE,ALM,1,,,,!WP1001!WP1002!WP1003!WP1006!WP1007!WP1014!hist14!CP1003,1
2026-07-17 17:23:41.2,PAC_PLC,ACI_FDR_A_TR,ACI FDR A AC-WIC-5007 TRBLE ALM,,CHANGE,PAC FEEDER A TROUBLE,ALM,1,,,,!WP1001!WP1002!WP1003!WP1006!WP1007!WP1014!hist14!CP1003,1
2026-07-17 17:23:48.2,PAC_PLC,ACI_FDR_A_TR,ACI FDR A AC-WIC-5007 TRBLE ALM,,CHANGE,PAC FEEDER A TROUBLE,ALM,1,,,,!WP1001!WP1002!WP1003!WP1006!WP1007!WP1014!hist14!CP1003,1
2026-07-17 17:23:48.2,PAC_PLC,ACI_FDR_A_TR,ACI FDR A AC-WIC-5007 TRBLE ALM,,CHANGE,PAC FEEDER A TROUBLE,ALM,1,,,,!WP1001!WP1002!WP1003!WP1006!WP1007!WP1014!hist14!CP1003,1
2026-07-17 17:23:50.2,PAC_PLC,ACI_FDR_A_TR,ACI FDR A AC-WIC-5007 TRBLE ALM,,CHANGE,PAC FEEDER A TROUBLE,ALM,1,,,,!WP1001!WP1002!WP1003!WP1006!WP1007!WP1014!hist14!CP1003,1
2026-07-17 17:23:50.2,PAC_PLC,ACI_FDR_A_TR,ACI FDR A AC-WIC-5007 TRBLE ALM,,CHANGE,PAC FEEDER A TROUBLE,ALM,1,,,,!WP1001!WP1002!WP1003!WP1006!WP1007!WP1014!hist14!CP1003,1
2026-07-17 17:23:53.2,PAC_PLC,ACI_FDR_A_TR,ACI FDR A AC-WIC-5007 TRBLE ALM,,CHANGE,PAC FEEDER A TROUBLE,ALM,1,,,,!WP1001!WP1002!WP1003!WP1006!WP1007!WP1014!hist14!CP1003,1
2026-07-17 17:23:53.2,PAC_PLC,ACI_FDR_A_TR,ACI FDR A AC-WIC-5007 TRBLE ALM,,CHANGE,PAC FEEDER A TROUBLE,ALM,1,,,,!WP1001!WP1002!WP1003!WP1006!WP1007!WP1014!hist14!CP1003,1
2026-07-17 17:24:07.6,1TC,B21,DROOP ACTIVE,DROOP,STATE,ACTIVE,ALM,5,,,,!hist14!CP1001,2
2026-07-17 17:24:08.6,1TC,B21,DROOP ACTIVE,DROOP,STATE,NORMAL,RTN,5,,,,!hist14!CP1001,2
2026-07-17 17:24:09.1,1TC,B21,DROOP ACTIVE,DROOP,STATE,ACTIVE,ALM,5,,,,!hist14!CP1001,2
2026-07-17 17:24:10.6,1TC,B21,DROOP ACTIVE,DROOP,STATE,NORMAL,RTN,5,,,,!hist14!CP1001,2
2026-07-17 17:24:11.1,1TC,B21,DROOP ACTIVE,DROOP,STATE,ACTIVE,ALM,5,,,,!hist14!CP1001,2
2026-07-17 17:24:44.6,1TC,B21,DROOP ACTIVE,DROOP,STATE,NORMAL,RTN,5,,,,!hist14!CP1001,2
2026-07-17 17:25:24.6,1GS_A,BLEED_FAIL,BLEED SYSTEM A FAILURE,,STATE,BLEED SYSTEM A EQUIPMENT FAILURE,ALM,3,,,,!WP1001!WP1002!WP1003!WP1006!WP1007!WP1014!hist14!CP1017,1
2026-07-17 17:28:10.1,1DAS11,IACE3071,ECON FW CC HI CALL LAB ASAP,,HIABS,COND PUMP DIS CC HI.CALL LAB,RTN,1,0.17998,0.2,US/CM,!WP1002!WP1006!WP1007!WP1001!WP1003!WP1014!hist14!CP1008,1
2026-07-17 17:29:03.7,1SCRA_IDSAV,SLPDI5416A,A IDMPR SCR SA PSG TO FG DUCT DP,,LOABS,SCR A IN DMPR SEAL DP LOW (SERV),ALM,5,1.99922,2,INH2O,!hist14!CP1016,2
2026-07-17 17:29:10.1,1MELIM,ZDS5504,WET/DRY INTFC VLV  DM DEV,,HIDEV,HIGH DEVIATION ALARM,RTN,3,54.1895,57.5,%,!hist14!CP1017,2
2026-07-17 17:29:21.2,1SCRA_IDSAV,SLPDI5416A,A IDMPR SCR SA PSG TO FG DUCT DP,,LOABS,SCR A IN DMPR SEAL DP LOW (SERV),RTN,5,2.20352,2,INH2O,!hist14!CP1016,2
2026-07-17 17:29:24.7,1STM_GSM_ALM,STM_ALM2,MARK VIE STEAM SEAL ALARM,,STA_5,STM SEAL DIV VLV TO CNDR OK,RTN,3,0,0,,!WP1001!WP1002!WP1003!WP1006!WP1007!WP1014!hist14!CP1011,1
2026-07-17 17:30:06.2,1MISC,B143,AUX ATM VLV DEV ALM,,STATE,DEVIATION,ALM,5,,,,!WP1001!WP1002!WP1003!WP1006!WP1007!WP1014!hist14!CP1002,1
2026-07-17 17:30:41.1,1MELIM,ZDS5504,WET/DRY INTFC VLV  DM DEV,,HIDEV,HIGH DEVIATION ALARM,ALM,3,99.1367,5,%,!hist14!CP1017,2
2026-07-17 17:31:29.7,1SCRA_IDSAV,SLPDI5416A,A IDMPR SCR SA PSG TO FG DUCT DP,,LOABS,SCR A IN DMPR SEAL DP LOW (SERV),ALM,5,1.98672,2,INH2O,!hist14!CP1016,2
2026-07-17 17:31:38.7,1SCRA_IDSAV,SLPDI5416A,A IDMPR SCR SA PSG TO FG DUCT DP,,LOABS,SCR A IN DMPR SEAL DP LOW (SERV),RTN,5,2.20156,2,INH2O,!hist14!CP1016,2
2026-07-17 17:32:37.2,1SCR_B_PRESS,FGPDI5228B,SCR B CAT LAYER 4 DP,1SR114 PNT 4,HHABS,HI HI DP,ALM,1,1.70094,1.7,INH2O,!WP1001!WP1002!WP1003!WP1006!WP1007!WP1014!hist14!CP1016,1
2026-07-17 17:33:08.1,1GS_A,BLEED_FAIL,BLEED SYSTEM A FAILURE,,STATE,BLEED SYSTEM A NORMAL,RTN,3,,,,!WP1001!WP1002!WP1003!WP1006!WP1007!WP1014!hist14!CP1017,1
2026-07-17 17:33:59.6,1TC,B21,DROOP ACTIVE,DROOP,STATE,ACTIVE,ALM,5,,,,!hist14!CP1001,2
2026-07-17 17:34:00.1,1TC,B21,DROOP ACTIVE,DROOP,STATE,NORMAL,RTN,5,,,,!hist14!CP1001,2
2026-07-17 17:34:02.1,1TC,B21,DROOP ACTIVE,DROOP,STATE,ACTIVE,ALM,5,,,,!hist14!CP1001,2
2026-07-17 17:34:13.2,1STM_GSM_ALM,STM_ALM2,MARK VIE STEAM SEAL ALARM,,STA_5,STM SEAL DIV VLV TO CNDR ALM,ALM,3,0,0,,!WP1001!WP1002!WP1003!WP1006!WP1007!WP1014!hist14!CP1011,1
2026-07-17 17:34:29.6,1TC,B21,DROOP ACTIVE,DROOP,STATE,NORMAL,RTN,5,,,,!hist14!CP1001,2
2026-07-17 17:38:08.1,1DAS11,IAAH3281,COND PUMP DISCH   SILICA,1233,HIABS,HIGH,RTN,1,8.38672,10,ppb,!WP1002!WP1006!WP1007!WP1001!WP1003!WP1014!hist14!CP1008,1
2026-07-17 17:44:02.1,1RPF_VIB,ARVI15554F,AR PMP F MTR IBRD SHAFT VIB-DE4,,HHABS,,RTN,1,4.4,4.5,MILS,!WP1001!WP1002!WP1003!WP1006!WP1007!WP1014!hist14!CP1017,1
2026-07-17 17:44:10.1,1MELIM,ZDS5504,WET/DRY INTFC VLV  DM DEV,,HIDEV,HIGH DEVIATION ALARM,RTN,3,54.209,57.5,%,!hist14!CP1017,2
2026-07-17 17:45:32.6,1NW_ESP_SMP,NWAI6702B,PRECIP SUMP PMP B DSCH PH,,IOBAD,BAD CHANNEL,RTN,3,,,,!WP1002!WP1011!WP1001!hist14!CP1020,1
2026-07-17 17:45:41.1,1MELIM,ZDS5504,WET/DRY INTFC VLV  DM DEV,,HIDEV,HIGH DEVIATION ALARM,ALM,3,99.1387,5,%,!hist14!CP1017,2
2026-07-17 17:47:03.1,1TC,B21,DROOP ACTIVE,DROOP,STATE,ACTIVE,ALM,5,,,,!hist14!CP1001,2
2026-07-17 17:47:05.6,1TC,B21,DROOP ACTIVE,DROOP,STATE,NORMAL,RTN,5,,,,!hist14!CP1001,2
2026-07-17 17:48:20.6,1NW_ESP_SMP,NWAI6702B,PRECIP SUMP PMP B DSCH PH,,IOBAD,BAD CHANNEL,ALM,3,,,,!WP1002!WP1011!WP1001!hist14!CP1020,1
2026-07-17 17:48:22.6,1NW_ESP_SMP,NWAI6702B,PRECIP SUMP PMP B DSCH PH,,IOBAD,BAD CHANNEL,RTN,3,,,,!WP1002!WP1011!WP1001!hist14!CP1020,1
2026-07-17 17:48:24.6,1NW_ESP_SMP,NWAI6702B,PRECIP SUMP PMP B DSCH PH,,IOBAD,BAD CHANNEL,ALM,3,,,,!WP1002!WP1011!WP1001!hist14!CP1020,1
2026-07-17 17:48:28.8,1SCR_B_PRESS,FGPDI5228B,SCR B CAT LAYER 4 DP,1SR114 PNT 4,HHABS,HI HI DP,RTN,1,1.19817,1.7,INH2O,!WP1001!WP1002!WP1003!WP1006!WP1007!WP1014!hist14!CP1016,1
2026-07-17 17:49:26.6,1MELIM,SEQ3_ALMS,MIST ELIM VALVE FAIL ALARMS,ARXV5622J,STA_3,ARXV5622J FAILURE,ALM,1,8.77432,0,,!WP1001!WP1002!WP1003!WP1006!WP1007!WP1014!hist14!CP1017,1
2026-07-17 17:50:11.6,1MELIM,SEQ3_ALMS,MIST ELIM VALVE FAIL ALARMS,ARXV5622J,STA_3,VLV FAILURE CLEAR,RTN,1,8.77432,0,,!WP1001!WP1002!WP1003!WP1006!WP1007!WP1014!hist14!CP1017,1
2026-07-17 17:51:33.1,1TC,B21,DROOP ACTIVE,DROOP,STATE,ACTIVE,ALM,5,,,,!hist14!CP1001,2
2026-07-17 17:51:34.6,1TC,B21,DROOP ACTIVE,DROOP,STATE,NORMAL,RTN,5,,,,!hist14!CP1001,2
2026-07-17 17:51:57.1,1TC,B21,DROOP ACTIVE,DROOP,STATE,ACTIVE,ALM,5,,,,!hist14!CP1001,2
2026-07-17 17:52:43.8,1SCRA_IDSAV,SLPDI5416A,A IDMPR SCR SA PSG TO FG DUCT DP,,LOABS,SCR A IN DMPR SEAL DP LOW (SERV),ALM,5,1.99805,2,INH2O,!hist14!CP1016,2
2026-07-17 17:52:47.1,1TC,B21,DROOP ACTIVE,DROOP,STATE,NORMAL,RTN,5,,,,!hist14!CP1001,2
2026-07-17 17:52:48.1,1TC,B21,DROOP ACTIVE,DROOP,STATE,ACTIVE,ALM,5,,,,!hist14!CP1001,2
2026-07-17 17:52:49.8,1SCRA_IDSAV,SLPDI5416A,A IDMPR SCR SA PSG TO FG DUCT DP,,LOABS,SCR A IN DMPR SEAL DP LOW (SERV),RTN,5,2.22617,2,INH2O,!hist14!CP1016,2
2026-07-17 17:52:53.6,1TC,B21,DROOP ACTIVE,DROOP,STATE,NORMAL,RTN,5,,,,!hist14!CP1001,2
2026-07-17 17:53:48.6,1MELIM,ZDS5504,WET/DRY INTFC VLV  DM DEV,,HIDEV,HIGH DEVIATION ALARM,RTN,3,54.0273,57.5,%,!hist14!CP1017,2
2026-07-17 17:54:37.6,1DAS10,IACE3001,COND MAKE-UP      CATION CNDCT,,HIABS,HIGH,ALM,1,0.300117,0.3,US/CM,!WP1002!WP1006!WP1007!WP1001!WP1003!WP1014!hist14!CP1008,1
2026-07-17 17:54:49.6,1MELIM,ZDS5504,WET/DRY INTFC VLV  DM DEV,,LODEV,LOW DEVIATION ALARM,ALM,3,-1.23438,95,%,!hist14!CP1017,2
2026-07-17 17:58:05.3,1SCRA_IDSAV,SLPDI5416A,A IDMPR SCR SA PSG TO FG DUCT DP,,LOABS,SCR A IN DMPR SEAL DP LOW (SERV),ALM,5,1.99082,2,INH2O,!hist14!CP1016,2
2026-07-17 17:58:11.8,1SCRA_IDSAV,SLPDI5416A,A IDMPR SCR SA PSG TO FG DUCT DP,,LOABS,SCR A IN DMPR SEAL DP LOW (SERV),RTN,5,2.21191,2,INH2O,!hist14!CP1016,2
2026-07-17 17:58:47.3,1SCRA_IDSAV,SLPDI5416A,A IDMPR SCR SA PSG TO FG DUCT DP,,LOABS,SCR A IN DMPR SEAL DP LOW (SERV),ALM,5,1.99297,2,INH2O,!hist14!CP1016,2
2026-07-17 17:58:50.3,1SCRA_IDSAV,SLPDI5416A,A IDMPR SCR SA PSG TO FG DUCT DP,,LOABS,SCR A IN DMPR SEAL DP LOW (SERV),RTN,5,2.20801,2,INH2O,!hist14!CP1016,2
2026-07-17 17:59:49.6,1AR_LS,DEV_5803,LS SYS B,,STATE,VALVE 5803 DEVIATION,ALM,3,,,,!WP1001!WP1002!WP1003!WP1006!WP1007!WP1014!hist14!CP1017,1
2026-07-17 17:59:53.2,1STM_GSM_ALM,STM_ALM2,MARK VIE STEAM SEAL ALARM,,STA_5,STM SEAL DIV VLV TO CNDR OK,RTN,3,0,0,,!WP1001!WP1002!WP1003!WP1006!WP1007!WP1014!hist14!CP1011,1
